event_id,amount,event_type,bank,error_code,product_id,payment_method,intervention,recovery_probability,expected_recovery
E01367,24847.35,SUBSCRIPTION_FAILED,Bank_A,E42,P017,CARD,ALTERNATE_PAYMENT,0.8996436,22353.75940413773
E01905,24940.62,SUBSCRIPTION_FAILED,Bank_A,E42,P018,WALLET,ALTERNATE_PAYMENT,0.8803464,21956.385465409756
E00535,24847.38,SUBSCRIPTION_FAILED,Bank_A,E42,P003,CARD,ALTERNATE_PAYMENT,0.8829736,21939.580851305724
E01897,24445.27,SUBSCRIPTION_FAILED,Bank_A,E42,P014,UPI,ALTERNATE_PAYMENT,0.888539,21720.57615768731
E02425,23918.71,SUBSCRIPTION_FAILED,Bank_A,E42,P017,UPI,ALTERNATE_PAYMENT,0.9062776,21676.991020956633
E03726,23885.84,SUBSCRIPTION_FAILED,Bank_A,E42,P007,UPI,ALTERNATE_PAYMENT,0.9047228,21610.064279031754
E03576,24491.45,SUBSCRIPTION_FAILED,Bank_A,E42,P012,NETBANKING,ALTERNATE_PAYMENT,0.88233167,21609.581962826847
E02110,24067.86,SUBSCRIPTION_FAILED,Bank_A,E42,P004,UPI,ALTERNATE_PAYMENT,0.89555776,21554.158818290234
E02381,24113.11,SUBSCRIPTION_FAILED,Bank_A,E42,P016,CARD,ALTERNATE_PAYMENT,0.8938493,21553.486814041735
E04671,24241.74,SUBSCRIPTION_FAILED,Bank_A,E42,P014,WALLET,ALTERNATE_PAYMENT,0.88546413,21465.191263200046
E00690,23975.44,SUBSCRIPTION_FAILED,Bank_A,E42,P002,CARD,ALTERNATE_PAYMENT,0.89296246,21409.167780075073
E00907,23943.25,SUBSCRIPTION_FAILED,Bank_A,E42,P011,NETBANKING,ALTERNATE_PAYMENT,0.8937972,21400.41025902331
E01175,23851.65,SUBSCRIPTION_FAILED,Bank_A,E42,P002,NETBANKING,ALTERNATE_PAYMENT,0.89672965,21388.48171142042
E04287,23937.03,SUBSCRIPTION_FAILED,Bank_A,E42,P008,WALLET,ALTERNATE_PAYMENT,0.88566875,21200.279548387527
E02291,23253.37,SUBSCRIPTION_FAILED,Bank_A,E42,P007,CARD,ALTERNATE_PAYMENT,0.91146153,21194.55224705875
E03994,24398.19,SUBSCRIPTION_FAILED,Bank_A,E42,P002,UPI,ALTERNATE_PAYMENT,0.86643654,21139.48335222423
E00630,23253.32,SUBSCRIPTION_FAILED,Bank_A,E42,P009,NETBANKING,ALTERNATE_PAYMENT,0.90163565,20966.022218914033
E00709,23418.46,SUBSCRIPTION_FAILED,Bank_A,E42,P005,CARD,ALTERNATE_PAYMENT,0.8951433,20962.876874299047
E01212,23435.37,SUBSCRIPTION_FAILED,Bank_A,E42,P002,CARD,ALTERNATE_PAYMENT,0.8938722,20948.225773524642
E04396,23460.11,SUBSCRIPTION_FAILED,Bank_A,E42,P007,NETBANKING,ALTERNATE_PAYMENT,0.89153224,20915.444472860694
E02766,23462.26,SUBSCRIPTION_FAILED,Bank_A,E42,P013,NETBANKING,ALTERNATE_PAYMENT,0.88747895,20822.26181404352
E01412,23155.86,SUBSCRIPTION_FAILED,Bank_A,E42,P003,CARD,ALTERNATE_PAYMENT,0.8991846,20821.392355563643
E03983,24112.72,SUBSCRIPTION_FAILED,Bank_A,E42,P012,UPI,ALTERNATE_PAYMENT,0.86346847,20820.57340227604
E04738,23701.87,SUBSCRIPTION_FAILED,Bank_A,E42,P016,WALLET,ALTERNATE_PAYMENT,0.8715483,20657.324387310742
E04239,23991.75,SUBSCRIPTION_FAILED,Bank_A,E42,P012,WALLET,ALTERNATE_PAYMENT,0.85933477,20616.944892928004
E01939,22999.0,SUBSCRIPTION_FAILED,Bank_A,E42,P014,UPI,ALTERNATE_PAYMENT,0.8926503,20530.064392864704
E01241,22992.49,SUBSCRIPTION_FAILED,Bank_A,E42,P005,CARD,ALTERNATE_PAYMENT,0.8915096,20498.025391221643
E00320,24564.07,CHECKOUT_ABANDONED,Bank_A,E42,P020,UPI,ALTERNATE_PAYMENT,0.83007354,20389.984429753422
E02599,22506.5,SUBSCRIPTION_FAILED,Bank_A,E42,P001,UPI,ALTERNATE_PAYMENT,0.9013481,20286.191328048706
E01718,22645.4,SUBSCRIPTION_FAILED,Bank_A,E42,P008,UPI,ALTERNATE_PAYMENT,0.8939673,20244.2464353323
E02115,22515.69,SUBSCRIPTION_FAILED,Bank_A,E42,P004,UPI,ALTERNATE_PAYMENT,0.89672506,20190.383433669806
E04329,22388.53,SUBSCRIPTION_FAILED,Bank_A,E42,P019,CARD,ALTERNATE_PAYMENT,0.8971344,20085.52094909787
E04937,22399.52,SUBSCRIPTION_FAILED,Bank_A,E42,P018,NETBANKING,ALTERNATE_PAYMENT,0.8962699,20076.015942173006
E00695,23703.89,SUBSCRIPTION_FAILED,Bank_A,E42,P020,WALLET,ALTERNATE_PAYMENT,0.84129804,19942.036285740734
E02076,21909.67,SUBSCRIPTION_FAILED,Bank_A,E42,P009,UPI,ALTERNATE_PAYMENT,0.9047474,19822.717548180222
E03440,24191.35,SUBSCRIPTION_FAILED,Bank_D,E42,P001,CARD,ALTERNATE_PAYMENT,0.8186414,19804.041216814516
E01857,22053.51,SUBSCRIPTION_FAILED,Bank_A,E42,P004,CARD,ALTERNATE_PAYMENT,0.8976699,19796.772367419002
E02163,21916.52,SUBSCRIPTION_FAILED,Bank_A,E42,P004,UPI,ALTERNATE_PAYMENT,0.89647174,19647.540793180466
E03436,21988.22,SUBSCRIPTION_FAILED,Bank_A,E42,P019,NETBANKING,ALTERNATE_PAYMENT,0.88719934,19507.934321266413
E03794,24150.84,PAYMENT_FAILED,Bank_A,E42,P013,NETBANKING,ALTERNATE_PAYMENT,0.8068965,19487.228454988002
E04996,23857.99,SUBSCRIPTION_FAILED,Bank_C,E42,P007,WALLET,ALTERNATE_PAYMENT,0.8139411,19418.9991278255
E00692,24570.87,SUBSCRIPTION_FAILED,Bank_D,E42,P007,NETBANKING,ALTERNATE_PAYMENT,0.7877734,19356.277081983088
E00915,24108.52,SUBSCRIPTION_FAILED,Bank_C,E42,P007,CARD,ALTERNATE_PAYMENT,0.8022615,19341.336736874582
E00866,24876.71,PAYMENT_FAILED,Bank_A,E42,P010,WALLET,ALTERNATE_PAYMENT,0.776114,19307.162580771444
E02546,24789.95,SUBSCRIPTION_FAILED,Bank_C,E42,P018,CARD,ALTERNATE_PAYMENT,0.7788097,19306.654172959923
E03743,24817.51,SUBSCRIPTION_FAILED,Bank_D,E42,P015,WALLET,ALTERNATE_PAYMENT,0.77751577,19296.005372434855
E02705,22131.52,SUBSCRIPTION_FAILED,Bank_A,E42,P013,UPI,ALTERNATE_PAYMENT,0.87136006,19284.522673721312
E00137,24670.42,SUBSCRIPTION_FAILED,Bank_D,E42,P019,NETBANKING,ALTERNATE_PAYMENT,0.77843595,19204.341718850133
E03231,21894.32,SUBSCRIPTION_FAILED,Bank_A,E42,P005,WALLET,ALTERNATE_PAYMENT,0.87594885,19178.304345402717
E04338,24755.56,SUBSCRIPTION_FAILED,Bank_D,E42,P004,UPI,ALTERNATE_PAYMENT,0.7716146,19101.751803171635
E02714,24161.52,CHECKOUT_ABANDONED,Bank_A,E42,P009,NETBANKING,ALTERNATE_PAYMENT,0.78980845,19082.97271229267
E04801,23563.95,INVOICE_OVERDUE,Bank_A,E42,P001,NETBANKING,ALTERNATE_PAYMENT,0.8094669,19074.23752152622
E00924,24560.17,PAYMENT_FAILED,Bank_A,E42,P007,WALLET,ALTERNATE_PAYMENT,0.7766088,19073.644758867023
E03237,24650.55,PAYMENT_FAILED,Bank_A,E42,P010,UPI,ALTERNATE_PAYMENT,0.7723986,19040.050088399646
E04232,23916.87,SUBSCRIPTION_FAILED,Bank_C,E42,P009,NETBANKING,ALTERNATE_PAYMENT,0.7959911,19037.616203311085
E02537,23996.74,PAYMENT_FAILED,Bank_A,E42,P013,CARD,ALTERNATE_PAYMENT,0.79318935,19033.958525696995
E03247,24758.09,INVOICE_OVERDUE,Bank_A,E42,P020,CARD,ALTERNATE_PAYMENT,0.7686006,19029.082409859897
E02865,24443.35,PAYMENT_FAILED,Bank_A,E42,P004,CARD,ALTERNATE_PAYMENT,0.77833945,19025.223487386105
E01515,24162.04,INVOICE_OVERDUE,Bank_A,E42,P007,WALLET,ALTERNATE_PAYMENT,0.7836762,18935.215862166882
E03729,24438.06,INVOICE_OVERDUE,Bank_A,E42,P016,CARD,ALTERNATE_PAYMENT,0.77300316,18890.697627571823
E01861,24230.03,CHECKOUT_ABANDONED,Bank_A,E42,P011,CARD,ALTERNATE_PAYMENT,0.7794111,18885.153790142536
E04673,23841.69,SUBSCRIPTION_FAILED,Bank_C,E42,P005,WALLET,ALTERNATE_PAYMENT,0.79151773,18871.120456109045
E04515,24091.3,CHECKOUT_ABANDONED,Bank_A,E42,P013,WALLET,ALTERNATE_PAYMENT,0.78329515,18870.598557329176
E00808,21420.04,SUBSCRIPTION_FAILED,Bank_A,E42,P010,CARD,ALTERNATE_PAYMENT,0.88059735,18862.430524759293
E04363,24954.76,PAYMENT_FAILED,Bank_A,E17,P017,CARD,RETRY_PAYMENT,0.75322133,18796.457592566014
E03508,24810.79,PAYMENT_FAILED,Bank_A,E42,P008,CARD,ALTERNATE_PAYMENT,0.7574665,18793.342140401008
E01713,24277.52,PAYMENT_FAILED,Bank_A,E42,P003,NETBANKING,ALTERNATE_PAYMENT,0.77379346,18785.786175251007
E01420,21101.43,SUBSCRIPTION_FAILED,Bank_A,E42,P001,UPI,ALTERNATE_PAYMENT,0.88881797,18755.330091961026
E04166,24272.63,INVOICE_OVERDUE,Bank_A,E42,P004,WALLET,ALTERNATE_PAYMENT,0.7711736,18718.411370753052
E04205,21246.66,SUBSCRIPTION_FAILED,Bank_A,E42,P011,CARD,ALTERNATE_PAYMENT,0.8804423,18706.45865028262
E03837,24735.53,CHECKOUT_ABANDONED,Bank_A,E42,P007,WALLET,ALTERNATE_PAYMENT,0.75625736,18706.426497595905
E01871,21070.63,SUBSCRIPTION_FAILED,Bank_A,E42,P003,NETBANKING,ALTERNATE_PAYMENT,0.8877891,18706.275024787785
E02332,24744.48,SUBSCRIPTION_FAILED,Bank_C,E42,P018,CARD,ALTERNATE_PAYMENT,0.75537694,18691.409460697174
E00746,24097.19,INVOICE_OVERDUE,Bank_A,E42,P003,NETBANKING,ALTERNATE_PAYMENT,0.77525985,18681.583962880373
E03755,23265.09,PAYMENT_FAILED,Bank_A,E42,P009,UPI,ALTERNATE_PAYMENT,0.80292976,18680.233107408287
E03964,23910.17,PAYMENT_FAILED,Bank_A,E42,P009,WALLET,ALTERNATE_PAYMENT,0.7804995,18661.87615832865
E04142,24821.6,PAYMENT_FAILED,Bank_A,E42,P014,CARD,ALTERNATE_PAYMENT,0.7504693,18627.849446392058
E02760,23422.39,SUBSCRIPTION_FAILED,Bank_C,E42,P002,CARD,ALTERNATE_PAYMENT,0.7949373,18619.331761339305
E00855,24158.55,PAYMENT_FAILED,Bank_A,E42,P019,WALLET,ALTERNATE_PAYMENT,0.7698265,18597.891310438514
E02174,24481.04,INVOICE_OVERDUE,Bank_A,E42,P003,UPI,ALTERNATE_PAYMENT,0.75801253,18556.935145473482
E00072,23520.83,INVOICE_OVERDUE,Bank_A,E42,P013,CARD,ALTERNATE_PAYMENT,0.7885134,18546.490151870254
E02951,23853.88,SUBSCRIPTION_FAILED,Bank_B,E42,P006,NETBANKING,ALTERNATE_PAYMENT,0.77700067,18534.48063868523
E01714,24217.63,CHECKOUT_ABANDONED,Bank_A,E42,P003,CARD,ALTERNATE_PAYMENT,0.76457417,18516.174359344244
E03489,20972.38,SUBSCRIPTION_FAILED,Bank_A,E42,P002,NETBANKING,ALTERNATE_PAYMENT,0.8826418,18511.099071941375
E00715,23778.58,PAYMENT_FAILED,Bank_A,E42,P009,NETBANKING,ALTERNATE_PAYMENT,0.7774615,18486.931158971787
E02426,24272.72,INVOICE_OVERDUE,Bank_A,E42,P017,UPI,ALTERNATE_PAYMENT,0.76128757,18478.520026082995
E03242,23808.1,PAYMENT_FAILED,Bank_A,E42,P004,CARD,ALTERNATE_PAYMENT,0.7758999,18472.70210170746
E02663,23881.45,PAYMENT_FAILED,Bank_A,E42,P008,UPI,ALTERNATE_PAYMENT,0.77349114,18472.090085184576
E02588,20777.63,SUBSCRIPTION_FAILED,Bank_A,E42,P001,CARD,ALTERNATE_PAYMENT,0.8887083,18465.252098985315
E03650,23551.03,PAYMENT_FAILED,Bank_A,E42,P004,CARD,ALTERNATE_PAYMENT,0.7829227,18438.635645561815
E03586,20845.66,SUBSCRIPTION_FAILED,Bank_A,E42,P008,CARD,ALTERNATE_PAYMENT,0.8840977,18429.599964063167
E04057,24248.39,PAYMENT_FAILED,Bank_A,E42,P012,NETBANKING,ALTERNATE_PAYMENT,0.75920933,18409.604043090938
E01124,21263.79,SUBSCRIPTION_FAILED,Bank_A,E42,P020,CARD,ALTERNATE_PAYMENT,0.8638131,18367.940405393245
E01439,24586.41,PAYMENT_FAILED,Bank_A,E42,P001,UPI,ALTERNATE_PAYMENT,0.7470521,18367.328569897414
E01293,24610.69,PAYMENT_FAILED,Bank_B,E11,P010,UPI,RETRY_PAYMENT,0.7460523,18360.862488740084
E03966,24683.22,CHECKOUT_ABANDONED,Bank_A,E42,P017,UPI,ALTERNATE_PAYMENT,0.7437726,18358.703355638983
E00487,24634.12,CHECKOUT_ABANDONED,Bank_A,E42,P017,UPI,ALTERNATE_PAYMENT,0.7437726,18322.184119706155
E02334,24499.34,INVOICE_OVERDUE,Bank_A,E42,P001,WALLET,ALTERNATE_PAYMENT,0.74755955,18314.71552259445
E03370,23946.56,CHECKOUT_ABANDONED,Bank_A,E42,P011,WALLET,ALTERNATE_PAYMENT,0.76402426,18295.752727508545
E02225,24599.25,CHECKOUT_ABANDONED,Bank_A,E42,P001,NETBANKING,ALTERNATE_PAYMENT,0.7412457,18234.087966129184
E04362,24714.09,CHECKOUT_ABANDONED,Bank_A,E42,P009,CARD,ALTERNATE_PAYMENT,0.7373989,18224.14333516896
E02059,24980.33,PAYMENT_FAILED,Bank_B,E11,P007,NETBANKING,RETRY_PAYMENT,0.72603256,18136.53281722367
E01684,22418.95,SUBSCRIPTION_FAILED,Bank_C,E42,P001,WALLET,ALTERNATE_PAYMENT,0.80866617,18129.44642392695
E00578,24504.45,PAYMENT_FAILED,Bank_B,E11,P013,WALLET,RETRY_PAYMENT,0.73963034,18124.23472250104
E01474,24863.92,PAYMENT_FAILED,Bank_D,E11,P004,WALLET,RETRY_PAYMENT,0.72890025,18123.317597784993
E04022,24671.36,CHECKOUT_ABANDONED,Bank_A,E42,P014,WALLET,ALTERNATE_PAYMENT,0.734247,18114.872777137756
E02969,23756.88,CHECKOUT_ABANDONED,Bank_A,E42,P005,WALLET,ALTERNATE_PAYMENT,0.76232255,18110.405224084854
E02437,24582.36,PAYMENT_FAILED,Bank_A,E17,P017,UPI,RETRY_PAYMENT,0.7364582,18103.88016310215
E00739,22733.08,SUBSCRIPTION_FAILED,Bank_C,E42,P009,WALLET,ALTERNATE_PAYMENT,0.79612434,18098.35829079151
E01688,24312.53,PAYMENT_FAILED,Bank_A,E11,P020,UPI,RETRY_PAYMENT,0.7438874,18085.785324025153
E00009,24463.19,PAYMENT_FAILED,Bank_B,E23,P020,WALLET,RETRY_PAYMENT,0.7381562,18057.65535695195
E04893,23541.72,PAYMENT_FAILED,Bank_A,E42,P016,WALLET,ALTERNATE_PAYMENT,0.76578754,18027.95589010477
E02495,23806.81,CHECKOUT_ABANDONED,Bank_A,E42,P003,WALLET,ALTERNATE_PAYMENT,0.7563689,18006.730109026434
E03301,24963.33,PAYMENT_FAILED,Bank_D,E23,P004,UPI,RETRY_PAYMENT,0.7211597,18002.547488400938
E00806,20521.7,SUBSCRIPTION_FAILED,Bank_A,E42,P006,NETBANKING,ALTERNATE_PAYMENT,0.874861,17953.635024094583
E03848,22520.82,PAYMENT_FAILED,Bank_A,E42,P015,WALLET,ALTERNATE_PAYMENT,0.7963702,17934.91011366248
E01201,22836.42,PAYMENT_FAILED,Bank_A,E42,P001,CARD,ALTERNATE_PAYMENT,0.78444874,17914.000960571764
E03937,23871.04,PAYMENT_FAILED,Bank_A,E42,P002,WALLET,ALTERNATE_PAYMENT,0.74932367,17887.135206317904
E03682,23818.93,PAYMENT_FAILED,Bank_A,E42,P008,CARD,ALTERNATE_PAYMENT,0.7508967,17885.55575055361
E01197,23690.88,INVOICE_OVERDUE,Bank_A,E42,P008,WALLET,ALTERNATE_PAYMENT,0.75426567,17869.217381515504
E04468,24867.11,PAYMENT_FAILED,Bank_A,E42,P015,CARD,ALTERNATE_PAYMENT,0.71852064,17867.531825146674
E02344,22957.72,INVOICE_OVERDUE,Bank_A,E42,P015,NETBANKING,ALTERNATE_PAYMENT,0.77747846,17849.132710294725
E02974,22317.92,SUBSCRIPTION_FAILED,Bank_C,E42,P015,NETBANKING,ALTERNATE_PAYMENT,0.7996193,17845.839948482513
E00218,22864.8,PAYMENT_FAILED,Bank_A,E42,P011,WALLET,ALTERNATE_PAYMENT,0.78018117,17838.686404609678
E00551,23572.55,PAYMENT_FAILED,Bank_A,E42,P014,WALLET,ALTERNATE_PAYMENT,0.75666994,17836.639960303903
E03181,22848.11,PAYMENT_FAILED,Bank_A,E42,P011,WALLET,ALTERNATE_PAYMENT,0.78018117,17825.66518089056
E00067,24158.49,PAYMENT_FAILED,Bank_D,E11,P017,NETBANKING,RETRY_PAYMENT,0.7375683,17818.536855105758
E03883,24958.95,SUBSCRIPTION_FAILED,Bank_C,E42,P003,CARD,ALTERNATE_PAYMENT,0.7129666,17794.898243263364
E00680,23150.22,PAYMENT_FAILED,Bank_A,E42,P017,UPI,ALTERNATE_PAYMENT,0.7682116,17784.267619814873
E02889,23413.2,INVOICE_OVERDUE,Bank_A,E42,P016,WALLET,ALTERNATE_PAYMENT,0.7595516,17783.533163380624
E02712,23577.01,SUBSCRIPTION_FAILED,Bank_C,E42,P016,NETBANKING,ALTERNATE_PAYMENT,0.75400996,17777.300416104794
E02170,24481.32,PAYMENT_FAILED,Bank_D,E23,P004,UPI,RETRY_PAYMENT,0.7255525,17762.482912023068
E03620,23254.41,CHECKOUT_ABANDONED,Bank_A,E42,P017,CARD,ALTERNATE_PAYMENT,0.7637356,17760.22059645474
E03877,23083.01,CHECKOUT_ABANDONED,Bank_A,E42,P015,NETBANKING,ALTERNATE_PAYMENT,0.768792,17746.032814317343
E02200,24240.23,CHECKOUT_ABANDONED,Bank_B,E42,P020,WALLET,ALTERNATE_PAYMENT,0.73177165,17738.313053305745
E04523,24220.63,PAYMENT_FAILED,Bank_C,E11,P006,CARD,RETRY_PAYMENT,0.73147005,17716.665399046542
E02388,24648.73,CHECKOUT_ABANDONED,Bank_A,E42,P014,CARD,ALTERNATE_PAYMENT,0.7186744,17714.411768786907
E03929,23628.81,CHECKOUT_ABANDONED,Bank_A,E42,P018,WALLET,ALTERNATE_PAYMENT,0.7494085,17707.630669133665
E03112,22123.61,SUBSCRIPTION_FAILED,Bank_D,E42,P010,WALLET,ALTERNATE_PAYMENT,0.79970556,17692.3740343529
E00105,23800.37,CHECKOUT_ABANDONED,Bank_A,E42,P006,WALLET,ALTERNATE_PAYMENT,0.7433577,17692.188730538488
E04950,24194.43,PAYMENT_FAILED,Bank_D,E17,P008,CARD,RETRY_PAYMENT,0.73104155,17687.13362396121
E00489,24764.45,PAYMENT_FAILED,Bank_B,E23,P010,NETBANKING,RETRY_PAYMENT,0.7137607,17675.89052323401
E03528,23818.1,CHECKOUT_ABANDONED,Bank_A,E42,P006,NETBANKING,ALTERNATE_PAYMENT,0.741822,17668.790681052207
E00604,24648.81,PAYMENT_FAILED,Bank_A,E11,P008,CARD,RETRY_PAYMENT,0.7165832,17662.922957391143
E02657,22892.05,CHECKOUT_ABANDONED,Bank_A,E42,P009,WALLET,ALTERNATE_PAYMENT,0.7703343,17634.531389668584
E01266,24359.01,CHECKOUT_ABANDONED,Bank_A,E42,P020,CARD,ALTERNATE_PAYMENT,0.72383183,17631.82684396684
E04623,22632.59,SUBSCRIPTION_FAILED,Bank_C,E42,P010,NETBANKING,ALTERNATE_PAYMENT,0.77857953,17621.27135504663
E03198,20008.92,SUBSCRIPTION_FAILED,Bank_A,E42,P009,NETBANKING,ALTERNATE_PAYMENT,0.88038117,17615.4763387084
E01836,21652.43,SUBSCRIPTION_FAILED,Bank_B,E42,P001,WALLET,ALTERNATE_PAYMENT,0.81266457,17596.16268128574
E03705,20621.89,SUBSCRIPTION_FAILED,Bank_A,E42,P016,WALLET,ALTERNATE_PAYMENT,0.85169005,17563.45860644102
E03663,22629.43,PAYMENT_FAILED,Bank_A,E42,P016,CARD,ALTERNATE_PAYMENT,0.7760336,17561.197583120465
E00110,24547.18,CHECKOUT_ABANDONED,Bank_A,E42,P015,WALLET,ALTERNATE_PAYMENT,0.7147034,17543.952541526556
E03987,20464.91,SUBSCRIPTION_FAILED,Bank_A,E42,P012,CARD,ALTERNATE_PAYMENT,0.85678065,17533.938855799435
E02744,23455.54,PAYMENT_FAILED,Bank_A,E42,P015,UPI,ALTERNATE_PAYMENT,0.74749017,17532.785526165964
E03149,24700.55,CHECKOUT_ABANDONED,Bank_A,E42,P012,UPI,ALTERNATE_PAYMENT,0.7088455,17508.87362061143
E00649,22707.66,PAYMENT_FAILED,Bank_A,E42,P008,WALLET,ALTERNATE_PAYMENT,0.77082956,17503.73552947283
E02337,24870.69,SUBSCRIPTION_FAILED,Bank_B,E42,P015,CARD,ALTERNATE_PAYMENT,0.7036717,17500.800558321476
E03820,22705.41,INVOICE_OVERDUE,Bank_A,E42,P005,UPI,ALTERNATE_PAYMENT,0.77074414,17500.06181542933
E03222,24240.23,PAYMENT_FAILED,Bank_C,E11,P016,UPI,RETRY_PAYMENT,0.72171724,17494.591854416132
E01919,23871.81,CHECKOUT_ABANDONED,Bank_A,E42,P006,CARD,ALTERNATE_PAYMENT,0.7328514,17494.489046505692
E00464,22593.49,PAYMENT_FAILED,Bank_A,E42,P001,WALLET,ALTERNATE_PAYMENT,0.77427953,17493.67692708671
E03813,23592.56,CHECKOUT_ABANDONED,Bank_A,E42,P003,CARD,ALTERNATE_PAYMENT,0.74044126,17468.904917244912
E04481,24981.62,PAYMENT_FAILED,Bank_D,E23,P011,UPI,RETRY_PAYMENT,0.69884056,17458.169273756743
E01728,23144.16,INVOICE_OVERDUE,Bank_A,E42,P002,CARD,ALTERNATE_PAYMENT,0.7540156,17451.058256464003
E03297,23216.81,SUBSCRIPTION_FAILED,Bank_C,E42,P014,CARD,ALTERNATE_PAYMENT,0.75140977,17445.33784036875
E04836,20461.26,SUBSCRIPTION_FAILED,Bank_A,E42,P011,WALLET,ALTERNATE_PAYMENT,0.8523359,17439.86584883809
E03954,23854.42,CHECKOUT_ABANDONED,Bank_A,E42,P020,WALLET,ALTERNATE_PAYMENT,0.73041797,17423.696956610678
E01488,24956.56,INVOICE_OVERDUE,Bank_A,E42,P007,WALLET,ALTERNATE_PAYMENT,0.6979822,17419.23445456505
E02945,23887.61,CHECKOUT_ABANDONED,Bank_A,E42,P015,WALLET,ALTERNATE_PAYMENT,0.72860646,17404.66701916933
E00882,24991.57,PAYMENT_FAILED,Bank_A,E42,P010,WALLET,ALTERNATE_PAYMENT,0.6956434,17385.221350622178
E04734,23373.82,INVOICE_OVERDUE,Bank_A,E42,P011,WALLET,ALTERNATE_PAYMENT,0.7437748,17384.857634031774
E04741,22520.72,INVOICE_OVERDUE,Bank_A,E42,P015,NETBANKING,ALTERNATE_PAYMENT,0.77034956,17348.826791710853
E02313,24495.23,PAYMENT_FAILED,Bank_C,E23,P006,WALLET,RETRY_PAYMENT,0.7082026,17347.585585334302
E01972,24794.59,INVOICE_OVERDUE,Bank_A,E42,P006,NETBANKING,ALTERNATE_PAYMENT,0.699393,17341.16204855025
E03630,23144.24,PAYMENT_FAILED,Bank_A,E42,P010,CARD,ALTERNATE_PAYMENT,0.74797493,17311.311344676018
E04348,22841.53,CHECKOUT_ABANDONED,Bank_A,E42,P019,UPI,ALTERNATE_PAYMENT,0.7576645,17306.216444762347
E03023,23042.05,PAYMENT_FAILED,Bank_A,E42,P008,NETBANKING,ALTERNATE_PAYMENT,0.75036216,17289.88235863447
E03085,22147.35,SUBSCRIPTION_FAILED,Bank_D,E42,P014,NETBANKING,ALTERNATE_PAYMENT,0.78033984,17282.45949062705
E01425,24626.2,PAYMENT_FAILED,Bank_A,E17,P018,CARD,RETRY_PAYMENT,0.7017866,17282.33661979437
E01074,24735.28,PAYMENT_FAILED,Bank_B,E11,P016,WALLET,RETRY_PAYMENT,0.6985125,17277.90213654041
E01971,23091.29,PAYMENT_FAILED,Bank_A,E42,P002,CARD,ALTERNATE_PAYMENT,0.7478897,17269.737894179227
E02625,24273.36,CHECKOUT_ABANDONED,Bank_A,E42,P015,CARD,ALTERNATE_PAYMENT,0.71091205,17256.22408926487
E04273,24803.77,PAYMENT_FAILED,Bank_C,E11,P015,UPI,RETRY_PAYMENT,0.695558,17252.460939692854
E04490,22230.46,PAYMENT_FAILED,Bank_A,E42,P017,CARD,ALTERNATE_PAYMENT,0.77599025,17250.620162472725
E04606,22840.85,INVOICE_OVERDUE,Bank_A,E42,P016,CARD,ALTERNATE_PAYMENT,0.75516677,17248.650896346568
E02288,22414.38,PAYMENT_FAILED,Bank_A,E42,P009,NETBANKING,ALTERNATE_PAYMENT,0.7693452,17244.39619976163
E02525,19466.13,SUBSCRIPTION_FAILED,Bank_A,E42,P014,NETBANKING,ALTERNATE_PAYMENT,0.8854012,17235.334653598668
E03120,22131.43,SUBSCRIPTION_FAILED,Bank_B,E42,P003,UPI,ALTERNATE_PAYMENT,0.7775456,17208.195383638144
E00100,24551.79,CHECKOUT_ABANDONED,Bank_A,E42,P006,WALLET,ALTERNATE_PAYMENT,0.69989824,17183.75468228817
E00509,22051.92,PAYMENT_FAILED,Bank_A,E42,P004,NETBANKING,ALTERNATE_PAYMENT,0.7781614,17159.953083600998
E00931,22232.63,INVOICE_OVERDUE,Bank_A,E42,P015,WALLET,ALTERNATE_PAYMENT,0.7713623,17149.412716064453
E04533,22716.49,PAYMENT_FAILED,Bank_A,E42,P014,CARD,ALTERNATE_PAYMENT,0.7542197,17133.22451880157
E04715,22667.24,CHECKOUT_ABANDONED,Bank_A,E42,P004,UPI,ALTERNATE_PAYMENT,0.7557312,17130.34105288029
E03467,19394.67,SUBSCRIPTION_FAILED,Bank_A,E42,P019,UPI,ALTERNATE_PAYMENT,0.8832094,17129.554996052382
E02604,22483.65,PAYMENT_FAILED,Bank_A,E42,P013,WALLET,ALTERNATE_PAYMENT,0.7615878,17123.273507890106
E02072,22637.97,CHECKOUT_ABANDONED,Bank_A,E42,P011,NETBANKING,ALTERNATE_PAYMENT,0.7555286,17103.634433507323
E01328,18989.37,SUBSCRIPTION_FAILED,Bank_A,E42,P016,NETBANKING,ALTERNATE_PAYMENT,0.8988755,17069.078977367877
E02993,24584.06,INVOICE_OVERDUE,Bank_A,E42,P006,UPI,ALTERNATE_PAYMENT,0.6941526,17065.08901052952
E00940,22798.29,INVOICE_OVERDUE,Bank_A,E42,P013,NETBANKING,ALTERNATE_PAYMENT,0.7484158,17062.601081660985
E01445,19347.8,SUBSCRIPTION_FAILED,Bank_A,E42,P017,WALLET,ALTERNATE_PAYMENT,0.88148624,17054.81941717863
E03333,21947.77,INVOICE_OVERDUE,Bank_A,E42,P005,NETBANKING,ALTERNATE_PAYMENT,0.77674425,17047.80407062888
E00997,24049.95,PAYMENT_FAILED,Bank_C,E23,P010,UPI,RETRY_PAYMENT,0.70843846,17037.909446284175
E01719,22205.3,CHECKOUT_ABANDONED,Bank_A,E42,P017,NETBANKING,ALTERNATE_PAYMENT,0.76719666,17035.831889343262
E03472,22272.68,INVOICE_OVERDUE,Bank_A,E42,P020,NETBANKING,ALTERNATE_PAYMENT,0.76408887,17018.306872911453
E01028,24991.0,PAYMENT_FAILED,Bank_A,E23,P009,CARD,RETRY_PAYMENT,0.6805515,17007.663259506226
E03261,24914.26,SUBSCRIPTION_FAILED,Bank_D,E23,P020,NETBANKING,ALTERNATE_PAYMENT,0.68217003,16995.76157770395
E02647,18793.06,SUBSCRIPTION_FAILED,Bank_A,E42,P017,NETBANKING,ALTERNATE_PAYMENT,0.90418917,16992.481312013864
E02528,21889.37,PAYMENT_FAILED,Bank_A,E42,P004,UPI,ALTERNATE_PAYMENT,0.7762137,16990.828999629615
E00473,18875.55,SUBSCRIPTION_FAILED,Bank_A,E42,P001,NETBANKING,ALTERNATE_PAYMENT,0.898743,16964.267939195037
E00255,22630.43,SUBSCRIPTION_FAILED,Bank_D,E42,P016,NETBANKING,ALTERNATE_PAYMENT,0.74940944,16959.457809431555
E02350,22141.24,CHECKOUT_ABANDONED,Bank_A,E42,P017,UPI,ALTERNATE_PAYMENT,0.76547796,16948.631123921874
E02737,22130.32,INVOICE_OVERDUE,Bank_A,E42,P001,WALLET,ALTERNATE_PAYMENT,0.76582885,16948.03746892929
E04353,22341.84,SUBSCRIPTION_FAILED,Bank_D,E42,P012,UPI,ALTERNATE_PAYMENT,0.758264,16941.013081583977
E03165,19070.13,SUBSCRIPTION_FAILED,Bank_A,E42,P019,NETBANKING,ALTERNATE_PAYMENT,0.8882814,16939.641869400144
E01107,24764.46,SUBSCRIPTION_FAILED,Bank_D,E11,P020,UPI,ALTERNATE_PAYMENT,0.6839703,16938.154455531836
E03948,24913.39,CHECKOUT_ABANDONED,Bank_A,E42,P004,WALLET,ALTERNATE_PAYMENT,0.6795031,16928.725318688153
E02779,19479.78,SUBSCRIPTION_FAILED,Bank_A,E42,P013,NETBANKING,ALTERNATE_PAYMENT,0.8680565,16909.54918231845
E04278,22751.92,INVOICE_OVERDUE,Bank_A,E42,P013,CARD,ALTERNATE_PAYMENT,0.7431005,16906.96367283821
E04280,24682.89,PAYMENT_FAILED,Bank_B,E11,P016,NETBANKING,RETRY_PAYMENT,0.68432397,16891.093189560772
E01470,24571.65,PAYMENT_FAILED,Bank_A,E11,P003,UPI,RETRY_PAYMENT,0.68652344,16869.013623046874
E00327,22926.47,INVOICE_OVERDUE,Bank_A,E42,P012,CARD,ALTERNATE_PAYMENT,0.7347516,16845.26010551572
E00643,21760.55,SUBSCRIPTION_FAILED,Bank_D,E42,P014,WALLET,ALTERNATE_PAYMENT,0.7739233,16840.996183925865
E01516,23094.97,CHECKOUT_ABANDONED,Bank_A,E42,P014,UPI,ALTERNATE_PAYMENT,0.7286899,16829.07158722639
E04091,22048.49,CHECKOUT_ABANDONED,Bank_A,E42,P020,UPI,ALTERNATE_PAYMENT,0.76222223,16805.849225510956
E02310,22153.35,INVOICE_OVERDUE,Bank_A,E42,P003,NETBANKING,ALTERNATE_PAYMENT,0.7582875,16798.6081536144
E02905,19631.92,SUBSCRIPTION_FAILED,Bank_A,E42,P012,WALLET,ALTERNATE_PAYMENT,0.85560036,16797.07776168823
E03882,18802.17,SUBSCRIPTION_FAILED,Bank_A,E42,P006,CARD,ALTERNATE_PAYMENT,0.89327854,16795.574951028226
E03699,23964.81,PAYMENT_FAILED,Bank_B,E11,P014,UPI,RETRY_PAYMENT,0.7008391,16795.475926428437
E00131,21873.67,CHECKOUT_ABANDONED,Bank_A,E42,P009,WALLET,ALTERNATE_PAYMENT,0.76680243,16772.78331236243
E03432,22661.76,PAYMENT_FAILED,Bank_A,E42,P012,NETBANKING,ALTERNATE_PAYMENT,0.7399712,16769.050205726624
E01145,22427.72,CHECKOUT_ABANDONED,Bank_A,E42,P014,UPI,ALTERNATE_PAYMENT,0.7475532,16765.914512553216
E04923,22292.74,INVOICE_OVERDUE,Bank_A,E42,P007,NETBANKING,ALTERNATE_PAYMENT,0.7518384,16760.53766242862
E01055,22805.39,PAYMENT_FAILED,Bank_A,E42,P018,UPI,ALTERNATE_PAYMENT,0.7342691,16745.29279240906
E00943,22120.32,INVOICE_OVERDUE,Bank_A,E42,P020,UPI,ALTERNATE_PAYMENT,0.7569004,16742.879713668823
E04818,24748.23,PAYMENT_FAILED,Bank_B,E11,P015,UPI,RETRY_PAYMENT,0.67650443,16742.287307741044
E00475,19490.61,SUBSCRIPTION_FAILED,Bank_A,E42,P020,WALLET,ALTERNATE_PAYMENT,0.85873306,16737.231127113104
E03097,24369.18,CHECKOUT_ABANDONED,Bank_A,E42,P012,UPI,ALTERNATE_PAYMENT,0.6865607,16730.921045354604
E04984,18680.42,SUBSCRIPTION_FAILED,Bank_A,E42,P011,NETBANKING,ALTERNATE_PAYMENT,0.8950094,16719.151467187403
E04988,22513.65,INVOICE_OVERDUE,Bank_A,E42,P019,UPI,ALTERNATE_PAYMENT,0.74227995,16711.430924364926
E03393,21792.62,CHECKOUT_ABANDONED,Bank_A,E42,P005,WALLET,ALTERNATE_PAYMENT,0.76612085,16695.78058078885
E03059,18679.83,SUBSCRIPTION_FAILED,Bank_A,E42,P002,UPI,ALTERNATE_PAYMENT,0.892424,16670.328372341395
E00159,21478.03,PAYMENT_FAILED,Bank_A,E42,P001,UPI,ALTERNATE_PAYMENT,0.7761247,16669.629929802417
E02742,22636.6,CHECKOUT_ABANDONED,Bank_A,E42,P012,CARD,ALTERNATE_PAYMENT,0.73632634,16667.92475697994
E00713,24934.53,CHECKOUT_ABANDONED,Bank_B,E17,P001,CARD,SEND_REMINDER,0.6680001,16656.26858439803
E04805,22137.15,INVOICE_OVERDUE,Bank_A,E42,P017,WALLET,ALTERNATE_PAYMENT,0.7521634,16650.754235816003
E01396,21596.42,CHECKOUT_ABANDONED,Bank_A,E42,P002,UPI,ALTERNATE_PAYMENT,0.7709911,16650.6473302412
E02413,24253.36,PAYMENT_FAILED,Bank_A,E11,P006,UPI,RETRY_PAYMENT,0.68560994,16628.34461470604
E01765,24102.58,PAYMENT_FAILED,Bank_D,E11,P018,UPI,RETRY_PAYMENT,0.68880326,16601.935571347476
E01140,24153.56,PAYMENT_FAILED,Bank_C,E42,P013,NETBANKING,ALTERNATE_PAYMENT,0.6872731,16600.09169776678
E02692,18556.02,SUBSCRIPTION_FAILED,Bank_A,E42,P010,NETBANKING,ALTERNATE_PAYMENT,0.8933137,16576.346993347408
E02127,23546.44,PAYMENT_FAILED,Bank_D,E17,P017,WALLET,RETRY_PAYMENT,0.7037855,16571.64255576372
E02458,21079.07,PAYMENT_FAILED,Bank_A,E42,P015,NETBANKING,ALTERNATE_PAYMENT,0.7857998,16563.929018635154
E04190,21558.53,PAYMENT_FAILED,Bank_A,E42,P010,UPI,ALTERNATE_PAYMENT,0.7671971,16539.641103531718
E01746,24647.02,INVOICE_OVERDUE,Bank_A,E42,P006,UPI,ALTERNATE_PAYMENT,0.6704998,16525.822020912172
E02031,22548.44,INVOICE_OVERDUE,Bank_A,E42,P014,CARD,ALTERNATE_PAYMENT,0.7324123,16514.75432045221
E01735,21357.93,CHECKOUT_ABANDONED,Bank_A,E42,P004,UPI,ALTERNATE_PAYMENT,0.7730377,16510.484486854075
E02207,18602.07,SUBSCRIPTION_FAILED,Bank_A,E42,P005,UPI,ALTERNATE_PAYMENT,0.88723046,16504.32304632604
E03952,21280.17,SUBSCRIPTION_FAILED,Bank_B,E42,P001,UPI,ALTERNATE_PAYMENT,0.7739344,16469.456109943985
E01053,23625.01,PAYMENT_FAILED,Bank_A,E17,P005,UPI,RETRY_PAYMENT,0.6961203,16445.849562562107
E01581,21740.91,CHECKOUT_ABANDONED,Bank_A,E42,P003,UPI,ALTERNATE_PAYMENT,0.7563863,16444.526040015222
E00961,21030.18,SUBSCRIPTION_FAILED,Bank_C,E42,P007,WALLET,ALTERNATE_PAYMENT,0.781796,16441.310152101516
E01165,21887.05,SUBSCRIPTION_FAILED,Bank_D,E42,P020,WALLET,ALTERNATE_PAYMENT,0.75092804,16435.599652415513
E03458,21477.6,SUBSCRIPTION_FAILED,Bank_B,E42,P006,UPI,ALTERNATE_PAYMENT,0.76505655,16431.578569078443
E02145,21714.15,PAYMENT_FAILED,Bank_A,E42,P013,UPI,ALTERNATE_PAYMENT,0.7563872,16424.30455712378
E00170,21373.38,CHECKOUT_ABANDONED,Bank_A,E42,P009,UPI,ALTERNATE_PAYMENT,0.7670853,16395.205904202463
E04070,22049.46,PAYMENT_FAILED,Bank_A,E42,P018,UPI,ALTERNATE_PAYMENT,0.74329835,16389.327275301217
E04361,22496.95,INVOICE_OVERDUE,Bank_A,E42,P014,WALLET,ALTERNATE_PAYMENT,0.7275413,16367.46086717248
E03501,24668.39,INVOICE_OVERDUE,Bank_A,E11,P020,NETBANKING,SEND_REMINDER,0.663489,16367.205020679236
E02223,23052.29,INVOICE_OVERDUE,Bank_A,E42,P019,UPI,ALTERNATE_PAYMENT,0.7098819,16364.40346468568
E01498,22275.77,CHECKOUT_ABANDONED,Bank_A,E42,P015,CARD,ALTERNATE_PAYMENT,0.7337044,16343.830198233723
E00502,24831.7,PAYMENT_FAILED,Bank_D,E11,P009,NETBANKING,RETRY_PAYMENT,0.65794575,16337.911533510685
E02357,24428.33,PAYMENT_FAILED,Bank_B,E11,P007,NETBANKING,RETRY_PAYMENT,0.66871387,16335.563034880759
E04432,24889.62,SUBSCRIPTION_FAILED,Bank_D,E23,P001,WALLET,ALTERNATE_PAYMENT,0.6563051,16335.183913149833
E01464,24157.84,CHECKOUT_ABANDONED,Bank_A,E17,P004,NETBANKING,SEND_REMINDER,0.6751408,16309.943377776146
E03201,24235.93,CHECKOUT_ABANDONED,Bank_C,E11,P013,WALLET,SEND_REMINDER,0.67173284,16280.070159763694
E01355,22486.43,CHECKOUT_ABANDONED,Bank_A,E42,P006,CARD,ALTERNATE_PAYMENT,0.72379684,16275.607077674866
E00994,21916.96,CHECKOUT_ABANDONED,Bank_A,E42,P018,CARD,ALTERNATE_PAYMENT,0.7425938,16275.399155778885
E01768,23994.66,PAYMENT_FAILED,Bank_D,E17,P009,UPI,RETRY_PAYMENT,0.67792594,16266.602539336682
E04017,18397.75,SUBSCRIPTION_FAILED,Bank_A,E42,P004,UPI,ALTERNATE_PAYMENT,0.88217515,16230.037820532918
E00958,23178.26,PAYMENT_FAILED,Bank_D,E23,P005,UPI,RETRY_PAYMENT,0.69947517,16212.617334840297
E03170,22360.16,INVOICE_OVERDUE,Bank_A,E42,P018,UPI,ALTERNATE_PAYMENT,0.7249148,16209.210672874451
E02107,24072.09,PAYMENT_FAILED,Bank_D,E11,P012,UPI,RETRY_PAYMENT,0.67301685,16200.922092760205
E04731,21179.4,PAYMENT_FAILED,Bank_A,E42,P005,UPI,ALTERNATE_PAYMENT,0.7640981,16183.139464652539
E04084,21251.49,PAYMENT_FAILED,Bank_A,E42,P001,NETBANKING,ALTERNATE_PAYMENT,0.7612687,16178.093641031386
E01389,24262.27,PAYMENT_FAILED,Bank_A,E23,P018,UPI,RETRY_PAYMENT,0.66679084,16177.859466634989
E00187,21444.79,CHECKOUT_ABANDONED,Bank_A,E42,P003,WALLET,ALTERNATE_PAYMENT,0.7524229,16135.551699517966
E03649,23335.39,PAYMENT_FAILED,Bank_B,E23,P006,CARD,RETRY_PAYMENT,0.6909714,16124.086503067016
E02566,24209.26,SUBSCRIPTION_FAILED,Bank_B,E17,P011,CARD,ALTERNATE_PAYMENT,0.6657719,16117.84506671071
E02894,24155.37,PAYMENT_FAILED,Bank_A,E23,P013,CARD,RETRY_PAYMENT,0.66688776,16108.920595192909
E00142,21433.97,PAYMENT_FAILED,Bank_A,E42,P014,UPI,ALTERNATE_PAYMENT,0.75081366,16092.917528457047
E02257,18502.82,SUBSCRIPTION_FAILED,Bank_A,E42,P020,CARD,ALTERNATE_PAYMENT,0.8693429,16085.295625584125
E01303,20866.15,PAYMENT_FAILED,Bank_A,E42,P001,UPI,ALTERNATE_PAYMENT,0.770118,16069.397666537763
E01289,21585.87,PAYMENT_FAILED,Bank_A,E42,P014,CARD,ALTERNATE_PAYMENT,0.7438104,16055.79492861986
E03693,17934.46,SUBSCRIPTION_FAILED,Bank_A,E42,P001,NETBANKING,ALTERNATE_PAYMENT,0.89320636,16019.173698506354
E02054,20770.48,PAYMENT_FAILED,Bank_A,E42,P001,NETBANKING,ALTERNATE_PAYMENT,0.7709237,16012.45475455761
E04137,21931.04,PAYMENT_FAILED,Bank_A,E42,P018,UPI,ALTERNATE_PAYMENT,0.7290972,15989.859583368301
E01698,21284.09,PAYMENT_FAILED,Bank_A,E42,P010,UPI,ALTERNATE_PAYMENT,0.7503189,15969.854673837424
E02486,21725.9,INVOICE_OVERDUE,Bank_A,E42,P020,CARD,ALTERNATE_PAYMENT,0.73466116,15961.174937313795
E01353,18356.09,SUBSCRIPTION_FAILED,Bank_A,E42,P020,CARD,ALTERNATE_PAYMENT,0.8693429,15957.736938468219
E02273,23187.81,PAYMENT_FAILED,Bank_D,E23,P005,CARD,RETRY_PAYMENT,0.6881882,15957.577115203143
E01191,21052.92,CHECKOUT_ABANDONED,Bank_A,E42,P002,NETBANKING,ALTERNATE_PAYMENT,0.7575927,15949.538043994902
E01234,21137.89,PAYMENT_FAILED,Bank_A,E42,P017,CARD,ALTERNATE_PAYMENT,0.75450665,15948.67852095902
E01711,20850.53,PAYMENT_FAILED,Bank_A,E42,P019,UPI,ALTERNATE_PAYMENT,0.76488674,15948.29385370612
E02765,22235.07,PAYMENT_FAILED,Bank_A,E42,P018,CARD,ALTERNATE_PAYMENT,0.71714884,15945.854667322039
E00767,23500.11,PAYMENT_FAILED,Bank_B,E11,P014,UPI,RETRY_PAYMENT,0.6768163,15905.257139219642
E01309,24767.82,PAYMENT_FAILED,Bank_A,E23,P015,CARD,RETRY_PAYMENT,0.64217013,15905.154219099282
E03419,21848.76,INVOICE_OVERDUE,Bank_A,E42,P006,NETBANKING,ALTERNATE_PAYMENT,0.7269835,15883.687744667528
E01723,18208.7,SUBSCRIPTION_FAILED,Bank_A,E42,P011,WALLET,ALTERNATE_PAYMENT,0.87189746,15876.119262242319
E04074,22033.87,CHECKOUT_ABANDONED,Bank_A,E42,P014,WALLET,ALTERNATE_PAYMENT,0.7197898,15859.754947246909
E02396,24030.03,PAYMENT_FAILED,Bank_C,E11,P015,WALLET,RETRY_PAYMENT,0.6589105,15833.639392883777
E03843,20914.3,CHECKOUT_ABANDONED,Bank_A,E42,P009,CARD,ALTERNATE_PAYMENT,0.7566211,15824.201139378547
E00991,24118.26,PAYMENT_FAILED,Bank_B,E42,P020,CARD,ALTERNATE_PAYMENT,0.6560255,15822.194272835253
E02389,24438.74,SUBSCRIPTION_FAILED,Bank_A,E23,P017,UPI,ALTERNATE_PAYMENT,0.6463268,15795.412139258386
E03819,23943.42,PAYMENT_FAILED,Bank_D,E42,P007,NETBANKING,ALTERNATE_PAYMENT,0.65969634,15795.386554512976
E01054,17869.96,SUBSCRIPTION_FAILED,Bank_A,E42,P016,NETBANKING,ALTERNATE_PAYMENT,0.88380766,15793.6075166893
E04207,24508.13,PAYMENT_FAILED,Bank_C,E42,P004,CARD,ALTERNATE_PAYMENT,0.64422953,15788.861102648974
E01438,19864.7,SUBSCRIPTION_FAILED,Bank_B,E42,P007,CARD,ALTERNATE_PAYMENT,0.79477555,15787.977780622245
E03562,17816.37,SUBSCRIPTION_FAILED,Bank_A,E42,P001,UPI,ALTERNATE_PAYMENT,0.8860587,15786.34943004012
E04891,21380.98,CHECKOUT_ABANDONED,Bank_A,E42,P015,CARD,ALTERNATE_PAYMENT,0.73787284,15776.444412646293
E01914,20820.7,PAYMENT_FAILED,Bank_A,E42,P010,WALLET,ALTERNATE_PAYMENT,0.75757617,15773.266112405063
E02268,20704.17,CHECKOUT_ABANDONED,Bank_A,E42,P017,WALLET,ALTERNATE_PAYMENT,0.7617987,15772.40937294781
E02947,21525.3,INVOICE_OVERDUE,Bank_A,E42,P011,CARD,ALTERNATE_PAYMENT,0.7327105,15771.81290999651
E04943,24572.17,INVOICE_OVERDUE,Bank_D,E42,P012,WALLET,ALTERNATE_PAYMENT,0.6417275,15768.6373984915
E03865,21361.22,CHECKOUT_ABANDONED,Bank_A,E42,P006,WALLET,ALTERNATE_PAYMENT,0.7379882,15764.327741392852
E01277,23405.99,PAYMENT_FAILED,Bank_C,E17,P020,CARD,RETRY_PAYMENT,0.67303926,15753.150131270291
E01686,20878.64,CHECKOUT_ABANDONED,Bank_A,E42,P008,UPI,ALTERNATE_PAYMENT,0.7537301,15736.859796614646
E01584,20911.28,PAYMENT_FAILED,Bank_A,E42,P003,WALLET,ALTERNATE_PAYMENT,0.75179523,15721.00060520649
E02270,17449.3,SUBSCRIPTION_FAILED,Bank_A,E42,P002,NETBANKING,ALTERNATE_PAYMENT,0.9003795,15710.991641718148
E00432,21043.95,CHECKOUT_ABANDONED,Bank_A,E42,P008,CARD,ALTERNATE_PAYMENT,0.7462276,15703.57676666379
E04747,24330.11,PAYMENT_FAILED,Bank_B,E11,P006,WALLET,RETRY_PAYMENT,0.6450661,15694.52874394834
E01431,22877.48,PAYMENT_FAILED,Bank_B,E11,P020,WALLET,RETRY_PAYMENT,0.68533987,15678.84912494421
E00798,20779.36,PAYMENT_FAILED,Bank_A,E42,P012,WALLET,ALTERNATE_PAYMENT,0.7531394,15649.754237384797
E03128,24213.92,PAYMENT_FAILED,Bank_A,E17,P003,UPI,RETRY_PAYMENT,0.6446134,15608.6169401741
E04319,17949.39,SUBSCRIPTION_FAILED,Bank_A,E42,P013,UPI,ALTERNATE_PAYMENT,0.86950415,15607.069161892532
E04593,21287.82,CHECKOUT_ABANDONED,Bank_A,E42,P004,UPI,ALTERNATE_PAYMENT,0.7330742,15605.551365737914
E04066,23419.43,PAYMENT_FAILED,Bank_B,E11,P019,NETBANKING,RETRY_PAYMENT,0.6662174,15602.431453132034
E01901,24067.87,PAYMENT_FAILED,Bank_A,E23,P003,UPI,RETRY_PAYMENT,0.64776236,15590.26022777736
E02698,20608.12,PAYMENT_FAILED,Bank_A,E42,P008,NETBANKING,ALTERNATE_PAYMENT,0.7560097,15579.938575778007
E03757,22815.71,PAYMENT_FAILED,Bank_C,E23,P016,NETBANKING,RETRY_PAYMENT,0.68278784,15578.28924853146
E00656,23475.68,PAYMENT_FAILED,Bank_A,E11,P019,NETBANKING,RETRY_PAYMENT,0.66357446,15577.86161266327
E02317,20896.29,INVOICE_OVERDUE,Bank_A,E42,P019,NETBANKING,ALTERNATE_PAYMENT,0.745231,15572.562523918748
E03150,24025.9,PAYMENT_FAILED,Bank_C,E42,P009,UPI,ALTERNATE_PAYMENT,0.64801085,15569.043879878522
E02428,20887.66,CHECKOUT_ABANDONED,Bank_A,E42,P004,CARD,ALTERNATE_PAYMENT,0.7451212,15563.837887760401
E03365,23936.05,PAYMENT_FAILED,Bank_A,E11,P013,WALLET,RETRY_PAYMENT,0.6501132,15561.142658859491
E00410,23317.07,PAYMENT_FAILED,Bank_B,E23,P010,WALLET,RETRY_PAYMENT,0.66723907,15558.060100494624
E03537,23579.85,PAYMENT_FAILED,Bank_C,E17,P019,NETBANKING,RETRY_PAYMENT,0.65966874,15554.890024021266
E03908,24389.94,PAYMENT_FAILED,Bank_D,E17,P016,UPI,RETRY_PAYMENT,0.6377178,15553.89847530484
E00490,17164.15,SUBSCRIPTION_FAILED,Bank_A,E42,P002,CARD,ALTERNATE_PAYMENT,0.9047028,15528.454266494515
E00229,22109.29,SUBSCRIPTION_FAILED,Bank_A,E17,P002,CARD,ALTERNATE_PAYMENT,0.7021821,15524.747993987203
E04225,24952.21,SUBSCRIPTION_FAILED,Bank_D,E11,P016,WALLET,ALTERNATE_PAYMENT,0.6218186,15515.748341134191
E04542,22676.5,SUBSCRIPTION_FAILED,Bank_B,E11,P001,WALLET,ALTERNATE_PAYMENT,0.68390566,15508.586724072695
E04079,22140.38,SUBSCRIPTION_FAILED,Bank_A,E17,P017,NETBANKING,ALTERNATE_PAYMENT,0.70012486,15501.030443637372
E00984,20047.4,SUBSCRIPTION_FAILED,Bank_B,E42,P001,NETBANKING,ALTERNATE_PAYMENT,0.77240586,15484.729294061663
E02233,23774.76,PAYMENT_FAILED,Bank_B,E17,P020,CARD,RETRY_PAYMENT,0.6510824,15479.327717185019
E00346,24941.25,PAYMENT_FAILED,Bank_D,E42,P010,NETBANKING,ALTERNATE_PAYMENT,0.6203108,15471.32632613182
E04609,23845.39,PAYMENT_FAILED,Bank_A,E17,P008,UPI,RETRY_PAYMENT,0.648381,15460.897689516543
E02506,21522.57,INVOICE_OVERDUE,Bank_A,E42,P016,UPI,ALTERNATE_PAYMENT,0.7179229,15451.546428344249
E01271,21532.93,CHECKOUT_ABANDONED,Bank_A,E42,P012,NETBANKING,ALTERNATE_PAYMENT,0.71754986,15450.950917170643
E01606,23934.51,INVOICE_OVERDUE,Bank_B,E42,P009,UPI,ALTERNATE_PAYMENT,0.64548063,15449.262660126686
E03566,24107.92,PAYMENT_FAILED,Bank_A,E23,P013,WALLET,RETRY_PAYMENT,0.6402123,15434.186849689482
E01911,24332.69,PAYMENT_FAILED,Bank_A,E17,P007,NETBANKING,RETRY_PAYMENT,0.6340424,15427.956733914612
E04948,24105.75,INVOICE_OVERDUE,Bank_C,E42,P004,WALLET,ALTERNATE_PAYMENT,0.63909894,15405.959327861667
E01895,21192.11,CHECKOUT_ABANDONED,Bank_A,E42,P020,CARD,ALTERNATE_PAYMENT,0.72694457,15405.489201763869
E01264,24937.94,CHECKOUT_ABANDONED,Bank_A,E42,P012,CARD,ALTERNATE_PAYMENT,0.61763495,15402.54337658286
E00405,22943.83,PAYMENT_FAILED,Bank_B,E17,P020,CARD,RETRY_PAYMENT,0.6708091,15390.929726569058
E04504,23521.88,SUBSCRIPTION_FAILED,Bank_B,E23,P013,WALLET,ALTERNATE_PAYMENT,0.65430164,15390.404739189149
E03921,20302.83,SUBSCRIPTION_FAILED,Bank_B,E42,P005,CARD,ALTERNATE_PAYMENT,0.7579682,15388.899252812864
E04393,24195.31,SUBSCRIPTION_FAILED,Bank_D,E11,P014,WALLET,ALTERNATE_PAYMENT,0.6358143,15383.72431159854
E02666,23068.11,PAYMENT_FAILED,Bank_C,E17,P005,CARD,RETRY_PAYMENT,0.66686535,15383.323221673965
E02460,23982.35,SUBSCRIPTION_FAILED,Bank_C,E23,P016,WALLET,ALTERNATE_PAYMENT,0.640719,15365.947226306795
E03821,23712.98,SUBSCRIPTION_FAILED,Bank_A,E17,P008,UPI,ALTERNATE_PAYMENT,0.64790404,15363.735505192279
E04664,21098.41,INVOICE_OVERDUE,Bank_A,E42,P019,CARD,ALTERNATE_PAYMENT,0.7280603,15360.914822116494
E02152,20715.21,PAYMENT_FAILED,Bank_A,E42,P014,WALLET,ALTERNATE_PAYMENT,0.74119824,15354.07722866714
E03731,24775.63,CHECKOUT_ABANDONED,Bank_A,E23,P017,WALLET,SEND_REMINDER,0.6192868,15343.22001588583
E03402,22459.93,PAYMENT_FAILED,Bank_B,E17,P005,UPI,RETRY_PAYMENT,0.68279105,15335.439283054471
E04099,23472.47,PAYMENT_FAILED,Bank_A,E23,P006,NETBANKING,RETRY_PAYMENT,0.6529123,15325.464813469052
E00872,24162.47,INVOICE_OVERDUE,Bank_D,E11,P013,CARD,SEND_REMINDER,0.63395584,15317.938875828982
E04281,20687.19,INVOICE_OVERDUE,Bank_A,E42,P015,NETBANKING,ALTERNATE_PAYMENT,0.7400012,15308.545458340644
E00332,19883.15,SUBSCRIPTION_FAILED,Bank_B,E42,P010,UPI,ALTERNATE_PAYMENT,0.7696222,15302.513778907061
E02298,20122.94,SUBSCRIPTION_FAILED,Bank_D,E42,P005,UPI,ALTERNATE_PAYMENT,0.7604169,15301.824155822991
E01716,21058.3,INVOICE_OVERDUE,Bank_A,E42,P019,UPI,ALTERNATE_PAYMENT,0.72590315,15286.286375653743
E03635,23670.5,PAYMENT_FAILED,Bank_D,E23,P010,WALLET,RETRY_PAYMENT,0.64573354,15284.835647076368
E02538,23959.68,CHECKOUT_ABANDONED,Bank_C,E11,P004,CARD,SEND_REMINDER,0.63772976,15279.801071548462
E03514,17605.14,SUBSCRIPTION_FAILED,Bank_A,E42,P013,UPI,ALTERNATE_PAYMENT,0.8669054,15261.990779117345
E03082,17176.39,SUBSCRIPTION_FAILED,Bank_A,E42,P010,NETBANKING,ALTERNATE_PAYMENT,0.8879338,15251.497082962393
E03897,23337.56,PAYMENT_FAILED,Bank_B,E17,P020,NETBANKING,RETRY_PAYMENT,0.65334517,15247.482050435545
E02573,20623.85,PAYMENT_FAILED,Bank_A,E42,P016,UPI,ALTERNATE_PAYMENT,0.73913795,15243.870159772037
E02150,23623.62,INVOICE_OVERDUE,Bank_C,E42,P009,UPI,ALTERNATE_PAYMENT,0.64442277,15223.598627114296
E02509,24530.23,SUBSCRIPTION_FAILED,Bank_D,E11,P004,CARD,ALTERNATE_PAYMENT,0.62053955,15221.97778779149
E01670,24823.83,SUBSCRIPTION_FAILED,Bank_C,E23,P007,CARD,ALTERNATE_PAYMENT,0.6130448,15218.119857224823
E03805,24444.52,SUBSCRIPTION_FAILED,Bank_C,E23,P004,CARD,ALTERNATE_PAYMENT,0.62254274,15217.758432250022
E03052,23104.88,PAYMENT_FAILED,Bank_D,E23,P010,WALLET,RETRY_PAYMENT,0.6584329,15213.013163475991
E00531,23557.9,SUBSCRIPTION_FAILED,Bank_B,E17,P017,CARD,ALTERNATE_PAYMENT,0.6457526,15212.575382286312
E00553,20622.23,CHECKOUT_ABANDONED,Bank_A,E42,P017,UPI,ALTERNATE_PAYMENT,0.73766553,15212.308305622339
E03077,21159.84,PAYMENT_FAILED,Bank_A,E42,P018,UPI,ALTERNATE_PAYMENT,0.7188019,15209.733526754379
E00357,20297.36,PAYMENT_FAILED,Bank_A,E42,P017,WALLET,ALTERNATE_PAYMENT,0.7488184,15199.036589126586
E00344,20049.72,SUBSCRIPTION_FAILED,Bank_D,E42,P003,CARD,ALTERNATE_PAYMENT,0.7576616,15190.902554597855
E00263,24111.7,CHECKOUT_ABANDONED,Bank_B,E11,P016,WALLET,SEND_REMINDER,0.62998164,15189.928236877919
E04426,24668.94,INVOICE_OVERDUE,Bank_D,E23,P004,NETBANKING,SEND_REMINDER,0.6155533,15185.047904416322
E03269,23675.66,PAYMENT_FAILED,Bank_C,E17,P020,WALLET,RETRY_PAYMENT,0.64103353,15176.891910450458
E01988,24258.32,INVOICE_OVERDUE,Bank_B,E17,P004,WALLET,SEND_REMINDER,0.6254914,15173.370070056915
E01221,22264.81,PAYMENT_FAILED,Bank_B,E17,P020,UPI,RETRY_PAYMENT,0.6810411,15163.251172002554
E04450,19253.46,CHECKOUT_ABANDONED,Bank_A,E42,P003,WALLET,ALTERNATE_PAYMENT,0.787518,15162.446782922743
E03867,20522.35,INVOICE_OVERDUE,Bank_A,E42,P005,CARD,ALTERNATE_PAYMENT,0.7381222,15148.002640283106
E02916,22847.83,SUBSCRIPTION_FAILED,Bank_D,E23,P018,NETBANKING,ALTERNATE_PAYMENT,0.66298723,15147.819573664667
E00194,20140.14,CHECKOUT_ABANDONED,Bank_A,E42,P015,UPI,ALTERNATE_PAYMENT,0.7513234,15131.758500105143
E03060,20455.2,PAYMENT_FAILED,Bank_A,E42,P005,NETBANKING,ALTERNATE_PAYMENT,0.73960644,15128.797652864456
E03386,22483.33,PAYMENT_FAILED,Bank_D,E17,P005,CARD,RETRY_PAYMENT,0.67275757,15125.830365816952
E01512,23391.88,SUBSCRIPTION_FAILED,Bank_D,E23,P004,NETBANKING,ALTERNATE_PAYMENT,0.6461227,15114.024523687363
E00472,23406.59,PAYMENT_FAILED,Bank_D,E23,P012,CARD,RETRY_PAYMENT,0.64568245,15113.22447352767
E02840,20936.87,PAYMENT_FAILED,Bank_A,E42,P018,UPI,ALTERNATE_PAYMENT,0.721528,15106.537805019021
E03628,22152.41,PAYMENT_FAILED,Bank_C,E11,P020,WALLET,RETRY_PAYMENT,0.6818639,15104.928765593768
E02923,20749.11,INVOICE_OVERDUE,Bank_A,E42,P014,UPI,ALTERNATE_PAYMENT,0.7276362,15097.803928738833
E04200,17139.66,SUBSCRIPTION_FAILED,Bank_A,E42,P020,CARD,ALTERNATE_PAYMENT,0.88085604,15097.57298552513
E04217,21188.4,INVOICE_OVERDUE,Bank_A,E42,P004,CARD,ALTERNATE_PAYMENT,0.71208304,15087.900320076944
E00303,24152.21,INVOICE_OVERDUE,Bank_C,E23,P017,CARD,SEND_REMINDER,0.6246828,15087.469784497021
E00304,22188.99,PAYMENT_FAILED,Bank_D,E23,P006,WALLET,RETRY_PAYMENT,0.67983043,15084.750655971766
E03483,19995.27,CHECKOUT_ABANDONED,Bank_A,E42,P005,WALLET,ALTERNATE_PAYMENT,0.7544066,15084.563084682226
E03578,24647.31,CHECKOUT_ABANDONED,Bank_A,E23,P008,NETBANKING,SEND_REMINDER,0.61188966,15081.43414464891
E02190,23200.79,SUBSCRIPTION_FAILED,Bank_D,E17,P017,UPI,ALTERNATE_PAYMENT,0.6499733,15079.89341891885
E02128,23684.26,PAYMENT_FAILED,Bank_B,E11,P001,NETBANKING,RETRY_PAYMENT,0.63662106,15077.898658844231
E04966,22108.12,PAYMENT_FAILED,Bank_C,E17,P020,WALLET,RETRY_PAYMENT,0.68178993,15073.093689706326
E00444,24504.8,SUBSCRIPTION_FAILED,Bank_D,E11,P002,CARD,ALTERNATE_PAYMENT,0.61454713,15059.354595661163
E02636,24031.15,INVOICE_OVERDUE,Bank_C,E42,P010,UPI,ALTERNATE_PAYMENT,0.62620693,15048.472772857547
E03542,21094.65,CHECKOUT_ABANDONED,Bank_A,E42,P012,UPI,ALTERNATE_PAYMENT,0.7128063,15036.399087801577
E02724,24011.58,SUBSCRIPTION_FAILED,Bank_C,E17,P005,WALLET,ALTERNATE_PAYMENT,0.62616783,15035.279034837486
E04714,24810.23,PAYMENT_FAILED,Bank_C,E42,P014,WALLET,ALTERNATE_PAYMENT,0.6056507,15026.333736812472
E01654,23543.0,PAYMENT_FAILED,Bank_D,E42,P014,UPI,ALTERNATE_PAYMENT,0.63791513,15018.43600988388
E01132,23103.44,SUBSCRIPTION_FAILED,Bank_A,E11,P018,NETBANKING,ALTERNATE_PAYMENT,0.64987236,15014.287137303352
E04828,22187.03,SUBSCRIPTION_FAILED,Bank_A,E11,P010,WALLET,ALTERNATE_PAYMENT,0.676691,15013.763422175049
E03074,24461.69,INVOICE_OVERDUE,Bank_A,E17,P007,UPI,SEND_REMINDER,0.6135347,15008.095365331172
E00846,18837.08,SUBSCRIPTION_FAILED,Bank_B,E42,P005,WALLET,ALTERNATE_PAYMENT,0.79667187,15006.971699409487
E02585,24196.19,CHECKOUT_ABANDONED,Bank_A,E11,P009,CARD,SEND_REMINDER,0.6201905,15006.247203546762
E00066,16933.28,SUBSCRIPTION_FAILED,Bank_A,E42,P016,UPI,ALTERNATE_PAYMENT,0.8861787,15005.911588315963
E03087,24503.78,INVOICE_OVERDUE,Bank_D,E17,P004,WALLET,SEND_REMINDER,0.61232287,15004.22481989503
E04488,24357.23,CHECKOUT_ABANDONED,Bank_B,E17,P011,WALLET,SEND_REMINDER,0.6159818,15003.610798466205
E00325,23546.49,SUBSCRIPTION_FAILED,Bank_B,E17,P014,WALLET,ALTERNATE_PAYMENT,0.63697743,14998.582783634663
E02962,22198.73,PAYMENT_FAILED,Bank_C,E23,P010,WALLET,RETRY_PAYMENT,0.6749081,14982.102721313833
E02985,20706.44,INVOICE_OVERDUE,Bank_A,E42,P002,UPI,ALTERNATE_PAYMENT,0.7233802,14978.628874459266
E04797,19688.59,SUBSCRIPTION_FAILED,Bank_B,E42,P003,NETBANKING,ALTERNATE_PAYMENT,0.76065147,14976.15491057992
E04463,22163.33,SUBSCRIPTION_FAILED,Bank_A,E11,P012,UPI,ALTERNATE_PAYMENT,0.6756609,14974.8956770283
E02067,21230.96,INVOICE_OVERDUE,Bank_A,E42,P006,WALLET,ALTERNATE_PAYMENT,0.7051939,14971.942999505996
E03520,21839.59,PAYMENT_FAILED,Bank_D,E23,P005,UPI,RETRY_PAYMENT,0.68547183,14970.423783857226
E00005,21317.37,SUBSCRIPTION_FAILED,Bank_A,E11,P017,WALLET,ALTERNATE_PAYMENT,0.7022435,14969.984666864275
E03278,20134.24,PAYMENT_FAILED,Bank_A,E42,P012,NETBANKING,ALTERNATE_PAYMENT,0.74324447,14964.662520856858
E02408,20864.72,INVOICE_OVERDUE,Bank_A,E42,P013,WALLET,ALTERNATE_PAYMENT,0.71704924,14961.031641054155
E04120,22309.91,PAYMENT_FAILED,Bank_D,E23,P020,NETBANKING,RETRY_PAYMENT,0.6704901,14958.573476306796
E00029,22427.69,SUBSCRIPTION_FAILED,Bank_D,E17,P017,NETBANKING,ALTERNATE_PAYMENT,0.666966,14958.507160888314
E01821,22447.79,SUBSCRIPTION_FAILED,Bank_A,E11,P018,WALLET,ALTERNATE_PAYMENT,0.66632766,14957.583277712465
E04255,22214.02,SUBSCRIPTION_FAILED,Bank_B,E11,P018,WALLET,ALTERNATE_PAYMENT,0.6732384,14955.331207830906
E04370,19865.11,SUBSCRIPTION_FAILED,Bank_C,E42,P001,CARD,ALTERNATE_PAYMENT,0.7528012,14954.478246562481
E00305,20270.63,PAYMENT_FAILED,Bank_A,E42,P011,CARD,ALTERNATE_PAYMENT,0.7376573,14952.778368990423
E04575,23083.04,PAYMENT_FAILED,Bank_B,E11,P010,UPI,RETRY_PAYMENT,0.6471344,14937.829777393341
E04662,21012.44,INVOICE_OVERDUE,Bank_A,E42,P017,UPI,ALTERNATE_PAYMENT,0.7104974,14929.283552761077
E00870,23823.26,INVOICE_OVERDUE,Bank_D,E42,P002,CARD,ALTERNATE_PAYMENT,0.62660754,14927.834278333186
E03100,24589.69,PAYMENT_FAILED,Bank_C,E42,P005,WALLET,ALTERNATE_PAYMENT,0.60695374,14924.804313889741
E01480,19028.17,PAYMENT_FAILED,Bank_A,E42,P004,WALLET,ALTERNATE_PAYMENT,0.7843306,14924.376115934847
E03599,24878.38,CHECKOUT_ABANDONED,Bank_D,E23,P019,WALLET,SEND_REMINDER,0.59979326,14921.884527515174
E02156,22408.61,PAYMENT_FAILED,Bank_D,E17,P015,CARD,RETRY_PAYMENT,0.66558635,14914.864991096258
E03796,24630.9,PAYMENT_FAILED,Bank_D,E11,P003,NETBANKING,RETRY_PAYMENT,0.605355,14910.439068961145
E00204,22446.2,SUBSCRIPTION_FAILED,Bank_A,E17,P011,NETBANKING,ALTERNATE_PAYMENT,0.66407466,14905.952618646623
E03557,24185.81,INVOICE_OVERDUE,Bank_A,E11,P003,NETBANKING,SEND_REMINDER,0.6161279,14901.552524144054
E02341,23431.92,INVOICE_OVERDUE,Bank_B,E42,P006,UPI,ALTERNATE_PAYMENT,0.63564074,14894.282977666853
E02802,23982.59,PAYMENT_FAILED,Bank_B,E42,P009,CARD,ALTERNATE_PAYMENT,0.62103856,14894.11306511283
E03356,19600.68,PAYMENT_FAILED,Bank_A,E42,P014,UPI,ALTERNATE_PAYMENT,0.7595659,14888.007945578098
E00146,22919.76,PAYMENT_FAILED,Bank_C,E11,P016,UPI,RETRY_PAYMENT,0.6493411,14882.74231716156
E00962,18858.14,SUBSCRIPTION_FAILED,Bank_D,E42,P014,WALLET,ALTERNATE_PAYMENT,0.7890804,14880.588303570747
E00731,23615.84,CHECKOUT_ABANDONED,Bank_C,E42,P001,UPI,ALTERNATE_PAYMENT,0.6300573,14879.331804208756
E04919,20894.91,INVOICE_OVERDUE,Bank_A,E42,P018,WALLET,ALTERNATE_PAYMENT,0.7119986,14877.14628864169
E02841,22983.33,PAYMENT_FAILED,Bank_A,E17,P008,NETBANKING,RETRY_PAYMENT,0.6472257,14875.401341190935
E02821,21592.28,SUBSCRIPTION_FAILED,Bank_B,E23,P001,UPI,ALTERNATE_PAYMENT,0.68869007,14870.38874557972
E04769,23706.7,SUBSCRIPTION_FAILED,Bank_A,E17,P018,NETBANKING,ALTERNATE_PAYMENT,0.6269768,14863.550621122122
E04220,19612.62,PAYMENT_FAILED,Bank_A,E42,P016,NETBANKING,ALTERNATE_PAYMENT,0.75751144,14856.783958343267
E01858,23669.43,PAYMENT_FAILED,Bank_A,E17,P010,CARD,RETRY_PAYMENT,0.6273961,14850.108230280877
E03730,22659.59,PAYMENT_FAILED,Bank_C,E11,P016,UPI,RETRY_PAYMENT,0.6553019,14848.873026477098
E01198,24636.85,CHECKOUT_ABANDONED,Bank_C,E42,P002,CARD,ALTERNATE_PAYMENT,0.6026382,14847.106568714975
E02516,22612.79,PAYMENT_FAILED,Bank_C,E23,P006,UPI,RETRY_PAYMENT,0.656391,14842.832396928072
E01600,16979.79,SUBSCRIPTION_FAILED,Bank_A,E42,P019,WALLET,ALTERNATE_PAYMENT,0.87400115,14840.355908020736
E03840,23811.85,SUBSCRIPTION_FAILED,Bank_C,E11,P009,UPI,ALTERNATE_PAYMENT,0.6232073,14839.71805832088
E02764,24617.96,CHECKOUT_ABANDONED,Bank_C,E42,P002,CARD,ALTERNATE_PAYMENT,0.6026382,14835.722733399867
E01288,16597.01,SUBSCRIPTION_FAILED,Bank_A,E42,P007,CARD,ALTERNATE_PAYMENT,0.89370096,14832.763725289105
E01539,24129.72,SUBSCRIPTION_FAILED,Bank_D,E17,P020,CARD,ALTERNATE_PAYMENT,0.614318,14823.321649260522
E03655,17100.16,SUBSCRIPTION_FAILED,Bank_A,E42,P020,WALLET,ALTERNATE_PAYMENT,0.865721,14803.967398529052
E03584,18979.31,PAYMENT_FAILED,Bank_A,E42,P004,UPI,ALTERNATE_PAYMENT,0.77988684,14801.714134949447
E04245,22305.65,PAYMENT_FAILED,Bank_B,E17,P011,NETBANKING,RETRY_PAYMENT,0.66348726,14799.51450227797
E00503,22807.19,PAYMENT_FAILED,Bank_C,E11,P010,UPI,RETRY_PAYMENT,0.64883196,14798.033870509862
E02522,22447.71,SUBSCRIPTION_FAILED,Bank_B,E17,P017,NETBANKING,ALTERNATE_PAYMENT,0.6586964,14786.226057965754
E02908,24065.04,SUBSCRIPTION_FAILED,Bank_D,E17,P006,WALLET,ALTERNATE_PAYMENT,0.6142916,14782.95212621212
E00078,23531.5,PAYMENT_FAILED,Bank_D,E42,P020,NETBANKING,ALTERNATE_PAYMENT,0.6280696,14779.419312387705
E03068,20474.52,PAYMENT_FAILED,Bank_A,E42,P013,NETBANKING,ALTERNATE_PAYMENT,0.7213489,14769.272105784417
E03258,16467.94,SUBSCRIPTION_FAILED,Bank_A,E42,P002,UPI,ALTERNATE_PAYMENT,0.89675707,14767.74156157851
E03715,20879.75,INVOICE_OVERDUE,Bank_A,E42,P003,UPI,ALTERNATE_PAYMENT,0.7067999,14757.805720940232
E00163,19018.86,INVOICE_OVERDUE,Bank_A,E42,P009,NETBANKING,ALTERNATE_PAYMENT,0.7758723,14756.206463946104
E00750,22850.28,PAYMENT_FAILED,Bank_D,E11,P006,WALLET,RETRY_PAYMENT,0.6455435,14750.850085523129
E04502,22972.94,SUBSCRIPTION_FAILED,Bank_C,E17,P006,UPI,ALTERNATE_PAYMENT,0.641976,14748.076103675365
E01228,23244.03,SUBSCRIPTION_FAILED,Bank_B,E11,P015,UPI,ALTERNATE_PAYMENT,0.6344039,14746.102921362519
E01699,23166.53,INVOICE_OVERDUE,Bank_A,E11,P001,NETBANKING,SEND_REMINDER,0.63647753,14744.975793130992
E04492,24976.51,CHECKOUT_ABANDONED,Bank_A,E23,P017,UPI,SEND_REMINDER,0.59017944,14740.622768859863
E03066,21791.43,SUBSCRIPTION_FAILED,Bank_D,E11,P017,NETBANKING,ALTERNATE_PAYMENT,0.6764294,14740.363721898795
E00754,19738.21,PAYMENT_FAILED,Bank_A,E42,P013,UPI,ALTERNATE_PAYMENT,0.74677026,14739.908267287015
E04474,19973.76,INVOICE_OVERDUE,Bank_A,E42,P015,WALLET,ALTERNATE_PAYMENT,0.73791516,14738.940271682739
E01199,23384.26,CHECKOUT_ABANDONED,Bank_D,E42,P005,CARD,ALTERNATE_PAYMENT,0.63022375,14737.316053152083
E02090,21884.57,SUBSCRIPTION_FAILED,Bank_C,E17,P017,NETBANKING,ALTERNATE_PAYMENT,0.6733376,14735.703376299143
E02775,16703.14,SUBSCRIPTION_FAILED,Bank_A,E42,P012,UPI,ALTERNATE_PAYMENT,0.8820512,14733.025173125267
E01906,20218.79,CHECKOUT_ABANDONED,Bank_A,E42,P005,UPI,ALTERNATE_PAYMENT,0.72862923,14732.001418608428
E04128,22601.0,SUBSCRIPTION_FAILED,Bank_B,E11,P013,WALLET,ALTERNATE_PAYMENT,0.6514115,14722.55071824789
E04970,19376.83,PAYMENT_FAILED,Bank_A,E42,P011,UPI,ALTERNATE_PAYMENT,0.75968885,14720.36178106785
E00675,24593.13,INVOICE_OVERDUE,Bank_B,E11,P012,WALLET,SEND_REMINDER,0.5985036,14719.076585240364
E02384,19031.09,CHECKOUT_ABANDONED,Bank_A,E42,P005,NETBANKING,ALTERNATE_PAYMENT,0.7730191,14711.395595533848
E02376,22836.92,PAYMENT_FAILED,Bank_A,E23,P007,WALLET,RETRY_PAYMENT,0.64395386,14705.922780082225
E03530,22921.43,CHECKOUT_ABANDONED,Bank_D,E42,P013,WALLET,ALTERNATE_PAYMENT,0.6415365,14704.933386461735
E04530,22229.82,PAYMENT_FAILED,Bank_C,E17,P012,CARD,RETRY_PAYMENT,0.66080064,14689.479190045595
E02192,22341.99,PAYMENT_FAILED,Bank_C,E23,P015,NETBANKING,RETRY_PAYMENT,0.6574381,14688.475442063213
E01363,21920.85,SUBSCRIPTION_FAILED,Bank_D,E23,P006,UPI,ALTERNATE_PAYMENT,0.67002887,14687.602252730727
E03758,24399.98,CHECKOUT_ABANDONED,Bank_B,E42,P009,UPI,ALTERNATE_PAYMENT,0.60182977,14684.634283747673
E00249,22593.79,SUBSCRIPTION_FAILED,Bank_B,E11,P004,WALLET,ALTERNATE_PAYMENT,0.6496725,14678.564219942093
E00153,22859.79,SUBSCRIPTION_FAILED,Bank_D,E17,P014,WALLET,ALTERNATE_PAYMENT,0.6420716,14677.622049061061
E01332,23048.32,SUBSCRIPTION_FAILED,Bank_C,E23,P017,UPI,ALTERNATE_PAYMENT,0.6363762,14667.402346534729
E01842,23696.66,SUBSCRIPTION_FAILED,Bank_C,E23,P001,NETBANKING,ALTERNATE_PAYMENT,0.6189121,14666.149622352123
E02303,19514.96,PAYMENT_FAILED,Bank_A,E42,P008,UPI,ALTERNATE_PAYMENT,0.7511423,14658.512387986182
E00793,19550.18,CHECKOUT_ABANDONED,Bank_A,E42,P010,WALLET,ALTERNATE_PAYMENT,0.7497135,14657.033491665125
E02209,16328.09,SUBSCRIPTION_FAILED,Bank_A,E42,P007,UPI,ALTERNATE_PAYMENT,0.8974867,14654.243394346237
E03207,22197.23,PAYMENT_FAILED,Bank_C,E17,P016,NETBANKING,RETRY_PAYMENT,0.6600347,14650.942401906848
E02100,19688.71,PAYMENT_FAILED,Bank_A,E42,P002,UPI,ALTERNATE_PAYMENT,0.743276,14634.145614410638
E04090,22794.97,SUBSCRIPTION_FAILED,Bank_B,E11,P006,UPI,ALTERNATE_PAYMENT,0.6419654,14633.58178903103
E02628,18707.71,PAYMENT_FAILED,Bank_A,E42,P004,WALLET,ALTERNATE_PAYMENT,0.78210384,14631.371763810515
E01995,23704.39,PAYMENT_FAILED,Bank_B,E23,P008,NETBANKING,RETRY_PAYMENT,0.6171719,14629.68302548766
E04753,24058.61,PAYMENT_FAILED,Bank_B,E42,P019,NETBANKING,ALTERNATE_PAYMENT,0.60805553,14628.970902215839
E00370,24388.09,PAYMENT_FAILED,Bank_A,E23,P010,WALLET,RETRY_PAYMENT,0.5996489,14624.291167945266
E04356,22552.94,PAYMENT_FAILED,Bank_A,E23,P005,CARD,RETRY_PAYMENT,0.6483783,14622.8371810925
E00007,21838.54,SUBSCRIPTION_FAILED,Bank_D,E17,P001,WALLET,ALTERNATE_PAYMENT,0.6688391,14606.46937390089
E02105,16445.27,SUBSCRIPTION_FAILED,Bank_A,E42,P019,CARD,ALTERNATE_PAYMENT,0.8879105,14601.927666057349
E00759,19981.81,INVOICE_OVERDUE,Bank_A,E42,P014,CARD,ALTERNATE_PAYMENT,0.7306755,14600.219382572772
E03722,23935.91,INVOICE_OVERDUE,Bank_A,E23,P017,UPI,SEND_REMINDER,0.6096611,14592.793275032043
E00595,19628.55,PAYMENT_FAILED,Bank_A,E42,P020,CARD,ALTERNATE_PAYMENT,0.7434359,14592.569113478065
E01708,18567.76,PAYMENT_FAILED,Bank_A,E42,P015,WALLET,ALTERNATE_PAYMENT,0.785684,14588.391753339767
E03359,24629.24,PAYMENT_FAILED,Bank_B,E42,P008,CARD,ALTERNATE_PAYMENT,0.59214723,14584.136270146371
E04062,19333.01,CHECKOUT_ABANDONED,Bank_A,E42,P008,CARD,ALTERNATE_PAYMENT,0.7543327,14583.522042931912
E00633,18659.39,PAYMENT_FAILED,Bank_A,E42,P003,WALLET,ALTERNATE_PAYMENT,0.7814001,14580.448922635316
E00929,24147.39,INVOICE_OVERDUE,Bank_B,E17,P016,WALLET,SEND_REMINDER,0.6037498,14578.982164322733
E04912,23945.01,CHECKOUT_ABANDONED,Bank_D,E42,P009,CARD,ALTERNATE_PAYMENT,0.60840404,14568.240829900502
E02398,24300.24,CHECKOUT_ABANDONED,Bank_D,E23,P015,WALLET,SEND_REMINDER,0.5995083,14568.195220184327
E00471,19619.26,PAYMENT_FAILED,Bank_A,E42,P002,NETBANKING,ALTERNATE_PAYMENT,0.742527,14567.830428085326
E01633,20327.95,INVOICE_OVERDUE,Bank_A,E42,P008,CARD,ALTERNATE_PAYMENT,0.7165874,14566.75333135724
E01732,19030.5,SUBSCRIPTION_FAILED,Bank_C,E42,P018,NETBANKING,ALTERNATE_PAYMENT,0.7653041,14564.119457960129
E04977,20328.95,PAYMENT_FAILED,Bank_B,E17,P019,CARD,RETRY_PAYMENT,0.7164181,14564.027479526401
E01725,23859.83,SUBSCRIPTION_FAILED,Bank_C,E23,P013,NETBANKING,ALTERNATE_PAYMENT,0.61023086,14560.004654183986
E01449,24175.65,INVOICE_OVERDUE,Bank_C,E23,P018,UPI,SEND_REMINDER,0.6019988,14553.712434267998
E01063,20653.89,CHECKOUT_ABANDONED,Bank_A,E42,P012,CARD,ALTERNATE_PAYMENT,0.7045135,14550.94413010776
E03941,23638.21,PAYMENT_FAILED,Bank_A,E23,P020,NETBANKING,RETRY_PAYMENT,0.61530703,14544.756861996055
E02699,23265.24,INVOICE_OVERDUE,Bank_B,E17,P002,UPI,SEND_REMINDER,0.6251406,14544.046263906957
E02924,22067.48,SUBSCRIPTION_FAILED,Bank_D,E17,P014,CARD,ALTERNATE_PAYMENT,0.6589013,14540.290690476893
E03019,19045.78,CHECKOUT_ABANDONED,Bank_A,E42,P011,WALLET,ALTERNATE_PAYMENT,0.7633395,14538.396553716659
E01899,19082.17,PAYMENT_FAILED,Bank_A,E42,P013,WALLET,ALTERNATE_PAYMENT,0.7614488,14530.09545865476
E01463,22932.41,SUBSCRIPTION_FAILED,Bank_D,E17,P011,NETBANKING,ALTERNATE_PAYMENT,0.6335043,14527.779690955877
E02822,22876.92,SUBSCRIPTION_FAILED,Bank_D,E17,P019,NETBANKING,ALTERNATE_PAYMENT,0.63503903,14527.73712063074
E03938,23529.89,SUBSCRIPTION_FAILED,Bank_C,E11,P009,CARD,ALTERNATE_PAYMENT,0.6173952,14527.241664586663
E01673,19536.41,PAYMENT_FAILED,Bank_A,E42,P010,NETBANKING,ALTERNATE_PAYMENT,0.7434512,14524.36702983439
E04565,24052.67,INVOICE_OVERDUE,Bank_C,E23,P019,UPI,SEND_REMINDER,0.6037656,14522.17489963889
E01731,19662.2,PAYMENT_FAILED,Bank_A,E42,P001,CARD,ALTERNATE_PAYMENT,0.73831874,14516.97075561285
E04455,23549.2,CHECKOUT_ABANDONED,Bank_D,E42,P003,NETBANKING,ALTERNATE_PAYMENT,0.6161901,14510.78333477974
E04933,22449.35,PAYMENT_FAILED,Bank_B,E11,P003,CARD,RETRY_PAYMENT,0.64623773,14507.617005974053
E02109,22891.55,CHECKOUT_ABANDONED,Bank_C,E42,P001,NETBANKING,ALTERNATE_PAYMENT,0.63357246,14503.455628877879
E01818,18374.22,SUBSCRIPTION_FAILED,Bank_D,E42,P017,NETBANKING,ALTERNATE_PAYMENT,0.7892178,14501.262030909062
E04730,18785.81,PAYMENT_FAILED,Bank_A,E42,P012,CARD,ALTERNATE_PAYMENT,0.77162266,14495.556640672685
E04340,23933.48,CHECKOUT_ABANDONED,Bank_D,E23,P016,WALLET,SEND_REMINDER,0.6055979,14494.065545175075
E04811,20166.78,INVOICE_OVERDUE,Bank_A,E42,P017,NETBANKING,ALTERNATE_PAYMENT,0.7185043,14489.91834184885
E04095,24737.14,SUBSCRIPTION_FAILED,Bank_B,E23,P003,WALLET,ALTERNATE_PAYMENT,0.5855528,14484.901878502369
E04752,24456.41,INVOICE_OVERDUE,Bank_A,E17,P008,UPI,SEND_REMINDER,0.5919258,14476.38005062759
E00592,24467.69,INVOICE_OVERDUE,Bank_B,E23,P005,WALLET,SEND_REMINDER,0.5915513,14473.893922028541
E03969,21903.73,PAYMENT_FAILED,Bank_D,E23,P016,NETBANKING,RETRY_PAYMENT,0.6607796,14473.537846604586
E02874,23532.63,PAYMENT_FAILED,Bank_C,E42,P009,CARD,ALTERNATE_PAYMENT,0.6150122,14472.855218505263
E04592,16332.35,SUBSCRIPTION_FAILED,Bank_A,E42,P008,UPI,ALTERNATE_PAYMENT,0.8857619,14466.573639193177
E04292,20642.29,INVOICE_OVERDUE,Bank_A,E42,P004,UPI,ALTERNATE_PAYMENT,0.7002968,14455.730028211476
E00412,19114.89,PAYMENT_FAILED,Bank_A,E42,P001,UPI,ALTERNATE_PAYMENT,0.75624347,14455.51069124937
E00667,23369.43,CHECKOUT_ABANDONED,Bank_B,E11,P017,UPI,SEND_REMINDER,0.6174787,14430.12591736436
E03522,16407.58,SUBSCRIPTION_FAILED,Bank_A,E42,P009,WALLET,ALTERNATE_PAYMENT,0.8788265,14419.416088221074
E04427,18956.16,INVOICE_OVERDUE,Bank_A,E42,P002,CARD,ALTERNATE_PAYMENT,0.7605827,14417.72707901001
E03459,16273.05,SUBSCRIPTION_FAILED,Bank_A,E42,P019,CARD,ALTERNATE_PAYMENT,0.8858397,14415.313741457461
E02526,23464.3,CHECKOUT_ABANDONED,Bank_C,E42,P006,WALLET,ALTERNATE_PAYMENT,0.61430466,14414.228874719143
E04159,19578.4,PAYMENT_FAILED,Bank_A,E42,P019,UPI,ALTERNATE_PAYMENT,0.7361747,14413.122798252107
E00123,19369.24,CHECKOUT_ABANDONED,Bank_A,E42,P013,UPI,ALTERNATE_PAYMENT,0.743961,14409.958706412317
E00868,18759.09,PAYMENT_FAILED,Bank_A,E42,P019,WALLET,ALTERNATE_PAYMENT,0.76800317,14407.040506061912
E04826,23609.06,SUBSCRIPTION_FAILED,Bank_C,E17,P009,NETBANKING,ALTERNATE_PAYMENT,0.61016744,14405.479789594412
E03351,21588.01,SUBSCRIPTION_FAILED,Bank_D,E17,P009,NETBANKING,ALTERNATE_PAYMENT,0.6671265,14401.933051660655
E04636,24793.43,SUBSCRIPTION_FAILED,Bank_B,E11,P012,UPI,ALTERNATE_PAYMENT,0.5807069,14397.71573676765
E00569,22517.88,PAYMENT_FAILED,Bank_C,E11,P014,CARD,RETRY_PAYMENT,0.639243,14394.397315850258
E01845,22645.01,SUBSCRIPTION_FAILED,Bank_C,E17,P002,CARD,ALTERNATE_PAYMENT,0.63536054,14387.745758343339
E01645,22574.22,SUBSCRIPTION_FAILED,Bank_A,E23,P008,WALLET,ALTERNATE_PAYMENT,0.6370344,14380.555058841706
E01458,24641.34,SUBSCRIPTION_FAILED,Bank_C,E23,P013,CARD,ALTERNATE_PAYMENT,0.5834592,14377.2164857471
E01258,24180.4,CHECKOUT_ABANDONED,Bank_C,E11,P010,NETBANKING,SEND_REMINDER,0.5940654,14364.739669895172
E00430,22320.49,SUBSCRIPTION_FAILED,Bank_A,E23,P006,CARD,ALTERNATE_PAYMENT,0.64354956,14364.341551977397
E03638,23276.92,CHECKOUT_ABANDONED,Bank_D,E42,P010,CARD,ALTERNATE_PAYMENT,0.6170563,14363.170367481707
E04189,22752.41,INVOICE_OVERDUE,Bank_D,E42,P015,NETBANKING,ALTERNATE_PAYMENT,0.63080865,14352.417069275974
E01237,16569.42,SUBSCRIPTION_FAILED,Bank_A,E42,P013,NETBANKING,ALTERNATE_PAYMENT,0.8661582,14351.738793293236
E01084,24631.04,SUBSCRIPTION_FAILED,Bank_C,E23,P013,UPI,ALTERNATE_PAYMENT,0.5825593,14349.041113967896
E04391,19295.42,PAYMENT_FAILED,Bank_A,E42,P006,NETBANKING,ALTERNATE_PAYMENT,0.74341995,14344.6000797832
E01763,18891.36,PAYMENT_FAILED,Bank_A,E42,P001,CARD,ALTERNATE_PAYMENT,0.7591489,14341.355083036424
E04461,23898.85,CHECKOUT_ABANDONED,Bank_C,E23,P001,WALLET,SEND_REMINDER,0.5999054,14337.048491638898
E00815,21773.74,PAYMENT_FAILED,Bank_C,E11,P011,UPI,RETRY_PAYMENT,0.6584312,14336.509155099393
E02155,23506.52,CHECKOUT_ABANDONED,Bank_C,E23,P004,WALLET,SEND_REMINDER,0.60948443,14326.858040513993
E03160,19850.68,PAYMENT_FAILED,Bank_A,E42,P018,UPI,ALTERNATE_PAYMENT,0.72167844,14325.80769201517
E03134,23216.72,CHECKOUT_ABANDONED,Bank_C,E42,P004,CARD,ALTERNATE_PAYMENT,0.61701375,14325.035527024269
E02347,21390.26,PAYMENT_FAILED,Bank_D,E11,P005,CARD,RETRY_PAYMENT,0.6694923,14320.614457513093
E01635,18744.13,CHECKOUT_ABANDONED,Bank_A,E42,P005,CARD,ALTERNATE_PAYMENT,0.763958,14319.727640953064
E02243,19523.09,CHECKOUT_ABANDONED,Bank_A,E42,P007,NETBANKING,ALTERNATE_PAYMENT,0.73344547,14319.121834312082
E02406,21503.81,PAYMENT_FAILED,Bank_C,E23,P011,CARD,RETRY_PAYMENT,0.66572124,14315.543007593751
E02309,24042.26,INVOICE_OVERDUE,Bank_B,E17,P007,CARD,SEND_REMINDER,0.5949715,14304.458966308832
E03091,23876.68,SUBSCRIPTION_FAILED,Bank_D,E17,P010,CARD,ALTERNATE_PAYMENT,0.5990436,14303.17252737999
E00179,22609.69,SUBSCRIPTION_FAILED,Bank_D,E11,P006,UPI,ALTERNATE_PAYMENT,0.63257533,14302.332183454631
E00799,23609.47,SUBSCRIPTION_FAILED,Bank_C,E11,P015,WALLET,ALTERNATE_PAYMENT,0.60518634,14288.128814026119
E01141,23954.67,INVOICE_OVERDUE,Bank_C,E17,P001,WALLET,SEND_REMINDER,0.5964568,14287.92642968595
E03218,23408.94,SUBSCRIPTION_FAILED,Bank_C,E11,P007,NETBANKING,ALTERNATE_PAYMENT,0.61023545,14284.965097002982
E00362,16109.87,SUBSCRIPTION_FAILED,Bank_A,E42,P008,UPI,ALTERNATE_PAYMENT,0.8857879,14269.92798524201
E02117,24465.02,PAYMENT_FAILED,Bank_B,E42,P006,NETBANKING,ALTERNATE_PAYMENT,0.5831373,14266.465065979957
E04228,19020.09,PAYMENT_FAILED,Bank_A,E42,P006,NETBANKING,ALTERNATE_PAYMENT,0.7500697,14266.392778592706
E01018,16197.39,SUBSCRIPTION_FAILED,Bank_A,E42,P006,NETBANKING,ALTERNATE_PAYMENT,0.87956035,14246.582039705514
E00065,21081.63,PAYMENT_FAILED,Bank_B,E23,P020,CARD,RETRY_PAYMENT,0.6755616,14241.939838533997
E03636,22123.75,SUBSCRIPTION_FAILED,Bank_B,E17,P019,NETBANKING,ALTERNATE_PAYMENT,0.643572,14238.225434273481
E04346,22716.09,PAYMENT_FAILED,Bank_D,E11,P008,UPI,RETRY_PAYMENT,0.6265971,14233.836264011265
E02554,23536.99,CHECKOUT_ABANDONED,Bank_C,E42,P002,UPI,ALTERNATE_PAYMENT,0.60467196,14232.15776067257
E00498,23204.8,PAYMENT_FAILED,Bank_A,E17,P002,WALLET,RETRY_PAYMENT,0.61322975,14229.873739624023
E00908,24609.16,INVOICE_OVERDUE,Bank_A,E11,P014,WALLET,SEND_REMINDER,0.5782327,14229.821169173718
E03310,21544.02,PAYMENT_FAILED,Bank_D,E11,P001,CARD,RETRY_PAYMENT,0.660452,14228.791274721623
E01705,23451.61,CHECKOUT_ABANDONED,Bank_B,E42,P010,UPI,ALTERNATE_PAYMENT,0.6066948,14227.970250040293
E01137,18833.04,CHECKOUT_ABANDONED,Bank_A,E42,P019,NETBANKING,ALTERNATE_PAYMENT,0.75535405,14225.612977952958
E04320,24842.84,INVOICE_OVERDUE,Bank_A,E23,P001,WALLET,SEND_REMINDER,0.57259035,14224.770478038788
E01551,21640.22,SUBSCRIPTION_FAILED,Bank_D,E17,P007,UPI,ALTERNATE_PAYMENT,0.65718144,14221.550980120897
E02348,21436.2,PAYMENT_FAILED,Bank_A,E23,P011,NETBANKING,RETRY_PAYMENT,0.6634321,14221.46363811493
E03899,22238.01,PAYMENT_FAILED,Bank_D,E17,P016,WALLET,RETRY_PAYMENT,0.6392049,14214.645388292669
E01168,21886.06,SUBSCRIPTION_FAILED,Bank_B,E17,P019,UPI,ALTERNATE_PAYMENT,0.6494682,14214.299632554055
E00963,22689.62,PAYMENT_FAILED,Bank_A,E17,P001,NETBANKING,RETRY_PAYMENT,0.6261297,14206.644664946794
E02583,21805.53,SUBSCRIPTION_FAILED,Bank_A,E23,P010,WALLET,ALTERNATE_PAYMENT,0.6508116,14191.29214302957
E04451,18652.99,SUBSCRIPTION_FAILED,Bank_B,E42,P019,CARD,ALTERNATE_PAYMENT,0.7607611,14190.468858150842
E04829,24731.1,SUBSCRIPTION_FAILED,Bank_B,E17,P012,UPI,ALTERNATE_PAYMENT,0.57368153,14187.775369101762
E02917,23664.56,PAYMENT_FAILED,Bank_B,E23,P013,NETBANKING,RETRY_PAYMENT,0.59943813,14185.43961391926
E02415,23146.64,SUBSCRIPTION_FAILED,Bank_B,E11,P011,CARD,ALTERNATE_PAYMENT,0.612402,14175.049135842322
E02010,22361.43,SUBSCRIPTION_FAILED,Bank_A,E23,P001,CARD,ALTERNATE_PAYMENT,0.6337937,14172.533717776538
E04894,24391.07,INVOICE_OVERDUE,Bank_A,E23,P004,WALLET,SEND_REMINDER,0.5809653,14170.364825046063
E01148,23521.64,CHECKOUT_ABANDONED,Bank_B,E23,P007,NETBANKING,SEND_REMINDER,0.6022497,14165.900208933353
E02846,19703.87,PAYMENT_FAILED,Bank_A,E42,P018,UPI,ALTERNATE_PAYMENT,0.71845204,14156.28552608192
E00389,21770.92,SUBSCRIPTION_FAILED,Bank_B,E17,P005,UPI,ALTERNATE_PAYMENT,0.6499258,14149.483206887244
E01095,24287.24,PAYMENT_FAILED,Bank_C,E42,P015,CARD,ALTERNATE_PAYMENT,0.58257157,14149.055443165304
E02662,21959.84,PAYMENT_FAILED,Bank_D,E17,P002,CARD,RETRY_PAYMENT,0.64402884,14142.770335569381
E02224,18876.85,INVOICE_OVERDUE,Bank_A,E42,P020,UPI,ALTERNATE_PAYMENT,0.7490804,14140.278717601299
E03779,21777.62,PAYMENT_FAILED,Bank_D,E11,P018,NETBANKING,RETRY_PAYMENT,0.64929974,14140.203021051882
E00408,21066.44,PAYMENT_FAILED,Bank_D,E23,P016,UPI,RETRY_PAYMENT,0.6709794,14135.146862807273
E04310,24582.08,INVOICE_OVERDUE,Bank_C,E11,P008,NETBANKING,SEND_REMINDER,0.57483244,14130.57701248169
E02785,21446.96,PAYMENT_FAILED,Bank_C,E23,P017,NETBANKING,RETRY_PAYMENT,0.6587951,14129.152551059722
E04272,24442.31,CHECKOUT_ABANDONED,Bank_D,E23,P006,CARD,SEND_REMINDER,0.57801694,14128.069154003264
E00483,22677.29,PAYMENT_FAILED,Bank_D,E11,P009,CARD,RETRY_PAYMENT,0.62297136,14127.302099779248
E00185,24700.37,PAYMENT_FAILED,Bank_C,E42,P001,UPI,ALTERNATE_PAYMENT,0.5718731,14125.477864887118
E00533,21009.8,SUBSCRIPTION_FAILED,Bank_A,E11,P012,CARD,ALTERNATE_PAYMENT,0.6722306,14123.430487418174
E01019,23971.65,INVOICE_OVERDUE,Bank_B,E17,P016,CARD,SEND_REMINDER,0.5888202,14114.992203748227
E01222,15811.58,SUBSCRIPTION_FAILED,Bank_A,E42,P016,CARD,ALTERNATE_PAYMENT,0.89219594,14107.027481265068
E01158,21315.78,PAYMENT_FAILED,Bank_B,E23,P015,UPI,RETRY_PAYMENT,0.6615224,14100.865697450638
E04422,24904.9,INVOICE_OVERDUE,Bank_B,E42,P011,NETBANKING,SEND_REMINDER,0.56615186,14099.955392766
E03774,23163.72,PAYMENT_FAILED,Bank_C,E42,P001,UPI,ALTERNATE_PAYMENT,0.60856044,14096.523702979088
E02577,23547.43,PAYMENT_FAILED,Bank_B,E42,P008,UPI,ALTERNATE_PAYMENT,0.5986128,14095.7926598835
E00143,23624.18,CHECKOUT_ABANDONED,Bank_D,E42,P010,CARD,ALTERNATE_PAYMENT,0.59665924,14095.585357819797
E01120,24162.77,INVOICE_OVERDUE,Bank_D,E11,P006,WALLET,SEND_REMINDER,0.5831978,14091.673641499878
E03496,24446.39,INVOICE_OVERDUE,Bank_C,E17,P009,NETBANKING,SEND_REMINDER,0.57618934,14085.749298970102
E02193,22463.25,CHECKOUT_ABANDONED,Bank_D,E42,P002,CARD,ALTERNATE_PAYMENT,0.6268216,14080.449801877141
E04690,23265.73,CHECKOUT_ABANDONED,Bank_B,E42,P003,UPI,ALTERNATE_PAYMENT,0.60488534,14073.098995277882
E02997,23451.65,PAYMENT_FAILED,Bank_A,E23,P014,NETBANKING,RETRY_PAYMENT,0.6000817,14072.905582487583
E00983,19137.34,CHECKOUT_ABANDONED,Bank_A,E42,P006,UPI,ALTERNATE_PAYMENT,0.7352937,14071.565276297331
E01169,24643.76,SUBSCRIPTION_FAILED,Bank_A,E23,P015,WALLET,ALTERNATE_PAYMENT,0.570914,14069.466868920324
E02530,23015.56,CHECKOUT_ABANDONED,Bank_A,E17,P001,NETBANKING,SEND_REMINDER,0.6113,14069.411634845734
E00020,21320.98,SUBSCRIPTION_FAILED,Bank_A,E11,P013,WALLET,ALTERNATE_PAYMENT,0.65968806,14065.195837880372
E01157,15902.08,SUBSCRIPTION_FAILED,Bank_A,E42,P010,CARD,ALTERNATE_PAYMENT,0.88447905,14065.056545715332
E00470,21910.51,PAYMENT_FAILED,Bank_D,E11,P010,NETBANKING,RETRY_PAYMENT,0.64189357,14064.215389214158
E00423,21089.88,PAYMENT_FAILED,Bank_D,E11,P005,CARD,RETRY_PAYMENT,0.66678303,14062.374189999104
E04324,23796.66,SUBSCRIPTION_FAILED,Bank_D,E23,P002,CARD,ALTERNATE_PAYMENT,0.59089607,14061.352873209715
E01578,20763.73,PAYMENT_FAILED,Bank_B,E23,P015,UPI,RETRY_PAYMENT,0.67700917,14057.23551554501
E03944,22574.55,SUBSCRIPTION_FAILED,Bank_C,E17,P013,WALLET,ALTERNATE_PAYMENT,0.62240213,14050.448038950562
E01214,23365.86,INVOICE_OVERDUE,Bank_B,E23,P001,WALLET,SEND_REMINDER,0.60125566,14048.855465683937
E04744,20847.54,PAYMENT_FAILED,Bank_B,E23,P019,WALLET,RETRY_PAYMENT,0.67336154,14037.93163629055
E04710,24371.93,INVOICE_OVERDUE,Bank_B,E23,P019,NETBANKING,SEND_REMINDER,0.5753163,14021.568833445312
E03312,24932.15,INVOICE_OVERDUE,Bank_A,E23,P011,CARD,SEND_REMINDER,0.5623336,14020.185262131692
E03382,16027.19,SUBSCRIPTION_FAILED,Bank_A,E42,P010,WALLET,ALTERNATE_PAYMENT,0.87443507,14014.736964305639
E03173,24919.6,CHECKOUT_ABANDONED,Bank_C,E42,P019,NETBANKING,ALTERNATE_PAYMENT,0.561635,13995.719979476928
E01039,18557.56,CHECKOUT_ABANDONED,Bank_A,E42,P013,CARD,ALTERNATE_PAYMENT,0.753766,13988.057775986195
E02033,23515.68,INVOICE_OVERDUE,Bank_B,E23,P014,UPI,SEND_REMINDER,0.59473336,13985.559318637848
E03605,18823.74,INVOICE_OVERDUE,Bank_A,E42,P020,WALLET,ALTERNATE_PAYMENT,0.7429317,13984.75360269785
E02862,22232.58,CHECKOUT_ABANDONED,Bank_B,E42,P019,WALLET,ALTERNATE_PAYMENT,0.62896574,13983.531030328275
E02783,21620.81,PAYMENT_FAILED,Bank_A,E11,P018,NETBANKING,RETRY_PAYMENT,0.64675564,13983.380716728569
E04222,20840.5,PAYMENT_FAILED,Bank_B,E17,P008,NETBANKING,RETRY_PAYMENT,0.67084914,13980.831595093012
E03510,18187.36,PAYMENT_FAILED,Bank_A,E42,P015,UPI,ALTERNATE_PAYMENT,0.7682322,13972.116064624786
E00876,22203.84,CHECKOUT_ABANDONED,Bank_D,E42,P017,NETBANKING,ALTERNATE_PAYMENT,0.62915295,13969.611517810821
E04939,18606.21,CHECKOUT_ABANDONED,Bank_A,E42,P001,CARD,ALTERNATE_PAYMENT,0.7507756,13969.088023188113
E02688,20901.44,PAYMENT_FAILED,Bank_B,E17,P002,NETBANKING,RETRY_PAYMENT,0.6683222,13968.89647983551
E04516,23083.35,SUBSCRIPTION_FAILED,Bank_B,E23,P020,CARD,ALTERNATE_PAYMENT,0.6050789,13967.2474727422
E01920,22751.99,SUBSCRIPTION_FAILED,Bank_D,E23,P016,CARD,ALTERNATE_PAYMENT,0.61360157,13960.656679078342
E01106,22474.86,CHECKOUT_ABANDONED,Bank_B,E42,P002,WALLET,ALTERNATE_PAYMENT,0.62063,13948.572943081856
E01037,21664.23,PAYMENT_FAILED,Bank_D,E23,P019,WALLET,RETRY_PAYMENT,0.6438399,13948.295584167838
E03830,24402.08,SUBSCRIPTION_FAILED,Bank_A,E11,P001,UPI,ALTERNATE_PAYMENT,0.5715212,13946.306595373155
E04612,24858.23,SUBSCRIPTION_FAILED,Bank_A,E17,P006,CARD,ALTERNATE_PAYMENT,0.5610188,13945.93497567296
E00491,23243.6,CHECKOUT_ABANDONED,Bank_B,E11,P018,CARD,SEND_REMINDER,0.59993225,13944.585324215888
E00203,21559.72,PAYMENT_FAILED,Bank_A,E11,P018,NETBANKING,RETRY_PAYMENT,0.64675564,13943.870414941312
E00555,23820.89,CHECKOUT_ABANDONED,Bank_B,E42,P020,UPI,ALTERNATE_PAYMENT,0.5851445,13938.66324039936
E01720,23306.07,INVOICE_OVERDUE,Bank_A,E11,P003,NETBANKING,SEND_REMINDER,0.5975326,13926.13591213882
E00673,22685.22,SUBSCRIPTION_FAILED,Bank_D,E17,P005,CARD,ALTERNATE_PAYMENT,0.61352175,13917.875981100799
E04133,15503.61,SUBSCRIPTION_FAILED,Bank_A,E42,P002,CARD,ALTERNATE_PAYMENT,0.8973378,13911.975201147796
E03241,20882.48,PAYMENT_FAILED,Bank_D,E11,P018,NETBANKING,RETRY_PAYMENT,0.66552484,13897.809168214797
E01432,23402.55,CHECKOUT_ABANDONED,Bank_D,E23,P017,WALLET,SEND_REMINDER,0.59384173,13897.410814645886
E04766,22053.68,SUBSCRIPTION_FAILED,Bank_A,E11,P019,CARD,ALTERNATE_PAYMENT,0.6300994,13896.010883779525
E04550,19441.52,INVOICE_OVERDUE,Bank_A,E42,P016,UPI,ALTERNATE_PAYMENT,0.71467847,13894.435696530343
E02703,15740.78,SUBSCRIPTION_FAILED,Bank_A,E42,P018,UPI,ALTERNATE_PAYMENT,0.8826054,13892.897016738654
E02693,21077.66,PAYMENT_FAILED,Bank_C,E17,P020,WALLET,RETRY_PAYMENT,0.659116,13892.623575396537
E03492,20620.96,PAYMENT_FAILED,Bank_B,E11,P005,WALLET,RETRY_PAYMENT,0.67370105,13892.36236064911
E01938,21351.09,PAYMENT_FAILED,Bank_D,E23,P015,CARD,RETRY_PAYMENT,0.65056723,13890.319554843307
E02935,21729.8,SUBSCRIPTION_FAILED,Bank_B,E17,P007,NETBANKING,ALTERNATE_PAYMENT,0.6392249,13890.228947234153
E02615,24561.6,INVOICE_OVERDUE,Bank_B,E23,P006,UPI,SEND_REMINDER,0.56531465,13885.032320594786
E03919,22756.42,CHECKOUT_ABANDONED,Bank_B,E11,P018,WALLET,SEND_REMINDER,0.61011606,13884.057413612603
E03195,24924.18,INVOICE_OVERDUE,Bank_B,E17,P009,CARD,SEND_REMINDER,0.5570229,13883.339751298428
E01896,17881.12,PAYMENT_FAILED,Bank_A,E42,P009,UPI,ALTERNATE_PAYMENT,0.7760571,13876.7705635643
E00265,23739.93,CHECKOUT_ABANDONED,Bank_A,E11,P013,NETBANKING,SEND_REMINDER,0.5844783,13875.474372248054
E04627,22323.09,PAYMENT_FAILED,Bank_C,E42,P015,NETBANKING,ALTERNATE_PAYMENT,0.6215538,13875.000940607786
E04131,15554.91,SUBSCRIPTION_FAILED,Bank_A,E42,P017,NETBANKING,ALTERNATE_PAYMENT,0.8918073,13871.982564690114
E04401,19408.86,INVOICE_OVERDUE,Bank_A,E42,P010,UPI,ALTERNATE_PAYMENT,0.714651,13870.560986187458
E03456,20865.21,PAYMENT_FAILED,Bank_C,E17,P008,NETBANKING,RETRY_PAYMENT,0.6646988,13869.079622742533
E00735,21189.34,SUBSCRIPTION_FAILED,Bank_B,E11,P013,WALLET,ALTERNATE_PAYMENT,0.6543993,13866.28875025034
E04397,22613.97,SUBSCRIPTION_FAILED,Bank_C,E23,P018,CARD,ALTERNATE_PAYMENT,0.61309296,13864.465780389906
E02195,15714.9,SUBSCRIPTION_FAILED,Bank_A,E42,P012,NETBANKING,ALTERNATE_PAYMENT,0.8821051,13862.193625760077
E02146,21550.4,SUBSCRIPTION_FAILED,Bank_B,E17,P013,UPI,ALTERNATE_PAYMENT,0.64286494,13853.996657943726
E04964,24750.88,SUBSCRIPTION_FAILED,Bank_A,E11,P006,WALLET,ALTERNATE_PAYMENT,0.5593861,13845.29760468483
E00276,21262.14,SUBSCRIPTION_FAILED,Bank_C,E11,P002,CARD,ALTERNATE_PAYMENT,0.6509625,13840.85521360159
E00330,16118.98,SUBSCRIPTION_FAILED,Bank_A,E42,P004,WALLET,ALTERNATE_PAYMENT,0.8580953,13831.620789825916
E03657,15629.3,SUBSCRIPTION_FAILED,Bank_A,E42,P011,NETBANKING,ALTERNATE_PAYMENT,0.8849567,13831.25402468443
E00572,24335.57,PAYMENT_FAILED,Bank_C,E23,P002,WALLET,RETRY_PAYMENT,0.5681742,13826.842611561417
E02351,23693.2,PAYMENT_FAILED,Bank_A,E17,P012,UPI,RETRY_PAYMENT,0.583448,13823.74998304844
E04045,18014.85,SUBSCRIPTION_FAILED,Bank_D,E42,P010,UPI,ALTERNATE_PAYMENT,0.7671205,13819.560388809441
E02795,24873.87,INVOICE_OVERDUE,Bank_B,E11,P017,WALLET,ALTERNATE_PAYMENT,0.55555093,13818.70168294072
E02650,21771.27,CHECKOUT_ABANDONED,Bank_B,E11,P002,CARD,SEND_REMINDER,0.634139,13806.011416345238
E04525,22287.67,PAYMENT_FAILED,Bank_B,E17,P009,WALLET,RETRY_PAYMENT,0.6189933,13795.918008522985
E01655,15714.52,SUBSCRIPTION_FAILED,Bank_A,E42,P014,NETBANKING,ALTERNATE_PAYMENT,0.8774938,13789.393850061893
E00482,20670.86,PAYMENT_FAILED,Bank_B,E17,P005,NETBANKING,RETRY_PAYMENT,0.66701335,13787.739517046213
E01944,20753.75,PAYMENT_FAILED,Bank_B,E17,P001,UPI,RETRY_PAYMENT,0.66425407,13785.762891322374
E04917,24581.29,CHECKOUT_ABANDONED,Bank_B,E23,P005,CARD,SEND_REMINDER,0.5606622,13781.800375747085
E04926,21806.15,PAYMENT_FAILED,Bank_D,E11,P012,WALLET,RETRY_PAYMENT,0.6319861,13781.183293285967
E03879,18142.85,CHECKOUT_ABANDONED,Bank_A,E42,P003,UPI,ALTERNATE_PAYMENT,0.7592574,13775.092687681316
E04399,23698.55,SUBSCRIPTION_FAILED,Bank_D,E17,P003,CARD,ALTERNATE_PAYMENT,0.581172,13772.933450365066
E03629,24915.3,CHECKOUT_ABANDONED,Bank_D,E23,P009,CARD,SEND_REMINDER,0.5525335,13766.538095605372
E00993,18833.98,INVOICE_OVERDUE,Bank_A,E42,P011,CARD,ALTERNATE_PAYMENT,0.7309352,13766.41923849821
E04696,23886.92,SUBSCRIPTION_FAILED,Bank_A,E17,P020,WALLET,ALTERNATE_PAYMENT,0.57587945,13755.986461977958
E03504,15453.84,SUBSCRIPTION_FAILED,Bank_A,E42,P018,NETBANKING,ALTERNATE_PAYMENT,0.88999104,13753.779210834504
E00231,18283.77,CHECKOUT_ABANDONED,Bank_A,E42,P001,WALLET,ALTERNATE_PAYMENT,0.7518788,13747.179010654092
E03835,17697.37,PAYMENT_FAILED,Bank_A,E42,P009,NETBANKING,ALTERNATE_PAYMENT,0.7766447,13744.568733472823
E03469,15545.97,SUBSCRIPTION_FAILED,Bank_A,E42,P007,WALLET,ALTERNATE_PAYMENT,0.8841035,13744.246130356192
E02355,17891.11,SUBSCRIPTION_FAILED,Bank_C,E42,P010,NETBANKING,ALTERNATE_PAYMENT,0.76809245,13742.026575376392
E04009,17850.48,CHECKOUT_ABANDONED,Bank_A,E42,P009,WALLET,ALTERNATE_PAYMENT,0.76976526,13740.67933968544
E02957,21079.43,SUBSCRIPTION_FAILED,Bank_C,E23,P011,CARD,ALTERNATE_PAYMENT,0.65175617,13738.648508025408
E03332,24577.44,PAYMENT_FAILED,Bank_C,E42,P003,UPI,ALTERNATE_PAYMENT,0.5588367,13734.775427970886
E02307,17538.64,CHECKOUT_ABANDONED,Bank_A,E42,P020,NETBANKING,ALTERNATE_PAYMENT,0.78289926,13730.988286542892
E03685,23835.74,CHECKOUT_ABANDONED,Bank_B,E17,P014,WALLET,SEND_REMINDER,0.5756718,13721.563160169126
E01414,24083.72,INVOICE_OVERDUE,Bank_B,E17,P018,WALLET,SEND_REMINDER,0.5696993,13720.478122291566
E02287,17961.17,SUBSCRIPTION_FAILED,Bank_B,E42,P006,WALLET,ALTERNATE_PAYMENT,0.7638365,13719.39728310704
E02851,22626.68,SUBSCRIPTION_FAILED,Bank_D,E17,P012,WALLET,ALTERNATE_PAYMENT,0.6063304,13719.243816165925
E01324,22599.38,PAYMENT_FAILED,Bank_B,E42,P014,CARD,ALTERNATE_PAYMENT,0.60683095,13714.003337676526
E00397,15632.82,SUBSCRIPTION_FAILED,Bank_A,E42,P002,WALLET,ALTERNATE_PAYMENT,0.87628657,13698.830158721208
E01717,15533.14,SUBSCRIPTION_FAILED,Bank_A,E42,P006,NETBANKING,ALTERNATE_PAYMENT,0.88179016,13696.970023498534
E00829,18204.19,PAYMENT_FAILED,Bank_A,E42,P013,WALLET,ALTERNATE_PAYMENT,0.7522011,13693.211384391783
E01850,20945.22,SUBSCRIPTION_FAILED,Bank_A,E23,P010,UPI,ALTERNATE_PAYMENT,0.6537376,13692.677950998546
E03642,20866.48,PAYMENT_FAILED,Bank_B,E17,P016,UPI,RETRY_PAYMENT,0.6561946,13692.472066349983
E02572,23133.48,CHECKOUT_ABANDONED,Bank_C,E17,P016,NETBANKING,SEND_REMINDER,0.59163743,13686.632713730334
E03243,22773.34,CHECKOUT_ABANDONED,Bank_B,E17,P006,UPI,SEND_REMINDER,0.60079527,13682.114931612015
E02798,21809.42,CHECKOUT_ABANDONED,Bank_B,E23,P004,CARD,SEND_REMINDER,0.6271348,13677.4462488842
E02850,15791.44,SUBSCRIPTION_FAILED,Bank_A,E42,P019,WALLET,ALTERNATE_PAYMENT,0.8660737,13676.551305093766
E00087,18141.93,CHECKOUT_ABANDONED,Bank_A,E42,P010,WALLET,ALTERNATE_PAYMENT,0.7537888,13675.184167774916
E01963,21356.62,SUBSCRIPTION_FAILED,Bank_B,E11,P003,CARD,ALTERNATE_PAYMENT,0.6400341,13668.964624035358
E02512,21074.95,PAYMENT_FAILED,Bank_C,E11,P020,NETBANKING,RETRY_PAYMENT,0.64857805,13668.74992747903
E03276,20039.98,SUBSCRIPTION_FAILED,Bank_B,E11,P001,UPI,ALTERNATE_PAYMENT,0.681676,13660.7728163898
E01820,18202.44,PAYMENT_FAILED,Bank_A,E42,P010,UPI,ALTERNATE_PAYMENT,0.7504343,13659.734945483207
E01666,21700.71,CHECKOUT_ABANDONED,Bank_D,E42,P002,UPI,ALTERNATE_PAYMENT,0.6293152,13656.586598841548
E01873,20825.32,PAYMENT_FAILED,Bank_D,E23,P010,UPI,RETRY_PAYMENT,0.6557523,13656.251513562202
E03081,23893.25,CHECKOUT_ABANDONED,Bank_C,E11,P006,WALLET,SEND_REMINDER,0.5711814,13647.380380064249
E01504,18094.65,PAYMENT_FAILED,Bank_A,E42,P017,WALLET,ALTERNATE_PAYMENT,0.7541114,13645.382010251285
E01204,20820.67,SUBSCRIPTION_FAILED,Bank_D,E11,P012,CARD,ALTERNATE_PAYMENT,0.6552603,13642.95898005247
E00986,22129.49,PAYMENT_FAILED,Bank_C,E42,P019,NETBANKING,ALTERNATE_PAYMENT,0.6164484,13641.68875653267
E02103,15573.24,SUBSCRIPTION_FAILED,Bank_A,E42,P009,WALLET,ALTERNATE_PAYMENT,0.87586826,13640.106634762287
E00912,18617.69,INVOICE_OVERDUE,Bank_A,E42,P010,NETBANKING,ALTERNATE_PAYMENT,0.7323816,13635.253260228634
E04033,21927.98,PAYMENT_FAILED,Bank_B,E42,P005,UPI,ALTERNATE_PAYMENT,0.6213918,13625.866375417709
E03870,18024.36,PAYMENT_FAILED,Bank_A,E42,P007,WALLET,ALTERNATE_PAYMENT,0.75558853,13618.99970352173
E02576,20870.72,PAYMENT_FAILED,Bank_D,E11,P007,WALLET,RETRY_PAYMENT,0.65234333,13614.875042057038
E03871,22881.14,INVOICE_OVERDUE,Bank_B,E42,P002,WALLET,ALTERNATE_PAYMENT,0.59480995,13609.929725569486
E02603,18457.77,INVOICE_OVERDUE,Bank_A,E42,P020,UPI,ALTERNATE_PAYMENT,0.73724335,13607.868268076778
E04171,21184.22,SUBSCRIPTION_FAILED,Bank_D,E23,P008,NETBANKING,ALTERNATE_PAYMENT,0.64234245,13607.523738739492
E01997,15272.33,SUBSCRIPTION_FAILED,Bank_A,E42,P015,UPI,ALTERNATE_PAYMENT,0.89088976,13605.962466865778
E00784,23218.74,CHECKOUT_ABANDONED,Bank_C,E11,P013,NETBANKING,SEND_REMINDER,0.5858239,13602.092670056822
E04223,18904.93,PAYMENT_FAILED,Bank_A,E42,P018,CARD,ALTERNATE_PAYMENT,0.71921724,13596.751592313647
E03596,23898.58,CHECKOUT_ABANDONED,Bank_A,E11,P014,WALLET,SEND_REMINDER,0.5687793,13593.017357774974
E03101,19108.67,INVOICE_OVERDUE,Bank_A,E42,P013,UPI,ALTERNATE_PAYMENT,0.7112903,13591.811614845394
E04821,23794.32,CHECKOUT_ABANDONED,Bank_C,E11,P007,UPI,SEND_REMINDER,0.5710351,13587.39159389019
E04366,24446.58,SUBSCRIPTION_FAILED,Bank_A,E17,P015,NETBANKING,ALTERNATE_PAYMENT,0.5557424,13586.000625479222
E00352,23488.76,CHECKOUT_ABANDONED,Bank_A,E17,P008,UPI,SEND_REMINDER,0.57833683,13584.415114302634
E01926,19555.1,SUBSCRIPTION_FAILED,Bank_B,E11,P017,CARD,ALTERNATE_PAYMENT,0.69463164,13583.591107934712
E00608,21423.02,SUBSCRIPTION_FAILED,Bank_A,E11,P020,WALLET,ALTERNATE_PAYMENT,0.6335529,13572.616638367177
E02882,23134.16,CHECKOUT_ABANDONED,Bank_C,E42,P010,UPI,ALTERNATE_PAYMENT,0.58657116,13569.830996928215
E02255,21667.63,PAYMENT_FAILED,Bank_C,E17,P012,WALLET,RETRY_PAYMENT,0.625979,13563.481496068836
E04010,21950.31,SUBSCRIPTION_FAILED,Bank_C,E11,P017,WALLET,ALTERNATE_PAYMENT,0.6175082,13554.495824639798
E00945,18666.14,INVOICE_OVERDUE,Bank_A,E42,P007,CARD,ALTERNATE_PAYMENT,0.7260142,13551.882640813588
E04196,18503.35,CHECKOUT_ABANDONED,Bank_A,E42,P014,NETBANKING,ALTERNATE_PAYMENT,0.7318388,13541.469873803853
E01790,22048.74,INVOICE_OVERDUE,Bank_B,E11,P017,WALLET,SEND_REMINDER,0.61401594,13538.277747495176
E00711,24667.83,INVOICE_OVERDUE,Bank_D,E17,P016,CARD,SEND_REMINDER,0.54856205,13531.83539053917
E04411,22076.9,PAYMENT_FAILED,Bank_D,E42,P001,NETBANKING,ALTERNATE_PAYMENT,0.61287516,13530.383698290587
E03039,21720.6,INVOICE_OVERDUE,Bank_B,E17,P002,CARD,SEND_REMINDER,0.622582,13522.854988324641
E03350,19986.49,SUBSCRIPTION_FAILED,Bank_A,E17,P007,CARD,ALTERNATE_PAYMENT,0.676574,13522.339320881369
E01402,23351.76,INVOICE_OVERDUE,Bank_C,E23,P001,WALLET,SEND_REMINDER,0.57885283,13517.232415595054
E02220,18181.59,CHECKOUT_ABANDONED,Bank_A,E42,P004,UPI,ALTERNATE_PAYMENT,0.7433607,13515.479437206388
E00860,18579.75,SUBSCRIPTION_FAILED,Bank_A,E11,P003,CARD,ALTERNATE_PAYMENT,0.72731537,13513.337676420808
E00527,22825.93,INVOICE_OVERDUE,Bank_A,E11,P001,WALLET,SEND_REMINDER,0.5920056,13513.078624104262
E04103,20988.83,SUBSCRIPTION_FAILED,Bank_D,E11,P016,CARD,ALTERNATE_PAYMENT,0.64378166,13512.223860569002
E01360,15315.96,SUBSCRIPTION_FAILED,Bank_A,E42,P012,NETBANKING,ALTERNATE_PAYMENT,0.8822004,13511.74634321451
E03990,20283.71,SUBSCRIPTION_FAILED,Bank_A,E17,P011,CARD,ALTERNATE_PAYMENT,0.66612273,13511.44037195146
E04056,18907.87,INVOICE_OVERDUE,Bank_A,E42,P010,WALLET,ALTERNATE_PAYMENT,0.71449876,13509.649637401104
E01540,20600.68,SUBSCRIPTION_FAILED,Bank_A,E17,P017,WALLET,ALTERNATE_PAYMENT,0.6556087,13505.985314638614
E04121,18896.02,INVOICE_OVERDUE,Bank_A,E42,P010,WALLET,ALTERNATE_PAYMENT,0.71449876,13501.182827115059
E01260,19371.08,INVOICE_OVERDUE,Bank_A,E42,P017,WALLET,ALTERNATE_PAYMENT,0.6968219,13498.193313512804
E00900,21367.27,INVOICE_OVERDUE,Bank_D,E42,P013,NETBANKING,ALTERNATE_PAYMENT,0.631557,13494.648677906991
E02559,22263.5,SUBSCRIPTION_FAILED,Bank_C,E17,P011,UPI,ALTERNATE_PAYMENT,0.6060366,13492.495920926332
E01403,20304.83,PAYMENT_FAILED,Bank_B,E11,P020,WALLET,RETRY_PAYMENT,0.66440314,13490.592820230127
E04652,18716.41,PAYMENT_FAILED,Bank_A,E42,P018,WALLET,ALTERNATE_PAYMENT,0.7198299,13472.631855977774
E04564,18927.34,INVOICE_OVERDUE,Bank_A,E42,P013,UPI,ALTERNATE_PAYMENT,0.71176755,13471.866500885486
E04109,18183.64,CHECKOUT_ABANDONED,Bank_A,E42,P018,CARD,ALTERNATE_PAYMENT,0.7407654,13469.811226775646
E01665,21869.25,SUBSCRIPTION_FAILED,Bank_D,E23,P020,NETBANKING,ALTERNATE_PAYMENT,0.6158455,13468.079231992364
E03907,24777.66,INVOICE_OVERDUE,Bank_C,E42,P006,UPI,ALTERNATE_PAYMENT,0.5431857,13458.870861711503
E01935,17285.6,SUBSCRIPTION_FAILED,Bank_D,E42,P007,NETBANKING,ALTERNATE_PAYMENT,0.77825904,13452.674443244932
E01752,19894.24,PAYMENT_FAILED,Bank_D,E11,P014,CARD,RETRY_PAYMENT,0.67609894,13450.474630947114
E02065,23828.51,INVOICE_OVERDUE,Bank_C,E11,P020,UPI,SEND_REMINDER,0.56434584,13447.520411820411
E02444,19957.13,PAYMENT_FAILED,Bank_C,E17,P018,CARD,RETRY_PAYMENT,0.6737403,13445.923299331069
E04405,19706.12,SUBSCRIPTION_FAILED,Bank_A,E11,P014,WALLET,ALTERNATE_PAYMENT,0.6821779,13443.079583735465
E00802,18500.54,INVOICE_OVERDUE,Bank_A,E42,P015,UPI,ALTERNATE_PAYMENT,0.7265451,13441.476600060463
E02438,20963.82,SUBSCRIPTION_FAILED,Bank_D,E17,P003,WALLET,ALTERNATE_PAYMENT,0.6411273,13440.47706987977
E00655,23619.13,INVOICE_OVERDUE,Bank_C,E17,P004,NETBANKING,SEND_REMINDER,0.56899875,13439.255541142822
E01590,24342.3,INVOICE_OVERDUE,Bank_B,E42,P008,NETBANKING,ALTERNATE_PAYMENT,0.55205685,13438.333435481787
E00901,23887.56,INVOICE_OVERDUE,Bank_B,E17,P016,UPI,SEND_REMINDER,0.5623976,13434.306395230295
E01242,23010.38,PAYMENT_FAILED,Bank_C,E42,P004,UPI,ALTERNATE_PAYMENT,0.58367,13430.46895718813
E04015,18167.5,SUBSCRIPTION_FAILED,Bank_B,E42,P016,NETBANKING,ALTERNATE_PAYMENT,0.7392196,13429.772190600634
E00658,21074.61,SUBSCRIPTION_FAILED,Bank_C,E23,P009,CARD,ALTERNATE_PAYMENT,0.6368536,13421.440735119582
E01789,15438.72,SUBSCRIPTION_FAILED,Bank_A,E42,P010,WALLET,ALTERNATE_PAYMENT,0.86927354,13420.470839309692
E04942,22732.26,CHECKOUT_ABANDONED,Bank_B,E42,P015,CARD,ALTERNATE_PAYMENT,0.59029573,13418.756057199238
E00182,24250.82,PAYMENT_FAILED,Bank_B,E42,P005,NETBANKING,ALTERNATE_PAYMENT,0.552965,13409.854326525927
E03025,23336.76,INVOICE_OVERDUE,Bank_C,E23,P006,CARD,SEND_REMINDER,0.5745678,13408.550730972289
E03706,19416.76,SUBSCRIPTION_FAILED,Bank_A,E11,P014,NETBANKING,ALTERNATE_PAYMENT,0.69048613,13407.003529703616
E00121,21020.87,SUBSCRIPTION_FAILED,Bank_C,E17,P003,UPI,ALTERNATE_PAYMENT,0.63750416,13400.892080315947
E03656,23813.29,CHECKOUT_ABANDONED,Bank_A,E23,P006,WALLET,SEND_REMINDER,0.5625292,13395.67112251878
E03211,18157.83,SUBSCRIPTION_FAILED,Bank_D,E42,P020,NETBANKING,ALTERNATE_PAYMENT,0.73759234,13393.07631022811
E01337,18132.58,CHECKOUT_ABANDONED,Bank_A,E42,P013,UPI,ALTERNATE_PAYMENT,0.7383413,13388.032179616692
E01049,18195.91,INVOICE_OVERDUE,Bank_A,E42,P001,NETBANKING,ALTERNATE_PAYMENT,0.7355598,13384.180304876565
E03453,22906.81,CHECKOUT_ABANDONED,Bank_C,E11,P015,NETBANKING,SEND_REMINDER,0.5842761,13383.901155117752
E03728,18576.5,INVOICE_OVERDUE,Bank_A,E42,P007,CARD,ALTERNATE_PAYMENT,0.72036135,13381.792654812336
E02009,22622.03,CHECKOUT_ABANDONED,Bank_B,E42,P010,NETBANKING,ALTERNATE_PAYMENT,0.5914728,13380.315528631805
E01034,19792.17,PAYMENT_FAILED,Bank_C,E17,P017,CARD,RETRY_PAYMENT,0.6755695,13370.985890015958
E03936,21589.41,PAYMENT_FAILED,Bank_A,E23,P003,UPI,RETRY_PAYMENT,0.619205,13368.270576224328
E00542,20015.2,PAYMENT_FAILED,Bank_B,E23,P003,CARD,RETRY_PAYMENT,0.6678604,13367.359253025055
E04985,20025.06,PAYMENT_FAILED,Bank_B,E23,P017,UPI,RETRY_PAYMENT,0.667508,13366.88787255049
E00596,20823.55,SUBSCRIPTION_FAILED,Bank_D,E23,P007,CARD,ALTERNATE_PAYMENT,0.6417436,13363.379949453472
E04195,19800.82,SUBSCRIPTION_FAILED,Bank_B,E23,P003,UPI,ALTERNATE_PAYMENT,0.67458725,13357.380706710816
E03561,22514.16,CHECKOUT_ABANDONED,Bank_B,E23,P006,UPI,SEND_REMINDER,0.5932657,13356.879168362617
E04241,19645.4,SUBSCRIPTION_FAILED,Bank_A,E11,P015,CARD,ALTERNATE_PAYMENT,0.6798571,13356.064185416699
E04364,23022.95,SUBSCRIPTION_FAILED,Bank_D,E11,P008,CARD,ALTERNATE_PAYMENT,0.5800754,13355.046543329954
E03933,19207.78,SUBSCRIPTION_FAILED,Bank_A,E11,P013,NETBANKING,ALTERNATE_PAYMENT,0.6952276,13353.779232234954
E02231,23449.51,CHECKOUT_ABANDONED,Bank_C,E17,P006,CARD,SEND_REMINDER,0.5693828,13351.747351740598
E00659,19966.86,SUBSCRIPTION_FAILED,Bank_D,E23,P002,CARD,ALTERNATE_PAYMENT,0.66867083,13351.256910806895
E03856,19002.5,INVOICE_OVERDUE,Bank_A,E42,P002,WALLET,ALTERNATE_PAYMENT,0.7024703,13348.69192481041
E04699,21126.29,PAYMENT_FAILED,Bank_C,E23,P009,UPI,RETRY_PAYMENT,0.63169694,13345.412735321523
E02507,17297.77,PAYMENT_FAILED,Bank_A,E42,P012,UPI,ALTERNATE_PAYMENT,0.7714524,13344.406646637917
E03078,19877.28,SUBSCRIPTION_FAILED,Bank_A,E23,P011,WALLET,ALTERNATE_PAYMENT,0.67116135,13340.862150449751
E04914,22379.79,CHECKOUT_ABANDONED,Bank_A,E17,P016,CARD,SEND_REMINDER,0.59588027,13335.675307838917
E04061,23411.67,CHECKOUT_ABANDONED,Bank_D,E11,P002,UPI,SEND_REMINDER,0.56960404,13335.381796234846
E04430,20929.02,SUBSCRIPTION_FAILED,Bank_D,E17,P019,UPI,ALTERNATE_PAYMENT,0.63698953,13331.566694809198
E01750,21720.88,PAYMENT_FAILED,Bank_C,E42,P006,NETBANKING,ALTERNATE_PAYMENT,0.6136069,13328.082488899232
E02479,17522.89,INVOICE_OVERDUE,Bank_A,E42,P005,UPI,ALTERNATE_PAYMENT,0.76055133,13327.057355002164
E00812,20625.78,SUBSCRIPTION_FAILED,Bank_B,E17,P008,CARD,ALTERNATE_PAYMENT,0.64598733,13323.992589880227
E02519,19740.73,PAYMENT_FAILED,Bank_B,E11,P014,WALLET,RETRY_PAYMENT,0.6749209,13323.431585110426
E02036,17492.31,PAYMENT_FAILED,Bank_A,E42,P016,WALLET,ALTERNATE_PAYMENT,0.7616128,13322.366724253894
E00697,17138.82,CHECKOUT_ABANDONED,Bank_A,E42,P015,NETBANKING,ALTERNATE_PAYMENT,0.77710575,13318.675547136068
E03158,17470.41,PAYMENT_FAILED,Bank_A,E42,P007,UPI,ALTERNATE_PAYMENT,0.7621858,13315.698631761074
E04647,19256.3,SUBSCRIPTION_FAILED,Bank_B,E11,P014,WALLET,ALTERNATE_PAYMENT,0.6913232,13312.327335339784
E00559,23733.48,SUBSCRIPTION_FAILED,Bank_D,E11,P008,NETBANKING,ALTERNATE_PAYMENT,0.5607627,13308.8504063344
E03531,24420.2,SUBSCRIPTION_FAILED,Bank_D,E17,P002,UPI,ALTERNATE_PAYMENT,0.544918,13307.006560647487
E01481,20683.15,SUBSCRIPTION_FAILED,Bank_A,E17,P003,CARD,ALTERNATE_PAYMENT,0.6433304,13306.099063929916
E04108,21432.66,SUBSCRIPTION_FAILED,Bank_B,E23,P005,CARD,ALTERNATE_PAYMENT,0.62079424,13305.271804293394
E03923,23530.35,INVOICE_OVERDUE,Bank_B,E17,P018,NETBANKING,SEND_REMINDER,0.56537277,13303.419042429327
E03712,20119.6,SUBSCRIPTION_FAILED,Bank_B,E11,P003,UPI,ALTERNATE_PAYMENT,0.66098267,13298.706895136833
E04406,22662.98,SUBSCRIPTION_FAILED,Bank_B,E11,P008,NETBANKING,ALTERNATE_PAYMENT,0.5867265,13296.970633164645
E02975,21550.17,PAYMENT_FAILED,Bank_A,E17,P012,WALLET,RETRY_PAYMENT,0.6167538,13291.149595978259
E00792,18186.76,INVOICE_OVERDUE,Bank_A,E42,P003,UPI,ALTERNATE_PAYMENT,0.7307206,13289.439808685778
E02928,22564.65,INVOICE_OVERDUE,Bank_B,E42,P007,CARD,ALTERNATE_PAYMENT,0.5889404,13289.233590781689
E04601,24039.34,INVOICE_OVERDUE,Bank_C,E42,P003,UPI,ALTERNATE_PAYMENT,0.5526191,13284.598426187038
E01517,17639.66,PAYMENT_FAILED,Bank_A,E42,P008,UPI,ALTERNATE_PAYMENT,0.7520225,13265.421297135354
E00124,20704.42,SUBSCRIPTION_FAILED,Bank_C,E11,P020,WALLET,ALTERNATE_PAYMENT,0.64061266,13263.513608022928
E00151,19778.29,SUBSCRIPTION_FAILED,Bank_B,E17,P017,UPI,ALTERNATE_PAYMENT,0.67004067,13252.258624847533
E01202,22087.74,CHECKOUT_ABANDONED,Bank_B,E17,P001,UPI,SEND_REMINDER,0.5996303,13244.478079258204
E00534,19754.17,PAYMENT_FAILED,Bank_C,E17,P005,CARD,RETRY_PAYMENT,0.67030513,13241.32154650569
E00454,21016.18,PAYMENT_FAILED,Bank_A,E23,P020,NETBANKING,RETRY_PAYMENT,0.6297748,13235.460742964744
E03003,20178.84,SUBSCRIPTION_FAILED,Bank_B,E11,P008,UPI,ALTERNATE_PAYMENT,0.65574443,13232.162002530098
E04191,22993.97,INVOICE_OVERDUE,Bank_D,E42,P002,UPI,ALTERNATE_PAYMENT,0.57538813,13230.457480649353
E03780,22272.94,SUBSCRIPTION_FAILED,Bank_A,E11,P019,CARD,ALTERNATE_PAYMENT,0.59390223,13227.948740508555
E00219,19752.77,SUBSCRIPTION_FAILED,Bank_B,E11,P010,UPI,ALTERNATE_PAYMENT,0.66961616,13226.774051615595
E02475,22951.17,CHECKOUT_ABANDONED,Bank_C,E17,P004,WALLET,SEND_REMINDER,0.57626396,13225.93220668137
E04940,17153.58,SUBSCRIPTION_FAILED,Bank_D,E42,P004,WALLET,ALTERNATE_PAYMENT,0.7703597,13214.426656233074
E04351,21597.91,INVOICE_OVERDUE,Bank_D,E42,P007,NETBANKING,ALTERNATE_PAYMENT,0.61174834,13212.485541280508
E03169,20448.91,SUBSCRIPTION_FAILED,Bank_D,E23,P006,NETBANKING,ALTERNATE_PAYMENT,0.64591956,13208.350978024006
E01243,20370.2,PAYMENT_FAILED,Bank_A,E11,P014,WALLET,RETRY_PAYMENT,0.6483936,13207.906727659703
E01057,17902.4,SUBSCRIPTION_FAILED,Bank_B,E11,P017,WALLET,ALTERNATE_PAYMENT,0.7377224,13207.00143737793
E02319,22969.89,CHECKOUT_ABANDONED,Bank_D,E17,P004,WALLET,SEND_REMINDER,0.57483983,13204.007671873569
E03209,23003.11,CHECKOUT_ABANDONED,Bank_C,E42,P002,WALLET,ALTERNATE_PAYMENT,0.5739843,13203.424564688803
E03186,20909.4,INVOICE_OVERDUE,Bank_C,E42,P020,NETBANKING,ALTERNATE_PAYMENT,0.63143903,13203.011257445813
E01976,21107.63,PAYMENT_FAILED,Bank_B,E11,P003,NETBANKING,RETRY_PAYMENT,0.6254542,13201.855569446088
E03376,23282.14,INVOICE_OVERDUE,Bank_A,E23,P008,UPI,SEND_REMINDER,0.56661147,13191.927542020083
E02932,22918.25,CHECKOUT_ABANDONED,Bank_B,E42,P012,CARD,ALTERNATE_PAYMENT,0.57557136,13191.088280156255
E00026,22313.18,INVOICE_OVERDUE,Bank_A,E11,P016,NETBANKING,SEND_REMINDER,0.59092396,13185.392796851396
E01013,18124.59,INVOICE_OVERDUE,Bank_A,E42,P003,CARD,ALTERNATE_PAYMENT,0.72716975,13179.653617594242
E00463,17009.99,CHECKOUT_ABANDONED,Bank_A,E42,P002,WALLET,ALTERNATE_PAYMENT,0.77414644,13168.22316287637
E04749,21775.93,CHECKOUT_ABANDONED,Bank_A,E11,P017,NETBANKING,SEND_REMINDER,0.6047038,13167.987270878553
E00850,22715.51,CHECKOUT_ABANDONED,Bank_C,E42,P007,NETBANKING,ALTERNATE_PAYMENT,0.57955176,13164.813717612624
E03357,20061.89,PAYMENT_FAILED,Bank_B,E11,P011,CARD,RETRY_PAYMENT,0.6561935,13164.48171132803
E02574,20824.64,SUBSCRIPTION_FAILED,Bank_C,E23,P004,CARD,ALTERNATE_PAYMENT,0.6320818,13162.876074237824
E00780,17553.78,CHECKOUT_ABANDONED,Bank_A,E42,P019,NETBANKING,ALTERNATE_PAYMENT,0.7497596,13161.115325249433
E01724,22026.74,CHECKOUT_ABANDONED,Bank_C,E42,P015,NETBANKING,ALTERNATE_PAYMENT,0.5973085,13156.759392783642
E00801,23131.05,INVOICE_OVERDUE,Bank_A,E23,P017,WALLET,SEND_REMINDER,0.5687201,13155.093122541904
E03306,18590.69,INVOICE_OVERDUE,Bank_A,E42,P013,UPI,ALTERNATE_PAYMENT,0.70742327,13151.48670668423
E00845,14993.25,SUBSCRIPTION_FAILED,Bank_A,E42,P018,UPI,ALTERNATE_PAYMENT,0.8770971,13150.535648033023
E00021,19169.96,SUBSCRIPTION_FAILED,Bank_D,E11,P018,UPI,ALTERNATE_PAYMENT,0.68563396,13143.575537731647
E03076,22957.51,CHECKOUT_ABANDONED,Bank_C,E42,P009,CARD,ALTERNATE_PAYMENT,0.5722592,13137.646024177073
E00805,23471.74,CHECKOUT_ABANDONED,Bank_C,E17,P003,NETBANKING,SEND_REMINDER,0.55970603,13137.274466017485
E02213,20468.8,PAYMENT_FAILED,Bank_D,E17,P018,NETBANKING,RETRY_PAYMENT,0.6416105,13132.997067832946
E03092,23497.15,CHECKOUT_ABANDONED,Bank_D,E17,P005,CARD,SEND_REMINDER,0.55891407,13132.887630897761
E02222,17366.69,CHECKOUT_ABANDONED,Bank_A,E42,P011,CARD,ALTERNATE_PAYMENT,0.75616467,13132.077412678002
E00083,21705.84,CHECKOUT_ABANDONED,Bank_C,E42,P006,NETBANKING,ALTERNATE_PAYMENT,0.60493356,13130.591061701774
E00832,17860.95,INVOICE_OVERDUE,Bank_A,E42,P020,WALLET,ALTERNATE_PAYMENT,0.7351045,13129.664741554856
E02323,17656.42,SUBSCRIPTION_FAILED,Bank_C,E42,P014,UPI,ALTERNATE_PAYMENT,0.74359417,13129.21096830368
E03232,22643.52,INVOICE_OVERDUE,Bank_B,E11,P002,WALLET,SEND_REMINDER,0.5798109,13128.960103855134
E03958,22115.28,INVOICE_OVERDUE,Bank_C,E42,P010,NETBANKING,ALTERNATE_PAYMENT,0.5935078,13125.59176144123
E01065,17775.18,CHECKOUT_ABANDONED,Bank_A,E42,P010,CARD,ALTERNATE_PAYMENT,0.7381823,13121.323367114068
E04556,22149.15,CHECKOUT_ABANDONED,Bank_B,E42,P008,CARD,ALTERNATE_PAYMENT,0.59234595,13119.959364616872
E03766,20955.46,SUBSCRIPTION_FAILED,Bank_A,E23,P005,UPI,ALTERNATE_PAYMENT,0.6260129,13118.388732483387
E03985,14765.32,SUBSCRIPTION_FAILED,Bank_A,E42,P014,UPI,ALTERNATE_PAYMENT,0.8883575,13116.88305873394
E04303,17058.8,CHECKOUT_ABANDONED,Bank_A,E42,P005,WALLET,ALTERNATE_PAYMENT,0.7685163,13109.965894412993
E02481,21410.79,SUBSCRIPTION_FAILED,Bank_C,E17,P019,CARD,ALTERNATE_PAYMENT,0.612053,13104.537761244179
E01764,17549.17,PAYMENT_FAILED,Bank_A,E42,P001,CARD,ALTERNATE_PAYMENT,0.7466614,13103.288273394106
E00118,21246.57,PAYMENT_FAILED,Bank_C,E17,P009,WALLET,RETRY_PAYMENT,0.6165897,13100.416753866077
E04507,18313.07,INVOICE_OVERDUE,Bank_A,E42,P019,NETBANKING,ALTERNATE_PAYMENT,0.71513504,13096.318008497357
E00018,17467.98,PAYMENT_FAILED,Bank_A,E42,P010,WALLET,ALTERNATE_PAYMENT,0.7497172,13096.044635335207
E00379,23951.57,INVOICE_OVERDUE,Bank_C,E11,P005,UPI,SEND_REMINDER,0.5467693,13095.983664941192
E04625,19393.66,SUBSCRIPTION_FAILED,Bank_B,E17,P014,WALLET,ALTERNATE_PAYMENT,0.6748454,13087.722191144228
E02806,19909.46,SUBSCRIPTION_FAILED,Bank_B,E17,P008,UPI,ALTERNATE_PAYMENT,0.6570177,13080.867773227692
E04603,19626.31,PAYMENT_FAILED,Bank_C,E23,P016,CARD,RETRY_PAYMENT,0.6664597,13080.144274400474
E04349,20378.84,PAYMENT_FAILED,Bank_C,E23,P008,UPI,RETRY_PAYMENT,0.6416475,13076.032099220753
E00809,22817.49,INVOICE_OVERDUE,Bank_C,E42,P012,WALLET,ALTERNATE_PAYMENT,0.5729967,13074.345923936964
E02637,21522.87,CHECKOUT_ABANDONED,Bank_C,E42,P013,WALLET,ALTERNATE_PAYMENT,0.60694546,13063.20812665522
E00294,17297.35,CHECKOUT_ABANDONED,Bank_A,E42,P001,CARD,ALTERNATE_PAYMENT,0.7548613,13057.100024929641
E03905,17418.6,INVOICE_OVERDUE,Bank_A,E42,P020,CARD,ALTERNATE_PAYMENT,0.74920064,13050.026304638384
E02382,21840.97,PAYMENT_FAILED,Bank_B,E42,P009,CARD,ALTERNATE_PAYMENT,0.59742135,13048.261741101147
E02892,19929.32,PAYMENT_FAILED,Bank_C,E23,P017,WALLET,RETRY_PAYMENT,0.6546528,13046.784628589154
E04145,17634.57,CHECKOUT_ABANDONED,Bank_A,E42,P017,UPI,ALTERNATE_PAYMENT,0.7398344,13046.662006040811
E00583,17318.02,CHECKOUT_ABANDONED,Bank_A,E42,P018,CARD,ALTERNATE_PAYMENT,0.7531952,13043.849991105795
E02478,17403.0,INVOICE_OVERDUE,Bank_A,E42,P020,CARD,ALTERNATE_PAYMENT,0.74920064,13038.338774621487
E00721,23219.87,CHECKOUT_ABANDONED,Bank_A,E11,P012,NETBANKING,SEND_REMINDER,0.56151265,13038.250714512467
E04772,24880.52,INVOICE_OVERDUE,Bank_B,E42,P011,WALLET,SEND_REMINDER,0.5238733,13034.240843696594
E04727,21542.03,INVOICE_OVERDUE,Bank_B,E23,P004,UPI,SEND_REMINDER,0.6048323,13029.315370682478
E01604,19300.51,PAYMENT_FAILED,Bank_C,E17,P007,CARD,RETRY_PAYMENT,0.6747819,13023.635166324377
E00207,15333.65,SUBSCRIPTION_FAILED,Bank_A,E42,P013,WALLET,ALTERNATE_PAYMENT,0.8488675,13016.236773160099
E03590,16760.3,CHECKOUT_ABANDONED,Bank_A,E42,P009,UPI,ALTERNATE_PAYMENT,0.77660406,13016.116965782641
E00011,22358.12,CHECKOUT_ABANDONED,Bank_B,E11,P003,WALLET,SEND_REMINDER,0.5819313,13010.889680888653
E01189,19953.24,PAYMENT_FAILED,Bank_A,E17,P006,CARD,RETRY_PAYMENT,0.65195173,13008.549342119695
E00161,22747.43,INVOICE_OVERDUE,Bank_D,E42,P008,CARD,ALTERNATE_PAYMENT,0.57186574,13008.475831773878
E04253,16926.28,PAYMENT_FAILED,Bank_A,E42,P003,CARD,ALTERNATE_PAYMENT,0.7680859,13000.836956145762
E02709,20265.59,SUBSCRIPTION_FAILED,Bank_D,E17,P018,NETBANKING,ALTERNATE_PAYMENT,0.6415096,13000.5703833431
E04812,19966.82,SUBSCRIPTION_FAILED,Bank_B,E23,P012,WALLET,ALTERNATE_PAYMENT,0.650934,12997.0816293478
E03541,24906.11,INVOICE_OVERDUE,Bank_A,E23,P017,UPI,SEND_REMINDER,0.5218356,12996.895482444168
E00195,20049.74,SUBSCRIPTION_FAILED,Bank_A,E11,P011,UPI,ALTERNATE_PAYMENT,0.6480955,12994.146040565969
E02552,16803.01,PAYMENT_FAILED,Bank_A,E42,P011,NETBANKING,ALTERNATE_PAYMENT,0.772665,12983.098121623992
E01422,18914.14,SUBSCRIPTION_FAILED,Bank_D,E17,P013,NETBANKING,ALTERNATE_PAYMENT,0.6860765,12976.547385427952
E03570,19335.04,SUBSCRIPTION_FAILED,Bank_B,E11,P010,CARD,ALTERNATE_PAYMENT,0.6707559,12969.092597465517
E04567,20546.51,PAYMENT_FAILED,Bank_A,E11,P017,UPI,RETRY_PAYMENT,0.6311117,12967.142474262117
E02713,20077.26,SUBSCRIPTION_FAILED,Bank_B,E17,P006,CARD,ALTERNATE_PAYMENT,0.6453996,12957.85498011589
E00921,24028.53,INVOICE_OVERDUE,Bank_B,E17,P005,CARD,SEND_REMINDER,0.53913873,12954.711252266765
E02517,17736.36,SUBSCRIPTION_FAILED,Bank_C,E42,P003,UPI,ALTERNATE_PAYMENT,0.7303649,12954.015129590034
E01190,18313.05,INVOICE_OVERDUE,Bank_A,E42,P013,WALLET,ALTERNATE_PAYMENT,0.70695096,12946.428324607014
E04934,23124.78,CHECKOUT_ABANDONED,Bank_B,E17,P010,NETBANKING,SEND_REMINDER,0.5596755,12942.373148778677
E00840,24475.97,INVOICE_OVERDUE,Bank_D,E17,P014,UPI,SEND_REMINDER,0.5284956,12935.44268962443
E03404,19195.57,SUBSCRIPTION_FAILED,Bank_C,E11,P009,CARD,ALTERNATE_PAYMENT,0.67372924,12932.616804633737
E04237,21687.81,INVOICE_OVERDUE,Bank_B,E11,P004,UPI,SEND_REMINDER,0.5961565,12929.328423575163
E04571,19176.14,PAYMENT_FAILED,Bank_D,E23,P005,UPI,RETRY_PAYMENT,0.6739778,12924.2925013268
E04498,17249.78,PAYMENT_FAILED,Bank_A,E42,P004,UPI,ALTERNATE_PAYMENT,0.749106,12921.913523026704
E01709,18953.71,SUBSCRIPTION_FAILED,Bank_D,E17,P014,CARD,ALTERNATE_PAYMENT,0.681731,12921.331399862765
E04757,21682.87,INVOICE_OVERDUE,Bank_D,E42,P017,WALLET,ALTERNATE_PAYMENT,0.5955968,12914.247776789665
E00682,17862.22,PAYMENT_FAILED,Bank_A,E42,P006,CARD,ALTERNATE_PAYMENT,0.72263503,12907.865898900032
E02294,20563.53,PAYMENT_FAILED,Bank_C,E23,P020,NETBANKING,RETRY_PAYMENT,0.62763745,12906.441448436379
E02976,20155.43,PAYMENT_FAILED,Bank_A,E17,P008,UPI,RETRY_PAYMENT,0.64024293,12904.371643806697
E02164,21862.34,CHECKOUT_ABANDONED,Bank_D,E42,P003,UPI,ALTERNATE_PAYMENT,0.5901197,12901.39794852972
E01537,17230.12,CHECKOUT_ABANDONED,Bank_A,E42,P017,UPI,ALTERNATE_PAYMENT,0.7485015,12896.770314128398
E01607,23176.06,INVOICE_OVERDUE,Bank_C,E17,P015,NETBANKING,SEND_REMINDER,0.5562479,12891.634473410846
E02283,20769.71,INVOICE_OVERDUE,Bank_D,E42,P020,WALLET,ALTERNATE_PAYMENT,0.6201371,12880.06763276696
E04909,18826.31,SUBSCRIPTION_FAILED,Bank_B,E42,P013,CARD,ALTERNATE_PAYMENT,0.68403274,12877.812379667164
E04646,19257.56,SUBSCRIPTION_FAILED,Bank_C,E17,P011,WALLET,ALTERNATE_PAYMENT,0.66850036,12873.6858664155
E04713,21993.22,SUBSCRIPTION_FAILED,Bank_D,E11,P016,WALLET,ALTERNATE_PAYMENT,0.584828,12862.251287157536
E03498,21962.49,SUBSCRIPTION_FAILED,Bank_D,E23,P020,WALLET,ALTERNATE_PAYMENT,0.5854387,12857.692216615678
E01989,16572.08,PAYMENT_FAILED,Bank_A,E42,P002,CARD,ALTERNATE_PAYMENT,0.7757667,12856.067328238489
E02179,20321.07,SUBSCRIPTION_FAILED,Bank_A,E23,P006,NETBANKING,ALTERNATE_PAYMENT,0.6325695,12854.488924017549
E04138,23709.12,CHECKOUT_ABANDONED,Bank_C,E17,P003,NETBANKING,SEND_REMINDER,0.5421369,12853.588998184203
E04614,19736.67,PAYMENT_FAILED,Bank_C,E17,P019,CARD,RETRY_PAYMENT,0.6510177,12848.922011706232
E01015,16590.38,CHECKOUT_ABANDONED,Bank_A,E42,P009,NETBANKING,ALTERNATE_PAYMENT,0.7744503,12848.424803352356
E01977,22351.22,CHECKOUT_ABANDONED,Bank_A,E23,P011,NETBANKING,SEND_REMINDER,0.5746652,12844.468060972691
E01457,20244.9,PAYMENT_FAILED,Bank_C,E23,P005,NETBANKING,RETRY_PAYMENT,0.63423735,12840.071707445384
E03995,19297.07,PAYMENT_FAILED,Bank_B,E17,P007,WALLET,RETRY_PAYMENT,0.66534835,12839.273703665138
E04748,20014.33,SUBSCRIPTION_FAILED,Bank_D,E17,P004,CARD,ALTERNATE_PAYMENT,0.6413282,12835.754545310736
E02547,17114.55,INVOICE_OVERDUE,Bank_A,E42,P020,WALLET,ALTERNATE_PAYMENT,0.7495957,12828.993116435408
E02753,20998.89,CHECKOUT_ABANDONED,Bank_B,E17,P018,NETBANKING,SEND_REMINDER,0.61091554,12828.548258374929
E00839,20606.11,PAYMENT_FAILED,Bank_A,E23,P008,WALLET,RETRY_PAYMENT,0.6223535,12824.284559696318
E03254,21914.71,CHECKOUT_ABANDONED,Bank_C,E42,P001,CARD,ALTERNATE_PAYMENT,0.5851609,12823.631669724584
E03600,20727.42,PAYMENT_FAILED,Bank_D,E42,P020,WALLET,ALTERNATE_PAYMENT,0.6184437,12818.742886118887
E00234,17594.09,PAYMENT_FAILED,Bank_A,E42,P006,UPI,ALTERNATE_PAYMENT,0.728509,12817.45306812346
E03250,23643.83,INVOICE_OVERDUE,Bank_A,E17,P018,WALLET,SEND_REMINDER,0.5419417,12813.577480649354
E01086,19198.89,SUBSCRIPTION_FAILED,Bank_D,E23,P020,UPI,ALTERNATE_PAYMENT,0.6673021,12811.459078025222
E02644,20386.12,SUBSCRIPTION_FAILED,Bank_A,E23,P004,CARD,ALTERNATE_PAYMENT,0.6283651,12809.926320793627
E00756,17509.86,INVOICE_OVERDUE,Bank_A,E42,P013,CARD,ALTERNATE_PAYMENT,0.7315312,12809.008946539165
E03717,22724.81,CHECKOUT_ABANDONED,Bank_D,E23,P004,UPI,SEND_REMINDER,0.5634733,12804.823324533105
E01004,23736.74,SUBSCRIPTION_FAILED,Bank_D,E11,P020,NETBANKING,ALTERNATE_PAYMENT,0.5393536,12802.496386914254
E04367,21325.07,INVOICE_OVERDUE,Bank_B,E42,P019,CARD,ALTERNATE_PAYMENT,0.600085,12796.855058844088
E01068,18874.28,PAYMENT_FAILED,Bank_B,E23,P020,CARD,RETRY_PAYMENT,0.67798096,12796.40246267557
E03613,16863.98,CHECKOUT_ABANDONED,Bank_A,E42,P017,NETBANKING,ALTERNATE_PAYMENT,0.75860095,12793.031252846717
E01545,18211.26,INVOICE_OVERDUE,Bank_A,E42,P013,UPI,ALTERNATE_PAYMENT,0.70231557,12790.051427721975
E03800,22605.14,CHECKOUT_ABANDONED,Bank_D,E11,P004,CARD,SEND_REMINDER,0.5657046,12787.831322712898
E00970,19229.88,SUBSCRIPTION_FAILED,Bank_C,E17,P020,UPI,ALTERNATE_PAYMENT,0.6647096,12782.286374137402
E02364,23228.46,CHECKOUT_ABANDONED,Bank_B,E42,P011,NETBANKING,SEND_REMINDER,0.55022335,12780.841088733672
E03637,17449.71,INVOICE_OVERDUE,Bank_A,E42,P011,CARD,ALTERNATE_PAYMENT,0.7322295,12777.191926009655
E02940,19557.49,SUBSCRIPTION_FAILED,Bank_B,E11,P013,UPI,ALTERNATE_PAYMENT,0.65319294,12774.81434076488
E02045,18554.19,PAYMENT_FAILED,Bank_C,E11,P017,WALLET,RETRY_PAYMENT,0.6879061,12763.54023005426
E04634,18974.25,SUBSCRIPTION_FAILED,Bank_D,E23,P012,NETBANKING,ALTERNATE_PAYMENT,0.67212605,12753.087794601917
E03725,17211.18,INVOICE_OVERDUE,Bank_A,E42,P015,UPI,ALTERNATE_PAYMENT,0.7408477,12750.863234231472
E04384,16619.99,PAYMENT_FAILED,Bank_A,E42,P010,NETBANKING,ALTERNATE_PAYMENT,0.76618433,12733.975902533532
E02442,21391.29,PAYMENT_FAILED,Bank_C,E42,P013,NETBANKING,ALTERNATE_PAYMENT,0.59515995,12731.239041318298
E01194,21824.13,INVOICE_OVERDUE,Bank_B,E23,P005,NETBANKING,SEND_REMINDER,0.5833002,12730.018810742498
E03633,20637.27,SUBSCRIPTION_FAILED,Bank_A,E23,P001,UPI,ALTERNATE_PAYMENT,0.6167667,12728.380733463764
E04307,22634.52,INVOICE_OVERDUE,Bank_C,E17,P006,CARD,SEND_REMINDER,0.5620871,12722.572128274442
E03686,19074.41,PAYMENT_FAILED,Bank_D,E17,P015,WALLET,RETRY_PAYMENT,0.6668757,12720.260902785063
E02210,19963.27,PAYMENT_FAILED,Bank_C,E11,P001,CARD,RETRY_PAYMENT,0.63705647,12717.730314205884
E04119,22404.42,CHECKOUT_ABANDONED,Bank_A,E11,P006,CARD,SEND_REMINDER,0.5666013,12694.37296895027
E02409,23385.12,INVOICE_OVERDUE,Bank_B,E11,P012,CARD,SEND_REMINDER,0.5427875,12693.150641355514
E01387,20737.62,INVOICE_OVERDUE,Bank_A,E17,P002,CARD,SEND_REMINDER,0.6119839,12691.089466888903
E03659,23448.89,INVOICE_OVERDUE,Bank_B,E11,P015,NETBANKING,SEND_REMINDER,0.54121655,12690.927400066255
E00096,19680.07,PAYMENT_FAILED,Bank_A,E23,P016,CARD,RETRY_PAYMENT,0.64483243,12690.347405344844
E00283,19641.02,PAYMENT_FAILED,Bank_B,E11,P005,NETBANKING,RETRY_PAYMENT,0.64610964,12690.252373183966
E01058,17023.63,SUBSCRIPTION_FAILED,Bank_C,E42,P015,CARD,ALTERNATE_PAYMENT,0.7454168,12689.700140295625
E01451,19837.89,PAYMENT_FAILED,Bank_D,E23,P015,CARD,RETRY_PAYMENT,0.63966984,12689.699834305644
E00023,22541.79,CHECKOUT_ABANDONED,Bank_D,E23,P019,WALLET,SEND_REMINDER,0.56284016,12687.424773865343
E00154,22877.75,CHECKOUT_ABANDONED,Bank_D,E11,P011,NETBANKING,SEND_REMINDER,0.5545313,12686.427904680371
E02049,19175.94,PAYMENT_FAILED,Bank_D,E11,P017,UPI,RETRY_PAYMENT,0.6615703,12686.232581706046
E03308,18998.43,PAYMENT_FAILED,Bank_B,E11,P015,WALLET,RETRY_PAYMENT,0.66771895,12685.611672994495
E04767,19952.29,PAYMENT_FAILED,Bank_C,E17,P016,WALLET,RETRY_PAYMENT,0.63579476,12685.561407991649
E02089,21890.76,CHECKOUT_ABANDONED,Bank_A,E11,P019,WALLET,SEND_REMINDER,0.57947975,12685.252219040392
E01632,18664.86,SUBSCRIPTION_FAILED,Bank_C,E42,P013,CARD,ALTERNATE_PAYMENT,0.67953086,12683.348348793983
E00859,18192.2,INVOICE_OVERDUE,Bank_A,E42,P014,UPI,ALTERNATE_PAYMENT,0.6971697,12683.051000678539
E02592,19904.92,PAYMENT_FAILED,Bank_A,E11,P004,WALLET,RETRY_PAYMENT,0.6368276,12676.00219455242
E00737,19535.58,SUBSCRIPTION_FAILED,Bank_A,E23,P013,NETBANKING,ALTERNATE_PAYMENT,0.6486382,12671.523229118588
E00089,22287.44,CHECKOUT_ABANDONED,Bank_B,E17,P011,CARD,SEND_REMINDER,0.5680699,12660.823260226249
E00060,21469.52,CHECKOUT_ABANDONED,Bank_A,E17,P002,CARD,SEND_REMINDER,0.5895897,12658.208178071976
E03005,16687.02,CHECKOUT_ABANDONED,Bank_A,E42,P005,NETBANKING,ALTERNATE_PAYMENT,0.758221,12652.448501333
E02188,19406.79,SUBSCRIPTION_FAILED,Bank_D,E17,P008,CARD,ALTERNATE_PAYMENT,0.65187186,12650.740294459463
E02410,24553.99,SUBSCRIPTION_FAILED,Bank_A,E17,P015,CARD,ALTERNATE_PAYMENT,0.51515,12648.988208423258
E02992,19904.62,PAYMENT_FAILED,Bank_C,E11,P019,CARD,RETRY_PAYMENT,0.6354717,12648.822741539478
E03868,22322.42,CHECKOUT_ABANDONED,Bank_C,E23,P006,UPI,SEND_REMINDER,0.5666363,12648.694009995459
E01786,21729.43,PAYMENT_FAILED,Bank_B,E42,P018,UPI,ALTERNATE_PAYMENT,0.581972,12645.919900780917
E03935,23041.8,CHECKOUT_ABANDONED,Bank_A,E11,P012,UPI,SEND_REMINDER,0.54844815,12637.232476437091
E02891,21687.77,INVOICE_OVERDUE,Bank_A,E11,P016,CARD,SEND_REMINDER,0.58260286,12635.356797431708
E03167,20223.39,SUBSCRIPTION_FAILED,Bank_A,E11,P013,CARD,ALTERNATE_PAYMENT,0.6246277,12632.089771775007
E02979,19581.45,PAYMENT_FAILED,Bank_B,E23,P010,UPI,RETRY_PAYMENT,0.6450138,12630.305654239655
E01291,23353.45,INVOICE_OVERDUE,Bank_D,E17,P012,NETBANKING,SEND_REMINDER,0.54077274,12628.909053233267
E01215,23280.94,CHECKOUT_ABANDONED,Bank_C,E23,P020,UPI,SEND_REMINDER,0.5424345,12628.385364326237
E04822,17078.8,PAYMENT_FAILED,Bank_A,E42,P018,NETBANKING,ALTERNATE_PAYMENT,0.7390266,12621.68759996891
E03152,21929.07,INVOICE_OVERDUE,Bank_C,E17,P015,NETBANKING,SEND_REMINDER,0.57554114,12621.081917313337
E03044,23435.92,INVOICE_OVERDUE,Bank_C,E11,P009,UPI,SEND_REMINDER,0.5384569,12619.2332257843
E02565,14389.35,SUBSCRIPTION_FAILED,Bank_A,E42,P007,WALLET,ALTERNATE_PAYMENT,0.87594336,12604.255626252294
E01946,21450.74,INVOICE_OVERDUE,Bank_D,E42,P007,UPI,ALTERNATE_PAYMENT,0.5868438,12588.233530384303
E04718,23845.05,INVOICE_OVERDUE,Bank_B,E17,P012,NETBANKING,SEND_REMINDER,0.5275875,12580.34968241751
E04983,22089.85,INVOICE_OVERDUE,Bank_D,E11,P015,NETBANKING,SEND_REMINDER,0.5695036,12580.249216988683
E02206,21286.15,INVOICE_OVERDUE,Bank_B,E23,P002,UPI,SEND_REMINDER,0.5907669,12575.152991867066
E03931,22800.84,CHECKOUT_ABANDONED,Bank_A,E23,P002,UPI,SEND_REMINDER,0.5513731,12571.770383419991
E02023,17189.93,INVOICE_OVERDUE,Bank_A,E42,P008,UPI,ALTERNATE_PAYMENT,0.73131967,12571.33386459589
E03645,22112.98,CHECKOUT_ABANDONED,Bank_D,E11,P009,NETBANKING,SEND_REMINDER,0.56849575,12571.135159282685
E04698,21680.07,CHECKOUT_ABANDONED,Bank_D,E23,P002,CARD,SEND_REMINDER,0.5798162,12570.45628423333
E01953,19930.12,PAYMENT_FAILED,Bank_D,E17,P001,WALLET,RETRY_PAYMENT,0.63068277,12569.583217031955
E00477,17090.0,INVOICE_OVERDUE,Bank_A,E42,P004,NETBANKING,ALTERNATE_PAYMENT,0.73521245,12564.78068947792
E04378,19805.28,SUBSCRIPTION_FAILED,Bank_C,E23,P002,CARD,ALTERNATE_PAYMENT,0.6343107,12562.701463165282
E01520,19297.11,SUBSCRIPTION_FAILED,Bank_C,E23,P015,WALLET,ALTERNATE_PAYMENT,0.65076685,12557.919479498863
E04082,22487.54,INVOICE_OVERDUE,Bank_A,E23,P019,NETBANKING,SEND_REMINDER,0.55843127,12557.745470516682
E02055,22600.05,INVOICE_OVERDUE,Bank_B,E17,P017,UPI,SEND_REMINDER,0.5553899,12551.839083123206
E00825,19019.41,PAYMENT_FAILED,Bank_C,E23,P010,CARD,RETRY_PAYMENT,0.6599353,12551.579960141778
E03488,19654.63,PAYMENT_FAILED,Bank_B,E11,P020,NETBANKING,RETRY_PAYMENT,0.63797957,12539.252337946296
E02707,16685.02,CHECKOUT_ABANDONED,Bank_A,E42,P008,NETBANKING,ALTERNATE_PAYMENT,0.7514421,12537.82604647398
E01502,18937.52,SUBSCRIPTION_FAILED,Bank_C,E17,P018,NETBANKING,ALTERNATE_PAYMENT,0.6618821,12534.405553536415
E01062,22498.73,CHECKOUT_ABANDONED,Bank_C,E23,P003,NETBANKING,SEND_REMINDER,0.5569847,12531.448888223767
E03339,18758.18,PAYMENT_FAILED,Bank_D,E11,P012,CARD,RETRY_PAYMENT,0.6678363,12527.393684990406
E02098,18898.75,SUBSCRIPTION_FAILED,Bank_B,E17,P002,UPI,ALTERNATE_PAYMENT,0.6628353,12526.758625283837
E04380,22159.42,INVOICE_OVERDUE,Bank_B,E23,P018,NETBANKING,SEND_REMINDER,0.56497115,12519.432977858782
E00548,19329.9,SUBSCRIPTION_FAILED,Bank_D,E23,P016,WALLET,ALTERNATE_PAYMENT,0.6476173,12518.377270013096
E00274,20813.68,CHECKOUT_ABANDONED,Bank_B,E11,P017,UPI,SEND_REMINDER,0.601412,12517.596880192757
E00038,21147.95,INVOICE_OVERDUE,Bank_B,E42,P020,CARD,ALTERNATE_PAYMENT,0.59147215,12508.423431229592
E00653,21525.25,CHECKOUT_ABANDONED,Bank_A,E11,P006,WALLET,SEND_REMINDER,0.58091766,12504.397783890367
E04820,19441.47,PAYMENT_FAILED,Bank_B,E11,P010,UPI,RETRY_PAYMENT,0.6430031,12500.925597485304
E01216,22449.42,INVOICE_OVERDUE,Bank_B,E11,P005,WALLET,SEND_REMINDER,0.556797,12499.770327072143
E04419,21078.18,CHECKOUT_ABANDONED,Bank_B,E17,P016,CARD,SEND_REMINDER,0.59271747,12493.405495215655
E03326,21396.92,CHECKOUT_ABANDONED,Bank_D,E17,P001,NETBANKING,SEND_REMINDER,0.5838665,12492.944299321174
E03287,18782.0,SUBSCRIPTION_FAILED,Bank_B,E11,P015,CARD,ALTERNATE_PAYMENT,0.66451705,12480.959139585495
E01356,23606.09,INVOICE_OVERDUE,Bank_D,E23,P014,CARD,ALTERNATE_PAYMENT,0.52867204,12479.87974512875
E00619,22035.86,CHECKOUT_ABANDONED,Bank_C,E17,P001,NETBANKING,SEND_REMINDER,0.5661773,12476.20390659213
E01160,17400.74,INVOICE_OVERDUE,Bank_A,E42,P010,NETBANKING,ALTERNATE_PAYMENT,0.7166573,12470.36701442957
E03720,21533.88,SUBSCRIPTION_FAILED,Bank_D,E11,P005,CARD,ALTERNATE_PAYMENT,0.5787697,12463.156919403076
E03622,16022.24,SUBSCRIPTION_FAILED,Bank_B,E42,P015,UPI,ALTERNATE_PAYMENT,0.7777415,12461.16083949089
E01981,18775.45,SUBSCRIPTION_FAILED,Bank_D,E11,P020,WALLET,ALTERNATE_PAYMENT,0.6636573,12460.464596444368
E02484,19139.87,PAYMENT_FAILED,Bank_D,E11,P014,NETBANKING,RETRY_PAYMENT,0.6506487,12453.331784628628
E00925,15695.94,PAYMENT_FAILED,Bank_A,E42,P020,UPI,ALTERNATE_PAYMENT,0.7933414,12452.23898627758
E00676,19315.61,SUBSCRIPTION_FAILED,Bank_C,E11,P018,CARD,ALTERNATE_PAYMENT,0.6446077,12450.991375805736
E04952,19789.46,SUBSCRIPTION_FAILED,Bank_C,E11,P005,UPI,ALTERNATE_PAYMENT,0.62887096,12445.01678823471
E04212,20084.88,PAYMENT_FAILED,Bank_C,E17,P019,NETBANKING,RETRY_PAYMENT,0.619492,12442.422368102074
E00761,21297.93,PAYMENT_FAILED,Bank_B,E42,P007,NETBANKING,ALTERNATE_PAYMENT,0.5840414,12438.87320880711
E01801,18460.19,SUBSCRIPTION_FAILED,Bank_A,E23,P009,WALLET,ALTERNATE_PAYMENT,0.67380583,12438.583697756529
E03797,22569.8,INVOICE_OVERDUE,Bank_D,E17,P016,NETBANKING,SEND_REMINDER,0.551062,12437.358853983878
E04982,22181.63,INVOICE_OVERDUE,Bank_B,E11,P012,NETBANKING,SEND_REMINDER,0.5603927,12430.423033313156
E03916,14301.42,SUBSCRIPTION_FAILED,Bank_A,E42,P015,WALLET,ALTERNATE_PAYMENT,0.8690234,12428.268385294676
E04452,16338.24,SUBSCRIPTION_FAILED,Bank_C,E42,P011,NETBANKING,ALTERNATE_PAYMENT,0.7599612,12416.428277606963
E01299,19323.27,SUBSCRIPTION_FAILED,Bank_C,E23,P020,WALLET,ALTERNATE_PAYMENT,0.6422944,12411.228243842124
E03416,20670.71,CHECKOUT_ABANDONED,Bank_B,E11,P018,WALLET,SEND_REMINDER,0.60040677,12410.834140738249
E02972,16930.11,INVOICE_OVERDUE,Bank_A,E42,P001,CARD,ALTERNATE_PAYMENT,0.7330429,12410.496860509515
E03788,19943.28,SUBSCRIPTION_FAILED,Bank_C,E17,P016,NETBANKING,ALTERNATE_PAYMENT,0.6221436,12407.584537782668
E01161,22860.03,INVOICE_OVERDUE,Bank_B,E23,P018,UPI,SEND_REMINDER,0.5426548,12405.105289644598
E01591,16232.76,SUBSCRIPTION_FAILED,Bank_D,E42,P009,CARD,ALTERNATE_PAYMENT,0.76419246,12404.95282892704
E02326,21314.37,CHECKOUT_ABANDONED,Bank_C,E42,P017,WALLET,ALTERNATE_PAYMENT,0.5819402,12403.688188691138
E00601,16832.75,INVOICE_OVERDUE,Bank_A,E42,P003,WALLET,ALTERNATE_PAYMENT,0.7366224,12399.380587980151
E03787,19407.8,PAYMENT_FAILED,Bank_C,E17,P011,WALLET,RETRY_PAYMENT,0.63879275,12397.561995935439
E00707,19782.95,PAYMENT_FAILED,Bank_A,E17,P010,CARD,RETRY_PAYMENT,0.6265578,12395.162163567544
E02711,22392.7,CHECKOUT_ABANDONED,Bank_D,E23,P009,UPI,SEND_REMINDER,0.5535132,12394.655680638552
E01942,21094.28,PAYMENT_FAILED,Bank_B,E42,P002,NETBANKING,ALTERNATE_PAYMENT,0.5874842,12392.555808050633
E02838,13951.57,SUBSCRIPTION_FAILED,Bank_A,E42,P009,CARD,ALTERNATE_PAYMENT,0.8878713,12387.198941953779
E04830,21664.55,INVOICE_OVERDUE,Bank_A,E23,P006,NETBANKING,SEND_REMINDER,0.57174623,12386.624789863825
E02896,18436.98,PAYMENT_FAILED,Bank_A,E17,P016,CARD,RETRY_PAYMENT,0.6717654,12385.325005885363
E02880,14468.32,SUBSCRIPTION_FAILED,Bank_A,E42,P011,WALLET,ALTERNATE_PAYMENT,0.85589063,12383.299544086456
E00879,13909.9,SUBSCRIPTION_FAILED,Bank_A,E42,P002,NETBANKING,ALTERNATE_PAYMENT,0.8900112,12379.966670811176
E02845,18538.52,SUBSCRIPTION_FAILED,Bank_B,E23,P013,NETBANKING,ALTERNATE_PAYMENT,0.66699106,12365.027013156414
E02266,21053.71,INVOICE_OVERDUE,Bank_A,E11,P002,UPI,SEND_REMINDER,0.5872649,12364.104801756142
E04246,16065.42,SUBSCRIPTION_FAILED,Bank_D,E42,P010,UPI,ALTERNATE_PAYMENT,0.769524,12362.725910389423
E04421,22623.87,CHECKOUT_ABANDONED,Bank_A,E23,P014,WALLET,SEND_REMINDER,0.5461802,12356.709584725499
E02358,20960.78,INVOICE_OVERDUE,Bank_C,E23,P002,CARD,SEND_REMINDER,0.5893919,12354.113681131601
E04357,21654.9,CHECKOUT_ABANDONED,Bank_A,E11,P019,CARD,SEND_REMINDER,0.57049245,12353.95687803626
E04896,16484.17,INVOICE_OVERDUE,Bank_A,E42,P015,NETBANKING,ALTERNATE_PAYMENT,0.7493997,12353.23240917742
E00147,16387.61,SUBSCRIPTION_FAILED,Bank_C,E42,P008,UPI,ALTERNATE_PAYMENT,0.75367403,12350.916075749397
E01340,20383.65,SUBSCRIPTION_FAILED,Bank_B,E17,P013,NETBANKING,ALTERNATE_PAYMENT,0.60573596,12347.109752592445
E04832,20941.86,CHECKOUT_ABANDONED,Bank_C,E17,P020,WALLET,SEND_REMINDER,0.58945376,12344.258051573039
E00790,24485.21,SUBSCRIPTION_FAILED,Bank_A,E23,P005,UPI,ALTERNATE_PAYMENT,0.503948,12339.27195413351
E02331,22487.52,INVOICE_OVERDUE,Bank_C,E42,P018,UPI,ALTERNATE_PAYMENT,0.5486546,12337.881647672653
E02314,20856.32,INVOICE_OVERDUE,Bank_B,E23,P017,CARD,SEND_REMINDER,0.5915052,12336.622347564697
E04293,16225.84,SUBSCRIPTION_FAILED,Bank_C,E42,P011,WALLET,ALTERNATE_PAYMENT,0.75994307,12330.714630923272
E01362,19241.95,PAYMENT_FAILED,Bank_A,E17,P014,UPI,RETRY_PAYMENT,0.64076304,12329.530461370945
E00914,21023.71,CHECKOUT_ABANDONED,Bank_B,E11,P006,CARD,SEND_REMINDER,0.5863726,12327.727786719799
E01423,17068.76,INVOICE_OVERDUE,Bank_A,E42,P013,UPI,ALTERNATE_PAYMENT,0.7221029,12325.40076218605
E03670,21174.64,CHECKOUT_ABANDONED,Bank_B,E42,P014,CARD,ALTERNATE_PAYMENT,0.5819837,12323.295026197433
E04546,16442.32,INVOICE_OVERDUE,Bank_A,E42,P015,NETBANKING,ALTERNATE_PAYMENT,0.7493997,12321.870030827522
E03302,13989.7,SUBSCRIPTION_FAILED,Bank_A,E42,P005,CARD,ALTERNATE_PAYMENT,0.88059705,12319.28861975074
E02634,16437.37,INVOICE_OVERDUE,Bank_A,E42,P015,NETBANKING,ALTERNATE_PAYMENT,0.7493997,12318.16050220549
E04723,13747.05,SUBSCRIPTION_FAILED,Bank_A,E42,P017,NETBANKING,ALTERNATE_PAYMENT,0.8960246,12317.694768065214
E02830,16304.59,PAYMENT_FAILED,Bank_A,E42,P005,WALLET,ALTERNATE_PAYMENT,0.7551626,12312.616522570848
E01886,23243.44,INVOICE_OVERDUE,Bank_D,E11,P020,WALLET,SEND_REMINDER,0.52958566,12309.392501540184
E04973,24317.18,INVOICE_OVERDUE,Bank_B,E11,P005,UPI,SEND_REMINDER,0.506126,12307.556718248128
E02521,19029.83,PAYMENT_FAILED,Bank_D,E11,P008,UPI,RETRY_PAYMENT,0.64658666,12304.434154803754
E03558,18018.9,SUBSCRIPTION_FAILED,Bank_B,E23,P011,WALLET,ALTERNATE_PAYMENT,0.68271303,12301.73784813881
E01960,18211.08,PAYMENT_FAILED,Bank_D,E23,P016,UPI,RETRY_PAYMENT,0.67542845,12300.281539185049
E03569,13816.13,SUBSCRIPTION_FAILED,Bank_A,E42,P015,NETBANKING,ALTERNATE_PAYMENT,0.8899346,12295.452116802335
E03943,20769.08,CHECKOUT_ABANDONED,Bank_D,E42,P014,CARD,ALTERNATE_PAYMENT,0.59200144,12295.325228862763
E03661,16183.29,PAYMENT_FAILED,Bank_A,E42,P002,UPI,ALTERNATE_PAYMENT,0.7594132,12289.803766030669
E02244,19460.11,SUBSCRIPTION_FAILED,Bank_C,E11,P012,UPI,ALTERNATE_PAYMENT,0.63142,12287.50297318101
E03409,21811.89,INVOICE_OVERDUE,Bank_C,E23,P001,CARD,SEND_REMINDER,0.5633254,12287.191770701407
E04312,18429.12,PAYMENT_FAILED,Bank_B,E23,P016,WALLET,RETRY_PAYMENT,0.66672355,12287.128298091888
E03534,16707.17,INVOICE_OVERDUE,Bank_A,E42,P009,UPI,ALTERNATE_PAYMENT,0.7352769,12284.39579581201
E00197,22137.09,CHECKOUT_ABANDONED,Bank_D,E17,P014,UPI,SEND_REMINDER,0.55489075,12283.666513620616
E04998,22931.12,INVOICE_OVERDUE,Bank_D,E17,P005,WALLET,SEND_REMINDER,0.5353251,12275.604335474967
E00978,17943.69,SUBSCRIPTION_FAILED,Bank_A,E17,P012,NETBANKING,ALTERNATE_PAYMENT,0.6839042,12271.764433951377
E04892,21498.14,PAYMENT_FAILED,Bank_B,E42,P009,NETBANKING,ALTERNATE_PAYMENT,0.57061636,12267.190489861965
E01782,20458.38,SUBSCRIPTION_FAILED,Bank_C,E17,P009,NETBANKING,ALTERNATE_PAYMENT,0.5991542,12257.723776985407
E04656,16277.29,SUBSCRIPTION_FAILED,Bank_D,E42,P014,CARD,ALTERNATE_PAYMENT,0.7528008,12253.55729613185
E01802,14097.73,SUBSCRIPTION_FAILED,Bank_A,E42,P020,NETBANKING,ALTERNATE_PAYMENT,0.8691071,12252.43762019515
E00438,24911.39,INVOICE_OVERDUE,Bank_D,E17,P013,WALLET,SEND_REMINDER,0.49166572,12248.076523958443
E00641,21982.08,PAYMENT_FAILED,Bank_B,E11,P013,UPI,RETRY_PAYMENT,0.5570742,12245.649392623902
E03973,21315.76,CHECKOUT_ABANDONED,Bank_A,E11,P020,UPI,SEND_REMINDER,0.5743689,12243.109498105048
E03690,21955.09,INVOICE_OVERDUE,Bank_B,E17,P017,WALLET,SEND_REMINDER,0.5576196,12242.587882122994
E01805,18705.19,PAYMENT_FAILED,Bank_C,E17,P008,WALLET,RETRY_PAYMENT,0.6544792,12242.157891953586
E01866,16752.46,INVOICE_OVERDUE,Bank_A,E42,P008,CARD,ALTERNATE_PAYMENT,0.73074156,12241.718761929273
E00789,19022.99,SUBSCRIPTION_FAILED,Bank_C,E23,P014,WALLET,ALTERNATE_PAYMENT,0.64345676,12240.471455149056
E02633,22480.25,CHECKOUT_ABANDONED,Bank_C,E17,P010,NETBANKING,SEND_REMINDER,0.5443513,12237.15285627544
E04958,17839.11,SUBSCRIPTION_FAILED,Bank_B,E17,P003,NETBANKING,ALTERNATE_PAYMENT,0.68566006,12231.565308235287
E00140,21556.77,INVOICE_OVERDUE,Bank_B,E23,P011,UPI,SEND_REMINDER,0.5672603,12228.300355179907
E04470,20533.1,INVOICE_OVERDUE,Bank_D,E42,P006,NETBANKING,ALTERNATE_PAYMENT,0.5954374,12226.175831806659
E03611,22015.83,INVOICE_OVERDUE,Bank_D,E42,P016,NETBANKING,ALTERNATE_PAYMENT,0.555147,12222.021805431248
E04633,16331.09,SUBSCRIPTION_FAILED,Bank_C,E42,P018,CARD,ALTERNATE_PAYMENT,0.74829334,12220.445885307194
E00339,23093.94,INVOICE_OVERDUE,Bank_C,E17,P003,NETBANKING,SEND_REMINDER,0.5290813,12218.571450909376
E01134,21340.89,INVOICE_OVERDUE,Bank_B,E42,P008,CARD,ALTERNATE_PAYMENT,0.57247984,12217.22938001275
E00521,19234.58,SUBSCRIPTION_FAILED,Bank_C,E23,P006,UPI,ALTERNATE_PAYMENT,0.6349256,12212.52732161999
E02848,20530.44,PAYMENT_FAILED,Bank_C,E17,P009,UPI,RETRY_PAYMENT,0.59478045,12211.104241275787
E04541,21320.58,PAYMENT_FAILED,Bank_B,E17,P013,NETBANKING,RETRY_PAYMENT,0.5727267,12210.865991163255
E01231,19228.31,PAYMENT_FAILED,Bank_C,E23,P003,CARD,RETRY_PAYMENT,0.6347474,12205.119509288073
E01991,20854.51,CHECKOUT_ABANDONED,Bank_C,E23,P006,NETBANKING,SEND_REMINDER,0.58510655,12202.110432391763
E03480,17117.57,INVOICE_OVERDUE,Bank_A,E42,P014,WALLET,ALTERNATE_PAYMENT,0.7127095,12199.854524562954
E01023,16452.01,CHECKOUT_ABANDONED,Bank_A,E42,P004,WALLET,ALTERNATE_PAYMENT,0.7414708,12198.685242543219
E01916,22561.97,INVOICE_OVERDUE,Bank_A,E17,P017,CARD,SEND_REMINDER,0.54062176,12197.491874227524
E04412,21828.84,CHECKOUT_ABANDONED,Bank_C,E11,P014,WALLET,SEND_REMINDER,0.5585392,12192.263087017536
E03212,21122.43,PAYMENT_FAILED,Bank_C,E42,P005,UPI,ALTERNATE_PAYMENT,0.57699937,12187.62872436583
E02151,22339.7,INVOICE_OVERDUE,Bank_A,E23,P015,WALLET,SEND_REMINDER,0.5454293,12184.726695090532
E04682,24739.27,INVOICE_OVERDUE,Bank_D,E11,P001,UPI,SEND_REMINDER,0.4923886,12181.33467052579
E04334,16332.41,PAYMENT_FAILED,Bank_A,E42,P020,CARD,ALTERNATE_PAYMENT,0.7457892,12180.534502331018
E00057,21214.2,CHECKOUT_ABANDONED,Bank_C,E17,P018,WALLET,SEND_REMINDER,0.5741512,12180.158767569066
E02825,20772.13,CHECKOUT_ABANDONED,Bank_B,E11,P011,WALLET,SEND_REMINDER,0.5863634,12180.01625662148
E01702,21559.49,CHECKOUT_ABANDONED,Bank_B,E42,P012,NETBANKING,ALTERNATE_PAYMENT,0.56489515,12178.851403136254
E02448,21864.91,CHECKOUT_ABANDONED,Bank_D,E11,P001,CARD,SEND_REMINDER,0.5568254,12174.937243568897
E02726,20095.82,PAYMENT_FAILED,Bank_A,E17,P020,NETBANKING,RETRY_PAYMENT,0.60572237,12172.487672549487
E04578,13907.16,SUBSCRIPTION_FAILED,Bank_A,E42,P016,CARD,ALTERNATE_PAYMENT,0.8752317,12171.987056086064
E02325,22301.91,CHECKOUT_ABANDONED,Bank_C,E11,P003,UPI,SEND_REMINDER,0.5456853,12169.82425467968
E01531,17944.68,PAYMENT_FAILED,Bank_B,E11,P002,WALLET,RETRY_PAYMENT,0.67815286,12169.236049625873
E04859,16615.38,INVOICE_OVERDUE,Bank_A,E42,P020,WALLET,ALTERNATE_PAYMENT,0.7317228,12157.851913450957
E00814,21890.15,CHECKOUT_ABANDONED,Bank_A,E17,P012,UPI,SEND_REMINDER,0.5553335,12156.333508640528
E01314,17931.03,PAYMENT_FAILED,Bank_B,E23,P017,UPI,RETRY_PAYMENT,0.6779367,12156.10282461047
E04457,24345.33,INVOICE_OVERDUE,Bank_A,E11,P006,UPI,SEND_REMINDER,0.4991612,12152.244469178619
E02725,16827.29,INVOICE_OVERDUE,Bank_A,E42,P013,UPI,ALTERNATE_PAYMENT,0.7221029,12151.034579637051
E01467,18097.71,SUBSCRIPTION_FAILED,Bank_B,E17,P001,NETBANKING,ALTERNATE_PAYMENT,0.67128867,12148.787659826874
E00449,18764.63,PAYMENT_FAILED,Bank_A,E17,P008,WALLET,RETRY_PAYMENT,0.64727604,12145.89547149539
E00636,24627.78,INVOICE_OVERDUE,Bank_B,E11,P003,UPI,SEND_REMINDER,0.4930626,12143.036884197592
E02374,24359.03,PAYMENT_FAILED,Bank_D,E42,P011,WALLET,ALTERNATE_PAYMENT,0.49822876,12136.369276955425
E02272,22041.39,INVOICE_OVERDUE,Bank_C,E11,P007,UPI,SEND_REMINDER,0.5505262,12134.362717439531
E02939,18685.09,PAYMENT_FAILED,Bank_D,E11,P001,CARD,RETRY_PAYMENT,0.6489007,12124.767750634552
E03552,13754.08,SUBSCRIPTION_FAILED,Bank_A,E42,P010,UPI,ALTERNATE_PAYMENT,0.88127625,12121.14404302597
E02715,21438.83,INVOICE_OVERDUE,Bank_C,E42,P019,WALLET,ALTERNATE_PAYMENT,0.56502426,12113.458985401394
E03474,22114.11,CHECKOUT_ABANDONED,Bank_C,E42,P003,UPI,SEND_REMINDER,0.5473948,12105.149088365435
E04180,20412.94,PAYMENT_FAILED,Bank_D,E42,P010,UPI,ALTERNATE_PAYMENT,0.5926909,12098.563475419282
E03093,20613.85,SUBSCRIPTION_FAILED,Bank_A,E23,P013,WALLET,ALTERNATE_PAYMENT,0.5868066,12096.343135049938
E02877,18568.11,SUBSCRIPTION_FAILED,Bank_D,E23,P016,NETBANKING,ALTERNATE_PAYMENT,0.65142924,12095.809710060954
E01819,18727.06,PAYMENT_FAILED,Bank_A,E11,P007,CARD,RETRY_PAYMENT,0.6458118,12094.156255927086
E02246,21531.43,INVOICE_OVERDUE,Bank_C,E42,P009,WALLET,ALTERNATE_PAYMENT,0.56167734,12093.716257587672
E00495,21945.07,INVOICE_OVERDUE,Bank_B,E11,P015,WALLET,SEND_REMINDER,0.5503763,12078.046343013048
E02180,19487.53,SUBSCRIPTION_FAILED,Bank_C,E23,P006,NETBANKING,ALTERNATE_PAYMENT,0.6194274,12071.109707981943
E03917,19670.35,PAYMENT_FAILED,Bank_A,E23,P019,WALLET,RETRY_PAYMENT,0.6135079,12067.915641322732
E03275,19715.19,PAYMENT_FAILED,Bank_D,E17,P011,UPI,RETRY_PAYMENT,0.61208314,12067.335342448352
E00295,20455.31,PAYMENT_FAILED,Bank_B,E42,P007,WALLET,ALTERNATE_PAYMENT,0.5898582,12065.731811832191
E04291,23231.88,INVOICE_OVERDUE,Bank_B,E11,P010,NETBANKING,SEND_REMINDER,0.5192915,12064.118280415536
E01011,18759.47,CHECKOUT_ABANDONED,Bank_B,E42,P017,CARD,ALTERNATE_PAYMENT,0.64307547,12063.754915089608
E01366,21673.16,CHECKOUT_ABANDONED,Bank_D,E17,P010,NETBANKING,SEND_REMINDER,0.5563434,12057.719016783238
E02066,14248.46,SUBSCRIPTION_FAILED,Bank_A,E42,P020,WALLET,ALTERNATE_PAYMENT,0.84574574,12050.57437963128
E02296,18737.7,PAYMENT_FAILED,Bank_A,E17,P018,CARD,RETRY_PAYMENT,0.6430779,12049.80095320344
E00730,21256.27,CHECKOUT_ABANDONED,Bank_C,E42,P007,NETBANKING,ALTERNATE_PAYMENT,0.5668744,12049.6349810946
E01099,19475.58,SUBSCRIPTION_FAILED,Bank_C,E23,P016,UPI,ALTERNATE_PAYMENT,0.61846465,12044.957743388415
E03197,20480.39,PAYMENT_FAILED,Bank_D,E42,P007,WALLET,ALTERNATE_PAYMENT,0.5880191,12042.859942672849
E01071,21990.37,INVOICE_OVERDUE,Bank_D,E17,P001,NETBANKING,SEND_REMINDER,0.5475252,12040.282327600122
E00424,17637.23,PAYMENT_FAILED,Bank_B,E17,P020,WALLET,RETRY_PAYMENT,0.68232375,12034.300980829596
E00388,18435.33,SUBSCRIPTION_FAILED,Bank_B,E11,P016,WALLET,ALTERNATE_PAYMENT,0.6527299,12033.291632654073
E01742,18902.09,PAYMENT_FAILED,Bank_B,E23,P001,WALLET,RETRY_PAYMENT,0.63643366,12029.9263389498
E01339,18945.7,PAYMENT_FAILED,Bank_A,E23,P015,WALLET,RETRY_PAYMENT,0.63481385,12026.992666202785
E03443,16247.69,CHECKOUT_ABANDONED,Bank_A,E42,P007,CARD,ALTERNATE_PAYMENT,0.7402243,12026.934986357093
E02169,16692.17,INVOICE_OVERDUE,Bank_A,E42,P020,CARD,ALTERNATE_PAYMENT,0.7204947,12026.619808802008
E01101,18813.53,PAYMENT_FAILED,Bank_B,E17,P019,UPI,RETRY_PAYMENT,0.63923985,12026.358051148056
E02468,22304.99,CHECKOUT_ABANDONED,Bank_C,E23,P013,CARD,SEND_REMINDER,0.5389405,12021.062224256397
E00106,20609.12,PAYMENT_FAILED,Bank_B,E42,P020,CARD,ALTERNATE_PAYMENT,0.58297443,12014.59006515503
E01624,20175.95,SUBSCRIPTION_FAILED,Bank_C,E11,P010,CARD,ALTERNATE_PAYMENT,0.5949864,12004.415436342359
E04257,21587.88,INVOICE_OVERDUE,Bank_B,E11,P015,WALLET,SEND_REMINDER,0.5555009,11992.087299878598
E04547,21543.97,INVOICE_OVERDUE,Bank_C,E11,P001,WALLET,SEND_REMINDER,0.55651057,11989.446974459886
E01696,15953.72,INVOICE_OVERDUE,Bank_A,E42,P005,WALLET,ALTERNATE_PAYMENT,0.7511441,11983.542829039096
E01142,20739.58,INVOICE_OVERDUE,Bank_B,E42,P007,WALLET,ALTERNATE_PAYMENT,0.57775104,11982.313923676014
E00168,21028.85,CHECKOUT_ABANDONED,Bank_D,E42,P015,CARD,ALTERNATE_PAYMENT,0.56968844,11979.892738229035
E00628,16474.08,PAYMENT_FAILED,Bank_A,E42,P018,UPI,ALTERNATE_PAYMENT,0.7271241,11978.700510349276
E00228,18708.92,SUBSCRIPTION_FAILED,Bank_C,E23,P005,CARD,ALTERNATE_PAYMENT,0.6402058,11977.559105713366
E00111,22196.66,INVOICE_OVERDUE,Bank_D,E11,P014,CARD,SEND_REMINDER,0.5395321,11975.811137617826
E00257,20788.13,CHECKOUT_ABANDONED,Bank_A,E17,P020,UPI,SEND_REMINDER,0.57598394,11973.629054958225
E00155,17416.95,PAYMENT_FAILED,Bank_C,E17,P002,CARD,RETRY_PAYMENT,0.68744636,11973.218806993962
E02208,13476.19,SUBSCRIPTION_FAILED,Bank_A,E42,P007,NETBANKING,ALTERNATE_PAYMENT,0.88726616,11956.967340030671
E01103,19700.75,PAYMENT_FAILED,Bank_C,E17,P009,WALLET,RETRY_PAYMENT,0.60638905,11946.318992376328
E02584,24368.69,CHECKOUT_ABANDONED,Bank_A,E23,P010,CARD,SEND_REMINDER,0.49020526,11945.65997176498
E04978,16438.99,INVOICE_OVERDUE,Bank_A,E42,P008,UPI,ALTERNATE_PAYMENT,0.7265723,11944.114365661146
E04626,17515.36,PAYMENT_FAILED,Bank_D,E17,P008,CARD,RETRY_PAYMENT,0.68143576,11935.592720460892
E00221,19203.87,PAYMENT_FAILED,Bank_A,E23,P020,WALLET,RETRY_PAYMENT,0.6210718,11926.982405347824
E02723,15822.3,INVOICE_OVERDUE,Bank_A,E42,P005,UPI,ALTERNATE_PAYMENT,0.75362855,11924.137037676572
E01174,16285.56,CHECKOUT_ABANDONED,Bank_A,E42,P014,WALLET,ALTERNATE_PAYMENT,0.73205847,11921.98206309557
E02053,15777.78,CHECKOUT_ABANDONED,Bank_A,E42,P010,NETBANKING,ALTERNATE_PAYMENT,0.75561637,11921.948800767661
E03631,20824.05,CHECKOUT_ABANDONED,Bank_C,E42,P005,NETBANKING,ALTERNATE_PAYMENT,0.57241243,11919.945088765026
E00056,16598.18,INVOICE_OVERDUE,Bank_A,E42,P003,CARD,ALTERNATE_PAYMENT,0.7177354,11913.101523182393
E03291,20254.62,SUBSCRIPTION_FAILED,Bank_C,E11,P016,NETBANKING,ALTERNATE_PAYMENT,0.58767474,11903.128481061458
E03807,13536.5,SUBSCRIPTION_FAILED,Bank_A,E42,P012,NETBANKING,ALTERNATE_PAYMENT,0.8791806,11901.028329700232
E00576,20516.24,PAYMENT_FAILED,Bank_D,E42,P004,NETBANKING,ALTERNATE_PAYMENT,0.5799547,11898.489481568338
E01931,15395.1,SUBSCRIPTION_FAILED,Bank_B,E42,P010,WALLET,ALTERNATE_PAYMENT,0.7728136,11897.542933291197
E00577,19610.45,CHECKOUT_ABANDONED,Bank_B,E17,P002,CARD,SEND_REMINDER,0.60626066,11889.044307154418
E02970,18510.57,SUBSCRIPTION_FAILED,Bank_D,E23,P005,UPI,ALTERNATE_PAYMENT,0.6422606,11888.609999218583
E03002,15784.09,SUBSCRIPTION_FAILED,Bank_B,E42,P014,CARD,ALTERNATE_PAYMENT,0.7529661,11884.88478307426
E03961,21353.85,CHECKOUT_ABANDONED,Bank_C,E17,P010,NETBANKING,SEND_REMINDER,0.5565141,11883.718279865383
E02902,20161.54,PAYMENT_FAILED,Bank_A,E11,P010,NETBANKING,RETRY_PAYMENT,0.58933365,11881.874027378559
E03997,18453.86,SUBSCRIPTION_FAILED,Bank_D,E23,P011,CARD,ALTERNATE_PAYMENT,0.64361876,11877.250536421538
E04059,21891.69,CHECKOUT_ABANDONED,Bank_D,E11,P013,CARD,SEND_REMINDER,0.54229903,11871.842300469874
E02064,16047.02,PAYMENT_FAILED,Bank_A,E42,P007,WALLET,ALTERNATE_PAYMENT,0.73980093,11871.600320100784
E03223,20843.76,CHECKOUT_ABANDONED,Bank_D,E42,P012,UPI,ALTERNATE_PAYMENT,0.56945896,11869.665923080443
E04617,18090.42,SUBSCRIPTION_FAILED,Bank_B,E17,P014,NETBANKING,ALTERNATE_PAYMENT,0.6560742,11868.658297752141
E03122,20911.58,CHECKOUT_ABANDONED,Bank_C,E42,P008,NETBANKING,ALTERNATE_PAYMENT,0.5674361,11865.985380222799
E04661,20943.41,CHECKOUT_ABANDONED,Bank_D,E17,P006,WALLET,SEND_REMINDER,0.5665527,11865.545453642011
E00952,19756.78,PAYMENT_FAILED,Bank_A,E23,P012,UPI,RETRY_PAYMENT,0.60046434,11863.241942739485
E02586,19864.49,SUBSCRIPTION_FAILED,Bank_C,E17,P019,NETBANKING,ALTERNATE_PAYMENT,0.5971995,11863.063487949968
E04869,19746.92,SUBSCRIPTION_FAILED,Bank_A,E23,P019,CARD,ALTERNATE_PAYMENT,0.60054487,11858.911502320765
E04648,17244.18,PAYMENT_FAILED,Bank_C,E17,P017,CARD,RETRY_PAYMENT,0.6873062,11852.032264190913
E04092,18442.59,SUBSCRIPTION_FAILED,Bank_C,E17,P004,NETBANKING,ALTERNATE_PAYMENT,0.642314,11845.934063445926
E01672,17443.08,PAYMENT_FAILED,Bank_B,E23,P018,WALLET,RETRY_PAYMENT,0.67903787,11844.51187158823
E02416,21169.54,CHECKOUT_ABANDONED,Bank_B,E17,P012,CARD,SEND_REMINDER,0.55947566,11843.842370257378
E02012,17614.61,SUBSCRIPTION_FAILED,Bank_D,E17,P013,NETBANKING,ALTERNATE_PAYMENT,0.67226654,11841.712969434857
E04139,21466.16,CHECKOUT_ABANDONED,Bank_D,E17,P007,CARD,SEND_REMINDER,0.5515736,11840.16660291195
E02228,21029.99,CHECKOUT_ABANDONED,Bank_A,E23,P002,CARD,SEND_REMINDER,0.5628038,11835.758388471007
E02648,19638.04,INVOICE_OVERDUE,Bank_A,E11,P002,CARD,SEND_REMINDER,0.60253125,11832.532873027325
E00674,18516.37,PAYMENT_FAILED,Bank_C,E17,P018,UPI,RETRY_PAYMENT,0.6387686,11827.675988962053
E00712,18261.08,SUBSCRIPTION_FAILED,Bank_A,E11,P011,UPI,ALTERNATE_PAYMENT,0.64746785,11823.462236204148
E04333,22198.62,INVOICE_OVERDUE,Bank_D,E17,P014,UPI,SEND_REMINDER,0.53256184,11822.137882179022
E04803,15360.08,SUBSCRIPTION_FAILED,Bank_B,E42,P014,WALLET,ALTERNATE_PAYMENT,0.7696441,11821.794664788245
E04777,18585.15,SUBSCRIPTION_FAILED,Bank_C,E11,P016,CARD,ALTERNATE_PAYMENT,0.636047,11821.029007118941
E03018,16014.16,INVOICE_OVERDUE,Bank_A,E42,P009,UPI,ALTERNATE_PAYMENT,0.7378037,11815.306461734772
E04036,17379.49,SUBSCRIPTION_FAILED,Bank_B,E17,P001,CARD,ALTERNATE_PAYMENT,0.6794067,11807.741992352607
E00373,18019.39,SUBSCRIPTION_FAILED,Bank_D,E17,P005,UPI,ALTERNATE_PAYMENT,0.6551704,11805.770612934231
E02402,15887.19,CHECKOUT_ABANDONED,Bank_A,E42,P004,UPI,ALTERNATE_PAYMENT,0.7425324,11796.75288265586
E01980,18553.91,SUBSCRIPTION_FAILED,Bank_C,E23,P005,UPI,ALTERNATE_PAYMENT,0.63568616,11794.463784816266
E01080,19106.5,PAYMENT_FAILED,Bank_B,E23,P002,WALLET,RETRY_PAYMENT,0.6173005,11794.45220208168
E03601,20941.26,INVOICE_OVERDUE,Bank_C,E23,P001,NETBANKING,SEND_REMINDER,0.56316227,11793.327459794282
E00745,22003.3,INVOICE_OVERDUE,Bank_A,E17,P019,UPI,SEND_REMINDER,0.5359722,11793.156623798608
E03749,18102.21,PAYMENT_FAILED,Bank_B,E23,P010,CARD,RETRY_PAYMENT,0.65144014,11792.506281609534
E00959,16069.09,PAYMENT_FAILED,Bank_A,E42,P004,NETBANKING,ALTERNATE_PAYMENT,0.7332188,11782.158711749315
E03762,21712.94,INVOICE_OVERDUE,Bank_B,E17,P013,NETBANKING,ALTERNATE_PAYMENT,0.5425461,11780.270774616003
E02081,17526.83,PAYMENT_FAILED,Bank_A,E11,P020,CARD,RETRY_PAYMENT,0.6721166,11780.072996219993
E04568,17342.61,PAYMENT_FAILED,Bank_D,E23,P006,UPI,RETRY_PAYMENT,0.67919654,11779.040646581054
E01249,18243.52,PAYMENT_FAILED,Bank_D,E17,P019,WALLET,RETRY_PAYMENT,0.6453444,11773.353040733338
E04049,17447.36,SUBSCRIPTION_FAILED,Bank_C,E17,P015,NETBANKING,ALTERNATE_PAYMENT,0.6747774,11773.084018287658
E02096,20219.19,PAYMENT_FAILED,Bank_A,E17,P010,WALLET,RETRY_PAYMENT,0.582248,11772.5823828578
E04823,17868.17,PAYMENT_FAILED,Bank_A,E11,P016,WALLET,RETRY_PAYMENT,0.65865314,11768.926277769802
E04558,16137.16,INVOICE_OVERDUE,Bank_A,E42,P001,WALLET,ALTERNATE_PAYMENT,0.72922987,11767.699047954082
E01278,20666.68,SUBSCRIPTION_FAILED,Bank_C,E23,P019,NETBANKING,ALTERNATE_PAYMENT,0.56926113,11764.737686011791
E00507,18956.98,SUBSCRIPTION_FAILED,Bank_C,E17,P006,NETBANKING,ALTERNATE_PAYMENT,0.6202093,11757.294853764772
E01634,17821.23,PAYMENT_FAILED,Bank_B,E11,P011,WALLET,RETRY_PAYMENT,0.6595597,11754.165588526725
E04686,16024.26,PAYMENT_FAILED,Bank_A,E42,P012,CARD,ALTERNATE_PAYMENT,0.7332503,11749.793772085904
E00254,18614.06,PAYMENT_FAILED,Bank_D,E42,P009,WALLET,ALTERNATE_PAYMENT,0.6309805,11745.108730182648
E02918,19917.6,CHECKOUT_ABANDONED,Bank_B,E42,P018,NETBANKING,ALTERNATE_PAYMENT,0.5896039,11743.494656753539
E03244,18506.03,SUBSCRIPTION_FAILED,Bank_D,E23,P016,CARD,ALTERNATE_PAYMENT,0.63454974,11742.996468981504
E04415,22404.61,INVOICE_OVERDUE,Bank_B,E23,P018,WALLET,SEND_REMINDER,0.5240081,11740.19701124251
E02035,16092.42,CHECKOUT_ABANDONED,Bank_A,E42,P004,CARD,ALTERNATE_PAYMENT,0.72932315,11736.57442504406
E04761,13447.31,SUBSCRIPTION_FAILED,Bank_A,E42,P003,WALLET,ALTERNATE_PAYMENT,0.8726336,11734.574218167067
E04449,19021.83,PAYMENT_FAILED,Bank_D,E11,P002,UPI,RETRY_PAYMENT,0.6168408,11733.440450068118
E01334,15788.59,PAYMENT_FAILED,Bank_A,E42,P016,NETBANKING,ALTERNATE_PAYMENT,0.74272317,11726.551566358208
E01255,19799.24,PAYMENT_FAILED,Bank_C,E17,P009,NETBANKING,RETRY_PAYMENT,0.59152937,11711.831950893404
E01833,17896.36,SUBSCRIPTION_FAILED,Bank_D,E23,P020,UPI,ALTERNATE_PAYMENT,0.6539945,11704.121021420957
E03415,19402.73,PAYMENT_FAILED,Bank_C,E11,P019,NETBANKING,RETRY_PAYMENT,0.6031162,11702.101064206958
E01658,18976.05,PAYMENT_FAILED,Bank_D,E23,P001,UPI,RETRY_PAYMENT,0.6166253,11701.11269466877
E03818,22565.83,CHECKOUT_ABANDONED,Bank_D,E11,P015,CARD,SEND_REMINDER,0.5184679,11699.658562650682
E02333,17656.2,SUBSCRIPTION_FAILED,Bank_D,E23,P003,UPI,ALTERNATE_PAYMENT,0.66251075,11697.422351431847
E02466,16971.66,SUBSCRIPTION_FAILED,Bank_A,E11,P004,CARD,ALTERNATE_PAYMENT,0.68899554,11693.398048807383
E03445,22570.69,INVOICE_OVERDUE,Bank_B,E17,P003,UPI,SEND_REMINDER,0.5177698,11686.42195271492
E04645,18353.11,SUBSCRIPTION_FAILED,Bank_A,E23,P008,WALLET,ALTERNATE_PAYMENT,0.6366686,11684.849262176156
E00075,17500.26,PAYMENT_FAILED,Bank_D,E23,P009,CARD,RETRY_PAYMENT,0.667666,11684.328908325433
E03371,21432.96,INVOICE_OVERDUE,Bank_D,E17,P006,UPI,SEND_REMINDER,0.544737,11675.32593269348
E04879,18430.5,SUBSCRIPTION_FAILED,Bank_C,E23,P018,NETBANKING,ALTERNATE_PAYMENT,0.6331134,11668.59622836113
E02590,17477.93,SUBSCRIPTION_FAILED,Bank_D,E11,P013,UPI,ALTERNATE_PAYMENT,0.6675432,11667.272846810818
E01473,17296.29,PAYMENT_FAILED,Bank_D,E17,P017,UPI,RETRY_PAYMENT,0.67415357,11660.355588304998
E00985,17258.92,SUBSCRIPTION_FAILED,Bank_D,E11,P003,UPI,ALTERNATE_PAYMENT,0.67538726,11656.454746279715
E01580,18751.98,CHECKOUT_ABANDONED,Bank_A,E23,P016,WALLET,SEND_REMINDER,0.6212138,11648.988636209964
E04765,20371.13,INVOICE_OVERDUE,Bank_D,E42,P004,NETBANKING,ALTERNATE_PAYMENT,0.57153845,11642.884031004905
E00077,17290.62,PAYMENT_FAILED,Bank_B,E17,P015,NETBANKING,RETRY_PAYMENT,0.6729542,11635.795378968714
E04868,21455.93,INVOICE_OVERDUE,Bank_A,E11,P013,NETBANKING,SEND_REMINDER,0.54226714,11634.84587709248
E02006,19789.93,CHECKOUT_ABANDONED,Bank_C,E42,P020,CARD,ALTERNATE_PAYMENT,0.587873,11633.965163168907
E02467,17627.31,SUBSCRIPTION_FAILED,Bank_B,E23,P010,CARD,ALTERNATE_PAYMENT,0.65996176,11633.350532442928
E04311,22633.28,INVOICE_OVERDUE,Bank_C,E11,P018,UPI,SEND_REMINDER,0.51398057,11633.066097774505
E01917,19605.68,CHECKOUT_ABANDONED,Bank_D,E42,P020,NETBANKING,ALTERNATE_PAYMENT,0.59303564,11626.86695374012
E02834,17085.76,SUBSCRIPTION_FAILED,Bank_D,E23,P009,CARD,ALTERNATE_PAYMENT,0.6804839,11626.584217548369
E00288,21960.88,SUBSCRIPTION_FAILED,Bank_D,E11,P019,NETBANKING,ALTERNATE_PAYMENT,0.52895737,11616.369260559082
E02026,17468.78,SUBSCRIPTION_FAILED,Bank_D,E11,P011,NETBANKING,ALTERNATE_PAYMENT,0.6648522,11614.156848181485
E03036,19438.66,CHECKOUT_ABANDONED,Bank_A,E11,P018,NETBANKING,SEND_REMINDER,0.59743035,11613.245416157246
E01643,17287.92,SUBSCRIPTION_FAILED,Bank_D,E17,P013,CARD,ALTERNATE_PAYMENT,0.67151,11609.010833415983
E01542,20882.62,CHECKOUT_ABANDONED,Bank_C,E23,P010,WALLET,SEND_REMINDER,0.55578876,11606.32537964344
E01646,18770.92,CHECKOUT_ABANDONED,Bank_D,E42,P001,WALLET,ALTERNATE_PAYMENT,0.6182819,11605.720098917483
E04907,17323.29,SUBSCRIPTION_FAILED,Bank_B,E23,P012,NETBANKING,ALTERNATE_PAYMENT,0.6697931,11603.020613107681
E04299,21193.89,INVOICE_OVERDUE,Bank_A,E17,P014,CARD,ALTERNATE_PAYMENT,0.54734623,11600.395882126093
E04026,17748.18,PAYMENT_FAILED,Bank_B,E17,P006,UPI,RETRY_PAYMENT,0.65359426,11600.108492646217
E03874,18268.94,PAYMENT_FAILED,Bank_B,E17,P014,NETBANKING,RETRY_PAYMENT,0.6348164,11597.422871642111
E04289,13335.62,SUBSCRIPTION_FAILED,Bank_A,E42,P012,UPI,ALTERNATE_PAYMENT,0.86949736,11595.286367946865
E02191,19988.04,CHECKOUT_ABANDONED,Bank_B,E23,P006,UPI,SEND_REMINDER,0.57976216,11588.309260118009
E03975,21052.3,CHECKOUT_ABANDONED,Bank_C,E42,P017,UPI,ALTERNATE_PAYMENT,0.55043644,11587.953005391359
E02361,21370.95,INVOICE_OVERDUE,Bank_C,E17,P003,NETBANKING,SEND_REMINDER,0.542126,11585.74763815105
E01404,18682.56,CHECKOUT_ABANDONED,Bank_B,E17,P015,NETBANKING,SEND_REMINDER,0.61983365,11580.079322605134
E04630,19620.39,PAYMENT_FAILED,Bank_A,E17,P002,WALLET,RETRY_PAYMENT,0.5901377,11578.732222230434
E03922,15699.98,PAYMENT_FAILED,Bank_A,E42,P008,CARD,ALTERNATE_PAYMENT,0.7370671,11571.93878181696
E02534,20789.98,INVOICE_OVERDUE,Bank_B,E17,P011,CARD,SEND_REMINDER,0.5558648,11556.418302221298
E03866,20735.12,CHECKOUT_ABANDONED,Bank_C,E23,P011,UPI,SEND_REMINDER,0.55729216,11555.519882578848
E00629,21577.94,INVOICE_OVERDUE,Bank_D,E17,P008,WALLET,SEND_REMINDER,0.5355186,11555.387931307554
E04535,19386.15,PAYMENT_FAILED,Bank_A,E11,P003,WALLET,RETRY_PAYMENT,0.5959783,11553.725101384522
E00760,17950.28,PAYMENT_FAILED,Bank_D,E11,P019,NETBANKING,RETRY_PAYMENT,0.6435314,11551.568497192859
E03446,20359.87,INVOICE_OVERDUE,Bank_B,E23,P017,CARD,SEND_REMINDER,0.5671972,11548.061330395936
E04746,15382.8,CHECKOUT_ABANDONED,Bank_A,E42,P011,NETBANKING,ALTERNATE_PAYMENT,0.75065446,11547.167411899565
E04972,18987.4,PAYMENT_FAILED,Bank_D,E17,P002,NETBANKING,RETRY_PAYMENT,0.6081132,11546.489129531385
E01560,14921.3,CHECKOUT_ABANDONED,Bank_A,E42,P020,WALLET,ALTERNATE_PAYMENT,0.77312636,11536.050411486625
E02093,15720.53,PAYMENT_FAILED,Bank_A,E42,P010,CARD,ALTERNATE_PAYMENT,0.733788,11535.536479210854
E01321,20789.83,CHECKOUT_ABANDONED,Bank_C,E17,P010,NETBANKING,SEND_REMINDER,0.5547268,11532.67544143975
E04069,22924.39,INVOICE_OVERDUE,Bank_D,E17,P015,WALLET,SEND_REMINDER,0.5029077,11528.85209718287
E02702,21452.5,CHECKOUT_ABANDONED,Bank_C,E11,P005,NETBANKING,SEND_REMINDER,0.53725326,11525.425573289394
E02609,13096.67,SUBSCRIPTION_FAILED,Bank_A,E42,P012,NETBANKING,ALTERNATE_PAYMENT,0.8791806,11514.338321924806
E02205,15164.47,CHECKOUT_ABANDONED,Bank_A,E42,P009,WALLET,ALTERNATE_PAYMENT,0.7591856,11512.647440664172
E03192,21281.81,INVOICE_OVERDUE,Bank_B,E11,P016,NETBANKING,SEND_REMINDER,0.5407389,11507.90211727202
E00640,23700.0,INVOICE_OVERDUE,Bank_C,E17,P015,CARD,SEND_REMINDER,0.48539898,11503.955778479576
E00603,17762.9,PAYMENT_FAILED,Bank_B,E23,P009,UPI,RETRY_PAYMENT,0.64761525,11503.52499395013
E02338,17569.99,SUBSCRIPTION_FAILED,Bank_B,E23,P012,CARD,ALTERNATE_PAYMENT,0.654473,11499.084183433653
E00361,17524.29,SUBSCRIPTION_FAILED,Bank_D,E17,P005,CARD,ALTERNATE_PAYMENT,0.6559514,11495.082221807243
E01589,19354.16,PAYMENT_FAILED,Bank_B,E42,P017,UPI,ALTERNATE_PAYMENT,0.5938533,11493.53168504238
E01072,20844.73,INVOICE_OVERDUE,Bank_B,E23,P004,UPI,SEND_REMINDER,0.55137783,11493.322054567932
E02194,20762.41,PAYMENT_FAILED,Bank_D,E42,P016,UPI,ALTERNATE_PAYMENT,0.5534027,11489.974206827283
E00966,20654.54,CHECKOUT_ABANDONED,Bank_B,E11,P011,UPI,SEND_REMINDER,0.5562762,11489.62906942606
E00886,18448.86,SUBSCRIPTION_FAILED,Bank_D,E11,P016,NETBANKING,ALTERNATE_PAYMENT,0.62276477,11489.299984856845
E02542,15133.12,CHECKOUT_ABANDONED,Bank_A,E42,P009,WALLET,ALTERNATE_PAYMENT,0.7591856,11488.84697172165
E00930,18944.61,INVOICE_OVERDUE,Bank_D,E42,P012,CARD,ALTERNATE_PAYMENT,0.60637575,11487.552170704008
E01529,15206.73,CHECKOUT_ABANDONED,Bank_A,E42,P005,UPI,ALTERNATE_PAYMENT,0.75529784,11485.610317012668
E02893,16429.77,SUBSCRIPTION_FAILED,Bank_A,E11,P015,NETBANKING,ALTERNATE_PAYMENT,0.6987445,11480.211026846766
E03062,15036.0,PAYMENT_FAILED,Bank_A,E42,P020,NETBANKING,ALTERNATE_PAYMENT,0.7628572,11470.320839881897
E04342,16883.34,SUBSCRIPTION_FAILED,Bank_D,E23,P010,NETBANKING,ALTERNATE_PAYMENT,0.67919654,11467.106053243875
E02750,21478.48,INVOICE_OVERDUE,Bank_B,E11,P013,WALLET,ALTERNATE_PAYMENT,0.53332734,11455.060628833771
E04286,17358.49,SUBSCRIPTION_FAILED,Bank_D,E17,P015,UPI,ALTERNATE_PAYMENT,0.65986484,11454.257276687027
E03716,21366.69,INVOICE_OVERDUE,Bank_D,E17,P014,NETBANKING,SEND_REMINDER,0.5360782,11454.217028081417
E03177,17043.93,SUBSCRIPTION_FAILED,Bank_D,E11,P007,NETBANKING,ALTERNATE_PAYMENT,0.67168236,11448.107088375093
E04997,21039.73,INVOICE_OVERDUE,Bank_D,E23,P005,CARD,SEND_REMINDER,0.5435675,11436.512987719178
E02901,17800.62,PAYMENT_FAILED,Bank_B,E11,P003,UPI,RETRY_PAYMENT,0.642453,11436.061985210179
E00949,16642.19,SUBSCRIPTION_FAILED,Bank_A,E23,P002,CARD,ALTERNATE_PAYMENT,0.68701756,11433.476766942738
E03554,17579.61,PAYMENT_FAILED,Bank_C,E11,P019,CARD,RETRY_PAYMENT,0.6503019,11432.053321632744
E01283,20481.51,INVOICE_OVERDUE,Bank_B,E11,P019,NETBANKING,SEND_REMINDER,0.55779374,11424.4579911983
E03988,14662.36,SUBSCRIPTION_FAILED,Bank_D,E42,P015,UPI,ALTERNATE_PAYMENT,0.7786705,11417.147042648792
E03323,16854.11,PAYMENT_FAILED,Bank_C,E23,P016,NETBANKING,RETRY_PAYMENT,0.67730016,11415.291318131089
E00149,22367.54,INVOICE_OVERDUE,Bank_D,E11,P003,UPI,SEND_REMINDER,0.51000357,11407.525179243088
E04111,15154.66,CHECKOUT_ABANDONED,Bank_A,E42,P003,UPI,ALTERNATE_PAYMENT,0.7519949,11396.22715028882
E03191,19671.3,CHECKOUT_ABANDONED,Bank_D,E42,P010,NETBANKING,ALTERNATE_PAYMENT,0.5793159,11395.896879458427
E02497,17112.05,PAYMENT_FAILED,Bank_B,E23,P020,NETBANKING,RETRY_PAYMENT,0.66594285,11395.647307476402
E01437,21440.9,INVOICE_OVERDUE,Bank_B,E17,P013,CARD,SEND_REMINDER,0.53138345,11393.33951601386
E03739,17305.04,PAYMENT_FAILED,Bank_C,E17,P012,UPI,RETRY_PAYMENT,0.65826976,11391.384579381944
E00883,15252.94,INVOICE_OVERDUE,Bank_A,E42,P015,NETBANKING,ALTERNATE_PAYMENT,0.7467847,11390.662024374009
E03991,16826.26,SUBSCRIPTION_FAILED,Bank_A,E17,P010,NETBANKING,ALTERNATE_PAYMENT,0.676933,11390.250501588582
E02462,20440.23,INVOICE_OVERDUE,Bank_D,E42,P018,WALLET,ALTERNATE_PAYMENT,0.5571893,11389.077154371142
E02524,15889.2,PAYMENT_FAILED,Bank_A,E42,P006,UPI,ALTERNATE_PAYMENT,0.7162348,11380.398035001755
E01343,17378.54,PAYMENT_FAILED,Bank_D,E17,P019,NETBANKING,RETRY_PAYMENT,0.6548444,11380.23965595007
E02778,18633.5,SUBSCRIPTION_FAILED,Bank_C,E23,P006,UPI,ALTERNATE_PAYMENT,0.6107236,11379.918474376202
E02510,22466.33,INVOICE_OVERDUE,Bank_D,E11,P013,WALLET,SEND_REMINDER,0.50643677,11377.775490979553
E02961,18493.24,CHECKOUT_ABANDONED,Bank_D,E42,P004,WALLET,ALTERNATE_PAYMENT,0.6151103,11375.381999917032
E04491,15218.64,PAYMENT_FAILED,Bank_A,E42,P009,WALLET,ALTERNATE_PAYMENT,0.7474012,11374.429461779593
E01687,22461.86,INVOICE_OVERDUE,Bank_D,E17,P010,NETBANKING,SEND_REMINDER,0.5063362,11373.253110427857
E00050,23711.14,CHECKOUT_ABANDONED,Bank_D,E23,P012,CARD,SEND_REMINDER,0.47963056,11372.587348918318
E01310,15878.26,PAYMENT_FAILED,Bank_A,E42,P006,UPI,ALTERNATE_PAYMENT,0.7162348,11372.56242625475
E01044,15541.5,PAYMENT_FAILED,Bank_A,E42,P012,NETBANKING,ALTERNATE_PAYMENT,0.7317216,11372.05093601346
E03406,20729.27,CHECKOUT_ABANDONED,Bank_A,E17,P011,CARD,SEND_REMINDER,0.5485881,11371.830783478617
E03418,16659.39,SUBSCRIPTION_FAILED,Bank_A,E17,P018,CARD,ALTERNATE_PAYMENT,0.68254304,11370.750683848857
E03505,18330.06,INVOICE_OVERDUE,Bank_B,E11,P002,WALLET,SEND_REMINDER,0.62022,11368.669914239646
E00074,20207.29,CHECKOUT_ABANDONED,Bank_D,E23,P017,NETBANKING,SEND_REMINDER,0.5625507,11367.625610539317
E03560,20223.58,CHECKOUT_ABANDONED,Bank_B,E23,P020,CARD,SEND_REMINDER,0.56193876,11364.413521852493
E02236,15142.54,SUBSCRIPTION_FAILED,Bank_C,E42,P001,UPI,ALTERNATE_PAYMENT,0.7504728,11364.064151272774
E01743,14612.7,SUBSCRIPTION_FAILED,Bank_C,E42,P009,NETBANKING,ALTERNATE_PAYMENT,0.7772944,11358.369840216637
E04745,19349.43,PAYMENT_FAILED,Bank_A,E11,P009,CARD,RETRY_PAYMENT,0.58646387,11347.74157335341
E00093,18806.41,PAYMENT_FAILED,Bank_D,E42,P001,CARD,ALTERNATE_PAYMENT,0.60332805,11346.434657433629
E02267,21704.17,INVOICE_OVERDUE,Bank_B,E11,P010,NETBANKING,SEND_REMINDER,0.52273214,11345.46720137
E04754,22595.6,INVOICE_OVERDUE,Bank_C,E42,P003,NETBANKING,ALTERNATE_PAYMENT,0.5014343,11330.209460449218
E04113,17236.08,SUBSCRIPTION_FAILED,Bank_C,E23,P010,NETBANKING,ALTERNATE_PAYMENT,0.65724856,11328.388701682092
E04234,19236.55,CHECKOUT_ABANDONED,Bank_D,E42,P008,NETBANKING,ALTERNATE_PAYMENT,0.58846956,11320.124208959936
E04616,18045.69,PAYMENT_FAILED,Bank_B,E11,P011,UPI,RETRY_PAYMENT,0.62682205,11311.436478615402
E02539,14620.96,CHECKOUT_ABANDONED,Bank_A,E42,P020,WALLET,ALTERNATE_PAYMENT,0.7735684,11310.312513771056
E00030,21209.31,INVOICE_OVERDUE,Bank_B,E11,P015,CARD,SEND_REMINDER,0.533195,11308.698443512918
E02034,19218.2,CHECKOUT_ABANDONED,Bank_B,E42,P004,NETBANKING,ALTERNATE_PAYMENT,0.5883308,11306.659082448483
E03641,17125.82,PAYMENT_FAILED,Bank_C,E17,P009,CARD,RETRY_PAYMENT,0.6601447,11305.519078361987
E00335,20167.69,CHECKOUT_ABANDONED,Bank_D,E11,P018,WALLET,SEND_REMINDER,0.56049573,11303.90421396613
E00172,16506.09,PAYMENT_FAILED,Bank_B,E17,P007,CARD,RETRY_PAYMENT,0.6844859,11298.186072535515
E04325,20755.57,INVOICE_OVERDUE,Bank_C,E23,P001,CARD,SEND_REMINDER,0.54394346,11289.856658785939
E02919,21435.79,INVOICE_OVERDUE,Bank_C,E23,P011,WALLET,SEND_REMINDER,0.5266095,11288.290233456493
E04350,16040.4,INVOICE_OVERDUE,Bank_A,E42,P010,WALLET,ALTERNATE_PAYMENT,0.703739,11288.254854226112
E00778,20010.92,INVOICE_OVERDUE,Bank_D,E11,P002,CARD,SEND_REMINDER,0.5640999,11288.158128495215
E01040,20031.61,INVOICE_OVERDUE,Bank_C,E42,P019,WALLET,ALTERNATE_PAYMENT,0.56339616,11285.732069169879
E04837,22209.52,INVOICE_OVERDUE,Bank_C,E11,P013,WALLET,SEND_REMINDER,0.508096,11284.567822856903
E01937,21409.18,INVOICE_OVERDUE,Bank_D,E23,P017,CARD,SEND_REMINDER,0.5268724,11279.905973038674
E04306,20652.83,CHECKOUT_ABANDONED,Bank_C,E42,P002,CARD,ALTERNATE_PAYMENT,0.54596585,11275.739893150927
E02667,16739.84,PAYMENT_FAILED,Bank_B,E17,P015,WALLET,RETRY_PAYMENT,0.67353237,11274.824054260254
E02184,20180.96,CHECKOUT_ABANDONED,Bank_B,E17,P008,WALLET,SEND_REMINDER,0.5586845,11274.790109643936
E04876,17177.49,SUBSCRIPTION_FAILED,Bank_D,E23,P014,CARD,ALTERNATE_PAYMENT,0.65626955,11273.063637986184
E00465,15185.5,INVOICE_OVERDUE,Bank_A,E42,P003,NETBANKING,ALTERNATE_PAYMENT,0.7422696,11271.734640210867
E04553,19563.31,PAYMENT_FAILED,Bank_D,E42,P002,NETBANKING,ALTERNATE_PAYMENT,0.57615995,11271.595791077614
E04416,18292.08,CHECKOUT_ABANDONED,Bank_D,E42,P002,NETBANKING,ALTERNATE_PAYMENT,0.6159204,11266.465677881242
E04685,15146.89,PAYMENT_FAILED,Bank_A,E42,P002,UPI,ALTERNATE_PAYMENT,0.7436558,11264.072612873315
E02676,17964.27,PAYMENT_FAILED,Bank_D,E11,P006,UPI,RETRY_PAYMENT,0.6269825,11263.283096532226
E04789,18404.65,SUBSCRIPTION_FAILED,Bank_D,E11,P016,UPI,ALTERNATE_PAYMENT,0.6119266,11262.295179143548
E01889,20240.85,CHECKOUT_ABANDONED,Bank_B,E42,P007,CARD,ALTERNATE_PAYMENT,0.5563792,11261.5879106462
E00857,19127.77,INVOICE_OVERDUE,Bank_B,E23,P005,NETBANKING,SEND_REMINDER,0.58837837,11254.366130666138
E03594,16207.64,INVOICE_OVERDUE,Bank_A,E42,P017,WALLET,ALTERNATE_PAYMENT,0.69386417,11245.900623366831
E00356,12770.89,SUBSCRIPTION_FAILED,Bank_A,E42,P010,UPI,ALTERNATE_PAYMENT,0.8803795,11243.229727275968
E00955,15418.98,CHECKOUT_ABANDONED,Bank_A,E42,P004,CARD,ALTERNATE_PAYMENT,0.7289662,11239.914896281958
E00062,17783.17,PAYMENT_FAILED,Bank_A,E23,P015,WALLET,RETRY_PAYMENT,0.6319784,11238.57919195056
E01497,16726.66,SUBSCRIPTION_FAILED,Bank_B,E11,P008,UPI,ALTERNATE_PAYMENT,0.6718029,11237.01833368063
E04935,20252.24,CHECKOUT_ABANDONED,Bank_D,E23,P019,NETBANKING,SEND_REMINDER,0.5547469,11234.867881188393
E02823,20349.04,CHECKOUT_ABANDONED,Bank_B,E17,P001,UPI,SEND_REMINDER,0.5520923,11234.548576526642
E00157,19380.87,CHECKOUT_ABANDONED,Bank_A,E11,P014,NETBANKING,SEND_REMINDER,0.57952416,11231.682395800352
E00364,12588.83,SUBSCRIPTION_FAILED,Bank_A,E42,P002,NETBANKING,ALTERNATE_PAYMENT,0.892116,11230.696792548299
E02490,17523.97,SUBSCRIPTION_FAILED,Bank_D,E23,P004,CARD,ALTERNATE_PAYMENT,0.64074033,11228.314408113361
E02412,16740.61,SUBSCRIPTION_FAILED,Bank_B,E23,P010,WALLET,ALTERNATE_PAYMENT,0.6706531,11227.142072446346
E00183,15001.31,CHECKOUT_ABANDONED,Bank_A,E42,P020,CARD,ALTERNATE_PAYMENT,0.7481562,11223.322933386564
E02529,16952.56,PAYMENT_FAILED,Bank_B,E17,P012,NETBANKING,RETRY_PAYMENT,0.6615758,11215.403346061707
E01603,19245.91,CHECKOUT_ABANDONED,Bank_D,E42,P015,CARD,ALTERNATE_PAYMENT,0.58267504,11214.111374625563
E03998,22109.34,INVOICE_OVERDUE,Bank_D,E17,P010,CARD,ALTERNATE_PAYMENT,0.506996,11209.346411379576
E04029,17031.24,PAYMENT_FAILED,Bank_C,E23,P015,NETBANKING,RETRY_PAYMENT,0.6581115,11208.455118892194
E03932,16178.14,PAYMENT_FAILED,Bank_B,E23,P016,CARD,RETRY_PAYMENT,0.69271684,11206.86996819973
E03208,15407.45,INVOICE_OVERDUE,Bank_A,E42,P010,UPI,ALTERNATE_PAYMENT,0.7270117,11201.396118307113
E02626,21377.96,CHECKOUT_ABANDONED,Bank_C,E23,P012,CARD,SEND_REMINDER,0.5236755,11195.113920767308
E03352,21580.94,INVOICE_OVERDUE,Bank_C,E23,P010,UPI,SEND_REMINDER,0.51851606,11190.064059534072
E00109,14871.26,PAYMENT_FAILED,Bank_A,E42,P015,WALLET,ALTERNATE_PAYMENT,0.7524554,11189.960090209246
E01265,19502.2,PAYMENT_FAILED,Bank_A,E23,P018,UPI,RETRY_PAYMENT,0.5736437,11187.31386165619
E04563,17107.75,SUBSCRIPTION_FAILED,Bank_B,E17,P005,WALLET,ALTERNATE_PAYMENT,0.65390956,11186.921343833208
E00972,19431.31,PAYMENT_FAILED,Bank_C,E42,P010,WALLET,ALTERNATE_PAYMENT,0.57570326,11186.668576859236
E00407,16819.63,SUBSCRIPTION_FAILED,Bank_D,E17,P018,WALLET,ALTERNATE_PAYMENT,0.664864,11182.766541851164
E01097,17033.26,PAYMENT_FAILED,Bank_D,E11,P001,UPI,RETRY_PAYMENT,0.6562522,11178.11443967223
E01620,19004.58,INVOICE_OVERDUE,Bank_B,E23,P002,NETBANKING,SEND_REMINDER,0.58815265,11177.594032473566
E01297,12622.11,SUBSCRIPTION_FAILED,Bank_A,E42,P014,NETBANKING,ALTERNATE_PAYMENT,0.8853785,11175.344565657379
E02756,20327.44,INVOICE_OVERDUE,Bank_D,E42,P010,CARD,ALTERNATE_PAYMENT,0.5497526,11175.062849874495
E01758,15845.49,INVOICE_OVERDUE,Bank_A,E42,P018,WALLET,ALTERNATE_PAYMENT,0.7051287,11173.110229523778
E00192,19722.62,INVOICE_OVERDUE,Bank_D,E42,P019,UPI,ALTERNATE_PAYMENT,0.56650853,11173.032494921683
E01775,15281.22,PAYMENT_FAILED,Bank_A,E42,P016,WALLET,ALTERNATE_PAYMENT,0.7311051,11172.177710995673
E01285,17787.49,CHECKOUT_ABANDONED,Bank_D,E42,P013,WALLET,ALTERNATE_PAYMENT,0.6278882,11168.555126061441
E00847,19888.33,CHECKOUT_ABANDONED,Bank_B,E11,P013,NETBANKING,SEND_REMINDER,0.5612182,11161.692805652023
E02736,18768.6,CHECKOUT_ABANDONED,Bank_A,E17,P012,NETBANKING,SEND_REMINDER,0.5946658,11161.045009982585
E00570,16484.94,SUBSCRIPTION_FAILED,Bank_A,E23,P005,UPI,ALTERNATE_PAYMENT,0.67696106,11159.662527959346
E04157,15157.91,PAYMENT_FAILED,Bank_A,E42,P016,NETBANKING,ALTERNATE_PAYMENT,0.73609924,11157.726078948974
E04573,14859.87,SUBSCRIPTION_FAILED,Bank_C,E42,P019,NETBANKING,ALTERNATE_PAYMENT,0.7505866,11153.61972939849
E00728,14938.03,CHECKOUT_ABANDONED,Bank_A,E42,P010,WALLET,ALTERNATE_PAYMENT,0.74654907,11151.972402361036
E00145,14798.75,PAYMENT_FAILED,Bank_A,E42,P003,UPI,ALTERNATE_PAYMENT,0.7533388,11148.4727704525
E04331,18028.58,PAYMENT_FAILED,Bank_A,E23,P012,UPI,RETRY_PAYMENT,0.6183261,11147.542056249382
E02470,22340.18,INVOICE_OVERDUE,Bank_D,E11,P011,UPI,SEND_REMINDER,0.49886456,11144.724095495343
E01322,19242.03,CHECKOUT_ABANDONED,Bank_A,E17,P016,UPI,SEND_REMINDER,0.57912165,11143.476148812175
E03803,16155.24,SUBSCRIPTION_FAILED,Bank_A,E17,P014,UPI,ALTERNATE_PAYMENT,0.68919235,11134.067896006107
E01193,20289.8,INVOICE_OVERDUE,Bank_B,E23,P017,UPI,SEND_REMINDER,0.5486432,11131.860226929188
E02455,15324.6,INVOICE_OVERDUE,Bank_A,E42,P012,CARD,ALTERNATE_PAYMENT,0.7259947,11125.57847392559
E04819,16475.82,SUBSCRIPTION_FAILED,Bank_B,E11,P009,CARD,ALTERNATE_PAYMENT,0.67521936,11124.792586673499
E02197,20788.7,INVOICE_OVERDUE,Bank_A,E11,P018,WALLET,SEND_REMINDER,0.5350214,11122.399883210659
E01261,17779.12,PAYMENT_FAILED,Bank_A,E11,P008,UPI,RETRY_PAYMENT,0.62557876,11122.239863061905
E02745,21686.3,INVOICE_OVERDUE,Bank_C,E17,P014,CARD,ALTERNATE_PAYMENT,0.51267576,11118.040381288529
E01669,17613.24,PAYMENT_FAILED,Bank_A,E11,P011,CARD,RETRY_PAYMENT,0.6308731,11111.719039235117
E04011,17196.33,PAYMENT_FAILED,Bank_B,E17,P014,NETBANKING,RETRY_PAYMENT,0.6461291,11111.04873976171
E00787,19427.16,INVOICE_OVERDUE,Bank_D,E42,P017,CARD,ALTERNATE_PAYMENT,0.5718293,11109.019672908782
E03315,15461.95,PAYMENT_FAILED,Bank_A,E42,P011,CARD,ALTERNATE_PAYMENT,0.71830523,11106.39955317378
E04118,18178.57,CHECKOUT_ABANDONED,Bank_C,E11,P016,WALLET,SEND_REMINDER,0.610756,11102.670335617662
E03309,15037.08,CHECKOUT_ABANDONED,Bank_A,E42,P014,UPI,ALTERNATE_PAYMENT,0.73791635,11096.107193741798
E02579,15102.01,PAYMENT_FAILED,Bank_A,E42,P012,CARD,ALTERNATE_PAYMENT,0.73462063,11094.248111658693
E01978,14740.85,PAYMENT_FAILED,Bank_A,E42,P007,CARD,ALTERNATE_PAYMENT,0.75259304,11093.861120557785
E04174,14528.59,SUBSCRIPTION_FAILED,Bank_B,E42,P003,WALLET,ALTERNATE_PAYMENT,0.76321673,11088.463008444309
E00511,20312.49,CHECKOUT_ABANDONED,Bank_A,E11,P020,UPI,SEND_REMINDER,0.5457302,11085.138693700434
E02161,14566.31,SUBSCRIPTION_FAILED,Bank_C,E42,P010,NETBANKING,ALTERNATE_PAYMENT,0.7609927,11084.855660741925
E00028,19884.46,CHECKOUT_ABANDONED,Bank_A,E17,P007,NETBANKING,SEND_REMINDER,0.55737704,11083.141464477778
E00039,22267.16,INVOICE_OVERDUE,Bank_D,E17,P018,CARD,SEND_REMINDER,0.49761012,11080.364203423262
E01162,21171.5,INVOICE_OVERDUE,Bank_B,E11,P003,WALLET,SEND_REMINDER,0.5232773,11078.564990997314
E04102,20594.29,CHECKOUT_ABANDONED,Bank_B,E17,P010,CARD,SEND_REMINDER,0.5375847,11071.175665304065
E04874,19455.07,INVOICE_OVERDUE,Bank_B,E42,P009,NETBANKING,ALTERNATE_PAYMENT,0.5685696,11061.56137919724
E03096,16661.65,PAYMENT_FAILED,Bank_C,E17,P020,CARD,RETRY_PAYMENT,0.6630925,11048.215052837135
E01220,14316.73,SUBSCRIPTION_FAILED,Bank_C,E42,P010,NETBANKING,ALTERNATE_PAYMENT,0.77117467,11040.699522717
E04038,19293.21,CHECKOUT_ABANDONED,Bank_A,E17,P001,WALLET,SEND_REMINDER,0.5719444,11034.64371790588
E01968,18494.73,INVOICE_OVERDUE,Bank_B,E17,P009,NETBANKING,ALTERNATE_PAYMENT,0.5966103,11034.146556007861
E03533,17859.99,PAYMENT_FAILED,Bank_A,E23,P011,UPI,RETRY_PAYMENT,0.6176368,11030.987068279983
E04071,14852.55,CHECKOUT_ABANDONED,Bank_A,E42,P018,UPI,ALTERNATE_PAYMENT,0.7426982,11030.962040448188
E04637,17001.45,SUBSCRIPTION_FAILED,Bank_B,E23,P004,NETBANKING,ALTERNATE_PAYMENT,0.64842,11024.079804950952
E04304,18576.05,INVOICE_OVERDUE,Bank_D,E42,P009,UPI,ALTERNATE_PAYMENT,0.593423,11023.455484825372
E04960,20068.83,PAYMENT_FAILED,Bank_C,E42,P017,UPI,ALTERNATE_PAYMENT,0.5485487,11008.730575418473
E04185,16322.23,SUBSCRIPTION_FAILED,Bank_B,E11,P003,UPI,ALTERNATE_PAYMENT,0.6741444,11003.539741824865
E01940,16747.45,PAYMENT_FAILED,Bank_B,E23,P006,WALLET,RETRY_PAYMENT,0.65701425,11003.313313812017
E00830,12297.55,SUBSCRIPTION_FAILED,Bank_A,E42,P004,NETBANKING,ALTERNATE_PAYMENT,0.89475614,11003.308348855375
E04313,14764.95,INVOICE_OVERDUE,Bank_A,E42,P002,UPI,ALTERNATE_PAYMENT,0.7451005,11001.37160089016
E01247,20453.45,CHECKOUT_ABANDONED,Bank_D,E23,P018,CARD,SEND_REMINDER,0.53772235,10998.27718256712
E01000,19049.9,INVOICE_OVERDUE,Bank_D,E17,P003,NETBANKING,SEND_REMINDER,0.57689786,10989.846535086632
E04649,18002.12,PAYMENT_FAILED,Bank_A,E11,P004,NETBANKING,RETRY_PAYMENT,0.6103598,10987.770145688057
E04954,14522.58,PAYMENT_FAILED,Bank_A,E42,P020,NETBANKING,ALTERNATE_PAYMENT,0.756475,10985.968295545577
E01344,17454.59,PAYMENT_FAILED,Bank_D,E11,P009,NETBANKING,RETRY_PAYMENT,0.628925,10977.628460198044
E01262,16949.53,PAYMENT_FAILED,Bank_A,E11,P007,CARD,RETRY_PAYMENT,0.64756966,10976.001317768096
E01218,20607.19,INVOICE_OVERDUE,Bank_B,E17,P011,CARD,SEND_REMINDER,0.5323346,10969.920775811075
E01503,21464.44,INVOICE_OVERDUE,Bank_D,E11,P019,UPI,SEND_REMINDER,0.5110287,10968.945020267964
E02254,17616.47,INVOICE_OVERDUE,Bank_D,E42,P013,NETBANKING,ALTERNATE_PAYMENT,0.6225748,10967.570396413805
E01413,16519.87,SUBSCRIPTION_FAILED,Bank_B,E11,P018,CARD,ALTERNATE_PAYMENT,0.66370946,10964.394024872183
E00290,17355.24,PAYMENT_FAILED,Bank_C,E11,P019,UPI,RETRY_PAYMENT,0.6316408,10962.277537093163
E02869,15095.64,PAYMENT_FAILED,Bank_A,E42,P012,NETBANKING,ALTERNATE_PAYMENT,0.72566605,10954.393392791748
E03573,16332.89,PAYMENT_FAILED,Bank_D,E23,P006,UPI,RETRY_PAYMENT,0.67069423,10954.375114678143
E03124,12288.58,SUBSCRIPTION_FAILED,Bank_A,E42,P012,NETBANKING,ALTERNATE_PAYMENT,0.8913996,10954.03556646824
E03176,18296.89,CHECKOUT_ABANDONED,Bank_A,E17,P004,WALLET,SEND_REMINDER,0.5985648,10951.874369346498
E00081,18730.13,INVOICE_OVERDUE,Bank_C,E17,P020,NETBANKING,SEND_REMINDER,0.5846707,10950.958639330269
E04162,16101.88,SUBSCRIPTION_FAILED,Bank_B,E17,P015,NETBANKING,ALTERNATE_PAYMENT,0.6796727,10944.00854528427
E00916,19518.1,CHECKOUT_ABANDONED,Bank_A,E11,P012,UPI,SEND_REMINDER,0.5606139,10942.117588162422
E01368,19051.05,PAYMENT_FAILED,Bank_C,E42,P010,CARD,ALTERNATE_PAYMENT,0.57432866,10941.564036476611
E01759,16634.69,PAYMENT_FAILED,Bank_C,E17,P017,WALLET,RETRY_PAYMENT,0.6577538,10941.530978311299
E01808,18730.26,CHECKOUT_ABANDONED,Bank_C,E42,P014,WALLET,ALTERNATE_PAYMENT,0.5838996,10936.591643965243
E00478,16919.44,PAYMENT_FAILED,Bank_A,E11,P007,WALLET,RETRY_PAYMENT,0.6457645,10925.97421447277
E00525,20528.56,INVOICE_OVERDUE,Bank_B,E23,P016,UPI,SEND_REMINDER,0.53220654,10925.43379310608
E04499,14292.71,INVOICE_OVERDUE,Bank_A,E42,P003,NETBANKING,ALTERNATE_PAYMENT,0.7643753,10924.994908803701
E03447,20489.85,CHECKOUT_ABANDONED,Bank_A,E17,P011,CARD,SEND_REMINDER,0.53301394,10921.375675588846
E04619,21213.56,INVOICE_OVERDUE,Bank_C,E23,P004,UPI,SEND_REMINDER,0.51475406,10919.76607193947
E01045,16317.7,PAYMENT_FAILED,Bank_B,E23,P007,CARD,RETRY_PAYMENT,0.66905963,10917.514393126965
E02594,17040.12,INVOICE_OVERDUE,Bank_C,E42,P020,WALLET,ALTERNATE_PAYMENT,0.6406414,10916.60618433237
E01771,20547.6,PAYMENT_FAILED,Bank_B,E42,P016,UPI,ALTERNATE_PAYMENT,0.5310627,10912.064390802383
E01495,19430.81,CHECKOUT_ABANDONED,Bank_A,E23,P003,NETBANKING,SEND_REMINDER,0.56120825,10904.730840010643
E03236,12940.55,SUBSCRIPTION_FAILED,Bank_A,E42,P020,WALLET,ALTERNATE_PAYMENT,0.84227055,10899.44420607388
E04763,16714.47,PAYMENT_FAILED,Bank_B,E11,P012,WALLET,RETRY_PAYMENT,0.65141255,10888.015468348862
E03001,16451.9,PAYMENT_FAILED,Bank_B,E11,P008,WALLET,RETRY_PAYMENT,0.66167897,10885.876244241
E03040,18384.32,CHECKOUT_ABANDONED,Bank_C,E17,P010,WALLET,SEND_REMINDER,0.59176767,10879.246187477112
E00602,14528.79,INVOICE_OVERDUE,Bank_A,E42,P020,UPI,ALTERNATE_PAYMENT,0.7487514,10878.45188042879
E01844,20990.39,INVOICE_OVERDUE,Bank_D,E23,P015,UPI,SEND_REMINDER,0.51823145,10877.88027749002
E01025,18604.71,CHECKOUT_ABANDONED,Bank_A,E17,P003,UPI,SEND_REMINDER,0.58452153,10874.85359270811
E03555,18229.42,CHECKOUT_ABANDONED,Bank_B,E23,P020,WALLET,SEND_REMINDER,0.5965107,10874.044236682652
E01059,14501.17,PAYMENT_FAILED,Bank_A,E42,P020,WALLET,ALTERNATE_PAYMENT,0.7497828,10872.727855656147
E01224,14232.32,PAYMENT_FAILED,Bank_A,E42,P015,NETBANKING,ALTERNATE_PAYMENT,0.76387775,10871.75257095337
E01135,16474.08,SUBSCRIPTION_FAILED,Bank_D,E11,P001,CARD,ALTERNATE_PAYMENT,0.65988,10870.91562163353
E01392,17979.4,CHECKOUT_ABANDONED,Bank_B,E11,P018,NETBANKING,SEND_REMINDER,0.6046024,10870.388327419758
E03823,17504.99,PAYMENT_FAILED,Bank_D,E11,P011,UPI,RETRY_PAYMENT,0.6208704,10868.330342783333
E02562,22283.12,INVOICE_OVERDUE,Bank_D,E23,P015,CARD,SEND_REMINDER,0.48767233,10866.861026649474
E04395,14627.09,PAYMENT_FAILED,Bank_A,E42,P019,CARD,ALTERNATE_PAYMENT,0.7423911,10859.02157336712
E02241,19411.96,CHECKOUT_ABANDONED,Bank_D,E11,P002,NETBANKING,SEND_REMINDER,0.55930096,10857.127846210002
E01727,20646.14,CHECKOUT_ABANDONED,Bank_B,E42,P016,UPI,ALTERNATE_PAYMENT,0.52568865,10853.441427640915
E04962,19860.66,INVOICE_OVERDUE,Bank_A,E17,P014,NETBANKING,ALTERNATE_PAYMENT,0.5462423,10848.732532292604
E04487,18234.34,PAYMENT_FAILED,Bank_B,E42,P017,CARD,ALTERNATE_PAYMENT,0.5944702,10839.771799963713
E04383,20035.17,CHECKOUT_ABANDONED,Bank_D,E17,P015,WALLET,SEND_REMINDER,0.5407372,10833.76196182072
E03764,20724.56,INVOICE_OVERDUE,Bank_B,E11,P003,UPI,SEND_REMINDER,0.5226772,10832.25464284897
E04991,14506.85,PAYMENT_FAILED,Bank_A,E42,P002,NETBANKING,ALTERNATE_PAYMENT,0.7466529,10831.581639376283
E01391,21110.71,INVOICE_OVERDUE,Bank_C,E17,P013,NETBANKING,SEND_REMINDER,0.5129286,10828.287032541037
E00103,14542.23,PAYMENT_FAILED,Bank_A,E42,P001,WALLET,ALTERNATE_PAYMENT,0.74453163,10827.150227108
E04147,20427.95,PAYMENT_FAILED,Bank_A,E17,P003,WALLET,RETRY_PAYMENT,0.5297444,10821.591843736172
E03465,12369.92,SUBSCRIPTION_FAILED,Bank_A,E42,P019,WALLET,ALTERNATE_PAYMENT,0.87480676,10821.289658203124
E03444,19027.32,CHECKOUT_ABANDONED,Bank_D,E17,P005,WALLET,SEND_REMINDER,0.5686988,10820.81449744463
E00099,15296.84,INVOICE_OVERDUE,Bank_A,E42,P018,CARD,ALTERNATE_PAYMENT,0.70732975,10819.910013923645
E00571,20510.27,CHECKOUT_ABANDONED,Bank_A,E17,P007,CARD,SEND_REMINDER,0.5274968,10819.10209420681
E01411,14460.56,CHECKOUT_ABANDONED,Bank_A,E42,P005,CARD,ALTERNATE_PAYMENT,0.74797636,10816.157071480751
E01568,16506.25,SUBSCRIPTION_FAILED,Bank_D,E23,P020,NETBANKING,ALTERNATE_PAYMENT,0.6552109,10815.075119957328
E02792,16464.46,SUBSCRIPTION_FAILED,Bank_D,E23,P007,UPI,ALTERNATE_PAYMENT,0.65667766,10811.84312072873
E04528,14926.51,PAYMENT_FAILED,Bank_A,E42,P010,CARD,ALTERNATE_PAYMENT,0.7242208,10810.08919731319
E00209,20226.6,INVOICE_OVERDUE,Bank_A,E17,P016,CARD,SEND_REMINDER,0.5343748,10808.584793722628
E02998,14913.32,PAYMENT_FAILED,Bank_A,E42,P014,WALLET,ALTERNATE_PAYMENT,0.7244172,10803.465660648346
E01496,14207.74,INVOICE_OVERDUE,Bank_A,E42,P002,WALLET,ALTERNATE_PAYMENT,0.7596399,10792.76645999074
E03809,19405.65,INVOICE_OVERDUE,Bank_B,E23,P014,WALLET,ALTERNATE_PAYMENT,0.5558793,10787.199038538338
E02520,18107.05,CHECKOUT_ABANDONED,Bank_D,E42,P019,WALLET,ALTERNATE_PAYMENT,0.5954818,10782.418961247802
E01276,18697.08,PAYMENT_FAILED,Bank_B,E42,P001,UPI,ALTERNATE_PAYMENT,0.57651436,10779.135171561242
E02645,20709.26,INVOICE_OVERDUE,Bank_D,E17,P015,NETBANKING,SEND_REMINDER,0.52031577,10775.354487121105
E02813,17944.17,PAYMENT_FAILED,Bank_C,E23,P013,CARD,RETRY_PAYMENT,0.59975845,10762.167517846226
E01144,20681.8,INVOICE_OVERDUE,Bank_C,E42,P014,UPI,ALTERNATE_PAYMENT,0.5201948,10758.565404284
E02670,14486.15,CHECKOUT_ABANDONED,Bank_A,E42,P013,CARD,ALTERNATE_PAYMENT,0.7425441,10756.605425563454
E02336,20460.89,INVOICE_OVERDUE,Bank_D,E23,P002,WALLET,SEND_REMINDER,0.52569,10756.085655531288
E02392,14378.68,PAYMENT_FAILED,Bank_A,E42,P020,WALLET,ALTERNATE_PAYMENT,0.7477678,10751.913997540474
E00645,19674.84,INVOICE_OVERDUE,Bank_B,E11,P009,NETBANKING,SEND_REMINDER,0.5464536,10751.387052226066
E01225,14214.33,PAYMENT_FAILED,Bank_A,E42,P007,NETBANKING,ALTERNATE_PAYMENT,0.75616604,10748.393640108705
E00849,13998.86,CHECKOUT_ABANDONED,Bank_A,E42,P008,WALLET,ALTERNATE_PAYMENT,0.7676825,10746.679740220308
E01979,16177.03,PAYMENT_FAILED,Bank_D,E11,P018,NETBANKING,RETRY_PAYMENT,0.6641276,10743.611919305326
E04613,20174.73,CHECKOUT_ABANDONED,Bank_A,E11,P008,UPI,SEND_REMINDER,0.5322523,10738.046680555344
E01156,14743.55,INVOICE_OVERDUE,Bank_A,E42,P010,WALLET,ALTERNATE_PAYMENT,0.7282909,10737.593527060746
E02441,20580.65,INVOICE_OVERDUE,Bank_D,E11,P001,NETBANKING,SEND_REMINDER,0.5216766,10736.443517366053
E03364,17378.13,PAYMENT_FAILED,Bank_D,E42,P006,NETBANKING,ALTERNATE_PAYMENT,0.61759347,10732.619560770394
E01576,19276.01,CHECKOUT_ABANDONED,Bank_D,E11,P010,NETBANKING,SEND_REMINDER,0.5566565,10730.115871874094
E00024,14738.79,INVOICE_OVERDUE,Bank_A,E42,P010,CARD,ALTERNATE_PAYMENT,0.727885,10728.144274971486
E02948,14998.81,INVOICE_OVERDUE,Bank_A,E42,P007,WALLET,ALTERNATE_PAYMENT,0.7151755,10726.781582936048
E04052,19884.48,INVOICE_OVERDUE,Bank_A,E11,P020,CARD,ALTERNATE_PAYMENT,0.5391938,10721.588511829375
E00965,18140.75,CHECKOUT_ABANDONED,Bank_C,E11,P017,WALLET,SEND_REMINDER,0.59081817,10717.884658157825
E01462,19231.92,CHECKOUT_ABANDONED,Bank_C,E11,P007,WALLET,SEND_REMINDER,0.55725193,10717.024542160034
E01185,12237.16,SUBSCRIPTION_FAILED,Bank_A,E42,P020,UPI,ALTERNATE_PAYMENT,0.87550116,10713.647724361419
E00212,20511.37,INVOICE_OVERDUE,Bank_B,E17,P004,WALLET,SEND_REMINDER,0.5220957,10708.897672739029
E00508,14511.26,PAYMENT_FAILED,Bank_A,E42,P001,NETBANKING,ALTERNATE_PAYMENT,0.73793447,10708.358959696294
E04125,12064.61,SUBSCRIPTION_FAILED,Bank_A,E42,P016,NETBANKING,ALTERNATE_PAYMENT,0.8873635,10705.694476621748
E02445,16664.93,SUBSCRIPTION_FAILED,Bank_C,E23,P016,UPI,ALTERNATE_PAYMENT,0.64232415,10704.286990537048
E03057,16813.75,SUBSCRIPTION_FAILED,Bank_C,E17,P013,UPI,ALTERNATE_PAYMENT,0.6366186,10703.946224451065
E00748,19461.59,CHECKOUT_ABANDONED,Bank_B,E17,P019,UPI,SEND_REMINDER,0.5499674,10703.240211366416
E01812,14750.96,INVOICE_OVERDUE,Bank_A,E42,P018,CARD,ALTERNATE_PAYMENT,0.72532296,10699.209996700287
E03753,14023.15,CHECKOUT_ABANDONED,Bank_A,E42,P008,NETBANKING,ALTERNATE_PAYMENT,0.76290524,10698.334617131948
E01677,16729.77,SUBSCRIPTION_FAILED,Bank_C,E17,P005,CARD,ALTERNATE_PAYMENT,0.6394682,10698.155792112351
E01150,14869.25,CHECKOUT_ABANDONED,Bank_A,E42,P015,CARD,ALTERNATE_PAYMENT,0.7188292,10688.45129878819
E01046,15398.82,INVOICE_OVERDUE,Bank_A,E42,P004,WALLET,ALTERNATE_PAYMENT,0.6940395,10687.389696825743
E04163,20053.87,INVOICE_OVERDUE,Bank_B,E23,P019,NETBANKING,SEND_REMINDER,0.53250396,10678.765238796472
E02022,13703.73,INVOICE_OVERDUE,Bank_A,E42,P002,CARD,ALTERNATE_PAYMENT,0.779127,10676.946067861318
E00222,19105.16,INVOICE_OVERDUE,Bank_C,E17,P020,CARD,SEND_REMINDER,0.55884415,10676.806883862018
E04560,21071.66,INVOICE_OVERDUE,Bank_C,E11,P012,CARD,SEND_REMINDER,0.50652444,10673.310857784749
E01966,17834.31,SUBSCRIPTION_FAILED,Bank_D,E23,P019,NETBANKING,ALTERNATE_PAYMENT,0.59773326,10660.160241901875
E03118,16747.86,PAYMENT_FAILED,Bank_B,E17,P009,WALLET,RETRY_PAYMENT,0.6365077,10660.141680253744
E02463,17784.28,CHECKOUT_ABANDONED,Bank_D,E17,P017,NETBANKING,SEND_REMINDER,0.5993864,10659.65545951128
E03289,18146.15,PAYMENT_FAILED,Bank_D,E42,P003,CARD,ALTERNATE_PAYMENT,0.58724374,10656.212916210294
E00467,19275.39,CHECKOUT_ABANDONED,Bank_A,E11,P017,CARD,SEND_REMINDER,0.5523683,10647.11408369422
E03502,12064.52,SUBSCRIPTION_FAILED,Bank_A,E42,P008,NETBANKING,ALTERNATE_PAYMENT,0.8823476,10645.100071353912
E02401,18363.82,CHECKOUT_ABANDONED,Bank_A,E11,P015,UPI,SEND_REMINDER,0.5793745,10639.528886772394
E03331,19369.23,INVOICE_OVERDUE,Bank_B,E17,P014,WALLET,ALTERNATE_PAYMENT,0.5492517,10638.582032693625
E02984,19188.05,INVOICE_OVERDUE,Bank_B,E23,P018,NETBANKING,SEND_REMINDER,0.5538377,10627.065797612071
E00671,18803.9,CHECKOUT_ABANDONED,Bank_C,E11,P007,WALLET,SEND_REMINDER,0.5649049,10622.415779519082
E02186,15669.7,SUBSCRIPTION_FAILED,Bank_B,E17,P020,CARD,ALTERNATE_PAYMENT,0.67779905,10620.907711726428
E03392,14078.98,PAYMENT_FAILED,Bank_A,E42,P003,WALLET,ALTERNATE_PAYMENT,0.7536542,10610.682154692411
E00856,14526.28,CHECKOUT_ABANDONED,Bank_A,E42,P001,UPI,ALTERNATE_PAYMENT,0.7303959,10609.935544896127
E04524,21219.89,CHECKOUT_ABANDONED,Bank_A,E23,P013,UPI,SEND_REMINDER,0.49986652,10607.112471429407
E03653,16849.32,PAYMENT_FAILED,Bank_A,E11,P020,NETBANKING,RETRY_PAYMENT,0.629145,10600.665872969626
E04251,20584.76,INVOICE_OVERDUE,Bank_A,E17,P008,CARD,ALTERNATE_PAYMENT,0.5146057,10593.03484909296
E00517,18041.1,CHECKOUT_ABANDONED,Bank_D,E42,P005,UPI,ALTERNATE_PAYMENT,0.58715504,10592.922865730523
E01329,14034.57,PAYMENT_FAILED,Bank_A,E42,P009,WALLET,ALTERNATE_PAYMENT,0.75468624,10591.69681253314
E02226,19936.0,INVOICE_OVERDUE,Bank_C,E17,P005,UPI,SEND_REMINDER,0.5312668,10591.335094451904
E01003,13393.32,CHECKOUT_ABANDONED,Bank_A,E42,P002,UPI,ALTERNATE_PAYMENT,0.79042417,10586.403819229603
E03204,11930.9,SUBSCRIPTION_FAILED,Bank_A,E42,P014,NETBANKING,ALTERNATE_PAYMENT,0.88713366,10584.302959424256
E03799,18039.8,CHECKOUT_ABANDONED,Bank_D,E23,P002,NETBANKING,SEND_REMINDER,0.5864066,10578.657576203346
E00545,14640.1,INVOICE_OVERDUE,Bank_A,E42,P011,CARD,ALTERNATE_PAYMENT,0.7225063,10577.5642588377
E03767,14167.89,PAYMENT_FAILED,Bank_A,E42,P013,CARD,ALTERNATE_PAYMENT,0.74621296,10572.263123788833
E03598,19020.1,INVOICE_OVERDUE,Bank_A,E11,P013,NETBANKING,ALTERNATE_PAYMENT,0.5557846,10571.078348863124
E04208,18128.95,INVOICE_OVERDUE,Bank_D,E42,P017,UPI,ALTERNATE_PAYMENT,0.58304864,10570.059672614932
E02085,17675.39,CHECKOUT_ABANDONED,Bank_C,E11,P015,WALLET,SEND_REMINDER,0.597921,10568.487108677626
E04955,16059.93,SUBSCRIPTION_FAILED,Bank_D,E23,P011,CARD,ALTERNATE_PAYMENT,0.65805584,10568.330757370592
E02391,18226.7,PAYMENT_FAILED,Bank_C,E23,P013,WALLET,RETRY_PAYMENT,0.579803,10567.89515709877
E03061,14601.53,PAYMENT_FAILED,Bank_A,E42,P004,CARD,ALTERNATE_PAYMENT,0.72351253,10564.389916943312
E01892,19365.65,INVOICE_OVERDUE,Bank_B,E23,P010,WALLET,ALTERNATE_PAYMENT,0.5453931,10561.892067533732
E01690,16931.94,SUBSCRIPTION_FAILED,Bank_A,E23,P019,UPI,ALTERNATE_PAYMENT,0.62346005,10556.388233456611
E03248,17442.21,INVOICE_OVERDUE,Bank_B,E42,P015,NETBANKING,ALTERNATE_PAYMENT,0.6050669,10553.7038550961
E04867,11857.2,SUBSCRIPTION_FAILED,Bank_A,E42,P010,NETBANKING,ALTERNATE_PAYMENT,0.8896248,10548.458875679971
E00285,20067.79,CHECKOUT_ABANDONED,Bank_D,E17,P009,WALLET,SEND_REMINDER,0.52563953,10548.423783941269
E00627,11827.6,SUBSCRIPTION_FAILED,Bank_A,E42,P018,NETBANKING,ALTERNATE_PAYMENT,0.89132947,10542.288407397271
E04386,18793.2,INVOICE_OVERDUE,Bank_C,E23,P004,WALLET,SEND_REMINDER,0.56072134,10537.748245453835
E00816,16019.05,SUBSCRIPTION_FAILED,Bank_A,E11,P014,WALLET,ALTERNATE_PAYMENT,0.65766597,10535.184023749827
E00214,15974.11,SUBSCRIPTION_FAILED,Bank_C,E23,P015,NETBANKING,ALTERNATE_PAYMENT,0.6590489,10527.719862142802
E02286,13944.32,INVOICE_OVERDUE,Bank_A,E42,P016,NETBANKING,ALTERNATE_PAYMENT,0.7546563,10523.169144287109
E03895,13959.12,SUBSCRIPTION_FAILED,Bank_D,E42,P003,UPI,ALTERNATE_PAYMENT,0.7534318,10517.244866523743
E02915,13461.75,SUBSCRIPTION_FAILED,Bank_C,E42,P009,NETBANKING,ALTERNATE_PAYMENT,0.7809209,10512.562231913209
E01869,17926.06,PAYMENT_FAILED,Bank_D,E42,P001,UPI,ALTERNATE_PAYMENT,0.58631355,10510.291799100638
E04023,14154.13,PAYMENT_FAILED,Bank_A,E42,P014,NETBANKING,ALTERNATE_PAYMENT,0.74239594,10507.968610036969
E02356,18442.73,CHECKOUT_ABANDONED,Bank_C,E42,P005,NETBANKING,ALTERNATE_PAYMENT,0.56959516,10504.889710147976
E05000,14754.65,INVOICE_OVERDUE,Bank_A,E42,P017,WALLET,ALTERNATE_PAYMENT,0.7115811,10499.130238741636
E01082,14352.53,PAYMENT_FAILED,Bank_A,E42,P002,WALLET,ALTERNATE_PAYMENT,0.73130894,10496.133458604812
E04497,18402.13,CHECKOUT_ABANDONED,Bank_C,E17,P013,WALLET,SEND_REMINDER,0.5701077,10491.195980703831
E03525,18185.82,CHECKOUT_ABANDONED,Bank_A,E23,P002,NETBANKING,SEND_REMINDER,0.5767135,10488.007946344615
E04436,14246.5,INVOICE_OVERDUE,Bank_A,E42,P012,CARD,ALTERNATE_PAYMENT,0.73598653,10485.232110768557
E01550,20302.93,INVOICE_OVERDUE,Bank_C,E42,P015,WALLET,ALTERNATE_PAYMENT,0.5163738,10483.901382264496
E04570,14040.98,PAYMENT_FAILED,Bank_A,E42,P013,CARD,ALTERNATE_PAYMENT,0.74621296,10477.561237125396
E02808,19303.85,INVOICE_OVERDUE,Bank_C,E17,P016,NETBANKING,SEND_REMINDER,0.54264724,10475.180973023176
E02227,13758.18,CHECKOUT_ABANDONED,Bank_A,E42,P020,UPI,ALTERNATE_PAYMENT,0.76111114,10471.5040675807
E02285,11542.0,SUBSCRIPTION_FAILED,Bank_A,E42,P005,NETBANKING,ALTERNATE_PAYMENT,0.9072296,10471.24407017231
E03700,20114.63,CHECKOUT_ABANDONED,Bank_C,E23,P003,WALLET,SEND_REMINDER,0.52052885,10470.245281204581
E03747,16067.12,SUBSCRIPTION_FAILED,Bank_A,E11,P004,NETBANKING,ALTERNATE_PAYMENT,0.65154636,10468.473536615373
E00220,21377.48,INVOICE_OVERDUE,Bank_D,E11,P013,WALLET,SEND_REMINDER,0.4894024,10462.190303730964
E01468,19189.75,CHECKOUT_ABANDONED,Bank_C,E17,P019,UPI,SEND_REMINDER,0.54511964,10460.709673315287
E01430,16787.21,CHECKOUT_ABANDONED,Bank_B,E17,P002,NETBANKING,SEND_REMINDER,0.623129,10460.597551327943
E03079,16134.33,PAYMENT_FAILED,Bank_C,E17,P019,CARD,RETRY_PAYMENT,0.64771414,10450.4336486578
E02701,21039.98,CHECKOUT_ABANDONED,Bank_C,E42,P003,CARD,SEND_REMINDER,0.4964812,10445.954728636145
E01527,14162.16,PAYMENT_FAILED,Bank_A,E42,P016,WALLET,ALTERNATE_PAYMENT,0.73734164,10442.350314044952
E00694,14035.31,SUBSCRIPTION_FAILED,Bank_B,E42,P001,UPI,ALTERNATE_PAYMENT,0.74399346,10442.178864961266
E02199,17809.45,CHECKOUT_ABANDONED,Bank_D,E42,P020,CARD,ALTERNATE_PAYMENT,0.5860827,10437.810486567021
E00683,16165.71,PAYMENT_FAILED,Bank_D,E11,P010,CARD,RETRY_PAYMENT,0.6453547,10432.6167360574
E02797,20293.8,PAYMENT_FAILED,Bank_A,E11,P013,CARD,RETRY_PAYMENT,0.5139614,10430.229347097873
E04521,19670.63,INVOICE_OVERDUE,Bank_C,E11,P005,WALLET,SEND_REMINDER,0.5301791,10428.956582264305
E01192,17436.61,PAYMENT_FAILED,Bank_D,E42,P010,UPI,ALTERNATE_PAYMENT,0.5979589,10426.376525667905
E00567,14006.91,CHECKOUT_ABANDONED,Bank_A,E42,P014,CARD,ALTERNATE_PAYMENT,0.7434117,10412.901052170395
E01487,12022.89,SUBSCRIPTION_FAILED,Bank_A,E42,P014,WALLET,ALTERNATE_PAYMENT,0.86575323,10408.855892706513
E02001,15595.33,SUBSCRIPTION_FAILED,Bank_D,E23,P007,NETBANKING,ALTERNATE_PAYMENT,0.66736335,10407.751604894996
E02839,15764.38,SUBSCRIPTION_FAILED,Bank_A,E23,P016,WALLET,ALTERNATE_PAYMENT,0.66011333,10406.277450580596
E01485,18550.33,CHECKOUT_ABANDONED,Bank_A,E11,P002,UPI,SEND_REMINDER,0.56086755,10404.278101484777
E02091,19967.72,CHECKOUT_ABANDONED,Bank_C,E11,P001,CARD,SEND_REMINDER,0.5209913,10403.008907585145
E04849,18659.07,INVOICE_OVERDUE,Bank_B,E11,P003,WALLET,SEND_REMINDER,0.5573858,10400.300701543092
E03526,16161.18,SUBSCRIPTION_FAILED,Bank_D,E17,P007,CARD,ALTERNATE_PAYMENT,0.643474,10399.29886152506
E04194,15370.99,SUBSCRIPTION_FAILED,Bank_C,E11,P009,NETBANKING,ALTERNATE_PAYMENT,0.67646205,10397.891471296549
E00689,20084.46,INVOICE_OVERDUE,Bank_A,E11,P006,UPI,SEND_REMINDER,0.5174877,10393.461106621027
E00414,18194.48,CHECKOUT_ABANDONED,Bank_D,E23,P009,WALLET,SEND_REMINDER,0.5710875,10390.639725675583
E03368,17988.68,CHECKOUT_ABANDONED,Bank_A,E11,P012,CARD,SEND_REMINDER,0.577056,10380.475558712482
E00974,17464.88,INVOICE_OVERDUE,Bank_C,E42,P015,NETBANKING,ALTERNATE_PAYMENT,0.59431213,10379.590057530404
E01379,17631.76,PAYMENT_FAILED,Bank_C,E42,P009,WALLET,ALTERNATE_PAYMENT,0.58844805,10375.374748420714
E00403,20593.86,INVOICE_OVERDUE,Bank_D,E42,P016,UPI,ALTERNATE_PAYMENT,0.50370544,10373.239352792501
E04687,14119.46,PAYMENT_FAILED,Bank_A,E42,P017,CARD,ALTERNATE_PAYMENT,0.73453677,10371.262500269413
E02088,14573.67,INVOICE_OVERDUE,Bank_A,E42,P011,CARD,ALTERNATE_PAYMENT,0.71117705,10364.45965382874
E00488,18062.95,CHECKOUT_ABANDONED,Bank_B,E23,P018,UPI,SEND_REMINDER,0.5737814,10364.18421741128
E03094,20349.91,INVOICE_OVERDUE,Bank_D,E23,P005,UPI,SEND_REMINDER,0.5092729,10363.657139164805
E02568,15930.78,PAYMENT_FAILED,Bank_D,E11,P001,WALLET,RETRY_PAYMENT,0.6500007,10355.018014762401
E04640,17991.58,CHECKOUT_ABANDONED,Bank_B,E17,P003,UPI,SEND_REMINDER,0.5752816,10350.22528922081
E02340,17436.11,PAYMENT_FAILED,Bank_A,E23,P014,WALLET,RETRY_PAYMENT,0.5933999,10346.585622059107
E02789,16647.38,SUBSCRIPTION_FAILED,Bank_D,E17,P019,CARD,ALTERNATE_PAYMENT,0.620981,10337.706313738823
E02502,17842.05,CHECKOUT_ABANDONED,Bank_B,E23,P011,UPI,SEND_REMINDER,0.57915676,10333.343805545568
E03826,20085.34,CHECKOUT_ABANDONED,Bank_C,E17,P019,UPI,SEND_REMINDER,0.51413894,10326.655356812476
E03009,18465.47,PAYMENT_FAILED,Bank_B,E42,P005,NETBANKING,ALTERNATE_PAYMENT,0.5592254,10326.359485396744
E01313,13619.26,SUBSCRIPTION_FAILED,Bank_B,E42,P015,UPI,ALTERNATE_PAYMENT,0.757965,10322.922791134119
E01292,15834.9,CHECKOUT_ABANDONED,Bank_B,E11,P017,NETBANKING,SEND_REMINDER,0.65190107,10322.788194805384
E03133,19653.94,INVOICE_OVERDUE,Bank_A,E23,P020,CARD,SEND_REMINDER,0.525186,10321.974177149534
E02178,13496.62,CHECKOUT_ABANDONED,Bank_A,E42,P011,NETBANKING,ALTERNATE_PAYMENT,0.76473004,10321.270701969863
E04130,13791.53,SUBSCRIPTION_FAILED,Bank_D,E42,P006,CARD,ALTERNATE_PAYMENT,0.7480987,10317.42527007401
E01904,18100.79,INVOICE_OVERDUE,Bank_B,E42,P020,CARD,ALTERNATE_PAYMENT,0.5698766,10315.216865835786
E04001,20426.66,CHECKOUT_ABANDONED,Bank_B,E11,P013,CARD,SEND_REMINDER,0.50479174,10311.209174394608
E01679,18435.86,INVOICE_OVERDUE,Bank_C,E11,P020,NETBANKING,SEND_REMINDER,0.559107,10307.618480190038
E01773,19590.91,INVOICE_OVERDUE,Bank_D,E23,P020,CARD,SEND_REMINDER,0.5261298,10307.361211397052
E01756,18100.9,INVOICE_OVERDUE,Bank_C,E23,P002,UPI,SEND_REMINDER,0.5692771,10304.427999049425
E04204,21060.99,INVOICE_OVERDUE,Bank_D,E11,P011,UPI,SEND_REMINDER,0.4889516,10297.804624082744
E03369,17831.4,CHECKOUT_ABANDONED,Bank_A,E11,P003,UPI,SEND_REMINDER,0.57669526,10283.283919537069
E00662,15521.73,SUBSCRIPTION_FAILED,Bank_D,E23,P017,WALLET,ALTERNATE_PAYMENT,0.6616635,10270.161773373484
E01047,20790.79,INVOICE_OVERDUE,Bank_C,E17,P010,CARD,SEND_REMINDER,0.493824,10266.991187553405
E03188,15605.93,SUBSCRIPTION_FAILED,Bank_D,E17,P001,CARD,ALTERNATE_PAYMENT,0.6574211,10259.66785533905
E01256,16349.12,PAYMENT_FAILED,Bank_A,E23,P015,NETBANKING,RETRY_PAYMENT,0.62744373,10258.15284860611
E01774,19745.1,CHECKOUT_ABANDONED,Bank_A,E23,P013,NETBANKING,SEND_REMINDER,0.5194933,10257.446799284218
E02483,17648.64,PAYMENT_FAILED,Bank_B,E42,P003,CARD,ALTERNATE_PAYMENT,0.581186,10257.142425842285
E04164,18111.54,INVOICE_OVERDUE,Bank_C,E23,P017,NETBANKING,SEND_REMINDER,0.5663307,10257.120606665612
E02776,18542.87,CHECKOUT_ABANDONED,Bank_D,E23,P005,CARD,SEND_REMINDER,0.55294067,10253.106899878381
E02240,15866.02,CHECKOUT_ABANDONED,Bank_B,E23,P017,WALLET,SEND_REMINDER,0.64574236,10245.36114747405
E04775,19823.53,INVOICE_OVERDUE,Bank_D,E11,P014,WALLET,SEND_REMINDER,0.5168114,10245.025714378356
E03863,20473.89,CHECKOUT_ABANDONED,Bank_C,E23,P002,CARD,SEND_REMINDER,0.50029063,10242.895372674466
E01406,16223.0,PAYMENT_FAILED,Bank_C,E23,P009,WALLET,RETRY_PAYMENT,0.63129675,10241.527238249779
E01393,18423.67,CHECKOUT_ABANDONED,Bank_C,E17,P005,UPI,SEND_REMINDER,0.5557003,10238.038985233306
E03434,15282.51,SUBSCRIPTION_FAILED,Bank_B,E11,P002,WALLET,ALTERNATE_PAYMENT,0.66990376,10237.810837697984
E01386,17624.41,PAYMENT_FAILED,Bank_C,E42,P015,UPI,ALTERNATE_PAYMENT,0.58068067,10234.154178145527
E04814,15786.58,SUBSCRIPTION_FAILED,Bank_B,E11,P007,WALLET,ALTERNATE_PAYMENT,0.64806104,10230.667406487464
E03618,14060.28,INVOICE_OVERDUE,Bank_A,E42,P007,WALLET,ALTERNATE_PAYMENT,0.7271676,10224.180152263642
E01338,19653.13,CHECKOUT_ABANDONED,Bank_D,E23,P005,NETBANKING,SEND_REMINDER,0.5197308,10214.337102215291
E00933,20424.73,INVOICE_OVERDUE,Bank_C,E42,P004,WALLET,ALTERNATE_PAYMENT,0.5000087,10212.542741681336
E02884,15682.06,SUBSCRIPTION_FAILED,Bank_D,E17,P007,UPI,ALTERNATE_PAYMENT,0.6512182,10212.442507367134
E04611,14313.29,INVOICE_OVERDUE,Bank_A,E42,P004,WALLET,ALTERNATE_PAYMENT,0.7131415,10207.401114130616
E01043,20474.97,CHECKOUT_ABANDONED,Bank_C,E23,P005,CARD,SEND_REMINDER,0.49816427,10199.898408544957
E03714,14010.01,INVOICE_OVERDUE,Bank_A,E42,P007,CARD,ALTERNATE_PAYMENT,0.7279346,10198.37101025343
E04653,19009.69,INVOICE_OVERDUE,Bank_D,E23,P014,WALLET,ALTERNATE_PAYMENT,0.5363318,10195.500738159417
E03825,20143.73,INVOICE_OVERDUE,Bank_A,E23,P017,WALLET,ALTERNATE_PAYMENT,0.5060588,10193.912075897455
E03832,16111.25,PAYMENT_FAILED,Bank_B,E11,P019,WALLET,RETRY_PAYMENT,0.6326178,10192.26307310164
E04554,18215.17,CHECKOUT_ABANDONED,Bank_C,E42,P016,NETBANKING,SEND_REMINDER,0.55938315,10189.259243705272
E02399,17572.22,CHECKOUT_ABANDONED,Bank_A,E23,P002,CARD,SEND_REMINDER,0.5793865,10181.106563344003
E03330,13317.6,SUBSCRIPTION_FAILED,Bank_C,E42,P017,CARD,ALTERNATE_PAYMENT,0.76414543,10176.583230543138
E04841,19519.72,INVOICE_OVERDUE,Bank_A,E17,P006,WALLET,SEND_REMINDER,0.52113366,10172.383150568008
E02112,18112.45,CHECKOUT_ABANDONED,Bank_B,E17,P013,CARD,SEND_REMINDER,0.5614744,10169.676686146855
E03812,13548.52,CHECKOUT_ABANDONED,Bank_A,E42,P018,WALLET,ALTERNATE_PAYMENT,0.75042146,10167.100219438076
E00217,11683.87,SUBSCRIPTION_FAILED,Bank_A,E42,P002,WALLET,ALTERNATE_PAYMENT,0.86956173,10159.846231505275
E03495,17842.08,CHECKOUT_ABANDONED,Bank_C,E23,P018,CARD,SEND_REMINDER,0.569227,10156.193319053651
E04605,15351.69,SUBSCRIPTION_FAILED,Bank_D,E11,P020,UPI,ALTERNATE_PAYMENT,0.66151905,10155.43539387703
E02299,18498.58,CHECKOUT_ABANDONED,Bank_B,E42,P019,UPI,ALTERNATE_PAYMENT,0.54867214,10149.655468987228
E02018,17503.37,CHECKOUT_ABANDONED,Bank_A,E11,P017,CARD,SEND_REMINDER,0.5792695,10139.168885117768
E01081,14519.62,PAYMENT_FAILED,Bank_A,E42,P018,WALLET,ALTERNATE_PAYMENT,0.6977849,10131.57159939766
E00486,13776.11,SUBSCRIPTION_FAILED,Bank_B,E42,P020,NETBANKING,ALTERNATE_PAYMENT,0.7352753,10129.233801009059
E02276,16699.75,PAYMENT_FAILED,Bank_C,E11,P004,NETBANKING,RETRY_PAYMENT,0.6063516,10125.920365869999
E02121,15165.91,PAYMENT_FAILED,Bank_C,E42,P020,UPI,ALTERNATE_PAYMENT,0.6676715,10125.84590338409
E02982,13635.22,CHECKOUT_ABANDONED,Bank_A,E42,P011,CARD,ALTERNATE_PAYMENT,0.742141,10119.255920243262
E02544,13732.36,PAYMENT_FAILED,Bank_A,E42,P004,UPI,ALTERNATE_PAYMENT,0.73652047,10114.164230268001
E00909,20139.64,INVOICE_OVERDUE,Bank_A,E11,P013,WALLET,ALTERNATE_PAYMENT,0.5020191,10110.484094984531
E01272,15582.11,SUBSCRIPTION_FAILED,Bank_D,E23,P012,CARD,ALTERNATE_PAYMENT,0.6487877,10109.480954146982
E00413,18196.04,CHECKOUT_ABANDONED,Bank_D,E42,P008,UPI,ALTERNATE_PAYMENT,0.55555147,10108.83675791502
E00426,17220.5,PAYMENT_FAILED,Bank_C,E42,P015,NETBANKING,ALTERNATE_PAYMENT,0.5868988,10106.6908493042
E04442,20411.16,INVOICE_OVERDUE,Bank_B,E17,P010,UPI,SEND_REMINDER,0.49498144,10103.145326446294
E02879,17975.05,CHECKOUT_ABANDONED,Bank_B,E11,P019,UPI,SEND_REMINDER,0.5612937,10089.282703238725
E03405,13357.22,SUBSCRIPTION_FAILED,Bank_B,E42,P001,UPI,ALTERNATE_PAYMENT,0.7549837,10084.483686715364
E04388,17879.41,INVOICE_OVERDUE,Bank_B,E42,P007,WALLET,ALTERNATE_PAYMENT,0.5638606,10081.494764894844
E01295,13811.66,SUBSCRIPTION_FAILED,Bank_B,E42,P016,WALLET,ALTERNATE_PAYMENT,0.72950494,10075.674239571095
E02418,17738.29,CHECKOUT_ABANDONED,Bank_A,E23,P012,CARD,SEND_REMINDER,0.5677379,10070.699112754464
E01631,16135.38,SUBSCRIPTION_FAILED,Bank_D,E23,P020,WALLET,ALTERNATE_PAYMENT,0.6239985,10068.453284146784
E00049,15926.33,PAYMENT_FAILED,Bank_B,E17,P018,UPI,RETRY_PAYMENT,0.63211656,10067.296871988774
E00452,20121.93,CHECKOUT_ABANDONED,Bank_C,E23,P013,CARD,SEND_REMINDER,0.50010085,10062.994317948818
E02883,19295.24,INVOICE_OVERDUE,Bank_C,E11,P012,CARD,SEND_REMINDER,0.52128553,10058.329485225679
E02810,19746.77,INVOICE_OVERDUE,Bank_D,E11,P004,CARD,SEND_REMINDER,0.5093449,10057.916113348603
E00539,15482.69,SUBSCRIPTION_FAILED,Bank_C,E23,P011,WALLET,ALTERNATE_PAYMENT,0.64956874,10057.071381744743
E04446,16085.74,PAYMENT_FAILED,Bank_C,E17,P003,WALLET,RETRY_PAYMENT,0.62520707,10056.918318459988
E03385,15203.59,SUBSCRIPTION_FAILED,Bank_A,E17,P008,WALLET,ALTERNATE_PAYMENT,0.66131616,10054.379702088832
E00306,19580.02,INVOICE_OVERDUE,Bank_A,E23,P018,CARD,ALTERNATE_PAYMENT,0.5134813,10053.974494680166
E04054,18075.53,CHECKOUT_ABANDONED,Bank_D,E23,P003,UPI,SEND_REMINDER,0.5560302,10050.540811042189
E04771,13533.07,SUBSCRIPTION_FAILED,Bank_D,E42,P004,UPI,ALTERNATE_PAYMENT,0.7425853,10049.458864806891
E03893,15209.84,SUBSCRIPTION_FAILED,Bank_A,E17,P001,UPI,ALTERNATE_PAYMENT,0.660454,10045.399290165902
E02424,20571.54,INVOICE_OVERDUE,Bank_D,E11,P017,UPI,SEND_REMINDER,0.48823377,10043.720629715324
E04282,11144.64,SUBSCRIPTION_FAILED,Bank_A,E42,P009,NETBANKING,ALTERNATE_PAYMENT,0.90119404,10043.483101444244
E04271,17039.94,INVOICE_OVERDUE,Bank_D,E17,P005,NETBANKING,SEND_REMINDER,0.5893502,10042.492448129653
E04583,16168.15,INVOICE_OVERDUE,Bank_B,E42,P020,UPI,ALTERNATE_PAYMENT,0.6208288,10037.653281620145
E04041,13754.16,PAYMENT_FAILED,Bank_A,E42,P020,CARD,ALTERNATE_PAYMENT,0.7297664,10037.324219813347
E02390,19722.59,INVOICE_OVERDUE,Bank_C,E23,P011,CARD,SEND_REMINDER,0.5088169,10035.187061744333
E03889,17422.96,CHECKOUT_ABANDONED,Bank_A,E17,P011,CARD,SEND_REMINDER,0.5756812,10030.07068698883
E02446,16489.4,PAYMENT_FAILED,Bank_A,E23,P009,NETBANKING,RETRY_PAYMENT,0.6080256,10025.977500903608
E02232,13120.98,SUBSCRIPTION_FAILED,Bank_C,E42,P009,WALLET,ALTERNATE_PAYMENT,0.76395196,10023.79835172057
E04946,14962.56,SUBSCRIPTION_FAILED,Bank_D,E23,P010,UPI,ALTERNATE_PAYMENT,0.66988146,10023.14158378601
E01671,11178.52,SUBSCRIPTION_FAILED,Bank_A,E42,P015,NETBANKING,ALTERNATE_PAYMENT,0.8960868,10016.924349894523
E03930,11306.27,SUBSCRIPTION_FAILED,Bank_A,E42,P012,NETBANKING,ALTERNATE_PAYMENT,0.885734,10014.347997115256
E01553,19938.84,INVOICE_OVERDUE,Bank_C,E23,P008,NETBANKING,SEND_REMINDER,0.5022431,10014.144843842983
E00119,15969.43,PAYMENT_FAILED,Bank_C,E11,P011,WALLET,RETRY_PAYMENT,0.6266801,10007.723608029484
E02617,13437.43,PAYMENT_FAILED,Bank_A,E42,P012,UPI,ALTERNATE_PAYMENT,0.74354964,9991.396305500864
E02523,15102.26,SUBSCRIPTION_FAILED,Bank_A,E11,P004,UPI,ALTERNATE_PAYMENT,0.66106534,9983.580642304421
E03831,18541.17,INVOICE_OVERDUE,Bank_C,E42,P007,UPI,ALTERNATE_PAYMENT,0.53827184,9980.189772993921
E01036,12953.28,CHECKOUT_ABANDONED,Bank_A,E42,P009,UPI,ALTERNATE_PAYMENT,0.7702992,9977.901172714233
E03673,11187.7,SUBSCRIPTION_FAILED,Bank_A,E42,P010,NETBANKING,ALTERNATE_PAYMENT,0.89174485,9976.573881459237
E00581,13234.86,INVOICE_OVERDUE,Bank_A,E42,P001,NETBANKING,ALTERNATE_PAYMENT,0.752618,9960.79405952096
E02078,15327.6,SUBSCRIPTION_FAILED,Bank_C,E11,P015,UPI,ALTERNATE_PAYMENT,0.6497852,9959.647947621346
E04240,18100.99,CHECKOUT_ABANDONED,Bank_B,E23,P019,NETBANKING,SEND_REMINDER,0.55016273,9958.490121186376
E02981,18179.31,PAYMENT_FAILED,Bank_C,E42,P001,CARD,ALTERNATE_PAYMENT,0.5476686,9956.236824735404
E00862,17032.21,CHECKOUT_ABANDONED,Bank_C,E11,P017,WALLET,SEND_REMINDER,0.5845385,9955.982815211415
E01377,14681.62,SUBSCRIPTION_FAILED,Bank_C,E17,P010,UPI,ALTERNATE_PAYMENT,0.67771536,9949.959400101901
E02397,16135.33,PAYMENT_FAILED,Bank_D,E17,P009,WALLET,RETRY_PAYMENT,0.6163178,9944.491227090955
E01826,15886.62,SUBSCRIPTION_FAILED,Bank_B,E23,P004,NETBANKING,ALTERNATE_PAYMENT,0.6257256,9940.66525954485
E04283,19290.15,INVOICE_OVERDUE,Bank_C,E17,P001,CARD,SEND_REMINDER,0.5150796,9935.963083523513
E04064,20193.49,INVOICE_OVERDUE,Bank_C,E11,P009,NETBANKING,SEND_REMINDER,0.49198765,9934.947602073551
E02720,17177.79,CHECKOUT_ABANDONED,Bank_C,E17,P002,NETBANKING,SEND_REMINDER,0.578352,9934.808763828278
E01494,12948.11,PAYMENT_FAILED,Bank_A,E42,P020,NETBANKING,ALTERNATE_PAYMENT,0.76706237,9932.007891941666
E04438,16424.19,CHECKOUT_ABANDONED,Bank_D,E42,P018,UPI,ALTERNATE_PAYMENT,0.60453844,9929.054212431907
E03607,11243.53,SUBSCRIPTION_FAILED,Bank_A,E42,P004,UPI,ALTERNATE_PAYMENT,0.88276994,9925.450329164267
E02545,11164.54,SUBSCRIPTION_FAILED,Bank_A,E42,P014,NETBANKING,ALTERNATE_PAYMENT,0.8887347,9922.314088509083
E04512,18100.01,CHECKOUT_ABANDONED,Bank_D,E17,P005,CARD,SEND_REMINDER,0.54790705,9917.123164150118
E01945,15219.86,SUBSCRIPTION_FAILED,Bank_D,E11,P014,WALLET,ALTERNATE_PAYMENT,0.65149325,9915.636076091529
E00284,11193.0,SUBSCRIPTION_FAILED,Bank_A,E42,P019,CARD,ALTERNATE_PAYMENT,0.8852135,9908.194641709328
E01426,17036.49,PAYMENT_FAILED,Bank_B,E42,P001,CARD,ALTERNATE_PAYMENT,0.58138925,9904.832115982175
E03704,17223.08,CHECKOUT_ABANDONED,Bank_A,E23,P007,CARD,SEND_REMINDER,0.574998,9903.236917691233
E03741,15681.97,SUBSCRIPTION_FAILED,Bank_B,E23,P004,CARD,ALTERNATE_PAYMENT,0.6312427,9899.128966042399
E04655,19701.27,INVOICE_OVERDUE,Bank_D,E23,P019,WALLET,SEND_REMINDER,0.50241315,9898.17719157815
E01282,19822.2,CHECKOUT_ABANDONED,Bank_D,E17,P015,CARD,SEND_REMINDER,0.49934635,9898.14313300252
E00771,16337.2,SUBSCRIPTION_FAILED,Bank_C,E17,P014,WALLET,ALTERNATE_PAYMENT,0.60572594,9895.865893006325
E03193,17236.25,CHECKOUT_ABANDONED,Bank_B,E42,P008,UPI,ALTERNATE_PAYMENT,0.5739968,9893.55203896761
E04665,13175.65,CHECKOUT_ABANDONED,Bank_A,E42,P018,WALLET,ALTERNATE_PAYMENT,0.75042146,9887.290567991136
E04930,18318.72,CHECKOUT_ABANDONED,Bank_A,E11,P015,CARD,SEND_REMINDER,0.53951716,9883.263866729738
E03353,16447.99,CHECKOUT_ABANDONED,Bank_B,E23,P020,NETBANKING,SEND_REMINDER,0.6008598,9882.936324623228
E01246,16997.67,INVOICE_OVERDUE,Bank_D,E23,P012,NETBANKING,SEND_REMINDER,0.5814036,9882.506752120255
E02335,19416.2,INVOICE_OVERDUE,Bank_A,E17,P012,CARD,SEND_REMINDER,0.5089415,9881.709400427342
E03213,20571.53,CHECKOUT_ABANDONED,Bank_C,E17,P009,WALLET,SEND_REMINDER,0.47999403,9874.211563417613
E03873,17456.46,INVOICE_OVERDUE,Bank_B,E42,P018,WALLET,ALTERNATE_PAYMENT,0.5654409,9870.596334042548
E04480,15536.25,INVOICE_OVERDUE,Bank_B,E42,P020,WALLET,ALTERNATE_PAYMENT,0.635195,9868.54858070612
E01024,17675.34,SUBSCRIPTION_FAILED,Bank_C,E11,P006,WALLET,ALTERNATE_PAYMENT,0.5580375,9863.502889122963
E00781,17280.4,INVOICE_OVERDUE,Bank_B,E42,P007,UPI,ALTERNATE_PAYMENT,0.57069933,9861.912773752214
E03104,17835.11,CHECKOUT_ABANDONED,Bank_C,E11,P003,CARD,SEND_REMINDER,0.5528322,9859.822852811218
E00497,12875.96,SUBSCRIPTION_FAILED,Bank_C,E42,P007,CARD,ALTERNATE_PAYMENT,0.7655292,9856.923555495738
E04782,13163.8,CHECKOUT_ABANDONED,Bank_A,E42,P013,UPI,ALTERNATE_PAYMENT,0.7487528,9856.431750690937
E02873,18812.27,INVOICE_OVERDUE,Bank_B,E11,P011,CARD,SEND_REMINDER,0.5234126,9846.578875280618
E00481,18471.64,INVOICE_OVERDUE,Bank_C,E42,P006,CARD,ALTERNATE_PAYMENT,0.5330066,9845.50618957758
E04857,15136.46,SUBSCRIPTION_FAILED,Bank_B,E17,P005,WALLET,ALTERNATE_PAYMENT,0.6503007,9843.25025487542
E04107,18193.46,PAYMENT_FAILED,Bank_A,E23,P013,WALLET,RETRY_PAYMENT,0.5409691,9842.099204915761
E03441,18343.1,SUBSCRIPTION_FAILED,Bank_D,E11,P019,NETBANKING,ALTERNATE_PAYMENT,0.5361123,9833.961686086654
E01822,17243.69,INVOICE_OVERDUE,Bank_D,E11,P002,WALLET,SEND_REMINDER,0.57027847,9833.705077031254
E03239,18456.67,INVOICE_OVERDUE,Bank_C,E23,P006,NETBANKING,SEND_REMINDER,0.5326499,9830.942962642906
E00239,11232.19,SUBSCRIPTION_FAILED,Bank_A,E42,P008,WALLET,ALTERNATE_PAYMENT,0.87519175,9830.320001565815
E01128,18143.65,INVOICE_OVERDUE,Bank_A,E17,P006,NETBANKING,SEND_REMINDER,0.54166365,9827.755623412133
E01636,12871.27,SUBSCRIPTION_FAILED,Bank_C,E42,P020,UPI,ALTERNATE_PAYMENT,0.7632041,9823.406007218362
E00367,17816.58,INVOICE_OVERDUE,Bank_B,E42,P019,UPI,ALTERNATE_PAYMENT,0.5513248,9822.72213358283
E03544,19247.57,INVOICE_OVERDUE,Bank_C,E17,P011,WALLET,SEND_REMINDER,0.51029557,9821.949702276588
E04862,13267.59,PAYMENT_FAILED,Bank_A,E42,P001,WALLET,ALTERNATE_PAYMENT,0.740058,9818.786184648872
E00300,17168.44,PAYMENT_FAILED,Bank_C,E42,P004,WALLET,ALTERNATE_PAYMENT,0.57190496,9818.71594501257
E02929,17089.16,CHECKOUT_ABANDONED,Bank_B,E23,P010,CARD,SEND_REMINDER,0.57415724,9811.864905452729
E01541,15405.6,SUBSCRIPTION_FAILED,Bank_C,E17,P001,NETBANKING,ALTERNATE_PAYMENT,0.6368841,9811.581587505341
E01640,17685.86,CHECKOUT_ABANDONED,Bank_A,E11,P001,UPI,SEND_REMINDER,0.55417454,9801.053372929096
E02824,16564.22,CHECKOUT_ABANDONED,Bank_B,E23,P015,NETBANKING,SEND_REMINDER,0.5915974,9799.349124821425
E00236,15935.89,CHECKOUT_ABANDONED,Bank_C,E23,P020,NETBANKING,SEND_REMINDER,0.61487013,9798.502772153019
E00132,14249.5,SUBSCRIPTION_FAILED,Bank_A,E11,P009,CARD,ALTERNATE_PAYMENT,0.68761224,9798.130550414324
E04843,11046.3,SUBSCRIPTION_FAILED,Bank_A,E42,P010,CARD,ALTERNATE_PAYMENT,0.8865932,9793.57471500635
E02864,19181.21,INVOICE_OVERDUE,Bank_A,E23,P017,CARD,SEND_REMINDER,0.5105433,9792.837998208402
E04341,20634.85,INVOICE_OVERDUE,Bank_C,E17,P016,UPI,SEND_REMINDER,0.47452304,9791.711703906953
E02812,19114.66,INVOICE_OVERDUE,Bank_A,E23,P007,WALLET,SEND_REMINDER,0.5117939,9782.76660757184
E02238,16020.03,SUBSCRIPTION_FAILED,Bank_C,E11,P018,UPI,ALTERNATE_PAYMENT,0.61024463,9776.137308250665
E03816,15790.82,PAYMENT_FAILED,Bank_A,E17,P020,NETBANKING,RETRY_PAYMENT,0.6190565,9775.410122090578
E02774,15027.53,SUBSCRIPTION_FAILED,Bank_B,E23,P018,UPI,ALTERNATE_PAYMENT,0.6500921,9769.278910284043
E01770,16372.62,INVOICE_OVERDUE,Bank_C,E42,P005,UPI,ALTERNATE_PAYMENT,0.59581214,9755.005790637731
E02578,16634.71,PAYMENT_FAILED,Bank_A,E11,P009,CARD,RETRY_PAYMENT,0.586158,9750.567971246837
E04466,13250.39,CHECKOUT_ABANDONED,Bank_A,E42,P016,UPI,ALTERNATE_PAYMENT,0.73553896,9746.17807361126
E04729,18176.34,INVOICE_OVERDUE,Bank_B,E11,P012,WALLET,SEND_REMINDER,0.5355691,9734.68554197073
E04081,16858.18,CHECKOUT_ABANDONED,Bank_B,E11,P005,NETBANKING,SEND_REMINDER,0.57717687,9730.15154801488
E02653,17500.43,INVOICE_OVERDUE,Bank_B,E42,P008,WALLET,ALTERNATE_PAYMENT,0.55590314,9728.543931127191
E00752,15990.41,PAYMENT_FAILED,Bank_A,E23,P020,NETBANKING,RETRY_PAYMENT,0.6083521,9727.799898180365
E01934,20243.64,INVOICE_OVERDUE,Bank_C,E17,P011,UPI,SEND_REMINDER,0.48046634,9726.387538343668
E03259,12586.91,PAYMENT_FAILED,Bank_A,E42,P005,UPI,ALTERNATE_PAYMENT,0.7726861,9725.730699123143
E00059,13047.81,INVOICE_OVERDUE,Bank_A,E42,P008,NETBANKING,ALTERNATE_PAYMENT,0.74442655,9713.136163535713
E04651,18570.91,INVOICE_OVERDUE,Bank_B,E17,P001,WALLET,SEND_REMINDER,0.52285016,9709.803187412024
E00115,14844.85,SUBSCRIPTION_FAILED,Bank_D,E23,P012,NETBANKING,ALTERNATE_PAYMENT,0.653996,9708.472383332253
E02167,12983.77,CHECKOUT_ABANDONED,Bank_A,E42,P004,UPI,ALTERNATE_PAYMENT,0.74705166,9699.546882819533
E04429,14220.13,SUBSCRIPTION_FAILED,Bank_A,E17,P005,NETBANKING,ALTERNATE_PAYMENT,0.68180907,9695.413578244446
E02965,19980.32,INVOICE_OVERDUE,Bank_C,E23,P010,CARD,ALTERNATE_PAYMENT,0.4851639,9693.729920020103
E01510,12357.78,INVOICE_OVERDUE,Bank_A,E42,P005,WALLET,ALTERNATE_PAYMENT,0.7833394,9680.335738427639
E03271,20202.48,INVOICE_OVERDUE,Bank_A,E23,P007,UPI,SEND_REMINDER,0.47914132,9679.8430306077
E02843,14740.93,PAYMENT_FAILED,Bank_B,E23,P004,UPI,RETRY_PAYMENT,0.65662634,9679.282969037295
E02171,18323.7,INVOICE_OVERDUE,Bank_D,E17,P008,NETBANKING,SEND_REMINDER,0.52779955,9671.240554207563
E01116,17304.64,CHECKOUT_ABANDONED,Bank_C,E23,P009,WALLET,SEND_REMINDER,0.5588797,9671.211552906036
E01555,15845.38,PAYMENT_FAILED,Bank_C,E17,P001,UPI,RETRY_PAYMENT,0.6101379,9667.86655859351
E01829,18358.73,INVOICE_OVERDUE,Bank_A,E17,P004,CARD,SEND_REMINDER,0.5263587,9663.27769045949
E04844,16733.63,CHECKOUT_ABANDONED,Bank_A,E23,P011,WALLET,SEND_REMINDER,0.5774004,9662.00442676127
E01119,12827.87,PAYMENT_FAILED,Bank_A,E42,P017,UPI,ALTERNATE_PAYMENT,0.75317276,9661.602191778422
E01489,14831.08,SUBSCRIPTION_FAILED,Bank_D,E23,P009,WALLET,ALTERNATE_PAYMENT,0.6511669,9657.508622970581
E00899,18771.44,INVOICE_OVERDUE,Bank_C,E23,P007,WALLET,SEND_REMINDER,0.5142956,9654.068584747314
E03298,17500.67,INVOICE_OVERDUE,Bank_B,E17,P015,UPI,SEND_REMINDER,0.5513606,9649.180036683081
E01791,15735.84,CHECKOUT_ABANDONED,Bank_B,E42,P015,WALLET,ALTERNATE_PAYMENT,0.6125102,9638.36257347107
E01795,19887.04,INVOICE_OVERDUE,Bank_D,E17,P010,WALLET,ALTERNATE_PAYMENT,0.4843559,9632.405092134477
E00095,11032.47,SUBSCRIPTION_FAILED,Bank_A,E42,P002,WALLET,ALTERNATE_PAYMENT,0.87263745,9627.346495669484
E04441,17535.81,INVOICE_OVERDUE,Bank_A,E11,P015,CARD,SEND_REMINDER,0.5488257,9624.10286881149
E00652,15219.26,SUBSCRIPTION_FAILED,Bank_C,E11,P002,NETBANKING,ALTERNATE_PAYMENT,0.6323606,9624.060043990612
E02123,18932.69,INVOICE_OVERDUE,Bank_C,E23,P006,UPI,SEND_REMINDER,0.5080594,9618.930789302587
E01954,17154.2,INVOICE_OVERDUE,Bank_B,E17,P014,CARD,ALTERNATE_PAYMENT,0.5605719,9616.162640523911
E02116,19875.36,INVOICE_OVERDUE,Bank_D,E17,P001,UPI,SEND_REMINDER,0.4838211,9616.118419561386
E03414,17217.07,INVOICE_OVERDUE,Bank_B,E42,P015,CARD,ALTERNATE_PAYMENT,0.55792445,9605.82430078566
E01544,12797.63,CHECKOUT_ABANDONED,Bank_A,E42,P013,CARD,ALTERNATE_PAYMENT,0.7496905,9594.261288998723
E01781,15444.09,SUBSCRIPTION_FAILED,Bank_D,E17,P019,NETBANKING,ALTERNATE_PAYMENT,0.62109256,9592.209362647534
E04644,17823.56,CHECKOUT_ABANDONED,Bank_C,E23,P008,UPI,SEND_REMINDER,0.53775537,9584.715105013847
E01583,18981.5,PAYMENT_FAILED,Bank_D,E42,P011,WALLET,ALTERNATE_PAYMENT,0.5048233,9582.303982675076
E00245,12641.34,CHECKOUT_ABANDONED,Bank_A,E42,P016,NETBANKING,ALTERNATE_PAYMENT,0.75773054,9578.729430202246
E01029,18734.56,INVOICE_OVERDUE,Bank_D,E23,P007,WALLET,SEND_REMINDER,0.5109911,9573.193356781007
E02950,17810.21,INVOICE_OVERDUE,Bank_C,E23,P005,CARD,SEND_REMINDER,0.5373385,9570.111441566944
E00942,18507.67,INVOICE_OVERDUE,Bank_B,E42,P016,WALLET,ALTERNATE_PAYMENT,0.51702183,9568.86950220406
E03103,12324.31,CHECKOUT_ABANDONED,Bank_A,E42,P013,NETBANKING,ALTERNATE_PAYMENT,0.7763882,9568.449201478361
E04473,15354.14,SUBSCRIPTION_FAILED,Bank_D,E11,P016,UPI,ALTERNATE_PAYMENT,0.62314034,9567.783944511413
E02250,17725.15,CHECKOUT_ABANDONED,Bank_C,E11,P014,NETBANKING,SEND_REMINDER,0.53973746,9566.927492249013
E03265,13959.36,PAYMENT_FAILED,Bank_C,E17,P002,CARD,RETRY_PAYMENT,0.68526804,9565.903329277038
E03775,19066.8,INVOICE_OVERDUE,Bank_D,E17,P011,CARD,SEND_REMINDER,0.5014904,9561.81742837429
E04979,18019.26,PAYMENT_FAILED,Bank_B,E42,P016,UPI,ALTERNATE_PAYMENT,0.530557,9560.244109686611
E00892,16468.08,CHECKOUT_ABANDONED,Bank_B,E11,P014,WALLET,SEND_REMINDER,0.5800573,9552.430399403573
E00422,12681.39,CHECKOUT_ABANDONED,Bank_A,E42,P009,CARD,ALTERNATE_PAYMENT,0.7532598,9552.381016420126
E03240,14868.77,SUBSCRIPTION_FAILED,Bank_C,E23,P016,NETBANKING,ALTERNATE_PAYMENT,0.64221007,9548.873767774701
E04161,12366.07,CHECKOUT_ABANDONED,Bank_A,E42,P005,UPI,ALTERNATE_PAYMENT,0.77204126,9547.116278839707
E04758,12910.87,PAYMENT_FAILED,Bank_A,E42,P004,UPI,ALTERNATE_PAYMENT,0.739457,9547.03334248662
E00160,16882.63,CHECKOUT_ABANDONED,Bank_B,E17,P014,CARD,SEND_REMINDER,0.56418276,9524.888761286737
E00136,10692.98,SUBSCRIPTION_FAILED,Bank_A,E42,P004,NETBANKING,ALTERNATE_PAYMENT,0.8900837,9517.646888225077
E04804,12798.39,INVOICE_OVERDUE,Bank_A,E42,P017,NETBANKING,ALTERNATE_PAYMENT,0.7435411,9516.129253774881
E00441,17945.09,INVOICE_OVERDUE,Bank_B,E17,P001,WALLET,SEND_REMINDER,0.5291091,9494.910784841775
E01409,15499.97,PAYMENT_FAILED,Bank_B,E23,P005,CARD,RETRY_PAYMENT,0.6121913,9488.947085977792
E02876,15809.0,PAYMENT_FAILED,Bank_D,E42,P003,WALLET,ALTERNATE_PAYMENT,0.60020036,9488.567413032055
E03583,12874.64,PAYMENT_FAILED,Bank_A,E42,P004,WALLET,ALTERNATE_PAYMENT,0.73621374,9478.486913018227
E03341,16446.93,PAYMENT_FAILED,Bank_B,E42,P004,UPI,ALTERNATE_PAYMENT,0.575826,9470.569737315775
E02057,17275.37,CHECKOUT_ABANDONED,Bank_D,E17,P005,UPI,SEND_REMINDER,0.54768485,9461.458397924303
E00922,17091.0,CHECKOUT_ABANDONED,Bank_A,E23,P006,UPI,SEND_REMINDER,0.5535075,9459.996799528599
E01429,17863.93,CHECKOUT_ABANDONED,Bank_C,E23,P001,CARD,SEND_REMINDER,0.5294758,9458.51877337098
E02505,15758.77,INVOICE_OVERDUE,Bank_D,E42,P007,NETBANKING,ALTERNATE_PAYMENT,0.59994215,9454.350319411158
E02687,10746.53,SUBSCRIPTION_FAILED,Bank_A,E42,P015,WALLET,ALTERNATE_PAYMENT,0.8795167,9451.75282527566
E00315,14032.98,SUBSCRIPTION_FAILED,Bank_A,E11,P007,NETBANKING,ALTERNATE_PAYMENT,0.67339504,9449.7390954566
E00987,17627.35,INVOICE_OVERDUE,Bank_A,E17,P003,CARD,SEND_REMINDER,0.5358351,9445.352626106142
E02777,16654.13,CHECKOUT_ABANDONED,Bank_B,E42,P019,NETBANKING,ALTERNATE_PAYMENT,0.5668341,9440.128658934833
E01456,14637.52,PAYMENT_FAILED,Bank_C,E23,P005,CARD,RETRY_PAYMENT,0.6448813,9439.463044629098
E03429,14576.38,SUBSCRIPTION_FAILED,Bank_C,E11,P009,UPI,ALTERNATE_PAYMENT,0.647522,9438.526331787109
E02955,13884.25,SUBSCRIPTION_FAILED,Bank_A,E11,P002,CARD,ALTERNATE_PAYMENT,0.6797406,9437.688532993197
E00322,15882.64,CHECKOUT_ABANDONED,Bank_B,E23,P011,UPI,SEND_REMINDER,0.5941962,9437.404339857101
E02763,12814.65,PAYMENT_FAILED,Bank_A,E42,P004,WALLET,ALTERNATE_PAYMENT,0.73621374,9434.321450534462
E00088,16466.87,SUBSCRIPTION_FAILED,Bank_B,E11,P006,CARD,ALTERNATE_PAYMENT,0.57281446,9432.46132217884
E00175,17303.83,INVOICE_OVERDUE,Bank_C,E42,P006,UPI,ALTERNATE_PAYMENT,0.54480815,9427.267598755361
E03381,10559.14,SUBSCRIPTION_FAILED,Bank_A,E42,P007,UPI,ALTERNATE_PAYMENT,0.8926006,9425.09465673089
E02321,20269.75,INVOICE_OVERDUE,Bank_C,E17,P014,UPI,SEND_REMINDER,0.46470812,9419.517407886684
E02700,18486.11,INVOICE_OVERDUE,Bank_B,E23,P008,NETBANKING,SEND_REMINDER,0.509309,9415.142083678842
E01783,13362.97,INVOICE_OVERDUE,Bank_A,E42,P017,WALLET,ALTERNATE_PAYMENT,0.7042692,9411.127800805569
E04132,14464.35,SUBSCRIPTION_FAILED,Bank_D,E42,P013,NETBANKING,ALTERNATE_PAYMENT,0.65044093,9408.205284941198
E02629,14901.99,SUBSCRIPTION_FAILED,Bank_D,E17,P020,WALLET,ALTERNATE_PAYMENT,0.6309441,9402.322269389033
E02217,12428.24,CHECKOUT_ABANDONED,Bank_A,E42,P003,UPI,ALTERNATE_PAYMENT,0.7561497,9397.610062174797
E01022,18328.79,INVOICE_OVERDUE,Bank_A,E23,P004,CARD,SEND_REMINDER,0.5126295,9395.878617753982
E01274,19564.03,PAYMENT_FAILED,Bank_C,E42,P011,UPI,RETRY_PAYMENT,0.48013034,9393.284466237723
E01229,12786.96,INVOICE_OVERDUE,Bank_A,E42,P001,WALLET,ALTERNATE_PAYMENT,0.7343306,9389.855939154624
E00775,18391.14,INVOICE_OVERDUE,Bank_B,E23,P013,WALLET,ALTERNATE_PAYMENT,0.51034796,9385.8808248353
E02641,16519.95,CHECKOUT_ABANDONED,Bank_C,E42,P007,NETBANKING,SEND_REMINDER,0.5677611,9379.385366883875
E00101,16219.67,CHECKOUT_ABANDONED,Bank_D,E23,P002,CARD,SEND_REMINDER,0.5775038,9366.921066106557
E01882,14536.43,SUBSCRIPTION_FAILED,Bank_D,E17,P012,UPI,ALTERNATE_PAYMENT,0.6441514,9363.66158430636
E01661,16136.01,CHECKOUT_ABANDONED,Bank_B,E17,P001,NETBANKING,SEND_REMINDER,0.58002025,9359.212536290288
E02245,18269.16,INVOICE_OVERDUE,Bank_D,E11,P007,WALLET,SEND_REMINDER,0.5117899,9349.971897339821
E00043,18176.29,INVOICE_OVERDUE,Bank_C,E17,P003,CARD,SEND_REMINDER,0.5143786,9349.494735592009
E03455,14594.29,INVOICE_OVERDUE,Bank_C,E42,P020,WALLET,ALTERNATE_PAYMENT,0.6405505,9348.379671911001
E02258,12572.78,CHECKOUT_ABANDONED,Bank_A,E42,P007,CARD,ALTERNATE_PAYMENT,0.7434748,9347.544863513709
E03433,16177.96,CHECKOUT_ABANDONED,Bank_D,E23,P002,CARD,SEND_REMINDER,0.5775038,9342.8333825922
E02140,17376.32,INVOICE_OVERDUE,Bank_A,E23,P012,WALLET,SEND_REMINDER,0.537607,9341.631512622833
E02433,15136.51,PAYMENT_FAILED,Bank_B,E23,P017,UPI,RETRY_PAYMENT,0.61709183,9340.61672451079
E00223,16377.81,INVOICE_OVERDUE,Bank_B,E23,P016,CARD,SEND_REMINDER,0.5702486,9339.42328614235
E04335,12639.06,CHECKOUT_ABANDONED,Bank_A,E42,P016,WALLET,ALTERNATE_PAYMENT,0.7385306,9334.332264794111
E03545,14511.26,SUBSCRIPTION_FAILED,Bank_C,E17,P014,CARD,ALTERNATE_PAYMENT,0.64316213,9333.09290958643
E03652,17828.39,INVOICE_OVERDUE,Bank_C,E23,P017,CARD,SEND_REMINDER,0.52337253,9330.889596835375
E02029,10494.23,SUBSCRIPTION_FAILED,Bank_A,E42,P011,NETBANKING,ALTERNATE_PAYMENT,0.8890728,9330.13419641137
E00753,16503.41,CHECKOUT_ABANDONED,Bank_C,E23,P005,NETBANKING,SEND_REMINDER,0.5653359,9329.970630516409
E00393,13838.52,PAYMENT_FAILED,Bank_B,E17,P003,CARD,RETRY_PAYMENT,0.6741543,9329.297509231568
E01186,16086.41,PAYMENT_FAILED,Bank_C,E42,P010,WALLET,ALTERNATE_PAYMENT,0.57986015,9327.868128656744
E00331,14251.82,SUBSCRIPTION_FAILED,Bank_D,E11,P015,UPI,ALTERNATE_PAYMENT,0.6543798,9326.102908326387
E04168,16113.36,PAYMENT_FAILED,Bank_B,E42,P010,WALLET,ALTERNATE_PAYMENT,0.5786515,9324.019737896919
E03296,17492.37,INVOICE_OVERDUE,Bank_B,E42,P016,WALLET,ALTERNATE_PAYMENT,0.532893,9321.561561976074
E01020,15792.4,INVOICE_OVERDUE,Bank_B,E17,P017,CARD,SEND_REMINDER,0.590065,9318.542544555663
E00842,16725.26,INVOICE_OVERDUE,Bank_C,E42,P004,NETBANKING,ALTERNATE_PAYMENT,0.5567624,9311.995852886437
E04711,15907.74,PAYMENT_FAILED,Bank_B,E42,P017,UPI,ALTERNATE_PAYMENT,0.58515716,9308.527896637916
E04544,12249.85,PAYMENT_FAILED,Bank_A,E42,P010,UPI,ALTERNATE_PAYMENT,0.7595201,9304.007461968065
E03279,12453.96,SUBSCRIPTION_FAILED,Bank_B,E42,P004,NETBANKING,ALTERNATE_PAYMENT,0.7467483,9299.973809580802
E02492,15275.97,PAYMENT_FAILED,Bank_B,E11,P018,CARD,RETRY_PAYMENT,0.60819346,9290.745005262494
E00967,15787.12,PAYMENT_FAILED,Bank_B,E11,P013,CARD,RETRY_PAYMENT,0.5884953,9290.64614346981
E02011,16397.38,INVOICE_OVERDUE,Bank_D,E42,P008,CARD,ALTERNATE_PAYMENT,0.56603813,9281.542340202332
E03038,16657.3,CHECKOUT_ABANDONED,Bank_D,E17,P016,NETBANKING,SEND_REMINDER,0.55692065,9276.794303619861
E02281,16270.48,CHECKOUT_ABANDONED,Bank_A,E17,P002,UPI,SEND_REMINDER,0.56977725,9270.54935529709
E01675,16844.41,INVOICE_OVERDUE,Bank_C,E17,P011,NETBANKING,SEND_REMINDER,0.5502266,9268.242928094267
E00461,12432.2,PAYMENT_FAILED,Bank_A,E42,P012,CARD,ALTERNATE_PAYMENT,0.74533033,9266.095774745942
E03684,10366.68,SUBSCRIPTION_FAILED,Bank_A,E42,P007,CARD,ALTERNATE_PAYMENT,0.8936664,9264.353456683159
E03852,18580.86,INVOICE_OVERDUE,Bank_C,E23,P010,UPI,SEND_REMINDER,0.49852344,9262.99431851685
E03216,16613.02,CHECKOUT_ABANDONED,Bank_A,E23,P018,CARD,SEND_REMINDER,0.55741894,9260.412039325238
E02377,13952.04,PAYMENT_FAILED,Bank_D,E23,P016,UPI,RETRY_PAYMENT,0.6619699,9235.830525426865
E00260,14526.89,SUBSCRIPTION_FAILED,Bank_D,E23,P003,CARD,ALTERNATE_PAYMENT,0.63561136,9233.456241262555
E00261,14314.29,PAYMENT_FAILED,Bank_D,E11,P018,NETBANKING,RETRY_PAYMENT,0.6449958,9232.65705310464
E00762,12083.73,CHECKOUT_ABANDONED,Bank_A,E42,P018,WALLET,ALTERNATE_PAYMENT,0.7628057,9217.538124911785
E04382,15840.78,CHECKOUT_ABANDONED,Bank_B,E17,P001,NETBANKING,SEND_REMINDER,0.58184826,9216.930339295865
E03678,19575.53,INVOICE_OVERDUE,Bank_C,E17,P013,WALLET,SEND_REMINDER,0.47036776,9207.69818646282
E04252,15608.17,CHECKOUT_ABANDONED,Bank_D,E23,P015,NETBANKING,SEND_REMINDER,0.589837,9206.276397342086
E03168,16102.71,CHECKOUT_ABANDONED,Bank_B,E17,P019,WALLET,SEND_REMINDER,0.57149976,9202.694979563355
E02863,16065.62,INVOICE_OVERDUE,Bank_B,E11,P009,NETBANKING,ALTERNATE_PAYMENT,0.5727553,9201.668635796308
E01506,13795.14,PAYMENT_FAILED,Bank_B,E23,P002,WALLET,RETRY_PAYMENT,0.6669464,9200.619114074707
E04737,12402.25,INVOICE_OVERDUE,Bank_A,E42,P020,WALLET,ALTERNATE_PAYMENT,0.7416285,9197.862406939268
E01668,13984.76,SUBSCRIPTION_FAILED,Bank_A,E23,P014,UPI,ALTERNATE_PAYMENT,0.65756357,9195.8686714983
E02921,10485.61,SUBSCRIPTION_FAILED,Bank_A,E42,P004,UPI,ALTERNATE_PAYMENT,0.8769673,9195.537204903365
E02427,11854.66,INVOICE_OVERDUE,Bank_A,E42,P009,NETBANKING,ALTERNATE_PAYMENT,0.775583,9194.273108115196
E03724,13887.41,PAYMENT_FAILED,Bank_D,E23,P017,CARD,RETRY_PAYMENT,0.6620219,9193.769212391377
E00755,17130.73,INVOICE_OVERDUE,Bank_C,E11,P007,CARD,SEND_REMINDER,0.5362754,9186.788857092857
E04014,12474.44,PAYMENT_FAILED,Bank_A,E42,P004,WALLET,ALTERNATE_PAYMENT,0.73621374,9183.85417279482
E03178,15183.13,SUBSCRIPTION_FAILED,Bank_C,E17,P007,CARD,ALTERNATE_PAYMENT,0.6047398,9181.842774778605
E00178,20419.05,CHECKOUT_ABANDONED,Bank_A,E23,P013,UPI,SEND_REMINDER,0.44957748,9179.94505431801
E02999,12064.3,INVOICE_OVERDUE,Bank_A,E42,P015,NETBANKING,ALTERNATE_PAYMENT,0.7607799,9178.277155560254
E03013,16118.26,PAYMENT_FAILED,Bank_C,E42,P001,WALLET,ALTERNATE_PAYMENT,0.56932366,9176.50675899744
E00382,15580.2,CHECKOUT_ABANDONED,Bank_B,E23,P011,WALLET,SEND_REMINDER,0.58855015,9169.72905317545
E03346,16367.8,CHECKOUT_ABANDONED,Bank_C,E23,P007,WALLET,SEND_REMINDER,0.5598222,9163.057833456993
E02855,10346.87,SUBSCRIPTION_FAILED,Bank_A,E42,P008,UPI,ALTERNATE_PAYMENT,0.88446516,9151.446009207368
E04203,13193.31,PAYMENT_FAILED,Bank_B,E17,P017,CARD,RETRY_PAYMENT,0.6935379,9150.060391536355
E04086,15837.09,INVOICE_OVERDUE,Bank_D,E42,P012,UPI,ALTERNATE_PAYMENT,0.5777076,9149.207075491548
E01507,16618.02,CHECKOUT_ABANDONED,Bank_D,E17,P016,NETBANKING,SEND_REMINDER,0.5504604,9147.561906448604
E03887,17993.43,INVOICE_OVERDUE,Bank_B,E23,P008,CARD,SEND_REMINDER,0.5081484,9143.33216431439
E00211,16677.54,PAYMENT_FAILED,Bank_C,E42,P003,UPI,ALTERNATE_PAYMENT,0.54823726,9143.248902457954
E04976,14040.96,SUBSCRIPTION_FAILED,Bank_B,E23,P002,CARD,ALTERNATE_PAYMENT,0.6509054,9139.336273956298
E04355,15991.73,CHECKOUT_ABANDONED,Bank_D,E42,P004,NETBANKING,ALTERNATE_PAYMENT,0.5714546,9138.54742416203
E00819,15499.97,INVOICE_OVERDUE,Bank_B,E42,P013,WALLET,ALTERNATE_PAYMENT,0.5894631,9136.660594552755
E00714,14519.65,PAYMENT_FAILED,Bank_D,E17,P004,NETBANKING,RETRY_PAYMENT,0.6290875,9134.13043153584
E03051,14502.86,SUBSCRIPTION_FAILED,Bank_A,E23,P009,WALLET,ALTERNATE_PAYMENT,0.6295688,9130.548387665749
E00654,18119.91,INVOICE_OVERDUE,Bank_C,E23,P007,WALLET,SEND_REMINDER,0.50369585,9126.92338971734
E03056,18554.63,INVOICE_OVERDUE,Bank_D,E23,P011,WALLET,SEND_REMINDER,0.49186003,9126.280907062293
E04337,12210.74,SUBSCRIPTION_FAILED,Bank_C,E42,P019,UPI,ALTERNATE_PAYMENT,0.74715745,9123.345415847301
E01211,14857.38,PAYMENT_FAILED,Bank_C,E17,P017,NETBANKING,RETRY_PAYMENT,0.61356926,9116.031646842956
E02801,18051.87,INVOICE_OVERDUE,Bank_C,E17,P003,CARD,SEND_REMINDER,0.50494516,9115.204366647005
E00301,15131.15,PAYMENT_FAILED,Bank_B,E17,P018,CARD,RETRY_PAYMENT,0.60186404,9106.895067301391
E03452,15610.66,PAYMENT_FAILED,Bank_D,E42,P008,WALLET,ALTERNATE_PAYMENT,0.58328503,9105.464344223737
E00420,15655.05,CHECKOUT_ABANDONED,Bank_B,E23,P007,UPI,SEND_REMINDER,0.58124965,9099.492400440573
E02086,16105.57,CHECKOUT_ABANDONED,Bank_B,E42,P011,CARD,SEND_REMINDER,0.56495273,9098.885757945776
E01418,11892.45,SUBSCRIPTION_FAILED,Bank_D,E42,P007,WALLET,ALTERNATE_PAYMENT,0.76490426,9096.585674393178
E04169,15601.17,PAYMENT_FAILED,Bank_B,E23,P006,CARD,RETRY_PAYMENT,0.58229077,9084.417270723581
E00198,15839.55,PAYMENT_FAILED,Bank_B,E42,P009,WALLET,ALTERNATE_PAYMENT,0.57346374,9083.407550677657
E00906,12085.49,CHECKOUT_ABANDONED,Bank_A,E42,P018,CARD,ALTERNATE_PAYMENT,0.7515567,9082.93091590464
E01394,15885.32,INVOICE_OVERDUE,Bank_D,E23,P002,UPI,SEND_REMINDER,0.5717096,9081.78951843977
E02553,12055.47,PAYMENT_FAILED,Bank_A,E42,P002,UPI,ALTERNATE_PAYMENT,0.75270355,9074.195035511255
E04297,16198.06,CHECKOUT_ABANDONED,Bank_B,E42,P014,NETBANKING,ALTERNATE_PAYMENT,0.56017214,9073.701943739652
E01776,16541.35,INVOICE_OVERDUE,Bank_D,E11,P016,NETBANKING,SEND_REMINDER,0.54840773,9071.404261544347
E03675,13714.84,PAYMENT_FAILED,Bank_C,E23,P017,NETBANKING,RETRY_PAYMENT,0.6611398,9067.426385962963
E02995,16605.59,INVOICE_OVERDUE,Bank_B,E42,P010,UPI,ALTERNATE_PAYMENT,0.54589665,9064.935941656828
E00079,15182.05,PAYMENT_FAILED,Bank_B,E23,P011,WALLET,RETRY_PAYMENT,0.5969324,9062.657713365554
E04574,14048.26,PAYMENT_FAILED,Bank_C,E17,P004,CARD,RETRY_PAYMENT,0.64439434,9052.619204591512
E02453,14835.11,PAYMENT_FAILED,Bank_C,E23,P007,CARD,RETRY_PAYMENT,0.6101458,9051.5801668334
E00308,15054.7,PAYMENT_FAILED,Bank_A,E17,P005,UPI,RETRY_PAYMENT,0.600949,9047.10675058961
E04129,16042.92,CHECKOUT_ABANDONED,Bank_D,E42,P008,UPI,ALTERNATE_PAYMENT,0.563791,9044.853540751934
E03894,12062.61,CHECKOUT_ABANDONED,Bank_A,E42,P013,UPI,ALTERNATE_PAYMENT,0.7495058,9040.99637394011
E01851,15842.51,PAYMENT_FAILED,Bank_D,E42,P004,WALLET,ALTERNATE_PAYMENT,0.57062835,9040.185262146591
E02292,10289.56,SUBSCRIPTION_FAILED,Bank_A,E42,P012,UPI,ALTERNATE_PAYMENT,0.87776035,9031.767794191837
E04262,14484.9,PAYMENT_FAILED,Bank_C,E23,P011,NETBANKING,RETRY_PAYMENT,0.6233679,9029.42177606821
E01397,10244.23,SUBSCRIPTION_FAILED,Bank_A,E42,P010,CARD,ALTERNATE_PAYMENT,0.88083065,9023.431724177599
E01460,14105.12,SUBSCRIPTION_FAILED,Bank_D,E17,P020,NETBANKING,ALTERNATE_PAYMENT,0.6394053,9018.888628358842
E01834,17822.13,INVOICE_OVERDUE,Bank_C,E23,P019,UPI,SEND_REMINDER,0.5059347,9016.834267072678
E00738,16010.64,INVOICE_OVERDUE,Bank_A,E17,P015,NETBANKING,SEND_REMINDER,0.56308883,9015.412613768578
E02563,15685.32,PAYMENT_FAILED,Bank_B,E23,P013,CARD,RETRY_PAYMENT,0.5746582,9013.69799362421
E03860,12093.29,INVOICE_OVERDUE,Bank_A,E42,P012,UPI,ALTERNATE_PAYMENT,0.7451289,9011.060233224034
E04842,17647.0,INVOICE_OVERDUE,Bank_D,E23,P004,CARD,SEND_REMINDER,0.5105401,9009.501634478569
E04755,18174.29,INVOICE_OVERDUE,Bank_D,E17,P006,UPI,SEND_REMINDER,0.49532405,9002.162845430672
E00538,14160.96,SUBSCRIPTION_FAILED,Bank_D,E23,P006,NETBANKING,ALTERNATE_PAYMENT,0.6354972,8999.250605049132
E03113,16687.05,INVOICE_OVERDUE,Bank_A,E23,P016,WALLET,SEND_REMINDER,0.5392939,8999.22402754426
E01270,13918.4,SUBSCRIPTION_FAILED,Bank_C,E23,P011,CARD,ALTERNATE_PAYMENT,0.6458934,8989.802628231047
E01943,12714.89,PAYMENT_FAILED,Bank_A,E42,P018,UPI,ALTERNATE_PAYMENT,0.70683724,8987.357714849113
E00875,14256.23,CHECKOUT_ABANDONED,Bank_B,E42,P013,NETBANKING,ALTERNATE_PAYMENT,0.6304128,8987.310114119053
E00180,18583.52,INVOICE_OVERDUE,Bank_D,E11,P001,UPI,SEND_REMINDER,0.48351762,8985.459305634498
E03745,12430.73,SUBSCRIPTION_FAILED,Bank_C,E42,P003,NETBANKING,ALTERNATE_PAYMENT,0.7227806,8984.690304969548
E01574,14727.24,CHECKOUT_ABANDONED,Bank_B,E42,P006,NETBANKING,ALTERNATE_PAYMENT,0.6097564,8980.028993403912
E01751,14746.65,CHECKOUT_ABANDONED,Bank_B,E11,P019,CARD,SEND_REMINDER,0.60881674,8978.007421642542
E03362,10190.96,SUBSCRIPTION_FAILED,Bank_A,E42,P010,CARD,ALTERNATE_PAYMENT,0.88083065,8976.509875688553
E01195,18337.33,INVOICE_OVERDUE,Bank_D,E17,P001,UPI,SEND_REMINDER,0.48946735,8975.524369378985
E02967,11986.22,SUBSCRIPTION_FAILED,Bank_B,E42,P004,WALLET,ALTERNATE_PAYMENT,0.7484042,8970.53744820237
E00516,15711.97,INVOICE_OVERDUE,Bank_B,E23,P005,UPI,SEND_REMINDER,0.570807,8968.502147641182
E03342,16650.61,CHECKOUT_ABANDONED,Bank_D,E11,P004,WALLET,SEND_REMINDER,0.53858936,8967.841355699302
E04352,15464.18,INVOICE_OVERDUE,Bank_B,E11,P020,CARD,ALTERNATE_PAYMENT,0.5799043,8967.744754099846
E03089,14260.94,PAYMENT_FAILED,Bank_A,E17,P003,CARD,RETRY_PAYMENT,0.62860197,8964.454953643084
E04956,15738.98,PAYMENT_FAILED,Bank_D,E42,P019,UPI,ALTERNATE_PAYMENT,0.5695186,8963.642260090113
E02597,14028.0,PAYMENT_FAILED,Bank_B,E11,P015,UPI,RETRY_PAYMENT,0.63859695,8958.238042116165
E03387,14364.21,PAYMENT_FAILED,Bank_B,E23,P018,WALLET,RETRY_PAYMENT,0.6235777,8957.201234732865
E01710,14556.45,PAYMENT_FAILED,Bank_C,E17,P009,WALLET,RETRY_PAYMENT,0.6151517,8954.425012341142
E00323,16089.82,CHECKOUT_ABANDONED,Bank_C,E17,P002,CARD,SEND_REMINDER,0.5565118,8954.175001417398
E04006,16664.84,CHECKOUT_ABANDONED,Bank_A,E11,P010,UPI,SEND_REMINDER,0.53726125,8953.372730035782
E02504,17000.71,INVOICE_OVERDUE,Bank_B,E11,P004,UPI,SEND_REMINDER,0.5262842,8947.205364980697
E04339,15941.28,PAYMENT_FAILED,Bank_B,E42,P014,UPI,ALTERNATE_PAYMENT,0.56074023,8938.917053031922
E02432,14219.11,PAYMENT_FAILED,Bank_D,E11,P018,CARD,RETRY_PAYMENT,0.62853473,8937.204525108933
E00631,14140.46,PAYMENT_FAILED,Bank_C,E23,P017,UPI,RETRY_PAYMENT,0.6318468,8934.604197132587
E01863,16618.04,CHECKOUT_ABANDONED,Bank_A,E17,P012,CARD,SEND_REMINDER,0.5365457,8916.337802631855
E04188,12191.3,INVOICE_OVERDUE,Bank_A,E42,P001,CARD,ALTERNATE_PAYMENT,0.7312288,8914.630016040801
E04510,15783.17,CHECKOUT_ABANDONED,Bank_A,E11,P019,WALLET,SEND_REMINDER,0.5648146,8914.565279119612
E03854,11908.59,SUBSCRIPTION_FAILED,Bank_B,E42,P003,WALLET,ALTERNATE_PAYMENT,0.7481925,8909.91759433329
E02960,12012.44,PAYMENT_FAILED,Bank_A,E42,P012,WALLET,ALTERNATE_PAYMENT,0.7413268,8905.143812656403
E00326,13832.9,SUBSCRIPTION_FAILED,Bank_C,E23,P016,NETBANKING,ALTERNATE_PAYMENT,0.6436586,8903.664749091864
E04911,11702.35,SUBSCRIPTION_FAILED,Bank_C,E42,P007,UPI,ALTERNATE_PAYMENT,0.76062137,8901.05747617185
E01033,11779.72,CHECKOUT_ABANDONED,Bank_A,E42,P019,NETBANKING,ALTERNATE_PAYMENT,0.75524193,8896.538473370074
E02154,10295.5,SUBSCRIPTION_FAILED,Bank_A,E42,P013,NETBANKING,ALTERNATE_PAYMENT,0.86386144,8893.885472118855
E03337,16194.03,INVOICE_OVERDUE,Bank_C,E23,P005,CARD,ALTERNATE_PAYMENT,0.5491601,8893.11550458312
E00554,12515.75,INVOICE_OVERDUE,Bank_A,E42,P004,WALLET,ALTERNATE_PAYMENT,0.7105138,8892.612724140286
E02420,17177.7,INVOICE_OVERDUE,Bank_D,E23,P008,CARD,SEND_REMINDER,0.5176156,8891.445772486926
E00378,11483.63,CHECKOUT_ABANDONED,Bank_A,E42,P015,NETBANKING,ALTERNATE_PAYMENT,0.7742701,8891.431546933054
E00937,11574.41,PAYMENT_FAILED,Bank_A,E42,P009,WALLET,ALTERNATE_PAYMENT,0.76770455,8885.7271794945
E01048,15072.93,CHECKOUT_ABANDONED,Bank_D,E42,P006,UPI,ALTERNATE_PAYMENT,0.58946127,8884.908415119053
E04854,14844.5,CHECKOUT_ABANDONED,Bank_B,E17,P020,NETBANKING,SEND_REMINDER,0.59841996,8883.245160251856
E00032,11841.26,PAYMENT_FAILED,Bank_A,E42,P003,UPI,ALTERNATE_PAYMENT,0.7501395,8882.596558184623
E01685,17043.46,INVOICE_OVERDUE,Bank_D,E23,P015,CARD,SEND_REMINDER,0.5210529,8880.544207502604
E01898,11948.64,PAYMENT_FAILED,Bank_A,E42,P002,CARD,ALTERNATE_PAYMENT,0.7429389,8877.109173145294
E04206,15826.49,CHECKOUT_ABANDONED,Bank_B,E17,P008,UPI,SEND_REMINDER,0.5606864,8873.697852666974
E03338,15766.52,PAYMENT_FAILED,Bank_A,E17,P008,CARD,RETRY_PAYMENT,0.5627893,8873.229084477425
E02339,14991.7,INVOICE_OVERDUE,Bank_D,E42,P007,UPI,ALTERNATE_PAYMENT,0.5915966,8869.038799095155
E00086,15565.46,CHECKOUT_ABANDONED,Bank_D,E23,P018,UPI,SEND_REMINDER,0.5690121,8856.935167130232
E02758,17288.02,INVOICE_OVERDUE,Bank_A,E17,P017,UPI,SEND_REMINDER,0.51227593,8856.236596302986
E02041,11420.37,CHECKOUT_ABANDONED,Bank_A,E42,P005,WALLET,ALTERNATE_PAYMENT,0.7747923,8848.414894191028
E00936,11840.54,CHECKOUT_ABANDONED,Bank_A,E42,P016,CARD,ALTERNATE_PAYMENT,0.74686265,8843.25708085537
E01513,14756.59,INVOICE_OVERDUE,Bank_B,E11,P009,UPI,ALTERNATE_PAYMENT,0.5992538,8842.942244285345
E00897,14225.4,SUBSCRIPTION_FAILED,Bank_C,E23,P014,CARD,ALTERNATE_PAYMENT,0.6210847,8835.178150463104
E02903,16375.26,CHECKOUT_ABANDONED,Bank_D,E11,P011,WALLET,SEND_REMINDER,0.539442,8833.503050333262
E02082,11602.8,PAYMENT_FAILED,Bank_A,E42,P009,CARD,ALTERNATE_PAYMENT,0.7601438,8819.796673750876
E04921,15037.93,INVOICE_OVERDUE,Bank_D,E42,P008,WALLET,ALTERNATE_PAYMENT,0.58617854,8814.911869819165
E01637,15563.2,PAYMENT_FAILED,Bank_A,E11,P016,CARD,RETRY_PAYMENT,0.56620693,8811.991725158692
E02212,12290.07,INVOICE_OVERDUE,Bank_A,E42,P017,CARD,ALTERNATE_PAYMENT,0.7163978,8804.579379038214
E03343,11799.98,SUBSCRIPTION_FAILED,Bank_B,E42,P010,NETBANKING,ALTERNATE_PAYMENT,0.74599457,8802.72098098755
E02039,17958.03,INVOICE_OVERDUE,Bank_C,E42,P016,UPI,ALTERNATE_PAYMENT,0.49017626,8802.599990832208
E00333,13598.05,SUBSCRIPTION_FAILED,Bank_C,E23,P014,NETBANKING,ALTERNATE_PAYMENT,0.64719725,8800.62051846981
E02788,17224.66,INVOICE_OVERDUE,Bank_D,E23,P019,WALLET,SEND_REMINDER,0.5108889,8799.887161575556
E03547,13828.92,PAYMENT_FAILED,Bank_B,E11,P010,UPI,RETRY_PAYMENT,0.6361471,8797.227103164196
E03992,16196.61,CHECKOUT_ABANDONED,Bank_D,E17,P019,UPI,SEND_REMINDER,0.54294986,8793.94705629766
E03546,14609.5,PAYMENT_FAILED,Bank_A,E11,P018,NETBANKING,RETRY_PAYMENT,0.60169494,8790.462248146534
E00852,9927.1,SUBSCRIPTION_FAILED,Bank_A,E42,P006,NETBANKING,ALTERNATE_PAYMENT,0.885371,8789.166745728255
E02102,13869.13,SUBSCRIPTION_FAILED,Bank_B,E23,P001,NETBANKING,ALTERNATE_PAYMENT,0.6337162,8789.092716289759
E01651,16853.47,INVOICE_OVERDUE,Bank_C,E17,P016,WALLET,SEND_REMINDER,0.521304,8785.781516081095
E02660,11576.26,PAYMENT_FAILED,Bank_A,E42,P017,NETBANKING,ALTERNATE_PAYMENT,0.7589268,8785.53406003356
E01807,15205.1,CHECKOUT_ABANDONED,Bank_C,E23,P017,NETBANKING,SEND_REMINDER,0.57758933,8782.303568071127
E03125,15781.03,SUBSCRIPTION_FAILED,Bank_D,E11,P019,UPI,ALTERNATE_PAYMENT,0.55641896,8780.864226569534
E00399,15642.59,CHECKOUT_ABANDONED,Bank_A,E11,P014,CARD,ALTERNATE_PAYMENT,0.56133205,8780.687064856887
E01650,14683.48,PAYMENT_FAILED,Bank_A,E23,P016,NETBANKING,RETRY_PAYMENT,0.5979416,8779.863193428517
E03679,12248.57,INVOICE_OVERDUE,Bank_A,E42,P017,UPI,ALTERNATE_PAYMENT,0.71648216,8775.881920833588
E00387,15060.61,INVOICE_OVERDUE,Bank_B,E23,P009,NETBANKING,ALTERNATE_PAYMENT,0.5826581,8775.186588907838
E01129,13137.87,SUBSCRIPTION_FAILED,Bank_A,E17,P008,NETBANKING,ALTERNATE_PAYMENT,0.6671511,8764.944336537123
E03770,15143.32,SUBSCRIPTION_FAILED,Bank_C,E11,P011,UPI,ALTERNATE_PAYMENT,0.57851714,8760.670160725116
E02471,13349.88,PAYMENT_FAILED,Bank_C,E17,P003,NETBANKING,RETRY_PAYMENT,0.6560263,8757.872432148457
E04654,11514.27,SUBSCRIPTION_FAILED,Bank_B,E42,P009,CARD,ALTERNATE_PAYMENT,0.7605954,8757.700580579638
E00981,11714.15,CHECKOUT_ABANDONED,Bank_A,E42,P010,WALLET,ALTERNATE_PAYMENT,0.74633485,8742.678392359614
E02063,13033.7,SUBSCRIPTION_FAILED,Bank_A,E11,P008,NETBANKING,ALTERNATE_PAYMENT,0.670708,8741.806868201495
E04369,15308.29,INVOICE_OVERDUE,Bank_D,E42,P018,CARD,ALTERNATE_PAYMENT,0.5708412,8738.602529438735
E02359,14399.93,PAYMENT_FAILED,Bank_C,E23,P008,WALLET,RETRY_PAYMENT,0.60675085,8737.169708532096
E02508,16703.02,CHECKOUT_ABANDONED,Bank_D,E11,P019,UPI,SEND_REMINDER,0.5230707,8736.86024686098
E04895,13672.06,PAYMENT_FAILED,Bank_D,E11,P018,WALLET,RETRY_PAYMENT,0.6390028,8736.484621601105
E02966,11234.15,CHECKOUT_ABANDONED,Bank_A,E42,P009,CARD,ALTERNATE_PAYMENT,0.7772797,8732.07646097839
E03540,14139.74,PAYMENT_FAILED,Bank_B,E11,P015,WALLET,RETRY_PAYMENT,0.61746764,8730.831913895607
E02060,15525.18,PAYMENT_FAILED,Bank_D,E17,P012,UPI,RETRY_PAYMENT,0.56220865,8728.390527563095
E01323,11544.73,SUBSCRIPTION_FAILED,Bank_B,E42,P012,NETBANKING,ALTERNATE_PAYMENT,0.7559329,8727.041541844606
E02708,14463.04,CHECKOUT_ABANDONED,Bank_B,E42,P015,WALLET,ALTERNATE_PAYMENT,0.6033739,8726.620635948182
E03378,11718.89,SUBSCRIPTION_FAILED,Bank_D,E42,P011,NETBANKING,ALTERNATE_PAYMENT,0.7442135,8721.356394743323
E03140,16071.42,CHECKOUT_ABANDONED,Bank_C,E17,P005,UPI,SEND_REMINDER,0.5426566,8721.262142010928
E04040,13625.06,PAYMENT_FAILED,Bank_D,E17,P013,CARD,RETRY_PAYMENT,0.6400209,8720.323258110284
E02014,13178.36,PAYMENT_FAILED,Bank_D,E17,P007,CARD,RETRY_PAYMENT,0.6617144,8720.310251176357
E00894,12850.65,SUBSCRIPTION_FAILED,Bank_A,E17,P011,NETBANKING,ALTERNATE_PAYMENT,0.6785597,8719.933472451567
E03595,13925.42,PAYMENT_FAILED,Bank_D,E23,P004,WALLET,RETRY_PAYMENT,0.62606746,8718.252323030234
E03701,13115.03,SUBSCRIPTION_FAILED,Bank_D,E23,P003,NETBANKING,ALTERNATE_PAYMENT,0.6642927,8712.218599287273
E00615,13373.58,PAYMENT_FAILED,Bank_C,E23,P020,NETBANKING,RETRY_PAYMENT,0.6512184,8709.121561203003
E01219,11927.35,INVOICE_OVERDUE,Bank_A,E42,P001,WALLET,ALTERNATE_PAYMENT,0.7300808,8707.929031494261
E04316,13937.81,PAYMENT_FAILED,Bank_C,E23,P012,WALLET,RETRY_PAYMENT,0.6244075,8702.872682594656
E00250,16537.63,INVOICE_OVERDUE,Bank_D,E17,P010,NETBANKING,SEND_REMINDER,0.5259615,8698.156983679533
E01509,11861.77,PAYMENT_FAILED,Bank_A,E42,P001,CARD,ALTERNATE_PAYMENT,0.7332267,8697.366669196486
E02261,11348.21,PAYMENT_FAILED,Bank_A,E42,P020,UPI,ALTERNATE_PAYMENT,0.76494586,8680.766310991048
E00530,15649.27,CHECKOUT_ABANDONED,Bank_C,E42,P008,CARD,ALTERNATE_PAYMENT,0.554598,8679.053433817626
E02135,16821.56,INVOICE_OVERDUE,Bank_A,E11,P006,UPI,SEND_REMINDER,0.51562446,8673.607851212026
E04514,13691.66,PAYMENT_FAILED,Bank_B,E17,P020,NETBANKING,RETRY_PAYMENT,0.6325793,8661.06106324196
E04877,16049.46,CHECKOUT_ABANDONED,Bank_C,E11,P007,UPI,SEND_REMINDER,0.5396098,8660.44573777914
E01427,15721.09,PAYMENT_FAILED,Bank_B,E11,P014,NETBANKING,RETRY_PAYMENT,0.5506806,8657.29892413795
E03968,14150.86,SUBSCRIPTION_FAILED,Bank_D,E11,P011,WALLET,ALTERNATE_PAYMENT,0.61083996,8643.910798242092
E04974,15462.44,CHECKOUT_ABANDONED,Bank_A,E11,P014,NETBANKING,SEND_REMINDER,0.5589072,8642.069212977887
E04458,11525.87,CHECKOUT_ABANDONED,Bank_A,E42,P015,UPI,ALTERNATE_PAYMENT,0.7495006,8638.64616565168
E04688,16128.65,INVOICE_OVERDUE,Bank_C,E42,P012,CARD,ALTERNATE_PAYMENT,0.5355447,8637.612920334936
E01739,10012.75,SUBSCRIPTION_FAILED,Bank_A,E42,P006,WALLET,ALTERNATE_PAYMENT,0.8626096,8637.094521343708
E01681,15254.64,CHECKOUT_ABANDONED,Bank_D,E11,P003,WALLET,SEND_REMINDER,0.56615096,8636.429130892753
E04219,15389.26,CHECKOUT_ABANDONED,Bank_B,E17,P005,NETBANKING,SEND_REMINDER,0.561056,8634.236933653356
E03972,18062.66,INVOICE_OVERDUE,Bank_D,E17,P011,UPI,SEND_REMINDER,0.47780564,8630.440898597837
E03845,15559.55,INVOICE_OVERDUE,Bank_C,E42,P007,NETBANKING,ALTERNATE_PAYMENT,0.5546328,8629.836517733334
E03698,9704.02,SUBSCRIPTION_FAILED,Bank_A,E42,P010,NETBANKING,ALTERNATE_PAYMENT,0.8892814,8629.604414541722
E02740,14659.93,CHECKOUT_ABANDONED,Bank_D,E11,P003,WALLET,SEND_REMINDER,0.5886439,8629.478493546249
E00910,12860.82,SUBSCRIPTION_FAILED,Bank_A,E17,P002,NETBANKING,ALTERNATE_PAYMENT,0.6708161,8627.245417245626
E02113,16341.98,CHECKOUT_ABANDONED,Bank_C,E11,P009,CARD,SEND_REMINDER,0.5276673,8623.128201975822
E02400,16143.38,INVOICE_OVERDUE,Bank_B,E23,P009,WALLET,ALTERNATE_PAYMENT,0.5340128,8620.771466388702
E04743,16054.72,CHECKOUT_ABANDONED,Bank_B,E23,P013,UPI,SEND_REMINDER,0.53694135,8620.44302274704
E01210,13971.61,INVOICE_OVERDUE,Bank_D,E42,P013,UPI,ALTERNATE_PAYMENT,0.61666125,8615.750495373608
E02370,15126.22,PAYMENT_FAILED,Bank_C,E17,P015,UPI,RETRY_PAYMENT,0.56956804,8615.411447556018
E00112,11577.69,PAYMENT_FAILED,Bank_A,E42,P014,CARD,ALTERNATE_PAYMENT,0.74376476,8611.077802323103
E03771,12474.17,SUBSCRIPTION_FAILED,Bank_A,E17,P009,NETBANKING,ALTERNATE_PAYMENT,0.6899969,8607.138607298732
E04790,13825.91,PAYMENT_FAILED,Bank_D,E23,P019,UPI,RETRY_PAYMENT,0.62219775,8602.450055412053
E00266,11610.62,CHECKOUT_ABANDONED,Bank_A,E42,P019,CARD,ALTERNATE_PAYMENT,0.74079657,8601.107425241471
E01434,13540.46,SUBSCRIPTION_FAILED,Bank_C,E17,P003,WALLET,ALTERNATE_PAYMENT,0.6351641,8600.413846439122
E04467,11764.0,CHECKOUT_ABANDONED,Bank_A,E42,P017,CARD,ALTERNATE_PAYMENT,0.7309762,8599.204298496246
E02548,9680.58,SUBSCRIPTION_FAILED,Bank_A,E42,P009,CARD,ALTERNATE_PAYMENT,0.88793343,8595.710633372068
E02934,15132.8,PAYMENT_FAILED,Bank_A,E17,P019,CARD,RETRY_PAYMENT,0.5679387,8594.50253868103
E03048,15530.82,PAYMENT_FAILED,Bank_D,E11,P001,CARD,RETRY_PAYMENT,0.5533764,8594.388897675275
E03572,16403.11,INVOICE_OVERDUE,Bank_A,E17,P016,UPI,SEND_REMINDER,0.5238141,8592.180008984804
E02749,11624.33,CHECKOUT_ABANDONED,Bank_A,E42,P010,CARD,ALTERNATE_PAYMENT,0.73859125,8585.62846879065
E00434,11476.35,CHECKOUT_ABANDONED,Bank_A,E42,P001,UPI,ALTERNATE_PAYMENT,0.74784327,8582.511060404779
E02004,11726.91,PAYMENT_FAILED,Bank_A,E42,P014,CARD,ALTERNATE_PAYMENT,0.73179984,8581.7508725667
E00273,15460.1,SUBSCRIPTION_FAILED,Bank_B,E11,P019,WALLET,ALTERNATE_PAYMENT,0.5550852,8581.672425174713
E01500,13860.85,PAYMENT_FAILED,Bank_D,E11,P013,NETBANKING,RETRY_PAYMENT,0.61889225,8578.37267730534
E00785,12334.74,INVOICE_OVERDUE,Bank_A,E42,P006,WALLET,ALTERNATE_PAYMENT,0.6952106,8575.241700918674
E01302,12570.02,PAYMENT_FAILED,Bank_C,E11,P002,CARD,RETRY_PAYMENT,0.68199277,8572.662749218942
E04944,14760.42,CHECKOUT_ABANDONED,Bank_D,E23,P017,UPI,SEND_REMINDER,0.580756,8572.202604829074
E02836,15421.93,INVOICE_OVERDUE,Bank_C,E17,P015,NETBANKING,SEND_REMINDER,0.55576295,8570.93725914657
E04197,12976.42,SUBSCRIPTION_FAILED,Bank_A,E11,P012,CARD,ALTERNATE_PAYMENT,0.6604823,8570.695563952922
E03245,11104.07,CHECKOUT_ABANDONED,Bank_A,E42,P011,NETBANKING,ALTERNATE_PAYMENT,0.771743,8569.488289054036
E04679,14986.67,SUBSCRIPTION_FAILED,Bank_B,E11,P006,NETBANKING,ALTERNATE_PAYMENT,0.57178754,8569.191114307047
E00736,14054.26,PAYMENT_FAILED,Bank_B,E42,P002,CARD,ALTERNATE_PAYMENT,0.6096158,8567.698992166519
E04321,14443.2,SUBSCRIPTION_FAILED,Bank_C,E11,P018,UPI,ALTERNATE_PAYMENT,0.5927348,8560.987461090088
E02757,15378.46,CHECKOUT_ABANDONED,Bank_C,E23,P004,WALLET,SEND_REMINDER,0.5565867,8559.44603791833
E00390,15375.76,PAYMENT_FAILED,Bank_D,E17,P015,NETBANKING,RETRY_PAYMENT,0.55644804,8555.811552300453
E00772,13536.28,PAYMENT_FAILED,Bank_B,E17,P012,NETBANKING,RETRY_PAYMENT,0.6319907,8554.802682180405
E03777,11791.03,INVOICE_OVERDUE,Bank_A,E42,P019,UPI,ALTERNATE_PAYMENT,0.7250012,8548.511087123155
E02037,15817.34,INVOICE_OVERDUE,Bank_A,E17,P011,NETBANKING,SEND_REMINDER,0.540309,8546.25134685874
E03549,15418.02,CHECKOUT_ABANDONED,Bank_A,E11,P014,UPI,SEND_REMINDER,0.5542666,8545.693092405796
E01985,13323.42,SUBSCRIPTION_FAILED,Bank_C,E11,P008,UPI,ALTERNATE_PAYMENT,0.64106846,8541.224322109223
E00500,11651.55,PAYMENT_FAILED,Bank_A,E42,P014,CARD,ALTERNATE_PAYMENT,0.7329819,8540.375492799281
E04377,14149.64,PAYMENT_FAILED,Bank_D,E17,P006,WALLET,RETRY_PAYMENT,0.6035006,8539.316295289993
E00835,15152.56,CHECKOUT_ABANDONED,Bank_B,E23,P005,NETBANKING,SEND_REMINDER,0.5634228,8537.297768888473
E00837,11920.34,INVOICE_OVERDUE,Bank_A,E42,P010,WALLET,ALTERNATE_PAYMENT,0.71597034,8534.609851614237
E01294,15691.21,INVOICE_OVERDUE,Bank_D,E17,P014,NETBANKING,ALTERNATE_PAYMENT,0.5438945,8534.363277766704
E04201,15374.72,CHECKOUT_ABANDONED,Bank_A,E11,P018,CARD,SEND_REMINDER,0.5547484,8529.10156562805
E01405,15400.47,PAYMENT_FAILED,Bank_C,E42,P002,CARD,ALTERNATE_PAYMENT,0.5537726,8528.358749068379
E01335,15806.27,INVOICE_OVERDUE,Bank_D,E11,P012,NETBANKING,SEND_REMINDER,0.53929204,8524.195553370118
E00599,10658.27,INVOICE_OVERDUE,Bank_A,E42,P005,NETBANKING,ALTERNATE_PAYMENT,0.7995039,8521.328671664
E04722,11204.4,PAYMENT_FAILED,Bank_A,E42,P015,WALLET,ALTERNATE_PAYMENT,0.7592016,8506.398252940178
E02682,14846.15,INVOICE_OVERDUE,Bank_D,E23,P017,NETBANKING,SEND_REMINDER,0.5728983,8505.334516754747
E00791,16789.97,INVOICE_OVERDUE,Bank_D,E17,P019,CARD,SEND_REMINDER,0.5064359,8503.04308310032
E04884,15322.71,INVOICE_OVERDUE,Bank_D,E11,P003,NETBANKING,SEND_REMINDER,0.5547395,8500.112104811667
E00360,14830.78,CHECKOUT_ABANDONED,Bank_C,E42,P005,CARD,ALTERNATE_PAYMENT,0.5724695,8490.168809075356
E00055,15680.22,SUBSCRIPTION_FAILED,Bank_C,E11,P006,UPI,ALTERNATE_PAYMENT,0.5413318,8488.202150405645
E01067,15284.19,PAYMENT_FAILED,Bank_A,E23,P002,UPI,RETRY_PAYMENT,0.55505955,8483.63565702796
E01401,13491.82,PAYMENT_FAILED,Bank_D,E23,P004,UPI,RETRY_PAYMENT,0.62845397,8478.987840924263
E02942,13795.94,INVOICE_OVERDUE,Bank_A,E17,P005,NETBANKING,ALTERNATE_PAYMENT,0.6145685,8478.549764342308
E00134,13760.75,PAYMENT_FAILED,Bank_B,E23,P014,NETBANKING,RETRY_PAYMENT,0.61590564,8475.323570162058
E02443,13827.32,SUBSCRIPTION_FAILED,Bank_C,E23,P012,WALLET,ALTERNATE_PAYMENT,0.61293375,8475.231168093682
E01936,13901.55,INVOICE_OVERDUE,Bank_C,E42,P005,CARD,ALTERNATE_PAYMENT,0.60955936,8473.819881615042
E01499,11554.66,PAYMENT_FAILED,Bank_A,E42,P016,UPI,ALTERNATE_PAYMENT,0.7330769,8470.453991814851
E01950,15215.8,INVOICE_OVERDUE,Bank_B,E23,P016,UPI,SEND_REMINDER,0.5565506,8468.3629540205
E00544,11568.97,INVOICE_OVERDUE,Bank_A,E42,P019,CARD,ALTERNATE_PAYMENT,0.73180383,8466.216606501936
E03617,13666.08,SUBSCRIPTION_FAILED,Bank_D,E11,P011,CARD,ALTERNATE_PAYMENT,0.6193008,8463.414040174484
E02380,15203.01,PAYMENT_FAILED,Bank_A,E17,P011,CARD,RETRY_PAYMENT,0.5563318,8457.918121456503
E03307,14350.78,CHECKOUT_ABANDONED,Bank_B,E17,P014,NETBANKING,SEND_REMINDER,0.58897156,8452.201215406656
E04838,13763.25,CHECKOUT_ABANDONED,Bank_D,E42,P014,NETBANKING,ALTERNATE_PAYMENT,0.6141032,8452.055840581656
E03591,13112.8,PAYMENT_FAILED,Bank_C,E23,P017,CARD,RETRY_PAYMENT,0.6442859,8448.392376136779
E01779,12792.5,SUBSCRIPTION_FAILED,Bank_B,E11,P001,UPI,ALTERNATE_PAYMENT,0.6599911,8442.93596163392
E04027,12933.58,SUBSCRIPTION_FAILED,Bank_B,E17,P009,CARD,ALTERNATE_PAYMENT,0.652547,8439.768852040768
E04720,9803.83,SUBSCRIPTION_FAILED,Bank_A,E42,P016,WALLET,ALTERNATE_PAYMENT,0.8608428,8439.556703041791
E00046,11828.06,SUBSCRIPTION_FAILED,Bank_D,E42,P011,UPI,ALTERNATE_PAYMENT,0.7132731,8436.637117875815
E01695,13422.31,SUBSCRIPTION_FAILED,Bank_C,E23,P001,UPI,ALTERNATE_PAYMENT,0.6283436,8433.822346172332
E02710,15900.78,INVOICE_OVERDUE,Bank_A,E11,P003,CARD,SEND_REMINDER,0.53021806,8430.880800172092
E02727,9658.79,SUBSCRIPTION_FAILED,Bank_A,E42,P019,WALLET,ALTERNATE_PAYMENT,0.87239206,8426.251689487697
E00202,17341.7,INVOICE_OVERDUE,Bank_A,E17,P010,CARD,ALTERNATE_PAYMENT,0.48579302,8424.476889529824
E00723,11436.15,PAYMENT_FAILED,Bank_A,E42,P016,WALLET,ALTERNATE_PAYMENT,0.73658067,8423.64702784717
E01326,11156.67,PAYMENT_FAILED,Bank_A,E42,P010,UPI,ALTERNATE_PAYMENT,0.75470275,8419.9694949013
E01336,13213.62,INVOICE_OVERDUE,Bank_D,E42,P009,NETBANKING,ALTERNATE_PAYMENT,0.63671,8413.243833185436
E03957,11066.0,CHECKOUT_ABANDONED,Bank_A,E42,P016,CARD,ALTERNATE_PAYMENT,0.7601393,8411.70134460926
E02304,16419.89,CHECKOUT_ABANDONED,Bank_C,E23,P014,WALLET,SEND_REMINDER,0.5122678,8411.381386096476
E02706,14886.66,SUBSCRIPTION_FAILED,Bank_C,E17,P006,NETBANKING,ALTERNATE_PAYMENT,0.56458026,8404.714398747683
E03148,15531.42,CHECKOUT_ABANDONED,Bank_C,E11,P016,NETBANKING,SEND_REMINDER,0.54110146,8404.07397090912
E02379,12395.99,INVOICE_OVERDUE,Bank_A,E42,P006,WALLET,ALTERNATE_PAYMENT,0.67763585,8399.967201922536
E00706,16217.15,INVOICE_OVERDUE,Bank_C,E23,P003,UPI,SEND_REMINDER,0.51787776,8398.501275840401
E03285,13076.66,PAYMENT_FAILED,Bank_C,E23,P018,CARD,RETRY_PAYMENT,0.6416145,8390.17462452054
E01205,14049.71,CHECKOUT_ABANDONED,Bank_B,E23,P010,NETBANKING,SEND_REMINDER,0.5967323,8383.916021166444
E00625,13415.69,SUBSCRIPTION_FAILED,Bank_A,E11,P011,UPI,ALTERNATE_PAYMENT,0.624691,8380.660929527283
E01112,14552.02,CHECKOUT_ABANDONED,Bank_B,E23,P011,UPI,SEND_REMINDER,0.57569057,8377.46065197587
E04472,9310.14,SUBSCRIPTION_FAILED,Bank_A,E42,P001,NETBANKING,ALTERNATE_PAYMENT,0.89930207,8372.62813090682
E03117,11628.85,CHECKOUT_ABANDONED,Bank_A,E42,P015,CARD,ALTERNATE_PAYMENT,0.7198181,8370.656889343261
E03083,12977.71,PAYMENT_FAILED,Bank_C,E23,P002,WALLET,RETRY_PAYMENT,0.64488983,8369.1932157135
E01319,16509.26,INVOICE_OVERDUE,Bank_C,E23,P019,WALLET,SEND_REMINDER,0.5065662,8363.033540216684
E03857,15239.24,INVOICE_OVERDUE,Bank_C,E42,P019,UPI,ALTERNATE_PAYMENT,0.54845107,8357.977423291206
E00664,15472.03,PAYMENT_FAILED,Bank_A,E17,P011,CARD,RETRY_PAYMENT,0.540068,8355.947845525146
E00171,14434.48,CHECKOUT_ABANDONED,Bank_B,E17,P003,UPI,SEND_REMINDER,0.5786254,8352.156489434243
E01257,11800.81,INVOICE_OVERDUE,Bank_A,E42,P017,UPI,ALTERNATE_PAYMENT,0.7076387,8350.709622363447
E02743,11109.38,PAYMENT_FAILED,Bank_A,E42,P004,NETBANKING,ALTERNATE_PAYMENT,0.75103545,8343.538228507041
E01766,11465.88,INVOICE_OVERDUE,Bank_A,E42,P001,CARD,ALTERNATE_PAYMENT,0.72767794,8343.467953848838
E03744,13443.28,SUBSCRIPTION_FAILED,Bank_A,E23,P013,WALLET,ALTERNATE_PAYMENT,0.62063235,8343.334464087488
E02280,15431.33,INVOICE_OVERDUE,Bank_B,E42,P008,CARD,ALTERNATE_PAYMENT,0.5404699,8340.169148528576
E00126,14805.98,CHECKOUT_ABANDONED,Bank_B,E23,P006,WALLET,SEND_REMINDER,0.56318486,8338.503734500408
E00092,11213.61,SUBSCRIPTION_FAILED,Bank_B,E42,P019,NETBANKING,ALTERNATE_PAYMENT,0.7434262,8336.491512383223
E03858,15330.31,CHECKOUT_ABANDONED,Bank_C,E11,P007,WALLET,SEND_REMINDER,0.5434058,8330.5789291358
E02346,15065.3,CHECKOUT_ABANDONED,Bank_A,E11,P019,WALLET,SEND_REMINDER,0.55294955,8330.350821983813
E03442,10972.98,CHECKOUT_ABANDONED,Bank_A,E42,P008,UPI,ALTERNATE_PAYMENT,0.75805473,8318.119427146912
E03111,15695.14,CHECKOUT_ABANDONED,Bank_C,E11,P009,CARD,SEND_REMINDER,0.52945644,8309.892896872758
E03782,14868.33,PAYMENT_FAILED,Bank_D,E11,P009,UPI,RETRY_PAYMENT,0.5588035,8308.474824494719
E04404,14117.19,SUBSCRIPTION_FAILED,Bank_D,E11,P006,NETBANKING,ALTERNATE_PAYMENT,0.58837885,8306.255970073342
E04104,16289.01,INVOICE_OVERDUE,Bank_B,E17,P013,WALLET,ALTERNATE_PAYMENT,0.50985986,8305.112357216478
E02168,12275.15,SUBSCRIPTION_FAILED,Bank_A,E17,P018,UPI,ALTERNATE_PAYMENT,0.6764215,8303.17565920949
E00421,14905.28,CHECKOUT_ABANDONED,Bank_A,E17,P008,NETBANKING,SEND_REMINDER,0.5569975,8302.203369007111
E04860,16241.84,INVOICE_OVERDUE,Bank_B,E17,P016,WALLET,SEND_REMINDER,0.5110121,8299.776398086547
E00598,16633.05,INVOICE_OVERDUE,Bank_A,E17,P007,CARD,SEND_REMINDER,0.49896753,8299.351847308873
E02166,13718.85,CHECKOUT_ABANDONED,Bank_C,E42,P013,NETBANKING,ALTERNATE_PAYMENT,0.60487515,8298.191415122152
E03155,13615.37,SUBSCRIPTION_FAILED,Bank_D,E11,P004,WALLET,ALTERNATE_PAYMENT,0.6091312,8293.546898044347
E03869,15639.6,INVOICE_OVERDUE,Bank_D,E23,P010,NETBANKING,ALTERNATE_PAYMENT,0.5301566,8291.43735523224
E02540,14679.71,CHECKOUT_ABANDONED,Bank_D,E17,P010,CARD,SEND_REMINDER,0.5646908,8289.497599446773
E00372,10412.24,SUBSCRIPTION_FAILED,Bank_B,E42,P017,NETBANKING,ALTERNATE_PAYMENT,0.79610825,8289.270121765137
E04030,15375.0,INVOICE_OVERDUE,Bank_B,E23,P014,WALLET,ALTERNATE_PAYMENT,0.53911835,8288.944624364376
E02906,16073.38,INVOICE_OVERDUE,Bank_B,E11,P018,UPI,SEND_REMINDER,0.5154325,8284.742067120074
E00369,16078.76,INVOICE_OVERDUE,Bank_C,E23,P019,UPI,SEND_REMINDER,0.5151815,8283.4794029212
E03575,10729.59,CHECKOUT_ABANDONED,Bank_A,E42,P011,NETBANKING,ALTERNATE_PAYMENT,0.7719878,8283.112534257174
E03981,14812.45,PAYMENT_FAILED,Bank_C,E42,P010,NETBANKING,ALTERNATE_PAYMENT,0.5586794,8275.410706296563
E04505,10688.57,CHECKOUT_ABANDONED,Bank_A,E42,P008,WALLET,ALTERNATE_PAYMENT,0.77347535,8267.345410520435
E01399,14278.74,INVOICE_OVERDUE,Bank_D,E42,P006,WALLET,ALTERNATE_PAYMENT,0.5786307,8262.117118649483
E01077,13808.63,CHECKOUT_ABANDONED,Bank_A,E17,P004,NETBANKING,SEND_REMINDER,0.5980773,8258.628108582496
E01975,10691.82,CHECKOUT_ABANDONED,Bank_A,E42,P002,UPI,ALTERNATE_PAYMENT,0.77227026,8256.974635237455
E00076,14050.86,INVOICE_OVERDUE,Bank_A,E11,P003,NETBANKING,SEND_REMINDER,0.58745146,8254.198192834854
E04588,14023.93,INVOICE_OVERDUE,Bank_D,E42,P007,CARD,ALTERNATE_PAYMENT,0.5884642,8252.580755271316
E02404,11683.29,PAYMENT_FAILED,Bank_A,E42,P006,WALLET,ALTERNATE_PAYMENT,0.7063004,8251.912141481638
E01070,13285.63,PAYMENT_FAILED,Bank_C,E11,P008,NETBANKING,RETRY_PAYMENT,0.62095696,8249.804381148218
E02491,16460.33,INVOICE_OVERDUE,Bank_C,E11,P014,CARD,ALTERNATE_PAYMENT,0.50099593,8246.55840245545
E00964,10833.28,INVOICE_OVERDUE,Bank_A,E42,P020,UPI,ALTERNATE_PAYMENT,0.76092184,8243.279306411743
E03153,11696.38,PAYMENT_FAILED,Bank_A,E42,P018,WALLET,ALTERNATE_PAYMENT,0.70469975,8242.436117053032
E03974,12913.31,PAYMENT_FAILED,Bank_A,E17,P016,CARD,RETRY_PAYMENT,0.6381839,8241.06643147409
E00623,12716.6,INVOICE_OVERDUE,Bank_B,E42,P017,NETBANKING,ALTERNATE_PAYMENT,0.64734256,8231.99643251896
E03833,12851.83,SUBSCRIPTION_FAILED,Bank_D,E23,P008,NETBANKING,ALTERNATE_PAYMENT,0.64040375,8230.360094985961
E01092,12661.11,SUBSCRIPTION_FAILED,Bank_A,E23,P002,NETBANKING,ALTERNATE_PAYMENT,0.6499395,8228.955217257142
E03460,13287.47,PAYMENT_FAILED,Bank_B,E23,P019,NETBANKING,RETRY_PAYMENT,0.6186743,8220.615912141799
E03108,13612.28,PAYMENT_FAILED,Bank_A,E17,P015,WALLET,RETRY_PAYMENT,0.60374504,8218.346577708722
E02589,10935.09,CHECKOUT_ABANDONED,Bank_A,E42,P018,CARD,ALTERNATE_PAYMENT,0.7511696,8214.10742122829
E03648,9216.93,SUBSCRIPTION_FAILED,Bank_A,E42,P010,UPI,ALTERNATE_PAYMENT,0.8909609,8211.92399156034
E02269,10830.92,CHECKOUT_ABANDONED,Bank_A,E42,P001,NETBANKING,ALTERNATE_PAYMENT,0.75807625,8210.663223640919
E01172,15173.02,CHECKOUT_ABANDONED,Bank_A,E17,P014,NETBANKING,SEND_REMINDER,0.54105794,8209.483009989262
E00297,13357.65,PAYMENT_FAILED,Bank_A,E17,P011,CARD,RETRY_PAYMENT,0.61444885,8207.59261957705
E04700,15003.58,INVOICE_OVERDUE,Bank_D,E42,P016,CARD,ALTERNATE_PAYMENT,0.5469872,8206.76585321188
E03200,9135.08,SUBSCRIPTION_FAILED,Bank_A,E42,P018,NETBANKING,ALTERNATE_PAYMENT,0.89830196,8206.060259966851
E01138,11091.76,INVOICE_OVERDUE,Bank_A,E42,P013,UPI,ALTERNATE_PAYMENT,0.7397758,8205.415370779037
E04270,13381.23,PAYMENT_FAILED,Bank_B,E23,P013,WALLET,RETRY_PAYMENT,0.61318636,8205.187708067893
E00743,14544.67,PAYMENT_FAILED,Bank_B,E42,P007,UPI,ALTERNATE_PAYMENT,0.5638317,8200.745822573901
E02853,14422.68,PAYMENT_FAILED,Bank_D,E11,P011,CARD,RETRY_PAYMENT,0.5684887,8199.130850043297
E01050,15577.9,PAYMENT_FAILED,Bank_C,E42,P017,UPI,ALTERNATE_PAYMENT,0.5261034,8195.585801899433
E03960,13718.53,SUBSCRIPTION_FAILED,Bank_A,E23,P001,WALLET,ALTERNATE_PAYMENT,0.5973635,8194.948711328507
E04802,13340.68,PAYMENT_FAILED,Bank_B,E42,P002,CARD,ALTERNATE_PAYMENT,0.61426556,8194.72028570652
E03363,14457.63,CHECKOUT_ABANDONED,Bank_B,E23,P013,NETBANKING,SEND_REMINDER,0.56666017,8192.563012683391
E04439,12575.74,PAYMENT_FAILED,Bank_C,E11,P005,WALLET,RETRY_PAYMENT,0.651452,8192.491036220788
E04908,9475.17,SUBSCRIPTION_FAILED,Bank_A,E42,P012,WALLET,ALTERNATE_PAYMENT,0.86462176,8192.4381471169
E02931,15538.56,PAYMENT_FAILED,Bank_A,E23,P006,NETBANKING,RETRY_PAYMENT,0.52683884,8186.316910972595
E03790,16111.95,INVOICE_OVERDUE,Bank_A,E23,P008,WALLET,SEND_REMINDER,0.5080048,8184.947688978911
E02768,12840.18,PAYMENT_FAILED,Bank_B,E23,P007,UPI,RETRY_PAYMENT,0.63736045,8183.8229491782195
E02941,13139.58,PAYMENT_FAILED,Bank_C,E11,P012,NETBANKING,RETRY_PAYMENT,0.622702,8182.04277834177
E04538,15119.23,CHECKOUT_ABANDONED,Bank_A,E17,P014,NETBANKING,SEND_REMINDER,0.54105794,8180.379503165484
E00446,14931.97,CHECKOUT_ABANDONED,Bank_D,E11,P013,NETBANKING,SEND_REMINDER,0.5477544,8179.05237163186
E04840,14699.47,INVOICE_OVERDUE,Bank_D,E42,P011,UPI,SEND_REMINDER,0.5563001,8177.316684811711
E04702,12028.69,SUBSCRIPTION_FAILED,Bank_A,E11,P008,CARD,ALTERNATE_PAYMENT,0.6797909,8176.994170028568
E00824,16322.84,INVOICE_OVERDUE,Bank_C,E42,P011,WALLET,SEND_REMINDER,0.5006754,8172.444123432636
E02639,15150.24,INVOICE_OVERDUE,Bank_B,E42,P004,CARD,ALTERNATE_PAYMENT,0.53921723,8169.270502052307
E02627,14936.01,CHECKOUT_ABANDONED,Bank_C,E23,P019,WALLET,SEND_REMINDER,0.5463077,8159.657016230822
E00584,15056.62,CHECKOUT_ABANDONED,Bank_A,E17,P014,CARD,ALTERNATE_PAYMENT,0.5418048,8157.7488446903235
E00865,15037.56,CHECKOUT_ABANDONED,Bank_C,E42,P011,CARD,SEND_REMINDER,0.5423462,8155.563214781284
E01275,11183.52,INVOICE_OVERDUE,Bank_A,E42,P003,WALLET,ALTERNATE_PAYMENT,0.72921133,8155.149497909546
E04594,14930.83,INVOICE_OVERDUE,Bank_B,E23,P016,WALLET,SEND_REMINDER,0.54611796,8153.994441710114
E01259,9016.25,SUBSCRIPTION_FAILED,Bank_A,E42,P007,CARD,ALTERNATE_PAYMENT,0.9040527,8151.164928898215
E04925,13293.13,PAYMENT_FAILED,Bank_B,E23,P001,CARD,RETRY_PAYMENT,0.61267745,8144.40105669856
E03479,12763.45,PAYMENT_FAILED,Bank_C,E23,P018,CARD,RETRY_PAYMENT,0.6376467,8138.571455430985
E01114,15997.67,INVOICE_OVERDUE,Bank_C,E42,P006,UPI,ALTERNATE_PAYMENT,0.5086762,8137.633525365591
E00355,14848.37,CHECKOUT_ABANDONED,Bank_D,E23,P002,WALLET,SEND_REMINDER,0.54764456,8131.628989569545
E04581,16411.14,INVOICE_OVERDUE,Bank_D,E11,P015,CARD,SEND_REMINDER,0.49544248,8130.775898746848
E03449,15521.74,PAYMENT_FAILED,Bank_C,E11,P004,UPI,RETRY_PAYMENT,0.5238216,8130.62256254673
E02068,14810.99,INVOICE_OVERDUE,Bank_C,E11,P014,NETBANKING,SEND_REMINDER,0.54865605,8126.139216529727
E03711,11220.29,INVOICE_OVERDUE,Bank_A,E42,P018,UPI,ALTERNATE_PAYMENT,0.72400606,8123.557918890715
E00040,15738.58,CHECKOUT_ABANDONED,Bank_A,E11,P015,CARD,SEND_REMINDER,0.5157943,8117.86949511528
E02543,13658.38,PAYMENT_FAILED,Bank_A,E17,P006,UPI,RETRY_PAYMENT,0.5943318,8117.609583290815
E03881,13894.76,PAYMENT_FAILED,Bank_D,E42,P014,CARD,ALTERNATE_PAYMENT,0.5841228,8116.24579674244
E03139,14509.0,CHECKOUT_ABANDONED,Bank_D,E17,P007,WALLET,SEND_REMINDER,0.5593154,8115.106898248196
E03486,16029.96,INVOICE_OVERDUE,Bank_D,E11,P017,WALLET,SEND_REMINDER,0.5058987,8109.536150522232
E01442,15059.28,CHECKOUT_ABANDONED,Bank_D,E11,P009,UPI,SEND_REMINDER,0.5384758,8109.058018326759
E02452,15637.42,INVOICE_OVERDUE,Bank_D,E11,P017,UPI,SEND_REMINDER,0.5183615,8105.8366256630425
E02964,10660.92,SUBSCRIPTION_FAILED,Bank_D,E42,P014,UPI,ALTERNATE_PAYMENT,0.76007277,8103.07497099638
E02024,9067.6,SUBSCRIPTION_FAILED,Bank_A,E42,P006,NETBANKING,ALTERNATE_PAYMENT,0.89334416,8100.487540531159
E01300,13087.69,PAYMENT_FAILED,Bank_D,E23,P014,CARD,RETRY_PAYMENT,0.61804074,8088.725618903041
E03102,8957.84,SUBSCRIPTION_FAILED,Bank_A,E42,P009,NETBANKING,ALTERNATE_PAYMENT,0.9026244,8085.565208554268
E01543,15414.09,PAYMENT_FAILED,Bank_A,E11,P004,CARD,RETRY_PAYMENT,0.5244604,8084.079426446557
E00975,14499.85,CHECKOUT_ABANDONED,Bank_A,E23,P002,NETBANKING,SEND_REMINDER,0.55688375,8074.7308764547115
E04906,14114.61,CHECKOUT_ABANDONED,Bank_D,E42,P008,CARD,ALTERNATE_PAYMENT,0.57133204,8064.12888909638
E00328,12442.09,PAYMENT_FAILED,Bank_B,E17,P014,CARD,RETRY_PAYMENT,0.647963,8062.013806185127
E01613,12955.04,SUBSCRIPTION_FAILED,Bank_D,E11,P012,WALLET,ALTERNATE_PAYMENT,0.6220216,8058.314909734727
E02646,14609.41,INVOICE_OVERDUE,Bank_B,E23,P020,CARD,SEND_REMINDER,0.5512105,8052.8605217325685
E04096,15597.42,INVOICE_OVERDUE,Bank_D,E23,P003,WALLET,SEND_REMINDER,0.51615953,8050.7570458889
E02564,12819.64,SUBSCRIPTION_FAILED,Bank_D,E17,P001,CARD,ALTERNATE_PAYMENT,0.6277798,8047.910802190303
E03646,15057.6,CHECKOUT_ABANDONED,Bank_B,E17,P014,CARD,SEND_REMINDER,0.5338511,8038.516129016876
E04929,13199.41,SUBSCRIPTION_FAILED,Bank_C,E17,P016,WALLET,ALTERNATE_PAYMENT,0.60882103,8036.078450084925
E02977,16631.99,INVOICE_OVERDUE,Bank_A,E17,P010,WALLET,ALTERNATE_PAYMENT,0.4828311,8030.441872023643
E01535,12652.96,SUBSCRIPTION_FAILED,Bank_C,E11,P013,NETBANKING,ALTERNATE_PAYMENT,0.6344472,8027.635258655548
E04236,13701.71,CHECKOUT_ABANDONED,Bank_A,E23,P002,CARD,SEND_REMINDER,0.5856939,8025.007909252047
E03778,12181.23,SUBSCRIPTION_FAILED,Bank_D,E11,P012,UPI,ALTERNATE_PAYMENT,0.65815234,8017.10505102396
E01002,12330.71,PAYMENT_FAILED,Bank_C,E23,P011,NETBANKING,RETRY_PAYMENT,0.6501623,8016.962522758841
E04285,13902.85,CHECKOUT_ABANDONED,Bank_B,E23,P012,NETBANKING,SEND_REMINDER,0.57623976,8011.375012525917
E00797,9002.1,SUBSCRIPTION_FAILED,Bank_A,E42,P019,CARD,ALTERNATE_PAYMENT,0.8897857,8009.939912956954
E00141,14627.36,CHECKOUT_ABANDONED,Bank_C,E23,P008,CARD,SEND_REMINDER,0.547505,8008.553045368195
E04021,15207.44,INVOICE_OVERDUE,Bank_C,E42,P011,NETBANKING,SEND_REMINDER,0.52653337,8007.224560031891
E04371,13228.7,CHECKOUT_ABANDONED,Bank_B,E23,P017,UPI,SEND_REMINDER,0.6049372,8002.532681787015
E02080,11465.18,SUBSCRIPTION_FAILED,Bank_A,E17,P009,UPI,ALTERNATE_PAYMENT,0.69776744,8000.029257661105
E03035,9042.84,SUBSCRIPTION_FAILED,Bank_A,E42,P003,WALLET,ALTERNATE_PAYMENT,0.88457686,7999.086986367703
E00012,10844.14,INVOICE_OVERDUE,Bank_A,E42,P015,WALLET,ALTERNATE_PAYMENT,0.73750037,7997.557257438898
E04123,12835.87,PAYMENT_FAILED,Bank_B,E23,P015,CARD,RETRY_PAYMENT,0.6222427,7987.026266157628
E01453,12262.47,SUBSCRIPTION_FAILED,Bank_B,E23,P001,NETBANKING,ALTERNATE_PAYMENT,0.6512772,7986.266936448812
E04276,12070.54,SUBSCRIPTION_FAILED,Bank_B,E11,P005,NETBANKING,ALTERNATE_PAYMENT,0.6614359,7983.888513959647
E00476,9069.99,SUBSCRIPTION_FAILED,Bank_A,E42,P020,NETBANKING,ALTERNATE_PAYMENT,0.88013566,7982.8215931499
E04496,12150.31,SUBSCRIPTION_FAILED,Bank_D,E42,P013,CARD,ALTERNATE_PAYMENT,0.65664446,7978.433791784048
E00547,13560.51,INVOICE_OVERDUE,Bank_D,E42,P006,UPI,ALTERNATE_PAYMENT,0.5879325,7972.664912593961
E01810,12928.49,PAYMENT_FAILED,Bank_B,E17,P020,WALLET,RETRY_PAYMENT,0.6165434,7970.975339304208
E04268,8787.39,SUBSCRIPTION_FAILED,Bank_A,E42,P003,NETBANKING,ALTERNATE_PAYMENT,0.9065877,7966.539864124059
E03503,13931.0,INVOICE_OVERDUE,Bank_B,E23,P011,NETBANKING,SEND_REMINDER,0.5714749,7961.216968178749
E00501,12920.95,PAYMENT_FAILED,Bank_A,E23,P005,CARD,RETRY_PAYMENT,0.6161419,7961.138880771399
E01461,15734.37,INVOICE_OVERDUE,Bank_D,E23,P008,CARD,SEND_REMINDER,0.5058639,7959.4498501753815
E00591,14542.48,CHECKOUT_ABANDONED,Bank_C,E11,P007,UPI,SEND_REMINDER,0.54730034,7959.1042301940915
E02028,12337.96,CHECKOUT_ABANDONED,Bank_B,E23,P017,NETBANKING,SEND_REMINDER,0.64501584,7958.1795809984205
E01315,14123.69,INVOICE_OVERDUE,Bank_B,E42,P012,WALLET,ALTERNATE_PAYMENT,0.56308144,7952.7877500599625
E03194,14156.39,INVOICE_OVERDUE,Bank_B,E17,P004,NETBANKING,SEND_REMINDER,0.56169504,7951.574037004113
E03374,13208.56,SUBSCRIPTION_FAILED,Bank_C,E17,P019,UPI,ALTERNATE_PAYMENT,0.60199624,7951.503495440483
E03691,15609.9,INVOICE_OVERDUE,Bank_B,E11,P016,UPI,SEND_REMINDER,0.5092719,7949.683739751577
E03671,11963.21,PAYMENT_FAILED,Bank_B,E17,P017,NETBANKING,RETRY_PAYMENT,0.6643777,7948.0898171472545
E03884,14565.71,INVOICE_OVERDUE,Bank_D,E23,P016,WALLET,SEND_REMINDER,0.54536223,7943.588147079944
E02295,15424.29,INVOICE_OVERDUE,Bank_B,E11,P019,WALLET,SEND_REMINDER,0.51493496,7942.5061083287
E00803,12397.9,SUBSCRIPTION_FAILED,Bank_B,E17,P011,WALLET,ALTERNATE_PAYMENT,0.64042765,7939.957949799299
E04493,13253.57,CHECKOUT_ABANDONED,Bank_C,E42,P005,WALLET,ALTERNATE_PAYMENT,0.59906286,7939.721549569964
E04495,12154.02,SUBSCRIPTION_FAILED,Bank_C,E23,P005,CARD,ALTERNATE_PAYMENT,0.6530509,7937.193693609238
E02920,12244.94,PAYMENT_FAILED,Bank_B,E11,P005,UPI,RETRY_PAYMENT,0.64771754,7931.262359093428
E00404,13767.18,INVOICE_OVERDUE,Bank_C,E11,P017,NETBANKING,SEND_REMINDER,0.5759507,7929.216712464095
E04076,11629.08,SUBSCRIPTION_FAILED,Bank_B,E11,P009,NETBANKING,ALTERNATE_PAYMENT,0.68172145,7927.793266954422
E03251,13199.46,CHECKOUT_ABANDONED,Bank_B,E11,P018,NETBANKING,SEND_REMINDER,0.6005692,7927.188982089758
E04599,16079.87,INVOICE_OVERDUE,Bank_A,E17,P012,WALLET,SEND_REMINDER,0.4927073,7922.669526731373
E01815,13319.96,CHECKOUT_ABANDONED,Bank_B,E11,P003,NETBANKING,SEND_REMINDER,0.5944824,7918.482080078124
E00381,12922.57,SUBSCRIPTION_FAILED,Bank_D,E11,P016,UPI,ALTERNATE_PAYMENT,0.6125595,7915.842983753085
E02144,10739.33,PAYMENT_FAILED,Bank_A,E42,P014,CARD,ALTERNATE_PAYMENT,0.7369651,7914.511620437503
E02640,14823.8,CHECKOUT_ABANDONED,Bank_D,E42,P011,CARD,SEND_REMINDER,0.53362656,7910.373346710205
E02148,13567.34,INVOICE_OVERDUE,Bank_B,E17,P005,WALLET,ALTERNATE_PAYMENT,0.5829368,7908.902081154585
E02074,13574.13,SUBSCRIPTION_FAILED,Bank_B,E23,P020,CARD,ALTERNATE_PAYMENT,0.58242226,7905.875424213409
E03290,13422.0,CHECKOUT_ABANDONED,Bank_C,E17,P003,NETBANKING,SEND_REMINDER,0.58860224,7900.219330430031
E00485,12684.78,INVOICE_OVERDUE,Bank_B,E17,P002,WALLET,SEND_REMINDER,0.62259036,7897.421785100699
E04870,14815.68,CHECKOUT_ABANDONED,Bank_C,E11,P005,NETBANKING,SEND_REMINDER,0.5330199,7897.052276802063
E03718,10249.17,SUBSCRIPTION_FAILED,Bank_D,E42,P005,NETBANKING,ALTERNATE_PAYMENT,0.7704697,7896.675192731023
E00888,15268.53,INVOICE_OVERDUE,Bank_A,E11,P017,UPI,SEND_REMINDER,0.51689464,7892.221295362116
E04953,12881.97,CHECKOUT_ABANDONED,Bank_D,E42,P007,NETBANKING,ALTERNATE_PAYMENT,0.6125161,7890.41409138143
E00520,15314.26,PAYMENT_FAILED,Bank_C,E11,P009,UPI,RETRY_PAYMENT,0.5149737,7886.441135674715
E02868,10945.26,PAYMENT_FAILED,Bank_A,E42,P006,UPI,ALTERNATE_PAYMENT,0.72050226,7886.084537250996
E03723,12678.69,PAYMENT_FAILED,Bank_D,E17,P004,UPI,RETRY_PAYMENT,0.6213012,7877.284983859063
E00843,11329.82,SUBSCRIPTION_FAILED,Bank_B,E17,P017,NETBANKING,ALTERNATE_PAYMENT,0.6951229,7875.617307969332
E04561,12567.99,PAYMENT_FAILED,Bank_C,E17,P008,WALLET,RETRY_PAYMENT,0.6264697,7873.464569558501
E04078,12512.16,PAYMENT_FAILED,Bank_B,E11,P015,CARD,RETRY_PAYMENT,0.62926215,7873.428694410324
E04156,10687.48,INVOICE_OVERDUE,Bank_A,E42,P002,WALLET,ALTERNATE_PAYMENT,0.73608583,7866.902609055042
E00885,16097.04,INVOICE_OVERDUE,Bank_D,E11,P001,WALLET,SEND_REMINDER,0.48871642,7866.887817921639
E00869,12114.41,SUBSCRIPTION_FAILED,Bank_B,E11,P004,UPI,ALTERNATE_PAYMENT,0.6491758,7864.3820786970855
E01159,12442.76,PAYMENT_FAILED,Bank_B,E11,P008,CARD,RETRY_PAYMENT,0.6320334,7864.240003845692
E01482,14306.47,CHECKOUT_ABANDONED,Bank_D,E17,P015,UPI,SEND_REMINDER,0.5495942,7862.753270666003
E01331,10120.61,CHECKOUT_ABANDONED,Bank_A,E42,P009,NETBANKING,ALTERNATE_PAYMENT,0.7767941,7861.629893161059
E01694,10611.2,SUBSCRIPTION_FAILED,Bank_C,E42,P005,CARD,ALTERNATE_PAYMENT,0.74087876,7861.612706756592
E02956,12110.07,PAYMENT_FAILED,Bank_B,E11,P002,NETBANKING,RETRY_PAYMENT,0.6488694,7857.853797408342
E00013,12869.0,PAYMENT_FAILED,Bank_B,E17,P013,WALLET,RETRY_PAYMENT,0.61009014,7851.249966979027
E00338,14417.14,INVOICE_OVERDUE,Bank_C,E11,P020,CARD,SEND_REMINDER,0.54433525,7847.757449758053
E02761,13964.26,PAYMENT_FAILED,Bank_C,E42,P006,NETBANKING,ALTERNATE_PAYMENT,0.56179935,7845.112154933215
E02899,13822.76,SUBSCRIPTION_FAILED,Bank_C,E23,P019,UPI,ALTERNATE_PAYMENT,0.5668744,7835.76857234478
E02991,14004.08,SUBSCRIPTION_FAILED,Bank_D,E11,P019,NETBANKING,ALTERNATE_PAYMENT,0.55938095,7833.6155538797375
E03220,10601.06,PAYMENT_FAILED,Bank_A,E42,P019,NETBANKING,ALTERNATE_PAYMENT,0.73843074,7828.148564143181
E00893,15857.42,INVOICE_OVERDUE,Bank_C,E42,P016,UPI,SEND_REMINDER,0.4933191,7822.768070448637
E03090,11561.3,PAYMENT_FAILED,Bank_D,E17,P018,CARD,RETRY_PAYMENT,0.67637354,7819.757423669099
E03397,12226.91,PAYMENT_FAILED,Bank_B,E23,P007,WALLET,RETRY_PAYMENT,0.63935137,7817.291634306907
E03288,12182.67,SUBSCRIPTION_FAILED,Bank_D,E17,P013,UPI,ALTERNATE_PAYMENT,0.64165527,7817.074362911582
E04267,13539.87,INVOICE_OVERDUE,Bank_C,E42,P009,UPI,ALTERNATE_PAYMENT,0.57731307,7816.743856562376
E02607,12640.29,SUBSCRIPTION_FAILED,Bank_C,E17,P002,UPI,ALTERNATE_PAYMENT,0.61828,7815.238419468999
E04098,13927.19,INVOICE_OVERDUE,Bank_A,E11,P013,NETBANKING,ALTERNATE_PAYMENT,0.56113005,7814.964777112007
E01832,15939.13,INVOICE_OVERDUE,Bank_D,E11,P019,CARD,SEND_REMINDER,0.49022484,7813.757426204681
E04256,13571.37,CHECKOUT_ABANDONED,Bank_D,E23,P018,WALLET,SEND_REMINDER,0.5755812,7811.425334841014
E00329,10603.24,CHECKOUT_ABANDONED,Bank_A,E42,P020,WALLET,ALTERNATE_PAYMENT,0.736368,7807.886637699604
E01811,13291.36,CHECKOUT_ABANDONED,Bank_C,E11,P003,NETBANKING,SEND_REMINDER,0.5872514,7805.370097389222
E01627,13803.22,PAYMENT_FAILED,Bank_C,E42,P007,WALLET,ALTERNATE_PAYMENT,0.56534207,7803.54094913721
E03672,13761.09,SUBSCRIPTION_FAILED,Bank_B,E17,P006,CARD,ALTERNATE_PAYMENT,0.5669548,7801.915912393928
E00612,15443.76,PAYMENT_FAILED,Bank_A,E11,P006,NETBANKING,RETRY_PAYMENT,0.5042906,7788.142699356079
E02419,12461.36,SUBSCRIPTION_FAILED,Bank_C,E11,P015,CARD,ALTERNATE_PAYMENT,0.6248238,7786.154416408539
E00127,12019.36,PAYMENT_FAILED,Bank_D,E17,P003,CARD,RETRY_PAYMENT,0.64776397,7785.708320579529
E02593,13028.98,CHECKOUT_ABANDONED,Bank_B,E42,P018,WALLET,ALTERNATE_PAYMENT,0.5975321,7785.23369589448
E01837,12715.17,SUBSCRIPTION_FAILED,Bank_A,E17,P020,CARD,ALTERNATE_PAYMENT,0.61215675,7783.677127279043
E03157,14134.98,CHECKOUT_ABANDONED,Bank_C,E42,P008,CARD,ALTERNATE_PAYMENT,0.5504694,7780.873938388824
E02567,13826.72,CHECKOUT_ABANDONED,Bank_D,E11,P004,UPI,SEND_REMINDER,0.5624846,7777.317372722626
E02987,12559.95,PAYMENT_FAILED,Bank_B,E17,P020,NETBANKING,RETRY_PAYMENT,0.6191094,7775.983010137082
E02417,13230.81,INVOICE_OVERDUE,Bank_C,E42,P017,NETBANKING,ALTERNATE_PAYMENT,0.5876749,7775.415152590871
E03268,10446.43,CHECKOUT_ABANDONED,Bank_A,E42,P019,WALLET,ALTERNATE_PAYMENT,0.7442934,7775.20881590426
E04707,12616.22,PAYMENT_FAILED,Bank_D,E23,P015,UPI,RETRY_PAYMENT,0.6156135,7766.715605129003
E03509,12784.16,PAYMENT_FAILED,Bank_C,E23,P014,UPI,RETRY_PAYMENT,0.6071827,7762.320550298691
E00665,10572.45,CHECKOUT_ABANDONED,Bank_A,E42,P008,UPI,ALTERNATE_PAYMENT,0.7341038,7761.2757083237175
E01433,12660.32,PAYMENT_FAILED,Bank_A,E17,P011,CARD,RETRY_PAYMENT,0.6129756,7760.467215042114
E03967,13455.21,PAYMENT_FAILED,Bank_D,E42,P006,CARD,ALTERNATE_PAYMENT,0.57645184,7756.280535398125
E01151,12271.86,SUBSCRIPTION_FAILED,Bank_C,E11,P016,WALLET,ALTERNATE_PAYMENT,0.63145435,7749.119361970425
E00469,10234.99,CHECKOUT_ABANDONED,Bank_A,E42,P005,CARD,ALTERNATE_PAYMENT,0.75699985,7747.885897547007
E03926,10670.46,INVOICE_OVERDUE,Bank_A,E42,P004,UPI,ALTERNATE_PAYMENT,0.72606313,7747.4276105332365
E04347,10485.17,PAYMENT_FAILED,Bank_A,E42,P019,UPI,ALTERNATE_PAYMENT,0.73870075,7745.402916558981
E04924,13855.44,CHECKOUT_ABANDONED,Bank_B,E23,P009,WALLET,SEND_REMINDER,0.5589586,7744.617206654549
E03015,14338.36,INVOICE_OVERDUE,Bank_A,E23,P003,UPI,SEND_REMINDER,0.54002786,7743.113821210862
E01947,15191.2,INVOICE_OVERDUE,Bank_D,E23,P006,WALLET,SEND_REMINDER,0.50934094,7737.500116682053
E01236,13278.51,PAYMENT_FAILED,Bank_D,E42,P012,CARD,ALTERNATE_PAYMENT,0.58252436,7735.055529229045
E04198,14252.73,CHECKOUT_ABANDONED,Bank_C,E11,P007,CARD,SEND_REMINDER,0.5426566,7734.338009292483
E00384,10246.31,SUBSCRIPTION_FAILED,Bank_B,E42,P007,NETBANKING,ALTERNATE_PAYMENT,0.7545564,7731.4189658379555
E00272,12959.91,INVOICE_OVERDUE,Bank_D,E42,P010,WALLET,ALTERNATE_PAYMENT,0.5965635,7731.409503176808
E04865,15081.72,INVOICE_OVERDUE,Bank_A,E23,P012,UPI,SEND_REMINDER,0.5118466,7719.527133758068
E02518,10852.37,INVOICE_OVERDUE,Bank_A,E42,P016,WALLET,ALTERNATE_PAYMENT,0.7110497,7716.574171696902
E03765,8843.15,SUBSCRIPTION_FAILED,Bank_A,E42,P013,CARD,ALTERNATE_PAYMENT,0.87225354,7713.46886729598
E03238,12304.24,INVOICE_OVERDUE,Bank_C,E42,P002,NETBANKING,SEND_REMINDER,0.62636083,7706.894023766517
E03439,10772.04,PAYMENT_FAILED,Bank_A,E42,P018,CARD,ALTERNATE_PAYMENT,0.71510166,7703.1036780238155
E02383,12161.82,PAYMENT_FAILED,Bank_C,E11,P008,CARD,RETRY_PAYMENT,0.63337153,7702.95056486249
E03956,12008.6,CHECKOUT_ABANDONED,Bank_B,E42,P017,NETBANKING,ALTERNATE_PAYMENT,0.6414494,7702.909166872501
E03430,14577.23,INVOICE_OVERDUE,Bank_D,E17,P004,WALLET,SEND_REMINDER,0.5283004,7701.156506198645
E01385,11298.86,SUBSCRIPTION_FAILED,Bank_A,E17,P016,CARD,ALTERNATE_PAYMENT,0.6814267,7699.344927965403
E03914,11313.34,PAYMENT_FAILED,Bank_B,E17,P017,WALLET,RETRY_PAYMENT,0.68047476,7698.442300348282
E04881,13946.8,SUBSCRIPTION_FAILED,Bank_D,E11,P006,WALLET,ALTERNATE_PAYMENT,0.5519329,7697.697370028495
E02007,8474.18,SUBSCRIPTION_FAILED,Bank_A,E42,P003,NETBANKING,ALTERNATE_PAYMENT,0.908228,7696.487384716273
E00588,10264.33,INVOICE_OVERDUE,Bank_A,E42,P011,NETBANKING,ALTERNATE_PAYMENT,0.74974734,7695.654072409272
E04182,12377.35,PAYMENT_FAILED,Bank_B,E11,P020,UPI,RETRY_PAYMENT,0.62175226,7695.645361495018
E02598,10590.53,INVOICE_OVERDUE,Bank_A,E42,P013,NETBANKING,ALTERNATE_PAYMENT,0.72659445,7695.020300326348
E01787,14051.48,CHECKOUT_ABANDONED,Bank_D,E11,P018,CARD,SEND_REMINDER,0.54754287,7693.787687575817
E04477,14467.4,INVOICE_OVERDUE,Bank_D,E11,P001,NETBANKING,SEND_REMINDER,0.5316648,7691.807164371014
E04778,12881.38,CHECKOUT_ABANDONED,Bank_C,E11,P018,NETBANKING,SEND_REMINDER,0.59710765,7691.570525736808
E03651,8877.71,SUBSCRIPTION_FAILED,Bank_A,E42,P012,WALLET,ALTERNATE_PAYMENT,0.8657695,7686.050596679448
E00717,15518.49,INVOICE_OVERDUE,Bank_B,E11,P015,CARD,SEND_REMINDER,0.4951904,7684.607453708946
E00069,15506.98,INVOICE_OVERDUE,Bank_D,E23,P018,WALLET,SEND_REMINDER,0.4952679,7680.109386513829
E04708,9913.9,INVOICE_OVERDUE,Bank_A,E42,P005,WALLET,ALTERNATE_PAYMENT,0.77457,7679.009406518936
E01693,13851.32,PAYMENT_FAILED,Bank_D,E42,P018,CARD,ALTERNATE_PAYMENT,0.55402094,7673.921344058514
E00510,14244.91,CHECKOUT_ABANDONED,Bank_C,E17,P005,UPI,SEND_REMINDER,0.5385566,7671.689951825142
E01678,13603.5,INVOICE_OVERDUE,Bank_B,E17,P016,CARD,SEND_REMINDER,0.5636022,7666.962651371956
E02837,12003.51,SUBSCRIPTION_FAILED,Bank_B,E23,P013,UPI,ALTERNATE_PAYMENT,0.6386621,7666.186902029514
E01817,16577.76,INVOICE_OVERDUE,Bank_C,E17,P014,WALLET,ALTERNATE_PAYMENT,0.46188167,7656.963430151939
E04192,8474.39,SUBSCRIPTION_FAILED,Bank_A,E42,P011,NETBANKING,ALTERNATE_PAYMENT,0.9033419,7655.271473954916
E00574,12717.96,PAYMENT_FAILED,Bank_C,E23,P009,UPI,RETRY_PAYMENT,0.6016337,7651.55368163824
E03791,14415.02,CHECKOUT_ABANDONED,Bank_C,E23,P009,UPI,SEND_REMINDER,0.5307263,7650.430424940586
E03354,13251.38,CHECKOUT_ABANDONED,Bank_B,E42,P014,CARD,ALTERNATE_PAYMENT,0.57728934,7649.880452456474
E04703,12859.74,INVOICE_OVERDUE,Bank_D,E42,P007,UPI,ALTERNATE_PAYMENT,0.5947693,7648.578545511961
E01085,11538.25,PAYMENT_FAILED,Bank_B,E23,P008,CARD,RETRY_PAYMENT,0.6627814,7647.337688967586
E02959,13910.28,INVOICE_OVERDUE,Bank_C,E17,P013,NETBANKING,SEND_REMINDER,0.54973775,7647.006049711705
E01838,10435.03,CHECKOUT_ABANDONED,Bank_A,E42,P014,WALLET,ALTERNATE_PAYMENT,0.7327391,7646.154395917654
E01912,16143.55,INVOICE_OVERDUE,Bank_D,E17,P013,WALLET,SEND_REMINDER,0.4735443,7644.686077848077
E01767,15447.05,PAYMENT_FAILED,Bank_C,E42,P016,CARD,ALTERNATE_PAYMENT,0.4943956,7636.953764146566
E03898,14255.92,INVOICE_OVERDUE,Bank_C,E11,P020,CARD,SEND_REMINDER,0.53557664,7635.1377559423445
E00960,14446.89,CHECKOUT_ABANDONED,Bank_A,E23,P001,NETBANKING,SEND_REMINDER,0.52847725,7634.852720351815
E01894,12245.02,PAYMENT_FAILED,Bank_D,E23,P015,CARD,RETRY_PAYMENT,0.62347084,7634.412939971686
E00337,13901.43,CHECKOUT_ABANDONED,Bank_A,E17,P017,UPI,SEND_REMINDER,0.54901564,7632.102505220175
E00258,13886.89,CHECKOUT_ABANDONED,Bank_A,E17,P011,CARD,SEND_REMINDER,0.54958457,7632.020435220599
E03215,14493.3,INVOICE_OVERDUE,Bank_B,E11,P010,NETBANKING,SEND_REMINDER,0.5261133,7625.117480921745
E04861,14142.71,CHECKOUT_ABANDONED,Bank_A,E17,P013,CARD,SEND_REMINDER,0.53886455,7621.005102000832
E02104,15385.53,INVOICE_OVERDUE,Bank_D,E11,P008,WALLET,SEND_REMINDER,0.49531347,7620.660184319616
E00068,13803.24,CHECKOUT_ABANDONED,Bank_C,E23,P012,WALLET,SEND_REMINDER,0.55207294,7620.395319478512
E00321,11608.35,PAYMENT_FAILED,Bank_B,E17,P011,CARD,RETRY_PAYMENT,0.656168,7617.027617168426
E02694,14729.45,PAYMENT_FAILED,Bank_B,E42,P011,WALLET,ALTERNATE_PAYMENT,0.5171241,7616.953816613555
E04595,10559.59,CHECKOUT_ABANDONED,Bank_A,E42,P016,UPI,ALTERNATE_PAYMENT,0.7202643,7605.695864421129
E00492,10304.04,SUBSCRIPTION_FAILED,Bank_D,E42,P004,WALLET,ALTERNATE_PAYMENT,0.7377283,7601.581888740064
E04624,14491.56,CHECKOUT_ABANDONED,Bank_D,E11,P012,CARD,SEND_REMINDER,0.5245261,7601.2017284202575
E03281,13483.83,INVOICE_OVERDUE,Bank_B,E42,P018,WALLET,ALTERNATE_PAYMENT,0.56349546,7598.076950284839
E02733,12353.29,CHECKOUT_ABANDONED,Bank_D,E42,P014,WALLET,ALTERNATE_PAYMENT,0.61505264,7597.923632597328
E02108,12783.31,PAYMENT_FAILED,Bank_D,E42,P009,WALLET,ALTERNATE_PAYMENT,0.5941894,7595.707368471622
E00686,10043.41,SUBSCRIPTION_FAILED,Bank_B,E42,P018,WALLET,ALTERNATE_PAYMENT,0.7559944,7592.761511219143
E00237,10521.78,PAYMENT_FAILED,Bank_A,E42,P014,UPI,ALTERNATE_PAYMENT,0.7214437,7590.872027531863
E02362,11350.57,PAYMENT_FAILED,Bank_B,E23,P003,CARD,RETRY_PAYMENT,0.66875297,7590.727379525304
E03574,10127.11,CHECKOUT_ABANDONED,Bank_A,E42,P011,UPI,ALTERNATE_PAYMENT,0.7489421,7584.618799026609
E04537,8491.87,SUBSCRIPTION_FAILED,Bank_A,E42,P012,NETBANKING,ALTERNATE_PAYMENT,0.8931154,7584.219882565738
E00729,12972.14,INVOICE_OVERDUE,Bank_A,E17,P005,CARD,ALTERNATE_PAYMENT,0.58430487,7579.68456561923
E01078,11534.47,SUBSCRIPTION_FAILED,Bank_A,E23,P008,WALLET,ALTERNATE_PAYMENT,0.65676725,7575.46213181138
E02360,13994.56,CHECKOUT_ABANDONED,Bank_A,E11,P013,CARD,ALTERNATE_PAYMENT,0.54092485,7570.005228595734
E02247,12989.5,INVOICE_OVERDUE,Bank_B,E42,P012,NETBANKING,ALTERNATE_PAYMENT,0.58265436,7568.388769686222
E02141,8750.16,SUBSCRIPTION_FAILED,Bank_A,E42,P012,WALLET,ALTERNATE_PAYMENT,0.8648744,7567.78957722187
E00014,15925.45,INVOICE_OVERDUE,Bank_C,E11,P013,UPI,SEND_REMINDER,0.4751388,7566.799413587153
E00722,13758.01,INVOICE_OVERDUE,Bank_C,E17,P013,NETBANKING,SEND_REMINDER,0.54973775,7563.297482293248
E02070,15095.45,INVOICE_OVERDUE,Bank_A,E17,P009,WALLET,ALTERNATE_PAYMENT,0.5007179,7558.5616966128355
E00911,13206.85,SUBSCRIPTION_FAILED,Bank_D,E23,P019,UPI,ALTERNATE_PAYMENT,0.5717472,7550.979294365645
E04684,11625.9,SUBSCRIPTION_FAILED,Bank_B,E17,P015,NETBANKING,ALTERNATE_PAYMENT,0.6494892,7550.896768802404
E04002,12850.99,INVOICE_OVERDUE,Bank_B,E42,P014,NETBANKING,ALTERNATE_PAYMENT,0.5874562,7549.394090247154
E03286,11857.8,PAYMENT_FAILED,Bank_D,E23,P018,NETBANKING,RETRY_PAYMENT,0.6366346,7549.085620450973
E01601,13550.71,CHECKOUT_ABANDONED,Bank_C,E17,P015,UPI,SEND_REMINDER,0.5568885,7546.234846573471
E00380,12013.54,PAYMENT_FAILED,Bank_B,E11,P014,WALLET,RETRY_PAYMENT,0.6280241,7544.7926614189155
E01619,12053.26,SUBSCRIPTION_FAILED,Bank_C,E17,P010,CARD,ALTERNATE_PAYMENT,0.62548006,7539.07373748064
E04048,12234.37,INVOICE_OVERDUE,Bank_B,E42,P013,UPI,ALTERNATE_PAYMENT,0.61605823,7537.084332259894
E03478,12553.59,PAYMENT_FAILED,Bank_A,E11,P015,CARD,RETRY_PAYMENT,0.6003565,7536.629596143365
E00774,11874.52,PAYMENT_FAILED,Bank_C,E17,P017,UPI,RETRY_PAYMENT,0.63444597,7533.741303756237
E01974,10297.49,INVOICE_OVERDUE,Bank_A,E42,P004,NETBANKING,ALTERNATE_PAYMENT,0.7315669,7533.302898612023
E01188,13078.12,CHECKOUT_ABANDONED,Bank_B,E17,P014,NETBANKING,SEND_REMINDER,0.5758669,7531.25613493681
E03900,10331.05,PAYMENT_FAILED,Bank_A,E42,P016,WALLET,ALTERNATE_PAYMENT,0.7288194,7529.469355225562
E04509,14408.21,INVOICE_OVERDUE,Bank_D,E42,P016,UPI,ALTERNATE_PAYMENT,0.5225632,7529.200598642826
E00902,13702.04,CHECKOUT_ABANDONED,Bank_B,E23,P006,CARD,SEND_REMINDER,0.54902333,7522.739631493092
E04494,9816.16,CHECKOUT_ABANDONED,Bank_A,E42,P015,NETBANKING,ALTERNATE_PAYMENT,0.7659575,7518.76112493515
E01514,15591.86,INVOICE_OVERDUE,Bank_D,E17,P006,WALLET,SEND_REMINDER,0.48219126,7518.258691323996
E04969,11253.74,SUBSCRIPTION_FAILED,Bank_A,E23,P011,UPI,ALTERNATE_PAYMENT,0.6679763,7517.231829072237
E00976,11627.32,PAYMENT_FAILED,Bank_B,E11,P018,CARD,RETRY_PAYMENT,0.6463519,7515.340070140362
E01073,10343.74,INVOICE_OVERDUE,Bank_A,E42,P009,WALLET,ALTERNATE_PAYMENT,0.726522,7514.954966520071
E03311,10406.48,INVOICE_OVERDUE,Bank_A,E42,P013,UPI,ALTERNATE_PAYMENT,0.7220513,7514.012646155357
E04657,14374.0,INVOICE_OVERDUE,Bank_A,E17,P019,WALLET,SEND_REMINDER,0.52273214,7513.751760721207
E03850,11274.57,SUBSCRIPTION_FAILED,Bank_B,E17,P009,UPI,ALTERNATE_PAYMENT,0.6650199,7497.8137455171345
E03559,10218.84,INVOICE_OVERDUE,Bank_A,E42,P015,UPI,ALTERNATE_PAYMENT,0.73310214,7491.453501040935
E03696,10763.86,SUBSCRIPTION_FAILED,Bank_D,E17,P005,NETBANKING,ALTERNATE_PAYMENT,0.6958895,7490.456862430573
E00734,10641.04,INVOICE_OVERDUE,Bank_A,E42,P018,UPI,ALTERNATE_PAYMENT,0.7038024,7489.189562726021
E02306,11362.89,SUBSCRIPTION_FAILED,Bank_B,E11,P018,NETBANKING,ALTERNATE_PAYMENT,0.6590103,7488.2614466321465
E03470,10686.38,SUBSCRIPTION_FAILED,Bank_A,E11,P014,UPI,ALTERNATE_PAYMENT,0.7006916,7487.856494934558
E03106,13604.34,CHECKOUT_ABANDONED,Bank_B,E17,P001,UPI,SEND_REMINDER,0.550128,7484.128125514984
E00108,13483.24,CHECKOUT_ABANDONED,Bank_A,E17,P020,CARD,SEND_REMINDER,0.5547273,7479.521534872055
E03844,12135.03,PAYMENT_FAILED,Bank_C,E23,P019,NETBANKING,RETRY_PAYMENT,0.61611503,7476.574416509271
E03473,11068.84,PAYMENT_FAILED,Bank_B,E17,P005,NETBANKING,RETRY_PAYMENT,0.6754494,7476.441019439698
E03519,15403.8,CHECKOUT_ABANDONED,Bank_D,E11,P015,CARD,SEND_REMINDER,0.48535928,7476.377297312021
E02655,13921.31,CHECKOUT_ABANDONED,Bank_D,E23,P019,UPI,SEND_REMINDER,0.53698677,7475.5592666465045
E01511,15619.1,INVOICE_OVERDUE,Bank_D,E11,P011,UPI,SEND_REMINDER,0.47861028,7475.461780238152
E04266,13069.0,CHECKOUT_ABANDONED,Bank_B,E42,P019,CARD,ALTERNATE_PAYMENT,0.5719168,7474.380902528763
E01223,14014.29,INVOICE_OVERDUE,Bank_A,E23,P011,WALLET,SEND_REMINDER,0.53309953,7471.011442097426
E03180,12983.94,CHECKOUT_ABANDONED,Bank_C,E42,P012,WALLET,ALTERNATE_PAYMENT,0.57539535,7470.898644690514
E02815,12589.81,INVOICE_OVERDUE,Bank_D,E42,P014,CARD,ALTERNATE_PAYMENT,0.59335256,7470.195945932865
E03736,15050.78,INVOICE_OVERDUE,Bank_D,E11,P007,WALLET,SEND_REMINDER,0.4961684,7467.7215038603545
E01642,14092.42,CHECKOUT_ABANDONED,Bank_C,E17,P006,UPI,SEND_REMINDER,0.52970225,7464.786528240443
E04242,14008.69,INVOICE_OVERDUE,Bank_B,E17,P004,WALLET,SEND_REMINDER,0.53282756,7464.216057328582
E00660,11907.09,SUBSCRIPTION_FAILED,Bank_C,E23,P009,UPI,ALTERNATE_PAYMENT,0.6264358,7459.027643764615
E00281,11920.36,SUBSCRIPTION_FAILED,Bank_B,E23,P014,NETBANKING,ALTERNATE_PAYMENT,0.6256402,7457.856575272083
E00977,10099.96,PAYMENT_FAILED,Bank_A,E42,P012,WALLET,ALTERNATE_PAYMENT,0.73827744,7456.572565460205
E03024,13694.15,CHECKOUT_ABANDONED,Bank_C,E11,P014,CARD,SEND_REMINDER,0.544409,7455.218192818761
E03398,12299.96,INVOICE_OVERDUE,Bank_D,E23,P005,NETBANKING,ALTERNATE_PAYMENT,0.6060382,7454.245775618552
E04400,8597.85,SUBSCRIPTION_FAILED,Bank_A,E42,P016,WALLET,ALTERNATE_PAYMENT,0.86686003,7453.132526832819
E00324,13023.73,CHECKOUT_ABANDONED,Bank_C,E11,P014,WALLET,SEND_REMINDER,0.5718136,7447.14572019577
E00621,12609.11,CHECKOUT_ABANDONED,Bank_C,E17,P020,NETBANKING,SEND_REMINDER,0.59051925,7445.92217329681
E03610,10260.91,SUBSCRIPTION_FAILED,Bank_D,E42,P001,CARD,ALTERNATE_PAYMENT,0.72563875,7445.713877688646
E03851,13918.16,CHECKOUT_ABANDONED,Bank_C,E11,P009,UPI,SEND_REMINDER,0.5345311,7439.689604225158
E01373,13776.81,PAYMENT_FAILED,Bank_C,E42,P006,CARD,ALTERNATE_PAYMENT,0.53976583,7436.251350646019
E04520,13367.8,INVOICE_OVERDUE,Bank_B,E11,P014,CARD,ALTERNATE_PAYMENT,0.55602574,7432.84093375206
E04447,12165.59,CHECKOUT_ABANDONED,Bank_D,E42,P002,CARD,ALTERNATE_PAYMENT,0.61090153,7431.977599795461
E00296,14475.81,INVOICE_OVERDUE,Bank_C,E11,P016,WALLET,SEND_REMINDER,0.51333094,7430.881102910042
E00169,14309.57,INVOICE_OVERDUE,Bank_A,E11,P007,CARD,SEND_REMINDER,0.51910794,7428.211373687983
E04184,15986.72,INVOICE_OVERDUE,Bank_D,E17,P015,CARD,SEND_REMINDER,0.46463946,7428.060869317054
E00648,12022.27,INVOICE_OVERDUE,Bank_D,E42,P002,NETBANKING,ALTERNATE_PAYMENT,0.61765844,7425.656488956809
E02718,11446.44,SUBSCRIPTION_FAILED,Bank_A,E11,P013,WALLET,ALTERNATE_PAYMENT,0.64867246,7424.990410323143
E04153,12151.41,INVOICE_OVERDUE,Bank_D,E42,P002,UPI,ALTERNATE_PAYMENT,0.6107935,7422.001895531416
E04756,15240.74,INVOICE_OVERDUE,Bank_D,E11,P019,WALLET,SEND_REMINDER,0.48654696,7415.335767781138
E01921,10059.93,SUBSCRIPTION_FAILED,Bank_B,E42,P011,UPI,ALTERNATE_PAYMENT,0.73708564,7415.029946735502
E00313,13830.99,INVOICE_OVERDUE,Bank_A,E17,P018,WALLET,SEND_REMINDER,0.53602165,7413.71007868588
E02799,11796.23,SUBSCRIPTION_FAILED,Bank_B,E11,P020,UPI,ALTERNATE_PAYMENT,0.6284431,7413.259607969522
E01849,12476.7,PAYMENT_FAILED,Bank_C,E42,P013,WALLET,ALTERNATE_PAYMENT,0.5939977,7411.131314492226
E01932,11270.3,SUBSCRIPTION_FAILED,Bank_D,E23,P009,NETBANKING,ALTERNATE_PAYMENT,0.65710235,7405.740574860572
E00769,10819.03,SUBSCRIPTION_FAILED,Bank_A,E11,P018,UPI,ALTERNATE_PAYMENT,0.6840641,7400.909914358259
E00818,11646.91,PAYMENT_FAILED,Bank_D,E42,P005,CARD,ALTERNATE_PAYMENT,0.63513607,7397.372620204091
E02980,11464.78,PAYMENT_FAILED,Bank_D,E11,P012,CARD,RETRY_PAYMENT,0.6450137,7394.940052778721
E03550,12877.16,PAYMENT_FAILED,Bank_C,E42,P005,CARD,ALTERNATE_PAYMENT,0.57401663,7391.703995535374
E03644,9846.77,CHECKOUT_ABANDONED,Bank_A,E42,P009,CARD,ALTERNATE_PAYMENT,0.75060415,7391.026452479363
E01737,13298.62,CHECKOUT_ABANDONED,Bank_B,E23,P012,CARD,SEND_REMINDER,0.55561906,7388.966756905318
E01859,9557.09,CHECKOUT_ABANDONED,Bank_A,E42,P015,NETBANKING,ALTERNATE_PAYMENT,0.7728982,7386.657631230354
E04437,9994.52,INVOICE_OVERDUE,Bank_A,E42,P003,CARD,ALTERNATE_PAYMENT,0.739033,7386.279937047959
E01235,13575.52,INVOICE_OVERDUE,Bank_A,E11,P016,UPI,SEND_REMINDER,0.5440243,7385.412611112595
E03592,10906.09,SUBSCRIPTION_FAILED,Bank_B,E23,P005,UPI,ALTERNATE_PAYMENT,0.6771679,7385.253980236053
E01273,13310.6,CHECKOUT_ABANDONED,Bank_A,E11,P019,UPI,SEND_REMINDER,0.554776,7384.40159727335
E03754,13170.89,PAYMENT_FAILED,Bank_C,E42,P001,NETBANKING,ALTERNATE_PAYMENT,0.5606552,7384.327659450173
E02623,10630.28,INVOICE_OVERDUE,Bank_A,E42,P016,WALLET,ALTERNATE_PAYMENT,0.69442004,7381.879459130764
E01736,10995.73,PAYMENT_FAILED,Bank_C,E17,P005,UPI,RETRY_PAYMENT,0.6711465,7379.745836740732
E03006,14101.87,INVOICE_OVERDUE,Bank_B,E17,P006,CARD,SEND_REMINDER,0.5232283,7378.497293423415
E01088,10488.27,INVOICE_OVERDUE,Bank_A,E42,P014,UPI,ALTERNATE_PAYMENT,0.70302045,7373.468331338167
E02910,15293.83,INVOICE_OVERDUE,Bank_C,E11,P013,UPI,SEND_REMINDER,0.48210928,7373.297345891297
E00831,12681.4,PAYMENT_FAILED,Bank_A,E23,P008,WALLET,RETRY_PAYMENT,0.58100826,7367.998091065883
E01608,12759.58,CHECKOUT_ABANDONED,Bank_A,E17,P014,NETBANKING,SEND_REMINDER,0.57744753,7367.988000867367
E02773,11029.11,SUBSCRIPTION_FAILED,Bank_C,E11,P005,NETBANKING,ALTERNATE_PAYMENT,0.66682315,7354.465857861042
E00064,13409.05,PAYMENT_FAILED,Bank_C,E42,P014,UPI,ALTERNATE_PAYMENT,0.5484279,7353.896861770749
E02570,8287.42,SUBSCRIPTION_FAILED,Bank_A,E42,P002,UPI,ALTERNATE_PAYMENT,0.88733906,7353.751435648203
E00594,13215.14,CHECKOUT_ABANDONED,Bank_D,E11,P003,WALLET,SEND_REMINDER,0.5563339,7352.030368611812
E03426,9980.84,CHECKOUT_ABANDONED,Bank_A,E42,P014,NETBANKING,ALTERNATE_PAYMENT,0.73613155,7347.211208338737
E00971,11418.24,SUBSCRIPTION_FAILED,Bank_D,E17,P003,UPI,ALTERNATE_PAYMENT,0.64319545,7344.160018501281
E04261,9893.23,INVOICE_OVERDUE,Bank_A,E42,P018,NETBANKING,ALTERNATE_PAYMENT,0.74225205,7343.270266728997
E04248,9706.55,PAYMENT_FAILED,Bank_A,E42,P015,WALLET,ALTERNATE_PAYMENT,0.75637126,7341.755450737476
E00133,9572.82,CHECKOUT_ABANDONED,Bank_A,E42,P018,NETBANKING,ALTERNATE_PAYMENT,0.76651806,7337.739380596876
E00199,13541.24,CHECKOUT_ABANDONED,Bank_D,E17,P015,UPI,SEND_REMINDER,0.54155475,7333.322829511166
E00844,8311.75,SUBSCRIPTION_FAILED,Bank_A,E42,P008,WALLET,ALTERNATE_PAYMENT,0.8818468,7329.690019756556
E02832,13692.07,CHECKOUT_ABANDONED,Bank_D,E17,P001,WALLET,SEND_REMINDER,0.5352278,7328.376169099807
E00004,11447.77,SUBSCRIPTION_FAILED,Bank_D,E11,P002,NETBANKING,ALTERNATE_PAYMENT,0.64009535,7327.664380661249
E00758,11566.53,INVOICE_OVERDUE,Bank_B,E42,P013,NETBANKING,ALTERNATE_PAYMENT,0.6334635,7326.974598981143
E01286,15130.75,INVOICE_OVERDUE,Bank_C,E11,P019,WALLET,SEND_REMINDER,0.48407024,7324.345805838704
E02867,12442.32,CHECKOUT_ABANDONED,Bank_A,E23,P016,WALLET,SEND_REMINDER,0.58855116,7322.941914796829
E02631,11857.35,SUBSCRIPTION_FAILED,Bank_D,E23,P007,UPI,ALTERNATE_PAYMENT,0.6168661,7314.39739022255
E00455,9823.57,INVOICE_OVERDUE,Bank_A,E42,P007,NETBANKING,ALTERNATE_PAYMENT,0.7445045,7313.692182624936
E01692,9701.8,PAYMENT_FAILED,Bank_A,E42,P012,NETBANKING,ALTERNATE_PAYMENT,0.7538133,7313.346129667759
E04957,12109.36,CHECKOUT_ABANDONED,Bank_B,E42,P020,WALLET,ALTERNATE_PAYMENT,0.60359883,7309.1955653953555
E01374,13487.06,CHECKOUT_ABANDONED,Bank_D,E23,P013,CARD,SEND_REMINDER,0.54179543,7307.227506765127
E04852,11690.72,PAYMENT_FAILED,Bank_B,E11,P008,NETBANKING,RETRY_PAYMENT,0.6247151,7303.369194602966
E00587,12927.16,CHECKOUT_ABANDONED,Bank_C,E17,P005,NETBANKING,SEND_REMINDER,0.5645432,7297.940113251209
E03577,11871.51,PAYMENT_FAILED,Bank_B,E11,P020,UPI,RETRY_PAYMENT,0.6143371,7293.108867863417
E04815,11967.32,INVOICE_OVERDUE,Bank_B,E23,P002,NETBANKING,SEND_REMINDER,0.60915345,7289.934259693622
E00048,12213.66,PAYMENT_FAILED,Bank_A,E23,P020,WALLET,RETRY_PAYMENT,0.5966986,7287.873605135679
E01877,12576.28,PAYMENT_FAILED,Bank_B,E42,P020,WALLET,ALTERNATE_PAYMENT,0.5794932,7287.869050934315
E03536,14331.49,INVOICE_OVERDUE,Bank_B,E11,P004,CARD,SEND_REMINDER,0.5083648,7285.624999376535
E02591,12756.07,CHECKOUT_ABANDONED,Bank_A,E17,P008,NETBANKING,SEND_REMINDER,0.57105255,7284.386317672729
E00765,13454.38,INVOICE_OVERDUE,Bank_A,E11,P014,UPI,SEND_REMINDER,0.5412272,7281.876704256534
E00948,13624.46,INVOICE_OVERDUE,Bank_B,E11,P009,WALLET,ALTERNATE_PAYMENT,0.53435755,7280.333035154342
E04402,13208.68,INVOICE_OVERDUE,Bank_B,E23,P015,UPI,SEND_REMINDER,0.55038416,7269.8482974481585
E03098,12514.3,CHECKOUT_ABANDONED,Bank_B,E23,P014,UPI,SEND_REMINDER,0.58076084,7267.8153374791145
E03438,13131.03,CHECKOUT_ABANDONED,Bank_B,E11,P010,CARD,SEND_REMINDER,0.55306226,7262.2771299093965
E04889,11431.79,SUBSCRIPTION_FAILED,Bank_B,E11,P007,CARD,ALTERNATE_PAYMENT,0.6352022,7261.49848972261
E03448,12020.22,INVOICE_OVERDUE,Bank_D,E42,P013,UPI,ALTERNATE_PAYMENT,0.6040043,7260.264849210977
E01902,11955.32,PAYMENT_FAILED,Bank_B,E11,P008,CARD,RETRY_PAYMENT,0.6071733,7258.951379475593
E03789,9749.28,PAYMENT_FAILED,Bank_A,E42,P012,WALLET,ALTERNATE_PAYMENT,0.74398607,7253.328514051438
E02465,12667.7,CHECKOUT_ABANDONED,Bank_C,E42,P015,UPI,ALTERNATE_PAYMENT,0.5724911,7252.145626181365
E00351,13221.97,CHECKOUT_ABANDONED,Bank_C,E17,P001,WALLET,SEND_REMINDER,0.548314,7249.790932449102
E02234,12622.62,INVOICE_OVERDUE,Bank_B,E23,P020,UPI,SEND_REMINDER,0.5741585,7247.384435309172
E00442,8173.34,SUBSCRIPTION_FAILED,Bank_A,E42,P014,UPI,ALTERNATE_PAYMENT,0.8860229,7241.766616899968
E04327,12382.69,PAYMENT_FAILED,Bank_D,E17,P011,WALLET,RETRY_PAYMENT,0.58436817,7236.049886404872
E00529,11121.06,SUBSCRIPTION_FAILED,Bank_B,E11,P007,UPI,ALTERNATE_PAYMENT,0.65006584,7229.42120270133
E03147,13780.06,INVOICE_OVERDUE,Bank_B,E11,P004,CARD,SEND_REMINDER,0.52412456,7222.467922035456
E01342,13174.68,CHECKOUT_ABANDONED,Bank_A,E11,P001,WALLET,SEND_REMINDER,0.54794663,7219.02153247118
E02411,14172.91,CHECKOUT_ABANDONED,Bank_D,E23,P014,CARD,ALTERNATE_PAYMENT,0.5092939,7218.176804419756
E02804,12361.41,PAYMENT_FAILED,Bank_C,E42,P014,NETBANKING,ALTERNATE_PAYMENT,0.58382344,7216.880939848423
E01593,11881.3,SUBSCRIPTION_FAILED,Bank_C,E17,P013,UPI,ALTERNATE_PAYMENT,0.6070991,7213.126725131273
E03798,11773.25,SUBSCRIPTION_FAILED,Bank_C,E11,P018,WALLET,ALTERNATE_PAYMENT,0.6126635,7213.040639221668
E04170,12566.95,PAYMENT_FAILED,Bank_B,E42,P007,CARD,ALTERNATE_PAYMENT,0.57363904,7208.893073719741
E01552,12306.86,SUBSCRIPTION_FAILED,Bank_C,E23,P019,NETBANKING,ALTERNATE_PAYMENT,0.5857172,7208.339595165253
E01181,11527.86,SUBSCRIPTION_FAILED,Bank_D,E23,P015,UPI,ALTERNATE_PAYMENT,0.62515664,7206.718235592843
E04067,9570.01,PAYMENT_FAILED,Bank_A,E42,P009,CARD,ALTERNATE_PAYMENT,0.7528369,7204.656499330402
E03042,12914.64,INVOICE_OVERDUE,Bank_C,E17,P007,NETBANKING,SEND_REMINDER,0.5575282,7200.275963988303
E00996,13834.88,INVOICE_OVERDUE,Bank_C,E11,P007,WALLET,SEND_REMINDER,0.5202805,7198.01801246643
E03945,11024.53,CHECKOUT_ABANDONED,Bank_B,E23,P017,NETBANKING,SEND_REMINDER,0.6522585,7190.8435703194145
E04165,7958.61,SUBSCRIPTION_FAILED,Bank_A,E42,P009,NETBANKING,ALTERNATE_PAYMENT,0.9030549,7187.061702112555
E00923,12612.33,SUBSCRIPTION_FAILED,Bank_D,E11,P006,CARD,ALTERNATE_PAYMENT,0.5695058,7182.795221940279
E04913,10302.6,SUBSCRIPTION_FAILED,Bank_D,E42,P016,UPI,ALTERNATE_PAYMENT,0.697072,7181.654287147522
E01421,11911.73,CHECKOUT_ABANDONED,Bank_B,E42,P002,CARD,ALTERNATE_PAYMENT,0.6026052,7178.070720776319
E03020,11383.35,PAYMENT_FAILED,Bank_A,E23,P005,UPI,RETRY_PAYMENT,0.63051134,7177.331301793456
E04853,9719.73,CHECKOUT_ABANDONED,Bank_A,E42,P001,UPI,ALTERNATE_PAYMENT,0.73834497,7176.513729649186
E01484,11512.87,SUBSCRIPTION_FAILED,Bank_C,E23,P012,UPI,ALTERNATE_PAYMENT,0.6227642,7169.803618043662
E01803,9648.4,SUBSCRIPTION_FAILED,Bank_C,E42,P012,NETBANKING,ALTERNATE_PAYMENT,0.7427221,7166.079852318763
E01706,12765.35,CHECKOUT_ABANDONED,Bank_C,E23,P017,UPI,SEND_REMINDER,0.5613665,7166.039831247926
E04409,13413.8,INVOICE_OVERDUE,Bank_B,E17,P019,UPI,SEND_REMINDER,0.5340165,7163.190393328667
E01573,12603.9,CHECKOUT_ABANDONED,Bank_D,E17,P009,NETBANKING,SEND_REMINDER,0.5680093,7159.132629543543
E01964,10922.25,SUBSCRIPTION_FAILED,Bank_C,E23,P017,NETBANKING,ALTERNATE_PAYMENT,0.6550689,7154.826012969017
E01104,12212.41,INVOICE_OVERDUE,Bank_B,E42,P018,NETBANKING,ALTERNATE_PAYMENT,0.5858465,7154.59745609343
E00034,9734.44,PAYMENT_FAILED,Bank_A,E42,P001,CARD,ALTERNATE_PAYMENT,0.734748,7152.360378232002
E04784,11581.26,PAYMENT_FAILED,Bank_A,E11,P019,WALLET,RETRY_PAYMENT,0.61730546,7149.175003792047
E00279,13824.64,INVOICE_OVERDUE,Bank_C,E23,P006,UPI,SEND_REMINDER,0.5171291,7149.123961906433
E01253,12755.32,INVOICE_OVERDUE,Bank_D,E23,P004,NETBANKING,SEND_REMINDER,0.5600178,7143.206553030014
E01380,12083.56,INVOICE_OVERDUE,Bank_C,E23,P017,NETBANKING,SEND_REMINDER,0.59113973,7143.072441651821
E03462,12153.64,CHECKOUT_ABANDONED,Bank_A,E17,P015,WALLET,SEND_REMINDER,0.58773065,7143.066690073013
E04705,11358.02,SUBSCRIPTION_FAILED,Bank_B,E17,P009,WALLET,ALTERNATE_PAYMENT,0.6287901,7141.810310658217
E01846,12503.56,PAYMENT_FAILED,Bank_A,E23,P010,UPI,RETRY_PAYMENT,0.5708586,7137.764728550911
E04808,13534.79,INVOICE_OVERDUE,Bank_A,E23,P012,CARD,SEND_REMINDER,0.52732146,7137.185194667578
E02177,12185.46,CHECKOUT_ABANDONED,Bank_C,E42,P002,NETBANKING,ALTERNATE_PAYMENT,0.5853586,7132.864045886993
E03658,9485.25,CHECKOUT_ABANDONED,Bank_A,E42,P018,WALLET,ALTERNATE_PAYMENT,0.75185007,7131.485862895846
E02040,10676.92,SUBSCRIPTION_FAILED,Bank_A,E17,P010,WALLET,ALTERNATE_PAYMENT,0.66790426,7131.160327916145
E01959,9288.38,PAYMENT_FAILED,Bank_A,E42,P011,NETBANKING,ALTERNATE_PAYMENT,0.76751065,7128.930594859123
E00642,11531.86,PAYMENT_FAILED,Bank_D,E11,P011,CARD,RETRY_PAYMENT,0.6181671,7128.616480754614
E02044,9688.04,CHECKOUT_ABANDONED,Bank_A,E42,P007,CARD,ALTERNATE_PAYMENT,0.73575056,7127.980816473962
E04878,12826.84,CHECKOUT_ABANDONED,Bank_A,E11,P007,CARD,SEND_REMINDER,0.55552644,7125.648702328205
E04539,12366.62,SUBSCRIPTION_FAILED,Bank_C,E23,P019,UPI,ALTERNATE_PAYMENT,0.5761729,7125.311163648367
E03267,11564.88,PAYMENT_FAILED,Bank_A,E11,P001,WALLET,RETRY_PAYMENT,0.6159773,7123.703410263061
E04373,13553.21,INVOICE_OVERDUE,Bank_A,E17,P004,WALLET,SEND_REMINDER,0.5251707,7117.748564208746
E04888,13366.86,INVOICE_OVERDUE,Bank_B,E17,P010,NETBANKING,SEND_REMINDER,0.53222424,7114.16687686801
E00277,9228.43,CHECKOUT_ABANDONED,Bank_A,E42,P005,UPI,ALTERNATE_PAYMENT,0.77061635,7111.579066438079
E00242,12098.98,CHECKOUT_ABANDONED,Bank_B,E42,P011,WALLET,SEND_REMINDER,0.58666605,7098.060776265859
E03408,9676.5,INVOICE_OVERDUE,Bank_A,E42,P007,UPI,ALTERNATE_PAYMENT,0.7331904,7094.71707290411
E01881,11232.79,SUBSCRIPTION_FAILED,Bank_D,E23,P015,UPI,ALTERNATE_PAYMENT,0.6315638,7094.223342584372
E00944,12170.11,SUBSCRIPTION_FAILED,Bank_A,E11,P019,WALLET,ALTERNATE_PAYMENT,0.58260447,7090.360460454822
E03107,15337.96,INVOICE_OVERDUE,Bank_D,E17,P013,UPI,SEND_REMINDER,0.46184778,7083.802808475494
E04019,14473.96,INVOICE_OVERDUE,Bank_A,E23,P001,WALLET,ALTERNATE_PAYMENT,0.488981,7077.491558218002
E02175,9413.57,PAYMENT_FAILED,Bank_A,E42,P010,NETBANKING,ALTERNATE_PAYMENT,0.7517655,7076.797059729099
E00951,12886.84,PAYMENT_FAILED,Bank_B,E42,P016,CARD,ALTERNATE_PAYMENT,0.54912096,7076.433985927105
E02938,11199.64,SUBSCRIPTION_FAILED,Bank_C,E11,P014,CARD,ALTERNATE_PAYMENT,0.6317297,7075.145463957786
E02204,12828.59,CHECKOUT_ABANDONED,Bank_C,E17,P003,UPI,SEND_REMINDER,0.5510406,7069.073800023199
E02872,12615.73,CHECKOUT_ABANDONED,Bank_D,E17,P017,UPI,SEND_REMINDER,0.55998063,7064.564444344043
E02284,7909.04,SUBSCRIPTION_FAILED,Bank_A,E42,P018,CARD,ALTERNATE_PAYMENT,0.89311326,7063.668462285996
E03664,13298.37,CHECKOUT_ABANDONED,Bank_C,E11,P013,UPI,SEND_REMINDER,0.53090054,7060.111787093282
E03336,13863.25,INVOICE_OVERDUE,Bank_C,E42,P016,UPI,SEND_REMINDER,0.5088972,7054.968904465437
E02881,12324.89,INVOICE_OVERDUE,Bank_C,E11,P001,NETBANKING,SEND_REMINDER,0.5722602,7053.044028423428
E01630,12651.7,INVOICE_OVERDUE,Bank_A,E17,P013,NETBANKING,SEND_REMINDER,0.55738527,7051.87116766572
E03021,12997.56,CHECKOUT_ABANDONED,Bank_B,E23,P001,WALLET,SEND_REMINDER,0.5423819,7049.6410628843305
E00051,9370.66,SUBSCRIPTION_FAILED,Bank_D,E42,P002,WALLET,ALTERNATE_PAYMENT,0.7520756,7047.444859451055
E03719,13384.31,INVOICE_OVERDUE,Bank_C,E23,P009,CARD,ALTERNATE_PAYMENT,0.5261062,7041.56818944633
E04043,13632.33,INVOICE_OVERDUE,Bank_D,E23,P008,WALLET,SEND_REMINDER,0.5161359,7036.134523903727
E00742,11693.03,SUBSCRIPTION_FAILED,Bank_A,E11,P019,NETBANKING,ALTERNATE_PAYMENT,0.6014259,7032.490929577351
E04905,9385.71,PAYMENT_FAILED,Bank_A,E42,P017,NETBANKING,ALTERNATE_PAYMENT,0.7490741,7030.592284702062
E02394,14271.21,CHECKOUT_ABANDONED,Bank_D,E11,P001,CARD,SEND_REMINDER,0.4926396,7030.563203478455
E03939,12570.48,INVOICE_OVERDUE,Bank_B,E11,P001,NETBANKING,ALTERNATE_PAYMENT,0.55858856,7021.72637696743
E02062,11849.94,PAYMENT_FAILED,Bank_A,E11,P016,UPI,RETRY_PAYMENT,0.59196776,7014.782455905676
E04668,9449.1,CHECKOUT_ABANDONED,Bank_A,E42,P008,CARD,ALTERNATE_PAYMENT,0.742173,7012.867046159506
E01610,11783.94,PAYMENT_FAILED,Bank_B,E17,P009,WALLET,RETRY_PAYMENT,0.59419423,7001.949194937944
E04135,9300.29,CHECKOUT_ABANDONED,Bank_A,E42,P020,WALLET,ALTERNATE_PAYMENT,0.75264925,6999.856271392704
E03660,10547.63,SUBSCRIPTION_FAILED,Bank_A,E17,P015,UPI,ALTERNATE_PAYMENT,0.6632638,6995.861131167411
E00173,12679.98,INVOICE_OVERDUE,Bank_C,E42,P011,NETBANKING,SEND_REMINDER,0.5516507,6994.919880434274
E03668,11537.67,CHECKOUT_ABANDONED,Bank_A,E11,P012,NETBANKING,SEND_REMINDER,0.6061453,6993.504701004625
E01794,12739.21,CHECKOUT_ABANDONED,Bank_A,E17,P017,CARD,SEND_REMINDER,0.5488263,6991.61319948256
E04294,9311.12,CHECKOUT_ABANDONED,Bank_A,E42,P004,WALLET,ALTERNATE_PAYMENT,0.75040156,6987.0789406824115
E04604,12213.07,CHECKOUT_ABANDONED,Bank_A,E23,P004,WALLET,SEND_REMINDER,0.5718564,6984.121992889643
E01108,9150.97,CHECKOUT_ABANDONED,Bank_A,E42,P009,CARD,ALTERNATE_PAYMENT,0.7623783,6976.500726786256
E02829,13215.5,INVOICE_OVERDUE,Bank_B,E11,P010,UPI,SEND_REMINDER,0.527611,6972.643398165703
E04431,11491.29,PAYMENT_FAILED,Bank_A,E17,P012,NETBANKING,RETRY_PAYMENT,0.6066706,6971.428006575108
E00861,13057.07,CHECKOUT_ABANDONED,Bank_A,E11,P011,CARD,SEND_REMINDER,0.53378373,6969.651577672362
E02132,11345.64,PAYMENT_FAILED,Bank_D,E17,P001,UPI,RETRY_PAYMENT,0.614241,6968.95730451107
E00998,12436.72,CHECKOUT_ABANDONED,Bank_C,E42,P007,CARD,ALTERNATE_PAYMENT,0.5603314,6968.684781355858
E04987,9917.97,INVOICE_OVERDUE,Bank_A,E42,P016,WALLET,ALTERNATE_PAYMENT,0.70260715,6968.43668354988
E02533,12094.83,INVOICE_OVERDUE,Bank_B,E23,P011,NETBANKING,SEND_REMINDER,0.5760853,6967.654120423794
E02474,11660.31,PAYMENT_FAILED,Bank_D,E17,P016,NETBANKING,RETRY_PAYMENT,0.5973528,6965.318859474062
E02237,10709.29,PAYMENT_FAILED,Bank_C,E17,P011,CARD,RETRY_PAYMENT,0.6502515,6963.731969529391
E04013,9051.66,CHECKOUT_ABANDONED,Bank_A,E42,P008,WALLET,ALTERNATE_PAYMENT,0.76866305,6957.676571795941
E00838,13818.78,INVOICE_OVERDUE,Bank_C,E23,P006,WALLET,SEND_REMINDER,0.50331396,6955.184865442515
E01753,9885.64,PAYMENT_FAILED,Bank_A,E42,P018,UPI,ALTERNATE_PAYMENT,0.70349616,6954.509760587215
E04150,12671.52,INVOICE_OVERDUE,Bank_B,E11,P015,WALLET,SEND_REMINDER,0.5487498,6953.49412267685
E02600,11748.9,PAYMENT_FAILED,Bank_C,E23,P019,NETBANKING,RETRY_PAYMENT,0.59163356,6951.043512797355
E00025,11486.09,PAYMENT_FAILED,Bank_A,E11,P011,CARD,RETRY_PAYMENT,0.6050813,6950.018496644497
E03640,12502.7,CHECKOUT_ABANDONED,Bank_B,E11,P008,WALLET,SEND_REMINDER,0.55583507,6949.439107507467
E01441,13546.28,CHECKOUT_ABANDONED,Bank_D,E11,P011,CARD,SEND_REMINDER,0.5121338,6937.507542617322
E02746,13233.83,INVOICE_OVERDUE,Bank_D,E23,P017,CARD,SEND_REMINDER,0.52350736,6928.007361571788
E00045,13338.42,PAYMENT_FAILED,Bank_C,E42,P016,WALLET,ALTERNATE_PAYMENT,0.51915115,6924.656097925901
E02297,12206.13,INVOICE_OVERDUE,Bank_B,E17,P016,CARD,SEND_REMINDER,0.5672048,6923.375201058983
E02318,10874.77,PAYMENT_FAILED,Bank_C,E17,P015,WALLET,RETRY_PAYMENT,0.6364228,6920.95171346128
E03680,11232.09,PAYMENT_FAILED,Bank_B,E23,P018,UPI,RETRY_PAYMENT,0.61604667,6919.491609055996
E04783,9304.72,CHECKOUT_ABANDONED,Bank_A,E42,P017,WALLET,ALTERNATE_PAYMENT,0.7431513,6914.814830255508
E02614,11127.19,PAYMENT_FAILED,Bank_B,E17,P001,WALLET,RETRY_PAYMENT,0.62108725,6910.955871751905
E03748,13318.62,INVOICE_OVERDUE,Bank_B,E11,P016,UPI,SEND_REMINDER,0.51808405,6900.164579687119
E04469,13202.32,INVOICE_OVERDUE,Bank_B,E23,P010,CARD,SEND_REMINDER,0.5225032,6898.254410367012
E04971,11501.38,PAYMENT_FAILED,Bank_D,E42,P009,CARD,ALTERNATE_PAYMENT,0.59938896,6893.8001625323295
E01007,8849.37,CHECKOUT_ABANDONED,Bank_A,E42,P002,NETBANKING,ALTERNATE_PAYMENT,0.7781332,6885.988715727926
E04555,11182.05,SUBSCRIPTION_FAILED,Bank_C,E17,P013,UPI,ALTERNATE_PAYMENT,0.6154498,6881.990281623602
E00264,9575.8,INVOICE_OVERDUE,Bank_A,E42,P018,CARD,ALTERNATE_PAYMENT,0.71862614,6881.420206236839
E02770,11761.57,INVOICE_OVERDUE,Bank_A,E17,P009,NETBANKING,ALTERNATE_PAYMENT,0.58500797,6880.612137547135
E01907,11330.04,SUBSCRIPTION_FAILED,Bank_D,E23,P014,WALLET,ALTERNATE_PAYMENT,0.60712135,6878.709162011147
E00617,13156.11,INVOICE_OVERDUE,Bank_D,E23,P003,WALLET,SEND_REMINDER,0.5226522,6876.069950782657
E04117,12265.32,INVOICE_OVERDUE,Bank_B,E17,P012,NETBANKING,SEND_REMINDER,0.5605945,6875.870921838284
E02457,10611.03,SUBSCRIPTION_FAILED,Bank_A,E17,P009,WALLET,ALTERNATE_PAYMENT,0.6469939,6865.271422784329
E00999,12886.3,INVOICE_OVERDUE,Bank_A,E17,P016,WALLET,SEND_REMINDER,0.5317339,6852.082175505161
E01748,13168.35,INVOICE_OVERDUE,Bank_C,E11,P003,UPI,SEND_REMINDER,0.52019083,6850.054982060195
E01533,10513.58,PAYMENT_FAILED,Bank_B,E11,P002,CARD,RETRY_PAYMENT,0.65064704,6840.629750769138
E01052,12426.63,CHECKOUT_ABANDONED,Bank_B,E17,P012,WALLET,SEND_REMINDER,0.54956734,6829.270016688108
E02262,12979.41,INVOICE_OVERDUE,Bank_C,E23,P009,CARD,ALTERNATE_PAYMENT,0.5261062,6828.547797666192
E01957,9138.36,PAYMENT_FAILED,Bank_A,E42,P007,WALLET,ALTERNATE_PAYMENT,0.74714935,6827.719718155861
E02728,12991.57,INVOICE_OVERDUE,Bank_B,E17,P012,CARD,SEND_REMINDER,0.5254082,6825.8775176161525
E02157,11375.35,PAYMENT_FAILED,Bank_C,E23,P008,NETBANKING,RETRY_PAYMENT,0.5999203,6824.303075504303
E04259,13390.08,INVOICE_OVERDUE,Bank_D,E23,P014,UPI,SEND_REMINDER,0.50872254,6811.835558166504
E01375,12483.55,CHECKOUT_ABANDONED,Bank_A,E17,P017,CARD,SEND_REMINDER,0.5448344,6801.467166793346
E00196,10666.27,PAYMENT_FAILED,Bank_C,E11,P002,WALLET,RETRY_PAYMENT,0.6375009,6799.75653423667
E01311,9477.35,INVOICE_OVERDUE,Bank_A,E42,P004,CARD,ALTERNATE_PAYMENT,0.7164475,6790.023454183341
E02527,11290.29,CHECKOUT_ABANDONED,Bank_A,E17,P015,NETBANKING,SEND_REMINDER,0.601372,6789.664318020345
E00166,11815.02,INVOICE_OVERDUE,Bank_B,E17,P009,NETBANKING,ALTERNATE_PAYMENT,0.57456756,6788.527169995308
E04483,12319.29,CHECKOUT_ABANDONED,Bank_D,E17,P015,UPI,SEND_REMINDER,0.55067885,6783.972440410853
E02819,11494.73,PAYMENT_FAILED,Bank_A,E23,P012,UPI,RETRY_PAYMENT,0.58945197,6775.59122782886
E01567,12628.3,CHECKOUT_ABANDONED,Bank_A,E11,P001,CARD,SEND_REMINDER,0.5359754,6768.458101302385
E04631,11535.09,INVOICE_OVERDUE,Bank_A,E17,P006,NETBANKING,SEND_REMINDER,0.586659,6767.1645283967255
E04345,11887.78,CHECKOUT_ABANDONED,Bank_A,E11,P002,WALLET,SEND_REMINDER,0.56923556,6766.9471444272995
E04423,11553.62,CHECKOUT_ABANDONED,Bank_B,E17,P014,NETBANKING,SEND_REMINDER,0.5854572,6764.1500817561155
E00165,13100.64,INVOICE_OVERDUE,Bank_B,E11,P018,WALLET,SEND_REMINDER,0.5162703,6763.471079463959
E01341,10697.93,PAYMENT_FAILED,Bank_A,E17,P011,CARD,RETRY_PAYMENT,0.6320202,6761.307595626712
E03119,12963.01,INVOICE_OVERDUE,Bank_D,E42,P011,UPI,SEND_REMINDER,0.5207896,6751.001094222069
E03325,12606.12,INVOICE_OVERDUE,Bank_C,E11,P015,WALLET,SEND_REMINDER,0.53545153,6749.966259140969
E02016,12179.96,INVOICE_OVERDUE,Bank_C,E42,P006,WALLET,ALTERNATE_PAYMENT,0.5541558,6749.595801372528
E04155,12425.68,CHECKOUT_ABANDONED,Bank_C,E42,P006,CARD,ALTERNATE_PAYMENT,0.5427623,6744.190401268005
E01026,12992.55,CHECKOUT_ABANDONED,Bank_D,E11,P011,UPI,SEND_REMINDER,0.51873827,6739.732907366752
E00518,7589.61,SUBSCRIPTION_FAILED,Bank_A,E42,P002,UPI,ALTERNATE_PAYMENT,0.8870386,6732.276941846609
E01778,8795.51,SUBSCRIPTION_FAILED,Bank_B,E42,P009,NETBANKING,ALTERNATE_PAYMENT,0.76491594,6727.825827097893
E00181,12400.48,INVOICE_OVERDUE,Bank_A,E17,P009,UPI,SEND_REMINDER,0.54248554,6727.081028852463
E03425,11664.83,INVOICE_OVERDUE,Bank_D,E42,P003,CARD,ALTERNATE_PAYMENT,0.5764331,6723.994376342893
E01171,9360.05,SUBSCRIPTION_FAILED,Bank_C,E42,P014,CARD,ALTERNATE_PAYMENT,0.71762437,6716.999949631095
E03313,11551.31,CHECKOUT_ABANDONED,Bank_C,E42,P004,NETBANKING,SEND_REMINDER,0.58016443,6701.65921107769
E04806,10094.27,PAYMENT_FAILED,Bank_D,E17,P005,WALLET,RETRY_PAYMENT,0.6637977,6700.552972602249
E01841,11848.56,SUBSCRIPTION_FAILED,Bank_C,E23,P002,CARD,ALTERNATE_PAYMENT,0.5652117,6696.9448979043955
E03045,12591.66,INVOICE_OVERDUE,Bank_A,E17,P008,CARD,SEND_REMINDER,0.531766,6695.816638945341
E00688,11693.31,INVOICE_OVERDUE,Bank_D,E42,P008,UPI,ALTERNATE_PAYMENT,0.57172567,6685.365453609824
E00718,10237.01,SUBSCRIPTION_FAILED,Bank_B,E17,P003,NETBANKING,ALTERNATE_PAYMENT,0.6529153,6683.900444388986
E02027,7573.82,SUBSCRIPTION_FAILED,Bank_A,E42,P013,NETBANKING,ALTERNATE_PAYMENT,0.8824106,6683.2189435517785
E00747,7574.48,SUBSCRIPTION_FAILED,Bank_A,E42,P018,WALLET,ALTERNATE_PAYMENT,0.88113695,6674.154234051704
E03977,12857.87,INVOICE_OVERDUE,Bank_D,E17,P007,CARD,SEND_REMINDER,0.51890975,6672.074137691856
E02274,12237.35,CHECKOUT_ABANDONED,Bank_A,E17,P002,UPI,SEND_REMINDER,0.54452735,6663.571789237857
E00158,10804.97,CHECKOUT_ABANDONED,Bank_D,E42,P014,NETBANKING,ALTERNATE_PAYMENT,0.6153382,6648.7108588302135
E04643,12166.66,CHECKOUT_ABANDONED,Bank_A,E23,P006,WALLET,SEND_REMINDER,0.5463411,6647.146665619612
E04735,13317.86,INVOICE_OVERDUE,Bank_D,E11,P004,WALLET,SEND_REMINDER,0.4988359,6643.426565775276
E00375,9373.2,INVOICE_OVERDUE,Bank_A,E42,P006,NETBANKING,ALTERNATE_PAYMENT,0.708467,6640.602947044373
E00705,10979.1,CHECKOUT_ABANDONED,Bank_A,E17,P018,WALLET,SEND_REMINDER,0.6043931,6635.692554080487
E03280,8875.03,CHECKOUT_ABANDONED,Bank_A,E42,P015,CARD,ALTERNATE_PAYMENT,0.7466064,6626.154282945991
E04900,9064.97,INVOICE_OVERDUE,Bank_A,E42,P020,WALLET,ALTERNATE_PAYMENT,0.73088765,6625.474633705616
E02677,13018.54,INVOICE_OVERDUE,Bank_D,E11,P018,CARD,SEND_REMINDER,0.508573,6620.877886954547
E01435,8621.88,INVOICE_OVERDUE,Bank_A,E42,P009,NETBANKING,ALTERNATE_PAYMENT,0.7674177,6616.5835684561725
E03493,11597.11,CHECKOUT_ABANDONED,Bank_C,E17,P018,WALLET,SEND_REMINDER,0.5703187,6614.048686003685
E03846,8954.72,CHECKOUT_ABANDONED,Bank_A,E42,P016,WALLET,ALTERNATE_PAYMENT,0.73853153,6613.34306145668
E03694,10667.18,SUBSCRIPTION_FAILED,Bank_B,E23,P016,CARD,ALTERNATE_PAYMENT,0.6195687,6609.050904562473
E00557,11401.01,PAYMENT_FAILED,Bank_A,E23,P010,NETBANKING,RETRY_PAYMENT,0.5791224,6602.58054868102
E00871,10406.95,CHECKOUT_ABANDONED,Bank_B,E11,P003,NETBANKING,SEND_REMINDER,0.63423735,6600.476379522682
E00795,9681.11,SUBSCRIPTION_FAILED,Bank_B,E11,P017,WALLET,ALTERNATE_PAYMENT,0.6817227,6599.832453965545
E01021,12400.36,INVOICE_OVERDUE,Bank_C,E11,P010,NETBANKING,SEND_REMINDER,0.5320752,6597.924353287221
E00125,10782.31,PAYMENT_FAILED,Bank_A,E17,P007,WALLET,RETRY_PAYMENT,0.6116289,6594.772297340631
E04007,12207.08,CHECKOUT_ABANDONED,Bank_C,E23,P009,UPI,SEND_REMINDER,0.5399351,6591.0311069869995
E02421,11382.42,INVOICE_OVERDUE,Bank_C,E42,P002,UPI,SEND_REMINDER,0.57865363,6586.478692098856
E02371,7311.76,SUBSCRIPTION_FAILED,Bank_A,E42,P015,CARD,ALTERNATE_PAYMENT,0.9006302,6585.191696162224
E01269,12878.12,INVOICE_OVERDUE,Bank_D,E11,P008,WALLET,SEND_REMINDER,0.5113202,6584.842555849553
E03029,9140.75,INVOICE_OVERDUE,Bank_A,E42,P015,CARD,ALTERNATE_PAYMENT,0.71926105,6574.585444837809
E00317,11869.01,PAYMENT_FAILED,Bank_B,E42,P014,NETBANKING,ALTERNATE_PAYMENT,0.5539209,6574.4929940408465
E02875,7411.59,SUBSCRIPTION_FAILED,Bank_A,E42,P002,UPI,ALTERNATE_PAYMENT,0.8870386,6574.366332317591
E04368,10947.05,CHECKOUT_ABANDONED,Bank_B,E17,P015,WALLET,SEND_REMINDER,0.6002708,6571.194545903802
E00932,12531.29,INVOICE_OVERDUE,Bank_B,E23,P010,CARD,ALTERNATE_PAYMENT,0.52372867,6562.995828664899
E01701,12220.27,INVOICE_OVERDUE,Bank_B,E17,P003,UPI,SEND_REMINDER,0.53652143,6556.436793847084
E04794,11687.63,CHECKOUT_ABANDONED,Bank_D,E11,P006,NETBANKING,SEND_REMINDER,0.5602071,6547.493641560077
E02256,13211.93,INVOICE_OVERDUE,Bank_D,E11,P011,UPI,SEND_REMINDER,0.49541327,6545.365491516292
E00622,7181.67,SUBSCRIPTION_FAILED,Bank_A,E42,P015,NETBANKING,ALTERNATE_PAYMENT,0.9112459,6544.267217053771
E04899,11897.9,CHECKOUT_ABANDONED,Bank_D,E23,P009,NETBANKING,SEND_REMINDER,0.5500047,6543.901166272163
E01051,10795.81,PAYMENT_FAILED,Bank_C,E11,P011,NETBANKING,RETRY_PAYMENT,0.6059892,6542.144456965923
E03616,9896.9,SUBSCRIPTION_FAILED,Bank_A,E17,P014,CARD,ALTERNATE_PAYMENT,0.6606006,6537.898104137182
E03822,9987.64,SUBSCRIPTION_FAILED,Bank_A,E11,P007,WALLET,ALTERNATE_PAYMENT,0.65403736,6532.289662041664
E01254,12541.66,INVOICE_OVERDUE,Bank_A,E17,P001,UPI,SEND_REMINDER,0.52061844,6529.419448165893
E02755,9844.12,SUBSCRIPTION_FAILED,Bank_A,E11,P011,CARD,ALTERNATE_PAYMENT,0.6627371,6524.063260433674
E00275,9923.64,SUBSCRIPTION_FAILED,Bank_A,E17,P008,CARD,ALTERNATE_PAYMENT,0.6564218,6514.093438696861
E03666,11833.85,CHECKOUT_ABANDONED,Bank_B,E11,P008,NETBANKING,SEND_REMINDER,0.55021465,6511.157615154982
E04639,11982.58,CHECKOUT_ABANDONED,Bank_C,E23,P011,UPI,SEND_REMINDER,0.54321164,6509.0769203794
E04986,8734.3,PAYMENT_FAILED,Bank_A,E42,P012,CARD,ALTERNATE_PAYMENT,0.745217,6508.949063903093
E00102,12720.37,INVOICE_OVERDUE,Bank_D,E17,P019,CARD,SEND_REMINDER,0.51141644,6505.406280355454
E01798,7458.83,SUBSCRIPTION_FAILED,Bank_A,E42,P012,WALLET,ALTERNATE_PAYMENT,0.8719188,6503.4940843045715
E02861,8874.91,INVOICE_OVERDUE,Bank_A,E42,P003,WALLET,ALTERNATE_PAYMENT,0.73200256,6496.456807145476
E04471,8621.02,INVOICE_OVERDUE,Bank_A,E42,P001,NETBANKING,ALTERNATE_PAYMENT,0.75350636,6495.993420706987
E01483,10488.17,PAYMENT_FAILED,Bank_D,E17,P015,NETBANKING,RETRY_PAYMENT,0.61908054,6493.021984109879
E02129,8789.31,CHECKOUT_ABANDONED,Bank_A,E42,P010,UPI,ALTERNATE_PAYMENT,0.7386816,6492.50170025289
E04453,10667.01,CHECKOUT_ABANDONED,Bank_D,E42,P014,NETBANKING,ALTERNATE_PAYMENT,0.6085559,6491.472009226084
E04065,8716.8,INVOICE_OVERDUE,Bank_A,E42,P013,NETBANKING,ALTERNATE_PAYMENT,0.7446868,6491.285744476318
E02449,7289.16,SUBSCRIPTION_FAILED,Bank_A,E42,P005,WALLET,ALTERNATE_PAYMENT,0.88966346,6484.899290571213
E04462,10798.16,PAYMENT_FAILED,Bank_A,E11,P020,WALLET,RETRY_PAYMENT,0.600323,6482.384036889076
E00647,8747.29,CHECKOUT_ABANDONED,Bank_A,E42,P017,UPI,ALTERNATE_PAYMENT,0.740937,6481.190763080121
E03709,12296.33,INVOICE_OVERDUE,Bank_C,E11,P009,CARD,SEND_REMINDER,0.5268451,6478.2611782562735
E00448,11025.56,CHECKOUT_ABANDONED,Bank_B,E11,P019,NETBANKING,SEND_REMINDER,0.5872857,6475.153694489002
E03253,11379.69,CHECKOUT_ABANDONED,Bank_B,E11,P009,UPI,SEND_REMINDER,0.568971,6474.713351595998
E01909,10349.27,PAYMENT_FAILED,Bank_D,E23,P012,CARD,RETRY_PAYMENT,0.62538326,6472.260189133883
E01505,11986.53,INVOICE_OVERDUE,Bank_D,E11,P001,NETBANKING,SEND_REMINDER,0.53971124,6469.264933083058
E01407,10546.69,PAYMENT_FAILED,Bank_D,E17,P007,WALLET,RETRY_PAYMENT,0.6132395,6467.647184364796
E04901,10094.2,PAYMENT_FAILED,Bank_C,E23,P003,UPI,RETRY_PAYMENT,0.6402858,6463.172821080685
E03482,10280.73,PAYMENT_FAILED,Bank_D,E23,P007,NETBANKING,RETRY_PAYMENT,0.6283488,6459.884639925956
E03305,11548.8,CHECKOUT_ABANDONED,Bank_C,E42,P001,CARD,ALTERNATE_PAYMENT,0.55907536,6456.649465942382
E04548,8669.38,SUBSCRIPTION_FAILED,Bank_C,E42,P016,NETBANKING,ALTERNATE_PAYMENT,0.7446762,6455.880718370676
E00626,11295.7,SUBSCRIPTION_FAILED,Bank_B,E23,P019,UPI,ALTERNATE_PAYMENT,0.57152826,6455.811720615626
E01994,10518.94,PAYMENT_FAILED,Bank_D,E17,P007,WALLET,RETRY_PAYMENT,0.6132395,6450.629787497521
E02367,11070.17,INVOICE_OVERDUE,Bank_C,E42,P002,UPI,SEND_REMINDER,0.58253056,6448.712308464646
E02375,9387.97,INVOICE_OVERDUE,Bank_A,E42,P006,UPI,ALTERNATE_PAYMENT,0.6866418,6446.17273484826
E03058,11110.1,CHECKOUT_ABANDONED,Bank_B,E17,P009,WALLET,SEND_REMINDER,0.5795518,6438.878630793095
E04202,12712.49,INVOICE_OVERDUE,Bank_D,E17,P001,CARD,SEND_REMINDER,0.5064282,6437.963200983405
E00395,12123.13,CHECKOUT_ABANDONED,Bank_C,E11,P011,UPI,SEND_REMINDER,0.53095657,6436.855478017926
E01304,11928.05,CHECKOUT_ABANDONED,Bank_C,E17,P003,UPI,SEND_REMINDER,0.53937936,6433.743954670429
E02434,12393.04,INVOICE_OVERDUE,Bank_D,E17,P007,CARD,SEND_REMINDER,0.51890975,6430.869317498207
E01383,12027.74,CHECKOUT_ABANDONED,Bank_D,E11,P004,CARD,SEND_REMINDER,0.5343894,6427.49648099184
E00307,11878.31,CHECKOUT_ABANDONED,Bank_C,E17,P014,WALLET,SEND_REMINDER,0.5410521,6426.784606091976
E01178,8888.59,SUBSCRIPTION_FAILED,Bank_C,E42,P002,UPI,ALTERNATE_PAYMENT,0.7226884,6423.680680060983
E03849,10348.79,SUBSCRIPTION_FAILED,Bank_B,E17,P008,UPI,ALTERNATE_PAYMENT,0.62023264,6418.657360066772
E01629,10536.89,PAYMENT_FAILED,Bank_D,E17,P008,NETBANKING,RETRY_PAYMENT,0.6085255,6411.966409561634
E01167,10318.45,PAYMENT_FAILED,Bank_B,E11,P012,NETBANKING,RETRY_PAYMENT,0.62139666,6411.850374680758
E02003,10853.96,PAYMENT_FAILED,Bank_A,E23,P002,NETBANKING,RETRY_PAYMENT,0.590581,6410.142549145221
E01649,11573.34,INVOICE_OVERDUE,Bank_A,E11,P008,WALLET,SEND_REMINDER,0.55369896,6408.146286617518
E00537,11946.53,CHECKOUT_ABANDONED,Bank_D,E17,P018,CARD,SEND_REMINDER,0.5362029,6405.764121279717
E03521,10256.52,SUBSCRIPTION_FAILED,Bank_C,E17,P001,NETBANKING,ALTERNATE_PAYMENT,0.6245418,6405.625658390522
E02345,10389.69,PAYMENT_FAILED,Bank_D,E17,P010,WALLET,RETRY_PAYMENT,0.61580664,6398.040081172586
E02954,11331.61,INVOICE_OVERDUE,Bank_C,E42,P020,CARD,ALTERNATE_PAYMENT,0.564219,6393.509639420509
E00505,10728.29,CHECKOUT_ABANDONED,Bank_C,E11,P017,NETBANKING,SEND_REMINDER,0.5959399,6393.415797798634
E03674,9906.94,SUBSCRIPTION_FAILED,Bank_A,E23,P010,WALLET,ALTERNATE_PAYMENT,0.6447985,6387.980222258569
E03110,9163.33,SUBSCRIPTION_FAILED,Bank_A,E23,P017,UPI,ALTERNATE_PAYMENT,0.69711965,6387.937431985736
E04146,10247.18,SUBSCRIPTION_FAILED,Bank_B,E11,P014,WALLET,ALTERNATE_PAYMENT,0.62315404,6385.571658146381
E01012,8459.32,INVOICE_OVERDUE,Bank_A,E42,P009,UPI,ALTERNATE_PAYMENT,0.7546219,6383.588325417041
E03795,8649.42,PAYMENT_FAILED,Bank_A,E42,P004,CARD,ALTERNATE_PAYMENT,0.73780745,6381.606537348032
E03411,9909.48,SUBSCRIPTION_FAILED,Bank_A,E23,P012,UPI,ALTERNATE_PAYMENT,0.6439514,6381.223677978515
E02349,10997.92,CHECKOUT_ABANDONED,Bank_D,E42,P011,UPI,SEND_REMINDER,0.57996196,6378.375190153122
E04658,11318.25,INVOICE_OVERDUE,Bank_D,E17,P003,NETBANKING,SEND_REMINDER,0.56326747,6375.202035605907
E04035,11974.33,INVOICE_OVERDUE,Bank_D,E17,P008,NETBANKING,SEND_REMINDER,0.5320268,6370.664799366593
E01915,10897.83,INVOICE_OVERDUE,Bank_B,E17,P015,NETBANKING,SEND_REMINDER,0.584464,6369.389461074471
E02248,10611.65,PAYMENT_FAILED,Bank_B,E11,P008,NETBANKING,RETRY_PAYMENT,0.5999691,6366.66198361814
E04691,10990.34,INVOICE_OVERDUE,Bank_B,E42,P010,NETBANKING,ALTERNATE_PAYMENT,0.5788901,6362.198859200477
E02403,10940.53,CHECKOUT_ABANDONED,Bank_A,E17,P011,CARD,SEND_REMINDER,0.5798952,6344.36081435144
E02120,11429.23,INVOICE_OVERDUE,Bank_B,E17,P009,CARD,ALTERNATE_PAYMENT,0.55496544,6342.827615335584
E03016,10993.28,INVOICE_OVERDUE,Bank_B,E42,P008,UPI,ALTERNATE_PAYMENT,0.57689315,6341.947936897278
E04518,9828.15,SUBSCRIPTION_FAILED,Bank_A,E23,P010,WALLET,ALTERNATE_PAYMENT,0.6447985,6337.176547086238
E01105,8471.25,SUBSCRIPTION_FAILED,Bank_D,E42,P002,UPI,ALTERNATE_PAYMENT,0.747931,6335.910513997078
E04231,8735.26,CHECKOUT_ABANDONED,Bank_A,E42,P006,NETBANKING,ALTERNATE_PAYMENT,0.7246579,6330.075107986927
E04885,10389.85,PAYMENT_FAILED,Bank_C,E17,P007,UPI,RETRY_PAYMENT,0.609132,6328.790025660396
E01769,10389.79,CHECKOUT_ABANDONED,Bank_C,E23,P003,NETBANKING,SEND_REMINDER,0.60895,6326.8628166878225
E01349,8223.3,PAYMENT_FAILED,Bank_A,E42,P011,NETBANKING,ALTERNATE_PAYMENT,0.76829034,6317.881960326433
E01683,11041.19,CHECKOUT_ABANDONED,Bank_D,E11,P008,WALLET,SEND_REMINDER,0.5722063,6317.838680416942
E04284,12206.2,INVOICE_OVERDUE,Bank_D,E23,P019,WALLET,SEND_REMINDER,0.51743776,6315.94873803854
E03413,10345.91,PAYMENT_FAILED,Bank_B,E11,P006,NETBANKING,RETRY_PAYMENT,0.61023897,6313.477455139756
E04249,10291.36,PAYMENT_FAILED,Bank_C,E17,P004,WALLET,RETRY_PAYMENT,0.61332715,6311.970452899934
E04097,10738.56,CHECKOUT_ABANDONED,Bank_A,E17,P019,NETBANKING,SEND_REMINDER,0.5874969,6308.87046043396
E03793,8273.69,SUBSCRIPTION_FAILED,Bank_D,E42,P008,NETBANKING,ALTERNATE_PAYMENT,0.7621191,6305.537295611502
E03463,12009.13,INVOICE_OVERDUE,Bank_A,E11,P019,CARD,SEND_REMINDER,0.5250418,6305.295455229282
E03692,10468.99,CHECKOUT_ABANDONED,Bank_B,E42,P003,WALLET,ALTERNATE_PAYMENT,0.60193056,6301.604999530911
E01136,10848.02,INVOICE_OVERDUE,Bank_D,E42,P016,CARD,ALTERNATE_PAYMENT,0.5808421,6300.986476079226
E03121,10565.47,SUBSCRIPTION_FAILED,Bank_B,E23,P004,NETBANKING,ALTERNATE_PAYMENT,0.59624916,6299.652645794748
E00435,6945.22,SUBSCRIPTION_FAILED,Bank_A,E42,P009,UPI,ALTERNATE_PAYMENT,0.9068992,6298.61455760479
E01139,8255.13,SUBSCRIPTION_FAILED,Bank_C,E42,P012,UPI,ALTERNATE_PAYMENT,0.76244646,6294.094670997261
E00205,10009.98,PAYMENT_FAILED,Bank_B,E17,P007,WALLET,RETRY_PAYMENT,0.62877643,6294.039499619007
E02673,11434.3,CHECKOUT_ABANDONED,Bank_B,E17,P016,NETBANKING,SEND_REMINDER,0.55042845,6293.764027065038
E00580,10540.7,SUBSCRIPTION_FAILED,Bank_D,E17,P009,WALLET,ALTERNATE_PAYMENT,0.59673285,6289.982003045083
E00670,10410.81,SUBSCRIPTION_FAILED,Bank_B,E23,P012,CARD,ALTERNATE_PAYMENT,0.60407096,6288.86800643742
E00031,11888.59,CHECKOUT_ABANDONED,Bank_D,E17,P017,UPI,SEND_REMINDER,0.52860534,6284.372181793451
E02536,10774.36,CHECKOUT_ABANDONED,Bank_B,E17,P020,UPI,SEND_REMINDER,0.5832276,6283.903853094578
E00210,11300.67,INVOICE_OVERDUE,Bank_B,E17,P014,CARD,ALTERNATE_PAYMENT,0.55602217,6283.423024277688
E04428,11580.27,INVOICE_OVERDUE,Bank_B,E17,P019,WALLET,SEND_REMINDER,0.5420584,6277.182723425031
E03814,11979.69,INVOICE_OVERDUE,Bank_A,E17,P018,WALLET,SEND_REMINDER,0.52373874,6274.227768648863
E01745,11775.24,CHECKOUT_ABANDONED,Bank_D,E23,P015,WALLET,SEND_REMINDER,0.53282523,6274.144979581833
E00457,6948.66,SUBSCRIPTION_FAILED,Bank_A,E42,P001,NETBANKING,ALTERNATE_PAYMENT,0.90282893,6273.451285300254
E00710,8255.27,SUBSCRIPTION_FAILED,Bank_B,E42,P010,CARD,ALTERNATE_PAYMENT,0.75950027,6269.879753649235
E00600,11995.52,PAYMENT_FAILED,Bank_C,E42,P008,CARD,ALTERNATE_PAYMENT,0.52236193,6266.003028755188
E00646,10172.16,PAYMENT_FAILED,Bank_B,E42,P005,WALLET,ALTERNATE_PAYMENT,0.6153873,6259.8182862854
E03067,9875.28,PAYMENT_FAILED,Bank_D,E23,P018,CARD,RETRY_PAYMENT,0.6337574,6258.531899857521
E04323,9540.86,PAYMENT_FAILED,Bank_B,E23,P002,NETBANKING,RETRY_PAYMENT,0.6559087,6257.933115775586
E00350,9991.93,SUBSCRIPTION_FAILED,Bank_D,E23,P017,WALLET,ALTERNATE_PAYMENT,0.62574685,6252.41868494153
E01491,8607.16,INVOICE_OVERDUE,Bank_A,E42,P001,CARD,ALTERNATE_PAYMENT,0.72624475,6250.904742085933
E01556,11605.69,INVOICE_OVERDUE,Bank_C,E42,P001,CARD,ALTERNATE_PAYMENT,0.5383035,6247.3834825432305
E02015,11559.2,CHECKOUT_ABANDONED,Bank_D,E11,P010,UPI,SEND_REMINDER,0.5400596,6242.657230043412
E03763,11420.74,SUBSCRIPTION_FAILED,Bank_C,E23,P019,NETBANKING,ALTERNATE_PAYMENT,0.5463912,6240.191708983183
E02282,8598.59,INVOICE_OVERDUE,Bank_A,E42,P010,UPI,ALTERNATE_PAYMENT,0.7255264,6238.503982941508
E03187,8909.04,SUBSCRIPTION_FAILED,Bank_A,E23,P003,NETBANKING,ALTERNATE_PAYMENT,0.69997966,6236.146815919877
E04420,10600.68,PAYMENT_FAILED,Bank_C,E17,P020,UPI,RETRY_PAYMENT,0.5876618,6229.61471937418
E03582,10179.02,SUBSCRIPTION_FAILED,Bank_D,E23,P007,UPI,ALTERNATE_PAYMENT,0.6117099,6226.60723249793
E03516,11253.89,INVOICE_OVERDUE,Bank_C,E11,P020,NETBANKING,SEND_REMINDER,0.55307406,6224.234654144644
E02046,11466.24,CHECKOUT_ABANDONED,Bank_D,E23,P013,WALLET,SEND_REMINDER,0.5427721,6223.555327606201
E03461,10492.62,PAYMENT_FAILED,Bank_D,E11,P004,UPI,RETRY_PAYMENT,0.592653,6218.482474418879
E03632,9765.24,PAYMENT_FAILED,Bank_D,E11,P002,NETBANKING,RETRY_PAYMENT,0.63673097,6217.830727250576
E04517,8239.99,SUBSCRIPTION_FAILED,Bank_B,E42,P018,UPI,ALTERNATE_PAYMENT,0.75450367,6217.102673965096
E00887,10930.82,INVOICE_OVERDUE,Bank_B,E11,P015,UPI,SEND_REMINDER,0.5686419,6215.722264466285
E00768,10165.66,INVOICE_OVERDUE,Bank_B,E42,P013,NETBANKING,ALTERNATE_PAYMENT,0.6112199,6213.453515462876
E00582,11970.26,INVOICE_OVERDUE,Bank_B,E17,P010,UPI,SEND_REMINDER,0.5189996,6212.559871416092
E02020,12031.23,INVOICE_OVERDUE,Bank_A,E17,P001,WALLET,SEND_REMINDER,0.5159875,6207.964475501775
E02675,10388.84,CHECKOUT_ABANDONED,Bank_B,E17,P002,CARD,SEND_REMINDER,0.597551,6207.861608223915
E01733,8171.54,CHECKOUT_ABANDONED,Bank_A,E42,P003,CARD,ALTERNATE_PAYMENT,0.75963366,6207.376840622425
E00282,7934.8,SUBSCRIPTION_FAILED,Bank_C,E42,P010,NETBANKING,ALTERNATE_PAYMENT,0.7821837,6206.471276402473
E00082,10372.85,PAYMENT_FAILED,Bank_B,E23,P001,CARD,RETRY_PAYMENT,0.59815496,6204.571698233485
E00804,9966.42,PAYMENT_FAILED,Bank_A,E17,P011,NETBANKING,RETRY_PAYMENT,0.62169415,6196.06498639226
E00027,10768.24,CHECKOUT_ABANDONED,Bank_B,E17,P007,CARD,SEND_REMINDER,0.5743963,6185.237345280647
E01155,11765.77,CHECKOUT_ABANDONED,Bank_C,E11,P013,CARD,SEND_REMINDER,0.5253509,6181.158191741705
E04590,9511.18,CHECKOUT_ABANDONED,Bank_B,E23,P017,WALLET,SEND_REMINDER,0.6494327,6176.871485956907
E00661,10595.58,PAYMENT_FAILED,Bank_A,E17,P020,WALLET,RETRY_PAYMENT,0.58282644,6175.384124153852
E03227,9418.1,SUBSCRIPTION_FAILED,Bank_D,E17,P005,WALLET,ALTERNATE_PAYMENT,0.6556872,6175.3277402281765
E01528,11241.84,CHECKOUT_ABANDONED,Bank_A,E11,P006,WALLET,SEND_REMINDER,0.54926264,6174.722749013901
E03527,9910.27,PAYMENT_FAILED,Bank_D,E17,P015,WALLET,RETRY_PAYMENT,0.6223001,6167.161897123457
E01657,10099.86,PAYMENT_FAILED,Bank_D,E23,P002,WALLET,RETRY_PAYMENT,0.6104158,6165.114286487103
E04851,11463.5,PAYMENT_FAILED,Bank_D,E42,P016,UPI,ALTERNATE_PAYMENT,0.5377255,6164.216363400221
E01579,9977.35,SUBSCRIPTION_FAILED,Bank_B,E11,P004,UPI,ALTERNATE_PAYMENT,0.6172347,6158.366702675819
E02844,10600.21,CHECKOUT_ABANDONED,Bank_D,E42,P007,NETBANKING,ALTERNATE_PAYMENT,0.58084494,6157.078328240514
E03875,10124.06,PAYMENT_FAILED,Bank_C,E11,P015,UPI,RETRY_PAYMENT,0.6079666,6155.090355111361
E00336,10667.72,CHECKOUT_ABANDONED,Bank_A,E23,P002,UPI,SEND_REMINDER,0.57655716,6150.55034072876
E02214,8763.82,INVOICE_OVERDUE,Bank_A,E42,P014,CARD,ALTERNATE_PAYMENT,0.7017215,6149.760823491812
E04692,10553.28,INVOICE_OVERDUE,Bank_D,E42,P018,UPI,ALTERNATE_PAYMENT,0.58273387,6149.753690872193
E02912,9940.9,PAYMENT_FAILED,Bank_B,E11,P010,CARD,RETRY_PAYMENT,0.61860317,6149.472251838445
E01358,7848.65,SUBSCRIPTION_FAILED,Bank_D,E42,P017,CARD,ALTERNATE_PAYMENT,0.78225106,6139.614782139659
E00240,10364.5,CHECKOUT_ABANDONED,Bank_C,E42,P003,WALLET,SEND_REMINDER,0.59186643,6134.399651259184
E03581,9628.87,SUBSCRIPTION_FAILED,Bank_D,E17,P007,NETBANKING,ALTERNATE_PAYMENT,0.63700914,6133.678234744072
E03314,8305.92,CHECKOUT_ABANDONED,Bank_A,E42,P018,UPI,ALTERNATE_PAYMENT,0.7379871,6129.661822586059
E04000,10861.96,CHECKOUT_ABANDONED,Bank_A,E11,P014,UPI,SEND_REMINDER,0.5638508,6124.525053508281
E02656,11133.43,PAYMENT_FAILED,Bank_C,E42,P009,CARD,ALTERNATE_PAYMENT,0.5497685,6120.809194239974
E00252,10237.5,SUBSCRIPTION_FAILED,Bank_C,E23,P012,WALLET,ALTERNATE_PAYMENT,0.59765244,6118.466806411743
E02165,9977.02,PAYMENT_FAILED,Bank_B,E23,P004,UPI,RETRY_PAYMENT,0.61317915,6117.700615631342
E02386,11676.18,INVOICE_OVERDUE,Bank_B,E17,P001,WALLET,SEND_REMINDER,0.52384067,6116.457905402183
E03925,10887.67,CHECKOUT_ABANDONED,Bank_D,E17,P007,WALLET,SEND_REMINDER,0.5616174,6114.704638953209
E02817,10261.26,CHECKOUT_ABANDONED,Bank_B,E23,P010,NETBANKING,SEND_REMINDER,0.59528303,6108.3539594364165
E03017,11117.42,INVOICE_OVERDUE,Bank_D,E23,P013,NETBANKING,SEND_REMINDER,0.5489043,6102.399639971256
E04995,11653.63,INVOICE_OVERDUE,Bank_D,E11,P017,UPI,SEND_REMINDER,0.52352905,6101.013874816894
E04694,9437.01,PAYMENT_FAILED,Bank_B,E17,P002,UPI,RETRY_PAYMENT,0.64607424,6097.009020583034
E01465,11148.43,SUBSCRIPTION_FAILED,Bank_B,E11,P019,NETBANKING,ALTERNATE_PAYMENT,0.5467935,6095.889287196994
E03971,10828.49,CHECKOUT_ABANDONED,Bank_A,E23,P008,NETBANKING,SEND_REMINDER,0.5627077,6093.274942625165
E01501,9475.62,PAYMENT_FAILED,Bank_D,E11,P003,NETBANKING,RETRY_PAYMENT,0.6424617,6087.723096059562
E00699,11380.21,CHECKOUT_ABANDONED,Bank_D,E17,P013,CARD,SEND_REMINDER,0.5348987,6087.259515721202
E04143,9614.62,PAYMENT_FAILED,Bank_D,E11,P001,UPI,RETRY_PAYMENT,0.6327627,6083.772627205849
E01163,10519.02,CHECKOUT_ABANDONED,Bank_A,E11,P004,WALLET,SEND_REMINDER,0.57827306,6082.865861907006
E04110,11741.34,CHECKOUT_ABANDONED,Bank_B,E17,P008,WALLET,SEND_REMINDER,0.5178411,6080.148429207802
E01572,10479.3,CHECKOUT_ABANDONED,Bank_C,E42,P002,WALLET,ALTERNATE_PAYMENT,0.580072,6078.748359972238
E01369,9883.36,PAYMENT_FAILED,Bank_B,E23,P020,UPI,RETRY_PAYMENT,0.61502033,6078.467375364304
E01079,9823.86,PAYMENT_FAILED,Bank_A,E23,P005,UPI,RETRY_PAYMENT,0.6186864,6077.888361400366
E01486,10862.38,CHECKOUT_ABANDONED,Bank_D,E17,P007,UPI,SEND_REMINDER,0.55919087,6074.143715207576
E00504,8150.91,PAYMENT_FAILED,Bank_A,E42,P004,WALLET,ALTERNATE_PAYMENT,0.744818,6070.944257647991
E02019,11718.39,INVOICE_OVERDUE,Bank_B,E17,P013,UPI,SEND_REMINDER,0.5180472,6070.679286843538
E03688,10639.29,CHECKOUT_ABANDONED,Bank_A,E17,P004,WALLET,SEND_REMINDER,0.5704923,6069.633311997057
E03512,11660.71,INVOICE_OVERDUE,Bank_C,E17,P007,CARD,SEND_REMINDER,0.52048695,6069.247392929792
E04949,12192.51,INVOICE_OVERDUE,Bank_D,E23,P001,CARD,SEND_REMINDER,0.49767414,6067.896896428764
E00821,8319.83,PAYMENT_FAILED,Bank_A,E42,P014,NETBANKING,ALTERNATE_PAYMENT,0.7291339,6066.270128352046
E03189,11900.35,CHECKOUT_ABANDONED,Bank_D,E17,P011,CARD,SEND_REMINDER,0.50971746,6065.816228032112
E04863,8114.44,INVOICE_OVERDUE,Bank_A,E42,P004,NETBANKING,ALTERNATE_PAYMENT,0.74698335,6061.351569082737
E03335,11757.35,INVOICE_OVERDUE,Bank_A,E17,P013,UPI,SEND_REMINDER,0.5151898,6057.267106464506
E03564,9872.52,SUBSCRIPTION_FAILED,Bank_B,E17,P002,WALLET,ALTERNATE_PAYMENT,0.61334205,6055.231623258591
E00409,10825.08,INVOICE_OVERDUE,Bank_C,E11,P017,NETBANKING,SEND_REMINDER,0.5592116,6053.510434098243
E04666,10201.51,INVOICE_OVERDUE,Bank_B,E17,P002,WALLET,SEND_REMINDER,0.5933281,6052.842732366324
E00041,7992.59,INVOICE_OVERDUE,Bank_A,E42,P002,NETBANKING,ALTERNATE_PAYMENT,0.75630236,6044.814653296471
E03523,9462.72,PAYMENT_FAILED,Bank_B,E23,P018,WALLET,RETRY_PAYMENT,0.6377933,6035.259439773559
E00216,11090.09,INVOICE_OVERDUE,Bank_B,E11,P006,NETBANKING,SEND_REMINDER,0.54411083,6034.238125672937
E04243,9029.61,SUBSCRIPTION_FAILED,Bank_A,E17,P016,CARD,ALTERNATE_PAYMENT,0.66791195,6030.984393705726
E03625,8051.66,PAYMENT_FAILED,Bank_A,E42,P008,UPI,ALTERNATE_PAYMENT,0.7488613,6029.576678352356
E03283,9905.27,SUBSCRIPTION_FAILED,Bank_C,E23,P011,UPI,ALTERNATE_PAYMENT,0.60820025,6024.387710683942
E01952,9866.59,SUBSCRIPTION_FAILED,Bank_C,E23,P007,NETBANKING,ALTERNATE_PAYMENT,0.61021477,6020.738945958018
E03384,8016.39,CHECKOUT_ABANDONED,Bank_A,E42,P019,NETBANKING,ALTERNATE_PAYMENT,0.75091016,6019.588720976115
E02558,8084.21,PAYMENT_FAILED,Bank_A,E42,P004,WALLET,ALTERNATE_PAYMENT,0.74453694,6018.9929456692935
E04551,9888.65,SUBSCRIPTION_FAILED,Bank_D,E23,P004,NETBANKING,ALTERNATE_PAYMENT,0.6081351,6013.6351979434485
E02487,11147.12,CHECKOUT_ABANDONED,Bank_D,E11,P010,CARD,SEND_REMINDER,0.53933686,6012.05270084858
E02290,10083.9,CHECKOUT_ABANDONED,Bank_A,E17,P003,CARD,SEND_REMINDER,0.5959492,6009.491865348816
E00371,6841.5,SUBSCRIPTION_FAILED,Bank_A,E42,P018,WALLET,ALTERNATE_PAYMENT,0.87796223,6006.578607738018
E04301,7932.75,SUBSCRIPTION_FAILED,Bank_D,E42,P001,UPI,ALTERNATE_PAYMENT,0.75616527,5998.470014154911
E02767,11550.28,INVOICE_OVERDUE,Bank_C,E11,P010,WALLET,SEND_REMINDER,0.51884145,5992.763970506192
E03329,9171.05,SUBSCRIPTION_FAILED,Bank_C,E23,P009,NETBANKING,ALTERNATE_PAYMENT,0.65278435,5986.717890453338
E02748,11820.25,INVOICE_OVERDUE,Bank_D,E11,P003,UPI,SEND_REMINDER,0.50645995,5986.483240544796
E01664,11088.3,INVOICE_OVERDUE,Bank_B,E17,P010,UPI,SEND_REMINDER,0.5385445,5971.542713588476
E03377,9434.91,SUBSCRIPTION_FAILED,Bank_B,E17,P011,UPI,ALTERNATE_PAYMENT,0.6326554,5969.046591660976
E00704,7629.19,SUBSCRIPTION_FAILED,Bank_C,E42,P010,NETBANKING,ALTERNATE_PAYMENT,0.7812889,5960.601629559397
E00392,9344.55,PAYMENT_FAILED,Bank_B,E23,P018,WALLET,RETRY_PAYMENT,0.6377933,5959.891405212878
E01245,8934.32,PAYMENT_FAILED,Bank_B,E23,P005,NETBANKING,RETRY_PAYMENT,0.666649,5956.05535033226
E00968,8971.11,PAYMENT_FAILED,Bank_D,E23,P005,NETBANKING,RETRY_PAYMENT,0.66376126,5954.675260380507
E03349,7693.39,SUBSCRIPTION_FAILED,Bank_C,E42,P020,UPI,ALTERNATE_PAYMENT,0.77395386,5954.328848808408
E00144,12050.48,INVOICE_OVERDUE,Bank_C,E23,P006,WALLET,SEND_REMINDER,0.49405155,5953.558272335529
E02685,11288.88,INVOICE_OVERDUE,Bank_B,E23,P004,WALLET,SEND_REMINDER,0.5272214,5951.738911042213
E04296,7708.9,SUBSCRIPTION_FAILED,Bank_B,E42,P018,WALLET,ALTERNATE_PAYMENT,0.77150774,5947.476017045974
E03135,10942.74,INVOICE_OVERDUE,Bank_A,E23,P014,UPI,SEND_REMINDER,0.5433991,5946.275018677711
E01532,10257.97,INVOICE_OVERDUE,Bank_B,E42,P012,NETBANKING,ALTERNATE_PAYMENT,0.57956505,5945.160877666473
E00462,11006.77,CHECKOUT_ABANDONED,Bank_D,E23,P019,CARD,SEND_REMINDER,0.53921115,5934.973153337241
E01075,10473.15,CHECKOUT_ABANDONED,Bank_C,E23,P009,NETBANKING,SEND_REMINDER,0.56663984,5934.504046609997
E01566,11456.31,INVOICE_OVERDUE,Bank_C,E17,P001,UPI,SEND_REMINDER,0.51763964,5930.240149683952
E00374,9935.88,CHECKOUT_ABANDONED,Bank_B,E42,P005,UPI,ALTERNATE_PAYMENT,0.5964376,5926.1321571207045
E00053,7921.35,CHECKOUT_ABANDONED,Bank_A,E42,P013,UPI,ALTERNATE_PAYMENT,0.7480279,5925.390969818831
E04602,11138.98,INVOICE_OVERDUE,Bank_C,E23,P012,UPI,SEND_REMINDER,0.5319026,5924.852548724412
E00880,10924.21,INVOICE_OVERDUE,Bank_C,E23,P017,UPI,SEND_REMINDER,0.54205656,5921.539698958396
E01570,10440.69,INVOICE_OVERDUE,Bank_C,E42,P002,WALLET,ALTERNATE_PAYMENT,0.5669875,5919.7408727216725
E01117,9567.87,CHECKOUT_ABANDONED,Bank_D,E42,P003,NETBANKING,ALTERNATE_PAYMENT,0.6185598,5918.299540613294
E00233,8287.06,PAYMENT_FAILED,Bank_A,E42,P006,UPI,ALTERNATE_PAYMENT,0.71394217,5916.481600506306
E04582,10333.9,PAYMENT_FAILED,Bank_A,E17,P014,NETBANKING,RETRY_PAYMENT,0.5722281,5913.3476946711535
E02469,10434.93,INVOICE_OVERDUE,Bank_D,E23,P002,UPI,SEND_REMINDER,0.5661884,5908.136268880963
E04675,10207.73,INVOICE_OVERDUE,Bank_D,E42,P012,UPI,ALTERNATE_PAYMENT,0.5785138,5905.312682880759
E02172,9192.19,PAYMENT_FAILED,Bank_B,E23,P007,UPI,RETRY_PAYMENT,0.64236367,5904.728880647422
E02485,10426.8,SUBSCRIPTION_FAILED,Bank_B,E23,P019,UPI,ALTERNATE_PAYMENT,0.5660222,5901.800455069541
E02277,11431.48,INVOICE_OVERDUE,Bank_D,E23,P004,CARD,SEND_REMINDER,0.5161286,5900.113764255047
E01996,7982.15,PAYMENT_FAILED,Bank_A,E42,P019,UPI,ALTERNATE_PAYMENT,0.73792917,5890.261287304759
E01903,7765.09,PAYMENT_FAILED,Bank_A,E42,P013,NETBANKING,ALTERNATE_PAYMENT,0.75852865,5890.043233329654
E04902,10020.15,PAYMENT_FAILED,Bank_A,E11,P010,UPI,RETRY_PAYMENT,0.58771974,5889.03993756473
E04482,7861.89,PAYMENT_FAILED,Bank_A,E42,P008,CARD,ALTERNATE_PAYMENT,0.74863267,5885.667697613239
E01382,10462.01,CHECKOUT_ABANDONED,Bank_A,E17,P006,NETBANKING,SEND_REMINDER,0.56253415,5885.237938855291
E01233,7930.22,CHECKOUT_ABANDONED,Bank_A,E42,P019,WALLET,ALTERNATE_PAYMENT,0.74166495,5881.566188696623
E02890,6534.17,SUBSCRIPTION_FAILED,Bank_A,E42,P009,CARD,ALTERNATE_PAYMENT,0.8992889,5876.106504313946
E04959,11157.77,INVOICE_OVERDUE,Bank_D,E23,P017,WALLET,SEND_REMINDER,0.5261583,5870.752996186614
E03811,6602.74,SUBSCRIPTION_FAILED,Bank_A,E42,P002,UPI,ALTERNATE_PAYMENT,0.88895446,5869.53517531991
E01523,10523.74,CHECKOUT_ABANDONED,Bank_B,E42,P014,UPI,ALTERNATE_PAYMENT,0.5575245,5867.242905596495
E00558,10323.5,CHECKOUT_ABANDONED,Bank_A,E11,P004,CARD,SEND_REMINDER,0.56826395,5866.472866803408
E02149,10371.66,CHECKOUT_ABANDONED,Bank_C,E42,P005,CARD,ALTERNATE_PAYMENT,0.5655091,5865.267913870812
E00206,6536.55,SUBSCRIPTION_FAILED,Bank_A,E42,P004,UPI,ALTERNATE_PAYMENT,0.8969752,5863.123369386793
E04018,10913.63,INVOICE_OVERDUE,Bank_D,E11,P013,NETBANKING,SEND_REMINDER,0.53706443,5861.322508989572
E00848,7988.61,INVOICE_OVERDUE,Bank_A,E42,P008,WALLET,ALTERNATE_PAYMENT,0.7333214,5858.218895323276
E03817,10649.1,CHECKOUT_ABANDONED,Bank_B,E23,P019,CARD,SEND_REMINDER,0.5500189,5857.206338202954
E03320,10360.25,INVOICE_OVERDUE,Bank_B,E42,P019,WALLET,ALTERNATE_PAYMENT,0.5649512,5853.035477221012
E02922,7756.22,PAYMENT_FAILED,Bank_A,E42,P008,WALLET,ALTERNATE_PAYMENT,0.7539651,5847.919031125307
E02311,8744.29,SUBSCRIPTION_FAILED,Bank_A,E11,P008,NETBANKING,ALTERNATE_PAYMENT,0.6685346,5845.860215378404
E01827,10033.96,PAYMENT_FAILED,Bank_A,E11,P001,NETBANKING,RETRY_PAYMENT,0.5819153,5838.9150338912
E03896,6641.52,SUBSCRIPTION_FAILED,Bank_A,E42,P016,UPI,ALTERNATE_PAYMENT,0.878766,5836.341966118813
E02909,11101.13,INVOICE_OVERDUE,Bank_D,E23,P001,NETBANKING,SEND_REMINDER,0.5251835,5830.130294693112
E04016,8691.9,SUBSCRIPTION_FAILED,Bank_D,E17,P017,NETBANKING,ALTERNATE_PAYMENT,0.6698243,5822.045852261782
E02784,10451.47,CHECKOUT_ABANDONED,Bank_B,E42,P019,CARD,ALTERNATE_PAYMENT,0.55679965,5819.374839994907
E02618,9129.39,SUBSCRIPTION_FAILED,Bank_D,E11,P002,NETBANKING,ALTERNATE_PAYMENT,0.6374199,5819.254673128724
E04008,9634.59,PAYMENT_FAILED,Bank_B,E17,P013,UPI,RETRY_PAYMENT,0.60388285,5818.163660232425
E01173,11084.52,INVOICE_OVERDUE,Bank_C,E11,P007,WALLET,SEND_REMINDER,0.5243215,5811.852114236355
E03171,9267.91,PAYMENT_FAILED,Bank_B,E17,P010,WALLET,RETRY_PAYMENT,0.62661153,5807.379272238612
E00184,7506.7,CHECKOUT_ABANDONED,Bank_A,E42,P015,NETBANKING,ALTERNATE_PAYMENT,0.7730928,5803.375769346952
E03784,7601.21,PAYMENT_FAILED,Bank_A,E42,P011,UPI,ALTERNATE_PAYMENT,0.76346636,5803.268116497993
E01308,10250.72,CHECKOUT_ABANDONED,Bank_B,E17,P018,UPI,SEND_REMINDER,0.56599927,5801.900031700134
E01813,9236.57,PAYMENT_FAILED,Bank_A,E23,P005,NETBANKING,RETRY_PAYMENT,0.62804705,5801.000531802773
E03234,10999.18,INVOICE_OVERDUE,Bank_B,E11,P004,WALLET,SEND_REMINDER,0.526688,5793.13589253664
E00836,10740.61,CHECKOUT_ABANDONED,Bank_D,E17,P019,CARD,SEND_REMINDER,0.53929484,5792.355539695025
E04522,9688.17,INVOICE_OVERDUE,Bank_B,E17,P002,WALLET,SEND_REMINDER,0.5978277,5791.85612632513
E01800,9369.0,PAYMENT_FAILED,Bank_C,E17,P003,WALLET,RETRY_PAYMENT,0.6179527,5789.59888780117
E02930,9706.66,SUBSCRIPTION_FAILED,Bank_C,E11,P009,CARD,ALTERNATE_PAYMENT,0.59644365,5789.475749864579
E03507,8859.03,SUBSCRIPTION_FAILED,Bank_D,E23,P015,NETBANKING,ALTERNATE_PAYMENT,0.65333587,5787.922066313625
E00019,10508.82,INVOICE_OVERDUE,Bank_B,E42,P014,WALLET,ALTERNATE_PAYMENT,0.55019015,5781.849259876013
E03172,11868.57,INVOICE_OVERDUE,Bank_D,E11,P018,CARD,SEND_REMINDER,0.48694137,5779.297704737484
E04020,9713.72,INVOICE_OVERDUE,Bank_D,E42,P004,NETBANKING,ALTERNATE_PAYMENT,0.594502,5774.825697383881
E03986,7573.47,CHECKOUT_ABANDONED,Bank_A,E42,P004,UPI,ALTERNATE_PAYMENT,0.7621002,5771.74315109253
E01436,9128.89,SUBSCRIPTION_FAILED,Bank_D,E23,P012,NETBANKING,ALTERNATE_PAYMENT,0.6319541,5769.0392257392405
E04105,7857.25,CHECKOUT_ABANDONED,Bank_A,E42,P016,WALLET,ALTERNATE_PAYMENT,0.7342003,5768.795297637582
E01475,8157.89,CHECKOUT_ABANDONED,Bank_A,E42,P006,UPI,ALTERNATE_PAYMENT,0.7070933,5768.389348371626
E00639,7655.5,CHECKOUT_ABANDONED,Bank_A,E42,P004,CARD,ALTERNATE_PAYMENT,0.75334203,5767.209929287434
E04193,10588.32,CHECKOUT_ABANDONED,Bank_C,E42,P007,UPI,SEND_REMINDER,0.54442006,5764.493846712112
E01446,8636.64,SUBSCRIPTION_FAILED,Bank_C,E23,P011,NETBANKING,ALTERNATE_PAYMENT,0.66634893,5755.015858840942
E02385,9130.34,PAYMENT_FAILED,Bank_B,E23,P006,NETBANKING,RETRY_PAYMENT,0.6301398,5753.390874700546
E00992,7568.11,CHECKOUT_ABANDONED,Bank_A,E42,P015,UPI,ALTERNATE_PAYMENT,0.76018983,5753.200263833403
E00744,9744.88,PAYMENT_FAILED,Bank_B,E17,P016,UPI,RETRY_PAYMENT,0.5902424,5751.841221160888
E01416,10381.07,CHECKOUT_ABANDONED,Bank_D,E42,P011,CARD,SEND_REMINDER,0.55401385,5751.256540220976
E01493,10716.84,SUBSCRIPTION_FAILED,Bank_C,E11,P019,UPI,ALTERNATE_PAYMENT,0.53623354,5746.729097428322
E04961,11918.3,PAYMENT_FAILED,Bank_C,E42,P011,WALLET,RETRY_PAYMENT,0.4819206,5743.674286234378
E00969,8510.51,PAYMENT_FAILED,Bank_B,E23,P017,NETBANKING,RETRY_PAYMENT,0.67482895,5743.138498247266
E04167,8670.17,PAYMENT_FAILED,Bank_C,E17,P011,WALLET,RETRY_PAYMENT,0.66212034,5740.6959278059
E04093,9313.08,PAYMENT_FAILED,Bank_B,E23,P020,WALLET,RETRY_PAYMENT,0.61622745,5738.97552129507
E00247,11306.91,INVOICE_OVERDUE,Bank_D,E11,P009,WALLET,ALTERNATE_PAYMENT,0.50751656,5738.444100657105
E03396,9964.32,PAYMENT_FAILED,Bank_C,E23,P014,NETBANKING,RETRY_PAYMENT,0.5757393,5736.850861845016
E04210,7476.09,SUBSCRIPTION_FAILED,Bank_B,E42,P001,UPI,ALTERNATE_PAYMENT,0.7666888,5731.834647974968
E01395,8856.09,SUBSCRIPTION_FAILED,Bank_B,E42,P013,NETBANKING,ALTERNATE_PAYMENT,0.64720184,5731.677708747983
E02622,9658.34,SUBSCRIPTION_FAILED,Bank_C,E23,P020,NETBANKING,ALTERNATE_PAYMENT,0.5931062,5728.42143453002
E02811,10115.1,INVOICE_OVERDUE,Bank_D,E23,P003,CARD,SEND_REMINDER,0.5662967,5728.147716414928
E00597,10302.67,SUBSCRIPTION_FAILED,Bank_D,E23,P020,CARD,ALTERNATE_PAYMENT,0.5558985,5727.238670911193
E00120,7605.37,CHECKOUT_ABANDONED,Bank_A,E42,P012,WALLET,ALTERNATE_PAYMENT,0.75263864,5724.095318434835
E03834,9835.2,CHECKOUT_ABANDONED,Bank_B,E42,P015,UPI,ALTERNATE_PAYMENT,0.581988,5723.968151664734
E00543,10264.61,CHECKOUT_ABANDONED,Bank_C,E11,P018,CARD,SEND_REMINDER,0.5575465,5722.997342323065
E01346,9251.26,PAYMENT_FAILED,Bank_C,E23,P007,WALLET,RETRY_PAYMENT,0.6185246,5722.131992725134
E00788,8708.16,PAYMENT_FAILED,Bank_C,E23,P011,UPI,RETRY_PAYMENT,0.65667003,5718.387722682953
E04719,8106.79,PAYMENT_FAILED,Bank_A,E42,P018,UPI,ALTERNATE_PAYMENT,0.705113,5716.2029663366075
E02327,8965.29,PAYMENT_FAILED,Bank_C,E17,P018,WALLET,RETRY_PAYMENT,0.63685864,5709.622415444255
E00316,9725.02,PAYMENT_FAILED,Bank_A,E23,P006,NETBANKING,RETRY_PAYMENT,0.58694464,5708.04835980773
E02927,8604.62,SUBSCRIPTION_FAILED,Bank_C,E17,P011,NETBANKING,ALTERNATE_PAYMENT,0.66300625,5704.916805230379
E04408,10219.74,CHECKOUT_ABANDONED,Bank_C,E11,P011,WALLET,SEND_REMINDER,0.55811095,5703.748824448586
E03970,9461.85,SUBSCRIPTION_FAILED,Bank_C,E23,P013,WALLET,ALTERNATE_PAYMENT,0.6026615,5702.292623323202
E04290,10955.99,INVOICE_OVERDUE,Bank_A,E17,P006,WALLET,SEND_REMINDER,0.5203795,5701.272419620156
E00156,10176.56,INVOICE_OVERDUE,Bank_C,E23,P011,NETBANKING,SEND_REMINDER,0.56018376,5700.743680324555
E03163,10788.33,INVOICE_OVERDUE,Bank_A,E23,P014,WALLET,ALTERNATE_PAYMENT,0.5281504,5697.860585373044
E03500,9119.01,PAYMENT_FAILED,Bank_C,E23,P001,NETBANKING,RETRY_PAYMENT,0.62479943,5697.55225354135
E03872,9031.69,PAYMENT_FAILED,Bank_C,E17,P010,NETBANKING,RETRY_PAYMENT,0.6298425,5688.542387292386
E01350,8436.93,SUBSCRIPTION_FAILED,Bank_A,E11,P016,CARD,ALTERNATE_PAYMENT,0.67389655,5685.61802914381
E01628,9486.89,PAYMENT_FAILED,Bank_D,E42,P020,WALLET,ALTERNATE_PAYMENT,0.5981983,5675.041419433355
E04403,9197.89,PAYMENT_FAILED,Bank_C,E11,P010,WALLET,RETRY_PAYMENT,0.6164914,5670.419874847531
E03126,7735.93,INVOICE_OVERDUE,Bank_A,E42,P001,CARD,ALTERNATE_PAYMENT,0.73231226,5665.116397424341
E02820,10116.08,CHECKOUT_ABANDONED,Bank_C,E11,P016,NETBANKING,SEND_REMINDER,0.5596329,5661.291160497665
E03454,9971.42,PAYMENT_FAILED,Bank_D,E42,P020,WALLET,ALTERNATE_PAYMENT,0.567605,5659.828034725189
E00453,9927.69,PAYMENT_FAILED,Bank_D,E42,P019,NETBANKING,ALTERNATE_PAYMENT,0.5697081,5655.885495665074
E01761,9356.82,PAYMENT_FAILED,Bank_D,E42,P002,NETBANKING,ALTERNATE_PAYMENT,0.60436255,5654.911570740938
E00037,9735.89,CHECKOUT_ABANDONED,Bank_A,E11,P011,NETBANKING,SEND_REMINDER,0.58061045,5652.759513797164
E00341,7873.27,PAYMENT_FAILED,Bank_A,E42,P016,UPI,ALTERNATE_PAYMENT,0.7175862,5649.750052912832
E01969,6187.38,SUBSCRIPTION_FAILED,Bank_A,E42,P017,CARD,ALTERNATE_PAYMENT,0.91287625,5648.312241575718
E01087,9245.35,CHECKOUT_ABANDONED,Bank_A,E11,P015,NETBANKING,SEND_REMINDER,0.6106944,5646.083548855781
E01662,6166.21,SUBSCRIPTION_FAILED,Bank_A,E42,P007,CARD,ALTERNATE_PAYMENT,0.9154931,5645.122529819608
E00193,10532.09,INVOICE_OVERDUE,Bank_A,E11,P016,NETBANKING,SEND_REMINDER,0.5356435,5641.4457391875985
E02218,9072.74,INVOICE_OVERDUE,Bank_D,E42,P001,NETBANKING,ALTERNATE_PAYMENT,0.62152255,5638.912462313175
E02658,7495.48,CHECKOUT_ABANDONED,Bank_A,E42,P007,CARD,ALTERNATE_PAYMENT,0.7520213,5636.760709018707
E04031,10633.99,INVOICE_OVERDUE,Bank_B,E17,P011,UPI,SEND_REMINDER,0.5292846,5628.407105730772
E01217,9573.87,CHECKOUT_ABANDONED,Bank_C,E11,P008,WALLET,SEND_REMINDER,0.58788806,5628.36388014257
E02642,8990.13,SUBSCRIPTION_FAILED,Bank_D,E11,P002,UPI,ALTERNATE_PAYMENT,0.6257395,5625.479584438204
E00841,9142.51,SUBSCRIPTION_FAILED,Bank_D,E11,P011,WALLET,ALTERNATE_PAYMENT,0.61466396,5619.571387678385
E02048,9765.79,CHECKOUT_ABANDONED,Bank_B,E42,P010,NETBANKING,ALTERNATE_PAYMENT,0.57522404,5617.517196525336
E04264,7477.15,PAYMENT_FAILED,Bank_A,E42,P017,CARD,ALTERNATE_PAYMENT,0.7512744,5617.391431626677
E01585,8398.54,SUBSCRIPTION_FAILED,Bank_A,E11,P013,CARD,ALTERNATE_PAYMENT,0.6681776,5611.716339969636
E02612,9596.55,PAYMENT_FAILED,Bank_B,E42,P010,WALLET,ALTERNATE_PAYMENT,0.5840872,5605.221952101588
E01110,7455.7,INVOICE_OVERDUE,Bank_A,E42,P015,NETBANKING,ALTERNATE_PAYMENT,0.7517167,5604.574001675844
E03270,9076.28,PAYMENT_FAILED,Bank_B,E17,P019,WALLET,RETRY_PAYMENT,0.6174041,5603.732514510155
E01347,9091.28,PAYMENT_FAILED,Bank_A,E11,P001,UPI,RETRY_PAYMENT,0.61625993,5602.591599302293
E04622,8503.75,SUBSCRIPTION_FAILED,Bank_A,E11,P007,CARD,ALTERNATE_PAYMENT,0.6583847,5598.738728910685
E03654,9079.25,PAYMENT_FAILED,Bank_D,E17,P001,UPI,RETRY_PAYMENT,0.6162821,5595.379305869341
E01612,10031.96,CHECKOUT_ABANDONED,Bank_B,E42,P014,NETBANKING,ALTERNATE_PAYMENT,0.5577183,5595.007445907592
E00094,8368.4,PAYMENT_FAILED,Bank_D,E11,P005,NETBANKING,RETRY_PAYMENT,0.6683101,5592.686289381981
E01641,7594.02,INVOICE_OVERDUE,Bank_A,E42,P001,WALLET,ALTERNATE_PAYMENT,0.73638326,5592.1091987621785
E01913,7411.06,CHECKOUT_ABANDONED,Bank_A,E42,P018,CARD,ALTERNATE_PAYMENT,0.754557,5592.067300555706
E00130,8506.96,PAYMENT_FAILED,Bank_B,E17,P011,CARD,RETRY_PAYMENT,0.65726113,5591.294169635772
E00918,10587.41,INVOICE_OVERDUE,Bank_A,E11,P013,NETBANKING,SEND_REMINDER,0.5279544,5589.669689717889
E02671,10419.02,INVOICE_OVERDUE,Bank_C,E17,P001,NETBANKING,SEND_REMINDER,0.5362328,5587.020570986271
E00104,9654.64,PAYMENT_FAILED,Bank_A,E23,P020,WALLET,RETRY_PAYMENT,0.5782146,5582.453668465614
E02632,9536.21,INVOICE_OVERDUE,Bank_A,E23,P005,WALLET,ALTERNATE_PAYMENT,0.584542,5574.315041260123
E00896,8921.96,INVOICE_OVERDUE,Bank_D,E42,P015,NETBANKING,ALTERNATE_PAYMENT,0.6245112,5571.863788106441
E00002,9668.95,CHECKOUT_ABANDONED,Bank_B,E23,P015,UPI,SEND_REMINDER,0.5762312,5571.5504835397005
E00292,7564.6,INVOICE_OVERDUE,Bank_A,E42,P001,WALLET,ALTERNATE_PAYMENT,0.73638326,5570.444803273678
E02747,7261.31,SUBSCRIPTION_FAILED,Bank_D,E42,P003,CARD,ALTERNATE_PAYMENT,0.76709664,5570.126493409873
E00607,7335.59,CHECKOUT_ABANDONED,Bank_A,E42,P015,WALLET,ALTERNATE_PAYMENT,0.7592339,5569.428545551897
E01823,9963.09,CHECKOUT_ABANDONED,Bank_B,E17,P006,WALLET,SEND_REMINDER,0.55866194,5565.999165015221
E02395,7391.37,PAYMENT_FAILED,Bank_A,E42,P010,UPI,ALTERNATE_PAYMENT,0.7522852,5560.418129197955
E04359,10839.03,INVOICE_OVERDUE,Bank_B,E11,P004,WALLET,SEND_REMINDER,0.51296186,5560.009037861824
E01680,10650.28,INVOICE_OVERDUE,Bank_B,E17,P011,CARD,SEND_REMINDER,0.52188796,5558.25288185835
E04136,7371.04,CHECKOUT_ABANDONED,Bank_A,E42,P007,WALLET,ALTERNATE_PAYMENT,0.7539517,5557.40834769249
E04244,7737.17,INVOICE_OVERDUE,Bank_A,E42,P018,UPI,ALTERNATE_PAYMENT,0.71814996,5556.448326330781
E00200,10600.24,INVOICE_OVERDUE,Bank_B,E11,P009,UPI,ALTERNATE_PAYMENT,0.52415895,5556.210717124939
E02949,8272.97,SUBSCRIPTION_FAILED,Bank_A,E17,P003,CARD,ALTERNATE_PAYMENT,0.6716099,5556.2083768653865
E02302,10414.48,CHECKOUT_ABANDONED,Bank_D,E17,P011,CARD,SEND_REMINDER,0.5330179,5551.103985958099
E04058,8927.91,SUBSCRIPTION_FAILED,Bank_C,E17,P011,CARD,ALTERNATE_PAYMENT,0.62161046,5549.682265736461
E00913,9082.38,CHECKOUT_ABANDONED,Bank_D,E42,P005,UPI,ALTERNATE_PAYMENT,0.6109261,5548.662916470766
E03230,7351.63,CHECKOUT_ABANDONED,Bank_A,E42,P002,CARD,ALTERNATE_PAYMENT,0.7542685,5545.103131376505
E02343,7614.97,PAYMENT_FAILED,Bank_A,E42,P014,WALLET,ALTERNATE_PAYMENT,0.727044,5536.418144510984
E04850,9252.33,SUBSCRIPTION_FAILED,Bank_C,E17,P013,CARD,ALTERNATE_PAYMENT,0.5983374,5536.015186064244
E03681,8499.4,PAYMENT_FAILED,Bank_C,E23,P017,UPI,RETRY_PAYMENT,0.6511289,5534.20487177372
E03272,8751.67,PAYMENT_FAILED,Bank_B,E23,P004,UPI,RETRY_PAYMENT,0.63060737,5518.8675717186925
E03928,7523.54,INVOICE_OVERDUE,Bank_A,E42,P007,UPI,ALTERNATE_PAYMENT,0.73320824,5516.321515036821
E02958,7255.66,CHECKOUT_ABANDONED,Bank_A,E42,P002,UPI,ALTERNATE_PAYMENT,0.759697,5512.103280524016
E02061,9559.73,CHECKOUT_ABANDONED,Bank_B,E23,P013,UPI,SEND_REMINDER,0.5758948,5505.398538352847
E03318,10276.82,INVOICE_OVERDUE,Bank_D,E11,P020,UPI,SEND_REMINDER,0.5356402,5504.6777157676215
E03412,7292.52,PAYMENT_FAILED,Bank_A,E42,P015,WALLET,ALTERNATE_PAYMENT,0.7543319,5500.9803708958625
E04478,9653.53,CHECKOUT_ABANDONED,Bank_B,E42,P004,CARD,ALTERNATE_PAYMENT,0.5697892,5500.476858036518
E01625,8977.76,SUBSCRIPTION_FAILED,Bank_B,E23,P003,CARD,ALTERNATE_PAYMENT,0.6123878,5497.870483226776
E04336,9951.99,CHECKOUT_ABANDONED,Bank_C,E17,P013,NETBANKING,SEND_REMINDER,0.552017,5493.667400057316
E00366,9280.48,CHECKOUT_ABANDONED,Bank_D,E23,P004,NETBANKING,SEND_REMINDER,0.59003377,5475.796598167419
E02017,8190.66,PAYMENT_FAILED,Bank_B,E11,P005,NETBANKING,RETRY_PAYMENT,0.6659999,5454.978653898239
E04187,8591.77,PAYMENT_FAILED,Bank_D,E17,P018,WALLET,RETRY_PAYMENT,0.63385075,5445.899886743427
E03904,7173.32,CHECKOUT_ABANDONED,Bank_A,E42,P012,UPI,ALTERNATE_PAYMENT,0.7588989,5443.8247567725175
E00176,10375.36,CHECKOUT_ABANDONED,Bank_A,E17,P020,CARD,SEND_REMINDER,0.52448726,5441.744106826783
E04632,10551.49,INVOICE_OVERDUE,Bank_B,E11,P010,NETBANKING,SEND_REMINDER,0.5153091,5437.278766839504
E01862,7590.58,INVOICE_OVERDUE,Bank_A,E42,P018,WALLET,ALTERNATE_PAYMENT,0.7162447,5436.712676486969
E01797,9334.49,CHECKOUT_ABANDONED,Bank_C,E42,P002,UPI,ALTERNATE_PAYMENT,0.58223534,5434.869924373626
E01956,7178.3,CHECKOUT_ABANDONED,Bank_A,E42,P007,UPI,ALTERNATE_PAYMENT,0.7564896,5430.309115570783
E04173,7059.0,CHECKOUT_ABANDONED,Bank_A,E42,P005,WALLET,ALTERNATE_PAYMENT,0.7690755,5428.904045462608
E00047,8727.88,PAYMENT_FAILED,Bank_C,E11,P001,CARD,RETRY_PAYMENT,0.62194836,5428.290664467811
E01799,9730.56,SUBSCRIPTION_FAILED,Bank_C,E23,P002,CARD,ALTERNATE_PAYMENT,0.5576572,5426.31667098999
E00550,8121.0,PAYMENT_FAILED,Bank_B,E11,P017,WALLET,RETRY_PAYMENT,0.66781944,5423.3616752028465
E04773,7348.12,PAYMENT_FAILED,Bank_A,E42,P018,NETBANKING,ALTERNATE_PAYMENT,0.7371317,5416.532296309471
E02119,5946.32,SUBSCRIPTION_FAILED,Bank_A,E42,P005,UPI,ALTERNATE_PAYMENT,0.91013247,5411.938895611763
E01240,6134.23,SUBSCRIPTION_FAILED,Bank_A,E42,P006,WALLET,ALTERNATE_PAYMENT,0.8821797,5411.49304302752
E01016,9840.78,CHECKOUT_ABANDONED,Bank_A,E11,P013,CARD,SEND_REMINDER,0.54945385,5407.054502885342
E00253,9946.25,CHECKOUT_ABANDONED,Bank_D,E11,P007,WALLET,SEND_REMINDER,0.54357344,5406.517318859696
E04083,8626.02,SUBSCRIPTION_FAILED,Bank_B,E11,P003,UPI,ALTERNATE_PAYMENT,0.6264255,5403.5589319181445
E04459,10241.79,INVOICE_OVERDUE,Bank_D,E17,P011,NETBANKING,SEND_REMINDER,0.52731234,5400.622233812213
E01041,8631.55,PAYMENT_FAILED,Bank_D,E23,P011,NETBANKING,RETRY_PAYMENT,0.6253159,5397.4454964995375
E00579,7271.66,CHECKOUT_ABANDONED,Bank_A,E42,P010,CARD,ALTERNATE_PAYMENT,0.7421521,5396.677701971531
E01667,8309.25,PAYMENT_FAILED,Bank_B,E23,P011,CARD,RETRY_PAYMENT,0.64937437,5395.8139490783215
E03004,9341.88,CHECKOUT_ABANDONED,Bank_B,E17,P010,UPI,SEND_REMINDER,0.5774488,5394.45725846529
E02888,7158.15,CHECKOUT_ABANDONED,Bank_A,E42,P004,CARD,ALTERNATE_PAYMENT,0.7529063,5389.416392254829
E04834,7168.52,INVOICE_OVERDUE,Bank_A,E42,P004,NETBANKING,ALTERNATE_PAYMENT,0.7515646,5387.606023564339
E01888,8642.43,SUBSCRIPTION_FAILED,Bank_B,E17,P010,CARD,ALTERNATE_PAYMENT,0.6233243,5387.03641413331
E00616,8611.43,SUBSCRIPTION_FAILED,Bank_C,E17,P003,UPI,ALTERNATE_PAYMENT,0.62526625,5384.4365772372485
E01951,9330.26,INVOICE_OVERDUE,Bank_A,E17,P004,NETBANKING,SEND_REMINDER,0.5769344,5382.947929011583
E04733,8564.43,CHECKOUT_ABANDONED,Bank_B,E42,P002,NETBANKING,ALTERNATE_PAYMENT,0.6283479,5381.441379847527
E00610,8694.3,CHECKOUT_ABANDONED,Bank_D,E42,P018,WALLET,ALTERNATE_PAYMENT,0.61807656,5373.743060660362
E03484,7379.67,INVOICE_OVERDUE,Bank_A,E42,P007,CARD,ALTERNATE_PAYMENT,0.7276676,5369.946977006793
E02828,6972.06,CHECKOUT_ABANDONED,Bank_A,E42,P020,NETBANKING,ALTERNATE_PAYMENT,0.7698768,5367.627089699507
E02094,9407.82,CHECKOUT_ABANDONED,Bank_D,E42,P019,CARD,ALTERNATE_PAYMENT,0.5703008,5365.2874367952345
E04846,8636.61,PAYMENT_FAILED,Bank_C,E11,P004,NETBANKING,RETRY_PAYMENT,0.62094194,5362.833342252374
E03927,7376.3,PAYMENT_FAILED,Bank_A,E42,P016,WALLET,ALTERNATE_PAYMENT,0.7266538,5360.016530537606
E01855,9720.3,INVOICE_OVERDUE,Bank_C,E17,P011,NETBANKING,SEND_REMINDER,0.55102324,5356.111246991157
E00593,9833.18,CHECKOUT_ABANDONED,Bank_B,E42,P008,CARD,ALTERNATE_PAYMENT,0.54462606,5355.406052626371
E03901,7085.67,PAYMENT_FAILED,Bank_A,E42,P017,NETBANKING,ALTERNATE_PAYMENT,0.7554681,5352.997443149686
E04456,9901.81,INVOICE_OVERDUE,Bank_B,E17,P006,NETBANKING,SEND_REMINDER,0.5404227,5351.162677185535
E02387,8542.15,SUBSCRIPTION_FAILED,Bank_B,E23,P010,CARD,ALTERNATE_PAYMENT,0.6258628,5346.213722541928
E03011,9348.27,CHECKOUT_ABANDONED,Bank_B,E17,P019,WALLET,SEND_REMINDER,0.5713756,5341.373459150792
E04650,9395.26,CHECKOUT_ABANDONED,Bank_C,E42,P003,NETBANKING,SEND_REMINDER,0.56850135,5341.218024265766
E01166,6937.2,CHECKOUT_ABANDONED,Bank_A,E42,P018,NETBANKING,ALTERNATE_PAYMENT,0.76981103,5340.333106470108
E00174,8301.66,SUBSCRIPTION_FAILED,Bank_B,E23,P011,WALLET,ALTERNATE_PAYMENT,0.64258057,5334.485404704809
E01586,10466.37,INVOICE_OVERDUE,Bank_C,E42,P015,CARD,ALTERNATE_PAYMENT,0.5096336,5334.013829482198
E00609,8376.97,PAYMENT_FAILED,Bank_D,E23,P004,NETBANKING,RETRY_PAYMENT,0.6361211,5328.767322705387
E02422,9721.88,PAYMENT_FAILED,Bank_C,E42,P014,WALLET,ALTERNATE_PAYMENT,0.5480907,5328.471978883743
E02000,9038.38,CHECKOUT_ABANDONED,Bank_A,E17,P008,WALLET,SEND_REMINDER,0.5892728,5326.0714639222615
E03606,9087.76,PAYMENT_FAILED,Bank_A,E23,P018,WALLET,RETRY_PAYMENT,0.5860697,5326.060805063248
E04318,10491.64,PAYMENT_FAILED,Bank_C,E42,P006,CARD,ALTERNATE_PAYMENT,0.5076017,5325.574072868823
E04672,8590.92,PAYMENT_FAILED,Bank_A,E17,P007,CARD,RETRY_PAYMENT,0.61983794,5324.978153264523
E00097,9911.22,INVOICE_OVERDUE,Bank_B,E23,P010,NETBANKING,SEND_REMINDER,0.5372582,5324.8842942917345
E00980,7043.05,PAYMENT_FAILED,Bank_A,E42,P017,NETBANKING,ALTERNATE_PAYMENT,0.7554681,5320.799393984676
E02084,8975.59,CHECKOUT_ABANDONED,Bank_A,E11,P017,NETBANKING,SEND_REMINDER,0.59252805,5318.288797014356
E01962,9282.21,PAYMENT_FAILED,Bank_A,E11,P016,NETBANKING,RETRY_PAYMENT,0.5723159,5312.356107596755
E03752,8726.93,CHECKOUT_ABANDONED,Bank_A,E11,P002,NETBANKING,SEND_REMINDER,0.6077383,5303.689742565752
E04660,9707.11,PAYMENT_FAILED,Bank_B,E42,P008,CARD,ALTERNATE_PAYMENT,0.54596555,5299.747672678232
E04562,9058.63,CHECKOUT_ABANDONED,Bank_C,E23,P016,CARD,SEND_REMINDER,0.5848749,5298.1655690068
E02669,8804.4,SUBSCRIPTION_FAILED,Bank_B,E23,P014,CARD,ALTERNATE_PAYMENT,0.60155123,5296.297690987587
E02198,9596.61,INVOICE_OVERDUE,Bank_C,E42,P004,UPI,ALTERNATE_PAYMENT,0.55136836,5291.267076483965
E02859,8953.23,INVOICE_OVERDUE,Bank_D,E42,P017,UPI,ALTERNATE_PAYMENT,0.59038615,5285.8630100655555
E01602,10313.29,INVOICE_OVERDUE,Bank_A,E17,P016,WALLET,SEND_REMINDER,0.51198256,5280.224617849589
E02791,9278.92,CHECKOUT_ABANDONED,Bank_C,E11,P016,NETBANKING,SEND_REMINDER,0.5690471,5280.1424558115
E01982,8438.75,CHECKOUT_ABANDONED,Bank_B,E42,P002,NETBANKING,ALTERNATE_PAYMENT,0.62559754,5279.261211678386
E02278,9982.62,INVOICE_OVERDUE,Bank_C,E42,P006,WALLET,ALTERNATE_PAYMENT,0.528703,5277.840885500908
E01712,6880.45,PAYMENT_FAILED,Bank_A,E42,P009,CARD,ALTERNATE_PAYMENT,0.76665986,5274.96480513215
E04569,8869.77,SUBSCRIPTION_FAILED,Bank_D,E23,P001,CARD,ALTERNATE_PAYMENT,0.5933829,5263.16980052054
E02624,8982.16,PAYMENT_FAILED,Bank_B,E42,P002,UPI,ALTERNATE_PAYMENT,0.5858036,5261.781914987564
E03568,9210.05,CHECKOUT_ABANDONED,Bank_C,E11,P010,NETBANKING,SEND_REMINDER,0.5713003,5261.704583850503
E00347,10666.92,INVOICE_OVERDUE,Bank_C,E42,P003,CARD,SEND_REMINDER,0.49307743,5259.6174692022805
E03466,7681.24,INVOICE_OVERDUE,Bank_A,E42,P006,CARD,ALTERNATE_PAYMENT,0.68469113,5259.276903965473
E00227,8343.12,SUBSCRIPTION_FAILED,Bank_D,E23,P010,CARD,ALTERNATE_PAYMENT,0.6300296,5256.412712702751
E04681,9581.38,PAYMENT_FAILED,Bank_A,E23,P001,NETBANKING,RETRY_PAYMENT,0.548518,5255.559414321184
E01621,7271.78,CHECKOUT_ABANDONED,Bank_A,E42,P016,UPI,ALTERNATE_PAYMENT,0.7223346,5252.658467288017
E02187,8853.96,CHECKOUT_ABANDONED,Bank_C,E23,P004,NETBANKING,SEND_REMINDER,0.5931097,5251.369797635078
E01824,6955.99,CHECKOUT_ABANDONED,Bank_A,E42,P001,CARD,ALTERNATE_PAYMENT,0.7535333,5241.570125465989
E01371,6914.41,PAYMENT_FAILED,Bank_A,E42,P013,NETBANKING,ALTERNATE_PAYMENT,0.7566932,5232.086920979619
E01998,8637.15,PAYMENT_FAILED,Bank_D,E17,P019,WALLET,RETRY_PAYMENT,0.6056385,5230.990605068207
E00560,9534.2,INVOICE_OVERDUE,Bank_A,E11,P003,WALLET,SEND_REMINDER,0.54842484,5228.792109274865
E04175,7104.19,PAYMENT_FAILED,Bank_A,E42,P018,NETBANKING,ALTERNATE_PAYMENT,0.73568296,5226.431558327675
E02716,9439.46,CHECKOUT_ABANDONED,Bank_D,E17,P010,UPI,SEND_REMINDER,0.5533557,5223.378937559128
E03623,7024.43,SUBSCRIPTION_FAILED,Bank_B,E42,P006,CARD,ALTERNATE_PAYMENT,0.7429215,5218.599872721434
E02056,9834.84,CHECKOUT_ABANDONED,Bank_C,E17,P001,CARD,SEND_REMINDER,0.53051823,5217.561946270466
E03773,10151.89,INVOICE_OVERDUE,Bank_A,E23,P017,CARD,SEND_REMINDER,0.51346034,5212.5928719133135
E00575,8517.09,SUBSCRIPTION_FAILED,Bank_B,E23,P013,WALLET,ALTERNATE_PAYMENT,0.6118355,5211.057846107483
E04433,8894.64,CHECKOUT_ABANDONED,Bank_B,E17,P012,NETBANKING,SEND_REMINDER,0.58556366,5208.377949829101
E04880,9213.05,CHECKOUT_ABANDONED,Bank_C,E23,P019,NETBANKING,SEND_REMINDER,0.56506395,5205.962455868721
E02203,10086.71,INVOICE_OVERDUE,Bank_C,E23,P012,UPI,SEND_REMINDER,0.516091,5205.660140794515
E01854,8077.25,SUBSCRIPTION_FAILED,Bank_C,E23,P001,UPI,ALTERNATE_PAYMENT,0.64383477,5200.4143937677145
E04855,8667.1,CHECKOUT_ABANDONED,Bank_C,E11,P004,UPI,SEND_REMINDER,0.5997594,5198.174694794417
E00881,8275.3,PAYMENT_FAILED,Bank_C,E17,P002,WALLET,RETRY_PAYMENT,0.6279339,5196.34156345725
E02696,8382.52,INVOICE_OVERDUE,Bank_D,E42,P019,NETBANKING,ALTERNATE_PAYMENT,0.6193954,5192.094120955468
E01306,9117.63,CHECKOUT_ABANDONED,Bank_A,E11,P017,WALLET,SEND_REMINDER,0.56936264,5191.237890815734
E02252,8398.42,CHECKOUT_ABANDONED,Bank_B,E11,P003,NETBANKING,SEND_REMINDER,0.61802304,5190.417042047978
E01592,9270.91,INVOICE_OVERDUE,Bank_D,E17,P004,NETBANKING,SEND_REMINDER,0.5593493,5185.677004745006
E00877,9184.59,CHECKOUT_ABANDONED,Bank_B,E11,P001,CARD,SEND_REMINDER,0.5643106,5182.961588203311
E02751,6725.8,CHECKOUT_ABANDONED,Bank_A,E42,P008,WALLET,ALTERNATE_PAYMENT,0.77051395,5182.322736871242
E04372,8924.3,SUBSCRIPTION_FAILED,Bank_A,E11,P006,UPI,ALTERNATE_PAYMENT,0.58048695,5180.43971696496
E03373,8773.67,SUBSCRIPTION_FAILED,Bank_C,E23,P004,WALLET,ALTERNATE_PAYMENT,0.59027624,5178.8889500284195
E01452,9981.81,CHECKOUT_ABANDONED,Bank_C,E11,P009,WALLET,SEND_REMINDER,0.5184505,5175.074371240139
E03303,6787.96,SUBSCRIPTION_FAILED,Bank_C,E42,P004,WALLET,ALTERNATE_PAYMENT,0.7615822,5169.589481523037
E03750,9109.81,CHECKOUT_ABANDONED,Bank_B,E11,P016,CARD,SEND_REMINDER,0.5671638,5166.75468494296
E00751,9030.84,CHECKOUT_ABANDONED,Bank_C,E17,P016,WALLET,SEND_REMINDER,0.57209986,5166.5423401665685
E03909,9047.41,CHECKOUT_ABANDONED,Bank_B,E11,P001,UPI,SEND_REMINDER,0.5710154,5166.210599129796
E00523,7866.66,PAYMENT_FAILED,Bank_B,E11,P003,CARD,RETRY_PAYMENT,0.6564664,5164.1981626832485
E01477,6991.06,INVOICE_OVERDUE,Bank_A,E42,P015,CARD,ALTERNATE_PAYMENT,0.7386735,5164.110816007853
E04931,8218.82,PAYMENT_FAILED,Bank_B,E17,P010,NETBANKING,RETRY_PAYMENT,0.6281455,5162.61492914319
E00512,9592.94,INVOICE_OVERDUE,Bank_A,E17,P007,WALLET,SEND_REMINDER,0.53770685,5158.189568433761
E01806,7894.59,SUBSCRIPTION_FAILED,Bank_A,E23,P007,WALLET,ALTERNATE_PAYMENT,0.6511885,5140.866163176298
E04938,8698.36,CHECKOUT_ABANDONED,Bank_D,E23,P003,NETBANKING,SEND_REMINDER,0.5908749,5139.642685232163
E00691,8066.53,INVOICE_OVERDUE,Bank_B,E42,P017,CARD,ALTERNATE_PAYMENT,0.6370315,5138.633669969439
E00235,9360.93,SUBSCRIPTION_FAILED,Bank_C,E17,P006,UPI,ALTERNATE_PAYMENT,0.54826903,5132.308043124676
E01616,9460.68,INVOICE_OVERDUE,Bank_B,E17,P011,CARD,SEND_REMINDER,0.54215574,5129.161991329193
E00939,8386.08,SUBSCRIPTION_FAILED,Bank_D,E23,P002,UPI,ALTERNATE_PAYMENT,0.6114566,5127.723737783432
E04308,9956.06,INVOICE_OVERDUE,Bank_B,E17,P013,UPI,SEND_REMINDER,0.5149794,5127.166025117635
E04134,8300.31,CHECKOUT_ABANDONED,Bank_C,E23,P016,WALLET,SEND_REMINDER,0.6177015,5127.113695526718
E01149,8991.2,CHECKOUT_ABANDONED,Bank_A,E11,P016,CARD,SEND_REMINDER,0.5700848,5125.746545982362
E04742,8979.72,INVOICE_OVERDUE,Bank_A,E23,P018,NETBANKING,SEND_REMINDER,0.5697835,5116.496369440555
E02619,6054.57,SUBSCRIPTION_FAILED,Bank_A,E42,P013,WALLET,ALTERNATE_PAYMENT,0.84425074,5111.575194531083
E04642,8972.78,PAYMENT_FAILED,Bank_C,E42,P001,WALLET,ALTERNATE_PAYMENT,0.56965125,5111.3553077197075
E03713,8450.25,PAYMENT_FAILED,Bank_B,E23,P015,WALLET,RETRY_PAYMENT,0.60412717,5105.025606930256
E00267,8958.05,CHECKOUT_ABANDONED,Bank_D,E17,P018,WALLET,SEND_REMINDER,0.569138,5098.366575571894
E01357,8736.86,CHECKOUT_ABANDONED,Bank_B,E11,P003,UPI,SEND_REMINDER,0.58309186,5094.391904704571
E04179,9106.21,CHECKOUT_ABANDONED,Bank_C,E17,P017,UPI,SEND_REMINDER,0.5591337,5091.588967470526
E03299,8719.09,CHECKOUT_ABANDONED,Bank_C,E23,P009,NETBANKING,SEND_REMINDER,0.58341056,5086.809189048409
E03855,8122.43,SUBSCRIPTION_FAILED,Bank_A,E17,P016,UPI,ALTERNATE_PAYMENT,0.62586427,5083.538701045513
E04615,9563.49,INVOICE_OVERDUE,Bank_D,E42,P011,CARD,SEND_REMINDER,0.53152907,5083.272935582399
E04218,8277.68,PAYMENT_FAILED,Bank_D,E42,P020,WALLET,ALTERNATE_PAYMENT,0.6140031,5082.521361699104
E00459,6837.25,INVOICE_OVERDUE,Bank_A,E42,P012,UPI,ALTERNATE_PAYMENT,0.74322134,5081.590124443173
E04398,8596.74,PAYMENT_FAILED,Bank_D,E42,P007,UPI,ALTERNATE_PAYMENT,0.59087497,5079.598489247561
E04519,8952.97,INVOICE_OVERDUE,Bank_A,E11,P001,NETBANKING,SEND_REMINDER,0.5665909,5072.671376434564
E04817,9193.77,CHECKOUT_ABANDONED,Bank_D,E11,P017,UPI,SEND_REMINDER,0.55107266,5066.435262742639
E04317,9879.42,INVOICE_OVERDUE,Bank_B,E11,P004,CARD,SEND_REMINDER,0.5127383,5065.556891788245
E03143,9475.27,PAYMENT_FAILED,Bank_C,E42,P001,CARD,ALTERNATE_PAYMENT,0.533648,5056.459018263817
E01113,7499.57,PAYMENT_FAILED,Bank_C,E11,P005,UPI,RETRY_PAYMENT,0.6740847,5055.345566037297
E03587,9486.41,CHECKOUT_ABANDONED,Bank_D,E11,P001,UPI,SEND_REMINDER,0.53278613,5054.227680079937
E00122,8652.21,CHECKOUT_ABANDONED,Bank_B,E42,P001,CARD,ALTERNATE_PAYMENT,0.5840418,5053.25207978189
E01064,8835.32,CHECKOUT_ABANDONED,Bank_A,E11,P012,UPI,SEND_REMINDER,0.5717725,5051.793144066333
E02162,8471.51,INVOICE_OVERDUE,Bank_D,E42,P001,CARD,ALTERNATE_PAYMENT,0.5962566,5051.19386579156
E04417,6599.81,CHECKOUT_ABANDONED,Bank_A,E42,P017,NETBANKING,ALTERNATE_PAYMENT,0.7646435,5046.501753812433
E00484,9795.5,PAYMENT_FAILED,Bank_C,E42,P014,UPI,ALTERNATE_PAYMENT,0.5150137,5044.816647052765
E03538,7369.52,SUBSCRIPTION_FAILED,Bank_A,E17,P008,UPI,ALTERNATE_PAYMENT,0.6839079,5040.073139424324
E04927,8842.35,CHECKOUT_ABANDONED,Bank_C,E11,P017,WALLET,SEND_REMINDER,0.56990063,5039.260852521658
E00679,9121.69,PAYMENT_FAILED,Bank_C,E42,P007,UPI,ALTERNATE_PAYMENT,0.55221367,5037.12190076828
E02886,6596.07,CHECKOUT_ABANDONED,Bank_A,E42,P013,CARD,ALTERNATE_PAYMENT,0.7633977,5035.424625048638
E00063,7962.54,INVOICE_OVERDUE,Bank_D,E42,P015,NETBANKING,ALTERNATE_PAYMENT,0.632226,5034.124736766815
E02242,8548.97,SUBSCRIPTION_FAILED,Bank_D,E23,P001,CARD,ALTERNATE_PAYMENT,0.58862764,5032.160005033612
E02752,6581.82,SUBSCRIPTION_FAILED,Bank_B,E42,P019,NETBANKING,ALTERNATE_PAYMENT,0.76386344,5027.611695148945
E01060,6559.8,CHECKOUT_ABANDONED,Bank_A,E42,P009,UPI,ALTERNATE_PAYMENT,0.7663913,5027.373500919342
E02531,6890.33,INVOICE_OVERDUE,Bank_A,E42,P007,CARD,ALTERNATE_PAYMENT,0.7289102,5022.431871755123
E02211,6602.14,SUBSCRIPTION_FAILED,Bank_D,E42,P001,UPI,ALTERNATE_PAYMENT,0.7607258,5022.41820827365
E01038,9103.73,CHECKOUT_ABANDONED,Bank_D,E17,P015,UPI,SEND_REMINDER,0.55156875,5021.332945182323
E01090,6453.64,CHECKOUT_ABANDONED,Bank_A,E42,P008,WALLET,ALTERNATE_PAYMENT,0.7771356,5015.353461866379
E01955,7830.1,SUBSCRIPTION_FAILED,Bank_B,E23,P018,NETBANKING,ALTERNATE_PAYMENT,0.63998884,5011.176613157988
E03131,8717.09,CHECKOUT_ABANDONED,Bank_B,E17,P003,CARD,SEND_REMINDER,0.574471,5007.715381989479
E02541,6823.17,INVOICE_OVERDUE,Bank_A,E42,P019,UPI,ALTERNATE_PAYMENT,0.73285943,5000.42449539721
E03742,8953.9,CHECKOUT_ABANDONED,Bank_B,E23,P008,CARD,SEND_REMINDER,0.558332,4999.249127644301
E04618,6408.28,INVOICE_OVERDUE,Bank_A,E42,P009,UPI,ALTERNATE_PAYMENT,0.7800852,4999.004424109458
E03697,7529.66,SUBSCRIPTION_FAILED,Bank_A,E11,P007,UPI,ALTERNATE_PAYMENT,0.66349554,4995.89583237648
E04543,7481.51,PAYMENT_FAILED,Bank_B,E11,P003,CARD,RETRY_PAYMENT,0.6675936,4994.608182109594
E04183,7895.09,CHECKOUT_ABANDONED,Bank_D,E42,P005,NETBANKING,ALTERNATE_PAYMENT,0.63233465,4992.338968417049
E01307,8945.1,INVOICE_OVERDUE,Bank_A,E11,P015,UPI,SEND_REMINDER,0.5580777,4992.060771524906
E00764,8618.52,PAYMENT_FAILED,Bank_B,E42,P019,CARD,ALTERNATE_PAYMENT,0.57856756,4986.39612588644
E01390,9202.82,INVOICE_OVERDUE,Bank_D,E11,P020,NETBANKING,SEND_REMINDER,0.5417312,4985.454526520967
E04951,7947.01,SUBSCRIPTION_FAILED,Bank_C,E17,P016,CARD,ALTERNATE_PAYMENT,0.6269117,4982.073547204137
E00135,8190.17,SUBSCRIPTION_FAILED,Bank_D,E17,P016,NETBANKING,ALTERNATE_PAYMENT,0.6081285,4980.675699085593
E03431,9777.7,INVOICE_OVERDUE,Bank_A,E23,P016,UPI,SEND_REMINDER,0.50868255,4973.745359355212
E02679,6336.37,CHECKOUT_ABANDONED,Bank_A,E42,P008,WALLET,ALTERNATE_PAYMENT,0.78470516,4972.182247648239
E02581,6412.09,CHECKOUT_ABANDONED,Bank_A,E42,P011,UPI,ALTERNATE_PAYMENT,0.77436924,4965.325258874894
E02430,8880.49,SUBSCRIPTION_FAILED,Bank_B,E17,P006,NETBANKING,ALTERNATE_PAYMENT,0.5588421,4962.791880926489
E02689,8195.2,PAYMENT_FAILED,Bank_D,E17,P019,WALLET,RETRY_PAYMENT,0.6038396,4948.5860952377325
E04315,9682.63,INVOICE_OVERDUE,Bank_D,E17,P018,UPI,SEND_REMINDER,0.51097214,4947.554193419218
E03497,8087.32,SUBSCRIPTION_FAILED,Bank_C,E17,P013,WALLET,ALTERNATE_PAYMENT,0.6115422,4945.737666149139
E03910,6830.09,INVOICE_OVERDUE,Bank_A,E42,P014,UPI,ALTERNATE_PAYMENT,0.72390497,4944.336078161002
E00562,6290.4,CHECKOUT_ABANDONED,Bank_A,E42,P005,NETBANKING,ALTERNATE_PAYMENT,0.78572255,4942.50915198326
E02860,6461.49,SUBSCRIPTION_FAILED,Bank_D,E42,P011,UPI,ALTERNATE_PAYMENT,0.7645042,4939.836206166744
E02793,8510.28,PAYMENT_FAILED,Bank_B,E42,P007,UPI,ALTERNATE_PAYMENT,0.57973015,4933.665927186013
E02549,9281.04,PAYMENT_FAILED,Bank_C,E42,P008,CARD,ALTERNATE_PAYMENT,0.5314295,4932.218717594147
E01700,9352.45,INVOICE_OVERDUE,Bank_D,E23,P014,CARD,ALTERNATE_PAYMENT,0.52668893,4925.831914919615
E01868,9318.17,SUBSCRIPTION_FAILED,Bank_D,E11,P006,WALLET,ALTERNATE_PAYMENT,0.5281279,4921.185635073185
E00757,7438.63,SUBSCRIPTION_FAILED,Bank_B,E11,P005,UPI,ALTERNATE_PAYMENT,0.66035676,4912.149605824948
E00766,7840.77,PAYMENT_FAILED,Bank_B,E17,P012,UPI,RETRY_PAYMENT,0.62517995,4901.892168511748
E02308,7660.35,PAYMENT_FAILED,Bank_D,E17,P015,WALLET,RETRY_PAYMENT,0.63950425,4898.8264110893015
E00386,6616.24,PAYMENT_FAILED,Bank_A,E42,P019,NETBANKING,ALTERNATE_PAYMENT,0.7396705,4893.837648563385
E02366,9416.22,INVOICE_OVERDUE,Bank_C,E23,P003,UPI,SEND_REMINDER,0.5195858,4892.534091035127
E02697,9220.6,INVOICE_OVERDUE,Bank_B,E23,P006,UPI,SEND_REMINDER,0.5300289,4887.184287631512
E02695,6431.86,PAYMENT_FAILED,Bank_A,E42,P013,NETBANKING,ALTERNATE_PAYMENT,0.759048,4882.090373296737
E04263,7583.13,INVOICE_OVERDUE,Bank_D,E42,P013,NETBANKING,ALTERNATE_PAYMENT,0.6429523,4875.591048806906
E03920,8940.84,CHECKOUT_ABANDONED,Bank_D,E11,P012,UPI,SEND_REMINDER,0.54461354,4869.302524516583
E03499,6725.54,PAYMENT_FAILED,Bank_A,E42,P006,NETBANKING,ALTERNATE_PAYMENT,0.723525,4866.096245759725
E00398,8564.24,CHECKOUT_ABANDONED,Bank_B,E11,P019,WALLET,SEND_REMINDER,0.5679938,4864.4353905439375
E03423,5378.93,SUBSCRIPTION_FAILED,Bank_A,E42,P017,CARD,ALTERNATE_PAYMENT,0.90375483,4861.233969670534
E03772,6324.66,INVOICE_OVERDUE,Bank_A,E42,P001,NETBANKING,ALTERNATE_PAYMENT,0.76850134,4860.509693537951
E01867,7586.66,SUBSCRIPTION_FAILED,Bank_B,E11,P018,NETBANKING,ALTERNATE_PAYMENT,0.6403233,4857.915025217533
E03394,7837.22,SUBSCRIPTION_FAILED,Bank_B,E17,P004,CARD,ALTERNATE_PAYMENT,0.6198057,4857.553578202725
E01203,8268.09,CHECKOUT_ABANDONED,Bank_B,E42,P003,UPI,ALTERNATE_PAYMENT,0.58747697,4857.312450678349
E00128,6372.48,CHECKOUT_ABANDONED,Bank_A,E42,P008,CARD,ALTERNATE_PAYMENT,0.7615444,4852.92649898529
E00990,6410.99,INVOICE_OVERDUE,Bank_A,E42,P002,CARD,ALTERNATE_PAYMENT,0.7566952,4851.165430343747
E03277,8511.24,CHECKOUT_ABANDONED,Bank_A,E23,P005,UPI,SEND_REMINDER,0.5692766,4845.249524488449
E01094,8986.78,INVOICE_OVERDUE,Bank_B,E17,P011,CARD,SEND_REMINDER,0.5391015,4844.786411354542
E00061,7910.64,SUBSCRIPTION_FAILED,Bank_C,E23,P012,CARD,ALTERNATE_PAYMENT,0.61242133,4844.644699931145
E01400,8356.58,INVOICE_OVERDUE,Bank_C,E42,P010,WALLET,ALTERNATE_PAYMENT,0.57945615,4842.271678410769
E01179,9362.85,INVOICE_OVERDUE,Bank_D,E11,P015,CARD,SEND_REMINDER,0.5168401,4839.096332985163
E04788,6458.76,SUBSCRIPTION_FAILED,Bank_C,E42,P003,NETBANKING,ALTERNATE_PAYMENT,0.74713063,4825.537443323135
E01312,8576.73,CHECKOUT_ABANDONED,Bank_A,E17,P007,CARD,SEND_REMINDER,0.5625147,4824.5368945974105
E02659,8359.03,CHECKOUT_ABANDONED,Bank_C,E42,P006,CARD,SEND_REMINDER,0.57683545,4821.784860956073
E03976,6351.22,CHECKOUT_ABANDONED,Bank_A,E42,P010,UPI,ALTERNATE_PAYMENT,0.75914776,4821.514456923008
E02459,7993.22,PAYMENT_FAILED,Bank_C,E23,P013,WALLET,RETRY_PAYMENT,0.60307276,4820.493266584874
E03407,8646.42,CHECKOUT_ABANDONED,Bank_B,E11,P006,UPI,SEND_REMINDER,0.55735517,4819.126849923134
E02759,8473.38,CHECKOUT_ABANDONED,Bank_B,E23,P009,WALLET,SEND_REMINDER,0.5683028,4815.445665825605
E04042,6296.64,PAYMENT_FAILED,Bank_A,E42,P020,WALLET,ALTERNATE_PAYMENT,0.76351416,4807.573807411194
E02986,8281.56,PAYMENT_FAILED,Bank_A,E17,P013,NETBANKING,RETRY_PAYMENT,0.58050114,4807.455014054775
E01762,8426.86,CHECKOUT_ABANDONED,Bank_A,E23,P005,WALLET,SEND_REMINDER,0.57025623,4805.469441432953
E01133,8477.62,INVOICE_OVERDUE,Bank_A,E23,P020,NETBANKING,ALTERNATE_PAYMENT,0.5663193,4801.039712358714
E02124,9917.31,INVOICE_OVERDUE,Bank_D,E11,P019,CARD,SEND_REMINDER,0.4840755,4800.726664608121
E00385,7890.22,SUBSCRIPTION_FAILED,Bank_B,E23,P001,CARD,ALTERNATE_PAYMENT,0.60758495,4793.97895029068
E01883,8516.33,CHECKOUT_ABANDONED,Bank_D,E23,P015,UPI,SEND_REMINDER,0.5626496,4791.709733189345
E00884,7993.94,SUBSCRIPTION_FAILED,Bank_D,E17,P014,WALLET,ALTERNATE_PAYMENT,0.5993518,4791.182514590025
E00823,8914.52,INVOICE_OVERDUE,Bank_A,E17,P018,CARD,SEND_REMINDER,0.5374078,4790.732719042301
E04552,8145.02,PAYMENT_FAILED,Bank_D,E42,P017,CARD,ALTERNATE_PAYMENT,0.58791214,4788.556157087088
E01596,8696.5,CHECKOUT_ABANDONED,Bank_D,E23,P005,WALLET,SEND_REMINDER,0.55059105,4788.215080052614
E04993,8859.92,CHECKOUT_ABANDONED,Bank_C,E17,P013,CARD,SEND_REMINDER,0.5388041,4773.761344513893
E04526,8406.29,INVOICE_OVERDUE,Bank_A,E23,P020,NETBANKING,ALTERNATE_PAYMENT,0.5663193,4760.644157629609
E04039,8042.52,PAYMENT_FAILED,Bank_B,E17,P016,WALLET,RETRY_PAYMENT,0.5917519,4759.176277606488
E02602,8066.65,PAYMENT_FAILED,Bank_D,E23,P001,WALLET,RETRY_PAYMENT,0.5897171,4757.041365095973
E00363,8890.53,INVOICE_OVERDUE,Bank_C,E42,P014,WALLET,ALTERNATE_PAYMENT,0.5345463,4752.400055853725
E04354,6089.88,CHECKOUT_ABANDONED,Bank_A,E42,P008,NETBANKING,ALTERNATE_PAYMENT,0.7799152,4749.59006090641
E04080,6089.13,CHECKOUT_ABANDONED,Bank_A,E42,P008,UPI,ALTERNATE_PAYMENT,0.77902424,4743.579890938998
E03041,8024.62,INVOICE_OVERDUE,Bank_B,E17,P017,CARD,SEND_REMINDER,0.59101826,4742.696945751905
E01880,8387.49,INVOICE_OVERDUE,Bank_B,E42,P014,NETBANKING,ALTERNATE_PAYMENT,0.5650126,4739.037315942049
E02866,7534.99,SUBSCRIPTION_FAILED,Bank_C,E23,P012,NETBANKING,ALTERNATE_PAYMENT,0.62844825,4735.3512635159495
E04890,8321.57,SUBSCRIPTION_FAILED,Bank_D,E11,P006,NETBANKING,ALTERNATE_PAYMENT,0.5684975,4730.791566005349
E00919,7630.96,CHECKOUT_ABANDONED,Bank_A,E11,P018,NETBANKING,SEND_REMINDER,0.6196176,4728.276978712082
E03031,8909.83,INVOICE_OVERDUE,Bank_D,E42,P016,UPI,ALTERNATE_PAYMENT,0.5306128,4727.670078574419
E04160,7905.63,CHECKOUT_ABANDONED,Bank_C,E17,P009,NETBANKING,SEND_REMINDER,0.59794784,4727.154350101948
E04975,6064.39,CHECKOUT_ABANDONED,Bank_A,E42,P019,CARD,ALTERNATE_PAYMENT,0.7780278,4718.263845717907
E00090,8849.47,PAYMENT_FAILED,Bank_C,E42,P017,CARD,ALTERNATE_PAYMENT,0.5324728,4712.101974616647
E04764,5256.43,SUBSCRIPTION_FAILED,Bank_A,E42,P001,UPI,ALTERNATE_PAYMENT,0.8953832,4706.519004577995
E00827,7844.31,CHECKOUT_ABANDONED,Bank_D,E42,P010,UPI,ALTERNATE_PAYMENT,0.5995153,4702.784010969401
E03028,7790.91,PAYMENT_FAILED,Bank_D,E17,P008,NETBANKING,RETRY_PAYMENT,0.60280603,4696.407540462613
E02125,8311.31,INVOICE_OVERDUE,Bank_A,E17,P007,NETBANKING,SEND_REMINDER,0.56498015,4695.725164421797
E02580,7314.97,PAYMENT_FAILED,Bank_D,E11,P018,CARD,RETRY_PAYMENT,0.64188313,4695.355874874592
E04536,7496.32,PAYMENT_FAILED,Bank_D,E17,P020,WALLET,RETRY_PAYMENT,0.6261564,4693.8686673355105
E00561,7559.69,SUBSCRIPTION_FAILED,Bank_D,E11,P020,NETBANKING,ALTERNATE_PAYMENT,0.62028253,4689.1436451470845
E03159,7619.34,INVOICE_OVERDUE,Bank_A,E11,P002,UPI,SEND_REMINDER,0.61540586,4688.986466764211
E02431,8090.04,PAYMENT_FAILED,Bank_A,E17,P010,NETBANKING,RETRY_PAYMENT,0.5795451,4688.542884356975
E00956,7490.34,SUBSCRIPTION_FAILED,Bank_C,E11,P012,NETBANKING,ALTERNATE_PAYMENT,0.6253551,4684.122503049373
E01689,8815.33,INVOICE_OVERDUE,Bank_C,E23,P020,WALLET,SEND_REMINDER,0.53002983,4672.387890532613
E04589,6161.05,INVOICE_OVERDUE,Bank_A,E42,P003,UPI,ALTERNATE_PAYMENT,0.7581044,4670.719014707208
E01614,8791.38,CHECKOUT_ABANDONED,Bank_C,E17,P006,CARD,SEND_REMINDER,0.5311353,4669.412435374259
E01564,8363.52,CHECKOUT_ABANDONED,Bank_A,E11,P013,WALLET,SEND_REMINDER,0.55778915,4665.080685882569
E04670,7152.68,PAYMENT_FAILED,Bank_B,E17,P015,NETBANKING,RETRY_PAYMENT,0.6513518,4658.911060786248
E03146,7289.01,PAYMENT_FAILED,Bank_B,E23,P002,CARD,RETRY_PAYMENT,0.63894004,4657.240313968063
E00044,5146.67,SUBSCRIPTION_FAILED,Bank_A,E42,P017,UPI,ALTERNATE_PAYMENT,0.9037582,4651.345358400941
E04475,8444.15,INVOICE_OVERDUE,Bank_D,E23,P020,UPI,SEND_REMINDER,0.5497808,4642.431424418091
E03612,7010.09,SUBSCRIPTION_FAILED,Bank_D,E11,P017,NETBANKING,ALTERNATE_PAYMENT,0.6618396,4639.555192252397
E01424,7464.47,SUBSCRIPTION_FAILED,Bank_D,E17,P018,WALLET,ALTERNATE_PAYMENT,0.6215328,4639.412923294306
E03182,5227.05,SUBSCRIPTION_FAILED,Bank_A,E42,P006,UPI,ALTERNATE_PAYMENT,0.88731647,4638.047530353069
E02842,8409.21,PAYMENT_FAILED,Bank_A,E23,P001,WALLET,RETRY_PAYMENT,0.55108905,4634.22353657484
E01623,6401.17,CHECKOUT_ABANDONED,Bank_A,E42,P016,UPI,ALTERNATE_PAYMENT,0.723837,4633.403804594278
E03033,8837.04,INVOICE_OVERDUE,Bank_B,E17,P008,NETBANKING,SEND_REMINDER,0.52428806,4633.154542551041
E03999,8128.73,INVOICE_OVERDUE,Bank_C,E42,P001,UPI,ALTERNATE_PAYMENT,0.5698048,4631.789271398782
E04947,7728.15,CHECKOUT_ABANDONED,Bank_D,E11,P004,NETBANKING,SEND_REMINDER,0.5992958,4631.447797849774
E02664,7353.7,SUBSCRIPTION_FAILED,Bank_D,E23,P012,UPI,ALTERNATE_PAYMENT,0.62965864,4630.320736783743
E01884,7768.68,PAYMENT_FAILED,Bank_B,E23,P013,UPI,RETRY_PAYMENT,0.5950886,4623.052913689614
E02229,6985.83,SUBSCRIPTION_FAILED,Bank_B,E23,P011,CARD,ALTERNATE_PAYMENT,0.66107833,4618.180856992006
E03246,7433.12,PAYMENT_FAILED,Bank_B,E23,P016,NETBANKING,RETRY_PAYMENT,0.6209245,4615.406117324829
E03264,7822.6,PAYMENT_FAILED,Bank_B,E42,P009,NETBANKING,ALTERNATE_PAYMENT,0.5897322,4613.239340126514
E01005,7455.69,CHECKOUT_ABANDONED,Bank_B,E42,P011,CARD,SEND_REMINDER,0.61854464,4611.67707325995
E00129,7603.34,SUBSCRIPTION_FAILED,Bank_C,E11,P016,CARD,ALTERNATE_PAYMENT,0.6064946,4611.38469409585
E00540,7564.16,PAYMENT_FAILED,Bank_A,E11,P004,UPI,RETRY_PAYMENT,0.60944545,4609.942915420532
E03355,7211.33,SUBSCRIPTION_FAILED,Bank_D,E23,P010,CARD,ALTERNATE_PAYMENT,0.63920665,4609.530076005459
E02560,7725.11,CHECKOUT_ABANDONED,Bank_C,E42,P009,UPI,ALTERNATE_PAYMENT,0.59645903,4607.711625779867
E00638,6639.32,SUBSCRIPTION_FAILED,Bank_A,E11,P018,NETBANKING,ALTERNATE_PAYMENT,0.6925805,4598.263705394268
E00946,7210.84,SUBSCRIPTION_FAILED,Bank_C,E17,P003,WALLET,ALTERNATE_PAYMENT,0.6376053,4597.669869856834
E03151,7974.38,CHECKOUT_ABANDONED,Bank_C,E23,P007,CARD,SEND_REMINDER,0.57553303,4589.519103047848
E02219,5957.31,PAYMENT_FAILED,Bank_A,E42,P007,UPI,ALTERNATE_PAYMENT,0.76970875,4585.393649142981
E04882,5877.07,SUBSCRIPTION_FAILED,Bank_D,E42,P009,NETBANKING,ALTERNATE_PAYMENT,0.77888495,4577.56135722816
E02937,7813.28,CHECKOUT_ABANDONED,Bank_C,E17,P003,WALLET,SEND_REMINDER,0.5857616,4576.719446344376
E03619,7546.79,PAYMENT_FAILED,Bank_C,E42,P013,NETBANKING,ALTERNATE_PAYMENT,0.60551333,4569.681975967884
E01251,7647.44,CHECKOUT_ABANDONED,Bank_A,E11,P018,WALLET,SEND_REMINDER,0.59690577,4564.8010458040235
E01118,7220.06,SUBSCRIPTION_FAILED,Bank_C,E11,P010,NETBANKING,ALTERNATE_PAYMENT,0.631957,4562.767417951823
E01575,7103.56,PAYMENT_FAILED,Bank_B,E11,P001,UPI,RETRY_PAYMENT,0.6421403,4561.482354648114
E02134,8344.57,CHECKOUT_ABANDONED,Bank_D,E17,P008,UPI,SEND_REMINDER,0.5465869,4561.032407368421
E00863,7969.14,PAYMENT_FAILED,Bank_D,E42,P014,NETBANKING,ALTERNATE_PAYMENT,0.570788,4548.689688370228
E01361,5851.96,SUBSCRIPTION_FAILED,Bank_D,E42,P004,WALLET,ALTERNATE_PAYMENT,0.77706903,4547.376893627644
E04725,9162.04,INVOICE_OVERDUE,Bank_D,E17,P016,WALLET,SEND_REMINDER,0.4963092,4547.204660204649
E03824,7824.89,INVOICE_OVERDUE,Bank_D,E42,P014,CARD,ALTERNATE_PAYMENT,0.5809798,4546.103215537071
E04980,7579.75,CHECKOUT_ABANDONED,Bank_B,E23,P002,WALLET,SEND_REMINDER,0.59868705,4537.89818790555
E04695,6454.6,SUBSCRIPTION_FAILED,Bank_B,E23,P017,NETBANKING,ALTERNATE_PAYMENT,0.70194155,4530.7519271969795
E01476,6408.02,SUBSCRIPTION_FAILED,Bank_B,E42,P016,UPI,ALTERNATE_PAYMENT,0.7067203,4528.677769182921
E01617,7837.89,SUBSCRIPTION_FAILED,Bank_B,E23,P006,CARD,ALTERNATE_PAYMENT,0.577367,4525.339096235633
E04050,8729.15,INVOICE_OVERDUE,Bank_D,E17,P008,WALLET,SEND_REMINDER,0.5182429,4523.819972154498
E04344,8533.59,INVOICE_OVERDUE,Bank_C,E23,P001,UPI,SEND_REMINDER,0.5298404,4521.440822287202
E00719,8078.39,INVOICE_OVERDUE,Bank_C,E11,P020,UPI,SEND_REMINDER,0.5582326,4509.620697600246
E02771,6986.52,SUBSCRIPTION_FAILED,Bank_A,E11,P016,NETBANKING,ALTERNATE_PAYMENT,0.6444487,4502.4537145257
E00342,7053.11,SUBSCRIPTION_FAILED,Bank_B,E11,P012,NETBANKING,ALTERNATE_PAYMENT,0.63793164,4499.402064077258
E01056,7345.06,INVOICE_OVERDUE,Bank_B,E23,P017,WALLET,SEND_REMINDER,0.6125739,4499.39220917821
E04759,8958.21,INVOICE_OVERDUE,Bank_C,E11,P006,UPI,SEND_REMINDER,0.50109667,4488.929163066744
E03114,6888.44,SUBSCRIPTION_FAILED,Bank_A,E11,P017,WALLET,ALTERNATE_PAYMENT,0.65036744,4480.017080080509
E03996,8113.89,CHECKOUT_ABANDONED,Bank_B,E17,P006,CARD,SEND_REMINDER,0.5519877,4478.767540939451
E03099,7826.2,INVOICE_OVERDUE,Bank_C,E11,P005,CARD,SEND_REMINDER,0.5711113,4469.631423926353
E04151,7623.75,INVOICE_OVERDUE,Bank_B,E42,P015,UPI,ALTERNATE_PAYMENT,0.58602625,4467.717633470893
E01027,7378.62,PAYMENT_FAILED,Bank_D,E17,P009,NETBANKING,RETRY_PAYMENT,0.604785,4462.478882049322
E03911,5090.91,SUBSCRIPTION_FAILED,Bank_A,E42,P013,NETBANKING,ALTERNATE_PAYMENT,0.87622654,4460.790477050543
E01196,7590.1,INVOICE_OVERDUE,Bank_C,E42,P018,NETBANKING,ALTERNATE_PAYMENT,0.5877035,4460.728532844782
E02847,5885.47,INVOICE_OVERDUE,Bank_A,E42,P007,CARD,ALTERNATE_PAYMENT,0.7574765,4458.105267172456
E03588,6846.06,PAYMENT_FAILED,Bank_B,E17,P011,NETBANKING,RETRY_PAYMENT,0.65074784,4455.058727635145
E01852,8501.0,INVOICE_OVERDUE,Bank_D,E11,P016,NETBANKING,SEND_REMINDER,0.52398944,4454.434221029282
E04796,6733.86,PAYMENT_FAILED,Bank_C,E23,P005,CARD,RETRY_PAYMENT,0.6598518,4443.349571070671
E03476,6987.72,SUBSCRIPTION_FAILED,Bank_D,E11,P015,UPI,ALTERNATE_PAYMENT,0.6350653,4437.658617982865
E03751,6059.85,SUBSCRIPTION_FAILED,Bank_B,E42,P020,NETBANKING,ALTERNATE_PAYMENT,0.73176867,4434.408360949159
E04028,8194.79,INVOICE_OVERDUE,Bank_C,E17,P014,NETBANKING,SEND_REMINDER,0.5403072,4427.704234498144
E00556,7774.98,CHECKOUT_ABANDONED,Bank_C,E17,P008,UPI,SEND_REMINDER,0.56936735,4426.819752277135
E04693,7797.84,PAYMENT_FAILED,Bank_C,E42,P019,UPI,ALTERNATE_PAYMENT,0.56745714,4424.939980616569
E01653,7123.1,SUBSCRIPTION_FAILED,Bank_B,E23,P001,WALLET,ALTERNATE_PAYMENT,0.6205818,4420.466260224581
E00794,8286.26,INVOICE_OVERDUE,Bank_C,E11,P011,CARD,SEND_REMINDER,0.53326416,4418.765479736328
E02561,5727.7,CHECKOUT_ABANDONED,Bank_A,E42,P003,WALLET,ALTERNATE_PAYMENT,0.77118826,4417.134991788864
E01569,6044.24,PAYMENT_FAILED,Bank_A,E42,P018,UPI,ALTERNATE_PAYMENT,0.73048395,4415.220305018425
E01248,5688.18,CHECKOUT_ABANDONED,Bank_A,E42,P005,CARD,ALTERNATE_PAYMENT,0.7761769,4415.034086694717
E03127,7105.93,PAYMENT_FAILED,Bank_D,E11,P001,NETBANKING,RETRY_PAYMENT,0.6209267,4412.261510284543
E01910,7219.81,PAYMENT_FAILED,Bank_A,E17,P008,WALLET,RETRY_PAYMENT,0.61087674,4410.413989180923
E02289,8375.62,INVOICE_OVERDUE,Bank_B,E17,P001,WALLET,SEND_REMINDER,0.52638686,4408.816287500858
E01121,8393.3,INVOICE_OVERDUE,Bank_A,E11,P001,UPI,SEND_REMINDER,0.524838,4405.122539758682
E02265,7900.28,CHECKOUT_ABANDONED,Bank_C,E23,P006,CARD,SEND_REMINDER,0.5574833,4404.274287524223
E01492,6823.87,SUBSCRIPTION_FAILED,Bank_D,E11,P015,UPI,ALTERNATE_PAYMENT,0.64525205,4403.116099399924
E01780,7334.16,SUBSCRIPTION_FAILED,Bank_B,E23,P014,WALLET,ALTERNATE_PAYMENT,0.6002352,4402.221168766022
E02489,6454.22,PAYMENT_FAILED,Bank_C,E17,P005,NETBANKING,RETRY_PAYMENT,0.6817254,4400.005600206852
E03539,6403.89,SUBSCRIPTION_FAILED,Bank_A,E11,P001,UPI,ALTERNATE_PAYMENT,0.68667746,4397.406893076897
E02900,7387.11,CHECKOUT_ABANDONED,Bank_B,E11,P007,WALLET,SEND_REMINDER,0.5946572,4392.798020846843
E02827,7052.4,INVOICE_OVERDUE,Bank_D,E42,P001,NETBANKING,ALTERNATE_PAYMENT,0.6227046,4391.562098264694
E02137,7041.96,CHECKOUT_ABANDONED,Bank_C,E42,P011,UPI,SEND_REMINDER,0.6229866,4387.04682128191
E04012,7420.65,PAYMENT_FAILED,Bank_B,E23,P008,NETBANKING,RETRY_PAYMENT,0.59084606,4384.461827802658
E04112,5814.49,INVOICE_OVERDUE,Bank_A,E42,P019,NETBANKING,ALTERNATE_PAYMENT,0.75373966,4382.611686704755
E02668,6703.48,PAYMENT_FAILED,Bank_D,E11,P005,WALLET,RETRY_PAYMENT,0.65346014,4380.457012782096
E01703,7218.16,PAYMENT_FAILED,Bank_B,E42,P017,CARD,ALTERNATE_PAYMENT,0.606456,4377.496309094429
E03524,7019.46,PAYMENT_FAILED,Bank_C,E11,P002,WALLET,RETRY_PAYMENT,0.6236199,4377.475041911602
E03842,6616.79,SUBSCRIPTION_FAILED,Bank_A,E17,P018,WALLET,ALTERNATE_PAYMENT,0.6591648,4361.554966598749
E02738,7106.16,PAYMENT_FAILED,Bank_D,E23,P009,WALLET,RETRY_PAYMENT,0.61347526,4359.453375763893
E00334,7337.75,CHECKOUT_ABANDONED,Bank_C,E23,P020,NETBANKING,SEND_REMINDER,0.5939192,4358.030738845468
E00898,8444.66,INVOICE_OVERDUE,Bank_D,E17,P012,UPI,SEND_REMINDER,0.5158174,4355.902597117424
E01609,8567.9,INVOICE_OVERDUE,Bank_B,E17,P014,CARD,ALTERNATE_PAYMENT,0.50823766,4354.5294465243815
E03196,5733.0,PAYMENT_FAILED,Bank_A,E42,P003,CARD,ALTERNATE_PAYMENT,0.7594706,4354.044846653938
E00084,7620.75,INVOICE_OVERDUE,Bank_D,E17,P002,UPI,SEND_REMINDER,0.57092184,4350.852599099278
E02907,7149.21,PAYMENT_FAILED,Bank_D,E42,P010,NETBANKING,ALTERNATE_PAYMENT,0.60818315,4348.029025804996
E00080,7245.85,SUBSCRIPTION_FAILED,Bank_B,E23,P008,WALLET,ALTERNATE_PAYMENT,0.5998209,4346.212354376912
E04576,6646.52,SUBSCRIPTION_FAILED,Bank_C,E23,P011,WALLET,ALTERNATE_PAYMENT,0.653754,4345.189008798599
E02142,7896.4,INVOICE_OVERDUE,Bank_A,E17,P016,CARD,SEND_REMINDER,0.550032,4343.272839689254
E01014,5704.44,CHECKOUT_ABANDONED,Bank_A,E42,P008,UPI,ALTERNATE_PAYMENT,0.76085824,4340.270165712833
E02807,8554.2,INVOICE_OVERDUE,Bank_D,E23,P018,WALLET,SEND_REMINDER,0.5073651,4340.102602887154
E02025,5760.9,INVOICE_OVERDUE,Bank_A,E42,P008,UPI,ALTERNATE_PAYMENT,0.7532321,4339.294928562641
E03427,6389.05,PAYMENT_FAILED,Bank_B,E17,P017,WALLET,RETRY_PAYMENT,0.67888707,4337.443429633975
E04825,7094.76,CHECKOUT_ABANDONED,Bank_B,E42,P002,UPI,ALTERNATE_PAYMENT,0.61105776,4335.308141498565
E00927,5701.9,SUBSCRIPTION_FAILED,Bank_D,E42,P019,WALLET,ALTERNATE_PAYMENT,0.7602536,4334.890048748254
E02221,6186.52,SUBSCRIPTION_FAILED,Bank_A,E11,P001,UPI,ALTERNATE_PAYMENT,0.7004565,4333.3881467103965
E02176,4763.9,SUBSCRIPTION_FAILED,Bank_A,E42,P017,NETBANKING,ALTERNATE_PAYMENT,0.90957695,4333.133643811941
E04177,7660.36,CHECKOUT_ABANDONED,Bank_D,E11,P003,UPI,SEND_REMINDER,0.5655072,4331.988531885147
E00524,7632.19,CHECKOUT_ABANDONED,Bank_C,E11,P017,CARD,SEND_REMINDER,0.56683385,4326.183670035601
E04678,6423.37,SUBSCRIPTION_FAILED,Bank_B,E23,P010,NETBANKING,ALTERNATE_PAYMENT,0.672766,4321.424750196934
E02230,7461.35,INVOICE_OVERDUE,Bank_B,E42,P003,CARD,ALTERNATE_PAYMENT,0.578801,4318.636664339901
E03665,4768.61,SUBSCRIPTION_FAILED,Bank_A,E42,P004,NETBANKING,ALTERNATE_PAYMENT,0.9034499,4308.200194247961
E03175,7099.02,SUBSCRIPTION_FAILED,Bank_B,E23,P016,UPI,ALTERNATE_PAYMENT,0.6063553,4304.5284691500665
E03603,6941.23,PAYMENT_FAILED,Bank_B,E23,P015,WALLET,RETRY_PAYMENT,0.61914873,4297.653747687339
E01785,6962.61,INVOICE_OVERDUE,Bank_D,E42,P019,NETBANKING,ALTERNATE_PAYMENT,0.61710453,4296.6581739521025
E02638,6333.47,PAYMENT_FAILED,Bank_C,E11,P005,UPI,RETRY_PAYMENT,0.6770624,4288.154349347353
E04936,7513.88,CHECKOUT_ABANDONED,Bank_D,E23,P003,UPI,SEND_REMINDER,0.57031256,4285.2601353621485
E03224,6736.33,PAYMENT_FAILED,Bank_B,E17,P018,WALLET,RETRY_PAYMENT,0.6340409,4271.108682842851
E03781,8022.41,INVOICE_OVERDUE,Bank_B,E11,P012,CARD,SEND_REMINDER,0.53234726,4270.707997384668
E01244,7103.71,CHECKOUT_ABANDONED,Bank_B,E17,P003,UPI,SEND_REMINDER,0.6010543,4269.7155181634425
E00054,8238.59,INVOICE_OVERDUE,Bank_D,E17,P020,CARD,SEND_REMINDER,0.5180597,4268.0812242871525
E02043,5655.66,INVOICE_OVERDUE,Bank_A,E42,P004,NETBANKING,ALTERNATE_PAYMENT,0.7545987,4267.753554457426
E04326,7875.91,CHECKOUT_ABANDONED,Bank_D,E17,P019,NETBANKING,SEND_REMINDER,0.54128647,4263.123510169983
E02473,5650.27,SUBSCRIPTION_FAILED,Bank_C,E42,P012,CARD,ALTERNATE_PAYMENT,0.75445384,4262.867886510492
E02235,7313.21,CHECKOUT_ABANDONED,Bank_B,E23,P006,WALLET,SEND_REMINDER,0.5827154,4261.520032752753
E01280,7189.78,SUBSCRIPTION_FAILED,Bank_D,E11,P020,WALLET,ALTERNATE_PAYMENT,0.5922517,4258.159557360411
E01546,7479.15,CHECKOUT_ABANDONED,Bank_A,E17,P012,CARD,SEND_REMINDER,0.5692142,4257.2385695278645
E00458,7821.13,INVOICE_OVERDUE,Bank_C,E17,P015,UPI,SEND_REMINDER,0.5438275,4253.345372642875
E04791,8097.68,INVOICE_OVERDUE,Bank_A,E23,P017,CARD,SEND_REMINDER,0.52401143,4243.276901783944
E04781,7130.55,SUBSCRIPTION_FAILED,Bank_C,E17,P019,CARD,ALTERNATE_PAYMENT,0.5945805,4239.685781165957
E00800,7160.7,SUBSCRIPTION_FAILED,Bank_A,E11,P006,CARD,ALTERNATE_PAYMENT,0.59108615,4232.59058868885
E04873,7965.31,PAYMENT_FAILED,Bank_C,E42,P016,NETBANKING,ALTERNATE_PAYMENT,0.5310187,4229.728357174993
E01734,5472.17,CHECKOUT_ABANDONED,Bank_A,E42,P007,NETBANKING,ALTERNATE_PAYMENT,0.77235365,4226.450468211174
E02005,6843.15,CHECKOUT_ABANDONED,Bank_B,E42,P011,UPI,SEND_REMINDER,0.61706585,4222.67415035069
E01428,6691.72,SUBSCRIPTION_FAILED,Bank_B,E17,P012,NETBANKING,ALTERNATE_PAYMENT,0.63071996,4220.601368963718
E03890,6433.82,CHECKOUT_ABANDONED,Bank_B,E23,P015,NETBANKING,SEND_REMINDER,0.6558875,4219.862015850544
E02973,7229.62,CHECKOUT_ABANDONED,Bank_B,E17,P009,WALLET,SEND_REMINDER,0.58342135,4217.914656956195
E03344,6810.5,SUBSCRIPTION_FAILED,Bank_B,E23,P020,NETBANKING,ALTERNATE_PAYMENT,0.6192014,4217.071282744408
E00298,7492.87,CHECKOUT_ABANDONED,Bank_A,E17,P010,UPI,SEND_REMINDER,0.5622992,4213.234746399522
E01682,5574.31,INVOICE_OVERDUE,Bank_A,E42,P012,NETBANKING,ALTERNATE_PAYMENT,0.755174,4209.573875085712
E00480,6973.38,CHECKOUT_ABANDONED,Bank_B,E42,P010,UPI,ALTERNATE_PAYMENT,0.60318273,4206.222407058477
E02678,6482.01,PAYMENT_FAILED,Bank_C,E23,P015,UPI,RETRY_PAYMENT,0.6478338,4199.265326528549
E00243,7012.62,PAYMENT_FAILED,Bank_D,E42,P019,UPI,ALTERNATE_PAYMENT,0.5980508,4193.902812763453
E04864,6415.47,PAYMENT_FAILED,Bank_C,E23,P015,WALLET,RETRY_PAYMENT,0.6535905,4193.090247310996
E03284,7912.31,SUBSCRIPTION_FAILED,Bank_B,E17,P006,WALLET,ALTERNATE_PAYMENT,0.5298824,4192.593586254716
E02651,6658.05,INVOICE_OVERDUE,Bank_B,E42,P013,CARD,ALTERNATE_PAYMENT,0.62815714,4182.301638150216
E04792,5477.61,SUBSCRIPTION_FAILED,Bank_D,E42,P004,WALLET,ALTERNATE_PAYMENT,0.7629248,4179.004461046457
E00873,5480.4,CHECKOUT_ABANDONED,Bank_A,E42,P009,WALLET,ALTERNATE_PAYMENT,0.7621652,4176.970100641251
E01534,5597.69,INVOICE_OVERDUE,Bank_A,E42,P011,WALLET,ALTERNATE_PAYMENT,0.7459921,4175.832653045058
E01230,7355.21,CHECKOUT_ABANDONED,Bank_A,E23,P012,WALLET,SEND_REMINDER,0.5671162,4171.258752197623
E03295,5670.55,INVOICE_OVERDUE,Bank_A,E42,P008,WALLET,ALTERNATE_PAYMENT,0.73546284,4170.478832152486
E03260,5584.6,INVOICE_OVERDUE,Bank_A,E42,P002,CARD,ALTERNATE_PAYMENT,0.74654514,4169.155966365338
E00280,6201.32,CHECKOUT_ABANDONED,Bank_B,E17,P017,NETBANKING,SEND_REMINDER,0.6720867,4167.824791793823
E02787,8216.27,INVOICE_OVERDUE,Bank_D,E23,P007,WALLET,SEND_REMINDER,0.50683546,4164.296990380288
E00310,6542.24,PAYMENT_FAILED,Bank_B,E11,P020,NETBANKING,RETRY_PAYMENT,0.63616174,4161.922811956406
E03422,6511.82,SUBSCRIPTION_FAILED,Bank_C,E11,P008,NETBANKING,ALTERNATE_PAYMENT,0.6388917,4160.347729902267
E04088,5654.16,PAYMENT_FAILED,Bank_A,E42,P002,UPI,ALTERNATE_PAYMENT,0.7350162,4155.899348745346
E00443,6949.75,CHECKOUT_ABANDONED,Bank_B,E17,P002,WALLET,SEND_REMINDER,0.59774256,4154.16133916378
E02201,7385.45,CHECKOUT_ABANDONED,Bank_A,E17,P010,UPI,SEND_REMINDER,0.5622992,4152.832567200065
E04274,7460.58,CHECKOUT_ABANDONED,Bank_A,E17,P006,WALLET,SEND_REMINDER,0.55659324,4152.508389312029
E02131,7164.86,PAYMENT_FAILED,Bank_B,E42,P008,UPI,ALTERNATE_PAYMENT,0.5793093,4150.669921482801
E04800,7085.22,CHECKOUT_ABANDONED,Bank_B,E17,P013,UPI,SEND_REMINDER,0.58469844,4142.717071452141
E02911,6458.6,PAYMENT_FAILED,Bank_B,E17,P002,UPI,RETRY_PAYMENT,0.6402893,4135.37251586914
E01941,5403.28,CHECKOUT_ABANDONED,Bank_A,E42,P007,UPI,ALTERNATE_PAYMENT,0.76476455,4132.236983394622
E02373,6728.7,SUBSCRIPTION_FAILED,Bank_D,E23,P006,UPI,ALTERNATE_PAYMENT,0.6134046,4127.415343683958
E03255,6909.07,SUBSCRIPTION_FAILED,Bank_D,E11,P013,WALLET,ALTERNATE_PAYMENT,0.5973346,4127.026726057529
E02139,6461.01,SUBSCRIPTION_FAILED,Bank_D,E11,P012,CARD,ALTERNATE_PAYMENT,0.6382235,4123.568602212667
E01967,6002.16,SUBSCRIPTION_FAILED,Bank_A,E11,P005,CARD,ALTERNATE_PAYMENT,0.68693376,4123.086312160492
E01772,7444.94,CHECKOUT_ABANDONED,Bank_D,E23,P012,WALLET,SEND_REMINDER,0.5536833,4122.13880563736
E03022,6364.6,PAYMENT_FAILED,Bank_D,E17,P003,NETBANKING,RETRY_PAYMENT,0.6476245,4121.8708458900455
E03229,6563.73,PAYMENT_FAILED,Bank_B,E11,P016,CARD,RETRY_PAYMENT,0.62697685,4115.30674421668
E04915,6093.34,SUBSCRIPTION_FAILED,Bank_A,E11,P002,CARD,ALTERNATE_PAYMENT,0.67502075,4113.13096323371
E03424,6708.98,PAYMENT_FAILED,Bank_B,E17,P018,UPI,RETRY_PAYMENT,0.61280453,4111.293349440098
E01814,7267.05,CHECKOUT_ABANDONED,Bank_C,E23,P020,UPI,SEND_REMINDER,0.5650665,4106.366628000141
E02051,6365.04,SUBSCRIPTION_FAILED,Bank_A,E17,P012,WALLET,ALTERNATE_PAYMENT,0.6447281,4103.720299286842
E01333,7246.33,CHECKOUT_ABANDONED,Bank_C,E11,P014,NETBANKING,SEND_REMINDER,0.5642729,4088.9075025463103
E02472,8102.72,SUBSCRIPTION_FAILED,Bank_B,E11,P019,WALLET,ALTERNATE_PAYMENT,0.5040777,4084.4002422332765
E02946,6356.66,PAYMENT_FAILED,Bank_D,E23,P004,UPI,RETRY_PAYMENT,0.64204526,4081.263419098854
E03707,5761.13,SUBSCRIPTION_FAILED,Bank_A,E11,P005,UPI,ALTERNATE_PAYMENT,0.7080598,4079.224485001564
E02136,6135.14,PAYMENT_FAILED,Bank_C,E11,P003,NETBANKING,RETRY_PAYMENT,0.66485447,4078.9752341496946
E01648,7919.89,INVOICE_OVERDUE,Bank_D,E11,P010,NETBANKING,SEND_REMINDER,0.51463884,4075.8830116528275
E04330,7094.98,CHECKOUT_ABANDONED,Bank_D,E23,P006,UPI,SEND_REMINDER,0.57421744,4074.061243212223
E02857,6718.77,PAYMENT_FAILED,Bank_A,E17,P015,UPI,RETRY_PAYMENT,0.6061779,4072.770064297915
E02052,6461.94,SUBSCRIPTION_FAILED,Bank_B,E11,P011,WALLET,ALTERNATE_PAYMENT,0.62809116,4058.687367721796
E04445,7001.83,CHECKOUT_ABANDONED,Bank_B,E23,P006,CARD,SEND_REMINDER,0.5791035,4054.7844656318425
E04037,6410.35,SUBSCRIPTION_FAILED,Bank_B,E11,P003,CARD,ALTERNATE_PAYMENT,0.63197464,4051.1786175519233
E03708,7106.69,PAYMENT_FAILED,Bank_C,E42,P006,WALLET,ALTERNATE_PAYMENT,0.5698019,4049.4056538403033
E04454,6648.13,PAYMENT_FAILED,Bank_B,E23,P014,NETBANKING,RETRY_PAYMENT,0.6085865,4045.9621027892827
E00613,5320.64,SUBSCRIPTION_FAILED,Bank_C,E42,P020,WALLET,ALTERNATE_PAYMENT,0.76002634,4043.826522865296
E01536,7727.06,INVOICE_OVERDUE,Bank_A,E23,P014,UPI,SEND_REMINDER,0.5227159,4039.057324473858
E04920,7838.69,INVOICE_OVERDUE,Bank_A,E17,P013,WALLET,SEND_REMINDER,0.51481384,4035.4661025208234
E00727,7818.75,CHECKOUT_ABANDONED,Bank_D,E11,P009,WALLET,SEND_REMINDER,0.5155696,4031.1100233346224
E01508,6576.29,CHECKOUT_ABANDONED,Bank_C,E11,P015,UPI,SEND_REMINDER,0.61211026,4025.414562984705
E01870,5309.67,CHECKOUT_ABANDONED,Bank_A,E42,P017,NETBANKING,ALTERNATE_PAYMENT,0.75789016,4024.1466716104746
E01965,7086.47,CHECKOUT_ABANDONED,Bank_C,E11,P012,UPI,SEND_REMINDER,0.5676179,4022.4071717596057
E00637,7232.95,CHECKOUT_ABANDONED,Bank_C,E11,P009,UPI,SEND_REMINDER,0.5558554,4020.474267762899
E04376,5200.18,SUBSCRIPTION_FAILED,Bank_D,E42,P007,NETBANKING,ALTERNATE_PAYMENT,0.77258104,4017.5604770553114
E03639,6562.09,INVOICE_OVERDUE,Bank_B,E23,P017,CARD,SEND_REMINDER,0.61139023,4011.9977343285086
E00552,6402.53,CHECKOUT_ABANDONED,Bank_C,E42,P010,WALLET,SEND_REMINDER,0.62458324,3998.912959280014
E02087,6724.73,SUBSCRIPTION_FAILED,Bank_A,E11,P006,CARD,ALTERNATE_PAYMENT,0.59385705,3993.5283194565773
E04229,4355.54,SUBSCRIPTION_FAILED,Bank_A,E42,P020,UPI,ALTERNATE_PAYMENT,0.9164337,3991.563602759838
E04579,7640.61,INVOICE_OVERDUE,Bank_B,E11,P014,WALLET,SEND_REMINDER,0.5214408,3984.1258214861155
E03585,6521.83,PAYMENT_FAILED,Bank_B,E42,P017,WALLET,ALTERNATE_PAYMENT,0.6108005,3983.537055466175
E01317,7700.0,INVOICE_OVERDUE,Bank_A,E23,P013,UPI,SEND_REMINDER,0.5171931,3982.3867082595825
E00783,6636.63,CHECKOUT_ABANDONED,Bank_B,E42,P004,CARD,ALTERNATE_PAYMENT,0.59907246,3975.8222360515597
E02118,6395.6,PAYMENT_FAILED,Bank_D,E42,P010,NETBANKING,ALTERNATE_PAYMENT,0.62164557,3975.79640622139
E00716,7510.72,INVOICE_OVERDUE,Bank_D,E17,P011,CARD,SEND_REMINDER,0.5283233,3968.0883211898804
E02464,5921.42,SUBSCRIPTION_FAILED,Bank_A,E17,P009,NETBANKING,ALTERNATE_PAYMENT,0.67003644,3967.56714769125
E04144,6409.88,PAYMENT_FAILED,Bank_D,E42,P010,WALLET,ALTERNATE_PAYMENT,0.6189683,3967.512577903271
E02885,5889.84,PAYMENT_FAILED,Bank_B,E23,P018,NETBANKING,RETRY_PAYMENT,0.67329806,3965.61785097599
E04847,6930.81,CHECKOUT_ABANDONED,Bank_B,E11,P014,NETBANKING,SEND_REMINDER,0.5719993,3964.418547770977
E02320,7599.17,INVOICE_OVERDUE,Bank_C,E11,P013,UPI,SEND_REMINDER,0.52064764,3956.48996442914
E02101,7288.74,INVOICE_OVERDUE,Bank_A,E17,P008,WALLET,SEND_REMINDER,0.54197866,3950.341518212557
E00904,7715.15,INVOICE_OVERDUE,Bank_C,E17,P014,UPI,SEND_REMINDER,0.51183265,3948.86570418179
E04780,6605.45,PAYMENT_FAILED,Bank_A,E23,P004,UPI,RETRY_PAYMENT,0.5976396,3947.6786299377677
E03475,6855.66,CHECKOUT_ABANDONED,Bank_C,E42,P018,UPI,SEND_REMINDER,0.5754029,3944.7667515242097
E03421,6853.91,CHECKOUT_ABANDONED,Bank_B,E11,P009,WALLET,SEND_REMINDER,0.574839,3939.8947426187992
E00519,7154.99,INVOICE_OVERDUE,Bank_C,E17,P013,NETBANKING,SEND_REMINDER,0.5502723,3937.192703165412
E02780,7548.41,INVOICE_OVERDUE,Bank_B,E11,P014,WALLET,SEND_REMINDER,0.5214408,3936.048979356885
E02138,6014.1,PAYMENT_FAILED,Bank_C,E23,P007,NETBANKING,RETRY_PAYMENT,0.6542443,3934.6906669020655
E03836,7825.15,INVOICE_OVERDUE,Bank_D,E11,P018,CARD,SEND_REMINDER,0.50270987,3933.78010456562
E00828,6731.46,INVOICE_OVERDUE,Bank_D,E42,P017,CARD,ALTERNATE_PAYMENT,0.58401227,3931.255234837532
E00663,7530.21,CHECKOUT_ABANDONED,Bank_D,E11,P009,WALLET,SEND_REMINDER,0.521408,3926.311897203326
E01279,6314.76,PAYMENT_FAILED,Bank_B,E42,P005,NETBANKING,ALTERNATE_PAYMENT,0.6215101,3924.6870461010935
E01848,5233.32,SUBSCRIPTION_FAILED,Bank_C,E42,P019,CARD,ALTERNATE_PAYMENT,0.7497618,3923.7435270023343
E04968,6597.18,SUBSCRIPTION_FAILED,Bank_C,E11,P002,UPI,ALTERNATE_PAYMENT,0.5947302,3923.542170170546
E02038,6551.08,INVOICE_OVERDUE,Bank_D,E42,P006,UPI,ALTERNATE_PAYMENT,0.59873164,3922.3388525247574
E00858,6139.92,CHECKOUT_ABANDONED,Bank_D,E42,P015,WALLET,ALTERNATE_PAYMENT,0.6379944,3917.2346292972566
E01359,7254.22,INVOICE_OVERDUE,Bank_B,E11,P004,CARD,SEND_REMINDER,0.5397979,3915.8127374243736
E03940,4377.07,SUBSCRIPTION_FAILED,Bank_A,E42,P019,WALLET,ALTERNATE_PAYMENT,0.89461607,3915.797150176167
E01440,6412.3,SUBSCRIPTION_FAILED,Bank_D,E11,P007,WALLET,ALTERNATE_PAYMENT,0.6099075,3910.9099128842354
E03123,6249.72,PAYMENT_FAILED,Bank_A,E17,P008,NETBANKING,RETRY_PAYMENT,0.62438476,3902.229927620888
E02114,4518.36,SUBSCRIPTION_FAILED,Bank_A,E42,P001,WALLET,ALTERNATE_PAYMENT,0.8633769,3901.047719714641
E04410,7410.73,INVOICE_OVERDUE,Bank_D,E23,P008,UPI,SEND_REMINDER,0.52621514,3899.6382951885457
E01984,6301.49,INVOICE_OVERDUE,Bank_A,E23,P015,NETBANKING,SEND_REMINDER,0.61878407,3899.2616293585297
E02835,6496.91,INVOICE_OVERDUE,Bank_C,E17,P002,WALLET,SEND_REMINDER,0.599812,3896.9243937283754
E00807,7088.25,CHECKOUT_ABANDONED,Bank_D,E23,P009,CARD,SEND_REMINDER,0.5492741,3893.392046838999
E02734,5416.4,INVOICE_OVERDUE,Bank_A,E42,P017,UPI,ALTERNATE_PAYMENT,0.7178262,3888.0337625741954
E01721,6511.06,PAYMENT_FAILED,Bank_A,E23,P008,UPI,RETRY_PAYMENT,0.59711933,3887.879793643952
E02681,4192.85,SUBSCRIPTION_FAILED,Bank_A,E42,P015,NETBANKING,ALTERNATE_PAYMENT,0.92698467,3886.707664293051
E03949,6965.02,PAYMENT_FAILED,Bank_A,E23,P002,WALLET,RETRY_PAYMENT,0.55801576,3886.5909549009803
E01472,7155.21,CHECKOUT_ABANDONED,Bank_D,E17,P006,UPI,SEND_REMINDER,0.54223865,3879.831430229545
E03746,7260.63,CHECKOUT_ABANDONED,Bank_D,E11,P009,UPI,SEND_REMINDER,0.5339822,3877.047306481004
E00957,6223.66,SUBSCRIPTION_FAILED,Bank_B,E23,P006,NETBANKING,ALTERNATE_PAYMENT,0.622925,3876.8733028185366
E02353,5957.8,INVOICE_OVERDUE,Bank_B,E11,P017,NETBANKING,SEND_REMINDER,0.65071875,3876.852160227299
E03695,6563.29,PAYMENT_FAILED,Bank_C,E42,P009,WALLET,ALTERNATE_PAYMENT,0.58984697,3871.3367108762263
E02556,6510.09,PAYMENT_FAILED,Bank_B,E42,P010,UPI,ALTERNATE_PAYMENT,0.59382004,3865.8218746322395
E01900,4301.01,SUBSCRIPTION_FAILED,Bank_A,E42,P002,NETBANKING,ALTERNATE_PAYMENT,0.8978525,3861.6724967747928
E00938,6261.4,INVOICE_OVERDUE,Bank_B,E42,P007,NETBANKING,ALTERNATE_PAYMENT,0.6160647,3857.4276835560795
E00010,5867.39,SUBSCRIPTION_FAILED,Bank_D,E11,P007,NETBANKING,ALTERNATE_PAYMENT,0.65721655,3856.1458069658283
E02809,6595.17,CHECKOUT_ABANDONED,Bank_D,E11,P015,WALLET,SEND_REMINDER,0.58466357,3855.9556364768746
E01831,4996.95,CHECKOUT_ABANDONED,Bank_A,E42,P013,NETBANKING,ALTERNATE_PAYMENT,0.77131164,3854.205703192949
E04883,5873.56,CHECKOUT_ABANDONED,Bank_B,E23,P017,CARD,SEND_REMINDER,0.65604043,3853.292828435898
E00624,6269.52,PAYMENT_FAILED,Bank_B,E42,P017,WALLET,ALTERNATE_PAYMENT,0.61414194,3850.3751823806765
E00033,6597.57,INVOICE_OVERDUE,Bank_A,E17,P011,NETBANKING,SEND_REMINDER,0.58326817,3848.1525512409207
E03609,6406.75,PAYMENT_FAILED,Bank_B,E23,P019,WALLET,RETRY_PAYMENT,0.6001986,3845.322550445795
E04215,6845.83,INVOICE_OVERDUE,Bank_A,E17,P007,NETBANKING,SEND_REMINDER,0.5615123,3844.017690050006
E03783,6221.5,CHECKOUT_ABANDONED,Bank_D,E42,P007,WALLET,ALTERNATE_PAYMENT,0.61784005,3843.8918813467026
E04305,5356.95,INVOICE_OVERDUE,Bank_A,E42,P003,WALLET,ALTERNATE_PAYMENT,0.71593213,3835.212628161907
E02511,5264.98,INVOICE_OVERDUE,Bank_A,E42,P001,CARD,ALTERNATE_PAYMENT,0.72837,3834.853539739847
E03372,5758.27,SUBSCRIPTION_FAILED,Bank_B,E23,P011,NETBANKING,ALTERNATE_PAYMENT,0.66575515,3833.597923151255
E02482,6472.39,CHECKOUT_ABANDONED,Bank_C,E42,P004,CARD,SEND_REMINDER,0.59203553,3831.8848569464685
E00522,5167.24,SUBSCRIPTION_FAILED,Bank_B,E42,P003,WALLET,ALTERNATE_PAYMENT,0.7409053,3828.435424251556
E03450,6111.67,PAYMENT_FAILED,Bank_A,E23,P008,UPI,RETRY_PAYMENT,0.62627316,3827.574854516983
E02665,5991.61,SUBSCRIPTION_FAILED,Bank_D,E11,P015,CARD,ALTERNATE_PAYMENT,0.638607,3826.284237937927
E02680,6633.97,CHECKOUT_ABANDONED,Bank_A,E17,P018,UPI,SEND_REMINDER,0.5766365,3825.3891968339685
E01697,6335.77,CHECKOUT_ABANDONED,Bank_C,E23,P004,CARD,SEND_REMINDER,0.60322833,3821.9159602427485
E02686,7098.97,CHECKOUT_ABANDONED,Bank_D,E11,P008,CARD,SEND_REMINDER,0.5374541,3815.370732932091
E00008,7375.66,INVOICE_OVERDUE,Bank_C,E23,P001,WALLET,SEND_REMINDER,0.517273,3815.2298402583597
E03328,6290.01,CHECKOUT_ABANDONED,Bank_C,E42,P018,CARD,SEND_REMINDER,0.6064692,3814.6974205166102
E01594,6709.44,PAYMENT_FAILED,Bank_A,E23,P016,WALLET,RETRY_PAYMENT,0.56737804,3806.7889443969725
E01622,6193.31,PAYMENT_FAILED,Bank_A,E11,P006,UPI,RETRY_PAYMENT,0.61427015,3804.3654667931796
E01238,6226.18,INVOICE_OVERDUE,Bank_B,E42,P009,WALLET,ALTERNATE_PAYMENT,0.61101955,3804.317712739706
E01522,7244.04,INVOICE_OVERDUE,Bank_C,E23,P013,UPI,SEND_REMINDER,0.5247688,3801.4463905334474
E03084,6161.05,INVOICE_OVERDUE,Bank_D,E23,P012,NETBANKING,SEND_REMINDER,0.61666393,3799.2973231792453
E00851,6562.47,CHECKOUT_ABANDONED,Bank_C,E11,P001,UPI,SEND_REMINDER,0.5785247,3796.5510454165938
E00833,6258.0,PAYMENT_FAILED,Bank_D,E42,P006,WALLET,ALTERNATE_PAYMENT,0.60614043,3793.2268406152725
E04314,6204.1,PAYMENT_FAILED,Bank_A,E17,P014,UPI,RETRY_PAYMENT,0.61135495,3792.907227241993
E04005,4988.3,SUBSCRIPTION_FAILED,Bank_D,E42,P012,UPI,ALTERNATE_PAYMENT,0.7599809,3791.0128081560138
E01747,5707.24,INVOICE_OVERDUE,Bank_A,E42,P006,WALLET,ALTERNATE_PAYMENT,0.6623177,3780.0060315299033
E02898,7011.9,INVOICE_OVERDUE,Bank_A,E23,P018,CARD,SEND_REMINDER,0.5389331,3778.944992083311
E02324,6365.48,PAYMENT_FAILED,Bank_C,E11,P009,WALLET,RETRY_PAYMENT,0.59336543,3777.055782651901
E01388,6387.76,CHECKOUT_ABANDONED,Bank_C,E11,P008,UPI,SEND_REMINDER,0.5911664,3776.228936777115
E03667,6027.27,INVOICE_OVERDUE,Bank_D,E42,P017,WALLET,ALTERNATE_PAYMENT,0.6261434,3773.935305810571
E04856,5228.55,INVOICE_OVERDUE,Bank_A,E42,P018,UPI,ALTERNATE_PAYMENT,0.7215143,3772.473512801528
E00546,6768.44,INVOICE_OVERDUE,Bank_C,E23,P020,UPI,SEND_REMINDER,0.5572566,3771.7577222681043
E01518,6183.58,CHECKOUT_ABANDONED,Bank_B,E23,P005,CARD,SEND_REMINDER,0.6094989,3768.885319715738
E04760,7226.33,INVOICE_OVERDUE,Bank_B,E17,P010,UPI,SEND_REMINDER,0.52108294,3765.517265315652
E03395,6093.83,SUBSCRIPTION_FAILED,Bank_A,E23,P006,WALLET,ALTERNATE_PAYMENT,0.6177471,3764.445981079936
E03451,6581.47,CHECKOUT_ABANDONED,Bank_B,E17,P006,UPI,SEND_REMINDER,0.5719492,3764.2663956314327
E02032,7577.81,INVOICE_OVERDUE,Bank_D,E11,P016,UPI,SEND_REMINDER,0.49629194,3760.8059913259744
E00725,5004.12,INVOICE_OVERDUE,Bank_A,E42,P004,NETBANKING,ALTERNATE_PAYMENT,0.7511784,3758.9867740774152
E03014,5333.85,PAYMENT_FAILED,Bank_A,E42,P006,CARD,ALTERNATE_PAYMENT,0.7045086,3757.743210080266
E03982,6388.95,CHECKOUT_ABANDONED,Bank_A,E17,P008,UPI,SEND_REMINDER,0.5880197,3756.8286454260347
E01076,6981.65,CHECKOUT_ABANDONED,Bank_D,E17,P019,UPI,SEND_REMINDER,0.53802824,3756.324863219261
E02271,6121.1,SUBSCRIPTION_FAILED,Bank_D,E17,P019,NETBANKING,ALTERNATE_PAYMENT,0.61327904,3753.942360073328
E03553,5990.92,PAYMENT_FAILED,Bank_C,E42,P012,WALLET,ALTERNATE_PAYMENT,0.62632203,3752.2451820850374
E03221,6589.49,PAYMENT_FAILED,Bank_C,E42,P001,CARD,ALTERNATE_PAYMENT,0.5694026,3752.0725771844386
E01187,6846.34,INVOICE_OVERDUE,Bank_C,E11,P016,NETBANKING,SEND_REMINDER,0.5475843,3748.9482640981673
E01232,5933.36,PAYMENT_FAILED,Bank_B,E42,P015,CARD,ALTERNATE_PAYMENT,0.63174367,3748.3626189231873
E03095,6802.52,CHECKOUT_ABANDONED,Bank_C,E23,P002,WALLET,SEND_REMINDER,0.5510146,3748.2878516507153
E04394,6570.32,PAYMENT_FAILED,Bank_C,E42,P009,UPI,ALTERNATE_PAYMENT,0.5702896,3746.9852423095704
E01565,5887.72,SUBSCRIPTION_FAILED,Bank_B,E17,P016,CARD,ALTERNATE_PAYMENT,0.63565636,3742.566645126343
E00541,6269.36,PAYMENT_FAILED,Bank_A,E17,P002,CARD,RETRY_PAYMENT,0.59629554,3738.391378846168
E01227,7217.22,INVOICE_OVERDUE,Bank_C,E17,P012,WALLET,SEND_REMINDER,0.5179442,3738.117359855175
E03535,4962.6,PAYMENT_FAILED,Bank_A,E42,P017,NETBANKING,ALTERNATE_PAYMENT,0.7529868,3736.772237849236
E03529,7193.38,CHECKOUT_ABANDONED,Bank_D,E11,P014,CARD,SEND_REMINDER,0.51927036,3735.3090255963803
E04221,6509.02,PAYMENT_FAILED,Bank_C,E42,P007,NETBANKING,ALTERNATE_PAYMENT,0.57375485,3734.5817745435243
E02587,6833.82,CHECKOUT_ABANDONED,Bank_D,E23,P005,NETBANKING,SEND_REMINDER,0.54580516,3729.93419275403
E03669,7503.25,INVOICE_OVERDUE,Bank_C,E11,P010,CARD,SEND_REMINDER,0.49664935,3726.4842706248164
E04835,5746.3,SUBSCRIPTION_FAILED,Bank_A,E17,P020,CARD,ALTERNATE_PAYMENT,0.6484695,3726.3003320634366
E04762,6063.29,CHECKOUT_ABANDONED,Bank_C,E17,P008,CARD,SEND_REMINDER,0.6144357,3725.50167028904
E00406,4806.72,CHECKOUT_ABANDONED,Bank_A,E42,P013,CARD,ALTERNATE_PAYMENT,0.7746035,3723.3020685195925
E01213,4975.09,INVOICE_OVERDUE,Bank_A,E42,P013,CARD,ALTERNATE_PAYMENT,0.74750066,3718.883048784733
E03075,6726.25,INVOICE_OVERDUE,Bank_B,E23,P009,CARD,SEND_REMINDER,0.5524878,3716.171001419425
E00890,6746.75,INVOICE_OVERDUE,Bank_A,E23,P006,NETBANKING,SEND_REMINDER,0.5502986,3712.7268878519535
E03164,5258.23,PAYMENT_FAILED,Bank_A,E42,P006,UPI,ALTERNATE_PAYMENT,0.7056145,3710.2833701854943
E02013,6205.26,CHECKOUT_ABANDONED,Bank_D,E11,P015,CARD,SEND_REMINDER,0.5964835,3701.335380767584
E01146,7221.08,INVOICE_OVERDUE,Bank_D,E17,P001,CARD,SEND_REMINDER,0.5118625,3696.2001799488066
E03556,6115.02,CHECKOUT_ABANDONED,Bank_D,E42,P009,CARD,ALTERNATE_PAYMENT,0.6042695,3695.1201056957248
E03080,5813.45,CHECKOUT_ABANDONED,Bank_C,E42,P019,NETBANKING,ALTERNATE_PAYMENT,0.6346009,3689.2204728245733
E00164,4168.96,SUBSCRIPTION_FAILED,Bank_A,E42,P014,WALLET,ALTERNATE_PAYMENT,0.8846765,3688.181008377075
E00148,4918.6,PAYMENT_FAILED,Bank_A,E42,P003,CARD,ALTERNATE_PAYMENT,0.7489053,3683.56561396122
E03142,5559.25,SUBSCRIPTION_FAILED,Bank_A,E17,P009,NETBANKING,ALTERNATE_PAYMENT,0.6623301,3682.0585583895445
E04094,6953.09,INVOICE_OVERDUE,Bank_C,E11,P014,UPI,SEND_REMINDER,0.52900165,3678.196104809642
E00016,6126.4,SUBSCRIPTION_FAILED,Bank_B,E17,P016,UPI,ALTERNATE_PAYMENT,0.6003773,3678.151620864868
E01096,5845.2,PAYMENT_FAILED,Bank_A,E17,P018,CARD,RETRY_PAYMENT,0.6286295,3674.465186333656
E03319,4908.05,PAYMENT_FAILED,Bank_A,E42,P019,UPI,ALTERNATE_PAYMENT,0.74796325,3671.041027608514
E00042,4792.57,PAYMENT_FAILED,Bank_A,E42,P015,UPI,ALTERNATE_PAYMENT,0.7650633,3666.619351758957
E03687,6046.95,PAYMENT_FAILED,Bank_C,E11,P016,UPI,RETRY_PAYMENT,0.60592085,3663.9730913490057
E02092,6213.36,INVOICE_OVERDUE,Bank_C,E42,P010,CARD,ALTERNATE_PAYMENT,0.5886759,3657.6553906488416
E04584,6832.93,INVOICE_OVERDUE,Bank_B,E11,P016,CARD,SEND_REMINDER,0.5350739,3656.1223421394825
E03880,7216.81,INVOICE_OVERDUE,Bank_D,E11,P007,WALLET,SEND_REMINDER,0.5062524,3653.527440778017
E02215,4183.8,SUBSCRIPTION_FAILED,Bank_A,E42,P013,WALLET,ALTERNATE_PAYMENT,0.8732163,3653.3622362852097
E01143,7404.97,INVOICE_OVERDUE,Bank_D,E23,P019,WALLET,SEND_REMINDER,0.4930189,3650.7901297786834
E03007,5750.77,SUBSCRIPTION_FAILED,Bank_B,E17,P007,UPI,ALTERNATE_PAYMENT,0.6346663,3649.820054124594
E01587,6091.33,CHECKOUT_ABANDONED,Bank_C,E23,P020,UPI,SEND_REMINDER,0.598913,3648.1768091732265
E00226,4933.49,INVOICE_OVERDUE,Bank_A,E42,P019,NETBANKING,ALTERNATE_PAYMENT,0.7389897,3645.7983483731746
E00590,6862.16,INVOICE_OVERDUE,Bank_A,E23,P020,CARD,SEND_REMINDER,0.53029156,3638.945512924194
E04845,6254.21,INVOICE_OVERDUE,Bank_B,E11,P012,WALLET,SEND_REMINDER,0.5814509,3636.5159055393933
E02515,6306.11,CHECKOUT_ABANDONED,Bank_D,E17,P018,CARD,SEND_REMINDER,0.5763573,3634.572564948201
E03420,6725.26,INVOICE_OVERDUE,Bank_B,E11,P009,UPI,SEND_REMINDER,0.54028064,3633.527777808905
E02649,4756.0,SUBSCRIPTION_FAILED,Bank_C,E42,P006,UPI,ALTERNATE_PAYMENT,0.7624226,3626.0819866657257
E04127,6108.64,INVOICE_OVERDUE,Bank_B,E11,P007,NETBANKING,SEND_REMINDER,0.5934364,3625.0894524478913
E03027,4035.51,SUBSCRIPTION_FAILED,Bank_A,E42,P008,WALLET,ALTERNATE_PAYMENT,0.8958907,3615.3759301614764
E03206,3970.7,SUBSCRIPTION_FAILED,Bank_A,E42,P008,CARD,ALTERNATE_PAYMENT,0.9098092,3612.579279869795
E04158,6075.38,SUBSCRIPTION_FAILED,Bank_A,E23,P016,WALLET,ALTERNATE_PAYMENT,0.59443134,3611.396278628111
E04910,6956.32,INVOICE_OVERDUE,Bank_C,E11,P007,WALLET,SEND_REMINDER,0.5189813,3610.199843378067
E01330,5431.1,SUBSCRIPTION_FAILED,Bank_A,E11,P011,NETBANKING,ALTERNATE_PAYMENT,0.66445327,3608.7121441125873
E04677,6009.4,INVOICE_OVERDUE,Bank_C,E42,P008,CARD,ALTERNATE_PAYMENT,0.5999106,3605.102861046791
E03410,5514.03,PAYMENT_FAILED,Bank_D,E11,P005,UPI,RETRY_PAYMENT,0.653322,3602.4370052647587
E00213,5922.5,CHECKOUT_ABANDONED,Bank_A,E17,P001,NETBANKING,SEND_REMINDER,0.60742027,3597.4465234577656
E00451,4756.86,CHECKOUT_ABANDONED,Bank_A,E42,P019,WALLET,ALTERNATE_PAYMENT,0.7554948,3593.7828677380085
E03735,5090.81,PAYMENT_FAILED,Bank_A,E42,P006,UPI,ALTERNATE_PAYMENT,0.7056145,3592.14938939035
E03703,6358.68,INVOICE_OVERDUE,Bank_A,E11,P003,CARD,SEND_REMINDER,0.5647871,3591.300372326374
E00826,5916.15,CHECKOUT_ABANDONED,Bank_B,E11,P005,NETBANKING,SEND_REMINDER,0.60547745,3582.095429295301
E03965,3955.26,SUBSCRIPTION_FAILED,Bank_A,E42,P019,NETBANKING,ALTERNATE_PAYMENT,0.904845,3578.8972319841387
E02414,6227.52,PAYMENT_FAILED,Bank_A,E23,P019,NETBANKING,RETRY_PAYMENT,0.5744455,3577.3707534027103
E03026,6394.64,INVOICE_OVERDUE,Bank_B,E17,P004,UPI,SEND_REMINDER,0.55938745,3577.0813341712956
E03205,4334.0,PAYMENT_FAILED,Bank_A,E42,P015,CARD,ALTERNATE_PAYMENT,0.8245166,3573.4549201726913
E01290,6715.38,INVOICE_OVERDUE,Bank_B,E11,P013,CARD,SEND_REMINDER,0.5315705,3569.6978651726245
E01563,6801.14,INVOICE_OVERDUE,Bank_C,E11,P007,UPI,SEND_REMINDER,0.52479374,3569.1957246613506
E04114,6636.46,CHECKOUT_ABANDONED,Bank_D,E23,P009,UPI,SEND_REMINDER,0.53732044,3565.905574373007
E00685,6238.4,INVOICE_OVERDUE,Bank_B,E17,P007,UPI,SEND_REMINDER,0.57106954,3562.560209560394
E00468,5941.4,SUBSCRIPTION_FAILED,Bank_C,E17,P004,WALLET,ALTERNATE_PAYMENT,0.5991331,3559.68924754858
E04965,7045.0,INVOICE_OVERDUE,Bank_D,E11,P014,WALLET,ALTERNATE_PAYMENT,0.505134,3558.6689347028732
E04683,3884.74,SUBSCRIPTION_FAILED,Bank_A,E42,P007,NETBANKING,ALTERNATE_PAYMENT,0.9150207,3554.6175307035446
E03257,6488.48,CHECKOUT_ABANDONED,Bank_D,E17,P006,UPI,SEND_REMINDER,0.54760695,3553.1367107391357
E04981,6009.61,CHECKOUT_ABANDONED,Bank_B,E42,P006,WALLET,ALTERNATE_PAYMENT,0.5911846,3552.788980693817
E02754,5790.69,PAYMENT_FAILED,Bank_B,E11,P004,UPI,RETRY_PAYMENT,0.6132423,3551.096217293143
E03734,6538.66,CHECKOUT_ABANDONED,Bank_B,E42,P016,UPI,SEND_REMINDER,0.54269904,3548.524498232603
E00732,6595.18,INVOICE_OVERDUE,Bank_C,E11,P007,UPI,SEND_REMINDER,0.53778636,3546.797875788212
E03383,5321.06,SUBSCRIPTION_FAILED,Bank_D,E11,P005,UPI,ALTERNATE_PAYMENT,0.66580445,3542.785404068232
E02816,6082.14,CHECKOUT_ABANDONED,Bank_C,E17,P009,CARD,SEND_REMINDER,0.5820587,3540.1626703441143
E00474,5521.31,SUBSCRIPTION_FAILED,Bank_B,E23,P011,UPI,ALTERNATE_PAYMENT,0.64110094,3539.71704808414
E02454,5959.51,CHECKOUT_ABANDONED,Bank_A,E23,P005,CARD,SEND_REMINDER,0.59182495,3526.9867005497217
E04999,6058.3,PAYMENT_FAILED,Bank_C,E42,P009,UPI,ALTERNATE_PAYMENT,0.5819914,3525.878344088793
E00813,6345.24,INVOICE_OVERDUE,Bank_C,E23,P011,WALLET,SEND_REMINDER,0.5551931,3522.833632099628
E00447,4483.55,CHECKOUT_ABANDONED,Bank_A,E42,P018,CARD,ALTERNATE_PAYMENT,0.7856681,3522.5820980459453
E04580,6307.06,CHECKOUT_ABANDONED,Bank_D,E11,P011,CARD,SEND_REMINDER,0.5583501,3521.547494745255
E04085,5919.44,CHECKOUT_ABANDONED,Bank_D,E23,P012,UPI,SEND_REMINDER,0.5946655,3520.086909179687
E00515,6081.14,SUBSCRIPTION_FAILED,Bank_B,E11,P009,WALLET,ALTERNATE_PAYMENT,0.5784484,3517.625793192387
E04465,6008.29,PAYMENT_FAILED,Bank_B,E42,P009,CARD,ALTERNATE_PAYMENT,0.5853569,3516.9939555591345
E04476,7021.77,INVOICE_OVERDUE,Bank_D,E17,P016,UPI,SEND_REMINDER,0.50074935,3516.1467604994778
E03070,6535.57,INVOICE_OVERDUE,Bank_C,E11,P007,UPI,SEND_REMINDER,0.53778636,3514.7404305970667
E03942,6010.29,CHECKOUT_ABANDONED,Bank_D,E17,P005,NETBANKING,SEND_REMINDER,0.5846379,3513.8432057404516
E04209,5103.6,SUBSCRIPTION_FAILED,Bank_A,E17,P011,NETBANKING,ALTERNATE_PAYMENT,0.6879014,3510.77347111702
E00189,5791.76,SUBSCRIPTION_FAILED,Bank_A,E23,P019,UPI,ALTERNATE_PAYMENT,0.60396963,3498.047164978981
E03226,4945.17,PAYMENT_FAILED,Bank_A,E42,P006,WALLET,ALTERNATE_PAYMENT,0.7064994,3493.7596267944573
E01874,6488.33,INVOICE_OVERDUE,Bank_C,E17,P004,UPI,SEND_REMINDER,0.5384112,3493.3895415979623
E04527,5688.99,CHECKOUT_ABANDONED,Bank_D,E42,P005,UPI,ALTERNATE_PAYMENT,0.61336744,3489.4412229073046
E00070,6066.97,PAYMENT_FAILED,Bank_C,E42,P002,CARD,ALTERNATE_PAYMENT,0.5751156,3489.209219684005
E00225,5558.2,SUBSCRIPTION_FAILED,Bank_D,E17,P007,UPI,ALTERNATE_PAYMENT,0.6266723,3483.170130813122
E01066,4581.02,CHECKOUT_ABANDONED,Bank_A,E42,P004,NETBANKING,ALTERNATE_PAYMENT,0.75948125,3479.1988015544416
E00460,6012.16,INVOICE_OVERDUE,Bank_B,E17,P020,CARD,SEND_REMINDER,0.57857406,3478.4798289489745
E02476,5345.66,SUBSCRIPTION_FAILED,Bank_D,E17,P018,NETBANKING,ALTERNATE_PAYMENT,0.6504886,3477.2909698534013
E02075,5715.21,CHECKOUT_ABANDONED,Bank_D,E42,P002,WALLET,ALTERNATE_PAYMENT,0.6072176,3470.376156175733
E01599,6745.63,INVOICE_OVERDUE,Bank_D,E23,P017,CARD,ALTERNATE_PAYMENT,0.5141792,3468.4628374862673
E01268,6022.4,SUBSCRIPTION_FAILED,Bank_D,E11,P004,WALLET,ALTERNATE_PAYMENT,0.5749948,3462.8486984252927
E03481,6333.91,INVOICE_OVERDUE,Bank_B,E23,P018,UPI,SEND_REMINDER,0.54633313,3460.4249018782375
E00208,5812.02,INVOICE_OVERDUE,Bank_C,E17,P005,CARD,ALTERNATE_PAYMENT,0.59533966,3460.1259867453577
E04124,4375.78,INVOICE_OVERDUE,Bank_A,E42,P012,UPI,ALTERNATE_PAYMENT,0.7892634,3453.6431197249885
E01372,5594.82,INVOICE_OVERDUE,Bank_B,E11,P017,NETBANKING,SEND_REMINDER,0.61705625,3452.3186518263815
E01284,4584.83,INVOICE_OVERDUE,Bank_A,E42,P008,CARD,ALTERNATE_PAYMENT,0.75267905,3450.905488668084
E02260,5697.15,SUBSCRIPTION_FAILED,Bank_C,E23,P001,CARD,ALTERNATE_PAYMENT,0.60515577,3447.663172325492
E01239,5011.88,SUBSCRIPTION_FAILED,Bank_A,E23,P018,NETBANKING,ALTERNATE_PAYMENT,0.68771446,3446.7423353147506
E00822,6680.95,INVOICE_OVERDUE,Bank_B,E17,P006,WALLET,SEND_REMINDER,0.51515293,3441.710975790024
E04154,4679.77,SUBSCRIPTION_FAILED,Bank_D,E42,P009,NETBANKING,ALTERNATE_PAYMENT,0.7353589,3441.3104907721286
E03878,6341.39,CHECKOUT_ABANDONED,Bank_D,E23,P013,UPI,SEND_REMINDER,0.54215926,3438.0433054548503
E02878,5559.83,SUBSCRIPTION_FAILED,Bank_D,E23,P008,NETBANKING,ALTERNATE_PAYMENT,0.6179052,3435.4478654903173
E03219,6678.4,INVOICE_OVERDUE,Bank_C,E11,P013,UPI,SEND_REMINDER,0.5141767,3433.8778491973876
E02111,4547.08,CHECKOUT_ABANDONED,Bank_A,E42,P017,NETBANKING,ALTERNATE_PAYMENT,0.7549874,3432.98819160223
E02494,5527.75,CHECKOUT_ABANDONED,Bank_D,E42,P003,NETBANKING,ALTERNATE_PAYMENT,0.62081194,3431.693197131157
E02202,6254.91,INVOICE_OVERDUE,Bank_D,E42,P016,WALLET,ALTERNATE_PAYMENT,0.54702634,3421.6005005174875
E01715,4324.37,CHECKOUT_ABANDONED,Bank_A,E42,P005,NETBANKING,ALTERNATE_PAYMENT,0.7910045,3420.596038556695
E04717,5511.73,CHECKOUT_ABANDONED,Bank_B,E17,P015,WALLET,SEND_REMINDER,0.62005246,3417.5617280256747
E00677,6217.64,INVOICE_OVERDUE,Bank_B,E11,P019,CARD,SEND_REMINDER,0.54956305,3416.9852038812637
E02781,6457.6,CHECKOUT_ABANDONED,Bank_D,E11,P013,UPI,SEND_REMINDER,0.528226,3411.0723335266116
E03088,4270.23,SUBSCRIPTION_FAILED,Bank_C,E42,P018,WALLET,ALTERNATE_PAYMENT,0.7985754,3410.100635919571
E03615,4279.58,SUBSCRIPTION_FAILED,Bank_C,E42,P011,CARD,ALTERNATE_PAYMENT,0.79635763,3408.0761933994295
E00724,4655.37,CHECKOUT_ABANDONED,Bank_A,E42,P001,UPI,ALTERNATE_PAYMENT,0.73023474,3399.512911630869
E02372,4575.22,PAYMENT_FAILED,Bank_A,E42,P019,WALLET,ALTERNATE_PAYMENT,0.74203485,3394.972697876692
E01618,3764.52,SUBSCRIPTION_FAILED,Bank_A,E42,P019,CARD,ALTERNATE_PAYMENT,0.8996358,3386.6969308662415
E03273,5774.56,CHECKOUT_ABANDONED,Bank_C,E11,P002,NETBANKING,SEND_REMINDER,0.5862907,3385.570923480988
E00678,5742.02,CHECKOUT_ABANDONED,Bank_A,E17,P011,UPI,SEND_REMINDER,0.589487,3384.846236766577
E04511,5788.44,PAYMENT_FAILED,Bank_A,E17,P014,WALLET,RETRY_PAYMENT,0.5835102,3377.6138981509207
E01986,5895.87,CHECKOUT_ABANDONED,Bank_D,E11,P007,WALLET,SEND_REMINDER,0.57283175,3377.341529377699
E00376,5414.73,SUBSCRIPTION_FAILED,Bank_B,E17,P003,UPI,ALTERNATE_PAYMENT,0.6235576,3376.3961907345056
E01384,5038.87,PAYMENT_FAILED,Bank_D,E17,P005,UPI,RETRY_PAYMENT,0.66972303,3374.647303853035
E00419,3829.45,SUBSCRIPTION_FAILED,Bank_A,E42,P005,WALLET,ALTERNATE_PAYMENT,0.88058835,3372.169067171216
E03144,5346.5,CHECKOUT_ABANDONED,Bank_B,E42,P013,UPI,ALTERNATE_PAYMENT,0.63053095,3371.133742392063
E00433,5406.72,SUBSCRIPTION_FAILED,Bank_D,E11,P017,WALLET,ALTERNATE_PAYMENT,0.62343764,3370.7527734375003
E01125,5651.17,PAYMENT_FAILED,Bank_C,E11,P004,NETBANKING,RETRY_PAYMENT,0.5960701,3368.493528037667
E00286,5078.45,SUBSCRIPTION_FAILED,Bank_A,E11,P007,UPI,ALTERNATE_PAYMENT,0.6614512,3359.1469508111477
E00085,4311.39,PAYMENT_FAILED,Bank_A,E42,P017,WALLET,ALTERNATE_PAYMENT,0.7779812,3354.1804593211414
E03043,5595.03,PAYMENT_FAILED,Bank_B,E11,P004,WALLET,RETRY_PAYMENT,0.5991819,3352.440652735233
E03768,5942.65,CHECKOUT_ABANDONED,Bank_C,E11,P014,NETBANKING,SEND_REMINDER,0.56382245,3350.5994721144434
E02354,5144.55,SUBSCRIPTION_FAILED,Bank_D,E17,P018,NETBANKING,ALTERNATE_PAYMENT,0.6504886,3346.471204483509
E03551,5658.52,PAYMENT_FAILED,Bank_D,E23,P013,NETBANKING,RETRY_PAYMENT,0.5912995,3345.8799009728436
E03210,4554.08,SUBSCRIPTION_FAILED,Bank_D,E42,P009,UPI,ALTERNATE_PAYMENT,0.73343915,3340.1405527210236
E03136,6427.19,INVOICE_OVERDUE,Bank_A,E17,P016,UPI,SEND_REMINDER,0.51872265,3333.9290506350994
E03634,5970.44,INVOICE_OVERDUE,Bank_C,E17,P013,NETBANKING,SEND_REMINDER,0.5579522,3331.2202834725376
E00672,5627.89,CHECKOUT_ABANDONED,Bank_B,E42,P004,NETBANKING,ALTERNATE_PAYMENT,0.5919089,3331.1980223578216
E02968,6496.62,CHECKOUT_ABANDONED,Bank_C,E23,P014,CARD,SEND_REMINDER,0.51218385,3327.4638113844394
E00953,5612.03,CHECKOUT_ABANDONED,Bank_D,E17,P004,NETBANKING,SEND_REMINDER,0.5921404,3323.109557510018
E01115,4631.44,SUBSCRIPTION_FAILED,Bank_C,E42,P014,NETBANKING,ALTERNATE_PAYMENT,0.7169645,3320.5779863548278
E00314,5759.46,INVOICE_OVERDUE,Bank_C,E11,P005,CARD,SEND_REMINDER,0.57506037,3312.0371846866606
E04674,5895.42,INVOICE_OVERDUE,Bank_D,E23,P006,CARD,SEND_REMINDER,0.5613252,3309.247766082287
E00668,4470.56,CHECKOUT_ABANDONED,Bank_A,E42,P016,WALLET,ALTERNATE_PAYMENT,0.73978406,3307.249035806656
E00416,5207.17,PAYMENT_FAILED,Bank_B,E23,P007,WALLET,RETRY_PAYMENT,0.6349065,3306.065927428603
E02605,4231.05,PAYMENT_FAILED,Bank_A,E42,P004,WALLET,ALTERNATE_PAYMENT,0.7812531,3305.5209263920788
E01083,3766.65,SUBSCRIPTION_FAILED,Bank_A,E42,P004,WALLET,ALTERNATE_PAYMENT,0.87688977,3302.9368343263864
E00565,4498.93,PAYMENT_FAILED,Bank_A,E42,P001,CARD,ALTERNATE_PAYMENT,0.73175144,3292.0985147571564
E01949,3656.55,SUBSCRIPTION_FAILED,Bank_A,E42,P010,NETBANKING,ALTERNATE_PAYMENT,0.9000886,3291.2190005511047
E03203,3750.99,SUBSCRIPTION_FAILED,Bank_A,E42,P004,WALLET,ALTERNATE_PAYMENT,0.87688977,3289.204740602374
E03597,5424.09,PAYMENT_FAILED,Bank_B,E17,P020,NETBANKING,RETRY_PAYMENT,0.6061996,3288.081308530569
E04706,5779.03,CHECKOUT_ABANDONED,Bank_C,E17,P013,UPI,SEND_REMINDER,0.5688603,3287.46069578886
E02963,4194.26,SUBSCRIPTION_FAILED,Bank_B,E42,P001,UPI,ALTERNATE_PAYMENT,0.7834033,3285.7970302557947
E01209,4404.85,SUBSCRIPTION_FAILED,Bank_C,E42,P003,NETBANKING,ALTERNATE_PAYMENT,0.74505454,3281.85350381434
E03733,5381.88,PAYMENT_FAILED,Bank_D,E11,P001,WALLET,RETRY_PAYMENT,0.6088008,3276.493002655506
E04226,6439.16,INVOICE_OVERDUE,Bank_C,E23,P019,NETBANKING,SEND_REMINDER,0.5079298,3270.6412634658814
E01479,4312.36,SUBSCRIPTION_FAILED,Bank_A,E23,P015,NETBANKING,ALTERNATE_PAYMENT,0.7577704,3267.7788445997235
E04213,4999.99,SUBSCRIPTION_FAILED,Bank_B,E23,P011,WALLET,ALTERNATE_PAYMENT,0.65221816,3261.084292885661
E02130,5672.36,CHECKOUT_ABANDONED,Bank_C,E42,P004,CARD,SEND_REMINDER,0.5746975,3259.891079940796
E04414,5844.61,CHECKOUT_ABANDONED,Bank_D,E23,P001,WALLET,SEND_REMINDER,0.5571311,3256.2140662962197
E04963,5597.54,PAYMENT_FAILED,Bank_A,E11,P019,WALLET,RETRY_PAYMENT,0.58061975,3250.042288888693
E04807,4113.0,CHECKOUT_ABANDONED,Bank_A,E42,P015,WALLET,ALTERNATE_PAYMENT,0.7901782,3250.0028532743454
E02613,5736.62,INVOICE_OVERDUE,Bank_B,E42,P010,NETBANKING,ALTERNATE_PAYMENT,0.5664178,3249.3237561392784
E01691,5390.96,CHECKOUT_ABANDONED,Bank_B,E42,P011,WALLET,SEND_REMINDER,0.6027095,3249.1826561403273
E02329,4338.02,CHECKOUT_ABANDONED,Bank_A,E42,P006,UPI,ALTERNATE_PAYMENT,0.7488062,3248.3361787593367
E00343,5301.8,PAYMENT_FAILED,Bank_D,E23,P019,WALLET,RETRY_PAYMENT,0.6120373,3244.8993627786635
E01757,5392.57,PAYMENT_FAILED,Bank_B,E11,P016,CARD,RETRY_PAYMENT,0.6014279,3243.2421192538736
E03950,5265.06,SUBSCRIPTION_FAILED,Bank_D,E23,P012,CARD,ALTERNATE_PAYMENT,0.6158548,3242.512471958399
E00091,5518.37,CHECKOUT_ABANDONED,Bank_B,E17,P005,CARD,SEND_REMINDER,0.5859174,3233.3090756720303
E01879,5441.11,PAYMENT_FAILED,Bank_C,E23,P002,CARD,RETRY_PAYMENT,0.5939862,3231.944324544072
E04227,5295.98,PAYMENT_FAILED,Bank_C,E11,P007,CARD,RETRY_PAYMENT,0.60933685,3227.0357868957517
E02904,5263.85,PAYMENT_FAILED,Bank_B,E42,P013,UPI,ALTERNATE_PAYMENT,0.6127143,3225.2361186742783
E03963,4167.2,CHECKOUT_ABANDONED,Bank_A,E42,P004,UPI,ALTERNATE_PAYMENT,0.7735682,3223.6134571552275
E01030,5970.92,SUBSCRIPTION_FAILED,Bank_B,E11,P019,NETBANKING,ALTERNATE_PAYMENT,0.5396532,3222.2259776449205
E01992,4808.21,SUBSCRIPTION_FAILED,Bank_D,E17,P018,NETBANKING,ALTERNATE_PAYMENT,0.66948533,3219.0260613560677
E02652,5578.78,PAYMENT_FAILED,Bank_C,E11,P013,UPI,RETRY_PAYMENT,0.5749978,3207.7861302113533
E01200,4842.9,SUBSCRIPTION_FAILED,Bank_D,E17,P011,CARD,ALTERNATE_PAYMENT,0.6622788,3207.3498620152473
E01538,5582.19,CHECKOUT_ABANDONED,Bank_C,E42,P006,WALLET,SEND_REMINDER,0.5744207,3206.5254345059393
E00071,5151.53,SUBSCRIPTION_FAILED,Bank_B,E11,P008,CARD,ALTERNATE_PAYMENT,0.6203667,3195.837627636194
E04250,4141.12,CHECKOUT_ABANDONED,Bank_A,E42,P003,WALLET,ALTERNATE_PAYMENT,0.77114075,3193.386400127411
E01571,4003.36,PAYMENT_FAILED,Bank_A,E42,P020,UPI,ALTERNATE_PAYMENT,0.7959808,3186.5977400016786
E03759,5420.07,INVOICE_OVERDUE,Bank_C,E11,P005,NETBANKING,SEND_REMINDER,0.585907,3175.656858215332
E02571,3570.58,SUBSCRIPTION_FAILED,Bank_A,E42,P002,NETBANKING,ALTERNATE_PAYMENT,0.8884561,3172.3036036252975
E03217,4265.64,SUBSCRIPTION_FAILED,Bank_A,E23,P005,CARD,ALTERNATE_PAYMENT,0.7429553,3169.1799612092973
E01298,6142.56,PAYMENT_FAILED,Bank_D,E42,P011,WALLET,ALTERNATE_PAYMENT,0.5153388,3165.499367237091
E01320,5030.75,SUBSCRIPTION_FAILED,Bank_B,E11,P010,NETBANKING,ALTERNATE_PAYMENT,0.62912434,3164.967290535569
E04186,4023.21,PAYMENT_FAILED,Bank_A,E42,P009,WALLET,ALTERNATE_PAYMENT,0.78540283,3159.8405374485255
E03518,5626.85,CHECKOUT_ABANDONED,Bank_A,E23,P014,UPI,SEND_REMINDER,0.5609991,3156.6577601760628
E01370,5472.72,PAYMENT_FAILED,Bank_C,E23,P009,CARD,RETRY_PAYMENT,0.57577956,3151.080298433304
E01448,4119.74,CHECKOUT_ABANDONED,Bank_A,E42,P019,UPI,ALTERNATE_PAYMENT,0.76454836,3149.7404659879207
E00340,5460.46,CHECKOUT_ABANDONED,Bank_A,E17,P003,UPI,SEND_REMINDER,0.5763269,3147.010020855665
E01126,4358.42,SUBSCRIPTION_FAILED,Bank_A,E11,P020,CARD,ALTERNATE_PAYMENT,0.72196084,3146.608575645685
E04587,5402.97,SUBSCRIPTION_FAILED,Bank_C,E23,P014,CARD,ALTERNATE_PAYMENT,0.58197546,3144.3959513998034
E02147,5492.8,CHECKOUT_ABANDONED,Bank_A,E17,P009,NETBANKING,SEND_REMINDER,0.57174164,3140.4624833106996
E01017,5691.77,CHECKOUT_ABANDONED,Bank_C,E23,P013,CARD,SEND_REMINDER,0.5510522,3136.4624527657033
E02704,5168.11,SUBSCRIPTION_FAILED,Bank_D,E11,P001,WALLET,ALTERNATE_PAYMENT,0.6065576,3134.756437675953
E01364,4026.14,PAYMENT_FAILED,Bank_A,E42,P003,UPI,ALTERNATE_PAYMENT,0.7783063,3133.5701484572887
E02994,5377.76,CHECKOUT_ABANDONED,Bank_B,E17,P007,WALLET,SEND_REMINDER,0.58253366,3132.7262022304535
E03190,5922.11,CHECKOUT_ABANDONED,Bank_C,E23,P014,CARD,SEND_REMINDER,0.5288749,3132.0551807451247
E01147,5062.05,SUBSCRIPTION_FAILED,Bank_B,E17,P002,CARD,ALTERNATE_PAYMENT,0.61839867,3130.3649691581727
E04500,6014.9,INVOICE_OVERDUE,Bank_C,E11,P014,WALLET,SEND_REMINDER,0.5196777,3125.809389382601
E02684,5014.83,INVOICE_OVERDUE,Bank_B,E42,P017,UPI,ALTERNATE_PAYMENT,0.62252563,3121.860217035413
E03689,5642.31,PAYMENT_FAILED,Bank_A,E11,P008,NETBANKING,RETRY_PAYMENT,0.5532927,3121.8488873487713
E04489,5275.12,INVOICE_OVERDUE,Bank_D,E23,P015,NETBANKING,SEND_REMINDER,0.59075326,3116.294322514534
E00563,4939.89,SUBSCRIPTION_FAILED,Bank_B,E23,P003,UPI,ALTERNATE_PAYMENT,0.63069516,3115.564734697938
E00440,5900.87,INVOICE_OVERDUE,Bank_D,E23,P018,WALLET,SEND_REMINDER,0.5277707,3114.3062791234256
E00215,5199.72,SUBSCRIPTION_FAILED,Bank_C,E11,P008,NETBANKING,ALTERNATE_PAYMENT,0.5982933,3110.957660980225
E03262,4017.23,SUBSCRIPTION_FAILED,Bank_D,E42,P004,CARD,ALTERNATE_PAYMENT,0.77371424,3108.1880738931895
E02575,3486.67,SUBSCRIPTION_FAILED,Bank_A,E42,P017,UPI,ALTERNATE_PAYMENT,0.8901741,3103.7432973867653
E03032,5891.24,INVOICE_OVERDUE,Bank_B,E11,P016,NETBANKING,SEND_REMINDER,0.52664936,3102.6177513837815
E00605,5454.43,INVOICE_OVERDUE,Bank_D,E23,P005,UPI,SEND_REMINDER,0.5685939,3101.3557311230898
E03955,5057.12,PAYMENT_FAILED,Bank_B,E11,P013,WALLET,RETRY_PAYMENT,0.6120047,3094.981194925308
E00853,3994.32,CHECKOUT_ABANDONED,Bank_A,E42,P012,WALLET,ALTERNATE_PAYMENT,0.7745499,3093.8001625013353
E02971,4235.87,SUBSCRIPTION_FAILED,Bank_A,E23,P012,CARD,ALTERNATE_PAYMENT,0.7280603,3083.968804642558
E01853,5457.69,INVOICE_OVERDUE,Bank_C,E17,P017,NETBANKING,SEND_REMINDER,0.5648186,3082.6049379086494
E03162,4076.46,CHECKOUT_ABANDONED,Bank_A,E42,P017,NETBANKING,ALTERNATE_PAYMENT,0.75565916,3080.4143515956403
E04004,5429.77,PAYMENT_FAILED,Bank_C,E42,P017,WALLET,ALTERNATE_PAYMENT,0.56588405,3072.6202582973247
E04566,4720.46,SUBSCRIPTION_FAILED,Bank_B,E17,P013,NETBANKING,ALTERNATE_PAYMENT,0.6508052,3072.0997978174687
E01061,5660.84,CHECKOUT_ABANDONED,Bank_A,E17,P020,WALLET,SEND_REMINDER,0.5404631,3059.475078072548
E02322,4074.48,INVOICE_OVERDUE,Bank_A,E42,P001,UPI,ALTERNATE_PAYMENT,0.75040114,3057.4944338893893
E04833,4836.29,PAYMENT_FAILED,Bank_B,E23,P010,CARD,RETRY_PAYMENT,0.6318292,3055.7092521876098
E03340,5598.48,PAYMENT_FAILED,Bank_B,E42,P014,WALLET,ALTERNATE_PAYMENT,0.5455984,3054.521661672592
E03256,6366.24,INVOICE_OVERDUE,Bank_C,E17,P019,WALLET,SEND_REMINDER,0.47876891,3047.9578170347213
E04254,5542.8,PAYMENT_FAILED,Bank_C,E42,P018,WALLET,ALTERNATE_PAYMENT,0.5477569,3036.1070025444033
E00138,4123.8,CHECKOUT_ABANDONED,Bank_A,E42,P016,CARD,ALTERNATE_PAYMENT,0.73603135,3035.2460954546927
E00256,5180.41,PAYMENT_FAILED,Bank_A,E23,P006,WALLET,RETRY_PAYMENT,0.58544195,3032.829316571951
E03064,4876.26,PAYMENT_FAILED,Bank_B,E17,P007,NETBANKING,RETRY_PAYMENT,0.6212031,3029.1479479873183
E02181,3445.79,SUBSCRIPTION_FAILED,Bank_A,E42,P002,CARD,ALTERNATE_PAYMENT,0.87907135,3029.09528388381
E04732,5457.17,PAYMENT_FAILED,Bank_A,E23,P010,UPI,RETRY_PAYMENT,0.5545073,3026.0406850653885
E00618,4974.38,CHECKOUT_ABANDONED,Bank_A,E17,P004,UPI,SEND_REMINDER,0.6079499,3024.1738859808447
E03065,5465.95,INVOICE_OVERDUE,Bank_C,E23,P020,NETBANKING,SEND_REMINDER,0.5524134,3019.464045527577
E04302,4392.33,PAYMENT_FAILED,Bank_C,E17,P011,UPI,RETRY_PAYMENT,0.6843569,3005.921464998722
E01376,3907.55,PAYMENT_FAILED,Bank_A,E42,P005,CARD,ALTERNATE_PAYMENT,0.76832163,3002.255198353529
E01864,4334.14,SUBSCRIPTION_FAILED,Bank_C,E23,P011,WALLET,ALTERNATE_PAYMENT,0.69157976,2997.403497196436
E01419,5065.59,CHECKOUT_ABANDONED,Bank_A,E17,P017,NETBANKING,SEND_REMINDER,0.59162825,2996.946164444089
E03487,5781.23,INVOICE_OVERDUE,Bank_D,E11,P014,UPI,ALTERNATE_PAYMENT,0.51834327,2996.6616618102785
E03390,4793.54,PAYMENT_FAILED,Bank_D,E23,P007,CARD,RETRY_PAYMENT,0.62407935,2991.5493113732336
E02800,4717.68,CHECKOUT_ABANDONED,Bank_C,E23,P015,UPI,SEND_REMINDER,0.633574,2988.9994305038454
E00874,3375.45,SUBSCRIPTION_FAILED,Bank_A,E42,P003,CARD,ALTERNATE_PAYMENT,0.88534814,2988.4483831912275
E02352,4706.24,INVOICE_OVERDUE,Bank_A,E23,P002,NETBANKING,SEND_REMINDER,0.6340796,2984.1306615829467
E01928,4840.29,SUBSCRIPTION_FAILED,Bank_C,E11,P002,NETBANKING,ALTERNATE_PAYMENT,0.6160508,2981.864429052472
E04392,4742.48,SUBSCRIPTION_FAILED,Bank_A,E17,P016,NETBANKING,ALTERNATE_PAYMENT,0.62737554,2975.315965723991
E02717,4197.33,SUBSCRIPTION_FAILED,Bank_A,E23,P012,NETBANKING,ALTERNATE_PAYMENT,0.70885783,2975.31025380671
E04448,5433.66,CHECKOUT_ABANDONED,Bank_D,E23,P014,NETBANKING,SEND_REMINDER,0.54696125,2972.0014543783664
E02496,3815.49,PAYMENT_FAILED,Bank_A,E42,P020,NETBANKING,ALTERNATE_PAYMENT,0.77873325,2971.2489413166045
E02429,4598.26,SUBSCRIPTION_FAILED,Bank_A,E11,P009,UPI,ALTERNATE_PAYMENT,0.64431703,2962.7372305369377
E03951,4430.29,SUBSCRIPTION_FAILED,Bank_D,E11,P017,NETBANKING,ALTERNATE_PAYMENT,0.6686245,2962.200526047945
E02858,5272.8,CHECKOUT_ABANDONED,Bank_D,E11,P007,NETBANKING,SEND_REMINDER,0.5616116,2961.2656063556674
E03621,4698.05,CHECKOUT_ABANDONED,Bank_B,E42,P014,CARD,ALTERNATE_PAYMENT,0.63020027,2960.7123636186125
E00763,5631.65,INVOICE_OVERDUE,Bank_A,E17,P006,NETBANKING,SEND_REMINDER,0.52567595,2960.422977527976
E02239,5175.03,INVOICE_OVERDUE,Bank_A,E17,P014,CARD,ALTERNATE_PAYMENT,0.5713547,2956.777646972537
E02852,5280.78,CHECKOUT_ABANDONED,Bank_D,E11,P002,NETBANKING,SEND_REMINDER,0.559342,2953.762187812328
E04332,5270.67,PAYMENT_FAILED,Bank_D,E11,P016,NETBANKING,RETRY_PAYMENT,0.5599072,2951.0860710310935
E03589,4477.31,PAYMENT_FAILED,Bank_B,E17,P007,CARD,RETRY_PAYMENT,0.65826684,2947.2647159904245
E00776,3995.76,INVOICE_OVERDUE,Bank_A,E42,P002,CARD,ALTERNATE_PAYMENT,0.73691493,2944.5352115964893
E00733,5531.75,CHECKOUT_ABANDONED,Bank_D,E17,P016,UPI,SEND_REMINDER,0.5318324,2941.963862016797
E00700,4716.14,CHECKOUT_ABANDONED,Bank_C,E42,P003,WALLET,SEND_REMINDER,0.6235435,2940.7184463357926
E04300,5195.15,PAYMENT_FAILED,Bank_A,E17,P016,UPI,RETRY_PAYMENT,0.56601787,2940.5477172493934
E04751,4790.72,CHECKOUT_ABANDONED,Bank_A,E11,P007,NETBANKING,SEND_REMINDER,0.6136197,2939.680098152161
E00854,4415.55,PAYMENT_FAILED,Bank_B,E17,P020,UPI,RETRY_PAYMENT,0.6655314,2938.687159430981
E04750,5214.29,CHECKOUT_ABANDONED,Bank_B,E17,P009,WALLET,SEND_REMINDER,0.5621002,2930.953306081295
E01469,5539.84,INVOICE_OVERDUE,Bank_C,E17,P016,NETBANKING,SEND_REMINDER,0.5273612,2921.496748657227
E04740,5618.6,INVOICE_OVERDUE,Bank_D,E17,P013,NETBANKING,SEND_REMINDER,0.51954585,2919.1203304409983
E01091,4826.38,CHECKOUT_ABANDONED,Bank_D,E11,P001,NETBANKING,SEND_REMINDER,0.60381347,2914.233252490759
E04265,4575.79,INVOICE_OVERDUE,Bank_B,E42,P005,CARD,ALTERNATE_PAYMENT,0.63560057,2908.374717850685
E04444,4181.96,SUBSCRIPTION_FAILED,Bank_A,E23,P008,WALLET,ALTERNATE_PAYMENT,0.69487906,2905.9564129447936
E03548,4344.51,PAYMENT_FAILED,Bank_B,E17,P018,NETBANKING,RETRY_PAYMENT,0.66868705,2905.1175563675165
E00418,3338.01,SUBSCRIPTION_FAILED,Bank_A,E42,P006,WALLET,ALTERNATE_PAYMENT,0.869781,2903.3377335691453
E03464,4766.11,PAYMENT_FAILED,Bank_C,E23,P019,CARD,RETRY_PAYMENT,0.60855925,2900.460330981016
E00779,3884.12,PAYMENT_FAILED,Bank_A,E42,P017,NETBANKING,ALTERNATE_PAYMENT,0.7462059,2898.353361067772
E01398,4252.4,PAYMENT_FAILED,Bank_C,E17,P011,NETBANKING,RETRY_PAYMENT,0.6809574,2895.7031497716903
E02635,5087.4,CHECKOUT_ABANDONED,Bank_B,E17,P019,WALLET,SEND_REMINDER,0.569042,2894.9444081425663
E00514,3977.8,CHECKOUT_ABANDONED,Bank_A,E42,P006,CARD,ALTERNATE_PAYMENT,0.72561634,2886.3566608190536
E00982,3245.11,SUBSCRIPTION_FAILED,Bank_A,E42,P006,UPI,ALTERNATE_PAYMENT,0.88823426,2882.4178719985484
E03034,3269.15,SUBSCRIPTION_FAILED,Bank_A,E42,P005,NETBANKING,ALTERNATE_PAYMENT,0.87897813,2873.511364156008
E01744,4667.61,INVOICE_OVERDUE,Bank_D,E42,P007,CARD,ALTERNATE_PAYMENT,0.61527836,2871.879440985918
E04620,5120.18,CHECKOUT_ABANDONED,Bank_C,E11,P001,CARD,SEND_REMINDER,0.56051165,2869.920533210039
E00232,5596.82,INVOICE_OVERDUE,Bank_D,E11,P012,CARD,SEND_REMINDER,0.5126011,2868.9359628903862
E03511,3336.92,SUBSCRIPTION_FAILED,Bank_A,E42,P002,WALLET,ALTERNATE_PAYMENT,0.8590832,2866.69183052063
E01741,4379.48,PAYMENT_FAILED,Bank_A,E23,P013,CARD,RETRY_PAYMENT,0.65294075,2859.540956344604
E01856,4687.57,SUBSCRIPTION_FAILED,Bank_B,E23,P003,NETBANKING,ALTERNATE_PAYMENT,0.60972774,2858.1414635407923
E04866,4327.84,PAYMENT_FAILED,Bank_B,E11,P010,WALLET,RETRY_PAYMENT,0.6597218,2855.170359182358
E04540,4204.99,PAYMENT_FAILED,Bank_D,E17,P016,CARD,RETRY_PAYMENT,0.677793,2850.11289627552
E00427,4254.38,PAYMENT_FAILED,Bank_C,E17,P007,WALLET,RETRY_PAYMENT,0.66962177,2848.825447191
E02691,5471.65,INVOICE_OVERDUE,Bank_C,E23,P008,NETBANKING,SEND_REMINDER,0.52051353,2848.067881298065
E03565,3786.82,PAYMENT_FAILED,Bank_A,E42,P003,CARD,ALTERNATE_PAYMENT,0.7520221,2847.7722816669943
E03490,4719.87,PAYMENT_FAILED,Bank_D,E42,P001,NETBANKING,ALTERNATE_PAYMENT,0.60292,2845.704000504613
E02643,3215.9,SUBSCRIPTION_FAILED,Bank_A,E42,P012,CARD,ALTERNATE_PAYMENT,0.8848666,2845.642483723164
E02183,4228.95,CHECKOUT_ABANDONED,Bank_D,E42,P015,UPI,SEND_REMINDER,0.6722238,2842.8008659958837
E03008,4176.67,SUBSCRIPTION_FAILED,Bank_B,E23,P001,UPI,ALTERNATE_PAYMENT,0.6801463,2840.746550552249
E02569,4861.17,CHECKOUT_ABANDONED,Bank_A,E11,P005,WALLET,SEND_REMINDER,0.58404815,2839.157354911566
E03924,5267.41,INVOICE_OVERDUE,Bank_B,E23,P007,UPI,SEND_REMINDER,0.53883255,2838.2519373357295
E00995,4388.8,SUBSCRIPTION_FAILED,Bank_D,E23,P020,NETBANKING,ALTERNATE_PAYMENT,0.64646363,2837.1995906829834
E04577,4916.61,PAYMENT_FAILED,Bank_B,E42,P004,NETBANKING,ALTERNATE_PAYMENT,0.5768472,2836.1326904833313
E01263,4855.88,PAYMENT_FAILED,Bank_C,E42,P012,UPI,ALTERNATE_PAYMENT,0.58397937,2835.7337345027922
E01042,4234.04,PAYMENT_FAILED,Bank_A,E23,P011,NETBANKING,RETRY_PAYMENT,0.6696104,2835.1571381044387
E00635,4411.85,SUBSCRIPTION_FAILED,Bank_A,E23,P019,CARD,ALTERNATE_PAYMENT,0.6414794,2830.110771673918
E01009,4962.53,CHECKOUT_ABANDONED,Bank_A,E11,P001,CARD,SEND_REMINDER,0.5701902,2829.5859298777577
E00864,4667.82,SUBSCRIPTION_FAILED,Bank_B,E23,P016,CARD,ALTERNATE_PAYMENT,0.60570997,2827.3451121532917
E02365,4391.54,SUBSCRIPTION_FAILED,Bank_C,E23,P008,NETBANKING,ALTERNATE_PAYMENT,0.6436978,2826.8246289360522
E02514,3176.42,SUBSCRIPTION_FAILED,Bank_A,E42,P014,NETBANKING,ALTERNATE_PAYMENT,0.8886401,2822.6942046248914
E01777,4631.21,PAYMENT_FAILED,Bank_A,E23,P005,NETBANKING,RETRY_PAYMENT,0.6092988,2821.7908125507834
E01558,4625.47,SUBSCRIPTION_FAILED,Bank_B,E23,P003,NETBANKING,ALTERNATE_PAYMENT,0.60972774,2820.2773708689215
E04068,4427.31,SUBSCRIPTION_FAILED,Bank_B,E17,P003,CARD,ALTERNATE_PAYMENT,0.6368891,2819.7054816520217
E02535,4577.88,SUBSCRIPTION_FAILED,Bank_C,E11,P009,NETBANKING,ALTERNATE_PAYMENT,0.61244285,2803.689879040718
E01865,4458.84,INVOICE_OVERDUE,Bank_B,E11,P002,CARD,SEND_REMINDER,0.6284826,2802.3032678318023
E03348,4564.6,PAYMENT_FAILED,Bank_D,E11,P013,NETBANKING,RETRY_PAYMENT,0.6126686,2796.5869722247126
E04233,5123.98,INVOICE_OVERDUE,Bank_A,E17,P014,WALLET,ALTERNATE_PAYMENT,0.54511344,2793.150386469364
E03049,3801.65,PAYMENT_FAILED,Bank_A,E42,P018,UPI,ALTERNATE_PAYMENT,0.73419195,2791.1408424407246
E03903,5225.65,INVOICE_OVERDUE,Bank_A,E23,P003,UPI,SEND_REMINDER,0.5339543,2790.258404526114
E04824,5402.69,INVOICE_OVERDUE,Bank_A,E17,P020,WALLET,SEND_REMINDER,0.51492923,2782.003028542399
E03233,5456.23,INVOICE_OVERDUE,Bank_C,E11,P006,NETBANKING,SEND_REMINDER,0.5079196,2771.32621119678
E01792,5034.47,INVOICE_OVERDUE,Bank_C,E42,P002,CARD,ALTERNATE_PAYMENT,0.5502984,2770.460749462247
E04785,3994.79,SUBSCRIPTION_FAILED,Bank_A,E17,P013,UPI,ALTERNATE_PAYMENT,0.69300336,2768.4028783398867
E01183,4530.55,PAYMENT_FAILED,Bank_D,E23,P009,WALLET,RETRY_PAYMENT,0.61032116,2765.0905501544476
E03054,3726.59,PAYMENT_FAILED,Bank_A,E42,P002,UPI,ALTERNATE_PAYMENT,0.7413651,2762.7636752593517
E02143,5263.0,INVOICE_OVERDUE,Bank_B,E42,P011,WALLET,SEND_REMINDER,0.52483636,2762.2137700915337
E03138,4265.55,CHECKOUT_ABANDONED,Bank_A,E11,P004,NETBANKING,SEND_REMINDER,0.6469877,2759.758284008503
E00348,4817.5,CHECKOUT_ABANDONED,Bank_D,E17,P011,UPI,SEND_REMINDER,0.57152784,2753.335362970829
E04799,4120.05,SUBSCRIPTION_FAILED,Bank_D,E11,P010,UPI,ALTERNATE_PAYMENT,0.6678028,2751.380970096588
E03399,4186.58,CHECKOUT_ABANDONED,Bank_B,E23,P004,NETBANKING,SEND_REMINDER,0.6564715,2748.3704142045976
E04087,4032.29,PAYMENT_FAILED,Bank_D,E11,P005,CARD,RETRY_PAYMENT,0.67994595,2741.739237546921
E03324,5035.81,SUBSCRIPTION_FAILED,Bank_B,E23,P019,NETBANKING,ALTERNATE_PAYMENT,0.5427939,2733.407098502517
E04106,4498.71,SUBSCRIPTION_FAILED,Bank_B,E11,P008,UPI,ALTERNATE_PAYMENT,0.6072963,2732.049883849025
E01990,3555.12,SUBSCRIPTION_FAILED,Bank_C,E42,P014,UPI,ALTERNATE_PAYMENT,0.76809037,2730.653426656723
E03071,4329.54,SUBSCRIPTION_FAILED,Bank_A,E11,P006,UPI,ALTERNATE_PAYMENT,0.63059884,2730.202915145159
E01835,4013.87,SUBSCRIPTION_FAILED,Bank_C,E17,P015,CARD,ALTERNATE_PAYMENT,0.6769565,2717.2152854293586
E01176,5236.37,INVOICE_OVERDUE,Bank_B,E11,P019,CARD,SEND_REMINDER,0.5186928,2716.0673724275825
E02620,4887.66,INVOICE_OVERDUE,Bank_B,E11,P020,WALLET,SEND_REMINDER,0.5551191,2713.233406780958
E04443,5171.62,INVOICE_OVERDUE,Bank_D,E23,P003,UPI,SEND_REMINDER,0.5244391,2712.1997199869156
E00566,3649.88,CHECKOUT_ABANDONED,Bank_A,E42,P012,WALLET,ALTERNATE_PAYMENT,0.74275625,2710.9711726999285
E01170,3929.46,SUBSCRIPTION_FAILED,Bank_A,E11,P011,CARD,ALTERNATE_PAYMENT,0.6898292,2710.6561331140997
E03885,3054.76,SUBSCRIPTION_FAILED,Bank_A,E42,P002,NETBANKING,ALTERNATE_PAYMENT,0.8873279,2710.5738047313694
E04992,4666.91,PAYMENT_FAILED,Bank_D,E11,P016,UPI,RETRY_PAYMENT,0.5801498,2707.5070402675865
E00696,4313.79,CHECKOUT_ABANDONED,Bank_C,E23,P012,UPI,SEND_REMINDER,0.6264704,2702.4616906589267
E01305,4596.38,CHECKOUT_ABANDONED,Bank_C,E23,P013,NETBANKING,SEND_REMINDER,0.5876847,2701.2221597993375
E04872,4184.25,PAYMENT_FAILED,Bank_B,E23,P002,NETBANKING,RETRY_PAYMENT,0.6451288,2699.380125179887
E04100,5236.39,INVOICE_OVERDUE,Bank_D,E11,P020,CARD,SEND_REMINDER,0.5152073,2697.8263046836855
E04277,4739.59,CHECKOUT_ABANDONED,Bank_A,E23,P012,WALLET,SEND_REMINDER,0.56883895,2696.0634178555015
E02189,3757.76,PAYMENT_FAILED,Bank_A,E42,P006,UPI,ALTERNATE_PAYMENT,0.71657825,2692.7290665435794
E04871,4637.98,CHECKOUT_ABANDONED,Bank_B,E23,P019,NETBANKING,SEND_REMINDER,0.5775651,2678.7352617573733
E04389,5025.86,INVOICE_OVERDUE,Bank_D,E23,P008,NETBANKING,SEND_REMINDER,0.5326101,2676.8238896071907
E04918,4436.36,SUBSCRIPTION_FAILED,Bank_C,E17,P002,CARD,ALTERNATE_PAYMENT,0.60327137,2676.328953566551
E00895,3542.91,CHECKOUT_ABANDONED,Bank_A,E42,P001,UPI,ALTERNATE_PAYMENT,0.7550708,2675.1479076898095
E01549,4884.53,INVOICE_OVERDUE,Bank_D,E17,P011,CARD,SEND_REMINDER,0.5469418,2671.5537124472853
E02173,4263.94,PAYMENT_FAILED,Bank_D,E42,P004,UPI,ALTERNATE_PAYMENT,0.62594646,2668.9981578385828
E01796,2947.87,SUBSCRIPTION_FAILED,Bank_A,E42,P001,NETBANKING,ALTERNATE_PAYMENT,0.9036717,2663.906640866399
E02870,4871.39,INVOICE_OVERDUE,Bank_A,E23,P008,UPI,SEND_REMINDER,0.5468122,2663.73536947608
E00568,4259.83,PAYMENT_FAILED,Bank_C,E42,P015,UPI,ALTERNATE_PAYMENT,0.62531424,2663.732340607643
E00549,4893.42,CHECKOUT_ABANDONED,Bank_D,E11,P008,CARD,SEND_REMINDER,0.54420954,2663.0458466899395
E04149,4428.85,CHECKOUT_ABANDONED,Bank_C,E11,P017,NETBANKING,SEND_REMINDER,0.60114473,2662.3798420876265
E02501,3509.17,SUBSCRIPTION_FAILED,Bank_C,E42,P011,NETBANKING,ALTERNATE_PAYMENT,0.7582723,2660.9063727056982
E04549,4386.68,CHECKOUT_ABANDONED,Bank_C,E23,P004,UPI,SEND_REMINDER,0.6065611,2660.7895528531076
E01006,3969.62,PAYMENT_FAILED,Bank_C,E23,P008,WALLET,RETRY_PAYMENT,0.66884637,2655.065922474861
E02461,3981.93,CHECKOUT_ABANDONED,Bank_B,E23,P016,WALLET,SEND_REMINDER,0.6667154,2654.8139871382714
E03993,4719.9,INVOICE_OVERDUE,Bank_D,E11,P015,UPI,SEND_REMINDER,0.56229883,2653.9942681252955
E00259,4387.95,CHECKOUT_ABANDONED,Bank_B,E23,P005,NETBANKING,SEND_REMINDER,0.6045213,2652.6091267347333
E00889,4880.95,INVOICE_OVERDUE,Bank_D,E17,P013,CARD,SEND_REMINDER,0.54273844,2649.079177260399
E00526,4013.85,PAYMENT_FAILED,Bank_C,E23,P008,CARD,RETRY_PAYMENT,0.65645415,2634.9084735542533
E02330,5116.99,INVOICE_OVERDUE,Bank_B,E23,P008,WALLET,SEND_REMINDER,0.51414067,2630.852644116282
E04659,4491.25,PAYMENT_FAILED,Bank_D,E42,P019,UPI,ALTERNATE_PAYMENT,0.585223,2628.3828846365213
E03401,5031.42,INVOICE_OVERDUE,Bank_A,E11,P018,WALLET,SEND_REMINDER,0.5222222,2627.5193266689776
E03912,4277.16,INVOICE_OVERDUE,Bank_A,E23,P008,WALLET,SEND_REMINDER,0.6135445,2624.2280950570107
E02423,3955.92,PAYMENT_FAILED,Bank_B,E17,P012,CARD,RETRY_PAYMENT,0.6621135,2619.267988343239
E03010,3878.19,SUBSCRIPTION_FAILED,Bank_A,E11,P017,NETBANKING,ALTERNATE_PAYMENT,0.6742297,2614.790808464885
E02363,3424.78,PAYMENT_FAILED,Bank_A,E42,P007,NETBANKING,ALTERNATE_PAYMENT,0.7630799,2613.380717139244
E04258,4349.82,INVOICE_OVERDUE,Bank_C,E23,P012,UPI,SEND_REMINDER,0.59937286,2607.1640702819823
E01559,4334.57,CHECKOUT_ABANDONED,Bank_C,E17,P017,NETBANKING,SEND_REMINDER,0.60087174,2604.520625731349
E00741,4703.25,INVOICE_OVERDUE,Bank_A,E17,P018,CARD,SEND_REMINDER,0.55151427,2593.909480601549
E03249,3987.94,SUBSCRIPTION_FAILED,Bank_B,E11,P020,NETBANKING,ALTERNATE_PAYMENT,0.6500488,2592.355581012964
E04047,2903.39,SUBSCRIPTION_FAILED,Bank_A,E42,P006,UPI,ALTERNATE_PAYMENT,0.89261734,2591.616272882223
E04486,3916.61,PAYMENT_FAILED,Bank_D,E23,P016,CARD,RETRY_PAYMENT,0.66150653,2590.8631046521664
E03228,4476.01,CHECKOUT_ABANDONED,Bank_C,E17,P019,CARD,SEND_REMINDER,0.5772911,2583.9606085640194
E04425,4588.67,INVOICE_OVERDUE,Bank_B,E11,P001,NETBANKING,SEND_REMINDER,0.5627763,2582.3948490262032
E00201,4040.58,SUBSCRIPTION_FAILED,Bank_C,E17,P020,CARD,ALTERNATE_PAYMENT,0.6381688,2578.5721375751496
E00358,4373.48,PAYMENT_FAILED,Bank_C,E42,P003,UPI,ALTERNATE_PAYMENT,0.5895465,2578.3698339772222
E04230,3411.52,CHECKOUT_ABANDONED,Bank_A,E42,P007,CARD,ALTERNATE_PAYMENT,0.75574243,2578.230417137146
E03069,5017.29,INVOICE_OVERDUE,Bank_D,E17,P017,WALLET,SEND_REMINDER,0.5125858,2571.7917026442287
E02071,3993.25,CHECKOUT_ABANDONED,Bank_B,E42,P003,NETBANKING,SEND_REMINDER,0.6435402,2569.816917911172
E03602,4558.53,PAYMENT_FAILED,Bank_D,E42,P001,CARD,ALTERNATE_PAYMENT,0.56277907,2565.445269166231
E00820,4867.29,INVOICE_OVERDUE,Bank_C,E23,P019,CARD,SEND_REMINDER,0.52643174,2562.2959405249358
E02555,4428.54,INVOICE_OVERDUE,Bank_A,E11,P009,UPI,SEND_REMINDER,0.57802945,2559.8265571296215
E00139,3939.15,CHECKOUT_ABANDONED,Bank_B,E23,P004,WALLET,SEND_REMINDER,0.649304,2557.7057441443208
E04839,4346.58,INVOICE_OVERDUE,Bank_C,E42,P017,WALLET,ALTERNATE_PAYMENT,0.5882202,2556.746065989733
E03886,4882.12,INVOICE_OVERDUE,Bank_A,E17,P010,NETBANKING,ALTERNATE_PAYMENT,0.52246225,2550.723394122124
E04848,4054.01,PAYMENT_FAILED,Bank_A,E11,P001,CARD,RETRY_PAYMENT,0.62915945,2550.618704047203
E04629,3459.71,INVOICE_OVERDUE,Bank_A,E42,P011,CARD,ALTERNATE_PAYMENT,0.7347881,2542.1538059288264
E04628,3928.57,CHECKOUT_ABANDONED,Bank_D,E42,P007,NETBANKING,SEND_REMINDER,0.64705694,2542.0084718453886
E00979,5013.43,INVOICE_OVERDUE,Bank_A,E11,P019,WALLET,SEND_REMINDER,0.50617373,2537.666562675238
E03962,3995.24,CHECKOUT_ABANDONED,Bank_B,E42,P009,WALLET,SEND_REMINDER,0.6349916,2536.943784883022
E01130,4301.19,INVOICE_OVERDUE,Bank_C,E17,P020,NETBANKING,SEND_REMINDER,0.5889382,2533.13499594748
E03161,4918.3,INVOICE_OVERDUE,Bank_C,E17,P018,WALLET,SEND_REMINDER,0.51364,2526.235545676947
E04989,4077.87,PAYMENT_FAILED,Bank_A,E11,P010,UPI,RETRY_PAYMENT,0.61944836,2526.029899211526
E02008,4523.53,INVOICE_OVERDUE,Bank_C,E23,P016,CARD,SEND_REMINDER,0.55792624,2523.7960734945536
E01887,3961.91,SUBSCRIPTION_FAILED,Bank_B,E23,P001,WALLET,ALTERNATE_PAYMENT,0.63680935,2522.981328134537
E03608,4753.83,INVOICE_OVERDUE,Bank_C,E11,P004,CARD,SEND_REMINDER,0.52984864,2518.810337457061
E03225,3933.99,PAYMENT_FAILED,Bank_D,E17,P006,UPI,RETRY_PAYMENT,0.6398586,2517.197347494364
E03756,3320.59,CHECKOUT_ABANDONED,Bank_A,E42,P008,WALLET,ALTERNATE_PAYMENT,0.7579628,2516.8837701404095
E00973,3974.03,PAYMENT_FAILED,Bank_D,E11,P012,WALLET,RETRY_PAYMENT,0.6319041,2511.2059507226945
E03785,3763.59,SUBSCRIPTION_FAILED,Bank_D,E17,P011,NETBANKING,ALTERNATE_PAYMENT,0.6662613,2507.5344238221646
E00036,4633.26,CHECKOUT_ABANDONED,Bank_D,E23,P020,WALLET,SEND_REMINDER,0.5410646,2506.8930613446237
E00708,3936.03,CHECKOUT_ABANDONED,Bank_B,E11,P002,NETBANKING,SEND_REMINDER,0.6366316,2505.801108072996
E03838,4501.34,CHECKOUT_ABANDONED,Bank_D,E11,P017,WALLET,SEND_REMINDER,0.5563621,2504.3749414312842
E03388,3417.47,CHECKOUT_ABANDONED,Bank_A,E42,P019,CARD,ALTERNATE_PAYMENT,0.7312739,2499.1065792918203
E02275,4468.34,CHECKOUT_ABANDONED,Bank_D,E11,P005,NETBANKING,SEND_REMINDER,0.5580397,2493.5112240326407
E04669,4541.51,INVOICE_OVERDUE,Bank_C,E17,P015,WALLET,SEND_REMINDER,0.54894257,2493.028152542114
E00319,3889.73,PAYMENT_FAILED,Bank_D,E23,P017,UPI,RETRY_PAYMENT,0.64052993,2491.488486919999
E00377,4391.88,INVOICE_OVERDUE,Bank_A,E23,P001,NETBANKING,ALTERNATE_PAYMENT,0.56598777,2485.750348813534
E00834,4666.32,INVOICE_OVERDUE,Bank_C,E23,P014,CARD,ALTERNATE_PAYMENT,0.53241813,2484.4333769130703
E01450,3859.5,PAYMENT_FAILED,Bank_B,E11,P011,WALLET,RETRY_PAYMENT,0.6414054,2475.5041552484035
E00415,3404.47,INVOICE_OVERDUE,Bank_A,E42,P002,UPI,ALTERNATE_PAYMENT,0.72673166,2474.1361276495454
E03827,3309.6,PAYMENT_FAILED,Bank_A,E42,P011,UPI,ALTERNATE_PAYMENT,0.7463911,2470.2560427188873
E02126,4004.04,CHECKOUT_ABANDONED,Bank_B,E11,P011,NETBANKING,SEND_REMINDER,0.6157611,2465.532079832554
E01588,2736.54,SUBSCRIPTION_FAILED,Bank_A,E42,P012,NETBANKING,ALTERNATE_PAYMENT,0.9000582,2463.0452937090395
E03571,2718.26,SUBSCRIPTION_FAILED,Bank_A,E42,P009,NETBANKING,ALTERNATE_PAYMENT,0.9043973,2458.3870286905767
E02732,2745.17,SUBSCRIPTION_FAILED,Bank_A,E42,P005,CARD,ALTERNATE_PAYMENT,0.8949279,2456.7292751568557
E03517,4408.19,INVOICE_OVERDUE,Bank_A,E23,P018,WALLET,SEND_REMINDER,0.55621624,2451.9068666934963
E02196,4191.32,INVOICE_OVERDUE,Bank_D,E11,P002,CARD,SEND_REMINDER,0.5833138,2444.854891552925
E03156,3926.09,PAYMENT_FAILED,Bank_B,E42,P013,WALLET,ALTERNATE_PAYMENT,0.62238145,2443.5255821061137
E01755,2732.6,SUBSCRIPTION_FAILED,Bank_A,E42,P014,NETBANKING,ALTERNATE_PAYMENT,0.89416593,2443.397828876972
E00726,3215.15,PAYMENT_FAILED,Bank_A,E42,P020,WALLET,ALTERNATE_PAYMENT,0.75840193,2438.375966307521
E02926,4031.71,PAYMENT_FAILED,Bank_A,E23,P009,WALLET,RETRY_PAYMENT,0.6047298,2438.095067514181
E01749,4006.6,CHECKOUT_ABANDONED,Bank_D,E23,P011,NETBANKING,SEND_REMINDER,0.6082956,2437.197229039669
E03979,3251.97,INVOICE_OVERDUE,Bank_A,E42,P020,NETBANKING,ALTERNATE_PAYMENT,0.74766874,2431.396322607994
E04621,3184.8,PAYMENT_FAILED,Bank_A,E42,P009,WALLET,ALTERNATE_PAYMENT,0.76176375,2426.065195798874
E01847,3316.76,SUBSCRIPTION_FAILED,Bank_B,E42,P020,CARD,ALTERNATE_PAYMENT,0.7308628,2424.096488277912
E03891,4160.35,CHECKOUT_ABANDONED,Bank_A,E17,P006,UPI,SEND_REMINDER,0.5813917,2418.7929264843465
E01704,3214.89,SUBSCRIPTION_FAILED,Bank_C,E42,P014,UPI,ALTERNATE_PAYMENT,0.75038946,2412.4195606076714
E01804,3308.39,PAYMENT_FAILED,Bank_A,E42,P017,NETBANKING,ALTERNATE_PAYMENT,0.7287604,2411.0236901456115
E03141,3624.83,PAYMENT_FAILED,Bank_C,E23,P007,UPI,RETRY_PAYMENT,0.6628704,2402.7925377845763
E01663,4053.85,PAYMENT_FAILED,Bank_B,E42,P001,NETBANKING,ALTERNATE_PAYMENT,0.59267116,2402.5999654650686
E01180,3272.43,CHECKOUT_ABANDONED,Bank_A,E42,P004,CARD,ALTERNATE_PAYMENT,0.733876,2401.557805674076
E03947,3275.04,INVOICE_OVERDUE,Bank_A,E42,P008,UPI,ALTERNATE_PAYMENT,0.7330409,2400.7383635902406
E01840,3577.25,SUBSCRIPTION_FAILED,Bank_A,E11,P013,NETBANKING,ALTERNATE_PAYMENT,0.6707607,2399.478682473302
E02122,4924.47,INVOICE_OVERDUE,Bank_B,E11,P006,CARD,SEND_REMINDER,0.48685575,2397.5065121340754
E02160,4060.8,CHECKOUT_ABANDONED,Bank_A,E17,P013,UPI,SEND_REMINDER,0.59015214,2396.489828109741
E00402,3356.52,INVOICE_OVERDUE,Bank_A,E42,P004,CARD,ALTERNATE_PAYMENT,0.7125637,2391.734288585186
E04716,4193.8,CHECKOUT_ABANDONED,Bank_D,E17,P020,WALLET,SEND_REMINDER,0.5702583,2391.5493398070334
E00606,3226.93,SUBSCRIPTION_FAILED,Bank_B,E42,P010,NETBANKING,ALTERNATE_PAYMENT,0.739337,2385.788832772374
E02316,4082.86,CHECKOUT_ABANDONED,Bank_D,E11,P008,WALLET,SEND_REMINDER,0.58248323,2378.1974886906146
E01816,3865.6,INVOICE_OVERDUE,Bank_D,E42,P012,NETBANKING,ALTERNATE_PAYMENT,0.61453533,2375.5477783203123
E00291,3127.34,SUBSCRIPTION_FAILED,Bank_B,E42,P011,NETBANKING,ALTERNATE_PAYMENT,0.758308,2371.48692011714
E03403,4664.44,INVOICE_OVERDUE,Bank_D,E23,P012,WALLET,SEND_REMINDER,0.50725955,2366.0817247223854
E01354,3803.57,PAYMENT_FAILED,Bank_C,E11,P008,WALLET,RETRY_PAYMENT,0.6204343,2359.86523039341
E01597,3719.6,PAYMENT_FAILED,Bank_C,E23,P008,UPI,RETRY_PAYMENT,0.6335089,2356.399781322479
E04199,3814.93,PAYMENT_FAILED,Bank_B,E17,P001,WALLET,RETRY_PAYMENT,0.617263,2354.8152093976737
E02069,3033.19,PAYMENT_FAILED,Bank_A,E42,P015,WALLET,ALTERNATE_PAYMENT,0.77537376,2351.8559256476165
E02451,3123.64,INVOICE_OVERDUE,Bank_A,E42,P020,UPI,ALTERNATE_PAYMENT,0.75259084,2350.8228361344336
E04055,3694.63,SUBSCRIPTION_FAILED,Bank_D,E23,P012,NETBANKING,ALTERNATE_PAYMENT,0.63334715,2339.983394340277
E02050,3708.21,SUBSCRIPTION_FAILED,Bank_D,E11,P015,WALLET,ALTERNATE_PAYMENT,0.63016015,2336.7661806303263
E03978,4063.23,CHECKOUT_ABANDONED,Bank_C,E11,P014,WALLET,SEND_REMINDER,0.57504064,2336.522373356223
E02582,4969.94,INVOICE_OVERDUE,Bank_C,E17,P006,WALLET,SEND_REMINDER,0.46763495,2324.1176240593195
E00248,3734.99,CHECKOUT_ABANDONED,Bank_C,E42,P004,NETBANKING,SEND_REMINDER,0.62203956,2323.311523144245
E02944,2551.75,SUBSCRIPTION_FAILED,Bank_A,E42,P009,UPI,ALTERNATE_PAYMENT,0.9082667,2317.66961081326
E01924,3582.54,SUBSCRIPTION_FAILED,Bank_D,E23,P008,UPI,ALTERNATE_PAYMENT,0.6461436,2314.8353473627567
E03913,3578.29,SUBSCRIPTION_FAILED,Bank_D,E11,P014,CARD,ALTERNATE_PAYMENT,0.646881,2314.7277573335173
E04122,3195.45,CHECKOUT_ABANDONED,Bank_A,E42,P016,NETBANKING,ALTERNATE_PAYMENT,0.7228178,2309.72807058692
E03593,3961.01,SUBSCRIPTION_FAILED,Bank_B,E17,P006,UPI,ALTERNATE_PAYMENT,0.58171314,2304.171564714313
E04279,3765.14,CHECKOUT_ABANDONED,Bank_B,E11,P020,NETBANKING,SEND_REMINDER,0.6119743,2304.1689119637012
E01089,3643.88,PAYMENT_FAILED,Bank_B,E11,P016,CARD,RETRY_PAYMENT,0.6316856,2301.786577277184
E01652,3152.4,CHECKOUT_ABANDONED,Bank_A,E42,P003,UPI,ALTERNATE_PAYMENT,0.72712946,2292.202907752991
E00268,2891.92,SUBSCRIPTION_FAILED,Bank_D,E42,P015,CARD,ALTERNATE_PAYMENT,0.7903128,2285.5214695978166
E04211,3945.09,INVOICE_OVERDUE,Bank_B,E23,P014,NETBANKING,SEND_REMINDER,0.5786982,2283.016552332044
E00878,3335.92,SUBSCRIPTION_FAILED,Bank_A,E17,P007,CARD,ALTERNATE_PAYMENT,0.6837312,2280.872579069138
E04269,3019.56,PAYMENT_FAILED,Bank_A,E42,P012,CARD,ALTERNATE_PAYMENT,0.75512207,2280.1363842344285
E02259,2946.27,SUBSCRIPTION_FAILED,Bank_D,E42,P014,NETBANKING,ALTERNATE_PAYMENT,0.7730339,2277.566638492942
E04608,3563.37,PAYMENT_FAILED,Bank_B,E23,P015,NETBANKING,RETRY_PAYMENT,0.6386489,2275.742427758574
E01100,3939.0,PAYMENT_FAILED,Bank_C,E42,P003,UPI,ALTERNATE_PAYMENT,0.57541263,2266.5503536462784
E02683,3913.15,CHECKOUT_ABANDONED,Bank_B,E17,P012,UPI,SEND_REMINDER,0.5788836,2265.25831361115
E03400,3930.51,CHECKOUT_ABANDONED,Bank_D,E23,P010,NETBANKING,SEND_REMINDER,0.57453305,2258.2078798502685
E00436,4148.66,INVOICE_OVERDUE,Bank_C,E11,P018,CARD,SEND_REMINDER,0.5440114,2256.9183930170534
E03391,3766.17,CHECKOUT_ABANDONED,Bank_C,E11,P004,UPI,SEND_REMINDER,0.5983883,2253.632117468119
E02042,3723.92,CHECKOUT_ABANDONED,Bank_B,E42,P014,WALLET,ALTERNATE_PAYMENT,0.6025768,2243.947768158913
E00251,4018.41,CHECKOUT_ABANDONED,Bank_D,E17,P006,CARD,SEND_REMINDER,0.55835325,2243.692264278531
E01352,3598.98,CHECKOUT_ABANDONED,Bank_B,E23,P007,WALLET,SEND_REMINDER,0.6230461,2242.330453480482
E01447,3865.13,CHECKOUT_ABANDONED,Bank_A,E23,P011,WALLET,SEND_REMINDER,0.579857,2241.222654591799
E02925,4514.75,SUBSCRIPTION_FAILED,Bank_D,E11,P019,NETBANKING,ALTERNATE_PAYMENT,0.49540666,2236.6372067555785
E02854,3553.87,PAYMENT_FAILED,Bank_D,E17,P012,NETBANKING,RETRY_PAYMENT,0.6289882,2235.3423170310257
E01598,3613.87,INVOICE_OVERDUE,Bank_D,E42,P005,CARD,ALTERNATE_PAYMENT,0.6178559,2232.850924774408
E00634,3512.49,SUBSCRIPTION_FAILED,Bank_A,E11,P016,NETBANKING,ALTERNATE_PAYMENT,0.6356572,2232.73952778697
E02216,4007.53,CHECKOUT_ABANDONED,Bank_C,E11,P002,UPI,SEND_REMINDER,0.5561281,2228.6999831157923
E03815,2922.9,PAYMENT_FAILED,Bank_A,E42,P005,UPI,ALTERNATE_PAYMENT,0.7622508,2227.982807958126
E02831,3537.45,PAYMENT_FAILED,Bank_D,E42,P013,CARD,ALTERNATE_PAYMENT,0.6295231,2226.9064846783876
E04768,3004.23,PAYMENT_FAILED,Bank_A,E42,P004,CARD,ALTERNATE_PAYMENT,0.73975086,2222.3817325115206
E02378,2921.65,CHECKOUT_ABANDONED,Bank_A,E42,P008,WALLET,ALTERNATE_PAYMENT,0.7604151,2221.666710329056
E04115,3850.33,CHECKOUT_ABANDONED,Bank_A,E17,P018,UPI,SEND_REMINDER,0.5743385,2211.3927402693034
E01830,3743.34,CHECKOUT_ABANDONED,Bank_D,E42,P019,WALLET,ALTERNATE_PAYMENT,0.58968073,2207.3754686915877
E00891,3561.16,SUBSCRIPTION_FAILED,Bank_C,E17,P014,WALLET,ALTERNATE_PAYMENT,0.61895585,2204.200816926956
E03801,3143.84,INVOICE_OVERDUE,Bank_A,E42,P018,WALLET,ALTERNATE_PAYMENT,0.7001539,2201.1717969608308
E03132,2990.61,INVOICE_OVERDUE,Bank_A,E42,P001,WALLET,ALTERNATE_PAYMENT,0.7355023,2199.600541318059
E03050,2927.19,SUBSCRIPTION_FAILED,Bank_D,E42,P002,UPI,ALTERNATE_PAYMENT,0.751028,2198.401655150056
E00681,3253.57,SUBSCRIPTION_FAILED,Bank_A,E23,P017,UPI,ALTERNATE_PAYMENT,0.6737842,2192.204047805667
E04739,2921.72,SUBSCRIPTION_FAILED,Bank_B,E42,P006,UPI,ALTERNATE_PAYMENT,0.74967176,2190.3309665083884
E01644,3922.91,INVOICE_OVERDUE,Bank_B,E23,P005,CARD,SEND_REMINDER,0.5583017,2190.1672718930245
E04798,3762.49,INVOICE_OVERDUE,Bank_B,E11,P002,UPI,SEND_REMINDER,0.5819278,2189.4974391889573
E02002,2418.89,SUBSCRIPTION_FAILED,Bank_A,E42,P019,NETBANKING,ALTERNATE_PAYMENT,0.9043586,2187.5440354228017
E01999,3993.08,INVOICE_OVERDUE,Bank_C,E11,P016,UPI,SEND_REMINDER,0.54740214,2185.820551080704
E01417,4000.51,INVOICE_OVERDUE,Bank_B,E17,P008,NETBANKING,SEND_REMINDER,0.5463388,2185.6338192486764
E03435,4030.3,PAYMENT_FAILED,Bank_C,E42,P016,UPI,ALTERNATE_PAYMENT,0.5422409,2185.393570536375
E01316,3368.23,PAYMENT_FAILED,Bank_B,E23,P007,NETBANKING,RETRY_PAYMENT,0.6468727,2178.816031830907
E01738,3749.06,PAYMENT_FAILED,Bank_A,E23,P010,UPI,RETRY_PAYMENT,0.57912964,2171.191754220724
E00365,3767.18,SUBSCRIPTION_FAILED,Bank_B,E23,P008,WALLET,ALTERNATE_PAYMENT,0.57561815,2168.457174217701
E04178,4014.85,INVOICE_OVERDUE,Bank_D,E17,P006,NETBANKING,SEND_REMINDER,0.538996,2163.9880151867865
E02513,3899.98,INVOICE_OVERDUE,Bank_A,E17,P016,NETBANKING,SEND_REMINDER,0.55440074,2162.151805995703
E04003,2843.52,SUBSCRIPTION_FAILED,Bank_C,E42,P001,NETBANKING,ALTERNATE_PAYMENT,0.75934404,2159.2099684524537
E00770,3079.41,INVOICE_OVERDUE,Bank_A,E42,P010,NETBANKING,ALTERNATE_PAYMENT,0.699967,2155.4854617226124
E01069,3727.15,CHECKOUT_ABANDONED,Bank_C,E17,P011,CARD,SEND_REMINDER,0.577521,2152.507492557168
E02077,3841.67,CHECKOUT_ABANDONED,Bank_C,E17,P012,CARD,SEND_REMINDER,0.55942446,2149.124164995551
E04365,3723.99,CHECKOUT_ABANDONED,Bank_B,E11,P019,CARD,SEND_REMINDER,0.57690644,2148.3938233351705
E03810,3407.38,PAYMENT_FAILED,Bank_B,E17,P015,UPI,RETRY_PAYMENT,0.62795943,2139.696403335333
E01605,3358.48,CHECKOUT_ABANDONED,Bank_B,E42,P003,NETBANKING,SEND_REMINDER,0.6336114,2127.9711510419847
E03012,3774.72,CHECKOUT_ABANDONED,Bank_C,E23,P012,WALLET,SEND_REMINDER,0.5611471,2118.1731578063964
E02782,2851.7,CHECKOUT_ABANDONED,Bank_A,E42,P014,NETBANKING,ALTERNATE_PAYMENT,0.7422556,2116.6903746783732
E01525,3277.57,CHECKOUT_ABANDONED,Bank_B,E23,P007,NETBANKING,SEND_REMINDER,0.6431492,2107.966513944268
E00573,2706.43,SUBSCRIPTION_FAILED,Bank_D,E42,P003,NETBANKING,ALTERNATE_PAYMENT,0.77758354,2104.475418770909
E00702,3703.85,CHECKOUT_ABANDONED,Bank_C,E11,P018,CARD,SEND_REMINDER,0.56805426,2103.987766543031
E04776,3151.17,PAYMENT_FAILED,Bank_D,E17,P007,WALLET,RETRY_PAYMENT,0.66660297,2100.579278358221
E03980,3575.94,INVOICE_OVERDUE,Bank_B,E11,P015,NETBANKING,SEND_REMINDER,0.58731335,2100.197315157652
E02790,3826.63,INVOICE_OVERDUE,Bank_C,E17,P009,UPI,SEND_REMINDER,0.5482003,2097.7597494870424
E01123,3647.13,CHECKOUT_ABANDONED,Bank_C,E17,P019,NETBANKING,SEND_REMINDER,0.57421434,2094.234343131781
E04116,3305.34,PAYMENT_FAILED,Bank_C,E17,P017,NETBANKING,RETRY_PAYMENT,0.6323459,2090.1182461595536
E02405,2305.17,SUBSCRIPTION_FAILED,Bank_A,E42,P014,UPI,ALTERNATE_PAYMENT,0.9056045,2087.5722830736636
E00417,3303.6,SUBSCRIPTION_FAILED,Bank_D,E11,P008,UPI,ALTERNATE_PAYMENT,0.6299021,2080.9446581840516
E01987,2740.51,PAYMENT_FAILED,Bank_A,E42,P020,WALLET,ALTERNATE_PAYMENT,0.75784403,2076.8791450041535
E03740,3509.03,PAYMENT_FAILED,Bank_A,E11,P019,CARD,RETRY_PAYMENT,0.59168154,2076.2282743495703
E02610,3532.38,CHECKOUT_ABANDONED,Bank_C,E17,P018,CARD,SEND_REMINDER,0.58593243,2069.736009818316
E02436,3644.42,PAYMENT_FAILED,Bank_B,E42,P012,NETBANKING,ALTERNATE_PAYMENT,0.56731945,2067.5503600370885
E00162,3504.77,CHECKOUT_ABANDONED,Bank_B,E17,P020,NETBANKING,SEND_REMINDER,0.58880323,2063.619902421832
E04288,3734.17,INVOICE_OVERDUE,Bank_A,E11,P008,NETBANKING,SEND_REMINDER,0.55139714,2059.010676177144
E04531,2715.5,PAYMENT_FAILED,Bank_A,E42,P005,UPI,ALTERNATE_PAYMENT,0.757952,2058.218587756157
E01562,3628.7,CHECKOUT_ABANDONED,Bank_D,E17,P015,UPI,SEND_REMINDER,0.56664205,2056.173992228508
E04770,3644.74,CHECKOUT_ABANDONED,Bank_C,E17,P012,CARD,SEND_REMINDER,0.5641382,2056.136968512535
E04358,3799.33,INVOICE_OVERDUE,Bank_C,E17,P008,UPI,SEND_REMINDER,0.53911006,2048.2570413815974
E04827,3462.98,PAYMENT_FAILED,Bank_B,E17,P017,CARD,RETRY_PAYMENT,0.5913641,2047.8820014083385
E00368,3695.1,INVOICE_OVERDUE,Bank_A,E23,P009,WALLET,ALTERNATE_PAYMENT,0.5521928,2040.4076418757438
E02503,3634.82,CHECKOUT_ABANDONED,Bank_C,E11,P014,WALLET,SEND_REMINDER,0.56093454,2038.896097803116
E04025,3270.82,PAYMENT_FAILED,Bank_C,E17,P016,WALLET,RETRY_PAYMENT,0.622358,2035.6210724532605
E01970,2747.31,INVOICE_OVERDUE,Bank_A,E42,P011,CARD,ALTERNATE_PAYMENT,0.7383177,2028.3876774287223
E00693,3740.16,CHECKOUT_ABANDONED,Bank_C,E11,P012,CARD,SEND_REMINDER,0.542289,2028.2476959228516
E01182,3903.09,INVOICE_OVERDUE,Bank_A,E23,P014,WALLET,ALTERNATE_PAYMENT,0.5193662,2027.1330400532486
E04787,2627.74,INVOICE_OVERDUE,Bank_A,E42,P009,UPI,ALTERNATE_PAYMENT,0.77090144,2025.7285540819166
E00345,3781.32,INVOICE_OVERDUE,Bank_B,E11,P008,CARD,SEND_REMINDER,0.5320815,2011.97036008358
E00190,3441.63,SUBSCRIPTION_FAILED,Bank_D,E17,P004,WALLET,ALTERNATE_PAYMENT,0.5830423,2006.6159521347286
E03293,3462.77,PAYMENT_FAILED,Bank_A,E11,P020,NETBANKING,RETRY_PAYMENT,0.57811505,2001.8794379216433
E02595,3636.8,PAYMENT_FAILED,Bank_B,E42,P009,UPI,ALTERNATE_PAYMENT,0.5497142,1999.2006303787232
E04513,3245.31,PAYMENT_FAILED,Bank_B,E17,P003,CARD,RETRY_PAYMENT,0.6132798,1990.2831309843064
E02936,3820.76,INVOICE_OVERDUE,Bank_C,E23,P018,CARD,SEND_REMINDER,0.52035326,1988.1449127221108
E01676,3387.78,SUBSCRIPTION_FAILED,Bank_C,E23,P012,WALLET,ALTERNATE_PAYMENT,0.5867747,1987.8636163401604
E04322,3739.14,INVOICE_OVERDUE,Bank_A,E11,P001,WALLET,SEND_REMINDER,0.5310737,1985.7588752102852
E04903,3263.9,PAYMENT_FAILED,Bank_A,E11,P007,UPI,RETRY_PAYMENT,0.6071747,1981.7574855029584
E04721,3799.91,INVOICE_OVERDUE,Bank_D,E23,P012,CARD,SEND_REMINDER,0.52124745,1980.6933845704793
E00318,3361.74,CHECKOUT_ABANDONED,Bank_B,E17,P006,NETBANKING,SEND_REMINDER,0.58741057,1974.7216068720816
E01561,3052.63,SUBSCRIPTION_FAILED,Bank_A,E17,P001,CARD,ALTERNATE_PAYMENT,0.64646965,1973.4326557773352
E01127,3802.09,INVOICE_OVERDUE,Bank_A,E23,P017,UPI,SEND_REMINDER,0.518803,1972.5356999814512
E03109,3480.61,CHECKOUT_ABANDONED,Bank_B,E17,P011,UPI,SEND_REMINDER,0.56653476,1971.886542699337
E03853,3714.13,CHECKOUT_ABANDONED,Bank_D,E23,P014,UPI,SEND_REMINDER,0.530705,1971.1072692728044
E02047,2930.36,PAYMENT_FAILED,Bank_B,E17,P003,UPI,RETRY_PAYMENT,0.6713429,1967.276407802105
E02611,2089.45,SUBSCRIPTION_FAILED,Bank_A,E42,P007,CARD,ALTERNATE_PAYMENT,0.9394757,1962.9875330418347
E02328,3850.51,PAYMENT_FAILED,Bank_D,E42,P011,CARD,ALTERNATE_PAYMENT,0.5090415,1960.0693406158687
E03174,2646.83,INVOICE_OVERDUE,Bank_A,E42,P008,NETBANKING,ALTERNATE_PAYMENT,0.7373785,1951.7154770576954
E03959,3207.47,PAYMENT_FAILED,Bank_D,E11,P002,UPI,RETRY_PAYMENT,0.60788643,1949.7774991834162
E03513,3318.12,SUBSCRIPTION_FAILED,Bank_C,E23,P012,CARD,ALTERNATE_PAYMENT,0.58673275,1946.8496564054487
E01554,3707.87,INVOICE_OVERDUE,Bank_D,E23,P015,WALLET,SEND_REMINDER,0.52465445,1945.3504882258176
E01301,2921.28,PAYMENT_FAILED,Bank_D,E23,P004,NETBANKING,RETRY_PAYMENT,0.66403174,1939.8226531219484
E04375,2548.59,CHECKOUT_ABANDONED,Bank_A,E42,P011,WALLET,ALTERNATE_PAYMENT,0.7606242,1938.5191541934014
E00513,3201.34,INVOICE_OVERDUE,Bank_C,E42,P009,NETBANKING,ALTERNATE_PAYMENT,0.6051516,1937.2960029280187
E00224,3144.28,PAYMENT_FAILED,Bank_D,E17,P003,UPI,RETRY_PAYMENT,0.6155792,1935.5533288359643
E04508,3001.67,CHECKOUT_ABANDONED,Bank_A,E11,P015,WALLET,SEND_REMINDER,0.64300317,1930.0833124524356
E04534,3015.41,SUBSCRIPTION_FAILED,Bank_B,E11,P010,UPI,ALTERNATE_PAYMENT,0.6399814,1929.8062803423404
E01490,3463.53,CHECKOUT_ABANDONED,Bank_A,E23,P017,NETBANKING,SEND_REMINDER,0.5557493,1924.8543631303312
E02293,2583.28,CHECKOUT_ABANDONED,Bank_A,E42,P020,CARD,ALTERNATE_PAYMENT,0.7440414,1922.0672245645524
E04591,2556.41,INVOICE_OVERDUE,Bank_A,E42,P015,CARD,ALTERNATE_PAYMENT,0.75170255,1921.659908363819
E00098,2210.75,SUBSCRIPTION_FAILED,Bank_A,E42,P020,WALLET,ALTERNATE_PAYMENT,0.8692147,1921.6164280325174
E04089,2979.83,CHECKOUT_ABANDONED,Bank_C,E42,P020,WALLET,SEND_REMINDER,0.6439363,1918.820634611845
E04945,3054.68,SUBSCRIPTION_FAILED,Bank_C,E11,P012,NETBANKING,ALTERNATE_PAYMENT,0.6277852,1917.6829125785828
E01793,3634.34,INVOICE_OVERDUE,Bank_D,E11,P020,WALLET,SEND_REMINDER,0.52698255,1915.2337456941605
E04994,3298.97,INVOICE_OVERDUE,Bank_D,E42,P001,UPI,ALTERNATE_PAYMENT,0.58034265,1914.5329934346676
E01098,2519.56,PAYMENT_FAILED,Bank_A,E42,P008,UPI,ALTERNATE_PAYMENT,0.7595065,1913.6222566246986
E03727,3318.83,CHECKOUT_ABANDONED,Bank_D,E11,P015,WALLET,SEND_REMINDER,0.57544446,1909.8023369002342
E04941,3506.63,CHECKOUT_ABANDONED,Bank_C,E11,P010,WALLET,SEND_REMINDER,0.54349536,1905.8371238452196
E04904,3672.97,INVOICE_OVERDUE,Bank_C,E11,P007,CARD,SEND_REMINDER,0.5181661,1903.2086314827202
E04413,2989.35,CHECKOUT_ABANDONED,Bank_C,E42,P012,UPI,SEND_REMINDER,0.63503724,1898.348583456874
E04831,3329.33,PAYMENT_FAILED,Bank_A,E17,P018,UPI,RETRY_PAYMENT,0.5698399,1897.1850568598509
E02158,3426.6,PAYMENT_FAILED,Bank_D,E17,P009,UPI,RETRY_PAYMENT,0.5532452,1895.7499571084975
E00312,3187.06,PAYMENT_FAILED,Bank_B,E11,P010,NETBANKING,RETRY_PAYMENT,0.5938209,1892.5429316592217
E02369,3258.96,PAYMENT_FAILED,Bank_D,E42,P004,NETBANKING,ALTERNATE_PAYMENT,0.5800215,1890.2668695545196
E01415,3062.99,SUBSCRIPTION_FAILED,Bank_B,E17,P012,WALLET,ALTERNATE_PAYMENT,0.6169964,1889.8538262355326
E04586,2769.26,INVOICE_OVERDUE,Bank_A,E42,P006,NETBANKING,ALTERNATE_PAYMENT,0.68173516,1887.901903550625
E04434,3192.99,SUBSCRIPTION_FAILED,Bank_C,E17,P003,UPI,ALTERNATE_PAYMENT,0.59067893,1886.0319176030157
E00186,3283.6,CHECKOUT_ABANDONED,Bank_B,E11,P018,CARD,SEND_REMINDER,0.57157815,1876.8339970111847
E04598,2384.63,PAYMENT_FAILED,Bank_A,E42,P015,CARD,ALTERNATE_PAYMENT,0.786742,1876.088508617878
E03710,2854.76,SUBSCRIPTION_FAILED,Bank_A,E11,P002,UPI,ALTERNATE_PAYMENT,0.65520805,1870.4617362570764
E04238,3183.41,SUBSCRIPTION_FAILED,Bank_D,E23,P005,CARD,ALTERNATE_PAYMENT,0.58648753,1867.030273168087
E04181,3080.49,PAYMENT_FAILED,Bank_A,E23,P004,WALLET,RETRY_PAYMENT,0.6051786,1864.2466088461874
E00445,2998.07,CHECKOUT_ABANDONED,Bank_B,E17,P012,UPI,SEND_REMINDER,0.619692,1857.8800770932437
E03389,3490.28,INVOICE_OVERDUE,Bank_C,E23,P007,CARD,SEND_REMINDER,0.53226966,1857.7701372408867
E01638,2343.88,CHECKOUT_ABANDONED,Bank_A,E42,P015,CARD,ALTERNATE_PAYMENT,0.79056054,1852.9790467858315
E04075,3288.08,CHECKOUT_ABANDONED,Bank_C,E11,P006,NETBANKING,SEND_REMINDER,0.56286865,1850.7571662378311
E00817,3321.51,CHECKOUT_ABANDONED,Bank_A,E11,P013,UPI,SEND_REMINDER,0.55706185,1850.2865087968112
E04235,3631.91,INVOICE_OVERDUE,Bank_D,E17,P016,UPI,SEND_REMINDER,0.50898695,1848.5947932863235
E00494,2913.58,PAYMENT_FAILED,Bank_C,E17,P006,UPI,RETRY_PAYMENT,0.63344514,1845.5931017804146
E03989,3137.92,CHECKOUT_ABANDONED,Bank_C,E17,P015,UPI,SEND_REMINDER,0.58722955,1842.6793491744995
E02978,2062.18,SUBSCRIPTION_FAILED,Bank_A,E42,P013,UPI,ALTERNATE_PAYMENT,0.8887327,1832.7267410039901
E00152,3114.01,INVOICE_OVERDUE,Bank_D,E42,P019,NETBANKING,ALTERNATE_PAYMENT,0.58717906,1828.4814794242384
E03086,3506.78,INVOICE_OVERDUE,Bank_C,E17,P007,UPI,SEND_REMINDER,0.5211386,1827.5184493601323
E03864,2430.04,SUBSCRIPTION_FAILED,Bank_B,E42,P014,WALLET,ALTERNATE_PAYMENT,0.75133765,1825.7805367803574
E04077,2473.08,INVOICE_OVERDUE,Bank_A,E42,P014,UPI,ALTERNATE_PAYMENT,0.7363948,1821.1633078694342
E00177,3105.24,CHECKOUT_ABANDONED,Bank_D,E11,P015,NETBANKING,SEND_REMINDER,0.58634776,1820.7505144429206
E03367,3114.33,CHECKOUT_ABANDONED,Bank_B,E42,P018,CARD,SEND_REMINDER,0.58441633,1820.0653085750341
E03915,3177.14,SUBSCRIPTION_FAILED,Bank_B,E23,P002,CARD,ALTERNATE_PAYMENT,0.5724752,1818.8338408231734
E01035,3495.82,INVOICE_OVERDUE,Bank_B,E17,P013,NETBANKING,SEND_REMINDER,0.51973015,1816.8830554187298
E00431,2968.68,SUBSCRIPTION_FAILED,Bank_B,E17,P017,WALLET,ALTERNATE_PAYMENT,0.61192787,1816.6180200147628
E03892,2682.35,SUBSCRIPTION_FAILED,Bank_A,E11,P005,CARD,ALTERNATE_PAYMENT,0.6742723,1808.6343007206917
E01093,2982.66,CHECKOUT_ABANDONED,Bank_A,E17,P010,NETBANKING,SEND_REMINDER,0.6056219,1806.3641396963596
E00015,3349.02,PAYMENT_FAILED,Bank_A,E23,P009,CARD,RETRY_PAYMENT,0.53810763,1802.1332270479202
E01519,2363.23,PAYMENT_FAILED,Bank_A,E42,P009,NETBANKING,ALTERNATE_PAYMENT,0.76128703,1799.0963563150167
E00150,2825.18,PAYMENT_FAILED,Bank_B,E11,P011,WALLET,RETRY_PAYMENT,0.63572216,1796.0295329475402
E04736,2396.69,PAYMENT_FAILED,Bank_A,E42,P016,CARD,ALTERNATE_PAYMENT,0.74812824,1793.0314603573083
E02989,2912.49,CHECKOUT_ABANDONED,Bank_A,E11,P009,NETBANKING,SEND_REMINDER,0.6155321,1792.7310865134
E03263,3516.28,INVOICE_OVERDUE,Bank_C,E23,P006,NETBANKING,SEND_REMINDER,0.50980073,1792.6021183943749
E00270,2398.52,CHECKOUT_ABANDONED,Bank_A,E42,P014,WALLET,ALTERNATE_PAYMENT,0.7461471,1789.648733074665
E01647,2471.69,SUBSCRIPTION_FAILED,Bank_B,E42,P003,WALLET,ALTERNATE_PAYMENT,0.7231923,1787.5071131330728
E00644,2958.34,PAYMENT_FAILED,Bank_A,E11,P014,CARD,RETRY_PAYMENT,0.6039138,1786.58230383873
E01784,2006.82,SUBSCRIPTION_FAILED,Bank_A,E42,P004,WALLET,ALTERNATE_PAYMENT,0.8867259,1779.4992757701873
E00698,2836.03,INVOICE_OVERDUE,Bank_C,E42,P005,WALLET,ALTERNATE_PAYMENT,0.62103075,1761.2618319398166
E01207,2548.37,INVOICE_OVERDUE,Bank_A,E42,P006,NETBANKING,ALTERNATE_PAYMENT,0.6906742,1760.0933747470378
E02833,2958.88,PAYMENT_FAILED,Bank_A,E17,P009,WALLET,RETRY_PAYMENT,0.59449106,1759.0277210712434
E01252,3309.64,INVOICE_OVERDUE,Bank_C,E17,P008,UPI,SEND_REMINDER,0.5304291,1755.529448709488
E04932,3045.2,CHECKOUT_ABANDONED,Bank_D,E11,P009,NETBANKING,SEND_REMINDER,0.57495874,1750.8643601179122
E01656,2768.34,SUBSCRIPTION_FAILED,Bank_B,E17,P010,CARD,ALTERNATE_PAYMENT,0.63192123,1749.3728226935864
E00113,2779.38,PAYMENT_FAILED,Bank_B,E17,P008,WALLET,RETRY_PAYMENT,0.62792045,1745.2295369303226
E04858,2968.57,CHECKOUT_ABANDONED,Bank_C,E11,P014,WALLET,SEND_REMINDER,0.5877896,1744.8945584064722
E00354,2294.12,PAYMENT_FAILED,Bank_A,E42,P008,CARD,ALTERNATE_PAYMENT,0.7598204,1743.1191798758507
E04875,2681.63,PAYMENT_FAILED,Bank_D,E11,P005,UPI,RETRY_PAYMENT,0.64995193,1742.930606956482
E00903,3308.94,PAYMENT_FAILED,Bank_C,E42,P003,UPI,ALTERNATE_PAYMENT,0.5265912,1742.4586249566078
E02856,2363.87,PAYMENT_FAILED,Bank_A,E42,P017,WALLET,ALTERNATE_PAYMENT,0.7370822,1742.3664607816934
E04704,3336.12,CHECKOUT_ABANDONED,Bank_C,E23,P005,NETBANKING,SEND_REMINDER,0.5211565,1738.640588915348
E03282,3129.49,PAYMENT_FAILED,Bank_B,E42,P008,WALLET,ALTERNATE_PAYMENT,0.5554537,1738.2868550318478
E00620,3197.1,CHECKOUT_ABANDONED,Bank_A,E11,P001,CARD,SEND_REMINDER,0.5429227,1735.7780861914157
E01001,2777.32,SUBSCRIPTION_FAILED,Bank_C,E17,P012,CARD,ALTERNATE_PAYMENT,0.62459785,1734.7080937123299
E01918,2722.77,PAYMENT_FAILED,Bank_B,E23,P004,NETBANKING,RETRY_PAYMENT,0.6368248,1733.9274243825673
E04046,3270.42,INVOICE_OVERDUE,Bank_B,E11,P020,CARD,SEND_REMINDER,0.5300538,1733.49853022933
E03828,2079.1,SUBSCRIPTION_FAILED,Bank_C,E42,P015,WALLET,ALTERNATE_PAYMENT,0.83178127,1729.356434547901
E02300,3491.07,INVOICE_OVERDUE,Bank_B,E11,P004,WALLET,SEND_REMINDER,0.4945761,1726.5997733294964
E00988,2787.75,INVOICE_OVERDUE,Bank_B,E42,P007,WALLET,ALTERNATE_PAYMENT,0.6191745,1726.1036578416824
E02099,3114.37,PAYMENT_FAILED,Bank_C,E17,P014,NETBANKING,RETRY_PAYMENT,0.55360687,1724.1366208398342
E00564,3040.63,INVOICE_OVERDUE,Bank_D,E17,P017,NETBANKING,SEND_REMINDER,0.56699765,1724.0300562655927
E00353,2554.31,SUBSCRIPTION_FAILED,Bank_A,E17,P005,CARD,ALTERNATE_PAYMENT,0.6735046,1720.3395118069648
E04709,3355.86,INVOICE_OVERDUE,Bank_D,E11,P009,WALLET,SEND_REMINDER,0.5120285,1718.2960134851933
E02739,3240.72,CHECKOUT_ABANDONED,Bank_C,E23,P013,CARD,SEND_REMINDER,0.5298576,1717.1200433492659
E04680,3279.15,INVOICE_OVERDUE,Bank_D,E11,P009,UPI,SEND_REMINDER,0.5228825,1714.6102192372084
E03786,2963.63,INVOICE_OVERDUE,Bank_D,E11,P020,UPI,SEND_REMINDER,0.5764193,1708.2935119229555
E00589,3181.86,INVOICE_OVERDUE,Bank_C,E23,P005,UPI,SEND_REMINDER,0.53272265,1695.0488973605634
E03737,3131.85,INVOICE_OVERDUE,Bank_C,E17,P005,UPI,SEND_REMINDER,0.5404669,1692.6612752974033
E04407,2632.11,PAYMENT_FAILED,Bank_C,E11,P015,WALLET,RETRY_PAYMENT,0.642252,1690.4779853886366
E00262,2717.38,SUBSCRIPTION_FAILED,Bank_B,E17,P020,NETBANKING,ALTERNATE_PAYMENT,0.62205607,1690.362715317011
E00391,2805.25,CHECKOUT_ABANDONED,Bank_B,E42,P001,UPI,SEND_REMINDER,0.600996,1685.9440779685974
E00811,2193.98,SUBSCRIPTION_FAILED,Bank_D,E42,P018,NETBANKING,ALTERNATE_PAYMENT,0.7681546,1685.3158756542207
E02933,2168.96,INVOICE_OVERDUE,Bank_A,E42,P015,UPI,ALTERNATE_PAYMENT,0.7742911,1679.406420173645
E04816,2535.27,SUBSCRIPTION_FAILED,Bank_B,E17,P017,NETBANKING,ALTERNATE_PAYMENT,0.66145223,1676.9600047641993
E03468,2718.18,PAYMENT_FAILED,Bank_C,E11,P020,UPI,RETRY_PAYMENT,0.61634445,1675.3351622772216
E04638,1816.15,SUBSCRIPTION_FAILED,Bank_A,E42,P007,CARD,ALTERNATE_PAYMENT,0.9217044,1673.9534669578077
E02952,2720.08,INVOICE_OVERDUE,Bank_D,E42,P009,UPI,ALTERNATE_PAYMENT,0.6146601,1671.9246019601821
E01730,2126.08,CHECKOUT_ABANDONED,Bank_A,E42,P009,UPI,ALTERNATE_PAYMENT,0.7841819,1667.233438796997
E04810,3001.5,INVOICE_OVERDUE,Bank_D,E11,P020,UPI,SEND_REMINDER,0.55502903,1665.9196473956108
E00439,2734.68,SUBSCRIPTION_FAILED,Bank_C,E23,P014,WALLET,ALTERNATE_PAYMENT,0.6077828,1662.0914158844946
E04676,2114.08,CHECKOUT_ABANDONED,Bank_A,E42,P004,NETBANKING,ALTERNATE_PAYMENT,0.7835476,1656.4822684383391
E01102,3356.28,SUBSCRIPTION_FAILED,Bank_D,E11,P019,WALLET,ALTERNATE_PAYMENT,0.49343076,1656.0918028628828
E03579,2190.43,SUBSCRIPTION_FAILED,Bank_A,E17,P015,NETBANKING,ALTERNATE_PAYMENT,0.7558484,1655.6330277776717
E02722,2736.73,CHECKOUT_ABANDONED,Bank_B,E17,P018,WALLET,SEND_REMINDER,0.60480106,1655.177201565504
E02741,2456.73,PAYMENT_FAILED,Bank_B,E23,P016,UPI,RETRY_PAYMENT,0.6725004,1652.1518387389183
E02796,2808.58,INVOICE_OVERDUE,Bank_C,E23,P002,WALLET,SEND_REMINDER,0.5853532,1644.0112782871722
E00666,1835.32,SUBSCRIPTION_FAILED,Bank_A,E42,P005,UPI,ALTERNATE_PAYMENT,0.8937693,1640.3527154040337
E00941,1831.83,SUBSCRIPTION_FAILED,Bank_A,E42,P005,CARD,ALTERNATE_PAYMENT,0.89435834,1638.3124323302507
E03214,2617.39,PAYMENT_FAILED,Bank_C,E11,P008,UPI,RETRY_PAYMENT,0.62581855,1638.011216120124
E00437,2371.46,SUBSCRIPTION_FAILED,Bank_D,E23,P015,UPI,ALTERNATE_PAYMENT,0.6895457,1635.2300244104863
E00302,3142.18,CHECKOUT_ABANDONED,Bank_C,E23,P014,WALLET,SEND_REMINDER,0.5186618,1629.7287254440785
E02914,2427.77,PAYMENT_FAILED,Bank_B,E42,P007,CARD,ALTERNATE_PAYMENT,0.67072976,1628.377580586672
E01639,2589.61,SUBSCRIPTION_FAILED,Bank_C,E17,P014,WALLET,ALTERNATE_PAYMENT,0.6257416,1620.426707340479
E03072,1812.41,SUBSCRIPTION_FAILED,Bank_A,E42,P019,UPI,ALTERNATE_PAYMENT,0.8933871,1619.1836762833595
E00920,2422.48,SUBSCRIPTION_FAILED,Bank_B,E23,P010,NETBANKING,ALTERNATE_PAYMENT,0.6682423,1618.8035480737685
E02058,1858.36,SUBSCRIPTION_FAILED,Bank_A,E42,P014,WALLET,ALTERNATE_PAYMENT,0.8710918,1618.8021259427069
E02983,3165.1,INVOICE_OVERDUE,Bank_B,E17,P012,UPI,SEND_REMINDER,0.50886536,1610.6097396850585
E01345,2731.51,PAYMENT_FAILED,Bank_C,E23,P002,CARD,RETRY_PAYMENT,0.58872944,1608.1203558391335
E03185,2827.38,CHECKOUT_ABANDONED,Bank_A,E23,P005,WALLET,SEND_REMINDER,0.5668505,1602.7017198050023
E04479,3110.37,INVOICE_OVERDUE,Bank_A,E23,P018,CARD,ALTERNATE_PAYMENT,0.514627,1600.6803192472457
E04141,2538.6,INVOICE_OVERDUE,Bank_B,E42,P013,WALLET,ALTERNATE_PAYMENT,0.63052946,1600.6620955109595
E04726,3250.0,INVOICE_OVERDUE,Bank_D,E17,P012,WALLET,SEND_REMINDER,0.4899928,1592.4765914678574
E00241,3180.94,INVOICE_OVERDUE,Bank_A,E23,P019,UPI,SEND_REMINDER,0.50032353,1591.499142279625
E01878,3208.52,INVOICE_OVERDUE,Bank_D,E23,P013,UPI,SEND_REMINDER,0.49591854,1591.1645608484746
E03676,2617.52,SUBSCRIPTION_FAILED,Bank_D,E23,P004,WALLET,ALTERNATE_PAYMENT,0.60732234,1589.6783589458466
E03000,2483.79,INVOICE_OVERDUE,Bank_D,E42,P013,UPI,ALTERNATE_PAYMENT,0.6393287,1587.9582769417761
E03841,2779.1,CHECKOUT_ABANDONED,Bank_A,E11,P001,UPI,SEND_REMINDER,0.57088304,1586.5410444021225
E02185,2239.2,SUBSCRIPTION_FAILED,Bank_A,E17,P007,CARD,ALTERNATE_PAYMENT,0.7053947,1579.519779253006
E03906,2936.79,CHECKOUT_ABANDONED,Bank_C,E11,P005,CARD,SEND_REMINDER,0.53750634,1578.5432499289514
E01478,3333.02,INVOICE_OVERDUE,Bank_A,E11,P006,CARD,SEND_REMINDER,0.47354856,1578.3468258994817
E01471,2514.3,CHECKOUT_ABANDONED,Bank_A,E11,P004,UPI,SEND_REMINDER,0.62685496,1576.1014162480833
E00934,2043.59,CHECKOUT_ABANDONED,Bank_A,E42,P008,CARD,ALTERNATE_PAYMENT,0.77071047,1575.0162058973312
E00052,2686.35,CHECKOUT_ABANDONED,Bank_A,E11,P016,NETBANKING,SEND_REMINDER,0.58607626,1574.4059600114822
E01455,3149.58,INVOICE_OVERDUE,Bank_C,E17,P019,UPI,SEND_REMINDER,0.49801338,1568.5329725289344
E03683,2444.18,CHECKOUT_ABANDONED,Bank_B,E17,P018,NETBANKING,SEND_REMINDER,0.63844025,1560.4628935456276
E03345,2681.03,INVOICE_OVERDUE,Bank_A,E23,P011,NETBANKING,SEND_REMINDER,0.58022386,1555.5975709694626
E00396,2535.38,CHECKOUT_ABANDONED,Bank_B,E42,P005,CARD,SEND_REMINDER,0.6111709,1549.550445883274
E01524,2603.47,CHECKOUT_ABANDONED,Bank_C,E17,P020,UPI,SEND_REMINDER,0.5942413,1547.0894522100687
E04275,2877.56,PAYMENT_FAILED,Bank_C,E42,P009,CARD,ALTERNATE_PAYMENT,0.53367996,1535.696111907959
E04600,2759.72,CHECKOUT_ABANDONED,Bank_C,E17,P003,UPI,SEND_REMINDER,0.5545839,1530.496300177574
E00230,2724.27,CHECKOUT_ABANDONED,Bank_A,E23,P012,CARD,SEND_REMINDER,0.56179124,1530.4710245794058
E02953,2065.82,SUBSCRIPTION_FAILED,Bank_D,E42,P003,CARD,ALTERNATE_PAYMENT,0.73996574,1528.6360185325148
E00532,2836.43,PAYMENT_FAILED,Bank_A,E23,P009,CARD,RETRY_PAYMENT,0.53860307,1527.7098984599113
E04176,2635.89,PAYMENT_FAILED,Bank_B,E42,P010,UPI,ALTERNATE_PAYMENT,0.57881874,1525.7025245207547
E04503,2252.71,SUBSCRIPTION_FAILED,Bank_C,E23,P007,NETBANKING,ALTERNATE_PAYMENT,0.6767585,1524.540703060627
E02253,2890.45,CHECKOUT_ABANDONED,Bank_C,E11,P013,CARD,SEND_REMINDER,0.5274039,1524.4345769912004
E04485,2437.68,PAYMENT_FAILED,Bank_D,E11,P018,UPI,RETRY_PAYMENT,0.62517166,1523.968455505371
E04793,2255.02,INVOICE_OVERDUE,Bank_D,E42,P007,UPI,ALTERNATE_PAYMENT,0.67557627,1523.4379995334148
E03321,2854.51,CHECKOUT_ABANDONED,Bank_A,E23,P017,CARD,SEND_REMINDER,0.531593,1517.4376050239803
E03662,3110.68,INVOICE_OVERDUE,Bank_C,E23,P012,WALLET,SEND_REMINDER,0.48691067,1514.6232860529421
E02312,2885.72,CHECKOUT_ABANDONED,Bank_C,E11,P010,CARD,SEND_REMINDER,0.5232331,1509.9042665600775
E03506,2578.16,PAYMENT_FAILED,Bank_A,E17,P010,CARD,RETRY_PAYMENT,0.5850469,1508.3444832134246
E01885,2875.25,INVOICE_OVERDUE,Bank_B,E11,P007,UPI,SEND_REMINDER,0.5232525,1504.48171377182
E03116,2493.69,CHECKOUT_ABANDONED,Bank_B,E17,P016,CARD,SEND_REMINDER,0.6026636,1502.856134338975
E02943,2512.14,INVOICE_OVERDUE,Bank_B,E42,P014,UPI,ALTERNATE_PAYMENT,0.59785646,1501.899132453203
E03130,2690.27,PAYMENT_FAILED,Bank_A,E23,P006,CARD,RETRY_PAYMENT,0.5582574,1501.8631381601094
E00585,2583.04,INVOICE_OVERDUE,Bank_A,E11,P011,NETBANKING,SEND_REMINDER,0.5799384,1498.0041149902343
E02133,2491.44,CHECKOUT_ABANDONED,Bank_B,E11,P010,WALLET,SEND_REMINDER,0.5988014,1491.8776963233947
E03235,2536.4,CHECKOUT_ABANDONED,Bank_C,E11,P017,NETBANKING,SEND_REMINDER,0.5847131,1483.0663103580475
E03839,2722.97,CHECKOUT_ABANDONED,Bank_C,E17,P017,CARD,SEND_REMINDER,0.54395276,1481.1670552855728
E04172,2604.78,CHECKOUT_ABANDONED,Bank_C,E23,P002,UPI,SEND_REMINDER,0.56860954,1481.102746385336
E03804,2314.46,SUBSCRIPTION_FAILED,Bank_D,E11,P005,WALLET,ALTERNATE_PAYMENT,0.6360183,1472.0388595676422
E00058,2759.74,INVOICE_OVERDUE,Bank_D,E42,P016,WALLET,ALTERNATE_PAYMENT,0.5295963,1461.548172264099
E00411,1613.23,SUBSCRIPTION_FAILED,Bank_A,E42,P014,UPI,ALTERNATE_PAYMENT,0.9058293,1461.3110184442996
E01993,2096.96,INVOICE_OVERDUE,Bank_A,E42,P017,WALLET,ALTERNATE_PAYMENT,0.69642043,1460.3657872772217
E02498,2659.23,INVOICE_OVERDUE,Bank_D,E11,P015,CARD,SEND_REMINDER,0.5490498,1460.0496854907274
E03266,2188.83,SUBSCRIPTION_FAILED,Bank_B,E23,P010,WALLET,ALTERNATE_PAYMENT,0.66572493,1457.1587054210902
E03543,2175.94,SUBSCRIPTION_FAILED,Bank_B,E23,P015,CARD,ALTERNATE_PAYMENT,0.6686489,1454.9398844230175
E02263,2635.99,SUBSCRIPTION_FAILED,Bank_D,E17,P006,WALLET,ALTERNATE_PAYMENT,0.55025446,1450.4652649533748
E02097,1903.16,SUBSCRIPTION_FAILED,Bank_D,E42,P001,WALLET,ALTERNATE_PAYMENT,0.7569293,1440.5575254297257
E00299,2410.38,PAYMENT_FAILED,Bank_C,E42,P010,WALLET,ALTERNATE_PAYMENT,0.5952306,1434.731883916855
E04886,2633.9,INVOICE_OVERDUE,Bank_D,E17,P008,NETBANKING,SEND_REMINDER,0.5447002,1434.685870808363
E01983,1904.58,SUBSCRIPTION_FAILED,Bank_B,E42,P019,UPI,ALTERNATE_PAYMENT,0.75325555,1434.6354479777813
E00466,1791.07,PAYMENT_FAILED,Bank_A,E42,P003,NETBANKING,ALTERNATE_PAYMENT,0.800412,1433.593919453025
E00022,2177.21,SUBSCRIPTION_FAILED,Bank_A,E17,P004,WALLET,ALTERNATE_PAYMENT,0.6572601,1430.9933056801558
E02606,2360.95,PAYMENT_FAILED,Bank_C,E11,P008,NETBANKING,RETRY_PAYMENT,0.605979,1430.6861799329517
E03532,1913.37,CHECKOUT_ABANDONED,Bank_A,E42,P002,CARD,ALTERNATE_PAYMENT,0.7467226,1428.7565809857845
E02182,2504.79,INVOICE_OVERDUE,Bank_A,E23,P016,CARD,SEND_REMINDER,0.57021713,1428.2741714859008
E00954,2568.29,PAYMENT_FAILED,Bank_C,E42,P002,UPI,ALTERNATE_PAYMENT,0.5560058,1427.9840742594004
E03946,2704.48,INVOICE_OVERDUE,Bank_D,E11,P014,CARD,ALTERNATE_PAYMENT,0.5274039,1426.3532753658294
E04435,2327.3,PAYMENT_FAILED,Bank_C,E17,P014,WALLET,RETRY_PAYMENT,0.6058935,1410.0959255576136
E03721,2654.85,PAYMENT_FAILED,Bank_C,E42,P006,CARD,ALTERNATE_PAYMENT,0.5300336,1407.1596721887588
E04385,2703.95,INVOICE_OVERDUE,Bank_C,E11,P012,WALLET,SEND_REMINDER,0.52016824,1406.5089256316423
E00289,2387.6,INVOICE_OVERDUE,Bank_D,E11,P015,NETBANKING,SEND_REMINDER,0.58905387,1406.4250182151793
E00684,1893.52,INVOICE_OVERDUE,Bank_A,E42,P004,NETBANKING,ALTERNATE_PAYMENT,0.74114156,1403.366362323761
E00238,1906.56,PAYMENT_FAILED,Bank_A,E42,P014,UPI,ALTERNATE_PAYMENT,0.7357454,1402.7426933670044
E04898,2318.31,CHECKOUT_ABANDONED,Bank_C,E23,P016,UPI,SEND_REMINDER,0.6050034,1402.5854705947638
E01530,2287.71,INVOICE_OVERDUE,Bank_D,E42,P018,UPI,ALTERNATE_PAYMENT,0.61285317,1402.0303242623806
E02690,2524.11,CHECKOUT_ABANDONED,Bank_A,E11,P009,WALLET,SEND_REMINDER,0.55314374,1396.195644814968
E04597,2096.54,CHECKOUT_ABANDONED,Bank_B,E42,P013,CARD,ALTERNATE_PAYMENT,0.66409314,1392.2978250002861
E01891,2035.78,SUBSCRIPTION_FAILED,Bank_B,E23,P010,UPI,ALTERNATE_PAYMENT,0.68295425,1390.3446066606045
E02532,1895.85,CHECKOUT_ABANDONED,Bank_A,E42,P014,UPI,ALTERNATE_PAYMENT,0.7328784,1389.4274899452923
E02608,2489.85,CHECKOUT_ABANDONED,Bank_D,E23,P020,UPI,SEND_REMINDER,0.5579467,1389.2035461187363
E04712,2245.73,SUBSCRIPTION_FAILED,Bank_D,E23,P018,CARD,ALTERNATE_PAYMENT,0.6182603,1388.4457574194669
E01674,1999.93,SUBSCRIPTION_FAILED,Bank_D,E17,P007,UPI,ALTERNATE_PAYMENT,0.69367677,1387.3049820929766
E02480,1840.73,INVOICE_OVERDUE,Bank_A,E42,P009,UPI,ALTERNATE_PAYMENT,0.7530916,1386.2382524847985
E02477,2058.97,PAYMENT_FAILED,Bank_B,E11,P007,NETBANKING,RETRY_PAYMENT,0.66936994,1378.2126171040534
E03563,2364.47,CHECKOUT_ABANDONED,Bank_B,E23,P014,WALLET,SEND_REMINDER,0.5805326,1372.6519413512945
E00989,2020.44,SUBSCRIPTION_FAILED,Bank_C,E11,P007,NETBANKING,ALTERNATE_PAYMENT,0.67908657,1372.053661351204
E02305,2345.44,CHECKOUT_ABANDONED,Bank_A,E23,P006,NETBANKING,SEND_REMINDER,0.5844157,1370.711898918152
E03063,2175.41,CHECKOUT_ABANDONED,Bank_B,E42,P008,WALLET,SEND_REMINDER,0.6296879,1369.829366093874
E01760,2325.6,INVOICE_OVERDUE,Bank_B,E42,P018,UPI,ALTERNATE_PAYMENT,0.588685,1369.0457804203033
E02826,2477.18,INVOICE_OVERDUE,Bank_C,E11,P005,CARD,SEND_REMINDER,0.5523171,1368.188831373453
E00740,2124.26,CHECKOUT_ABANDONED,Bank_B,E23,P018,NETBANKING,SEND_REMINDER,0.6432864,1366.50758292079
E04063,2470.1,PAYMENT_FAILED,Bank_B,E11,P009,WALLET,RETRY_PAYMENT,0.5531568,1366.352594679594
E04786,2263.99,SUBSCRIPTION_FAILED,Bank_B,E17,P019,CARD,ALTERNATE_PAYMENT,0.60109365,1360.8700123560427
E04779,1932.01,INVOICE_OVERDUE,Bank_A,E42,P010,NETBANKING,ALTERNATE_PAYMENT,0.7028594,1357.931392683983
E02887,2401.54,INVOICE_OVERDUE,Bank_B,E17,P004,CARD,SEND_REMINDER,0.56453323,1355.749141921997
E02488,2445.36,INVOICE_OVERDUE,Bank_B,E11,P019,UPI,SEND_REMINDER,0.55437243,1355.640165052414
E02805,2408.26,CHECKOUT_ABANDONED,Bank_D,E17,P002,UPI,SEND_REMINDER,0.5618166,1353.0003804373741
E04559,2159.02,CHECKOUT_ABANDONED,Bank_B,E23,P005,UPI,SEND_REMINDER,0.6243569,1347.9990892660617
E03145,1484.93,SUBSCRIPTION_FAILED,Bank_A,E42,P011,NETBANKING,ALTERNATE_PAYMENT,0.90691525,1346.7056583815813
E03053,2170.55,CHECKOUT_ABANDONED,Bank_D,E42,P010,UPI,SEND_REMINDER,0.620437,1346.6895868360998
E04374,2340.66,CHECKOUT_ABANDONED,Bank_B,E17,P006,WALLET,SEND_REMINDER,0.5744624,1344.6211934566497
E03379,2170.0,PAYMENT_FAILED,Bank_D,E42,P015,CARD,ALTERNATE_PAYMENT,0.61874264,1342.6715391874313
E01890,2097.7,PAYMENT_FAILED,Bank_D,E23,P003,WALLET,RETRY_PAYMENT,0.6398026,1342.1138618111609
E03030,2089.62,CHECKOUT_ABANDONED,Bank_D,E42,P015,WALLET,SEND_REMINDER,0.6400815,1337.5271559548378
E04916,2039.43,SUBSCRIPTION_FAILED,Bank_D,E11,P010,WALLET,ALTERNATE_PAYMENT,0.6542191,1334.234040632844
E04260,2191.09,CHECKOUT_ABANDONED,Bank_B,E23,P014,WALLET,SEND_REMINDER,0.6080202,1332.2269502723218
E01109,2152.99,CHECKOUT_ABANDONED,Bank_B,E42,P008,CARD,SEND_REMINDER,0.61800385,1330.5560987091062
E03859,2211.07,SUBSCRIPTION_FAILED,Bank_B,E11,P008,CARD,ALTERNATE_PAYMENT,0.60120696,1329.3106692749263
E01521,1760.15,CHECKOUT_ABANDONED,Bank_A,E42,P015,WALLET,ALTERNATE_PAYMENT,0.75409937,1327.3280044317246
E03702,2687.94,INVOICE_OVERDUE,Bank_D,E17,P003,CARD,SEND_REMINDER,0.49332136,1326.0182141339778
E01722,2185.29,CHECKOUT_ABANDONED,Bank_B,E23,P012,WALLET,SEND_REMINDER,0.60529876,1322.7533218932151
E04418,2502.49,INVOICE_OVERDUE,Bank_B,E23,P012,WALLET,SEND_REMINDER,0.5280809,1321.5171229976415
E02730,2431.39,INVOICE_OVERDUE,Bank_A,E23,P012,CARD,ALTERNATE_PAYMENT,0.5427599,1319.6609818935394
E01548,1452.74,SUBSCRIPTION_FAILED,Bank_A,E42,P005,NETBANKING,ALTERNATE_PAYMENT,0.90674007,1317.2575684046744
E03428,2252.36,PAYMENT_FAILED,Bank_D,E42,P019,CARD,ALTERNATE_PAYMENT,0.58394915,1315.2637044644357
E00167,1739.62,PAYMENT_FAILED,Bank_A,E42,P018,UPI,ALTERNATE_PAYMENT,0.75264245,1309.3118635952471
E04596,1756.37,SUBSCRIPTION_FAILED,Bank_B,E42,P010,NETBANKING,ALTERNATE_PAYMENT,0.74376094,1306.3194081819056
E03624,1782.42,CHECKOUT_ABANDONED,Bank_A,E42,P018,UPI,ALTERNATE_PAYMENT,0.7326536,1305.8964615440368
E03047,2104.5,PAYMENT_FAILED,Bank_D,E23,P011,UPI,RETRY_PAYMENT,0.61723477,1298.9705660641193
E04032,2268.11,PAYMENT_FAILED,Bank_C,E17,P012,UPI,RETRY_PAYMENT,0.5721783,1297.763333528638
E01929,1635.74,SUBSCRIPTION_FAILED,Bank_C,E42,P015,NETBANKING,ALTERNATE_PAYMENT,0.7923062,1296.0069186735154
E01659,2083.32,PAYMENT_FAILED,Bank_D,E17,P008,UPI,RETRY_PAYMENT,0.620978,1293.6958823347093
E00493,2096.31,PAYMENT_FAILED,Bank_C,E42,P013,UPI,ALTERNATE_PAYMENT,0.6165413,1292.4617472034693
E02551,2134.68,INVOICE_OVERDUE,Bank_C,E42,P018,NETBANKING,ALTERNATE_PAYMENT,0.6033491,1287.957234635353
E03984,2202.24,SUBSCRIPTION_FAILED,Bank_B,E11,P004,CARD,ALTERNATE_PAYMENT,0.58476907,1287.8018370437621
E02079,2282.88,INVOICE_OVERDUE,Bank_C,E42,P005,UPI,ALTERNATE_PAYMENT,0.5635773,1286.5793337249756
E03477,2303.26,CHECKOUT_ABANDONED,Bank_C,E11,P012,UPI,SEND_REMINDER,0.5584857,1286.3377429306508
E00429,2378.54,INVOICE_OVERDUE,Bank_A,E17,P008,WALLET,SEND_REMINDER,0.5403369,1285.2129465615749
E03037,2651.03,PAYMENT_FAILED,Bank_C,E42,P011,CARD,RETRY_PAYMENT,0.48156267,1276.6370957750082
E01164,1714.08,INVOICE_OVERDUE,Bank_A,E42,P015,CARD,ALTERNATE_PAYMENT,0.74127054,1270.5970108795166
E03567,2365.3,INVOICE_OVERDUE,Bank_C,E17,P008,CARD,SEND_REMINDER,0.53527546,1266.0870438575746
E03876,2190.63,INVOICE_OVERDUE,Bank_B,E17,P009,CARD,ALTERNATE_PAYMENT,0.5763627,1262.5974851882459
E04126,1947.43,SUBSCRIPTION_FAILED,Bank_B,E11,P005,NETBANKING,ALTERNATE_PAYMENT,0.6474612,1260.8853178191187
E02794,2248.82,CHECKOUT_ABANDONED,Bank_A,E23,P005,CARD,SEND_REMINDER,0.55675584,1252.043669859171
E02249,1940.51,SUBSCRIPTION_FAILED,Bank_D,E23,P015,UPI,ALTERNATE_PAYMENT,0.64455324,1250.762015735507
E01547,1553.16,PAYMENT_FAILED,Bank_A,E42,P020,UPI,ALTERNATE_PAYMENT,0.8048962,1250.1325445008279
E03055,1664.45,CHECKOUT_ABANDONED,Bank_A,E42,P005,UPI,ALTERNATE_PAYMENT,0.7510609,1250.103320118785
E02871,2429.45,INVOICE_OVERDUE,Bank_A,E23,P019,CARD,ALTERNATE_PAYMENT,0.51450306,1249.9594634205102
E00935,1963.25,SUBSCRIPTION_FAILED,Bank_C,E17,P001,NETBANKING,ALTERNATE_PAYMENT,0.6361331,1248.888259023428
E02447,2261.05,PAYMENT_FAILED,Bank_A,E17,P014,WALLET,RETRY_PAYMENT,0.5511411,1246.157546260953
E02849,1980.42,SUBSCRIPTION_FAILED,Bank_B,E11,P005,WALLET,ALTERNATE_PAYMENT,0.6241639,1236.1067216312886
E03361,1635.56,INVOICE_OVERDUE,Bank_A,E42,P009,UPI,ALTERNATE_PAYMENT,0.75152063,1229.157087650299
E03627,1370.07,SUBSCRIPTION_FAILED,Bank_A,E42,P004,CARD,ALTERNATE_PAYMENT,0.89577156,1227.2697453922033
E02450,1666.96,CHECKOUT_ABANDONED,Bank_A,E42,P018,UPI,ALTERNATE_PAYMENT,0.73570865,1226.3968977499007
E03647,1944.17,PAYMENT_FAILED,Bank_C,E23,P004,NETBANKING,RETRY_PAYMENT,0.6305507,1225.8977204829455
E00499,1636.14,PAYMENT_FAILED,Bank_A,E42,P017,UPI,ALTERNATE_PAYMENT,0.74833393,1224.3790778160096
E01809,1627.0,CHECKOUT_ABANDONED,Bank_A,E42,P005,UPI,ALTERNATE_PAYMENT,0.7510609,1221.9760892987251
E00796,1769.06,INVOICE_OVERDUE,Bank_A,E42,P016,UPI,ALTERNATE_PAYMENT,0.6841153,1210.2409960627556
E01595,1510.66,SUBSCRIPTION_FAILED,Bank_D,E42,P014,NETBANKING,ALTERNATE_PAYMENT,0.80024153,1208.8928696215153
E03046,1506.91,SUBSCRIPTION_FAILED,Bank_B,E42,P017,NETBANKING,ALTERNATE_PAYMENT,0.80105364,1207.1157455146313
E00947,2244.16,CHECKOUT_ABANDONED,Bank_C,E11,P012,UPI,SEND_REMINDER,0.53744614,1206.1151323318481
E01788,2203.71,PAYMENT_FAILED,Bank_B,E23,P001,NETBANKING,RETRY_PAYMENT,0.5461458,1203.5469538128377
E01152,2235.79,CHECKOUT_ABANDONED,Bank_C,E11,P012,UPI,SEND_REMINDER,0.53744614,1201.6167081296444
E00006,1343.77,SUBSCRIPTION_FAILED,Bank_A,E42,P016,NETBANKING,ALTERNATE_PAYMENT,0.89340764,1200.5343882209063
E03918,1952.07,SUBSCRIPTION_FAILED,Bank_C,E17,P019,NETBANKING,ALTERNATE_PAYMENT,0.60968107,1190.1401260238886
E03202,1336.47,SUBSCRIPTION_FAILED,Bank_A,E42,P006,NETBANKING,ALTERNATE_PAYMENT,0.8899097,1189.3375962549449
E04701,1938.02,SUBSCRIPTION_FAILED,Bank_D,E23,P006,UPI,ALTERNATE_PAYMENT,0.6136321,1189.2312493777274
E03380,1876.75,SUBSCRIPTION_FAILED,Bank_C,E17,P004,NETBANKING,ALTERNATE_PAYMENT,0.63312876,1188.2244045436382
E04464,1593.01,CHECKOUT_ABANDONED,Bank_A,E42,P014,CARD,ALTERNATE_PAYMENT,0.7455969,1187.7432948589326
E04697,1878.19,PAYMENT_FAILED,Bank_D,E11,P014,CARD,RETRY_PAYMENT,0.6287123,1180.8411481368541
E01754,1968.31,PAYMENT_FAILED,Bank_C,E23,P020,CARD,RETRY_PAYMENT,0.5984587,1177.9522582298516
E01872,2130.75,CHECKOUT_ABANDONED,Bank_C,E23,P019,CARD,SEND_REMINDER,0.54846394,1168.639541476965
E03862,1299.11,SUBSCRIPTION_FAILED,Bank_A,E42,P011,UPI,ALTERNATE_PAYMENT,0.89936167,1168.3697391360997
E04809,2397.18,INVOICE_OVERDUE,Bank_D,E23,P006,WALLET,SEND_REMINDER,0.48635283,1165.8752797168493
E02601,1445.25,PAYMENT_FAILED,Bank_A,E42,P013,CARD,ALTERNATE_PAYMENT,0.80595773,1164.8104159086943
E04813,1915.99,PAYMENT_FAILED,Bank_D,E23,P004,UPI,RETRY_PAYMENT,0.60667884,1162.3905973541737
E00035,1913.68,PAYMENT_FAILED,Bank_D,E11,P004,WALLET,RETRY_PAYMENT,0.60714823,1161.8874249315263
E01153,2249.92,INVOICE_OVERDUE,Bank_B,E11,P007,WALLET,SEND_REMINDER,0.51493,1158.5513277435302
E03437,1586.68,CHECKOUT_ABANDONED,Bank_A,E42,P002,WALLET,ALTERNATE_PAYMENT,0.7270779,1153.6399645352365
E00720,1711.91,CHECKOUT_ABANDONED,Bank_D,E42,P007,CARD,ALTERNATE_PAYMENT,0.6686857,1144.7296933197977
E01410,1457.9,PAYMENT_FAILED,Bank_A,E42,P009,WALLET,ALTERNATE_PAYMENT,0.7829996,1141.5350805938244
E01318,1434.9,CHECKOUT_ABANDONED,Bank_A,E42,P003,NETBANKING,ALTERNATE_PAYMENT,0.7888915,1131.9804051339627
E01208,1924.81,PAYMENT_FAILED,Bank_D,E42,P017,CARD,ALTERNATE_PAYMENT,0.5847192,1125.473326897621
E03457,1870.64,SUBSCRIPTION_FAILED,Bank_B,E23,P010,WALLET,ALTERNATE_PAYMENT,0.6011631,1124.5597213220597
E01008,1809.72,CHECKOUT_ABANDONED,Bank_B,E11,P001,UPI,SEND_REMINDER,0.6210688,1123.9605846762656
E03760,1685.69,SUBSCRIPTION_FAILED,Bank_C,E23,P007,WALLET,ALTERNATE_PAYMENT,0.6667144,1123.8737467879057
E03317,1492.35,INVOICE_OVERDUE,Bank_A,E42,P002,NETBANKING,ALTERNATE_PAYMENT,0.75308734,1123.8698945134877
E01226,1899.59,CHECKOUT_ABANDONED,Bank_C,E42,P013,UPI,ALTERNATE_PAYMENT,0.59055763,1121.8173775476216
E04887,1840.04,PAYMENT_FAILED,Bank_B,E17,P005,NETBANKING,RETRY_PAYMENT,0.6056363,1114.3950149798393
E02616,1617.26,INVOICE_OVERDUE,Bank_A,E42,P003,CARD,ALTERNATE_PAYMENT,0.68510133,1107.9869774091244
E01408,1562.2,CHECKOUT_ABANDONED,Bank_A,E42,P006,UPI,ALTERNATE_PAYMENT,0.7078802,1105.8504468083381
E01378,1411.96,SUBSCRIPTION_FAILED,Bank_B,E42,P015,WALLET,ALTERNATE_PAYMENT,0.78174585,1103.7938718342782
E00309,1959.21,SUBSCRIPTION_FAILED,Bank_D,E11,P006,UPI,ALTERNATE_PAYMENT,0.5632115,1103.449604178071
E04073,1559.75,INVOICE_OVERDUE,Bank_A,E42,P004,WALLET,ALTERNATE_PAYMENT,0.7072039,1103.0613214820623
E00528,1797.95,PAYMENT_FAILED,Bank_A,E23,P011,NETBANKING,RETRY_PAYMENT,0.613111,1102.342956852913
E04928,1985.72,PAYMENT_FAILED,Bank_A,E23,P008,NETBANKING,RETRY_PAYMENT,0.5531689,1098.4385339307785
E01454,1511.74,INVOICE_OVERDUE,Bank_A,E42,P012,UPI,ALTERNATE_PAYMENT,0.72616184,1097.7678963398932
E00687,1846.5,INVOICE_OVERDUE,Bank_A,E23,P002,NETBANKING,SEND_REMINDER,0.59445477,1097.6607241630554
E01526,2128.75,INVOICE_OVERDUE,Bank_D,E11,P019,WALLET,SEND_REMINDER,0.5146185,1095.494165867567
E04424,1850.57,CHECKOUT_ABANDONED,Bank_D,E42,P019,WALLET,ALTERNATE_PAYMENT,0.5914943,1094.6016471362113
E02621,2256.76,INVOICE_OVERDUE,Bank_A,E11,P017,CARD,SEND_REMINDER,0.4829351,1089.8686180675031
E02153,1704.57,PAYMENT_FAILED,Bank_C,E17,P013,NETBANKING,RETRY_PAYMENT,0.6368164,1085.4981009614467
E01122,1510.11,INVOICE_OVERDUE,Bank_A,E42,P001,WALLET,ALTERNATE_PAYMENT,0.7161395,1081.449413357377
E01325,1509.06,SUBSCRIPTION_FAILED,Bank_D,E17,P005,NETBANKING,ALTERNATE_PAYMENT,0.71438545,1078.050507005453
E03417,1190.8,SUBSCRIPTION_FAILED,Bank_A,E42,P017,WALLET,ALTERNATE_PAYMENT,0.9029741,1075.2615924835204
E01615,1792.11,PAYMENT_FAILED,Bank_B,E17,P020,WALLET,RETRY_PAYMENT,0.5977746,1071.2778828942776
E02596,1988.9,INVOICE_OVERDUE,Bank_C,E17,P008,NETBANKING,SEND_REMINDER,0.53656286,1067.1698722779752
E01177,2159.93,INVOICE_OVERDUE,Bank_A,E11,P010,WALLET,ALTERNATE_PAYMENT,0.49203292,1062.7566548600792
E04501,1815.72,INVOICE_OVERDUE,Bank_D,E17,P009,NETBANKING,ALTERNATE_PAYMENT,0.5852821,1062.7083915996552
E01893,1429.73,INVOICE_OVERDUE,Bank_A,E42,P012,CARD,ALTERNATE_PAYMENT,0.742432,1061.477300862074
E02735,1466.35,INVOICE_OVERDUE,Bank_A,E42,P004,CARD,ALTERNATE_PAYMENT,0.7233131,1060.6301541924477
E00287,2036.64,INVOICE_OVERDUE,Bank_A,E11,P010,NETBANKING,SEND_REMINDER,0.5187023,1056.4099097156525
E03485,1853.72,INVOICE_OVERDUE,Bank_D,E42,P017,UPI,ALTERNATE_PAYMENT,0.569334,1055.3857678818704
E04663,1868.48,PAYMENT_FAILED,Bank_D,E23,P019,WALLET,RETRY_PAYMENT,0.5642314,1054.255078277588
E02301,1667.22,SUBSCRIPTION_FAILED,Bank_B,E11,P016,UPI,ALTERNATE_PAYMENT,0.6308505,1051.7665604531765
E01876,1715.83,PAYMENT_FAILED,Bank_C,E11,P017,WALLET,RETRY_PAYMENT,0.6119821,1050.0572589325905
E03274,1757.88,SUBSCRIPTION_FAILED,Bank_C,E11,P009,CARD,ALTERNATE_PAYMENT,0.5957797,1047.3092488646507
E02729,1976.73,INVOICE_OVERDUE,Bank_D,E23,P015,CARD,SEND_REMINDER,0.52592736,1039.6163998728991
E01729,1869.38,INVOICE_OVERDUE,Bank_B,E23,P004,CARD,SEND_REMINDER,0.5549423,1037.3980551993848
E01206,1821.14,INVOICE_OVERDUE,Bank_C,E17,P004,NETBANKING,SEND_REMINDER,0.5674927,1033.483698410988
E00425,2001.77,INVOICE_OVERDUE,Bank_D,E17,P008,WALLET,SEND_REMINDER,0.51594627,1032.8057629668713
E04529,1734.05,PAYMENT_FAILED,Bank_B,E11,P006,UPI,RETRY_PAYMENT,0.5934404,1029.0553489863871
E04360,1765.58,CHECKOUT_ABANDONED,Bank_C,E11,P020,UPI,SEND_REMINDER,0.5821017,1027.74712423563
E03626,1725.78,PAYMENT_FAILED,Bank_B,E42,P006,CARD,ALTERNATE_PAYMENT,0.59301513,1023.4136585319042
E03137,1573.03,PAYMENT_FAILED,Bank_C,E11,P014,UPI,RETRY_PAYMENT,0.6456936,1015.6954038876295
E01922,1829.73,PAYMENT_FAILED,Bank_C,E11,P009,NETBANKING,RETRY_PAYMENT,0.55502427,1015.5445506727696
E00400,1843.19,INVOICE_OVERDUE,Bank_D,E42,P011,WALLET,SEND_REMINDER,0.55061084,1014.8803947705031
E02654,1378.82,INVOICE_OVERDUE,Bank_A,E42,P002,UPI,ALTERNATE_PAYMENT,0.7344279,1012.6439169597626
E04689,1585.09,CHECKOUT_ABANDONED,Bank_B,E23,P018,NETBANKING,SEND_REMINDER,0.6356848,1007.6176009708643
E00611,1621.78,CHECKOUT_ABANDONED,Bank_B,E23,P009,NETBANKING,SEND_REMINDER,0.6119183,992.3968128740787
E03953,1307.24,PAYMENT_FAILED,Bank_A,E42,P011,WALLET,ALTERNATE_PAYMENT,0.75791806,990.7808045268059
E02996,1234.63,SUBSCRIPTION_FAILED,Bank_D,E42,P014,CARD,ALTERNATE_PAYMENT,0.8019727,990.1395388525725
E04343,1409.39,SUBSCRIPTION_FAILED,Bank_C,E42,P013,CARD,ALTERNATE_PAYMENT,0.7014997,988.6866629529
E04053,1956.28,INVOICE_OVERDUE,Bank_C,E11,P013,UPI,SEND_REMINDER,0.5052583,988.4267496967316
E02769,1526.79,PAYMENT_FAILED,Bank_B,E17,P020,NETBANKING,RETRY_PAYMENT,0.64661944,987.2520934617519
E03761,1438.93,PAYMENT_FAILED,Bank_D,E17,P018,CARD,RETRY_PAYMENT,0.68523866,986.0104641443492
E03154,1599.94,SUBSCRIPTION_FAILED,Bank_C,E11,P006,UPI,ALTERNATE_PAYMENT,0.61583686,985.3020237874985
E00003,1582.24,SUBSCRIPTION_FAILED,Bank_B,E17,P001,WALLET,ALTERNATE_PAYMENT,0.6224429,984.854055891037
E01250,1395.43,SUBSCRIPTION_FAILED,Bank_B,E23,P007,CARD,ALTERNATE_PAYMENT,0.7050634,983.8666239637137
E03776,1374.87,CHECKOUT_ABANDONED,Bank_A,E42,P016,WALLET,ALTERNATE_PAYMENT,0.71445704,982.2855437994002
E03360,1737.17,CHECKOUT_ABANDONED,Bank_C,E17,P014,WALLET,SEND_REMINDER,0.5620158,976.3169384121895
E02719,1688.66,PAYMENT_FAILED,Bank_C,E23,P001,CARD,RETRY_PAYMENT,0.57524043,971.385509954691
E00701,1957.13,INVOICE_OVERDUE,Bank_D,E17,P017,WALLET,SEND_REMINDER,0.4940511,966.9222270405293
E02440,1582.84,CHECKOUT_ABANDONED,Bank_C,E42,P002,WALLET,SEND_REMINDER,0.6106387,966.543325202465
E04051,1234.04,CHECKOUT_ABANDONED,Bank_A,E42,P005,CARD,ALTERNATE_PAYMENT,0.7793101,961.6998447275162
E03316,1508.48,CHECKOUT_ABANDONED,Bank_C,E23,P006,NETBANKING,SEND_REMINDER,0.6373622,961.4481045150757
E01281,1338.3,INVOICE_OVERDUE,Bank_A,E42,P001,UPI,ALTERNATE_PAYMENT,0.71642035,958.7853576958179
E01740,1406.58,PAYMENT_FAILED,Bank_C,E17,P006,NETBANKING,RETRY_PAYMENT,0.68121696,958.186144824028
E00116,1730.63,PAYMENT_FAILED,Bank_A,E11,P017,WALLET,RETRY_PAYMENT,0.55331177,957.577940197587
E03792,1757.73,INVOICE_OVERDUE,Bank_A,E17,P008,NETBANKING,SEND_REMINDER,0.5444476,956.9918814271689
E03129,1678.98,CHECKOUT_ABANDONED,Bank_B,E23,P001,UPI,SEND_REMINDER,0.5682414,954.0659749996662
E01825,1609.41,CHECKOUT_ABANDONED,Bank_C,E11,P004,CARD,SEND_REMINDER,0.5926228,953.7730872040987
E03166,1431.83,PAYMENT_FAILED,Bank_B,E11,P016,CARD,RETRY_PAYMENT,0.66371155,950.3221055603027
E03304,1519.89,INVOICE_OVERDUE,Bank_D,E17,P014,CARD,ALTERNATE_PAYMENT,0.62372345,947.9910303515196
E04060,1373.86,INVOICE_OVERDUE,Bank_B,E42,P013,NETBANKING,ALTERNATE_PAYMENT,0.68790364,945.0832984972
E03515,1361.61,INVOICE_OVERDUE,Bank_A,E42,P010,UPI,ALTERNATE_PAYMENT,0.6918579,942.0406003528833
E01707,1404.79,SUBSCRIPTION_FAILED,Bank_A,E17,P012,NETBANKING,ALTERNATE_PAYMENT,0.6680794,938.5112269210815
E03375,1028.92,SUBSCRIPTION_FAILED,Bank_A,E42,P018,NETBANKING,ALTERNATE_PAYMENT,0.9115877,937.9508318710327
E00703,1696.05,INVOICE_OVERDUE,Bank_B,E23,P011,WALLET,SEND_REMINDER,0.54876596,930.7345019727945
E00349,1552.48,INVOICE_OVERDUE,Bank_B,E23,P020,UPI,SEND_REMINDER,0.59862024,929.3459438610078
E03902,1568.8,INVOICE_OVERDUE,Bank_D,E17,P004,NETBANKING,SEND_REMINDER,0.58749396,921.6605183124542
E02083,1527.65,CHECKOUT_ABANDONED,Bank_C,E11,P002,WALLET,SEND_REMINDER,0.60058737,917.4872927427292
E02630,1691.81,CHECKOUT_ABANDONED,Bank_C,E17,P003,CARD,SEND_REMINDER,0.5421306,917.1819525969028
E01111,1780.48,INVOICE_OVERDUE,Bank_C,E42,P006,CARD,ALTERNATE_PAYMENT,0.51440126,915.8811501312256
E04328,1429.25,PAYMENT_FAILED,Bank_B,E17,P010,CARD,RETRY_PAYMENT,0.6389196,913.175826728344
E03358,1191.61,PAYMENT_FAILED,Bank_A,E42,P002,WALLET,ALTERNATE_PAYMENT,0.7635116,909.8080554240942
E04728,1523.4,CHECKOUT_ABANDONED,Bank_B,E17,P008,NETBANKING,SEND_REMINDER,0.59616536,908.1983079314232
E04460,1468.39,INVOICE_OVERDUE,Bank_B,E42,P019,NETBANKING,ALTERNATE_PAYMENT,0.61837125,908.010157210827
E01626,1319.77,SUBSCRIPTION_FAILED,Bank_C,E11,P015,UPI,ALTERNATE_PAYMENT,0.68754834,907.4056718462706
E02550,1151.14,PAYMENT_FAILED,Bank_A,E42,P010,WALLET,ALTERNATE_PAYMENT,0.78175026,899.9039963495732
E01154,1592.49,CHECKOUT_ABANDONED,Bank_A,E17,P008,CARD,SEND_REMINDER,0.5646923,899.2668701916933
E00293,1208.89,INVOICE_OVERDUE,Bank_A,E42,P009,UPI,ALTERNATE_PAYMENT,0.7430966,898.3220367360116
E04506,1810.32,INVOICE_OVERDUE,Bank_C,E23,P010,UPI,SEND_REMINDER,0.4936006,893.5750507164001
E00650,1505.42,CHECKOUT_ABANDONED,Bank_D,E11,P020,UPI,SEND_REMINDER,0.5908116,889.4196142601967
E02393,1586.74,PAYMENT_FAILED,Bank_A,E17,P001,WALLET,RETRY_PAYMENT,0.5574225,884.4846073698998
E03252,980.0,SUBSCRIPTION_FAILED,Bank_A,E42,P015,WALLET,ALTERNATE_PAYMENT,0.9007223,882.7078783512115
E01287,1245.53,CHECKOUT_ABANDONED,Bank_A,E42,P006,UPI,ALTERNATE_PAYMENT,0.7070942,880.7070295906067
E00506,1155.47,INVOICE_OVERDUE,Bank_A,E42,P011,CARD,ALTERNATE_PAYMENT,0.7614076,879.7836554646492
E04922,1432.94,CHECKOUT_ABANDONED,Bank_D,E23,P008,WALLET,SEND_REMINDER,0.6090987,872.801852297783
E00810,1487.59,CHECKOUT_ABANDONED,Bank_D,E11,P012,CARD,SEND_REMINDER,0.5834693,867.9630538284778
E03184,1452.74,CHECKOUT_ABANDONED,Bank_B,E17,P001,CARD,SEND_REMINDER,0.5946496,863.8712786495686
E02159,1465.35,INVOICE_OVERDUE,Bank_D,E23,P005,NETBANKING,ALTERNATE_PAYMENT,0.58911365,863.2576909929513
E00401,1627.69,INVOICE_OVERDUE,Bank_C,E11,P004,WALLET,SEND_REMINDER,0.5296341,862.0801576578617
E02456,1560.06,INVOICE_OVERDUE,Bank_C,E17,P013,UPI,ALTERNATE_PAYMENT,0.5514305,860.2647023284435
E00496,1329.94,SUBSCRIPTION_FAILED,Bank_A,E17,P007,WALLET,ALTERNATE_PAYMENT,0.64231235,854.2368839514256
E00536,1323.25,SUBSCRIPTION_FAILED,Bank_C,E23,P009,NETBANKING,ALTERNATE_PAYMENT,0.6452472,853.8233851790428
E02342,1494.39,PAYMENT_FAILED,Bank_A,E23,P002,UPI,RETRY_PAYMENT,0.57007176,851.9095327037573
E04967,1521.67,CHECKOUT_ABANDONED,Bank_A,E23,P011,WALLET,SEND_REMINDER,0.5568368,847.3218289357425
E00191,1325.61,CHECKOUT_ABANDONED,Bank_B,E11,P004,UPI,SEND_REMINDER,0.63632303,843.516178112626
E01184,1519.92,CHECKOUT_ABANDONED,Bank_A,E11,P013,UPI,SEND_REMINDER,0.5521353,839.2014680242539
E01348,1281.84,SUBSCRIPTION_FAILED,Bank_A,E23,P006,UPI,ALTERNATE_PAYMENT,0.65251696,836.4223414134979
E02731,1611.81,INVOICE_OVERDUE,Bank_C,E11,P018,UPI,SEND_REMINDER,0.5188867,836.3467483484744
E02913,1281.62,SUBSCRIPTION_FAILED,Bank_C,E17,P007,CARD,ALTERNATE_PAYMENT,0.6489902,831.7588379013538
E01660,1281.55,PAYMENT_FAILED,Bank_D,E42,P002,WALLET,ALTERNATE_PAYMENT,0.6475291,829.8409504175186
E01327,1302.1,SUBSCRIPTION_FAILED,Bank_A,E17,P012,UPI,ALTERNATE_PAYMENT,0.636275,828.4936689317226
E01381,1358.1,INVOICE_OVERDUE,Bank_B,E17,P013,WALLET,ALTERNATE_PAYMENT,0.6088764,826.9150485455989
E02786,1244.6,PAYMENT_FAILED,Bank_D,E23,P018,UPI,RETRY_PAYMENT,0.6625825,824.6502002477645
E02895,910.07,SUBSCRIPTION_FAILED,Bank_A,E42,P014,NETBANKING,ALTERNATE_PAYMENT,0.9042247,822.9077670639754
E04044,1392.84,INVOICE_OVERDUE,Bank_B,E11,P012,UPI,SEND_REMINDER,0.5901985,822.0521022033691
E01908,1518.96,INVOICE_OVERDUE,Bank_C,E23,P001,UPI,SEND_REMINDER,0.54063314,821.2001173639297
E04667,1278.11,SUBSCRIPTION_FAILED,Bank_C,E11,P004,CARD,ALTERNATE_PAYMENT,0.6410836,819.3753576147556
E04152,1270.01,PAYMENT_FAILED,Bank_B,E11,P010,NETBANKING,RETRY_PAYMENT,0.64385915,817.7075565838813
E04585,1387.37,INVOICE_OVERDUE,Bank_D,E11,P007,WALLET,SEND_REMINDER,0.5876707,815.3166766679286
E01925,1264.95,PAYMENT_FAILED,Bank_A,E11,P013,WALLET,RETRY_PAYMENT,0.6375654,806.4883203148842
E03292,1028.08,PAYMENT_FAILED,Bank_A,E42,P010,CARD,ALTERNATE_PAYMENT,0.78219974,804.1639091205597
E02407,1027.99,PAYMENT_FAILED,Bank_A,E42,P010,WALLET,ALTERNATE_PAYMENT,0.7806273,802.4770686906576
E00782,1338.99,INVOICE_OVERDUE,Bank_D,E42,P011,CARD,SEND_REMINDER,0.59915566,802.2634431338311
E02500,1371.52,SUBSCRIPTION_FAILED,Bank_A,E17,P006,WALLET,ALTERNATE_PAYMENT,0.58430564,801.3868769073487
E04774,1442.38,INVOICE_OVERDUE,Bank_C,E17,P014,WALLET,ALTERNATE_PAYMENT,0.55546373,801.189776736498
E03934,1155.72,INVOICE_OVERDUE,Bank_A,E42,P003,UPI,ALTERNATE_PAYMENT,0.68865633,795.8938938331604
E01032,1049.73,SUBSCRIPTION_FAILED,Bank_C,E42,P014,NETBANKING,ALTERNATE_PAYMENT,0.75813735,795.8395154964924
E00614,1431.18,INVOICE_OVERDUE,Bank_C,E17,P009,CARD,SEND_REMINDER,0.5548272,794.0576111125946
E00383,1357.98,INVOICE_OVERDUE,Bank_C,E42,P014,NETBANKING,ALTERNATE_PAYMENT,0.5818527,790.1442948961258
E00271,1217.89,CHECKOUT_ABANDONED,Bank_B,E23,P016,CARD,SEND_REMINDER,0.6423436,782.3038235265017
E03327,976.27,PAYMENT_FAILED,Bank_A,E42,P011,WALLET,ALTERNATE_PAYMENT,0.7965748,777.6720520788431
E03115,1040.28,SUBSCRIPTION_FAILED,Bank_B,E42,P012,CARD,ALTERNATE_PAYMENT,0.74683326,776.9157087349892
E02499,1224.65,PAYMENT_FAILED,Bank_D,E17,P020,CARD,RETRY_PAYMENT,0.630499,772.1406068623066
E04607,1232.19,CHECKOUT_ABANDONED,Bank_C,E17,P005,WALLET,SEND_REMINDER,0.6216145,765.9471902006865
E02988,1253.68,CHECKOUT_ABANDONED,Bank_B,E17,P002,UPI,SEND_REMINDER,0.6061339,759.897920460701
E00669,1345.26,INVOICE_OVERDUE,Bank_C,E23,P014,NETBANKING,ALTERNATE_PAYMENT,0.5648039,759.8080922734738
E02661,864.08,SUBSCRIPTION_FAILED,Bank_A,E42,P009,WALLET,ALTERNATE_PAYMENT,0.87310284,754.4307052373887
E04440,1245.05,CHECKOUT_ABANDONED,Bank_D,E11,P005,CARD,SEND_REMINDER,0.60585797,754.3234634697437
E01958,829.78,SUBSCRIPTION_FAILED,Bank_A,E42,P007,WALLET,ALTERNATE_PAYMENT,0.9043608,750.420480709076
E04034,1035.3,CHECKOUT_ABANDONED,Bank_A,E42,P006,CARD,ALTERNATE_PAYMENT,0.7209192,746.3676393091679
E00359,1371.96,INVOICE_OVERDUE,Bank_D,E17,P001,UPI,SEND_REMINDER,0.5427744,744.6647373604775
E02264,820.99,SUBSCRIPTION_FAILED,Bank_A,E42,P005,NETBANKING,ALTERNATE_PAYMENT,0.9038187,742.026136301756
E01828,1128.05,SUBSCRIPTION_FAILED,Bank_B,E23,P016,WALLET,ALTERNATE_PAYMENT,0.6571284,741.2736844569445
E02672,918.74,SUBSCRIPTION_FAILED,Bank_C,E42,P006,UPI,ALTERNATE_PAYMENT,0.8059464,740.4552044498921
E01923,960.62,PAYMENT_FAILED,Bank_A,E42,P005,WALLET,ALTERNATE_PAYMENT,0.77040464,740.0661022603512
E04897,988.73,CHECKOUT_ABANDONED,Bank_A,E42,P018,UPI,ALTERNATE_PAYMENT,0.7436506,735.2696727818251
E04532,1141.47,PAYMENT_FAILED,Bank_B,E42,P010,NETBANKING,ALTERNATE_PAYMENT,0.6403434,730.9328123688698
E03183,1001.33,SUBSCRIPTION_FAILED,Bank_B,E11,P010,NETBANKING,ALTERNATE_PAYMENT,0.72741675,728.3842180514335
E04990,1294.06,CHECKOUT_ABANDONED,Bank_B,E11,P010,UPI,SEND_REMINDER,0.5619042,727.137738661766
E00107,1013.51,SUBSCRIPTION_FAILED,Bank_A,E17,P015,CARD,ALTERNATE_PAYMENT,0.7156242,725.2922963392734
E01443,977.35,CHECKOUT_ABANDONED,Bank_A,E42,P001,WALLET,ALTERNATE_PAYMENT,0.73966557,722.9121427625417
E01444,1129.06,PAYMENT_FAILED,Bank_A,E11,P011,UPI,RETRY_PAYMENT,0.6393563,721.8716411674022
E01466,1127.46,PAYMENT_FAILED,Bank_C,E11,P018,UPI,RETRY_PAYMENT,0.6401224,721.7124164772034
E02095,1295.09,CHECKOUT_ABANDONED,Bank_A,E11,P006,UPI,SEND_REMINDER,0.5572504,721.6893953025341
E03732,1078.43,PAYMENT_FAILED,Bank_B,E17,P007,CARD,RETRY_PAYMENT,0.6673158,719.6533578294516
E02279,954.4,INVOICE_OVERDUE,Bank_A,E42,P011,UPI,ALTERNATE_PAYMENT,0.7517478,717.4680879116058
E00001,1232.59,PAYMENT_FAILED,Bank_A,E23,P011,UPI,RETRY_PAYMENT,0.5807451,715.8206040108204
E04390,899.42,SUBSCRIPTION_FAILED,Bank_D,E42,P009,NETBANKING,ALTERNATE_PAYMENT,0.7858188,706.7811587953568
E02762,1129.64,CHECKOUT_ABANDONED,Bank_D,E42,P018,UPI,ALTERNATE_PAYMENT,0.62477565,705.7715631389618
E02439,1245.98,CHECKOUT_ABANDONED,Bank_B,E23,P020,CARD,SEND_REMINDER,0.56366205,702.311643743515
E03580,1197.52,CHECKOUT_ABANDONED,Bank_A,E23,P004,NETBANKING,SEND_REMINDER,0.5856562,701.3350433778762
E01267,946.49,INVOICE_OVERDUE,Bank_A,E42,P016,CARD,ALTERNATE_PAYMENT,0.73895496,699.4134813207388
E04545,1001.18,SUBSCRIPTION_FAILED,Bank_B,E11,P016,UPI,ALTERNATE_PAYMENT,0.6982343,699.0582361841201
E01839,1264.01,INVOICE_OVERDUE,Bank_D,E17,P019,UPI,SEND_REMINDER,0.5512131,696.7388523942232
E03829,917.64,PAYMENT_FAILED,Bank_A,E42,P018,UPI,ALTERNATE_PAYMENT,0.75504804,692.8622802829742
E04224,1068.96,PAYMENT_FAILED,Bank_D,E42,P001,NETBANKING,ALTERNATE_PAYMENT,0.64589006,690.4306354236603
E01961,1285.9,INVOICE_OVERDUE,Bank_B,E11,P012,UPI,SEND_REMINDER,0.5338345,686.4578054130078
E01365,1307.78,CHECKOUT_ABANDONED,Bank_A,E23,P013,UPI,ALTERNATE_PAYMENT,0.5220182,682.6849540090561
E03802,1059.84,PAYMENT_FAILED,Bank_B,E11,P016,UPI,RETRY_PAYMENT,0.6438552,682.3835101318359
E02021,1137.98,CHECKOUT_ABANDONED,Bank_B,E11,P013,CARD,ALTERNATE_PAYMENT,0.5992252,681.9063193428517
E03643,878.94,CHECKOUT_ABANDONED,Bank_A,E42,P001,NETBANKING,ALTERNATE_PAYMENT,0.77375335,680.0827650654317
E00905,1211.44,INVOICE_OVERDUE,Bank_D,E17,P009,WALLET,ALTERNATE_PAYMENT,0.55787605,675.8333625841141
E02818,1035.12,PAYMENT_FAILED,Bank_B,E23,P018,NETBANKING,RETRY_PAYMENT,0.6524983,675.4140453100204
E00117,1281.54,CHECKOUT_ABANDONED,Bank_A,E17,P004,WALLET,SEND_REMINDER,0.52598804,674.0747157990933
E00917,1034.12,PAYMENT_FAILED,Bank_C,E11,P001,WALLET,RETRY_PAYMENT,0.650762,672.9660217165946
E03199,1283.55,CHECKOUT_ABANDONED,Bank_D,E17,P015,CARD,SEND_REMINDER,0.5241954,672.8309710890054
E02435,935.62,CHECKOUT_ABANDONED,Bank_A,E42,P006,UPI,ALTERNATE_PAYMENT,0.7130417,667.136096662283
E02030,1268.23,PAYMENT_FAILED,Bank_A,E17,P009,CARD,RETRY_PAYMENT,0.51937234,658.6835878527164
E01582,1172.73,INVOICE_OVERDUE,Bank_B,E23,P020,WALLET,ALTERNATE_PAYMENT,0.560872,657.7514420646429
E02251,1010.38,SUBSCRIPTION_FAILED,Bank_D,E23,P018,WALLET,ALTERNATE_PAYMENT,0.64954495,656.28723092556
E02368,1035.81,PAYMENT_FAILED,Bank_B,E23,P004,NETBANKING,RETRY_PAYMENT,0.63139623,654.0065331763029
E00073,1171.01,CHECKOUT_ABANDONED,Bank_D,E17,P017,UPI,SEND_REMINDER,0.55581903,650.8696476793289
E00278,950.21,SUBSCRIPTION_FAILED,Bank_D,E23,P013,UPI,ALTERNATE_PAYMENT,0.6849108,650.8090667819977
E03806,1115.02,INVOICE_OVERDUE,Bank_C,E11,P015,WALLET,SEND_REMINDER,0.5827263,649.7514787614346
E02674,980.34,CHECKOUT_ABANDONED,Bank_C,E11,P004,NETBANKING,SEND_REMINDER,0.6494424,636.674337619543
E03366,1136.81,CHECKOUT_ABANDONED,Bank_D,E17,P005,UPI,SEND_REMINDER,0.55467534,630.5604740071296
E03614,978.0,PAYMENT_FAILED,Bank_B,E17,P016,WALLET,RETRY_PAYMENT,0.6437664,629.6035423278809
E02803,939.09,PAYMENT_FAILED,Bank_B,E23,P017,CARD,RETRY_PAYMENT,0.6673213,626.6747824823857
E03738,1065.35,PAYMENT_FAILED,Bank_C,E23,P019,CARD,RETRY_PAYMENT,0.5841019,622.2729755282402
E04795,1108.04,INVOICE_OVERDUE,Bank_B,E11,P004,WALLET,SEND_REMINDER,0.56104577,621.6611504220963
E00017,969.02,SUBSCRIPTION_FAILED,Bank_D,E17,P020,CARD,ALTERNATE_PAYMENT,0.64128816,621.4210540413857
E04148,1088.71,INVOICE_OVERDUE,Bank_C,E17,P018,NETBANKING,SEND_REMINDER,0.56817496,618.5777587735653
E04641,1155.83,INVOICE_OVERDUE,Bank_A,E17,P020,CARD,ALTERNATE_PAYMENT,0.53417397,617.4142944908142
E00950,793.12,PAYMENT_FAILED,Bank_B,E11,P017,UPI,RETRY_PAYMENT,0.76582026,607.3873684310913
E02814,979.65,INVOICE_OVERDUE,Bank_C,E11,P015,WALLET,SEND_REMINDER,0.6130238,600.548782852292
E00428,750.01,PAYMENT_FAILED,Bank_A,E42,P013,WALLET,ALTERNATE_PAYMENT,0.7970938,597.8283274263143
E03491,960.93,INVOICE_OVERDUE,Bank_B,E11,P014,UPI,SEND_REMINDER,0.6142105,590.2132827079296
E04140,1068.21,CHECKOUT_ABANDONED,Bank_B,E11,P020,CARD,ALTERNATE_PAYMENT,0.55250615,590.1925932258367
E03300,1014.93,CHECKOUT_ABANDONED,Bank_C,E42,P005,UPI,SEND_REMINDER,0.5775351,586.1576917666197
E00450,956.6,INVOICE_OVERDUE,Bank_D,E17,P007,NETBANKING,ALTERNATE_PAYMENT,0.60811377,581.7216282844544
E00651,653.43,SUBSCRIPTION_FAILED,Bank_A,E42,P019,WALLET,ALTERNATE_PAYMENT,0.8811637,575.7788071525097
E04635,973.84,PAYMENT_FAILED,Bank_A,E17,P014,WALLET,RETRY_PAYMENT,0.5893403,573.9231861591339
E02073,910.19,CHECKOUT_ABANDONED,Bank_B,E42,P001,NETBANKING,ALTERNATE_PAYMENT,0.61939985,563.7715454667807
E01726,728.41,CHECKOUT_ABANDONED,Bank_C,E11,P017,NETBANKING,SEND_REMINDER,0.76894945,560.1104681915044
E01860,807.08,INVOICE_OVERDUE,Bank_A,E42,P010,WALLET,ALTERNATE_PAYMENT,0.69162035,558.1929519844056
E00773,676.06,PAYMENT_FAILED,Bank_A,E42,P013,NETBANKING,ALTERNATE_PAYMENT,0.8246665,557.5240340518951
E02557,832.46,PAYMENT_FAILED,Bank_B,E42,P013,NETBANKING,ALTERNATE_PAYMENT,0.6661853,554.572631007433
E01459,929.19,CHECKOUT_ABANDONED,Bank_C,E17,P004,WALLET,SEND_REMINDER,0.59488136,552.7578069609403
E02493,794.51,INVOICE_OVERDUE,Bank_A,E42,P010,WALLET,ALTERNATE_PAYMENT,0.69421256,551.5588177764415
E00456,872.19,PAYMENT_FAILED,Bank_D,E23,P005,WALLET,RETRY_PAYMENT,0.6279309,547.6750338721275
E03769,905.67,CHECKOUT_ABANDONED,Bank_C,E23,P015,UPI,SEND_REMINDER,0.5962453,540.0014707517623
E00867,814.12,CHECKOUT_ABANDONED,Bank_C,E11,P006,NETBANKING,SEND_REMINDER,0.6492456,528.5638439702988
E03861,724.03,CHECKOUT_ABANDONED,Bank_A,E42,P014,UPI,ALTERNATE_PAYMENT,0.7291011,527.891084945798
E04610,580.24,SUBSCRIPTION_FAILED,Bank_A,E42,P013,UPI,ALTERNATE_PAYMENT,0.9037244,524.3770298337937
E03471,874.43,INVOICE_OVERDUE,Bank_B,E11,P001,NETBANKING,ALTERNATE_PAYMENT,0.5992606,524.0114711374044
E00786,894.59,PAYMENT_FAILED,Bank_B,E42,P018,CARD,ALTERNATE_PAYMENT,0.5851651,523.482831966281
E01031,677.62,PAYMENT_FAILED,Bank_A,E42,P001,CARD,ALTERNATE_PAYMENT,0.7713132,522.6572441196441
E02897,852.74,PAYMENT_FAILED,Bank_B,E11,P020,UPI,RETRY_PAYMENT,0.6116538,521.5816654872895
E00926,706.04,CHECKOUT_ABANDONED,Bank_A,E42,P003,CARD,ALTERNATE_PAYMENT,0.73156774,516.5160874605178
E01557,638.57,PAYMENT_FAILED,Bank_A,E42,P013,CARD,ALTERNATE_PAYMENT,0.8077202,515.7858781051636
E03105,542.19,SUBSCRIPTION_FAILED,Bank_A,E42,P017,WALLET,ALTERNATE_PAYMENT,0.93380165,506.2979171562195
E03294,913.89,INVOICE_OVERDUE,Bank_B,E17,P011,CARD,SEND_REMINDER,0.55252224,504.9445518046617
E04572,730.72,PAYMENT_FAILED,Bank_C,E11,P016,CARD,RETRY_PAYMENT,0.68534195,500.79307279586794
E03347,655.4,CHECKOUT_ABANDONED,Bank_A,E42,P007,UPI,ALTERNATE_PAYMENT,0.7612689,498.9356460690498
E04309,616.33,SUBSCRIPTION_FAILED,Bank_C,E42,P004,NETBANKING,ALTERNATE_PAYMENT,0.8048287,496.04007476866246
E03322,748.14,SUBSCRIPTION_FAILED,Bank_D,E17,P009,NETBANKING,ALTERNATE_PAYMENT,0.6575473,491.9374333512783
E00657,764.24,SUBSCRIPTION_FAILED,Bank_D,E23,P008,NETBANKING,ALTERNATE_PAYMENT,0.6431093,491.48986793518065
E03179,882.83,INVOICE_OVERDUE,Bank_C,E11,P015,CARD,SEND_REMINDER,0.5544674,489.50043712675574
E03888,805.26,INVOICE_OVERDUE,Bank_D,E42,P018,UPI,ALTERNATE_PAYMENT,0.60774785,489.39503594756127
E03073,538.23,SUBSCRIPTION_FAILED,Bank_A,E42,P020,UPI,ALTERNATE_PAYMENT,0.9053591,487.2914226740599
E00632,779.25,CHECKOUT_ABANDONED,Bank_D,E42,P013,UPI,ALTERNATE_PAYMENT,0.6238956,486.1706350296736
E03677,644.51,PAYMENT_FAILED,Bank_A,E42,P012,WALLET,ALTERNATE_PAYMENT,0.75412285,486.0397201669216
E04557,658.04,SUBSCRIPTION_FAILED,Bank_C,E42,P016,NETBANKING,ALTERNATE_PAYMENT,0.7372053,485.1105930876732
E02315,638.04,SUBSCRIPTION_FAILED,Bank_B,E42,P009,NETBANKING,ALTERNATE_PAYMENT,0.75818855,483.7546197009086
E03334,807.78,INVOICE_OVERDUE,Bank_B,E42,P020,NETBANKING,ALTERNATE_PAYMENT,0.5974266,482.58925353884695
E02106,720.33,PAYMENT_FAILED,Bank_B,E17,P006,NETBANKING,RETRY_PAYMENT,0.6667167,480.2560367882252
E04484,876.02,CHECKOUT_ABANDONED,Bank_B,E11,P020,WALLET,SEND_REMINDER,0.5471239,479.2914867591858
E02772,839.6,PAYMENT_FAILED,Bank_D,E17,P009,NETBANKING,RETRY_PAYMENT,0.5678809,476.79282758235934
E00586,883.62,CHECKOUT_ABANDONED,Bank_B,E17,P016,NETBANKING,SEND_REMINDER,0.5368736,474.3922318983078
E04024,845.71,CHECKOUT_ABANDONED,Bank_C,E17,P006,WALLET,SEND_REMINDER,0.55679476,470.88689868807796
E01948,896.44,INVOICE_OVERDUE,Bank_D,E17,P004,WALLET,ALTERNATE_PAYMENT,0.524044,469.77398297548297
E01611,950.69,CHECKOUT_ABANDONED,Bank_A,E23,P019,CARD,SEND_REMINDER,0.4827328,458.9292481318116
E01933,617.19,SUBSCRIPTION_FAILED,Bank_C,E11,P010,NETBANKING,ALTERNATE_PAYMENT,0.73788863,455.41748614490035
E00246,714.41,PAYMENT_FAILED,Bank_B,E11,P020,UPI,RETRY_PAYMENT,0.6321761,451.6329284638166
E04298,596.84,PAYMENT_FAILED,Bank_A,E42,P003,WALLET,ALTERNATE_PAYMENT,0.7534664,449.69890248537064
E03494,595.28,CHECKOUT_ABANDONED,Bank_A,E42,P018,CARD,ALTERNATE_PAYMENT,0.7522082,447.77448138713834
E01843,847.28,INVOICE_OVERDUE,Bank_B,E23,P011,WALLET,ALTERNATE_PAYMENT,0.525936,445.61506043434144
E00244,592.76,CHECKOUT_ABANDONED,Bank_A,E42,P001,CARD,ALTERNATE_PAYMENT,0.7349142,435.62773148059847
E04381,682.38,PAYMENT_FAILED,Bank_D,E23,P019,NETBANKING,RETRY_PAYMENT,0.6288866,429.1396247792244
E04072,688.51,SUBSCRIPTION_FAILED,Bank_A,E17,P001,WALLET,ALTERNATE_PAYMENT,0.6184286,425.794267064333
E00777,720.29,INVOICE_OVERDUE,Bank_B,E42,P005,NETBANKING,ALTERNATE_PAYMENT,0.5905899,425.39598534464835
E00479,811.71,PAYMENT_FAILED,Bank_C,E42,P016,CARD,ALTERNATE_PAYMENT,0.52214766,423.83247343540194
E01577,534.25,CHECKOUT_ABANDONED,Bank_A,E42,P005,NETBANKING,ALTERNATE_PAYMENT,0.7838265,418.75929179787636
E03847,582.37,CHECKOUT_ABANDONED,Bank_A,E42,P003,UPI,ALTERNATE_PAYMENT,0.7176257,417.9236658555269
E00749,617.23,PAYMENT_FAILED,Bank_C,E23,P004,UPI,RETRY_PAYMENT,0.6770927,417.92190956473354
E04247,573.34,SUBSCRIPTION_FAILED,Bank_C,E11,P012,NETBANKING,ALTERNATE_PAYMENT,0.72857606,417.72180059671405
E01875,523.39,INVOICE_OVERDUE,Bank_A,E42,P017,CARD,ALTERNATE_PAYMENT,0.78391224,410.2918280571699
E00394,744.46,INVOICE_OVERDUE,Bank_D,E11,P012,WALLET,SEND_REMINDER,0.53639275,399.3229454410076
E04724,846.22,CHECKOUT_ABANDONED,Bank_A,E23,P010,WALLET,SEND_REMINDER,0.46889845,396.79124243915084
E00928,525.68,INVOICE_OVERDUE,Bank_A,E42,P020,WALLET,ALTERNATE_PAYMENT,0.7458877,392.0982444238662
E03808,765.99,CHECKOUT_ABANDONED,Bank_A,E17,P012,CARD,SEND_REMINDER,0.50657445,388.03096442878245
E02721,645.97,CHECKOUT_ABANDONED,Bank_D,E42,P010,CARD,ALTERNATE_PAYMENT,0.58960825,380.86924257576464
E00311,600.09,PAYMENT_FAILED,Bank_B,E11,P003,WALLET,RETRY_PAYMENT,0.6192702,371.61785761713986
E04379,587.54,CHECKOUT_ABANDONED,Bank_D,E42,P006,WALLET,ALTERNATE_PAYMENT,0.6319251,371.281276807785
E01131,631.27,INVOICE_OVERDUE,Bank_B,E42,P007,UPI,ALTERNATE_PAYMENT,0.5699048,359.76380576610563
E01010,618.04,INVOICE_OVERDUE,Bank_A,E23,P013,CARD,ALTERNATE_PAYMENT,0.58093524,359.0412156009674
E04101,806.26,INVOICE_OVERDUE,Bank_C,E17,P001,UPI,ALTERNATE_PAYMENT,0.4440334,358.00638047277926
E01930,568.07,INVOICE_OVERDUE,Bank_B,E42,P007,WALLET,ALTERNATE_PAYMENT,0.6006592,341.21646697700027
E00269,542.14,PAYMENT_FAILED,Bank_C,E11,P012,NETBANKING,RETRY_PAYMENT,0.6056957,328.37188007354735
E01296,556.3,INVOICE_OVERDUE,Bank_D,E11,P014,NETBANKING,SEND_REMINDER,0.57981706,322.5522286176681
E03604,554.62,PAYMENT_FAILED,Bank_B,E17,P002,NETBANKING,RETRY_PAYMENT,0.5737608,318.2192190635204
E01351,550.99,CHECKOUT_ABANDONED,Bank_B,E42,P003,UPI,SEND_REMINDER,0.5516059,303.929323964715
E01927,546.78,SUBSCRIPTION_FAILED,Bank_B,E17,P013,CARD,ALTERNATE_PAYMENT,0.5506817,301.1017455267906
E04387,571.83,PAYMENT_FAILED,Bank_C,E17,P007,WALLET,RETRY_PAYMENT,0.5186102,296.5568589001894
E04216,510.97,INVOICE_OVERDUE,Bank_B,E42,P018,WALLET,ALTERNATE_PAYMENT,0.56825906,290.3633320838213
E00114,596.59,PAYMENT_FAILED,Bank_A,E23,P015,CARD,RETRY_PAYMENT,0.48579383,289.819740421772
E04214,512.22,SUBSCRIPTION_FAILED,Bank_B,E17,P003,NETBANKING,ALTERNATE_PAYMENT,0.55255514,283.02979577422144
E04295,513.29,INVOICE_OVERDUE,Bank_B,E23,P003,NETBANKING,SEND_REMINDER,0.48831198,250.64565426081418
E01973,546.13,CHECKOUT_ABANDONED,Bank_A,E23,P020,CARD,SEND_REMINDER,0.4382349,239.33322346180677
E00188,586.88,INVOICE_OVERDUE,Bank_C,E17,P008,CARD,SEND_REMINDER,0.3965611,232.73377025604248
E02990,518.27,INVOICE_OVERDUE,Bank_B,E23,P011,UPI,SEND_REMINDER,0.35498223,183.9766388323903
