event_id,customer_id,amount,event_type,bank,error_code,product_id,payment_method
E00001,C0597,7577.15,PAYMENT_FAILED,Bank_D,E42,P009,UPI
E00002,C0791,22803.31,CHECKOUT_ABANDONED,Bank_A,E42,P001,NETBANKING
E00003,C0285,15917.19,SUBSCRIPTION_FAILED,Bank_C,E42,P003,NETBANKING
E00004,C0996,12797.68,SUBSCRIPTION_FAILED,Bank_D,E23,P003,WALLET
E00005,C0979,10142.42,CHECKOUT_ABANDONED,Bank_A,E42,P009,CARD
E00006,C0692,10508.69,INVOICE_OVERDUE,Bank_A,E42,P020,CARD
E00007,C0083,7227.04,PAYMENT_FAILED,Bank_A,E42,P017,NETBANKING
E00008,C0073,13340.96,CHECKOUT_ABANDONED,Bank_A,E42,P017,NETBANKING
E00009,C0341,12865.33,CHECKOUT_ABANDONED,Bank_D,E42,P014,WALLET
E00010,C0097,23917.24,CHECKOUT_ABANDONED,Bank_C,E17,P020,NETBANKING
E00011,C0149,14221.19,SUBSCRIPTION_FAILED,Bank_B,E23,P020,NETBANKING
E00012,C0710,2215.51,CHECKOUT_ABANDONED,Bank_A,E42,P019,CARD
E00013,C0502,11924.55,PAYMENT_FAILED,Bank_A,E23,P019,UPI
E00014,C0303,10161.53,CHECKOUT_ABANDONED,Bank_B,E11,P015,NETBANKING
E00015,C0671,13000.47,PAYMENT_FAILED,Bank_A,E17,P014,NETBANKING
E00016,C0663,5199.03,SUBSCRIPTION_FAILED,Bank_B,E42,P013,NETBANKING
E00017,C0438,7318.66,INVOICE_OVERDUE,Bank_C,E42,P018,NETBANKING
E00018,C0185,15550.21,CHECKOUT_ABANDONED,Bank_C,E23,P013,WALLET
E00019,C0369,20237.08,SUBSCRIPTION_FAILED,Bank_C,E42,P011,NETBANKING
E00020,C0861,12849.14,INVOICE_OVERDUE,Bank_D,E23,P007,CARD
E00021,C0311,1964.65,CHECKOUT_ABANDONED,Bank_D,E17,P012,UPI
E00022,C0727,858.92,SUBSCRIPTION_FAILED,Bank_B,E17,P003,WALLET
E00023,C0768,16608.82,INVOICE_OVERDUE,Bank_B,E42,P014,WALLET
E00024,C0271,23831.89,INVOICE_OVERDUE,Bank_B,E42,P013,WALLET
E00025,C0614,17303.62,SUBSCRIPTION_FAILED,Bank_C,E23,P006,WALLET
E00026,C0316,18187.24,SUBSCRIPTION_FAILED,Bank_A,E17,P010,UPI
E00027,C0394,14429.16,INVOICE_OVERDUE,Bank_D,E17,P003,UPI
E00028,C0958,23294.89,INVOICE_OVERDUE,Bank_C,E17,P007,CARD
E00029,C0397,3140.85,INVOICE_OVERDUE,Bank_A,E42,P016,CARD
E00030,C0891,11967.01,CHECKOUT_ABANDONED,Bank_B,E17,P011,UPI
E00031,C0884,10752.97,SUBSCRIPTION_FAILED,Bank_A,E42,P003,CARD
E00032,C0559,24516.64,CHECKOUT_ABANDONED,Bank_C,E17,P006,WALLET
E00033,C0711,8507.28,SUBSCRIPTION_FAILED,Bank_A,E42,P006,UPI
E00034,C0084,21698.16,SUBSCRIPTION_FAILED,Bank_B,E23,P008,UPI
E00035,C0979,7258.4,CHECKOUT_ABANDONED,Bank_C,E42,P001,UPI
E00036,C0947,9171.47,SUBSCRIPTION_FAILED,Bank_C,E42,P019,CARD
E00037,C0939,20309.96,SUBSCRIPTION_FAILED,Bank_A,E42,P009,NETBANKING
E00038,C0091,19690.66,CHECKOUT_ABANDONED,Bank_B,E23,P013,NETBANKING
E00039,C0727,11199.3,CHECKOUT_ABANDONED,Bank_B,E17,P019,CARD
E00040,C0218,18533.85,PAYMENT_FAILED,Bank_A,E23,P001,UPI
E00041,C0498,17453.17,CHECKOUT_ABANDONED,Bank_D,E17,P009,CARD
E00042,C0775,11400.79,INVOICE_OVERDUE,Bank_C,E11,P011,NETBANKING
E00043,C0062,4876.6,PAYMENT_FAILED,Bank_C,E23,P002,NETBANKING
E00044,C0225,24099.93,INVOICE_OVERDUE,Bank_D,E23,P008,UPI
E00045,C0776,14943.22,CHECKOUT_ABANDONED,Bank_C,E42,P018,NETBANKING
E00046,C0646,10305.15,INVOICE_OVERDUE,Bank_A,E42,P004,WALLET
E00047,C0624,11248.4,PAYMENT_FAILED,Bank_C,E17,P016,UPI
E00048,C0018,5860.75,SUBSCRIPTION_FAILED,Bank_C,E11,P017,UPI
E00049,C0791,19973.05,PAYMENT_FAILED,Bank_D,E23,P017,WALLET
E00050,C0644,16359.15,PAYMENT_FAILED,Bank_D,E42,P012,UPI
E00051,C0612,7562.03,SUBSCRIPTION_FAILED,Bank_C,E23,P002,CARD
E00052,C0798,932.62,CHECKOUT_ABANDONED,Bank_B,E42,P005,WALLET
E00053,C0728,19396.67,PAYMENT_FAILED,Bank_B,E11,P016,WALLET
E00054,C0971,10957.69,SUBSCRIPTION_FAILED,Bank_C,E23,P019,UPI
E00055,C0561,11872.83,PAYMENT_FAILED,Bank_D,E42,P012,UPI
E00056,C0046,3955.76,INVOICE_OVERDUE,Bank_D,E42,P012,CARD
E00057,C0324,4928.86,INVOICE_OVERDUE,Bank_D,E23,P011,UPI
E00058,C0359,19979.64,SUBSCRIPTION_FAILED,Bank_A,E23,P013,WALLET
E00059,C0834,10657.25,CHECKOUT_ABANDONED,Bank_C,E42,P007,UPI
E00060,C0209,5300.96,SUBSCRIPTION_FAILED,Bank_A,E42,P001,NETBANKING
E00061,C0444,7912.85,PAYMENT_FAILED,Bank_A,E42,P011,NETBANKING
E00062,C0637,8435.2,INVOICE_OVERDUE,Bank_D,E17,P013,NETBANKING
E00063,C0250,13637.63,PAYMENT_FAILED,Bank_D,E42,P016,UPI
E00064,C0438,7100.74,INVOICE_OVERDUE,Bank_A,E17,P016,UPI
E00065,C0886,16689.57,INVOICE_OVERDUE,Bank_A,E42,P006,CARD
E00066,C0773,20735.22,CHECKOUT_ABANDONED,Bank_A,E42,P013,UPI
E00067,C0885,17980.25,PAYMENT_FAILED,Bank_A,E23,P016,WALLET
E00068,C0135,10214.41,CHECKOUT_ABANDONED,Bank_C,E42,P012,NETBANKING
E00069,C0874,21742.13,PAYMENT_FAILED,Bank_B,E23,P015,NETBANKING
E00070,C0427,5346.16,CHECKOUT_ABANDONED,Bank_A,E11,P017,CARD
E00071,C0918,13293.55,PAYMENT_FAILED,Bank_B,E11,P013,WALLET
E00072,C0524,19347.41,CHECKOUT_ABANDONED,Bank_C,E23,P008,UPI
E00073,C0807,2614.63,SUBSCRIPTION_FAILED,Bank_A,E42,P015,WALLET
E00074,C0218,2360.99,INVOICE_OVERDUE,Bank_C,E23,P013,WALLET
E00075,C0767,18261.03,INVOICE_OVERDUE,Bank_D,E11,P014,WALLET
E00076,C0343,14148.16,PAYMENT_FAILED,Bank_B,E42,P009,WALLET
E00077,C0473,8175.12,CHECKOUT_ABANDONED,Bank_A,E42,P002,UPI
E00078,C0117,16462.83,SUBSCRIPTION_FAILED,Bank_A,E42,P015,NETBANKING
E00079,C0542,9584.9,INVOICE_OVERDUE,Bank_C,E42,P007,UPI
E00080,C0834,14731.29,CHECKOUT_ABANDONED,Bank_A,E17,P017,UPI
E00081,C0078,12174.44,SUBSCRIPTION_FAILED,Bank_B,E11,P002,NETBANKING
E00082,C0314,6238.45,INVOICE_OVERDUE,Bank_A,E42,P007,CARD
E00083,C0232,4348.41,INVOICE_OVERDUE,Bank_C,E11,P020,NETBANKING
E00084,C0884,18937.85,PAYMENT_FAILED,Bank_D,E42,P008,NETBANKING
E00085,C0603,23359.03,SUBSCRIPTION_FAILED,Bank_D,E23,P008,CARD
E00086,C0681,15368.06,INVOICE_OVERDUE,Bank_A,E42,P012,CARD
E00087,C0117,8269.71,PAYMENT_FAILED,Bank_B,E23,P014,CARD
E00088,C0020,11505.73,SUBSCRIPTION_FAILED,Bank_B,E42,P006,UPI
E00089,C0296,13872.96,CHECKOUT_ABANDONED,Bank_C,E11,P016,WALLET
E00090,C0290,11205.29,PAYMENT_FAILED,Bank_C,E11,P016,NETBANKING
E00091,C0917,23999.41,INVOICE_OVERDUE,Bank_C,E42,P005,CARD
E00092,C0389,14183.61,PAYMENT_FAILED,Bank_A,E42,P013,NETBANKING
E00093,C0753,6498.44,CHECKOUT_ABANDONED,Bank_C,E42,P002,NETBANKING
E00094,C0206,14212.42,PAYMENT_FAILED,Bank_D,E17,P011,CARD
E00095,C0776,5358.03,PAYMENT_FAILED,Bank_A,E42,P014,NETBANKING
E00096,C0132,17740.65,PAYMENT_FAILED,Bank_A,E42,P016,CARD
E00097,C0936,12919.44,SUBSCRIPTION_FAILED,Bank_C,E23,P008,WALLET
E00098,C0789,18408.31,CHECKOUT_ABANDONED,Bank_C,E17,P006,CARD
E00099,C0081,21346.24,PAYMENT_FAILED,Bank_D,E23,P013,CARD
E00100,C0420,5270.04,CHECKOUT_ABANDONED,Bank_D,E42,P016,CARD
E00101,C0882,9156.73,SUBSCRIPTION_FAILED,Bank_C,E17,P006,UPI
E00102,C0722,19006.12,CHECKOUT_ABANDONED,Bank_C,E17,P002,UPI
E00103,C0601,22680.23,SUBSCRIPTION_FAILED,Bank_B,E11,P002,UPI
E00104,C0847,3541.65,PAYMENT_FAILED,Bank_A,E42,P001,NETBANKING
E00105,C0530,20996.68,PAYMENT_FAILED,Bank_D,E17,P019,WALLET
E00106,C0241,4233.06,SUBSCRIPTION_FAILED,Bank_A,E42,P019,NETBANKING
E00107,C0362,1927.73,PAYMENT_FAILED,Bank_C,E23,P003,CARD
E00108,C0276,13528.44,INVOICE_OVERDUE,Bank_A,E42,P016,NETBANKING
E00109,C0479,3348.48,SUBSCRIPTION_FAILED,Bank_B,E11,P017,CARD
E00110,C0298,14654.96,SUBSCRIPTION_FAILED,Bank_D,E23,P019,UPI
E00111,C0220,22400.63,SUBSCRIPTION_FAILED,Bank_A,E42,P018,NETBANKING
E00112,C0312,17325.47,CHECKOUT_ABANDONED,Bank_B,E42,P018,WALLET
E00113,C0520,24462.35,INVOICE_OVERDUE,Bank_A,E42,P007,CARD
E00114,C0923,4314.19,PAYMENT_FAILED,Bank_C,E42,P016,UPI
E00115,C0803,14958.69,INVOICE_OVERDUE,Bank_D,E23,P020,UPI
E00116,C0859,20601.1,SUBSCRIPTION_FAILED,Bank_D,E42,P012,CARD
E00117,C0888,8745.87,SUBSCRIPTION_FAILED,Bank_A,E42,P012,UPI
E00118,C0207,7386.51,INVOICE_OVERDUE,Bank_A,E42,P002,CARD
E00119,C0119,15556.57,INVOICE_OVERDUE,Bank_C,E11,P011,UPI
E00120,C0079,20619.72,PAYMENT_FAILED,Bank_B,E11,P004,UPI
E00121,C0444,9502.98,INVOICE_OVERDUE,Bank_B,E17,P011,WALLET
E00122,C0184,15500.28,PAYMENT_FAILED,Bank_D,E17,P001,NETBANKING
E00123,C0948,13832.12,SUBSCRIPTION_FAILED,Bank_C,E11,P015,CARD
E00124,C0643,18998.84,SUBSCRIPTION_FAILED,Bank_D,E23,P001,CARD
E00125,C0433,16860.19,INVOICE_OVERDUE,Bank_B,E17,P004,NETBANKING
E00126,C0823,20132.64,INVOICE_OVERDUE,Bank_A,E42,P012,UPI
E00127,C0594,1591.18,SUBSCRIPTION_FAILED,Bank_D,E11,P014,UPI
E00128,C0450,1457.15,SUBSCRIPTION_FAILED,Bank_A,E42,P010,UPI
E00129,C0228,20991.41,PAYMENT_FAILED,Bank_C,E42,P002,NETBANKING
E00130,C0369,15080.56,SUBSCRIPTION_FAILED,Bank_C,E11,P013,CARD
E00131,C0032,12414.56,PAYMENT_FAILED,Bank_D,E42,P013,NETBANKING
E00132,C0437,21434.5,CHECKOUT_ABANDONED,Bank_C,E42,P010,WALLET
E00133,C0505,20422.35,PAYMENT_FAILED,Bank_A,E42,P003,CARD
E00134,C0344,10418.24,PAYMENT_FAILED,Bank_D,E11,P014,WALLET
E00135,C0771,5998.19,SUBSCRIPTION_FAILED,Bank_D,E42,P008,CARD
E00136,C0491,4694.47,SUBSCRIPTION_FAILED,Bank_C,E11,P005,WALLET
E00137,C0037,14907.43,INVOICE_OVERDUE,Bank_A,E17,P001,WALLET
E00138,C0492,6922.68,CHECKOUT_ABANDONED,Bank_C,E42,P004,WALLET
E00139,C0760,21871.86,SUBSCRIPTION_FAILED,Bank_D,E11,P003,NETBANKING
E00140,C0966,15799.9,CHECKOUT_ABANDONED,Bank_D,E17,P011,NETBANKING
E00141,C0015,4967.81,SUBSCRIPTION_FAILED,Bank_B,E17,P006,CARD
E00142,C0597,21587.38,PAYMENT_FAILED,Bank_D,E23,P013,UPI
E00143,C0712,6159.61,CHECKOUT_ABANDONED,Bank_A,E42,P001,NETBANKING
E00144,C0627,23351.15,INVOICE_OVERDUE,Bank_A,E42,P008,NETBANKING
E00145,C0694,17532.06,PAYMENT_FAILED,Bank_C,E23,P016,WALLET
E00146,C0740,5704.57,SUBSCRIPTION_FAILED,Bank_B,E23,P004,NETBANKING
E00147,C0363,2709.91,INVOICE_OVERDUE,Bank_C,E42,P004,UPI
E00148,C0271,24945.2,PAYMENT_FAILED,Bank_C,E11,P013,NETBANKING
E00149,C0051,21225.46,SUBSCRIPTION_FAILED,Bank_A,E42,P012,UPI
E00150,C0577,5283.27,SUBSCRIPTION_FAILED,Bank_A,E23,P010,CARD
E00151,C0343,13349.56,CHECKOUT_ABANDONED,Bank_A,E42,P001,CARD
E00152,C0753,10256.96,CHECKOUT_ABANDONED,Bank_B,E11,P005,NETBANKING
E00153,C0082,19872.7,PAYMENT_FAILED,Bank_A,E23,P019,NETBANKING
E00154,C0981,19661.3,PAYMENT_FAILED,Bank_D,E11,P014,UPI
E00155,C0350,22116.98,CHECKOUT_ABANDONED,Bank_A,E17,P017,CARD
E00156,C0552,4609.48,CHECKOUT_ABANDONED,Bank_B,E23,P009,WALLET
E00157,C0644,9001.33,INVOICE_OVERDUE,Bank_A,E42,P016,UPI
E00158,C0803,11581.08,SUBSCRIPTION_FAILED,Bank_B,E42,P001,WALLET
E00159,C0582,22081.0,INVOICE_OVERDUE,Bank_C,E42,P011,NETBANKING
E00160,C0961,15967.28,PAYMENT_FAILED,Bank_A,E42,P005,NETBANKING
E00161,C0090,10640.44,INVOICE_OVERDUE,Bank_C,E42,P015,NETBANKING
E00162,C0678,15191.93,SUBSCRIPTION_FAILED,Bank_B,E11,P010,NETBANKING
E00163,C0626,23364.58,CHECKOUT_ABANDONED,Bank_B,E17,P003,CARD
E00164,C0603,10013.7,PAYMENT_FAILED,Bank_C,E17,P007,NETBANKING
E00165,C0919,12649.74,CHECKOUT_ABANDONED,Bank_A,E17,P013,UPI
E00166,C0950,18228.27,INVOICE_OVERDUE,Bank_A,E17,P020,CARD
E00167,C0575,17628.0,PAYMENT_FAILED,Bank_B,E17,P019,WALLET
E00168,C0065,18685.53,PAYMENT_FAILED,Bank_D,E11,P004,UPI
E00169,C0564,1248.01,PAYMENT_FAILED,Bank_B,E42,P012,UPI
E00170,C0810,4983.98,PAYMENT_FAILED,Bank_A,E42,P013,WALLET
E00171,C0728,18782.72,PAYMENT_FAILED,Bank_B,E42,P006,NETBANKING
E00172,C0394,20822.89,INVOICE_OVERDUE,Bank_B,E17,P006,NETBANKING
E00173,C0286,23908.19,PAYMENT_FAILED,Bank_A,E17,P015,NETBANKING
E00174,C0986,24746.66,CHECKOUT_ABANDONED,Bank_D,E42,P012,WALLET
E00175,C0735,20777.68,PAYMENT_FAILED,Bank_D,E17,P019,CARD
E00176,C0895,17819.23,PAYMENT_FAILED,Bank_C,E42,P001,CARD
E00177,C0094,24829.94,CHECKOUT_ABANDONED,Bank_B,E17,P002,NETBANKING
E00178,C0367,12881.05,CHECKOUT_ABANDONED,Bank_A,E42,P012,WALLET
E00179,C0913,24556.62,SUBSCRIPTION_FAILED,Bank_B,E11,P013,WALLET
E00180,C0156,19906.12,PAYMENT_FAILED,Bank_A,E11,P008,NETBANKING
E00181,C0388,13635.29,INVOICE_OVERDUE,Bank_A,E42,P016,CARD
E00182,C0248,22354.65,SUBSCRIPTION_FAILED,Bank_B,E23,P011,WALLET
E00183,C0123,5842.07,INVOICE_OVERDUE,Bank_A,E42,P013,CARD
E00184,C0184,16762.16,SUBSCRIPTION_FAILED,Bank_A,E42,P004,NETBANKING
E00185,C0108,21538.92,PAYMENT_FAILED,Bank_A,E42,P005,NETBANKING
E00186,C0796,17650.65,INVOICE_OVERDUE,Bank_D,E23,P013,UPI
E00187,C0799,14088.68,PAYMENT_FAILED,Bank_A,E23,P006,UPI
E00188,C0251,15576.52,PAYMENT_FAILED,Bank_A,E42,P005,WALLET
E00189,C0474,15447.02,INVOICE_OVERDUE,Bank_D,E17,P018,UPI
E00190,C0164,16869.35,SUBSCRIPTION_FAILED,Bank_A,E42,P016,CARD
E00191,C0329,10919.72,CHECKOUT_ABANDONED,Bank_A,E42,P008,CARD
E00192,C0349,20494.74,SUBSCRIPTION_FAILED,Bank_A,E42,P017,CARD
E00193,C0772,8287.74,CHECKOUT_ABANDONED,Bank_B,E23,P017,UPI
E00194,C0948,10230.23,INVOICE_OVERDUE,Bank_B,E42,P007,UPI
E00195,C0239,19361.99,SUBSCRIPTION_FAILED,Bank_D,E17,P012,NETBANKING
E00196,C0420,21191.51,PAYMENT_FAILED,Bank_B,E42,P001,NETBANKING
E00197,C0559,8909.54,PAYMENT_FAILED,Bank_C,E17,P002,WALLET
E00198,C0032,19602.27,CHECKOUT_ABANDONED,Bank_A,E23,P020,WALLET
E00199,C0650,3789.72,SUBSCRIPTION_FAILED,Bank_B,E23,P017,UPI
E00200,C0311,20833.1,INVOICE_OVERDUE,Bank_A,E42,P014,UPI
E00201,C0990,10878.07,CHECKOUT_ABANDONED,Bank_A,E23,P016,CARD
E00202,C0561,21135.01,INVOICE_OVERDUE,Bank_B,E42,P006,NETBANKING
E00203,C0283,12498.51,INVOICE_OVERDUE,Bank_B,E23,P002,NETBANKING
E00204,C0350,8684.98,CHECKOUT_ABANDONED,Bank_A,E42,P012,CARD
E00205,C0513,13038.28,SUBSCRIPTION_FAILED,Bank_D,E23,P006,WALLET
E00206,C0492,21634.16,SUBSCRIPTION_FAILED,Bank_A,E42,P009,WALLET
E00207,C0630,18503.15,SUBSCRIPTION_FAILED,Bank_A,E42,P011,CARD
E00208,C0251,17308.67,CHECKOUT_ABANDONED,Bank_A,E42,P004,UPI
E00209,C0747,17616.98,PAYMENT_FAILED,Bank_C,E17,P003,CARD
E00210,C0548,915.91,INVOICE_OVERDUE,Bank_B,E17,P012,UPI
E00211,C0899,24106.58,SUBSCRIPTION_FAILED,Bank_C,E17,P019,UPI
E00212,C0785,9517.52,SUBSCRIPTION_FAILED,Bank_C,E23,P005,UPI
E00213,C0675,4681.76,INVOICE_OVERDUE,Bank_B,E42,P019,UPI
E00214,C0108,12330.84,PAYMENT_FAILED,Bank_C,E23,P011,CARD
E00215,C0269,10097.96,SUBSCRIPTION_FAILED,Bank_B,E11,P016,UPI
E00216,C0991,4045.76,CHECKOUT_ABANDONED,Bank_D,E17,P010,WALLET
E00217,C0603,4415.37,SUBSCRIPTION_FAILED,Bank_A,E23,P018,WALLET
E00218,C0151,1485.9,PAYMENT_FAILED,Bank_A,E42,P007,UPI
E00219,C0998,17528.85,PAYMENT_FAILED,Bank_B,E42,P008,WALLET
E00220,C0519,22732.72,PAYMENT_FAILED,Bank_A,E42,P003,UPI
E00221,C0127,21761.28,SUBSCRIPTION_FAILED,Bank_A,E42,P001,NETBANKING
E00222,C0928,8836.79,CHECKOUT_ABANDONED,Bank_A,E42,P003,UPI
E00223,C0063,17737.33,PAYMENT_FAILED,Bank_D,E11,P006,NETBANKING
E00224,C0856,7565.62,CHECKOUT_ABANDONED,Bank_A,E42,P016,WALLET
E00225,C0755,4155.6,CHECKOUT_ABANDONED,Bank_A,E42,P001,UPI
E00226,C0485,3761.87,SUBSCRIPTION_FAILED,Bank_D,E42,P017,WALLET
E00227,C0956,11675.08,SUBSCRIPTION_FAILED,Bank_B,E23,P012,NETBANKING
E00228,C0907,16689.32,INVOICE_OVERDUE,Bank_C,E23,P006,NETBANKING
E00229,C0311,23458.37,CHECKOUT_ABANDONED,Bank_C,E23,P015,NETBANKING
E00230,C0489,2335.25,SUBSCRIPTION_FAILED,Bank_B,E17,P008,WALLET
E00231,C0931,13522.04,SUBSCRIPTION_FAILED,Bank_D,E42,P004,WALLET
E00232,C0286,22450.86,INVOICE_OVERDUE,Bank_C,E42,P003,UPI
E00233,C0786,20747.8,PAYMENT_FAILED,Bank_D,E42,P003,UPI
E00234,C0933,4458.32,SUBSCRIPTION_FAILED,Bank_B,E23,P006,UPI
E00235,C0654,17874.83,CHECKOUT_ABANDONED,Bank_A,E23,P004,NETBANKING
E00236,C0702,21288.18,CHECKOUT_ABANDONED,Bank_D,E17,P014,CARD
E00237,C0279,8581.81,PAYMENT_FAILED,Bank_A,E17,P007,NETBANKING
E00238,C0815,1842.03,INVOICE_OVERDUE,Bank_D,E42,P020,NETBANKING
E00239,C0002,16830.26,SUBSCRIPTION_FAILED,Bank_A,E42,P008,NETBANKING
E00240,C0542,5621.06,SUBSCRIPTION_FAILED,Bank_A,E42,P017,WALLET
E00241,C0308,16425.92,INVOICE_OVERDUE,Bank_A,E42,P006,UPI
E00242,C0957,18356.52,CHECKOUT_ABANDONED,Bank_A,E42,P020,UPI
E00243,C0338,2535.55,INVOICE_OVERDUE,Bank_C,E23,P016,CARD
E00244,C0808,23659.5,SUBSCRIPTION_FAILED,Bank_B,E23,P011,CARD
E00245,C0054,8759.05,INVOICE_OVERDUE,Bank_A,E23,P012,NETBANKING
E00246,C0492,9872.54,PAYMENT_FAILED,Bank_A,E42,P020,UPI
E00247,C0153,17634.76,SUBSCRIPTION_FAILED,Bank_A,E42,P019,CARD
E00248,C0505,2683.39,SUBSCRIPTION_FAILED,Bank_A,E17,P003,UPI
E00249,C0073,10144.42,SUBSCRIPTION_FAILED,Bank_A,E17,P014,CARD
E00250,C0377,1687.24,PAYMENT_FAILED,Bank_C,E11,P009,UPI
E00251,C0913,649.79,INVOICE_OVERDUE,Bank_A,E11,P001,UPI
E00252,C0305,9766.52,PAYMENT_FAILED,Bank_C,E23,P018,UPI
E00253,C0320,18096.95,INVOICE_OVERDUE,Bank_C,E42,P016,CARD
E00254,C0287,19013.93,PAYMENT_FAILED,Bank_C,E42,P001,CARD
E00255,C0195,19419.54,PAYMENT_FAILED,Bank_A,E11,P010,CARD
E00256,C0139,17839.47,INVOICE_OVERDUE,Bank_A,E11,P005,WALLET
E00257,C0698,22797.08,PAYMENT_FAILED,Bank_B,E17,P010,UPI
E00258,C0246,1001.82,PAYMENT_FAILED,Bank_C,E17,P009,UPI
E00259,C0332,7675.55,SUBSCRIPTION_FAILED,Bank_D,E42,P004,NETBANKING
E00260,C0661,3021.93,CHECKOUT_ABANDONED,Bank_C,E42,P008,NETBANKING
E00261,C0884,2336.65,CHECKOUT_ABANDONED,Bank_D,E11,P020,UPI
E00262,C0606,16217.68,INVOICE_OVERDUE,Bank_C,E23,P016,UPI
E00263,C0140,996.64,PAYMENT_FAILED,Bank_C,E23,P006,WALLET
E00264,C0008,9033.5,INVOICE_OVERDUE,Bank_D,E17,P019,WALLET
E00265,C0317,1760.5,CHECKOUT_ABANDONED,Bank_B,E23,P012,UPI
E00266,C0220,13336.63,CHECKOUT_ABANDONED,Bank_A,E42,P002,NETBANKING
E00267,C0722,19420.33,CHECKOUT_ABANDONED,Bank_B,E17,P007,UPI
E00268,C0253,10734.2,INVOICE_OVERDUE,Bank_A,E42,P007,UPI
E00269,C0099,1066.66,INVOICE_OVERDUE,Bank_A,E11,P001,UPI
E00270,C0161,3296.42,SUBSCRIPTION_FAILED,Bank_B,E11,P007,CARD
E00271,C0926,23999.9,PAYMENT_FAILED,Bank_D,E23,P006,CARD
E00272,C0519,5738.18,SUBSCRIPTION_FAILED,Bank_D,E11,P018,NETBANKING
E00273,C0144,7532.4,CHECKOUT_ABANDONED,Bank_A,E42,P019,CARD
E00274,C0248,3390.72,CHECKOUT_ABANDONED,Bank_B,E23,P006,NETBANKING
E00275,C0653,11941.52,SUBSCRIPTION_FAILED,Bank_A,E42,P002,CARD
E00276,C0855,4665.67,CHECKOUT_ABANDONED,Bank_A,E42,P015,CARD
E00277,C0326,24021.2,INVOICE_OVERDUE,Bank_C,E42,P016,UPI
E00278,C0164,12825.83,CHECKOUT_ABANDONED,Bank_A,E42,P010,CARD
E00279,C0209,10215.83,INVOICE_OVERDUE,Bank_C,E23,P020,WALLET
E00280,C0856,2711.72,CHECKOUT_ABANDONED,Bank_D,E11,P004,NETBANKING
E00281,C0133,14035.19,INVOICE_OVERDUE,Bank_B,E42,P002,UPI
E00282,C0403,9644.83,INVOICE_OVERDUE,Bank_B,E11,P011,CARD
E00283,C0869,810.5,SUBSCRIPTION_FAILED,Bank_C,E23,P016,CARD
E00284,C0178,13301.88,PAYMENT_FAILED,Bank_C,E23,P018,NETBANKING
E00285,C0157,21031.18,SUBSCRIPTION_FAILED,Bank_C,E23,P014,UPI
E00286,C0104,6828.32,INVOICE_OVERDUE,Bank_A,E42,P007,UPI
E00287,C0747,3068.8,SUBSCRIPTION_FAILED,Bank_A,E23,P012,NETBANKING
E00288,C0337,6133.98,PAYMENT_FAILED,Bank_D,E11,P014,WALLET
E00289,C0820,10113.16,PAYMENT_FAILED,Bank_B,E42,P016,NETBANKING
E00290,C0531,12724.4,SUBSCRIPTION_FAILED,Bank_B,E11,P004,CARD
E00291,C0302,12411.24,CHECKOUT_ABANDONED,Bank_A,E42,P006,CARD
E00292,C0985,14576.73,INVOICE_OVERDUE,Bank_A,E42,P019,WALLET
E00293,C0048,6148.09,CHECKOUT_ABANDONED,Bank_A,E42,P015,NETBANKING
E00294,C0621,15470.36,SUBSCRIPTION_FAILED,Bank_A,E42,P013,WALLET
E00295,C0630,20464.32,SUBSCRIPTION_FAILED,Bank_C,E17,P014,WALLET
E00296,C0364,589.91,SUBSCRIPTION_FAILED,Bank_A,E42,P008,NETBANKING
E00297,C0764,10359.55,PAYMENT_FAILED,Bank_C,E42,P001,WALLET
E00298,C0044,22364.42,SUBSCRIPTION_FAILED,Bank_D,E23,P012,CARD
E00299,C0509,10868.19,SUBSCRIPTION_FAILED,Bank_C,E42,P016,WALLET
E00300,C0615,7582.14,SUBSCRIPTION_FAILED,Bank_C,E11,P013,UPI
E00301,C0696,20637.44,SUBSCRIPTION_FAILED,Bank_C,E42,P003,WALLET
E00302,C0387,24977.31,PAYMENT_FAILED,Bank_A,E42,P018,NETBANKING
E00303,C0528,4889.03,SUBSCRIPTION_FAILED,Bank_A,E11,P012,WALLET
E00304,C0204,17643.5,INVOICE_OVERDUE,Bank_A,E42,P015,CARD
E00305,C0686,708.09,SUBSCRIPTION_FAILED,Bank_A,E11,P005,CARD
E00306,C0272,13769.54,INVOICE_OVERDUE,Bank_C,E17,P014,NETBANKING
E00307,C0228,13390.69,INVOICE_OVERDUE,Bank_B,E17,P008,WALLET
E00308,C0444,19368.07,CHECKOUT_ABANDONED,Bank_A,E42,P015,WALLET
E00309,C0305,22857.13,PAYMENT_FAILED,Bank_A,E42,P008,UPI
E00310,C0560,10292.74,PAYMENT_FAILED,Bank_D,E23,P013,UPI
E00311,C0096,2276.99,INVOICE_OVERDUE,Bank_C,E17,P019,CARD
E00312,C0831,12086.33,INVOICE_OVERDUE,Bank_D,E17,P004,WALLET
E00313,C0841,8782.43,SUBSCRIPTION_FAILED,Bank_A,E42,P010,NETBANKING
E00314,C0970,5319.47,CHECKOUT_ABANDONED,Bank_D,E23,P003,WALLET
E00315,C0072,11631.73,PAYMENT_FAILED,Bank_D,E23,P019,WALLET
E00316,C0148,19389.89,PAYMENT_FAILED,Bank_D,E11,P020,CARD
E00317,C0688,5332.94,INVOICE_OVERDUE,Bank_B,E17,P010,NETBANKING
E00318,C0365,18326.29,PAYMENT_FAILED,Bank_C,E42,P011,WALLET
E00319,C0017,1121.22,CHECKOUT_ABANDONED,Bank_D,E23,P013,CARD
E00320,C0189,12377.62,SUBSCRIPTION_FAILED,Bank_A,E42,P004,NETBANKING
E00321,C0820,642.1,INVOICE_OVERDUE,Bank_C,E42,P007,UPI
E00322,C0652,19098.19,PAYMENT_FAILED,Bank_D,E11,P003,CARD
E00323,C0648,24731.31,INVOICE_OVERDUE,Bank_A,E11,P003,UPI
E00324,C0402,21120.08,CHECKOUT_ABANDONED,Bank_A,E42,P005,WALLET
E00325,C0682,19591.81,INVOICE_OVERDUE,Bank_D,E11,P017,WALLET
E00326,C0036,21623.37,INVOICE_OVERDUE,Bank_A,E23,P005,UPI
E00327,C0037,4094.36,CHECKOUT_ABANDONED,Bank_C,E23,P016,UPI
E00328,C0531,13099.13,PAYMENT_FAILED,Bank_D,E23,P012,UPI
E00329,C0112,19610.08,INVOICE_OVERDUE,Bank_D,E11,P018,UPI
E00330,C0270,13585.16,SUBSCRIPTION_FAILED,Bank_D,E23,P012,NETBANKING
E00331,C0256,12493.24,PAYMENT_FAILED,Bank_A,E17,P019,CARD
E00332,C0041,18259.65,PAYMENT_FAILED,Bank_B,E17,P003,NETBANKING
E00333,C0720,24379.93,CHECKOUT_ABANDONED,Bank_A,E42,P003,CARD
E00334,C0019,19639.26,PAYMENT_FAILED,Bank_D,E42,P004,UPI
E00335,C0020,5993.52,INVOICE_OVERDUE,Bank_A,E23,P015,CARD
E00336,C0016,2222.76,PAYMENT_FAILED,Bank_A,E17,P009,UPI
E00337,C0273,2978.49,SUBSCRIPTION_FAILED,Bank_D,E23,P005,WALLET
E00338,C0568,21916.93,CHECKOUT_ABANDONED,Bank_A,E42,P019,WALLET
E00339,C0387,1876.17,INVOICE_OVERDUE,Bank_A,E23,P016,WALLET
E00340,C0114,21322.62,PAYMENT_FAILED,Bank_C,E23,P014,UPI
E00341,C0799,12723.45,PAYMENT_FAILED,Bank_B,E11,P002,NETBANKING
E00342,C0570,3862.68,SUBSCRIPTION_FAILED,Bank_C,E23,P005,NETBANKING
E00343,C0539,11080.12,SUBSCRIPTION_FAILED,Bank_D,E23,P003,CARD
E00344,C0203,5926.6,PAYMENT_FAILED,Bank_A,E23,P004,CARD
E00345,C0302,22766.81,INVOICE_OVERDUE,Bank_D,E11,P015,UPI
E00346,C0078,12944.65,SUBSCRIPTION_FAILED,Bank_A,E17,P005,WALLET
E00347,C0970,2506.34,SUBSCRIPTION_FAILED,Bank_A,E42,P018,WALLET
E00348,C0312,22358.66,SUBSCRIPTION_FAILED,Bank_A,E42,P019,CARD
E00349,C0116,12726.4,PAYMENT_FAILED,Bank_A,E42,P005,NETBANKING
E00350,C0115,6941.46,CHECKOUT_ABANDONED,Bank_A,E17,P002,UPI
E00351,C0467,11855.73,INVOICE_OVERDUE,Bank_A,E23,P012,CARD
E00352,C0246,15463.97,PAYMENT_FAILED,Bank_D,E17,P014,CARD
E00353,C0247,11752.04,PAYMENT_FAILED,Bank_A,E42,P001,CARD
E00354,C0895,8071.5,CHECKOUT_ABANDONED,Bank_D,E11,P016,WALLET
E00355,C0921,17662.66,SUBSCRIPTION_FAILED,Bank_A,E11,P012,WALLET
E00356,C0632,23447.99,SUBSCRIPTION_FAILED,Bank_D,E11,P007,UPI
E00357,C0053,9552.76,INVOICE_OVERDUE,Bank_D,E42,P002,WALLET
E00358,C0253,2989.2,PAYMENT_FAILED,Bank_A,E23,P012,UPI
E00359,C0438,14719.67,SUBSCRIPTION_FAILED,Bank_C,E23,P006,CARD
E00360,C0473,13488.65,PAYMENT_FAILED,Bank_A,E23,P011,WALLET
E00361,C0420,22432.93,SUBSCRIPTION_FAILED,Bank_D,E23,P002,UPI
E00362,C0141,19788.67,PAYMENT_FAILED,Bank_A,E42,P014,NETBANKING
E00363,C0707,16206.17,INVOICE_OVERDUE,Bank_D,E11,P014,NETBANKING
E00364,C0703,11317.02,CHECKOUT_ABANDONED,Bank_A,E42,P014,CARD
E00365,C0887,5259.53,INVOICE_OVERDUE,Bank_C,E23,P008,WALLET
E00366,C0269,21979.83,SUBSCRIPTION_FAILED,Bank_A,E23,P018,CARD
E00367,C0331,13183.11,CHECKOUT_ABANDONED,Bank_D,E17,P009,UPI
E00368,C0400,9991.93,CHECKOUT_ABANDONED,Bank_A,E23,P015,CARD
E00369,C0877,3354.54,INVOICE_OVERDUE,Bank_C,E23,P002,UPI
E00370,C0225,22769.99,SUBSCRIPTION_FAILED,Bank_B,E17,P001,CARD
E00371,C0779,8220.52,CHECKOUT_ABANDONED,Bank_A,E42,P012,UPI
E00372,C0711,2939.24,SUBSCRIPTION_FAILED,Bank_D,E17,P012,UPI
E00373,C0316,6115.88,CHECKOUT_ABANDONED,Bank_A,E42,P020,UPI
E00374,C0193,13894.94,INVOICE_OVERDUE,Bank_A,E42,P019,UPI
E00375,C0435,5977.71,SUBSCRIPTION_FAILED,Bank_A,E42,P001,CARD
E00376,C0731,13699.53,SUBSCRIPTION_FAILED,Bank_A,E11,P004,CARD
E00377,C0861,24383.79,PAYMENT_FAILED,Bank_B,E11,P008,NETBANKING
E00378,C0088,2461.29,INVOICE_OVERDUE,Bank_A,E42,P019,NETBANKING
E00379,C0703,1647.87,INVOICE_OVERDUE,Bank_A,E42,P017,WALLET
E00380,C0709,18703.95,INVOICE_OVERDUE,Bank_A,E42,P016,CARD
E00381,C0738,11850.6,PAYMENT_FAILED,Bank_C,E11,P011,NETBANKING
E00382,C0811,1531.16,INVOICE_OVERDUE,Bank_C,E23,P015,CARD
E00383,C0957,18931.77,CHECKOUT_ABANDONED,Bank_C,E23,P005,UPI
E00384,C0946,4350.19,PAYMENT_FAILED,Bank_B,E17,P017,WALLET
E00385,C0126,15592.5,SUBSCRIPTION_FAILED,Bank_D,E42,P013,WALLET
E00386,C0172,9354.79,INVOICE_OVERDUE,Bank_A,E11,P012,CARD
E00387,C0553,12061.82,PAYMENT_FAILED,Bank_C,E11,P004,UPI
E00388,C0573,16386.61,INVOICE_OVERDUE,Bank_C,E42,P014,NETBANKING
E00389,C0427,4061.44,PAYMENT_FAILED,Bank_A,E17,P013,WALLET
E00390,C0729,11859.49,SUBSCRIPTION_FAILED,Bank_B,E17,P018,NETBANKING
E00391,C0736,9754.9,SUBSCRIPTION_FAILED,Bank_C,E42,P006,UPI
E00392,C0737,3922.44,INVOICE_OVERDUE,Bank_A,E42,P017,UPI
E00393,C0608,15353.26,CHECKOUT_ABANDONED,Bank_B,E23,P002,CARD
E00394,C0928,3138.37,PAYMENT_FAILED,Bank_C,E23,P013,CARD
E00395,C0493,18111.55,CHECKOUT_ABANDONED,Bank_A,E42,P018,WALLET
E00396,C0729,16548.9,PAYMENT_FAILED,Bank_B,E42,P019,CARD
E00397,C0295,13553.46,CHECKOUT_ABANDONED,Bank_B,E11,P016,WALLET
E00398,C0035,24424.6,CHECKOUT_ABANDONED,Bank_C,E23,P002,NETBANKING
E00399,C0091,9295.53,INVOICE_OVERDUE,Bank_D,E11,P014,NETBANKING
E00400,C0998,10995.69,INVOICE_OVERDUE,Bank_B,E11,P015,CARD
E00401,C0494,23115.43,INVOICE_OVERDUE,Bank_C,E42,P006,NETBANKING
E00402,C0957,4226.48,INVOICE_OVERDUE,Bank_A,E42,P020,NETBANKING
E00403,C0586,16266.61,INVOICE_OVERDUE,Bank_A,E17,P005,NETBANKING
E00404,C0644,8208.17,INVOICE_OVERDUE,Bank_C,E11,P018,UPI
E00405,C0378,16275.83,PAYMENT_FAILED,Bank_A,E11,P002,NETBANKING
E00406,C0911,21870.85,INVOICE_OVERDUE,Bank_A,E42,P020,CARD
E00407,C0908,2761.15,CHECKOUT_ABANDONED,Bank_A,E42,P007,CARD
E00408,C0503,3978.71,CHECKOUT_ABANDONED,Bank_C,E17,P020,UPI
E00409,C0051,15269.17,CHECKOUT_ABANDONED,Bank_A,E42,P017,UPI
E00410,C0866,9452.82,INVOICE_OVERDUE,Bank_A,E42,P016,UPI
E00411,C0080,3802.7,INVOICE_OVERDUE,Bank_A,E42,P003,NETBANKING
E00412,C0375,18332.61,INVOICE_OVERDUE,Bank_D,E17,P003,WALLET
E00413,C0502,11561.64,PAYMENT_FAILED,Bank_D,E11,P002,UPI
E00414,C0326,16797.59,PAYMENT_FAILED,Bank_C,E23,P004,NETBANKING
E00415,C0413,5967.75,SUBSCRIPTION_FAILED,Bank_A,E23,P011,NETBANKING
E00416,C0094,17576.47,SUBSCRIPTION_FAILED,Bank_A,E42,P006,UPI
E00417,C0207,17646.95,INVOICE_OVERDUE,Bank_A,E11,P015,NETBANKING
E00418,C0228,13442.89,INVOICE_OVERDUE,Bank_A,E11,P012,NETBANKING
E00419,C0172,2088.0,PAYMENT_FAILED,Bank_A,E42,P003,CARD
E00420,C0965,14889.63,INVOICE_OVERDUE,Bank_A,E17,P001,CARD
E00421,C0120,2089.19,CHECKOUT_ABANDONED,Bank_A,E42,P005,WALLET
E00422,C0796,13758.96,SUBSCRIPTION_FAILED,Bank_D,E17,P014,UPI
E00423,C0463,7575.9,SUBSCRIPTION_FAILED,Bank_D,E17,P017,UPI
E00424,C0209,15879.48,INVOICE_OVERDUE,Bank_B,E23,P009,CARD
E00425,C0131,24463.84,CHECKOUT_ABANDONED,Bank_A,E11,P003,UPI
E00426,C0926,3123.64,CHECKOUT_ABANDONED,Bank_A,E42,P016,WALLET
E00427,C0736,13315.32,PAYMENT_FAILED,Bank_A,E42,P002,UPI
E00428,C0398,4219.01,INVOICE_OVERDUE,Bank_D,E23,P004,UPI
E00429,C0837,8515.8,PAYMENT_FAILED,Bank_C,E17,P006,CARD
E00430,C0263,5298.71,PAYMENT_FAILED,Bank_C,E17,P019,WALLET
E00431,C0316,17743.92,SUBSCRIPTION_FAILED,Bank_A,E42,P006,UPI
E00432,C0648,15816.62,PAYMENT_FAILED,Bank_A,E42,P006,WALLET
E00433,C0704,6474.95,PAYMENT_FAILED,Bank_A,E42,P006,NETBANKING
E00434,C0943,4259.35,PAYMENT_FAILED,Bank_B,E17,P012,UPI
E00435,C0287,2867.02,SUBSCRIPTION_FAILED,Bank_C,E42,P015,UPI
E00436,C0012,18661.09,SUBSCRIPTION_FAILED,Bank_A,E17,P017,CARD
E00437,C0953,2436.42,SUBSCRIPTION_FAILED,Bank_C,E42,P009,CARD
E00438,C0931,22413.95,PAYMENT_FAILED,Bank_A,E42,P015,CARD
E00439,C0048,17193.4,PAYMENT_FAILED,Bank_B,E42,P017,UPI
E00440,C0784,17650.36,SUBSCRIPTION_FAILED,Bank_C,E23,P012,UPI
E00441,C0100,14759.49,SUBSCRIPTION_FAILED,Bank_A,E42,P020,CARD
E00442,C0163,11610.23,PAYMENT_FAILED,Bank_D,E11,P011,CARD
E00443,C0625,9422.99,INVOICE_OVERDUE,Bank_A,E23,P001,CARD
E00444,C0742,18937.39,SUBSCRIPTION_FAILED,Bank_D,E11,P003,WALLET
E00445,C0673,18015.08,CHECKOUT_ABANDONED,Bank_A,E42,P006,WALLET
E00446,C0284,24966.2,PAYMENT_FAILED,Bank_A,E42,P017,WALLET
E00447,C0146,7180.2,CHECKOUT_ABANDONED,Bank_C,E42,P004,CARD
E00448,C0034,1706.94,CHECKOUT_ABANDONED,Bank_B,E17,P007,CARD
E00449,C0115,19741.33,CHECKOUT_ABANDONED,Bank_A,E23,P008,CARD
E00450,C0836,2859.25,PAYMENT_FAILED,Bank_A,E42,P013,WALLET
E00451,C0881,15891.72,CHECKOUT_ABANDONED,Bank_A,E42,P019,UPI
E00452,C0418,6985.65,SUBSCRIPTION_FAILED,Bank_C,E11,P018,CARD
E00453,C0322,14544.29,INVOICE_OVERDUE,Bank_B,E23,P006,UPI
E00454,C0785,10688.88,INVOICE_OVERDUE,Bank_D,E17,P008,WALLET
E00455,C0899,21524.9,SUBSCRIPTION_FAILED,Bank_A,E23,P012,UPI
E00456,C0704,20776.75,INVOICE_OVERDUE,Bank_B,E42,P004,WALLET
E00457,C0766,24650.23,INVOICE_OVERDUE,Bank_A,E42,P014,NETBANKING
E00458,C0305,7241.17,INVOICE_OVERDUE,Bank_B,E42,P007,CARD
E00459,C0963,18588.28,SUBSCRIPTION_FAILED,Bank_B,E23,P007,CARD
E00460,C0285,18709.11,CHECKOUT_ABANDONED,Bank_B,E42,P009,UPI
E00461,C0251,10258.05,INVOICE_OVERDUE,Bank_B,E42,P020,CARD
E00462,C0796,11679.68,INVOICE_OVERDUE,Bank_A,E42,P009,NETBANKING
E00463,C0437,5155.04,PAYMENT_FAILED,Bank_A,E42,P003,CARD
E00464,C0339,10677.84,SUBSCRIPTION_FAILED,Bank_A,E42,P009,UPI
E00465,C0610,17393.02,CHECKOUT_ABANDONED,Bank_A,E42,P004,UPI
E00466,C0230,20603.82,SUBSCRIPTION_FAILED,Bank_C,E17,P005,CARD
E00467,C0900,23200.52,CHECKOUT_ABANDONED,Bank_A,E11,P019,UPI
E00468,C0513,12625.83,CHECKOUT_ABANDONED,Bank_C,E23,P009,UPI
E00469,C0707,3078.9,PAYMENT_FAILED,Bank_A,E23,P002,CARD
E00470,C0152,3755.31,SUBSCRIPTION_FAILED,Bank_A,E42,P017,NETBANKING
E00471,C0488,20587.16,PAYMENT_FAILED,Bank_A,E11,P017,UPI
E00472,C0710,23798.0,CHECKOUT_ABANDONED,Bank_A,E17,P012,CARD
E00473,C0551,10809.15,PAYMENT_FAILED,Bank_B,E17,P001,WALLET
E00474,C0449,10163.49,PAYMENT_FAILED,Bank_C,E23,P009,NETBANKING
E00475,C0922,11050.08,SUBSCRIPTION_FAILED,Bank_B,E17,P015,UPI
E00476,C0562,18739.28,INVOICE_OVERDUE,Bank_A,E11,P002,UPI
E00477,C0248,14811.51,CHECKOUT_ABANDONED,Bank_D,E17,P012,NETBANKING
E00478,C0413,6287.74,CHECKOUT_ABANDONED,Bank_A,E42,P006,NETBANKING
E00479,C0877,1685.9,SUBSCRIPTION_FAILED,Bank_D,E11,P014,UPI
E00480,C0214,22622.63,CHECKOUT_ABANDONED,Bank_D,E17,P020,UPI
E00481,C0641,19164.9,INVOICE_OVERDUE,Bank_A,E17,P007,NETBANKING
E00482,C0795,6757.07,PAYMENT_FAILED,Bank_D,E11,P019,CARD
E00483,C0375,8501.32,PAYMENT_FAILED,Bank_A,E42,P011,UPI
E00484,C0521,5019.39,CHECKOUT_ABANDONED,Bank_A,E42,P007,UPI
E00485,C0760,9107.73,SUBSCRIPTION_FAILED,Bank_A,E42,P014,NETBANKING
E00486,C0552,1448.91,INVOICE_OVERDUE,Bank_C,E23,P010,WALLET
E00487,C0239,21824.12,PAYMENT_FAILED,Bank_A,E42,P018,CARD
E00488,C0494,18170.22,CHECKOUT_ABANDONED,Bank_A,E42,P016,NETBANKING
E00489,C0618,6467.9,CHECKOUT_ABANDONED,Bank_C,E23,P008,CARD
E00490,C0526,24416.09,SUBSCRIPTION_FAILED,Bank_B,E42,P009,UPI
E00491,C0430,2262.18,CHECKOUT_ABANDONED,Bank_B,E17,P005,UPI
E00492,C0292,16065.75,INVOICE_OVERDUE,Bank_B,E42,P003,CARD
E00493,C0265,14274.69,INVOICE_OVERDUE,Bank_B,E11,P001,CARD
E00494,C0153,21873.24,CHECKOUT_ABANDONED,Bank_C,E42,P002,UPI
E00495,C0071,12572.99,CHECKOUT_ABANDONED,Bank_A,E42,P010,NETBANKING
E00496,C0152,3522.79,INVOICE_OVERDUE,Bank_A,E11,P018,NETBANKING
E00497,C0293,2249.8,CHECKOUT_ABANDONED,Bank_A,E42,P010,UPI
E00498,C0097,16963.36,SUBSCRIPTION_FAILED,Bank_D,E17,P020,WALLET
E00499,C0014,10107.22,SUBSCRIPTION_FAILED,Bank_A,E42,P018,NETBANKING
E00500,C0080,23472.35,PAYMENT_FAILED,Bank_A,E42,P004,NETBANKING
E00501,C0175,15563.22,PAYMENT_FAILED,Bank_D,E11,P008,WALLET
E00502,C0636,10829.04,INVOICE_OVERDUE,Bank_D,E23,P009,CARD
E00503,C0410,1411.93,PAYMENT_FAILED,Bank_A,E42,P002,NETBANKING
E00504,C0170,18602.13,INVOICE_OVERDUE,Bank_D,E42,P002,CARD
E00505,C0960,12024.46,INVOICE_OVERDUE,Bank_C,E17,P009,CARD
E00506,C0645,24194.6,INVOICE_OVERDUE,Bank_B,E42,P006,UPI
E00507,C0135,17350.03,SUBSCRIPTION_FAILED,Bank_D,E17,P018,UPI
E00508,C0704,3122.64,CHECKOUT_ABANDONED,Bank_B,E17,P019,NETBANKING
E00509,C0288,9261.47,CHECKOUT_ABANDONED,Bank_D,E42,P001,NETBANKING
E00510,C0095,18802.5,CHECKOUT_ABANDONED,Bank_D,E11,P014,CARD
E00511,C0710,2680.78,PAYMENT_FAILED,Bank_A,E42,P002,WALLET
E00512,C0848,12072.45,CHECKOUT_ABANDONED,Bank_D,E42,P014,CARD
E00513,C0159,12666.57,CHECKOUT_ABANDONED,Bank_C,E11,P002,CARD
E00514,C0893,12982.6,SUBSCRIPTION_FAILED,Bank_D,E42,P020,CARD
E00515,C0527,13254.65,CHECKOUT_ABANDONED,Bank_A,E17,P015,UPI
E00516,C0107,16179.06,PAYMENT_FAILED,Bank_D,E23,P012,WALLET
E00517,C0239,10573.12,CHECKOUT_ABANDONED,Bank_D,E17,P015,WALLET
E00518,C0979,17257.52,PAYMENT_FAILED,Bank_C,E23,P013,WALLET
E00519,C0269,2967.26,CHECKOUT_ABANDONED,Bank_D,E11,P011,UPI
E00520,C0081,16454.6,SUBSCRIPTION_FAILED,Bank_C,E11,P018,WALLET
E00521,C0735,3485.56,CHECKOUT_ABANDONED,Bank_A,E42,P010,CARD
E00522,C0359,17394.0,CHECKOUT_ABANDONED,Bank_C,E42,P011,WALLET
E00523,C0249,14757.72,INVOICE_OVERDUE,Bank_B,E23,P016,UPI
E00524,C0206,1449.26,INVOICE_OVERDUE,Bank_D,E11,P010,UPI
E00525,C0590,23934.63,CHECKOUT_ABANDONED,Bank_B,E42,P007,NETBANKING
E00526,C0225,17000.22,CHECKOUT_ABANDONED,Bank_D,E17,P010,WALLET
E00527,C0029,20937.06,INVOICE_OVERDUE,Bank_D,E23,P016,NETBANKING
E00528,C0469,23472.51,PAYMENT_FAILED,Bank_A,E11,P008,WALLET
E00529,C0791,21553.98,CHECKOUT_ABANDONED,Bank_C,E17,P007,UPI
E00530,C0848,11738.49,SUBSCRIPTION_FAILED,Bank_A,E11,P008,UPI
E00531,C0772,16028.61,SUBSCRIPTION_FAILED,Bank_A,E42,P007,NETBANKING
E00532,C0071,10141.29,INVOICE_OVERDUE,Bank_B,E17,P002,UPI
E00533,C0929,20995.53,INVOICE_OVERDUE,Bank_B,E23,P014,CARD
E00534,C0160,10947.7,SUBSCRIPTION_FAILED,Bank_D,E23,P007,CARD
E00535,C0691,17697.39,INVOICE_OVERDUE,Bank_A,E42,P004,NETBANKING
E00536,C0981,4954.84,SUBSCRIPTION_FAILED,Bank_B,E11,P020,CARD
E00537,C0030,15357.83,SUBSCRIPTION_FAILED,Bank_C,E42,P008,UPI
E00538,C0101,18591.22,SUBSCRIPTION_FAILED,Bank_A,E42,P015,NETBANKING
E00539,C0136,22155.45,CHECKOUT_ABANDONED,Bank_A,E42,P013,UPI
E00540,C0016,23640.06,PAYMENT_FAILED,Bank_A,E23,P014,CARD
E00541,C0155,20381.44,INVOICE_OVERDUE,Bank_C,E17,P008,WALLET
E00542,C0059,1963.8,INVOICE_OVERDUE,Bank_A,E42,P018,CARD
E00543,C0194,8303.55,SUBSCRIPTION_FAILED,Bank_A,E11,P006,WALLET
E00544,C0918,19468.43,PAYMENT_FAILED,Bank_A,E42,P008,CARD
E00545,C0056,21480.66,SUBSCRIPTION_FAILED,Bank_B,E17,P003,UPI
E00546,C0799,11708.63,INVOICE_OVERDUE,Bank_A,E11,P009,CARD
E00547,C0155,5082.04,CHECKOUT_ABANDONED,Bank_A,E42,P018,UPI
E00548,C0763,9426.84,CHECKOUT_ABANDONED,Bank_B,E17,P014,NETBANKING
E00549,C0507,13368.21,SUBSCRIPTION_FAILED,Bank_A,E23,P008,UPI
E00550,C0589,14544.2,PAYMENT_FAILED,Bank_A,E17,P008,NETBANKING
E00551,C0396,19105.04,INVOICE_OVERDUE,Bank_C,E42,P016,NETBANKING
E00552,C0891,20707.92,PAYMENT_FAILED,Bank_A,E17,P008,WALLET
E00553,C0966,10771.13,INVOICE_OVERDUE,Bank_B,E11,P016,WALLET
E00554,C0493,2027.34,PAYMENT_FAILED,Bank_C,E23,P001,CARD
E00555,C0854,14325.45,PAYMENT_FAILED,Bank_D,E42,P002,NETBANKING
E00556,C0627,1544.62,PAYMENT_FAILED,Bank_A,E42,P020,UPI
E00557,C0861,13095.06,CHECKOUT_ABANDONED,Bank_D,E42,P008,CARD
E00558,C0936,19051.12,PAYMENT_FAILED,Bank_A,E17,P013,CARD
E00559,C0026,17844.18,INVOICE_OVERDUE,Bank_A,E11,P010,CARD
E00560,C0118,17526.95,PAYMENT_FAILED,Bank_B,E11,P014,CARD
E00561,C0605,2772.67,CHECKOUT_ABANDONED,Bank_C,E17,P012,NETBANKING
E00562,C0154,19872.56,SUBSCRIPTION_FAILED,Bank_D,E42,P007,CARD
E00563,C0859,2963.71,CHECKOUT_ABANDONED,Bank_C,E42,P004,WALLET
E00564,C0907,11513.69,INVOICE_OVERDUE,Bank_A,E17,P007,NETBANKING
E00565,C0747,20900.9,SUBSCRIPTION_FAILED,Bank_A,E17,P003,NETBANKING
E00566,C0689,9241.74,SUBSCRIPTION_FAILED,Bank_C,E17,P012,UPI
E00567,C0815,4115.54,INVOICE_OVERDUE,Bank_A,E11,P015,CARD
E00568,C0978,20263.31,PAYMENT_FAILED,Bank_A,E42,P001,CARD
E00569,C0174,18827.77,PAYMENT_FAILED,Bank_B,E17,P008,WALLET
E00570,C0249,6419.59,PAYMENT_FAILED,Bank_D,E23,P012,CARD
E00571,C0650,15300.06,SUBSCRIPTION_FAILED,Bank_D,E23,P018,NETBANKING
E00572,C0861,14086.36,INVOICE_OVERDUE,Bank_B,E23,P008,NETBANKING
E00573,C0418,7492.68,INVOICE_OVERDUE,Bank_C,E11,P001,NETBANKING
E00574,C0404,21016.29,INVOICE_OVERDUE,Bank_D,E23,P013,WALLET
E00575,C0278,19974.52,INVOICE_OVERDUE,Bank_A,E42,P009,WALLET
E00576,C0344,8454.37,CHECKOUT_ABANDONED,Bank_C,E42,P001,UPI
E00577,C0030,4140.52,CHECKOUT_ABANDONED,Bank_C,E42,P014,UPI
E00578,C0933,14192.26,PAYMENT_FAILED,Bank_B,E11,P013,WALLET
E00579,C0649,3944.26,CHECKOUT_ABANDONED,Bank_A,E42,P011,NETBANKING
E00580,C0762,13168.59,SUBSCRIPTION_FAILED,Bank_D,E23,P008,CARD
E00581,C0917,3883.15,INVOICE_OVERDUE,Bank_B,E23,P014,WALLET
E00582,C0119,6873.63,CHECKOUT_ABANDONED,Bank_B,E11,P005,UPI
E00583,C0316,5238.73,INVOICE_OVERDUE,Bank_A,E42,P012,UPI
E00584,C0827,4662.4,INVOICE_OVERDUE,Bank_A,E23,P006,CARD
E00585,C0177,1023.6,INVOICE_OVERDUE,Bank_A,E42,P010,CARD
E00586,C0832,13961.7,INVOICE_OVERDUE,Bank_B,E17,P014,UPI
E00587,C0943,12014.51,SUBSCRIPTION_FAILED,Bank_A,E42,P020,WALLET
E00588,C0086,20862.06,SUBSCRIPTION_FAILED,Bank_A,E42,P008,CARD
E00589,C0798,3385.4,INVOICE_OVERDUE,Bank_D,E11,P001,WALLET
E00590,C0144,22624.35,SUBSCRIPTION_FAILED,Bank_A,E11,P020,UPI
E00591,C0188,3633.95,PAYMENT_FAILED,Bank_C,E17,P015,UPI
E00592,C0207,14695.39,SUBSCRIPTION_FAILED,Bank_A,E23,P003,UPI
E00593,C0118,8598.28,SUBSCRIPTION_FAILED,Bank_A,E11,P015,NETBANKING
E00594,C0430,23182.65,CHECKOUT_ABANDONED,Bank_B,E23,P011,WALLET
E00595,C0901,7885.36,PAYMENT_FAILED,Bank_D,E17,P011,NETBANKING
E00596,C0364,21547.62,INVOICE_OVERDUE,Bank_D,E23,P009,WALLET
E00597,C0267,22667.75,PAYMENT_FAILED,Bank_A,E42,P002,NETBANKING
E00598,C0486,13044.44,SUBSCRIPTION_FAILED,Bank_A,E42,P004,UPI
E00599,C0005,14832.04,PAYMENT_FAILED,Bank_A,E11,P007,WALLET
E00600,C0203,22483.03,PAYMENT_FAILED,Bank_A,E42,P010,UPI
E00601,C0403,6790.27,INVOICE_OVERDUE,Bank_C,E17,P009,UPI
E00602,C0318,14014.31,CHECKOUT_ABANDONED,Bank_A,E17,P007,NETBANKING
E00603,C0375,7832.65,CHECKOUT_ABANDONED,Bank_D,E23,P009,NETBANKING
E00604,C0955,13813.62,INVOICE_OVERDUE,Bank_A,E23,P005,NETBANKING
E00605,C0797,11285.57,INVOICE_OVERDUE,Bank_C,E42,P010,NETBANKING
E00606,C0769,20631.31,PAYMENT_FAILED,Bank_D,E11,P005,CARD
E00607,C0579,19665.6,PAYMENT_FAILED,Bank_A,E42,P014,WALLET
E00608,C0346,9687.65,INVOICE_OVERDUE,Bank_D,E42,P011,CARD
E00609,C0793,21274.87,SUBSCRIPTION_FAILED,Bank_A,E42,P016,CARD
E00610,C0502,23434.21,INVOICE_OVERDUE,Bank_D,E23,P007,UPI
E00611,C0441,11678.29,SUBSCRIPTION_FAILED,Bank_A,E42,P001,CARD
E00612,C0989,20089.81,INVOICE_OVERDUE,Bank_D,E11,P010,WALLET
E00613,C0486,12654.66,SUBSCRIPTION_FAILED,Bank_C,E23,P008,CARD
E00614,C0231,23668.25,INVOICE_OVERDUE,Bank_C,E42,P009,UPI
E00615,C0527,1885.24,PAYMENT_FAILED,Bank_A,E23,P016,NETBANKING
E00616,C0269,15876.43,CHECKOUT_ABANDONED,Bank_C,E11,P009,WALLET
E00617,C0593,14515.53,PAYMENT_FAILED,Bank_C,E42,P015,WALLET
E00618,C0293,12881.34,INVOICE_OVERDUE,Bank_A,E42,P001,NETBANKING
E00619,C0868,1933.14,CHECKOUT_ABANDONED,Bank_B,E42,P003,UPI
E00620,C0954,1560.84,INVOICE_OVERDUE,Bank_D,E11,P005,UPI
E00621,C0939,12012.39,CHECKOUT_ABANDONED,Bank_C,E23,P018,CARD
E00622,C0994,20283.96,PAYMENT_FAILED,Bank_B,E17,P005,CARD
E00623,C0894,2428.65,SUBSCRIPTION_FAILED,Bank_C,E23,P005,NETBANKING
E00624,C0993,21501.49,CHECKOUT_ABANDONED,Bank_A,E11,P003,NETBANKING
E00625,C0689,3016.94,SUBSCRIPTION_FAILED,Bank_A,E42,P007,UPI
E00626,C0071,21944.61,PAYMENT_FAILED,Bank_A,E11,P001,NETBANKING
E00627,C0406,10695.41,INVOICE_OVERDUE,Bank_D,E17,P006,UPI
E00628,C0972,15175.92,INVOICE_OVERDUE,Bank_A,E42,P017,CARD
E00629,C0415,22625.58,CHECKOUT_ABANDONED,Bank_C,E42,P014,NETBANKING
E00630,C0606,16184.35,CHECKOUT_ABANDONED,Bank_B,E23,P009,UPI
E00631,C0022,7040.09,INVOICE_OVERDUE,Bank_B,E11,P020,CARD
E00632,C0965,15250.37,CHECKOUT_ABANDONED,Bank_D,E23,P006,UPI
E00633,C0281,17377.08,SUBSCRIPTION_FAILED,Bank_D,E42,P012,UPI
E00634,C0375,3010.88,PAYMENT_FAILED,Bank_A,E42,P020,WALLET
E00635,C0629,13070.23,CHECKOUT_ABANDONED,Bank_A,E42,P017,WALLET
E00636,C0061,24720.98,INVOICE_OVERDUE,Bank_A,E42,P002,WALLET
E00637,C0753,16191.17,CHECKOUT_ABANDONED,Bank_A,E23,P018,NETBANKING
E00638,C0341,23950.07,PAYMENT_FAILED,Bank_B,E11,P009,NETBANKING
E00639,C0010,22600.84,INVOICE_OVERDUE,Bank_A,E11,P016,UPI
E00640,C0853,23975.99,INVOICE_OVERDUE,Bank_A,E42,P006,UPI
E00641,C0757,11105.33,CHECKOUT_ABANDONED,Bank_C,E23,P020,CARD
E00642,C0746,12709.73,INVOICE_OVERDUE,Bank_D,E23,P011,NETBANKING
E00643,C0110,14872.51,PAYMENT_FAILED,Bank_D,E42,P019,NETBANKING
E00644,C0917,18127.69,INVOICE_OVERDUE,Bank_A,E11,P019,UPI
E00645,C0365,19501.08,SUBSCRIPTION_FAILED,Bank_C,E42,P010,UPI
E00646,C0777,10219.12,INVOICE_OVERDUE,Bank_B,E23,P002,UPI
E00647,C0027,16054.84,CHECKOUT_ABANDONED,Bank_A,E42,P015,CARD
E00648,C0269,15203.77,CHECKOUT_ABANDONED,Bank_A,E42,P006,UPI
E00649,C0607,8603.63,PAYMENT_FAILED,Bank_C,E42,P005,WALLET
E00650,C0087,13663.21,INVOICE_OVERDUE,Bank_A,E42,P007,UPI
E00651,C0885,5947.93,SUBSCRIPTION_FAILED,Bank_A,E42,P006,UPI
E00652,C0186,23383.93,SUBSCRIPTION_FAILED,Bank_A,E42,P019,CARD
E00653,C0726,12182.2,PAYMENT_FAILED,Bank_A,E17,P015,NETBANKING
E00654,C0785,7793.5,INVOICE_OVERDUE,Bank_A,E42,P010,WALLET
E00655,C0676,19486.24,SUBSCRIPTION_FAILED,Bank_A,E42,P019,WALLET
E00656,C0637,19637.03,SUBSCRIPTION_FAILED,Bank_D,E23,P016,UPI
E00657,C0791,21050.6,SUBSCRIPTION_FAILED,Bank_D,E23,P015,WALLET
E00658,C0096,8920.96,CHECKOUT_ABANDONED,Bank_A,E42,P002,NETBANKING
E00659,C0129,17591.31,PAYMENT_FAILED,Bank_B,E23,P018,NETBANKING
E00660,C0638,1668.32,PAYMENT_FAILED,Bank_D,E23,P008,WALLET
E00661,C0223,16654.43,CHECKOUT_ABANDONED,Bank_B,E17,P010,WALLET
E00662,C0158,5900.18,PAYMENT_FAILED,Bank_A,E42,P007,WALLET
E00663,C0418,20543.21,CHECKOUT_ABANDONED,Bank_D,E42,P008,CARD
E00664,C0800,2625.75,INVOICE_OVERDUE,Bank_A,E23,P013,CARD
E00665,C0781,22727.95,INVOICE_OVERDUE,Bank_C,E23,P020,NETBANKING
E00666,C0084,2026.67,SUBSCRIPTION_FAILED,Bank_D,E42,P006,CARD
E00667,C0755,20603.52,CHECKOUT_ABANDONED,Bank_A,E42,P010,UPI
E00668,C0965,9450.7,CHECKOUT_ABANDONED,Bank_B,E11,P007,CARD
E00669,C0125,1267.21,CHECKOUT_ABANDONED,Bank_D,E23,P015,UPI
E00670,C0288,21311.79,PAYMENT_FAILED,Bank_D,E11,P010,WALLET
E00671,C0007,19061.12,SUBSCRIPTION_FAILED,Bank_C,E23,P018,NETBANKING
E00672,C0087,2736.08,INVOICE_OVERDUE,Bank_C,E17,P010,WALLET
E00673,C0077,10008.44,PAYMENT_FAILED,Bank_B,E17,P013,UPI
E00674,C0871,15832.2,PAYMENT_FAILED,Bank_D,E11,P009,CARD
E00675,C0707,23530.33,PAYMENT_FAILED,Bank_C,E11,P014,CARD
E00676,C0566,22247.89,SUBSCRIPTION_FAILED,Bank_B,E42,P012,NETBANKING
E00677,C0748,19620.77,SUBSCRIPTION_FAILED,Bank_B,E11,P003,UPI
E00678,C0403,19171.29,INVOICE_OVERDUE,Bank_A,E42,P017,WALLET
E00679,C0841,21113.43,CHECKOUT_ABANDONED,Bank_C,E17,P013,UPI
E00680,C0517,19678.82,INVOICE_OVERDUE,Bank_D,E42,P012,CARD
E00681,C0797,20988.05,PAYMENT_FAILED,Bank_C,E42,P020,WALLET
E00682,C0613,2495.06,PAYMENT_FAILED,Bank_C,E11,P005,WALLET
E00683,C0236,23097.99,CHECKOUT_ABANDONED,Bank_D,E11,P003,CARD
E00684,C0714,3923.66,PAYMENT_FAILED,Bank_A,E42,P015,NETBANKING
E00685,C0272,9243.62,INVOICE_OVERDUE,Bank_D,E17,P012,WALLET
E00686,C0802,24710.49,INVOICE_OVERDUE,Bank_D,E11,P007,UPI
E00687,C0906,11093.97,INVOICE_OVERDUE,Bank_D,E42,P019,CARD
E00688,C0156,1421.2,SUBSCRIPTION_FAILED,Bank_B,E11,P011,CARD
E00689,C0210,23737.38,SUBSCRIPTION_FAILED,Bank_A,E23,P007,CARD
E00690,C0707,9526.31,PAYMENT_FAILED,Bank_B,E17,P007,CARD
E00691,C0206,18336.43,SUBSCRIPTION_FAILED,Bank_A,E42,P015,WALLET
E00692,C0438,18701.42,INVOICE_OVERDUE,Bank_A,E11,P016,CARD
E00693,C0847,1253.36,CHECKOUT_ABANDONED,Bank_A,E42,P008,CARD
E00694,C0724,6901.09,PAYMENT_FAILED,Bank_C,E42,P017,CARD
E00695,C0633,8982.19,PAYMENT_FAILED,Bank_D,E42,P002,CARD
E00696,C0365,4778.37,PAYMENT_FAILED,Bank_D,E23,P005,WALLET
E00697,C0482,8237.67,PAYMENT_FAILED,Bank_D,E42,P010,WALLET
E00698,C0256,23862.49,SUBSCRIPTION_FAILED,Bank_D,E42,P002,WALLET
E00699,C0092,15687.35,SUBSCRIPTION_FAILED,Bank_A,E42,P009,UPI
E00700,C0802,5928.15,PAYMENT_FAILED,Bank_A,E11,P005,NETBANKING
E00701,C0406,6978.63,PAYMENT_FAILED,Bank_A,E42,P001,UPI
E00702,C0181,15738.87,PAYMENT_FAILED,Bank_D,E23,P010,NETBANKING
E00703,C0718,13888.67,CHECKOUT_ABANDONED,Bank_A,E42,P004,WALLET
E00704,C0598,21418.03,SUBSCRIPTION_FAILED,Bank_B,E11,P005,CARD
E00705,C0968,12964.0,PAYMENT_FAILED,Bank_B,E42,P007,WALLET
E00706,C0977,2030.69,INVOICE_OVERDUE,Bank_A,E42,P017,NETBANKING
E00707,C0572,10659.65,SUBSCRIPTION_FAILED,Bank_B,E42,P005,WALLET
E00708,C0234,19085.0,SUBSCRIPTION_FAILED,Bank_D,E42,P017,WALLET
E00709,C0688,14279.03,SUBSCRIPTION_FAILED,Bank_B,E42,P009,CARD
E00710,C0205,6446.0,INVOICE_OVERDUE,Bank_C,E11,P018,WALLET
E00711,C0327,20641.19,SUBSCRIPTION_FAILED,Bank_B,E11,P005,WALLET
E00712,C0447,11258.31,INVOICE_OVERDUE,Bank_A,E42,P005,CARD
E00713,C0148,2859.11,INVOICE_OVERDUE,Bank_D,E17,P007,UPI
E00714,C0684,24412.63,INVOICE_OVERDUE,Bank_C,E17,P019,CARD
E00715,C0381,13619.42,CHECKOUT_ABANDONED,Bank_D,E17,P013,NETBANKING
E00716,C0812,3018.84,PAYMENT_FAILED,Bank_C,E42,P017,UPI
E00717,C0403,9449.46,PAYMENT_FAILED,Bank_D,E17,P006,UPI
E00718,C0601,1868.09,PAYMENT_FAILED,Bank_B,E17,P015,NETBANKING
E00719,C0484,19466.79,CHECKOUT_ABANDONED,Bank_A,E42,P001,WALLET
E00720,C0008,2228.71,CHECKOUT_ABANDONED,Bank_B,E42,P004,NETBANKING
E00721,C0671,18315.25,SUBSCRIPTION_FAILED,Bank_C,E17,P013,UPI
E00722,C0018,2454.85,INVOICE_OVERDUE,Bank_D,E23,P009,CARD
E00723,C0327,3203.94,SUBSCRIPTION_FAILED,Bank_A,E42,P014,CARD
E00724,C0489,8294.15,SUBSCRIPTION_FAILED,Bank_A,E42,P019,UPI
E00725,C0401,23760.74,INVOICE_OVERDUE,Bank_D,E42,P008,UPI
E00726,C0666,9841.59,INVOICE_OVERDUE,Bank_A,E42,P016,WALLET
E00727,C0177,16946.28,INVOICE_OVERDUE,Bank_A,E11,P008,NETBANKING
E00728,C0011,18563.69,SUBSCRIPTION_FAILED,Bank_A,E23,P015,NETBANKING
E00729,C0430,5181.35,PAYMENT_FAILED,Bank_D,E23,P004,NETBANKING
E00730,C0688,24775.12,CHECKOUT_ABANDONED,Bank_D,E42,P010,UPI
E00731,C0767,17843.03,INVOICE_OVERDUE,Bank_C,E42,P011,NETBANKING
E00732,C0329,11998.53,CHECKOUT_ABANDONED,Bank_C,E23,P020,WALLET
E00733,C0267,2695.59,INVOICE_OVERDUE,Bank_A,E17,P003,NETBANKING
E00734,C0370,4623.82,SUBSCRIPTION_FAILED,Bank_B,E17,P003,UPI
E00735,C0790,19321.33,CHECKOUT_ABANDONED,Bank_C,E11,P001,NETBANKING
E00736,C0672,17071.83,INVOICE_OVERDUE,Bank_D,E42,P001,CARD
E00737,C0802,17462.7,SUBSCRIPTION_FAILED,Bank_A,E42,P008,CARD
E00738,C0239,16810.15,SUBSCRIPTION_FAILED,Bank_B,E23,P007,UPI
E00739,C0861,22774.77,CHECKOUT_ABANDONED,Bank_C,E11,P010,NETBANKING
E00740,C0336,14238.44,CHECKOUT_ABANDONED,Bank_A,E11,P016,NETBANKING
E00741,C0008,18260.27,SUBSCRIPTION_FAILED,Bank_D,E42,P005,NETBANKING
E00742,C0573,3020.13,PAYMENT_FAILED,Bank_A,E42,P017,UPI
E00743,C0530,8369.27,CHECKOUT_ABANDONED,Bank_A,E42,P005,NETBANKING
E00744,C0623,4093.15,SUBSCRIPTION_FAILED,Bank_A,E42,P020,NETBANKING
E00745,C0947,510.26,INVOICE_OVERDUE,Bank_D,E42,P005,WALLET
E00746,C0521,6959.01,PAYMENT_FAILED,Bank_A,E42,P008,NETBANKING
E00747,C0469,17823.04,SUBSCRIPTION_FAILED,Bank_A,E42,P004,NETBANKING
E00748,C0896,22250.73,CHECKOUT_ABANDONED,Bank_D,E23,P007,CARD
E00749,C0963,7914.18,CHECKOUT_ABANDONED,Bank_A,E42,P016,NETBANKING
E00750,C0579,3560.44,PAYMENT_FAILED,Bank_D,E17,P010,CARD
E00751,C0422,14661.27,INVOICE_OVERDUE,Bank_C,E11,P006,CARD
E00752,C0722,2649.96,PAYMENT_FAILED,Bank_D,E11,P013,UPI
E00753,C0538,19048.57,PAYMENT_FAILED,Bank_A,E42,P010,NETBANKING
E00754,C0625,23277.63,CHECKOUT_ABANDONED,Bank_D,E17,P006,NETBANKING
E00755,C0862,15044.32,PAYMENT_FAILED,Bank_A,E17,P014,UPI
E00756,C0372,13494.73,SUBSCRIPTION_FAILED,Bank_D,E17,P001,NETBANKING
E00757,C0656,11952.75,PAYMENT_FAILED,Bank_B,E11,P003,NETBANKING
E00758,C0946,19425.07,INVOICE_OVERDUE,Bank_A,E42,P017,NETBANKING
E00759,C0299,3778.17,INVOICE_OVERDUE,Bank_A,E11,P008,NETBANKING
E00760,C0735,19102.01,PAYMENT_FAILED,Bank_B,E11,P006,UPI
E00761,C0282,16755.55,PAYMENT_FAILED,Bank_C,E17,P001,WALLET
E00762,C0925,8843.89,CHECKOUT_ABANDONED,Bank_D,E23,P016,UPI
E00763,C0505,18173.39,INVOICE_OVERDUE,Bank_D,E42,P006,NETBANKING
E00764,C0338,22461.15,CHECKOUT_ABANDONED,Bank_B,E11,P018,WALLET
E00765,C0100,23079.2,CHECKOUT_ABANDONED,Bank_A,E11,P001,CARD
E00766,C0059,1739.77,INVOICE_OVERDUE,Bank_A,E11,P006,NETBANKING
E00767,C0902,18996.71,INVOICE_OVERDUE,Bank_A,E42,P003,CARD
E00768,C0173,4630.96,INVOICE_OVERDUE,Bank_B,E17,P015,NETBANKING
E00769,C0513,10703.8,CHECKOUT_ABANDONED,Bank_D,E42,P013,CARD
E00770,C0103,17648.09,CHECKOUT_ABANDONED,Bank_A,E42,P014,NETBANKING
E00771,C0753,9561.87,SUBSCRIPTION_FAILED,Bank_D,E17,P012,CARD
E00772,C0171,24569.69,CHECKOUT_ABANDONED,Bank_B,E23,P004,CARD
E00773,C0941,18720.39,PAYMENT_FAILED,Bank_C,E23,P003,UPI
E00774,C0292,5761.38,CHECKOUT_ABANDONED,Bank_A,E42,P008,WALLET
E00775,C0196,13400.66,CHECKOUT_ABANDONED,Bank_C,E23,P011,NETBANKING
E00776,C0235,14771.43,CHECKOUT_ABANDONED,Bank_A,E17,P013,CARD
E00777,C0917,15595.06,SUBSCRIPTION_FAILED,Bank_D,E17,P004,UPI
E00778,C0634,17542.41,SUBSCRIPTION_FAILED,Bank_A,E42,P013,CARD
E00779,C0836,16976.97,SUBSCRIPTION_FAILED,Bank_C,E17,P015,CARD
E00780,C0386,7952.05,SUBSCRIPTION_FAILED,Bank_A,E42,P014,CARD
E00781,C0158,4112.2,CHECKOUT_ABANDONED,Bank_A,E42,P019,NETBANKING
E00782,C0268,3028.22,PAYMENT_FAILED,Bank_A,E23,P012,UPI
E00783,C0671,9910.12,CHECKOUT_ABANDONED,Bank_C,E11,P005,WALLET
E00784,C0325,9816.82,SUBSCRIPTION_FAILED,Bank_C,E23,P002,WALLET
E00785,C0172,20043.06,SUBSCRIPTION_FAILED,Bank_D,E42,P010,CARD
E00786,C0052,16963.85,PAYMENT_FAILED,Bank_A,E42,P019,CARD
E00787,C0415,3391.33,SUBSCRIPTION_FAILED,Bank_A,E23,P002,NETBANKING
E00788,C0767,795.81,INVOICE_OVERDUE,Bank_D,E42,P002,WALLET
E00789,C0528,7064.14,INVOICE_OVERDUE,Bank_C,E17,P002,CARD
E00790,C0474,725.5,PAYMENT_FAILED,Bank_C,E17,P017,CARD
E00791,C0622,15466.62,INVOICE_OVERDUE,Bank_A,E42,P007,UPI
E00792,C0329,18413.33,CHECKOUT_ABANDONED,Bank_A,E42,P008,UPI
E00793,C0624,11898.54,CHECKOUT_ABANDONED,Bank_A,E42,P003,UPI
E00794,C0338,21810.64,INVOICE_OVERDUE,Bank_A,E11,P019,WALLET
E00795,C0508,17113.51,SUBSCRIPTION_FAILED,Bank_D,E17,P002,UPI
E00796,C0684,19261.84,INVOICE_OVERDUE,Bank_D,E11,P010,UPI
E00797,C0666,23136.15,SUBSCRIPTION_FAILED,Bank_A,E11,P005,NETBANKING
E00798,C0401,10436.1,PAYMENT_FAILED,Bank_D,E23,P017,NETBANKING
E00799,C0642,8674.92,INVOICE_OVERDUE,Bank_C,E11,P011,UPI
E00800,C0599,3767.72,SUBSCRIPTION_FAILED,Bank_D,E17,P018,CARD
E00801,C0826,23557.82,PAYMENT_FAILED,Bank_B,E23,P015,WALLET
E00802,C0103,22797.34,PAYMENT_FAILED,Bank_B,E17,P007,CARD
E00803,C0324,17509.54,PAYMENT_FAILED,Bank_C,E11,P020,WALLET
E00804,C0616,4562.9,INVOICE_OVERDUE,Bank_A,E42,P017,WALLET
E00805,C0602,5799.03,CHECKOUT_ABANDONED,Bank_B,E11,P006,CARD
E00806,C0904,22205.39,PAYMENT_FAILED,Bank_B,E23,P006,NETBANKING
E00807,C0562,5309.82,PAYMENT_FAILED,Bank_D,E17,P005,WALLET
E00808,C0319,20041.9,INVOICE_OVERDUE,Bank_A,E42,P019,UPI
E00809,C0423,18371.85,CHECKOUT_ABANDONED,Bank_A,E11,P006,WALLET
E00810,C0059,19636.64,SUBSCRIPTION_FAILED,Bank_B,E42,P018,CARD
E00811,C0640,17607.41,INVOICE_OVERDUE,Bank_D,E23,P003,NETBANKING
E00812,C0778,12670.62,INVOICE_OVERDUE,Bank_D,E42,P006,CARD
E00813,C0792,8307.11,INVOICE_OVERDUE,Bank_A,E42,P017,UPI
E00814,C0743,23250.89,INVOICE_OVERDUE,Bank_A,E42,P020,UPI
E00815,C0742,12414.95,SUBSCRIPTION_FAILED,Bank_D,E11,P012,UPI
E00816,C0354,11901.21,INVOICE_OVERDUE,Bank_B,E42,P009,CARD
E00817,C0743,12923.82,INVOICE_OVERDUE,Bank_C,E17,P016,WALLET
E00818,C0318,18652.34,PAYMENT_FAILED,Bank_D,E17,P012,NETBANKING
E00819,C0973,14915.06,INVOICE_OVERDUE,Bank_D,E23,P012,UPI
E00820,C0755,15419.03,SUBSCRIPTION_FAILED,Bank_A,E42,P003,NETBANKING
E00821,C0451,2775.19,SUBSCRIPTION_FAILED,Bank_B,E11,P006,NETBANKING
E00822,C0602,9248.05,CHECKOUT_ABANDONED,Bank_D,E42,P005,NETBANKING
E00823,C0942,9511.27,CHECKOUT_ABANDONED,Bank_A,E17,P008,UPI
E00824,C0035,10576.91,PAYMENT_FAILED,Bank_C,E11,P016,CARD
E00825,C0161,17493.12,PAYMENT_FAILED,Bank_C,E42,P012,CARD
E00826,C0079,12761.74,PAYMENT_FAILED,Bank_B,E17,P019,UPI
E00827,C0793,5629.13,CHECKOUT_ABANDONED,Bank_A,E42,P010,NETBANKING
E00828,C0256,21291.27,INVOICE_OVERDUE,Bank_D,E23,P020,CARD
E00829,C0655,5355.47,PAYMENT_FAILED,Bank_C,E42,P008,CARD
E00830,C0427,14592.8,CHECKOUT_ABANDONED,Bank_D,E11,P019,WALLET
E00831,C0040,24274.17,INVOICE_OVERDUE,Bank_B,E11,P010,CARD
E00832,C0779,22982.06,CHECKOUT_ABANDONED,Bank_C,E17,P009,UPI
E00833,C0934,14919.03,INVOICE_OVERDUE,Bank_B,E11,P013,NETBANKING
E00834,C0075,22933.45,PAYMENT_FAILED,Bank_C,E17,P020,NETBANKING
E00835,C0408,12469.73,SUBSCRIPTION_FAILED,Bank_B,E11,P009,WALLET
E00836,C0327,21165.6,INVOICE_OVERDUE,Bank_D,E17,P020,CARD
E00837,C0143,6500.5,PAYMENT_FAILED,Bank_A,E42,P018,NETBANKING
E00838,C0509,10166.89,PAYMENT_FAILED,Bank_C,E17,P005,CARD
E00839,C0191,24835.56,CHECKOUT_ABANDONED,Bank_B,E42,P005,UPI
E00840,C0080,5643.7,INVOICE_OVERDUE,Bank_A,E42,P012,WALLET
E00841,C0431,2218.58,CHECKOUT_ABANDONED,Bank_C,E17,P002,CARD
E00842,C0300,18752.46,SUBSCRIPTION_FAILED,Bank_A,E42,P003,CARD
E00843,C0307,6863.25,PAYMENT_FAILED,Bank_B,E23,P003,NETBANKING
E00844,C0555,12031.14,CHECKOUT_ABANDONED,Bank_C,E23,P013,CARD
E00845,C0980,18787.68,PAYMENT_FAILED,Bank_D,E17,P019,WALLET
E00846,C0666,3255.88,SUBSCRIPTION_FAILED,Bank_A,E42,P006,CARD
E00847,C0271,5669.22,SUBSCRIPTION_FAILED,Bank_D,E42,P017,NETBANKING
E00848,C0278,14244.76,INVOICE_OVERDUE,Bank_A,E17,P001,WALLET
E00849,C0026,16428.92,INVOICE_OVERDUE,Bank_A,E42,P001,WALLET
E00850,C0574,6261.5,CHECKOUT_ABANDONED,Bank_B,E11,P007,UPI
E00851,C0289,23235.44,INVOICE_OVERDUE,Bank_A,E42,P012,NETBANKING
E00852,C0336,13046.61,INVOICE_OVERDUE,Bank_A,E23,P013,CARD
E00853,C0249,21447.46,SUBSCRIPTION_FAILED,Bank_D,E23,P019,WALLET
E00854,C0605,3440.46,INVOICE_OVERDUE,Bank_A,E17,P019,NETBANKING
E00855,C0437,18509.11,CHECKOUT_ABANDONED,Bank_C,E11,P020,CARD
E00856,C0431,13682.9,SUBSCRIPTION_FAILED,Bank_A,E17,P012,NETBANKING
E00857,C0621,15507.23,CHECKOUT_ABANDONED,Bank_C,E11,P011,NETBANKING
E00858,C0973,24652.63,PAYMENT_FAILED,Bank_D,E23,P002,NETBANKING
E00859,C0363,14251.2,PAYMENT_FAILED,Bank_A,E42,P013,NETBANKING
E00860,C0548,8671.88,CHECKOUT_ABANDONED,Bank_B,E11,P007,UPI
E00861,C0688,5677.66,INVOICE_OVERDUE,Bank_C,E17,P014,WALLET
E00862,C0843,16894.3,PAYMENT_FAILED,Bank_A,E23,P015,NETBANKING
E00863,C0278,23787.65,SUBSCRIPTION_FAILED,Bank_D,E17,P013,UPI
E00864,C0622,14816.55,PAYMENT_FAILED,Bank_B,E23,P018,WALLET
E00865,C0982,17812.3,CHECKOUT_ABANDONED,Bank_C,E23,P016,CARD
E00866,C0864,14823.16,PAYMENT_FAILED,Bank_A,E42,P008,WALLET
E00867,C0974,17949.78,SUBSCRIPTION_FAILED,Bank_B,E17,P012,UPI
E00868,C0990,2604.44,INVOICE_OVERDUE,Bank_A,E42,P005,NETBANKING
E00869,C0766,9095.51,PAYMENT_FAILED,Bank_D,E17,P008,NETBANKING
E00870,C0920,15646.73,CHECKOUT_ABANDONED,Bank_A,E42,P002,UPI
E00871,C0594,18195.96,SUBSCRIPTION_FAILED,Bank_A,E17,P007,WALLET
E00872,C0956,21746.27,CHECKOUT_ABANDONED,Bank_A,E17,P006,WALLET
E00873,C0145,13802.84,SUBSCRIPTION_FAILED,Bank_D,E17,P004,WALLET
E00874,C0289,14271.37,INVOICE_OVERDUE,Bank_B,E11,P018,UPI
E00875,C0870,23530.07,PAYMENT_FAILED,Bank_D,E11,P013,NETBANKING
E00876,C0244,11511.0,CHECKOUT_ABANDONED,Bank_A,E42,P012,WALLET
E00877,C0300,16133.4,SUBSCRIPTION_FAILED,Bank_C,E23,P008,CARD
E00878,C0092,16928.39,INVOICE_OVERDUE,Bank_B,E23,P012,CARD
E00879,C0170,14207.3,PAYMENT_FAILED,Bank_B,E42,P019,NETBANKING
E00880,C0635,10828.55,CHECKOUT_ABANDONED,Bank_C,E17,P016,CARD
E00881,C0525,11774.82,INVOICE_OVERDUE,Bank_B,E17,P012,NETBANKING
E00882,C0100,20393.39,INVOICE_OVERDUE,Bank_A,E42,P006,NETBANKING
E00883,C0995,8798.01,PAYMENT_FAILED,Bank_A,E17,P003,CARD
E00884,C0662,6011.18,SUBSCRIPTION_FAILED,Bank_B,E42,P004,UPI
E00885,C0383,5836.38,CHECKOUT_ABANDONED,Bank_A,E11,P020,NETBANKING
E00886,C0213,19798.97,PAYMENT_FAILED,Bank_D,E42,P008,WALLET
E00887,C0715,13352.78,SUBSCRIPTION_FAILED,Bank_A,E42,P004,NETBANKING
E00888,C0793,2521.43,CHECKOUT_ABANDONED,Bank_B,E17,P019,WALLET
E00889,C0559,19717.87,CHECKOUT_ABANDONED,Bank_A,E42,P016,CARD
E00890,C0521,19848.54,INVOICE_OVERDUE,Bank_A,E42,P018,CARD
E00891,C0427,4202.49,SUBSCRIPTION_FAILED,Bank_C,E11,P003,WALLET
E00892,C0128,24145.79,PAYMENT_FAILED,Bank_A,E42,P004,CARD
E00893,C0739,19423.97,SUBSCRIPTION_FAILED,Bank_A,E11,P011,WALLET
E00894,C0797,7449.43,CHECKOUT_ABANDONED,Bank_A,E42,P011,UPI
E00895,C0329,22909.19,CHECKOUT_ABANDONED,Bank_D,E23,P017,WALLET
E00896,C0495,6490.44,PAYMENT_FAILED,Bank_C,E42,P017,UPI
E00897,C0201,13109.28,INVOICE_OVERDUE,Bank_C,E23,P011,WALLET
E00898,C0816,3743.45,SUBSCRIPTION_FAILED,Bank_C,E23,P014,WALLET
E00899,C0701,1306.48,CHECKOUT_ABANDONED,Bank_B,E17,P005,WALLET
E00900,C0131,14268.55,PAYMENT_FAILED,Bank_D,E17,P010,CARD
E00901,C0120,8451.06,INVOICE_OVERDUE,Bank_D,E17,P019,CARD
E00902,C0924,20174.54,SUBSCRIPTION_FAILED,Bank_D,E42,P003,UPI
E00903,C0397,15992.31,PAYMENT_FAILED,Bank_B,E23,P018,UPI
E00904,C0893,22587.68,CHECKOUT_ABANDONED,Bank_B,E23,P013,NETBANKING
E00905,C0645,19294.02,INVOICE_OVERDUE,Bank_A,E42,P012,NETBANKING
E00906,C0318,18816.85,INVOICE_OVERDUE,Bank_A,E23,P016,UPI
E00907,C0199,6598.33,INVOICE_OVERDUE,Bank_A,E42,P006,WALLET
E00908,C0303,18362.79,SUBSCRIPTION_FAILED,Bank_B,E17,P015,UPI
E00909,C0930,2256.44,INVOICE_OVERDUE,Bank_C,E23,P015,CARD
E00910,C0854,21964.78,INVOICE_OVERDUE,Bank_C,E23,P006,UPI
E00911,C0311,2527.55,INVOICE_OVERDUE,Bank_D,E17,P013,UPI
E00912,C0083,20435.51,CHECKOUT_ABANDONED,Bank_B,E17,P013,UPI
E00913,C0100,13240.65,CHECKOUT_ABANDONED,Bank_A,E42,P006,CARD
E00914,C0245,16888.37,CHECKOUT_ABANDONED,Bank_D,E42,P012,CARD
E00915,C0554,18877.04,PAYMENT_FAILED,Bank_A,E42,P019,WALLET
E00916,C0713,9473.84,INVOICE_OVERDUE,Bank_C,E11,P013,NETBANKING
E00917,C0336,5441.88,INVOICE_OVERDUE,Bank_A,E23,P008,NETBANKING
E00918,C0756,7285.0,CHECKOUT_ABANDONED,Bank_A,E11,P018,NETBANKING
E00919,C0268,2806.09,PAYMENT_FAILED,Bank_A,E17,P001,WALLET
E00920,C0536,6463.36,INVOICE_OVERDUE,Bank_D,E11,P006,CARD
E00921,C0734,1026.38,SUBSCRIPTION_FAILED,Bank_A,E17,P004,CARD
E00922,C0516,16740.88,INVOICE_OVERDUE,Bank_A,E42,P012,NETBANKING
E00923,C0080,17428.44,SUBSCRIPTION_FAILED,Bank_C,E17,P017,WALLET
E00924,C0913,12116.63,SUBSCRIPTION_FAILED,Bank_C,E11,P015,NETBANKING
E00925,C0204,12965.68,CHECKOUT_ABANDONED,Bank_D,E17,P014,UPI
E00926,C0353,4761.94,SUBSCRIPTION_FAILED,Bank_D,E11,P009,CARD
E00927,C0266,13711.01,PAYMENT_FAILED,Bank_B,E17,P020,WALLET
E00928,C0678,15519.26,SUBSCRIPTION_FAILED,Bank_C,E11,P002,WALLET
E00929,C0283,21453.67,PAYMENT_FAILED,Bank_C,E17,P019,CARD
E00930,C0252,16317.94,INVOICE_OVERDUE,Bank_C,E17,P017,UPI
E00931,C0847,24225.58,INVOICE_OVERDUE,Bank_A,E42,P018,CARD
E00932,C0443,11631.81,PAYMENT_FAILED,Bank_A,E23,P014,NETBANKING
E00933,C0868,24728.47,CHECKOUT_ABANDONED,Bank_A,E42,P004,WALLET
E00934,C0792,15147.47,CHECKOUT_ABANDONED,Bank_A,E42,P016,UPI
E00935,C0013,8402.01,CHECKOUT_ABANDONED,Bank_D,E11,P020,WALLET
E00936,C0486,14227.91,CHECKOUT_ABANDONED,Bank_A,E11,P018,UPI
E00937,C0260,20819.89,INVOICE_OVERDUE,Bank_D,E23,P015,UPI
E00938,C0431,4753.02,PAYMENT_FAILED,Bank_A,E42,P002,NETBANKING
E00939,C0749,24871.4,CHECKOUT_ABANDONED,Bank_A,E42,P006,CARD
E00940,C0496,21251.69,INVOICE_OVERDUE,Bank_D,E17,P002,NETBANKING
E00941,C0580,15141.68,PAYMENT_FAILED,Bank_C,E23,P019,NETBANKING
E00942,C0437,6503.33,PAYMENT_FAILED,Bank_B,E17,P014,CARD
E00943,C0354,19910.81,CHECKOUT_ABANDONED,Bank_B,E23,P006,WALLET
E00944,C0080,1637.49,INVOICE_OVERDUE,Bank_A,E42,P002,WALLET
E00945,C0681,19333.79,CHECKOUT_ABANDONED,Bank_A,E11,P006,CARD
E00946,C0161,19116.07,PAYMENT_FAILED,Bank_D,E17,P011,UPI
E00947,C0633,14310.25,INVOICE_OVERDUE,Bank_B,E17,P002,WALLET
E00948,C0047,5676.25,CHECKOUT_ABANDONED,Bank_A,E23,P002,CARD
E00949,C0869,8738.47,INVOICE_OVERDUE,Bank_C,E42,P015,UPI
E00950,C0128,22088.86,CHECKOUT_ABANDONED,Bank_C,E11,P014,NETBANKING
E00951,C0786,14703.7,CHECKOUT_ABANDONED,Bank_A,E42,P007,CARD
E00952,C0837,13302.96,SUBSCRIPTION_FAILED,Bank_A,E42,P007,WALLET
E00953,C0522,17926.8,INVOICE_OVERDUE,Bank_B,E23,P013,UPI
E00954,C0608,7578.74,CHECKOUT_ABANDONED,Bank_A,E42,P005,WALLET
E00955,C0697,5996.78,INVOICE_OVERDUE,Bank_D,E23,P015,NETBANKING
E00956,C0450,18834.74,SUBSCRIPTION_FAILED,Bank_A,E42,P020,UPI
E00957,C0117,17384.08,SUBSCRIPTION_FAILED,Bank_D,E23,P014,UPI
E00958,C0974,23844.19,SUBSCRIPTION_FAILED,Bank_C,E42,P006,UPI
E00959,C0440,14222.06,INVOICE_OVERDUE,Bank_B,E42,P016,CARD
E00960,C0675,3407.61,PAYMENT_FAILED,Bank_A,E11,P007,UPI
E00961,C0878,18665.68,SUBSCRIPTION_FAILED,Bank_B,E42,P011,NETBANKING
E00962,C0881,4193.0,INVOICE_OVERDUE,Bank_B,E17,P011,CARD
E00963,C0566,5467.18,PAYMENT_FAILED,Bank_D,E23,P008,NETBANKING
E00964,C0638,5529.56,PAYMENT_FAILED,Bank_B,E11,P012,NETBANKING
E00965,C0294,9060.37,PAYMENT_FAILED,Bank_A,E17,P020,WALLET
E00966,C0403,866.2,INVOICE_OVERDUE,Bank_B,E17,P009,UPI
E00967,C0395,18287.56,SUBSCRIPTION_FAILED,Bank_C,E11,P007,WALLET
E00968,C0345,9045.02,PAYMENT_FAILED,Bank_B,E23,P008,UPI
E00969,C0567,9353.69,CHECKOUT_ABANDONED,Bank_A,E42,P009,CARD
E00970,C0304,8899.19,PAYMENT_FAILED,Bank_B,E11,P017,NETBANKING
E00971,C0788,15765.83,CHECKOUT_ABANDONED,Bank_B,E11,P019,UPI
E00972,C0896,12900.22,PAYMENT_FAILED,Bank_D,E11,P006,UPI
E00973,C0908,13263.55,CHECKOUT_ABANDONED,Bank_A,E23,P005,NETBANKING
E00974,C0302,13630.44,PAYMENT_FAILED,Bank_D,E42,P002,CARD
E00975,C0133,6409.52,SUBSCRIPTION_FAILED,Bank_D,E42,P005,UPI
E00976,C0159,6482.5,SUBSCRIPTION_FAILED,Bank_D,E11,P013,WALLET
E00977,C0704,7056.47,SUBSCRIPTION_FAILED,Bank_A,E42,P017,UPI
E00978,C0798,24023.22,INVOICE_OVERDUE,Bank_A,E42,P013,UPI
E00979,C0529,22666.76,SUBSCRIPTION_FAILED,Bank_B,E23,P004,UPI
E00980,C0401,19297.53,INVOICE_OVERDUE,Bank_A,E42,P017,WALLET
E00981,C0715,22463.04,PAYMENT_FAILED,Bank_B,E23,P020,CARD
E00982,C0004,3992.12,INVOICE_OVERDUE,Bank_A,E11,P011,CARD
E00983,C0487,23201.05,INVOICE_OVERDUE,Bank_D,E17,P003,NETBANKING
E00984,C0761,11906.76,PAYMENT_FAILED,Bank_A,E42,P006,WALLET
E00985,C0982,17040.52,PAYMENT_FAILED,Bank_A,E17,P020,WALLET
E00986,C0226,22198.4,SUBSCRIPTION_FAILED,Bank_C,E11,P005,CARD
E00987,C0987,13921.68,INVOICE_OVERDUE,Bank_C,E42,P015,NETBANKING
E00988,C0714,18412.73,INVOICE_OVERDUE,Bank_C,E42,P010,UPI
E00989,C0919,4385.03,PAYMENT_FAILED,Bank_C,E23,P010,WALLET
E00990,C0833,13567.22,SUBSCRIPTION_FAILED,Bank_A,E42,P020,NETBANKING
E00991,C0673,2705.93,SUBSCRIPTION_FAILED,Bank_A,E42,P008,CARD
E00992,C0213,15106.2,CHECKOUT_ABANDONED,Bank_D,E42,P005,WALLET
E00993,C0569,5896.22,PAYMENT_FAILED,Bank_B,E42,P020,CARD
E00994,C0497,5542.87,INVOICE_OVERDUE,Bank_B,E42,P001,NETBANKING
E00995,C0289,5181.13,CHECKOUT_ABANDONED,Bank_B,E17,P020,NETBANKING
E00996,C0240,22806.06,CHECKOUT_ABANDONED,Bank_B,E11,P012,UPI
E00997,C0097,11591.2,CHECKOUT_ABANDONED,Bank_D,E11,P014,UPI
E00998,C0283,19702.21,CHECKOUT_ABANDONED,Bank_B,E42,P003,CARD
E00999,C0911,17127.09,SUBSCRIPTION_FAILED,Bank_A,E42,P014,UPI
E01000,C0886,13973.88,PAYMENT_FAILED,Bank_A,E42,P012,UPI
E01001,C0839,21026.0,SUBSCRIPTION_FAILED,Bank_D,E17,P002,CARD
E01002,C0521,12871.84,PAYMENT_FAILED,Bank_B,E23,P019,NETBANKING
E01003,C0694,1951.11,PAYMENT_FAILED,Bank_A,E42,P010,WALLET
E01004,C0023,574.89,SUBSCRIPTION_FAILED,Bank_C,E23,P013,CARD
E01005,C0097,5223.31,CHECKOUT_ABANDONED,Bank_A,E42,P020,CARD
E01006,C0784,3469.75,CHECKOUT_ABANDONED,Bank_A,E23,P017,CARD
E01007,C0417,7750.73,PAYMENT_FAILED,Bank_D,E17,P012,CARD
E01008,C0318,13847.98,PAYMENT_FAILED,Bank_C,E17,P012,WALLET
E01009,C0790,9912.33,INVOICE_OVERDUE,Bank_B,E23,P015,CARD
E01010,C0859,10119.14,INVOICE_OVERDUE,Bank_A,E42,P003,CARD
E01011,C0351,12897.77,SUBSCRIPTION_FAILED,Bank_B,E42,P001,UPI
E01012,C0394,14146.55,INVOICE_OVERDUE,Bank_A,E17,P003,CARD
E01013,C0313,8658.92,PAYMENT_FAILED,Bank_A,E42,P004,UPI
E01014,C0096,22249.53,INVOICE_OVERDUE,Bank_A,E42,P011,CARD
E01015,C0872,3970.63,PAYMENT_FAILED,Bank_A,E42,P017,WALLET
E01016,C0358,2242.51,PAYMENT_FAILED,Bank_B,E42,P010,NETBANKING
E01017,C0164,19314.34,SUBSCRIPTION_FAILED,Bank_B,E42,P012,UPI
E01018,C0803,22664.42,CHECKOUT_ABANDONED,Bank_A,E11,P008,UPI
E01019,C0650,6188.84,SUBSCRIPTION_FAILED,Bank_A,E42,P015,WALLET
E01020,C0217,17838.57,CHECKOUT_ABANDONED,Bank_D,E17,P017,WALLET
E01021,C0063,19098.09,PAYMENT_FAILED,Bank_A,E23,P012,NETBANKING
E01022,C0350,22805.24,SUBSCRIPTION_FAILED,Bank_A,E17,P010,UPI
E01023,C0604,1905.92,SUBSCRIPTION_FAILED,Bank_A,E42,P019,NETBANKING
E01024,C0058,18767.28,INVOICE_OVERDUE,Bank_C,E42,P020,WALLET
E01025,C0489,7445.5,CHECKOUT_ABANDONED,Bank_A,E42,P016,UPI
E01026,C0349,3433.51,PAYMENT_FAILED,Bank_C,E23,P003,WALLET
E01027,C0386,6569.57,PAYMENT_FAILED,Bank_C,E17,P020,NETBANKING
E01028,C0471,15409.24,SUBSCRIPTION_FAILED,Bank_A,E23,P007,NETBANKING
E01029,C0600,8805.69,CHECKOUT_ABANDONED,Bank_D,E42,P014,WALLET
E01030,C0165,4478.41,SUBSCRIPTION_FAILED,Bank_D,E11,P017,WALLET
E01031,C0914,16727.44,INVOICE_OVERDUE,Bank_D,E23,P010,NETBANKING
E01032,C0921,3412.37,CHECKOUT_ABANDONED,Bank_A,E42,P008,NETBANKING
E01033,C0939,24179.93,SUBSCRIPTION_FAILED,Bank_A,E42,P005,CARD
E01034,C0449,22052.1,CHECKOUT_ABANDONED,Bank_C,E42,P011,CARD
E01035,C0676,10312.87,CHECKOUT_ABANDONED,Bank_B,E11,P003,UPI
E01036,C0630,18333.17,SUBSCRIPTION_FAILED,Bank_B,E23,P003,CARD
E01037,C0822,20150.46,CHECKOUT_ABANDONED,Bank_D,E23,P004,NETBANKING
E01038,C0980,20129.96,SUBSCRIPTION_FAILED,Bank_B,E23,P007,WALLET
E01039,C0910,3458.61,INVOICE_OVERDUE,Bank_D,E17,P010,NETBANKING
E01040,C0606,9151.19,CHECKOUT_ABANDONED,Bank_C,E11,P017,UPI
E01041,C0670,9899.96,PAYMENT_FAILED,Bank_D,E17,P013,CARD
E01042,C0410,3244.13,PAYMENT_FAILED,Bank_B,E11,P004,WALLET
E01043,C0212,15132.24,CHECKOUT_ABANDONED,Bank_B,E23,P004,CARD
E01044,C0250,13170.03,INVOICE_OVERDUE,Bank_B,E42,P009,CARD
E01045,C0286,9401.12,SUBSCRIPTION_FAILED,Bank_C,E42,P001,UPI
E01046,C0529,24201.56,SUBSCRIPTION_FAILED,Bank_A,E23,P012,WALLET
E01047,C0716,1823.31,CHECKOUT_ABANDONED,Bank_A,E17,P020,CARD
E01048,C0879,8103.6,SUBSCRIPTION_FAILED,Bank_A,E23,P015,WALLET
E01049,C0937,6925.83,CHECKOUT_ABANDONED,Bank_D,E42,P017,UPI
E01050,C0754,19645.12,CHECKOUT_ABANDONED,Bank_B,E23,P019,WALLET
E01051,C0709,5478.95,CHECKOUT_ABANDONED,Bank_C,E42,P019,WALLET
E01052,C0222,684.48,SUBSCRIPTION_FAILED,Bank_C,E17,P002,CARD
E01053,C0831,17657.91,SUBSCRIPTION_FAILED,Bank_C,E42,P010,WALLET
E01054,C0362,12198.61,SUBSCRIPTION_FAILED,Bank_C,E17,P004,CARD
E01055,C0927,20093.83,INVOICE_OVERDUE,Bank_A,E42,P007,WALLET
E01056,C0923,22285.75,PAYMENT_FAILED,Bank_A,E17,P019,UPI
E01057,C0246,5324.65,PAYMENT_FAILED,Bank_A,E42,P010,UPI
E01058,C0888,4066.81,INVOICE_OVERDUE,Bank_A,E23,P017,UPI
E01059,C0670,21328.09,INVOICE_OVERDUE,Bank_B,E23,P006,NETBANKING
E01060,C0365,11219.15,PAYMENT_FAILED,Bank_B,E17,P006,UPI
E01061,C0406,15187.93,CHECKOUT_ABANDONED,Bank_B,E11,P016,CARD
E01062,C0330,1719.43,CHECKOUT_ABANDONED,Bank_B,E42,P010,UPI
E01063,C0199,11804.37,CHECKOUT_ABANDONED,Bank_A,E42,P011,WALLET
E01064,C0127,12719.94,SUBSCRIPTION_FAILED,Bank_B,E17,P007,UPI
E01065,C0920,13584.41,PAYMENT_FAILED,Bank_A,E42,P015,CARD
E01066,C0663,10706.91,SUBSCRIPTION_FAILED,Bank_A,E42,P005,UPI
E01067,C0755,22423.38,SUBSCRIPTION_FAILED,Bank_C,E17,P001,NETBANKING
E01068,C0605,8906.92,SUBSCRIPTION_FAILED,Bank_A,E42,P005,WALLET
E01069,C0358,1097.66,INVOICE_OVERDUE,Bank_A,E42,P007,NETBANKING
E01070,C0301,6402.45,INVOICE_OVERDUE,Bank_A,E42,P004,WALLET
E01071,C0945,15773.99,CHECKOUT_ABANDONED,Bank_A,E23,P011,UPI
E01072,C0475,7004.97,PAYMENT_FAILED,Bank_A,E42,P003,NETBANKING
E01073,C0466,9219.6,CHECKOUT_ABANDONED,Bank_C,E23,P012,NETBANKING
E01074,C0879,12909.46,SUBSCRIPTION_FAILED,Bank_A,E42,P019,NETBANKING
E01075,C0446,9138.16,INVOICE_OVERDUE,Bank_A,E23,P017,CARD
E01076,C0831,22904.29,SUBSCRIPTION_FAILED,Bank_A,E42,P020,CARD
E01077,C0348,13459.27,CHECKOUT_ABANDONED,Bank_C,E17,P015,UPI
E01078,C0552,20030.79,SUBSCRIPTION_FAILED,Bank_A,E42,P019,CARD
E01079,C0507,10637.33,PAYMENT_FAILED,Bank_C,E11,P020,WALLET
E01080,C0198,24286.36,SUBSCRIPTION_FAILED,Bank_A,E17,P007,NETBANKING
E01081,C0495,16907.12,PAYMENT_FAILED,Bank_D,E23,P016,CARD
E01082,C0138,2129.23,CHECKOUT_ABANDONED,Bank_A,E23,P016,CARD
E01083,C0905,14926.87,INVOICE_OVERDUE,Bank_B,E42,P019,NETBANKING
E01084,C0525,7068.89,SUBSCRIPTION_FAILED,Bank_A,E17,P005,NETBANKING
E01085,C0460,7729.61,PAYMENT_FAILED,Bank_D,E11,P003,WALLET
E01086,C0489,7444.33,PAYMENT_FAILED,Bank_D,E17,P009,NETBANKING
E01087,C0508,24277.03,INVOICE_OVERDUE,Bank_A,E42,P010,NETBANKING
E01088,C0270,6730.59,CHECKOUT_ABANDONED,Bank_C,E23,P013,UPI
E01089,C0108,7809.87,INVOICE_OVERDUE,Bank_D,E11,P019,CARD
E01090,C0532,18481.1,PAYMENT_FAILED,Bank_C,E23,P005,UPI
E01091,C0589,1621.23,INVOICE_OVERDUE,Bank_A,E23,P007,WALLET
E01092,C0952,16247.64,SUBSCRIPTION_FAILED,Bank_C,E17,P013,WALLET
E01093,C0514,651.37,INVOICE_OVERDUE,Bank_A,E42,P005,CARD
E01094,C0106,6662.62,CHECKOUT_ABANDONED,Bank_A,E42,P006,NETBANKING
E01095,C0985,11053.95,PAYMENT_FAILED,Bank_A,E42,P016,CARD
E01096,C0717,17726.2,SUBSCRIPTION_FAILED,Bank_C,E42,P006,NETBANKING
E01097,C0846,1570.55,SUBSCRIPTION_FAILED,Bank_A,E42,P015,UPI
E01098,C0260,9272.54,SUBSCRIPTION_FAILED,Bank_D,E17,P003,WALLET
E01099,C0135,5713.39,PAYMENT_FAILED,Bank_B,E17,P009,CARD
E01100,C0596,12569.89,INVOICE_OVERDUE,Bank_C,E23,P018,WALLET
E01101,C0528,18063.27,INVOICE_OVERDUE,Bank_B,E17,P011,UPI
E01102,C0365,2378.84,INVOICE_OVERDUE,Bank_A,E23,P018,UPI
E01103,C0394,8630.96,SUBSCRIPTION_FAILED,Bank_A,E42,P020,WALLET
E01104,C0020,21799.51,INVOICE_OVERDUE,Bank_A,E42,P003,WALLET
E01105,C0617,6495.69,INVOICE_OVERDUE,Bank_C,E17,P010,NETBANKING
E01106,C0309,22908.97,SUBSCRIPTION_FAILED,Bank_B,E42,P008,CARD
E01107,C0695,3410.67,SUBSCRIPTION_FAILED,Bank_A,E17,P011,UPI
E01108,C0275,18712.99,SUBSCRIPTION_FAILED,Bank_C,E42,P007,WALLET
E01109,C0767,22679.2,SUBSCRIPTION_FAILED,Bank_A,E42,P003,UPI
E01110,C0256,10377.9,INVOICE_OVERDUE,Bank_C,E23,P011,CARD
E01111,C0100,11330.09,CHECKOUT_ABANDONED,Bank_A,E42,P014,WALLET
E01112,C0902,22191.67,PAYMENT_FAILED,Bank_D,E42,P008,NETBANKING
E01113,C0403,17720.15,CHECKOUT_ABANDONED,Bank_A,E42,P009,NETBANKING
E01114,C0708,19734.73,PAYMENT_FAILED,Bank_B,E11,P002,WALLET
E01115,C0234,12723.63,INVOICE_OVERDUE,Bank_A,E23,P010,CARD
E01116,C0250,1222.58,CHECKOUT_ABANDONED,Bank_B,E42,P012,CARD
E01117,C0592,6968.39,SUBSCRIPTION_FAILED,Bank_B,E17,P006,UPI
E01118,C0297,20436.54,PAYMENT_FAILED,Bank_C,E23,P016,CARD
E01119,C0777,16605.68,INVOICE_OVERDUE,Bank_B,E23,P014,UPI
E01120,C0613,11476.56,PAYMENT_FAILED,Bank_A,E42,P014,WALLET
E01121,C0740,11538.74,CHECKOUT_ABANDONED,Bank_A,E42,P006,CARD
E01122,C0418,4331.76,CHECKOUT_ABANDONED,Bank_D,E42,P010,WALLET
E01123,C0331,24654.95,CHECKOUT_ABANDONED,Bank_D,E23,P003,UPI
E01124,C0813,1503.79,INVOICE_OVERDUE,Bank_D,E23,P014,UPI
E01125,C0326,2179.91,CHECKOUT_ABANDONED,Bank_A,E42,P007,UPI
E01126,C0533,4216.02,INVOICE_OVERDUE,Bank_C,E11,P017,UPI
E01127,C0228,10453.04,INVOICE_OVERDUE,Bank_C,E11,P001,NETBANKING
E01128,C0842,675.11,INVOICE_OVERDUE,Bank_C,E17,P015,NETBANKING
E01129,C0133,19445.98,CHECKOUT_ABANDONED,Bank_C,E23,P003,UPI
E01130,C0679,19163.63,PAYMENT_FAILED,Bank_D,E42,P002,WALLET
E01131,C0144,14386.56,SUBSCRIPTION_FAILED,Bank_A,E42,P007,UPI
E01132,C0204,19791.47,CHECKOUT_ABANDONED,Bank_D,E42,P003,CARD
E01133,C0314,16765.01,INVOICE_OVERDUE,Bank_B,E42,P011,WALLET
E01134,C0252,8809.2,CHECKOUT_ABANDONED,Bank_B,E42,P004,UPI
E01135,C0467,6945.32,INVOICE_OVERDUE,Bank_D,E11,P006,NETBANKING
E01136,C0335,7578.97,INVOICE_OVERDUE,Bank_D,E17,P016,UPI
E01137,C0117,5258.13,INVOICE_OVERDUE,Bank_B,E11,P018,NETBANKING
E01138,C0612,6095.31,INVOICE_OVERDUE,Bank_C,E42,P015,CARD
E01139,C0476,18949.69,SUBSCRIPTION_FAILED,Bank_A,E42,P019,NETBANKING
E01140,C0832,11573.22,SUBSCRIPTION_FAILED,Bank_A,E42,P007,CARD
E01141,C0688,15604.84,SUBSCRIPTION_FAILED,Bank_A,E23,P007,NETBANKING
E01142,C0867,19780.86,INVOICE_OVERDUE,Bank_C,E17,P005,UPI
E01143,C0727,10198.3,INVOICE_OVERDUE,Bank_B,E23,P013,NETBANKING
E01144,C0436,13461.32,PAYMENT_FAILED,Bank_C,E17,P005,NETBANKING
E01145,C0877,22664.71,SUBSCRIPTION_FAILED,Bank_D,E42,P007,WALLET
E01146,C0813,24387.15,SUBSCRIPTION_FAILED,Bank_A,E42,P005,UPI
E01147,C0832,13654.07,CHECKOUT_ABANDONED,Bank_D,E17,P011,NETBANKING
E01148,C0270,19875.13,INVOICE_OVERDUE,Bank_A,E42,P010,NETBANKING
E01149,C0766,24236.37,PAYMENT_FAILED,Bank_A,E23,P017,CARD
E01150,C0397,8099.59,CHECKOUT_ABANDONED,Bank_B,E11,P013,NETBANKING
E01151,C0105,14793.83,CHECKOUT_ABANDONED,Bank_A,E42,P007,CARD
E01152,C0220,20810.36,SUBSCRIPTION_FAILED,Bank_A,E17,P018,CARD
E01153,C0316,5389.09,CHECKOUT_ABANDONED,Bank_D,E23,P019,NETBANKING
E01154,C0296,11777.59,CHECKOUT_ABANDONED,Bank_A,E23,P018,NETBANKING
E01155,C0305,21137.42,PAYMENT_FAILED,Bank_B,E42,P002,NETBANKING
E01156,C0311,13821.99,PAYMENT_FAILED,Bank_B,E23,P003,CARD
E01157,C0295,13278.77,SUBSCRIPTION_FAILED,Bank_B,E23,P015,CARD
E01158,C0913,8226.98,CHECKOUT_ABANDONED,Bank_C,E42,P006,UPI
E01159,C0068,21797.85,CHECKOUT_ABANDONED,Bank_A,E42,P008,WALLET
E01160,C0477,17310.08,PAYMENT_FAILED,Bank_A,E42,P012,UPI
E01161,C0256,7890.33,CHECKOUT_ABANDONED,Bank_D,E17,P016,CARD
E01162,C0896,6317.2,SUBSCRIPTION_FAILED,Bank_A,E23,P013,CARD
E01163,C0023,19216.74,PAYMENT_FAILED,Bank_C,E42,P002,WALLET
E01164,C0196,20195.86,SUBSCRIPTION_FAILED,Bank_A,E11,P002,WALLET
E01165,C0194,15095.82,SUBSCRIPTION_FAILED,Bank_A,E42,P004,NETBANKING
E01166,C0478,5049.14,CHECKOUT_ABANDONED,Bank_A,E42,P015,WALLET
E01167,C0351,19352.4,INVOICE_OVERDUE,Bank_B,E11,P006,CARD
E01168,C0359,9213.03,CHECKOUT_ABANDONED,Bank_D,E11,P003,UPI
E01169,C0078,23582.36,CHECKOUT_ABANDONED,Bank_A,E42,P010,NETBANKING
E01170,C0598,15528.09,INVOICE_OVERDUE,Bank_B,E11,P014,NETBANKING
E01171,C0008,13238.32,PAYMENT_FAILED,Bank_A,E42,P020,UPI
E01172,C0509,3371.03,INVOICE_OVERDUE,Bank_C,E23,P002,NETBANKING
E01173,C0536,24173.58,SUBSCRIPTION_FAILED,Bank_C,E23,P007,WALLET
E01174,C0386,3317.92,INVOICE_OVERDUE,Bank_A,E23,P017,UPI
E01175,C0050,4709.08,CHECKOUT_ABANDONED,Bank_C,E17,P017,CARD
E01176,C0802,3388.79,INVOICE_OVERDUE,Bank_A,E42,P014,WALLET
E01177,C0251,16564.91,CHECKOUT_ABANDONED,Bank_D,E17,P008,CARD
E01178,C0381,6419.3,PAYMENT_FAILED,Bank_A,E23,P003,UPI
E01179,C0272,18189.6,PAYMENT_FAILED,Bank_C,E11,P016,CARD
E01180,C0253,13922.38,PAYMENT_FAILED,Bank_A,E11,P014,CARD
E01181,C0190,11832.07,SUBSCRIPTION_FAILED,Bank_D,E42,P017,UPI
E01182,C0344,24300.25,INVOICE_OVERDUE,Bank_A,E42,P006,NETBANKING
E01183,C0961,4910.59,SUBSCRIPTION_FAILED,Bank_A,E23,P004,UPI
E01184,C0995,4757.24,CHECKOUT_ABANDONED,Bank_C,E42,P020,UPI
E01185,C0950,10180.59,CHECKOUT_ABANDONED,Bank_B,E11,P002,UPI
E01186,C0576,12265.85,PAYMENT_FAILED,Bank_A,E17,P013,NETBANKING
E01187,C0293,24674.11,PAYMENT_FAILED,Bank_D,E42,P004,WALLET
E01188,C0258,2208.0,PAYMENT_FAILED,Bank_A,E42,P011,UPI
E01189,C0399,3559.98,SUBSCRIPTION_FAILED,Bank_C,E42,P009,WALLET
E01190,C0358,18354.13,SUBSCRIPTION_FAILED,Bank_A,E23,P017,CARD
E01191,C0711,22853.98,INVOICE_OVERDUE,Bank_D,E42,P015,CARD
E01192,C0484,3655.35,INVOICE_OVERDUE,Bank_D,E11,P016,WALLET
E01193,C0824,4495.55,INVOICE_OVERDUE,Bank_A,E42,P004,UPI
E01194,C0303,14157.75,PAYMENT_FAILED,Bank_A,E42,P009,WALLET
E01195,C0485,5314.39,INVOICE_OVERDUE,Bank_A,E11,P012,NETBANKING
E01196,C0014,12119.0,SUBSCRIPTION_FAILED,Bank_A,E42,P010,UPI
E01197,C0399,5494.94,CHECKOUT_ABANDONED,Bank_A,E11,P003,UPI
E01198,C0595,17816.73,PAYMENT_FAILED,Bank_A,E42,P003,WALLET
E01199,C0948,3338.33,SUBSCRIPTION_FAILED,Bank_A,E17,P017,UPI
E01200,C0426,10671.58,INVOICE_OVERDUE,Bank_B,E17,P009,UPI
E01201,C0369,19766.34,SUBSCRIPTION_FAILED,Bank_A,E42,P010,NETBANKING
E01202,C0395,23645.64,INVOICE_OVERDUE,Bank_A,E42,P001,NETBANKING
E01203,C0436,24763.77,SUBSCRIPTION_FAILED,Bank_C,E17,P003,UPI
E01204,C0366,12691.93,SUBSCRIPTION_FAILED,Bank_B,E23,P011,UPI
E01205,C0731,1593.27,PAYMENT_FAILED,Bank_B,E23,P010,WALLET
E01206,C0943,516.01,SUBSCRIPTION_FAILED,Bank_B,E42,P004,CARD
E01207,C0753,20655.89,INVOICE_OVERDUE,Bank_A,E42,P011,CARD
E01208,C0587,9059.23,SUBSCRIPTION_FAILED,Bank_B,E11,P020,CARD
E01209,C0852,14271.68,CHECKOUT_ABANDONED,Bank_B,E42,P020,CARD
E01210,C0278,17240.53,INVOICE_OVERDUE,Bank_C,E11,P011,WALLET
E01211,C0502,10973.89,SUBSCRIPTION_FAILED,Bank_C,E42,P011,NETBANKING
E01212,C0594,24745.42,PAYMENT_FAILED,Bank_C,E11,P007,NETBANKING
E01213,C0122,13522.97,INVOICE_OVERDUE,Bank_D,E11,P004,CARD
E01214,C0168,16414.64,PAYMENT_FAILED,Bank_A,E42,P016,NETBANKING
E01215,C0470,11621.89,SUBSCRIPTION_FAILED,Bank_C,E42,P014,UPI
E01216,C0643,13814.55,INVOICE_OVERDUE,Bank_C,E11,P013,UPI
E01217,C0634,6203.04,PAYMENT_FAILED,Bank_D,E17,P016,UPI
E01218,C0196,11141.31,PAYMENT_FAILED,Bank_C,E11,P012,UPI
E01219,C0625,1595.34,PAYMENT_FAILED,Bank_C,E17,P018,CARD
E01220,C0919,19118.37,PAYMENT_FAILED,Bank_D,E23,P018,WALLET
E01221,C0479,7991.61,PAYMENT_FAILED,Bank_D,E17,P013,NETBANKING
E01222,C0865,24086.93,SUBSCRIPTION_FAILED,Bank_B,E11,P016,WALLET
E01223,C0247,10108.9,PAYMENT_FAILED,Bank_A,E17,P002,CARD
E01224,C0136,1325.05,INVOICE_OVERDUE,Bank_A,E42,P002,WALLET
E01225,C0404,11561.98,INVOICE_OVERDUE,Bank_A,E42,P005,UPI
E01226,C0365,19837.92,SUBSCRIPTION_FAILED,Bank_A,E42,P004,WALLET
E01227,C0576,6870.49,INVOICE_OVERDUE,Bank_B,E17,P002,WALLET
E01228,C0344,15094.62,INVOICE_OVERDUE,Bank_C,E17,P020,NETBANKING
E01229,C0077,9772.73,INVOICE_OVERDUE,Bank_A,E11,P005,NETBANKING
E01230,C0939,21242.92,CHECKOUT_ABANDONED,Bank_A,E42,P003,NETBANKING
E01231,C0614,14020.65,INVOICE_OVERDUE,Bank_D,E11,P015,UPI
E01232,C0122,15033.95,PAYMENT_FAILED,Bank_C,E23,P003,NETBANKING
E01233,C0453,15084.71,INVOICE_OVERDUE,Bank_C,E42,P001,UPI
E01234,C0774,4628.46,PAYMENT_FAILED,Bank_C,E11,P011,WALLET
E01235,C0050,21940.51,INVOICE_OVERDUE,Bank_C,E11,P016,WALLET
E01236,C0067,16444.69,INVOICE_OVERDUE,Bank_A,E42,P011,WALLET
E01237,C0094,15828.47,INVOICE_OVERDUE,Bank_D,E42,P009,CARD
E01238,C0695,6834.31,CHECKOUT_ABANDONED,Bank_B,E42,P014,CARD
E01239,C0065,23261.52,PAYMENT_FAILED,Bank_B,E23,P005,WALLET
E01240,C0902,8623.39,CHECKOUT_ABANDONED,Bank_D,E11,P010,UPI
E01241,C0339,22096.6,PAYMENT_FAILED,Bank_D,E11,P002,NETBANKING
E01242,C0150,4090.68,SUBSCRIPTION_FAILED,Bank_D,E42,P005,CARD
E01243,C0070,13394.61,INVOICE_OVERDUE,Bank_A,E23,P004,WALLET
E01244,C0060,6295.12,PAYMENT_FAILED,Bank_A,E17,P017,CARD
E01245,C0989,5135.49,SUBSCRIPTION_FAILED,Bank_B,E42,P018,WALLET
E01246,C0474,16362.82,SUBSCRIPTION_FAILED,Bank_A,E42,P020,CARD
E01247,C0964,8509.72,PAYMENT_FAILED,Bank_B,E11,P009,NETBANKING
E01248,C0926,12720.21,SUBSCRIPTION_FAILED,Bank_A,E42,P007,UPI
E01249,C0416,9804.08,SUBSCRIPTION_FAILED,Bank_B,E42,P015,NETBANKING
E01250,C0961,16098.05,CHECKOUT_ABANDONED,Bank_A,E42,P010,UPI
E01251,C0009,2179.75,INVOICE_OVERDUE,Bank_B,E11,P013,WALLET
E01252,C0696,11642.34,CHECKOUT_ABANDONED,Bank_A,E42,P001,CARD
E01253,C0594,10446.72,CHECKOUT_ABANDONED,Bank_A,E42,P012,NETBANKING
E01254,C0738,19911.28,PAYMENT_FAILED,Bank_D,E17,P018,NETBANKING
E01255,C0597,21246.65,SUBSCRIPTION_FAILED,Bank_A,E42,P010,NETBANKING
E01256,C0850,3807.96,CHECKOUT_ABANDONED,Bank_A,E42,P009,WALLET
E01257,C0749,23513.71,SUBSCRIPTION_FAILED,Bank_A,E23,P008,CARD
E01258,C0212,10692.19,SUBSCRIPTION_FAILED,Bank_D,E42,P009,CARD
E01259,C0979,12619.31,CHECKOUT_ABANDONED,Bank_C,E17,P001,CARD
E01260,C0219,12818.52,CHECKOUT_ABANDONED,Bank_A,E11,P014,WALLET
E01261,C0521,16634.67,SUBSCRIPTION_FAILED,Bank_C,E11,P007,UPI
E01262,C0146,21927.07,PAYMENT_FAILED,Bank_A,E42,P008,UPI
E01263,C0787,15652.61,INVOICE_OVERDUE,Bank_B,E42,P010,NETBANKING
E01264,C0676,18992.85,INVOICE_OVERDUE,Bank_A,E42,P020,WALLET
E01265,C0462,4320.5,SUBSCRIPTION_FAILED,Bank_B,E17,P016,CARD
E01266,C0347,13208.72,SUBSCRIPTION_FAILED,Bank_A,E42,P007,UPI
E01267,C0586,14128.6,CHECKOUT_ABANDONED,Bank_C,E23,P008,NETBANKING
E01268,C0224,14280.03,SUBSCRIPTION_FAILED,Bank_C,E11,P008,WALLET
E01269,C0404,18692.47,PAYMENT_FAILED,Bank_D,E23,P002,CARD
E01270,C0368,3778.22,INVOICE_OVERDUE,Bank_C,E17,P015,NETBANKING
E01271,C0377,4049.49,INVOICE_OVERDUE,Bank_A,E42,P017,NETBANKING
E01272,C0710,3063.52,SUBSCRIPTION_FAILED,Bank_B,E23,P003,NETBANKING
E01273,C0282,6579.7,CHECKOUT_ABANDONED,Bank_A,E42,P013,NETBANKING
E01274,C0494,12479.98,CHECKOUT_ABANDONED,Bank_B,E23,P017,CARD
E01275,C0859,1266.8,INVOICE_OVERDUE,Bank_C,E42,P006,WALLET
E01276,C0105,16385.05,INVOICE_OVERDUE,Bank_D,E11,P006,CARD
E01277,C0238,4946.1,SUBSCRIPTION_FAILED,Bank_A,E42,P013,NETBANKING
E01278,C0370,9201.02,CHECKOUT_ABANDONED,Bank_A,E42,P013,NETBANKING
E01279,C0540,21765.06,CHECKOUT_ABANDONED,Bank_B,E23,P004,WALLET
E01280,C0169,24933.83,INVOICE_OVERDUE,Bank_A,E42,P010,CARD
E01281,C0232,18910.9,SUBSCRIPTION_FAILED,Bank_A,E42,P006,UPI
E01282,C0984,16854.53,CHECKOUT_ABANDONED,Bank_B,E42,P015,WALLET
E01283,C0585,6191.2,PAYMENT_FAILED,Bank_D,E42,P018,CARD
E01284,C0707,9003.68,CHECKOUT_ABANDONED,Bank_A,E23,P008,NETBANKING
E01285,C0455,13654.82,PAYMENT_FAILED,Bank_B,E17,P016,UPI
E01286,C0787,20377.24,SUBSCRIPTION_FAILED,Bank_B,E17,P003,UPI
E01287,C0122,11446.1,CHECKOUT_ABANDONED,Bank_A,E42,P018,UPI
E01288,C0495,18086.18,SUBSCRIPTION_FAILED,Bank_C,E23,P011,UPI
E01289,C0078,18083.08,CHECKOUT_ABANDONED,Bank_A,E42,P002,NETBANKING
E01290,C0707,15044.24,PAYMENT_FAILED,Bank_D,E42,P002,UPI
E01291,C0916,1296.39,CHECKOUT_ABANDONED,Bank_C,E23,P018,UPI
E01292,C0011,12856.89,SUBSCRIPTION_FAILED,Bank_A,E42,P004,UPI
E01293,C0465,18236.48,PAYMENT_FAILED,Bank_D,E23,P009,CARD
E01294,C0660,6215.97,PAYMENT_FAILED,Bank_C,E17,P015,CARD
E01295,C0915,18306.19,CHECKOUT_ABANDONED,Bank_B,E42,P016,CARD
E01296,C0758,22202.9,CHECKOUT_ABANDONED,Bank_A,E42,P002,UPI
E01297,C0135,6681.75,INVOICE_OVERDUE,Bank_D,E11,P005,NETBANKING
E01298,C0954,24525.72,INVOICE_OVERDUE,Bank_B,E11,P006,UPI
E01299,C0962,21403.48,PAYMENT_FAILED,Bank_D,E11,P020,NETBANKING
E01300,C0925,16794.77,PAYMENT_FAILED,Bank_C,E42,P019,NETBANKING
E01301,C0568,16500.08,PAYMENT_FAILED,Bank_C,E17,P012,WALLET
E01302,C0228,10097.08,PAYMENT_FAILED,Bank_A,E42,P020,NETBANKING
E01303,C0053,9162.43,SUBSCRIPTION_FAILED,Bank_C,E23,P003,NETBANKING
E01304,C0774,18037.53,SUBSCRIPTION_FAILED,Bank_B,E11,P012,UPI
E01305,C0273,8428.01,SUBSCRIPTION_FAILED,Bank_A,E42,P008,WALLET
E01306,C0717,21200.12,CHECKOUT_ABANDONED,Bank_D,E42,P019,NETBANKING
E01307,C0279,13109.48,SUBSCRIPTION_FAILED,Bank_C,E11,P018,WALLET
E01308,C0363,11898.5,INVOICE_OVERDUE,Bank_A,E42,P015,WALLET
E01309,C0830,22729.56,INVOICE_OVERDUE,Bank_A,E42,P020,UPI
E01310,C0468,7896.34,CHECKOUT_ABANDONED,Bank_A,E42,P020,CARD
E01311,C0899,13089.97,SUBSCRIPTION_FAILED,Bank_A,E23,P008,WALLET
E01312,C0328,9326.63,SUBSCRIPTION_FAILED,Bank_D,E11,P016,UPI
E01313,C0035,22137.84,PAYMENT_FAILED,Bank_A,E17,P017,CARD
E01314,C0946,21903.28,CHECKOUT_ABANDONED,Bank_D,E17,P016,NETBANKING
E01315,C0664,24900.79,INVOICE_OVERDUE,Bank_A,E42,P019,NETBANKING
E01316,C0455,12202.49,INVOICE_OVERDUE,Bank_A,E42,P011,NETBANKING
E01317,C0503,12545.33,SUBSCRIPTION_FAILED,Bank_A,E17,P004,NETBANKING
E01318,C0325,9793.63,SUBSCRIPTION_FAILED,Bank_A,E42,P007,NETBANKING
E01319,C0797,10817.55,PAYMENT_FAILED,Bank_D,E42,P013,WALLET
E01320,C0285,6255.92,INVOICE_OVERDUE,Bank_A,E23,P011,NETBANKING
E01321,C0001,1115.46,CHECKOUT_ABANDONED,Bank_C,E11,P011,NETBANKING
E01322,C0566,11803.79,INVOICE_OVERDUE,Bank_B,E11,P014,NETBANKING
E01323,C0733,8165.12,PAYMENT_FAILED,Bank_A,E11,P012,NETBANKING
E01324,C0396,9228.04,INVOICE_OVERDUE,Bank_A,E42,P012,NETBANKING
E01325,C0403,7528.64,INVOICE_OVERDUE,Bank_A,E42,P008,WALLET
E01326,C0803,24196.56,INVOICE_OVERDUE,Bank_A,E42,P008,UPI
E01327,C0700,20415.72,INVOICE_OVERDUE,Bank_B,E17,P001,UPI
E01328,C0168,21006.03,SUBSCRIPTION_FAILED,Bank_C,E17,P015,NETBANKING
E01329,C0956,3155.41,SUBSCRIPTION_FAILED,Bank_D,E17,P012,CARD
E01330,C0554,5236.45,CHECKOUT_ABANDONED,Bank_D,E17,P003,NETBANKING
E01331,C0060,22146.42,SUBSCRIPTION_FAILED,Bank_A,E42,P008,CARD
E01332,C0111,901.18,PAYMENT_FAILED,Bank_D,E11,P012,UPI
E01333,C0548,20075.12,INVOICE_OVERDUE,Bank_A,E11,P003,NETBANKING
E01334,C0650,7956.89,INVOICE_OVERDUE,Bank_C,E17,P006,WALLET
E01335,C0078,24612.5,SUBSCRIPTION_FAILED,Bank_B,E17,P018,CARD
E01336,C0383,12834.2,SUBSCRIPTION_FAILED,Bank_D,E17,P013,UPI
E01337,C0757,17260.23,SUBSCRIPTION_FAILED,Bank_B,E11,P003,UPI
E01338,C0125,10654.18,CHECKOUT_ABANDONED,Bank_A,E17,P020,UPI
E01339,C0865,3291.77,SUBSCRIPTION_FAILED,Bank_B,E23,P004,CARD
E01340,C0073,7464.97,INVOICE_OVERDUE,Bank_B,E42,P007,CARD
E01341,C0825,2040.98,SUBSCRIPTION_FAILED,Bank_A,E23,P002,CARD
E01342,C0871,4330.66,SUBSCRIPTION_FAILED,Bank_A,E17,P020,NETBANKING
E01343,C0716,16753.02,PAYMENT_FAILED,Bank_A,E23,P005,CARD
E01344,C0860,22090.11,CHECKOUT_ABANDONED,Bank_A,E42,P003,NETBANKING
E01345,C0160,20759.03,SUBSCRIPTION_FAILED,Bank_B,E11,P004,WALLET
E01346,C0453,12385.0,CHECKOUT_ABANDONED,Bank_C,E42,P007,NETBANKING
E01347,C0474,24717.25,INVOICE_OVERDUE,Bank_B,E42,P017,UPI
E01348,C0474,5550.41,SUBSCRIPTION_FAILED,Bank_C,E42,P008,NETBANKING
E01349,C0528,14086.14,CHECKOUT_ABANDONED,Bank_D,E42,P006,UPI
E01350,C0373,17021.97,SUBSCRIPTION_FAILED,Bank_A,E42,P014,CARD
E01351,C0541,23027.04,SUBSCRIPTION_FAILED,Bank_B,E11,P020,UPI
E01352,C0481,24047.23,CHECKOUT_ABANDONED,Bank_C,E17,P013,WALLET
E01353,C1000,3412.14,PAYMENT_FAILED,Bank_B,E17,P006,CARD
E01354,C0303,19515.91,CHECKOUT_ABANDONED,Bank_A,E42,P016,CARD
E01355,C0935,3797.41,PAYMENT_FAILED,Bank_C,E42,P016,WALLET
E01356,C0650,3450.45,SUBSCRIPTION_FAILED,Bank_A,E23,P015,UPI
E01357,C0778,18785.02,PAYMENT_FAILED,Bank_B,E42,P001,UPI
E01358,C0094,22123.76,CHECKOUT_ABANDONED,Bank_C,E17,P018,UPI
E01359,C0612,14349.87,INVOICE_OVERDUE,Bank_A,E42,P011,NETBANKING
E01360,C0880,8285.72,CHECKOUT_ABANDONED,Bank_C,E17,P005,WALLET
E01361,C0558,17256.05,PAYMENT_FAILED,Bank_D,E23,P007,WALLET
E01362,C0749,12242.2,SUBSCRIPTION_FAILED,Bank_B,E11,P013,WALLET
E01363,C0095,4456.95,SUBSCRIPTION_FAILED,Bank_D,E23,P013,WALLET
E01364,C0947,10079.01,CHECKOUT_ABANDONED,Bank_D,E17,P003,UPI
E01365,C0156,3382.75,SUBSCRIPTION_FAILED,Bank_B,E23,P010,UPI
E01366,C0927,5971.49,SUBSCRIPTION_FAILED,Bank_C,E17,P011,NETBANKING
E01367,C0594,3236.74,PAYMENT_FAILED,Bank_B,E17,P003,CARD
E01368,C0766,2642.87,CHECKOUT_ABANDONED,Bank_C,E11,P014,UPI
E01369,C0380,11356.36,SUBSCRIPTION_FAILED,Bank_D,E17,P009,WALLET
E01370,C0151,13299.72,CHECKOUT_ABANDONED,Bank_A,E42,P006,NETBANKING
E01371,C0864,820.57,INVOICE_OVERDUE,Bank_C,E11,P020,WALLET
E01372,C0050,5459.03,SUBSCRIPTION_FAILED,Bank_B,E11,P009,WALLET
E01373,C0601,10553.41,CHECKOUT_ABANDONED,Bank_C,E17,P019,CARD
E01374,C0251,7521.75,INVOICE_OVERDUE,Bank_B,E42,P004,UPI
E01375,C0171,19956.73,CHECKOUT_ABANDONED,Bank_A,E23,P012,NETBANKING
E01376,C0002,8401.31,SUBSCRIPTION_FAILED,Bank_B,E17,P010,UPI
E01377,C0879,17438.41,PAYMENT_FAILED,Bank_D,E23,P005,NETBANKING
E01378,C0183,2264.69,INVOICE_OVERDUE,Bank_A,E42,P008,NETBANKING
E01379,C0459,21688.46,INVOICE_OVERDUE,Bank_B,E17,P020,CARD
E01380,C0191,5696.59,PAYMENT_FAILED,Bank_A,E42,P015,WALLET
E01381,C0030,14799.69,INVOICE_OVERDUE,Bank_A,E42,P012,WALLET
E01382,C0170,4358.71,INVOICE_OVERDUE,Bank_A,E42,P006,UPI
E01383,C0754,5887.73,CHECKOUT_ABANDONED,Bank_B,E11,P015,UPI
E01384,C0523,11880.16,CHECKOUT_ABANDONED,Bank_A,E17,P012,WALLET
E01385,C0453,24613.66,PAYMENT_FAILED,Bank_A,E11,P009,UPI
E01386,C0992,19276.69,PAYMENT_FAILED,Bank_D,E17,P008,CARD
E01387,C0334,5779.78,CHECKOUT_ABANDONED,Bank_A,E17,P014,WALLET
E01388,C0049,19836.76,SUBSCRIPTION_FAILED,Bank_C,E17,P012,WALLET
E01389,C0252,21854.53,INVOICE_OVERDUE,Bank_A,E11,P015,NETBANKING
E01390,C0866,6474.99,CHECKOUT_ABANDONED,Bank_B,E11,P007,CARD
E01391,C0332,3948.62,PAYMENT_FAILED,Bank_A,E42,P011,CARD
E01392,C0424,4673.92,INVOICE_OVERDUE,Bank_C,E23,P006,NETBANKING
E01393,C0725,23910.28,SUBSCRIPTION_FAILED,Bank_D,E11,P009,NETBANKING
E01394,C0404,23730.83,INVOICE_OVERDUE,Bank_A,E42,P014,UPI
E01395,C0317,8645.02,INVOICE_OVERDUE,Bank_A,E17,P009,WALLET
E01396,C0089,16791.53,PAYMENT_FAILED,Bank_C,E11,P018,CARD
E01397,C0194,8127.78,SUBSCRIPTION_FAILED,Bank_A,E11,P014,UPI
E01398,C0606,8756.35,CHECKOUT_ABANDONED,Bank_D,E42,P010,WALLET
E01399,C0202,11671.7,CHECKOUT_ABANDONED,Bank_C,E42,P006,UPI
E01400,C0570,15858.38,PAYMENT_FAILED,Bank_C,E17,P018,CARD
E01401,C0622,13746.65,CHECKOUT_ABANDONED,Bank_A,E42,P016,CARD
E01402,C0333,3040.55,PAYMENT_FAILED,Bank_B,E17,P003,UPI
E01403,C0552,12535.08,INVOICE_OVERDUE,Bank_B,E23,P007,UPI
E01404,C0909,15916.95,INVOICE_OVERDUE,Bank_C,E17,P002,NETBANKING
E01405,C0408,8046.21,PAYMENT_FAILED,Bank_A,E42,P019,UPI
E01406,C0066,10459.5,PAYMENT_FAILED,Bank_C,E17,P007,WALLET
E01407,C0857,2992.07,CHECKOUT_ABANDONED,Bank_A,E42,P013,CARD
E01408,C0910,7195.33,INVOICE_OVERDUE,Bank_C,E11,P017,CARD
E01409,C0692,12398.4,INVOICE_OVERDUE,Bank_B,E23,P016,NETBANKING
E01410,C0886,24916.66,SUBSCRIPTION_FAILED,Bank_B,E42,P019,NETBANKING
E01411,C0512,12640.61,PAYMENT_FAILED,Bank_B,E17,P019,CARD
E01412,C0796,19993.28,PAYMENT_FAILED,Bank_D,E23,P016,NETBANKING
E01413,C0271,9169.22,SUBSCRIPTION_FAILED,Bank_C,E17,P019,UPI
E01414,C0885,11907.44,CHECKOUT_ABANDONED,Bank_D,E23,P016,CARD
E01415,C0392,18213.91,CHECKOUT_ABANDONED,Bank_A,E42,P006,CARD
E01416,C0678,18285.53,CHECKOUT_ABANDONED,Bank_D,E17,P011,WALLET
E01417,C0773,1403.71,INVOICE_OVERDUE,Bank_C,E23,P020,NETBANKING
E01418,C0895,15950.38,CHECKOUT_ABANDONED,Bank_A,E42,P017,CARD
E01419,C0514,9646.54,INVOICE_OVERDUE,Bank_A,E42,P011,NETBANKING
E01420,C0987,1199.18,PAYMENT_FAILED,Bank_A,E42,P013,NETBANKING
E01421,C0624,24416.82,INVOICE_OVERDUE,Bank_D,E23,P014,NETBANKING
E01422,C0380,10816.34,CHECKOUT_ABANDONED,Bank_A,E17,P003,UPI
E01423,C0557,1220.11,INVOICE_OVERDUE,Bank_A,E11,P012,WALLET
E01424,C0929,2179.34,INVOICE_OVERDUE,Bank_C,E42,P017,WALLET
E01425,C0874,23074.44,SUBSCRIPTION_FAILED,Bank_A,E17,P014,WALLET
E01426,C0375,21728.62,SUBSCRIPTION_FAILED,Bank_A,E42,P011,CARD
E01427,C0114,3602.14,PAYMENT_FAILED,Bank_A,E42,P020,CARD
E01428,C0062,17823.72,PAYMENT_FAILED,Bank_C,E23,P007,CARD
E01429,C0013,20888.79,SUBSCRIPTION_FAILED,Bank_A,E23,P007,WALLET
E01430,C0259,23099.74,INVOICE_OVERDUE,Bank_D,E11,P015,CARD
E01431,C0443,14553.03,CHECKOUT_ABANDONED,Bank_B,E23,P013,UPI
E01432,C0180,13289.86,SUBSCRIPTION_FAILED,Bank_D,E11,P003,UPI
E01433,C0313,3590.16,CHECKOUT_ABANDONED,Bank_A,E42,P018,WALLET
E01434,C0919,3355.09,SUBSCRIPTION_FAILED,Bank_A,E23,P005,NETBANKING
E01435,C0679,6316.02,INVOICE_OVERDUE,Bank_A,E11,P017,NETBANKING
E01436,C0159,5102.0,PAYMENT_FAILED,Bank_C,E42,P010,CARD
E01437,C0401,2225.58,INVOICE_OVERDUE,Bank_D,E23,P017,NETBANKING
E01438,C0393,2011.08,CHECKOUT_ABANDONED,Bank_C,E17,P008,WALLET
E01439,C0841,23252.84,INVOICE_OVERDUE,Bank_A,E42,P008,UPI
E01440,C0321,15311.83,INVOICE_OVERDUE,Bank_D,E17,P017,NETBANKING
E01441,C0781,8330.6,INVOICE_OVERDUE,Bank_A,E11,P019,CARD
E01442,C0933,13382.26,SUBSCRIPTION_FAILED,Bank_C,E23,P014,WALLET
E01443,C0398,10216.2,CHECKOUT_ABANDONED,Bank_A,E17,P017,NETBANKING
E01444,C0947,21535.72,CHECKOUT_ABANDONED,Bank_A,E42,P002,NETBANKING
E01445,C0710,10752.48,INVOICE_OVERDUE,Bank_D,E17,P015,WALLET
E01446,C0661,6371.62,INVOICE_OVERDUE,Bank_D,E11,P018,CARD
E01447,C0760,20427.51,SUBSCRIPTION_FAILED,Bank_C,E11,P001,WALLET
E01448,C0188,3529.49,PAYMENT_FAILED,Bank_B,E17,P020,WALLET
E01449,C0059,19744.02,PAYMENT_FAILED,Bank_D,E42,P013,CARD
E01450,C0417,8262.73,INVOICE_OVERDUE,Bank_D,E11,P009,CARD
E01451,C0420,502.22,CHECKOUT_ABANDONED,Bank_A,E42,P005,UPI
E01452,C0893,24589.32,SUBSCRIPTION_FAILED,Bank_A,E23,P014,CARD
E01453,C0962,18008.66,PAYMENT_FAILED,Bank_A,E42,P002,UPI
E01454,C0500,5908.73,SUBSCRIPTION_FAILED,Bank_C,E17,P010,UPI
E01455,C0324,15716.7,INVOICE_OVERDUE,Bank_C,E23,P014,UPI
E01456,C0876,907.82,CHECKOUT_ABANDONED,Bank_D,E11,P011,UPI
E01457,C0200,1596.21,PAYMENT_FAILED,Bank_A,E11,P012,CARD
E01458,C0392,16360.11,CHECKOUT_ABANDONED,Bank_A,E42,P003,CARD
E01459,C0169,17286.53,INVOICE_OVERDUE,Bank_C,E42,P001,UPI
E01460,C0197,13156.86,SUBSCRIPTION_FAILED,Bank_C,E23,P006,CARD
E01461,C0050,12264.08,SUBSCRIPTION_FAILED,Bank_D,E17,P001,WALLET
E01462,C0625,859.59,CHECKOUT_ABANDONED,Bank_C,E42,P002,NETBANKING
E01463,C0551,20790.04,PAYMENT_FAILED,Bank_A,E42,P005,NETBANKING
E01464,C0093,21522.87,CHECKOUT_ABANDONED,Bank_A,E42,P017,WALLET
E01465,C0822,8701.75,INVOICE_OVERDUE,Bank_B,E11,P009,CARD
E01466,C0723,18071.57,SUBSCRIPTION_FAILED,Bank_A,E42,P003,WALLET
E01467,C0440,24643.23,CHECKOUT_ABANDONED,Bank_A,E42,P006,UPI
E01468,C0910,19334.18,INVOICE_OVERDUE,Bank_D,E23,P017,CARD
E01469,C0259,22289.49,SUBSCRIPTION_FAILED,Bank_C,E17,P001,CARD
E01470,C0046,24886.85,CHECKOUT_ABANDONED,Bank_B,E17,P009,NETBANKING
E01471,C0914,9679.08,INVOICE_OVERDUE,Bank_A,E42,P002,UPI
E01472,C0738,11052.41,INVOICE_OVERDUE,Bank_B,E17,P014,CARD
E01473,C0532,509.01,SUBSCRIPTION_FAILED,Bank_A,E11,P006,CARD
E01474,C0280,24089.06,PAYMENT_FAILED,Bank_D,E23,P009,CARD
E01475,C0898,21031.39,PAYMENT_FAILED,Bank_A,E42,P019,CARD
E01476,C0660,12232.15,SUBSCRIPTION_FAILED,Bank_D,E42,P001,UPI
E01477,C0733,8005.64,CHECKOUT_ABANDONED,Bank_B,E23,P001,CARD
E01478,C0246,5927.85,INVOICE_OVERDUE,Bank_A,E23,P012,NETBANKING
E01479,C0311,20520.51,INVOICE_OVERDUE,Bank_A,E23,P012,NETBANKING
E01480,C0008,6213.33,INVOICE_OVERDUE,Bank_C,E17,P016,UPI
E01481,C0772,8793.54,CHECKOUT_ABANDONED,Bank_D,E23,P008,CARD
E01482,C0571,15041.08,SUBSCRIPTION_FAILED,Bank_C,E23,P008,WALLET
E01483,C0121,15818.72,PAYMENT_FAILED,Bank_B,E23,P019,NETBANKING
E01484,C0192,21786.07,PAYMENT_FAILED,Bank_D,E17,P013,UPI
E01485,C0539,23993.45,INVOICE_OVERDUE,Bank_A,E42,P003,WALLET
E01486,C0337,8885.41,INVOICE_OVERDUE,Bank_A,E42,P014,WALLET
E01487,C0642,6148.19,CHECKOUT_ABANDONED,Bank_B,E42,P020,UPI
E01488,C0653,20901.36,PAYMENT_FAILED,Bank_C,E42,P007,UPI
E01489,C0594,17648.43,INVOICE_OVERDUE,Bank_A,E23,P013,UPI
E01490,C0280,9225.46,SUBSCRIPTION_FAILED,Bank_C,E42,P019,NETBANKING
E01491,C0945,7892.75,INVOICE_OVERDUE,Bank_A,E42,P011,WALLET
E01492,C0697,6794.05,INVOICE_OVERDUE,Bank_A,E42,P019,NETBANKING
E01493,C0661,22405.37,CHECKOUT_ABANDONED,Bank_D,E42,P013,CARD
E01494,C0419,15151.38,SUBSCRIPTION_FAILED,Bank_A,E42,P018,CARD
E01495,C0005,13610.95,CHECKOUT_ABANDONED,Bank_D,E11,P017,NETBANKING
E01496,C0929,21505.98,SUBSCRIPTION_FAILED,Bank_C,E42,P010,WALLET
E01497,C0137,11821.22,INVOICE_OVERDUE,Bank_B,E17,P006,NETBANKING
E01498,C0324,12725.41,SUBSCRIPTION_FAILED,Bank_A,E42,P015,CARD
E01499,C0097,9497.04,CHECKOUT_ABANDONED,Bank_A,E42,P016,CARD
E01500,C0641,17877.14,CHECKOUT_ABANDONED,Bank_A,E23,P001,WALLET
E01501,C0540,6407.78,CHECKOUT_ABANDONED,Bank_D,E11,P004,WALLET
E01502,C0670,20496.74,PAYMENT_FAILED,Bank_C,E42,P008,WALLET
E01503,C0043,18720.06,PAYMENT_FAILED,Bank_D,E23,P017,WALLET
E01504,C0045,20109.63,PAYMENT_FAILED,Bank_C,E17,P007,NETBANKING
E01505,C0803,15052.63,CHECKOUT_ABANDONED,Bank_D,E23,P006,NETBANKING
E01506,C0816,644.63,PAYMENT_FAILED,Bank_A,E17,P019,NETBANKING
E01507,C0464,5503.43,INVOICE_OVERDUE,Bank_D,E23,P014,WALLET
E01508,C0594,10976.94,PAYMENT_FAILED,Bank_D,E42,P015,WALLET
E01509,C0130,23456.01,SUBSCRIPTION_FAILED,Bank_A,E11,P009,CARD
E01510,C0772,17937.55,CHECKOUT_ABANDONED,Bank_A,E23,P006,NETBANKING
E01511,C0508,19121.12,INVOICE_OVERDUE,Bank_B,E42,P004,CARD
E01512,C0088,16661.15,SUBSCRIPTION_FAILED,Bank_A,E11,P010,UPI
E01513,C0575,19667.27,CHECKOUT_ABANDONED,Bank_A,E42,P005,NETBANKING
E01514,C0554,13051.6,CHECKOUT_ABANDONED,Bank_B,E23,P015,CARD
E01515,C0211,16076.92,SUBSCRIPTION_FAILED,Bank_A,E42,P008,CARD
E01516,C0181,8967.47,CHECKOUT_ABANDONED,Bank_A,E42,P003,CARD
E01517,C0600,563.95,CHECKOUT_ABANDONED,Bank_B,E23,P019,WALLET
E01518,C0435,17573.89,PAYMENT_FAILED,Bank_B,E42,P011,UPI
E01519,C0427,3003.37,SUBSCRIPTION_FAILED,Bank_C,E42,P011,UPI
E01520,C0538,5520.9,CHECKOUT_ABANDONED,Bank_B,E17,P019,UPI
E01521,C0004,11668.69,PAYMENT_FAILED,Bank_A,E42,P016,UPI
E01522,C0311,1547.8,PAYMENT_FAILED,Bank_A,E17,P007,CARD
E01523,C0182,7720.9,SUBSCRIPTION_FAILED,Bank_C,E42,P019,NETBANKING
E01524,C0111,22867.1,INVOICE_OVERDUE,Bank_C,E42,P005,UPI
E01525,C0491,21335.57,INVOICE_OVERDUE,Bank_A,E17,P011,WALLET
E01526,C0252,15741.55,CHECKOUT_ABANDONED,Bank_D,E11,P005,CARD
E01527,C0691,17289.12,INVOICE_OVERDUE,Bank_C,E42,P010,NETBANKING
E01528,C0466,23037.68,PAYMENT_FAILED,Bank_A,E17,P015,CARD
E01529,C0935,11301.83,PAYMENT_FAILED,Bank_D,E42,P003,UPI
E01530,C0128,1643.58,SUBSCRIPTION_FAILED,Bank_D,E11,P016,NETBANKING
E01531,C0649,1083.3,CHECKOUT_ABANDONED,Bank_D,E17,P016,WALLET
E01532,C0070,24811.99,INVOICE_OVERDUE,Bank_A,E11,P012,CARD
E01533,C0608,16470.01,CHECKOUT_ABANDONED,Bank_B,E23,P006,NETBANKING
E01534,C0391,12554.48,SUBSCRIPTION_FAILED,Bank_A,E42,P019,NETBANKING
E01535,C0820,23394.27,PAYMENT_FAILED,Bank_A,E42,P003,CARD
E01536,C0056,7324.05,INVOICE_OVERDUE,Bank_B,E11,P003,CARD
E01537,C0105,15012.73,CHECKOUT_ABANDONED,Bank_B,E17,P008,UPI
E01538,C0904,14660.08,INVOICE_OVERDUE,Bank_D,E17,P004,CARD
E01539,C0052,13440.64,CHECKOUT_ABANDONED,Bank_C,E17,P006,UPI
E01540,C0215,6017.84,SUBSCRIPTION_FAILED,Bank_A,E42,P009,UPI
E01541,C0144,23299.17,INVOICE_OVERDUE,Bank_A,E42,P005,NETBANKING
E01542,C0792,17106.23,CHECKOUT_ABANDONED,Bank_D,E23,P005,NETBANKING
E01543,C0987,3403.5,PAYMENT_FAILED,Bank_B,E23,P002,UPI
E01544,C0188,14375.03,SUBSCRIPTION_FAILED,Bank_A,E11,P020,NETBANKING
E01545,C0259,22929.57,SUBSCRIPTION_FAILED,Bank_A,E17,P018,NETBANKING
E01546,C0508,15548.39,SUBSCRIPTION_FAILED,Bank_A,E11,P013,NETBANKING
E01547,C0851,23627.1,PAYMENT_FAILED,Bank_B,E42,P013,CARD
E01548,C0605,2532.58,INVOICE_OVERDUE,Bank_A,E42,P020,WALLET
E01549,C0800,16268.12,INVOICE_OVERDUE,Bank_A,E42,P019,WALLET
E01550,C0839,20617.52,PAYMENT_FAILED,Bank_B,E42,P013,CARD
E01551,C0994,2936.1,SUBSCRIPTION_FAILED,Bank_A,E42,P015,UPI
E01552,C0872,12661.49,PAYMENT_FAILED,Bank_B,E23,P010,WALLET
E01553,C0413,14605.04,CHECKOUT_ABANDONED,Bank_B,E23,P012,UPI
E01554,C0256,11246.41,CHECKOUT_ABANDONED,Bank_A,E17,P005,WALLET
E01555,C0684,14472.62,CHECKOUT_ABANDONED,Bank_B,E23,P004,UPI
E01556,C0239,16000.83,SUBSCRIPTION_FAILED,Bank_C,E17,P011,CARD
E01557,C0168,21246.11,PAYMENT_FAILED,Bank_B,E42,P019,CARD
E01558,C0827,7948.72,SUBSCRIPTION_FAILED,Bank_A,E42,P020,UPI
E01559,C0027,9992.91,PAYMENT_FAILED,Bank_B,E42,P006,CARD
E01560,C0986,13291.65,INVOICE_OVERDUE,Bank_B,E11,P001,UPI
E01561,C0480,6371.4,CHECKOUT_ABANDONED,Bank_A,E42,P016,UPI
E01562,C0312,17775.62,CHECKOUT_ABANDONED,Bank_A,E42,P011,UPI
E01563,C0481,4659.75,INVOICE_OVERDUE,Bank_A,E42,P012,WALLET
E01564,C0417,17550.8,PAYMENT_FAILED,Bank_C,E42,P015,CARD
E01565,C0631,18586.43,PAYMENT_FAILED,Bank_A,E11,P017,UPI
E01566,C0560,6838.09,SUBSCRIPTION_FAILED,Bank_B,E17,P010,NETBANKING
E01567,C0229,4267.22,PAYMENT_FAILED,Bank_A,E42,P011,CARD
E01568,C0231,17287.57,INVOICE_OVERDUE,Bank_B,E23,P020,CARD
E01569,C0213,5016.5,SUBSCRIPTION_FAILED,Bank_A,E11,P005,NETBANKING
E01570,C0703,6349.38,SUBSCRIPTION_FAILED,Bank_C,E42,P005,CARD
E01571,C0637,1406.98,PAYMENT_FAILED,Bank_B,E23,P005,WALLET
E01572,C0645,14747.81,SUBSCRIPTION_FAILED,Bank_A,E42,P020,UPI
E01573,C0886,5242.89,CHECKOUT_ABANDONED,Bank_A,E11,P010,NETBANKING
E01574,C0052,14876.76,CHECKOUT_ABANDONED,Bank_A,E17,P016,CARD
E01575,C0630,21579.96,CHECKOUT_ABANDONED,Bank_A,E42,P015,NETBANKING
E01576,C0282,13736.47,SUBSCRIPTION_FAILED,Bank_D,E23,P002,CARD
E01577,C0043,17673.13,CHECKOUT_ABANDONED,Bank_A,E42,P004,UPI
E01578,C0826,14415.02,CHECKOUT_ABANDONED,Bank_A,E42,P020,CARD
E01579,C0045,13204.74,INVOICE_OVERDUE,Bank_A,E42,P010,CARD
E01580,C0560,13265.39,SUBSCRIPTION_FAILED,Bank_A,E17,P001,CARD
E01581,C0782,24667.66,INVOICE_OVERDUE,Bank_A,E11,P013,UPI
E01582,C0959,17355.89,INVOICE_OVERDUE,Bank_B,E17,P018,CARD
E01583,C0612,7048.33,INVOICE_OVERDUE,Bank_D,E17,P004,NETBANKING
E01584,C0953,3423.12,PAYMENT_FAILED,Bank_D,E11,P016,NETBANKING
E01585,C0232,7331.14,PAYMENT_FAILED,Bank_A,E23,P002,UPI
E01586,C0468,22774.82,CHECKOUT_ABANDONED,Bank_A,E17,P010,UPI
E01587,C0134,19239.51,PAYMENT_FAILED,Bank_D,E17,P008,WALLET
E01588,C0709,13210.7,SUBSCRIPTION_FAILED,Bank_B,E11,P018,UPI
E01589,C0522,4587.78,CHECKOUT_ABANDONED,Bank_B,E11,P003,UPI
E01590,C0093,10051.88,INVOICE_OVERDUE,Bank_A,E42,P019,NETBANKING
E01591,C0296,3005.5,INVOICE_OVERDUE,Bank_A,E42,P018,NETBANKING
E01592,C0630,13964.63,CHECKOUT_ABANDONED,Bank_A,E42,P011,CARD
E01593,C0452,20322.85,SUBSCRIPTION_FAILED,Bank_B,E11,P015,CARD
E01594,C0454,5333.14,CHECKOUT_ABANDONED,Bank_A,E17,P002,WALLET
E01595,C0786,19258.12,INVOICE_OVERDUE,Bank_D,E17,P011,NETBANKING
E01596,C0241,5431.65,CHECKOUT_ABANDONED,Bank_C,E17,P005,WALLET
E01597,C0297,22645.77,CHECKOUT_ABANDONED,Bank_C,E17,P005,UPI
E01598,C0943,18602.86,CHECKOUT_ABANDONED,Bank_C,E23,P007,NETBANKING
E01599,C0052,8793.58,CHECKOUT_ABANDONED,Bank_D,E42,P002,CARD
E01600,C0352,10243.93,INVOICE_OVERDUE,Bank_B,E17,P007,NETBANKING
E01601,C0732,9876.09,SUBSCRIPTION_FAILED,Bank_C,E17,P013,CARD
E01602,C0643,18271.16,SUBSCRIPTION_FAILED,Bank_A,E42,P012,NETBANKING
E01603,C0691,22838.86,CHECKOUT_ABANDONED,Bank_A,E42,P014,CARD
E01604,C0543,11651.04,PAYMENT_FAILED,Bank_A,E42,P007,UPI
E01605,C0778,3805.84,SUBSCRIPTION_FAILED,Bank_A,E42,P004,WALLET
E01606,C0722,23976.74,INVOICE_OVERDUE,Bank_A,E42,P016,UPI
E01607,C0327,18340.77,INVOICE_OVERDUE,Bank_C,E17,P006,WALLET
E01608,C0113,22918.3,SUBSCRIPTION_FAILED,Bank_B,E42,P009,CARD
E01609,C0782,640.01,INVOICE_OVERDUE,Bank_C,E23,P006,WALLET
E01610,C0575,3169.13,SUBSCRIPTION_FAILED,Bank_A,E42,P005,UPI
E01611,C0294,8892.68,SUBSCRIPTION_FAILED,Bank_C,E42,P010,UPI
E01612,C0178,21351.47,INVOICE_OVERDUE,Bank_C,E23,P007,NETBANKING
E01613,C0307,7863.54,PAYMENT_FAILED,Bank_A,E17,P010,NETBANKING
E01614,C0373,5602.85,SUBSCRIPTION_FAILED,Bank_A,E23,P012,CARD
E01615,C0340,17785.39,INVOICE_OVERDUE,Bank_C,E42,P010,UPI
E01616,C0769,20625.2,INVOICE_OVERDUE,Bank_B,E23,P011,CARD
E01617,C0675,2712.33,SUBSCRIPTION_FAILED,Bank_D,E23,P001,WALLET
E01618,C0944,15138.58,INVOICE_OVERDUE,Bank_A,E42,P019,UPI
E01619,C0340,8114.68,INVOICE_OVERDUE,Bank_C,E11,P013,CARD
E01620,C0391,18292.73,PAYMENT_FAILED,Bank_A,E42,P006,CARD
E01621,C0839,5045.77,SUBSCRIPTION_FAILED,Bank_C,E42,P012,NETBANKING
E01622,C0794,24979.89,SUBSCRIPTION_FAILED,Bank_D,E17,P010,UPI
E01623,C0973,17023.86,SUBSCRIPTION_FAILED,Bank_C,E42,P002,CARD
E01624,C0957,6828.04,INVOICE_OVERDUE,Bank_B,E17,P002,NETBANKING
E01625,C0841,7833.51,SUBSCRIPTION_FAILED,Bank_B,E23,P015,WALLET
E01626,C0335,22628.79,SUBSCRIPTION_FAILED,Bank_B,E11,P019,UPI
E01627,C0385,828.41,CHECKOUT_ABANDONED,Bank_A,E23,P011,UPI
E01628,C0011,2991.52,PAYMENT_FAILED,Bank_B,E42,P002,UPI
E01629,C0401,4777.81,SUBSCRIPTION_FAILED,Bank_A,E17,P006,CARD
E01630,C0077,4577.41,INVOICE_OVERDUE,Bank_A,E42,P009,CARD
E01631,C0986,13623.64,PAYMENT_FAILED,Bank_A,E42,P008,UPI
E01632,C0334,16779.46,INVOICE_OVERDUE,Bank_B,E23,P003,UPI
E01633,C0508,4608.92,INVOICE_OVERDUE,Bank_A,E42,P017,UPI
E01634,C0469,19734.02,CHECKOUT_ABANDONED,Bank_C,E17,P010,UPI
E01635,C0046,19114.34,SUBSCRIPTION_FAILED,Bank_A,E42,P018,CARD
E01636,C0335,20320.99,INVOICE_OVERDUE,Bank_D,E17,P007,WALLET
E01637,C0057,23706.58,CHECKOUT_ABANDONED,Bank_C,E23,P016,WALLET
E01638,C0339,3526.19,SUBSCRIPTION_FAILED,Bank_A,E42,P015,CARD
E01639,C0114,14381.73,CHECKOUT_ABANDONED,Bank_B,E17,P017,WALLET
E01640,C0512,24434.63,CHECKOUT_ABANDONED,Bank_C,E42,P003,NETBANKING
E01641,C0274,5865.84,CHECKOUT_ABANDONED,Bank_C,E11,P008,WALLET
E01642,C0799,16882.16,INVOICE_OVERDUE,Bank_A,E42,P011,CARD
E01643,C0245,15984.64,CHECKOUT_ABANDONED,Bank_A,E42,P011,WALLET
E01644,C0858,20284.33,SUBSCRIPTION_FAILED,Bank_A,E42,P008,WALLET
E01645,C0419,12138.2,CHECKOUT_ABANDONED,Bank_A,E42,P016,NETBANKING
E01646,C0509,1750.44,INVOICE_OVERDUE,Bank_C,E42,P011,NETBANKING
E01647,C0735,5123.37,INVOICE_OVERDUE,Bank_D,E42,P018,UPI
E01648,C0119,15567.86,INVOICE_OVERDUE,Bank_C,E11,P007,WALLET
E01649,C0526,12715.4,CHECKOUT_ABANDONED,Bank_D,E23,P017,CARD
E01650,C0464,907.98,SUBSCRIPTION_FAILED,Bank_A,E42,P005,CARD
E01651,C0317,14403.33,SUBSCRIPTION_FAILED,Bank_D,E17,P017,UPI
E01652,C0272,6265.61,INVOICE_OVERDUE,Bank_D,E23,P015,WALLET
E01653,C0959,16908.12,PAYMENT_FAILED,Bank_A,E42,P010,UPI
E01654,C0050,3516.86,CHECKOUT_ABANDONED,Bank_D,E11,P020,CARD
E01655,C0591,6660.69,SUBSCRIPTION_FAILED,Bank_C,E17,P015,NETBANKING
E01656,C0547,2066.64,CHECKOUT_ABANDONED,Bank_D,E11,P005,WALLET
E01657,C0920,22805.82,INVOICE_OVERDUE,Bank_B,E11,P013,CARD
E01658,C0831,23874.78,INVOICE_OVERDUE,Bank_D,E23,P017,NETBANKING
E01659,C0023,7168.09,PAYMENT_FAILED,Bank_A,E42,P001,UPI
E01660,C0391,5005.36,PAYMENT_FAILED,Bank_D,E23,P010,UPI
E01661,C0913,7187.22,CHECKOUT_ABANDONED,Bank_D,E17,P001,UPI
E01662,C0676,6898.83,CHECKOUT_ABANDONED,Bank_A,E42,P002,WALLET
E01663,C0163,6538.18,SUBSCRIPTION_FAILED,Bank_A,E42,P001,UPI
E01664,C0166,10756.02,INVOICE_OVERDUE,Bank_C,E17,P014,NETBANKING
E01665,C0558,21860.14,PAYMENT_FAILED,Bank_A,E23,P001,WALLET
E01666,C0877,15415.32,PAYMENT_FAILED,Bank_A,E17,P011,WALLET
E01667,C0933,23746.01,INVOICE_OVERDUE,Bank_A,E11,P018,NETBANKING
E01668,C0150,6740.39,SUBSCRIPTION_FAILED,Bank_A,E42,P012,CARD
E01669,C0719,11821.96,INVOICE_OVERDUE,Bank_B,E17,P003,NETBANKING
E01670,C0653,15487.52,INVOICE_OVERDUE,Bank_D,E11,P014,NETBANKING
E01671,C0696,19013.73,CHECKOUT_ABANDONED,Bank_B,E42,P019,WALLET
E01672,C0165,21010.4,PAYMENT_FAILED,Bank_A,E11,P018,NETBANKING
E01673,C0755,14918.18,INVOICE_OVERDUE,Bank_C,E23,P005,CARD
E01674,C0838,9795.91,SUBSCRIPTION_FAILED,Bank_C,E23,P017,CARD
E01675,C0499,4603.18,CHECKOUT_ABANDONED,Bank_D,E11,P016,WALLET
E01676,C0965,3790.91,CHECKOUT_ABANDONED,Bank_A,E11,P019,UPI
E01677,C0113,10209.35,CHECKOUT_ABANDONED,Bank_C,E23,P019,UPI
E01678,C0307,21644.52,INVOICE_OVERDUE,Bank_A,E11,P002,CARD
E01679,C0053,2840.21,INVOICE_OVERDUE,Bank_A,E11,P007,UPI
E01680,C0253,23764.95,PAYMENT_FAILED,Bank_D,E23,P001,WALLET
E01681,C0582,1150.38,INVOICE_OVERDUE,Bank_C,E23,P011,NETBANKING
E01682,C0434,23460.47,SUBSCRIPTION_FAILED,Bank_A,E42,P011,WALLET
E01683,C0902,17303.54,SUBSCRIPTION_FAILED,Bank_D,E11,P002,WALLET
E01684,C0052,18538.08,INVOICE_OVERDUE,Bank_B,E11,P015,CARD
E01685,C0886,19450.21,PAYMENT_FAILED,Bank_D,E23,P011,UPI
E01686,C0401,20375.1,PAYMENT_FAILED,Bank_D,E42,P018,NETBANKING
E01687,C0661,8765.88,PAYMENT_FAILED,Bank_B,E42,P017,UPI
E01688,C0271,3842.84,PAYMENT_FAILED,Bank_A,E42,P016,NETBANKING
E01689,C0712,13840.12,SUBSCRIPTION_FAILED,Bank_A,E23,P013,UPI
E01690,C0255,17073.04,INVOICE_OVERDUE,Bank_C,E11,P002,WALLET
E01691,C0389,8088.61,INVOICE_OVERDUE,Bank_D,E17,P015,CARD
E01692,C0331,1041.15,INVOICE_OVERDUE,Bank_B,E42,P019,CARD
E01693,C0422,13175.1,PAYMENT_FAILED,Bank_C,E17,P015,CARD
E01694,C0421,1608.61,PAYMENT_FAILED,Bank_A,E42,P012,NETBANKING
E01695,C0221,9440.16,SUBSCRIPTION_FAILED,Bank_A,E42,P016,NETBANKING
E01696,C0141,2365.31,CHECKOUT_ABANDONED,Bank_D,E17,P013,CARD
E01697,C0469,21303.41,PAYMENT_FAILED,Bank_B,E17,P004,UPI
E01698,C0760,24018.49,SUBSCRIPTION_FAILED,Bank_A,E42,P019,WALLET
E01699,C0453,6932.11,INVOICE_OVERDUE,Bank_D,E23,P006,NETBANKING
E01700,C0939,18067.74,PAYMENT_FAILED,Bank_C,E11,P008,NETBANKING
E01701,C0032,14754.65,CHECKOUT_ABANDONED,Bank_A,E42,P014,CARD
E01702,C0697,12391.6,CHECKOUT_ABANDONED,Bank_C,E11,P019,UPI
E01703,C0244,14429.11,CHECKOUT_ABANDONED,Bank_C,E42,P013,WALLET
E01704,C0793,19186.35,CHECKOUT_ABANDONED,Bank_D,E11,P012,CARD
E01705,C0089,24134.43,INVOICE_OVERDUE,Bank_A,E11,P017,WALLET
E01706,C0036,15270.44,SUBSCRIPTION_FAILED,Bank_A,E42,P008,UPI
E01707,C0405,17066.89,INVOICE_OVERDUE,Bank_A,E42,P017,UPI
E01708,C0545,24138.49,SUBSCRIPTION_FAILED,Bank_C,E42,P020,WALLET
E01709,C0165,6120.05,PAYMENT_FAILED,Bank_A,E17,P015,UPI
E01710,C0863,2793.24,SUBSCRIPTION_FAILED,Bank_B,E11,P002,CARD
E01711,C0293,10247.19,PAYMENT_FAILED,Bank_B,E42,P015,NETBANKING
E01712,C0306,5931.4,PAYMENT_FAILED,Bank_C,E42,P008,WALLET
E01713,C0130,11054.78,PAYMENT_FAILED,Bank_C,E11,P002,UPI
E01714,C0733,13715.89,CHECKOUT_ABANDONED,Bank_A,E42,P005,UPI
E01715,C0329,24447.31,PAYMENT_FAILED,Bank_A,E42,P008,UPI
E01716,C0375,23150.07,INVOICE_OVERDUE,Bank_A,E11,P010,NETBANKING
E01717,C0158,6390.19,CHECKOUT_ABANDONED,Bank_A,E42,P017,CARD
E01718,C0936,6528.2,CHECKOUT_ABANDONED,Bank_A,E23,P011,CARD
E01719,C0495,10720.87,SUBSCRIPTION_FAILED,Bank_D,E42,P012,NETBANKING
E01720,C0802,3899.75,PAYMENT_FAILED,Bank_A,E17,P006,CARD
E01721,C0512,10805.42,PAYMENT_FAILED,Bank_B,E17,P010,UPI
E01722,C0278,19258.34,CHECKOUT_ABANDONED,Bank_A,E42,P006,NETBANKING
E01723,C0943,12527.91,SUBSCRIPTION_FAILED,Bank_C,E42,P002,WALLET
E01724,C0232,1876.91,PAYMENT_FAILED,Bank_B,E17,P017,NETBANKING
E01725,C0148,23005.29,PAYMENT_FAILED,Bank_A,E23,P007,UPI
E01726,C0476,5993.78,INVOICE_OVERDUE,Bank_D,E23,P010,CARD
E01727,C0763,8381.8,INVOICE_OVERDUE,Bank_C,E17,P012,UPI
E01728,C0265,17783.95,CHECKOUT_ABANDONED,Bank_C,E17,P014,UPI
E01729,C0778,15252.24,CHECKOUT_ABANDONED,Bank_C,E17,P012,CARD
E01730,C0804,8292.95,SUBSCRIPTION_FAILED,Bank_D,E23,P019,NETBANKING
E01731,C0230,2592.35,SUBSCRIPTION_FAILED,Bank_A,E17,P004,WALLET
E01732,C0369,7155.03,SUBSCRIPTION_FAILED,Bank_C,E11,P003,CARD
E01733,C0471,13681.41,PAYMENT_FAILED,Bank_A,E42,P008,WALLET
E01734,C0989,13382.22,SUBSCRIPTION_FAILED,Bank_D,E17,P010,UPI
E01735,C0001,21475.77,CHECKOUT_ABANDONED,Bank_D,E17,P007,WALLET
E01736,C0881,15349.6,CHECKOUT_ABANDONED,Bank_D,E42,P015,NETBANKING
E01737,C0706,6788.26,CHECKOUT_ABANDONED,Bank_B,E23,P008,NETBANKING
E01738,C0821,3175.84,INVOICE_OVERDUE,Bank_A,E42,P014,CARD
E01739,C0331,24981.91,INVOICE_OVERDUE,Bank_B,E17,P014,WALLET
E01740,C0642,6740.87,PAYMENT_FAILED,Bank_B,E42,P002,NETBANKING
E01741,C0142,13499.37,CHECKOUT_ABANDONED,Bank_C,E23,P001,UPI
E01742,C0494,4803.24,SUBSCRIPTION_FAILED,Bank_A,E11,P014,CARD
E01743,C0029,24934.8,SUBSCRIPTION_FAILED,Bank_A,E42,P015,CARD
E01744,C0809,13472.91,SUBSCRIPTION_FAILED,Bank_C,E42,P016,WALLET
E01745,C0290,4805.0,CHECKOUT_ABANDONED,Bank_D,E17,P006,WALLET
E01746,C0588,7538.71,INVOICE_OVERDUE,Bank_C,E11,P004,NETBANKING
E01747,C0302,11433.26,PAYMENT_FAILED,Bank_C,E11,P009,CARD
E01748,C0875,17679.81,SUBSCRIPTION_FAILED,Bank_D,E42,P005,WALLET
E01749,C0002,3556.42,SUBSCRIPTION_FAILED,Bank_A,E42,P005,WALLET
E01750,C0953,5580.34,CHECKOUT_ABANDONED,Bank_D,E42,P016,NETBANKING
E01751,C0507,19135.82,INVOICE_OVERDUE,Bank_A,E23,P010,UPI
E01752,C0516,16453.0,PAYMENT_FAILED,Bank_C,E11,P013,CARD
E01753,C0662,8473.35,CHECKOUT_ABANDONED,Bank_D,E17,P010,NETBANKING
E01754,C0201,21613.44,INVOICE_OVERDUE,Bank_A,E11,P006,WALLET
E01755,C0275,6211.23,INVOICE_OVERDUE,Bank_B,E23,P017,NETBANKING
E01756,C0029,2837.04,INVOICE_OVERDUE,Bank_D,E42,P006,CARD
E01757,C0169,2716.23,CHECKOUT_ABANDONED,Bank_C,E11,P017,WALLET
E01758,C0078,12764.97,PAYMENT_FAILED,Bank_A,E42,P004,NETBANKING
E01759,C0120,7924.26,CHECKOUT_ABANDONED,Bank_B,E11,P015,CARD
E01760,C0040,24098.54,INVOICE_OVERDUE,Bank_A,E42,P013,CARD
E01761,C0846,10998.14,CHECKOUT_ABANDONED,Bank_A,E17,P011,CARD
E01762,C0909,7891.69,SUBSCRIPTION_FAILED,Bank_C,E42,P017,NETBANKING
E01763,C0746,12177.69,INVOICE_OVERDUE,Bank_A,E42,P003,UPI
E01764,C0262,3694.84,CHECKOUT_ABANDONED,Bank_A,E11,P010,NETBANKING
E01765,C0017,3628.49,INVOICE_OVERDUE,Bank_D,E42,P005,NETBANKING
E01766,C0425,18918.32,CHECKOUT_ABANDONED,Bank_C,E42,P008,NETBANKING
E01767,C0671,2909.24,CHECKOUT_ABANDONED,Bank_A,E11,P008,NETBANKING
E01768,C0998,18170.95,INVOICE_OVERDUE,Bank_D,E42,P010,NETBANKING
E01769,C0994,23229.27,PAYMENT_FAILED,Bank_B,E17,P015,NETBANKING
E01770,C0481,7891.78,PAYMENT_FAILED,Bank_C,E11,P003,CARD
E01771,C0086,17429.16,CHECKOUT_ABANDONED,Bank_D,E42,P015,CARD
E01772,C0761,22800.01,PAYMENT_FAILED,Bank_A,E17,P019,WALLET
E01773,C0990,5206.45,INVOICE_OVERDUE,Bank_A,E42,P001,WALLET
E01774,C0753,17462.17,CHECKOUT_ABANDONED,Bank_D,E11,P020,UPI
E01775,C0203,14008.43,SUBSCRIPTION_FAILED,Bank_A,E42,P017,UPI
E01776,C0633,17450.67,PAYMENT_FAILED,Bank_B,E23,P020,NETBANKING
E01777,C0026,20107.31,PAYMENT_FAILED,Bank_C,E11,P017,NETBANKING
E01778,C0615,17572.92,SUBSCRIPTION_FAILED,Bank_A,E23,P020,WALLET
E01779,C0932,5642.93,SUBSCRIPTION_FAILED,Bank_B,E11,P015,WALLET
E01780,C0632,5754.24,SUBSCRIPTION_FAILED,Bank_A,E42,P004,CARD
E01781,C0734,4702.47,PAYMENT_FAILED,Bank_C,E11,P007,NETBANKING
E01782,C0244,12017.67,INVOICE_OVERDUE,Bank_D,E42,P012,WALLET
E01783,C0247,23931.65,SUBSCRIPTION_FAILED,Bank_B,E42,P013,WALLET
E01784,C0588,7622.04,SUBSCRIPTION_FAILED,Bank_D,E11,P015,WALLET
E01785,C0328,17048.54,CHECKOUT_ABANDONED,Bank_B,E11,P016,WALLET
E01786,C0951,4129.44,PAYMENT_FAILED,Bank_D,E17,P013,NETBANKING
E01787,C0404,21023.42,PAYMENT_FAILED,Bank_C,E17,P001,CARD
E01788,C0410,18188.69,CHECKOUT_ABANDONED,Bank_D,E23,P007,UPI
E01789,C0616,13398.08,CHECKOUT_ABANDONED,Bank_D,E11,P010,UPI
E01790,C0445,2193.84,PAYMENT_FAILED,Bank_A,E42,P019,WALLET
E01791,C0341,22800.36,PAYMENT_FAILED,Bank_A,E17,P013,CARD
E01792,C0899,20888.43,PAYMENT_FAILED,Bank_C,E17,P005,UPI
E01793,C0716,20747.88,SUBSCRIPTION_FAILED,Bank_C,E17,P019,CARD
E01794,C0105,23305.77,PAYMENT_FAILED,Bank_A,E42,P011,NETBANKING
E01795,C0654,24457.6,CHECKOUT_ABANDONED,Bank_D,E17,P004,WALLET
E01796,C0481,22203.13,PAYMENT_FAILED,Bank_B,E23,P020,UPI
E01797,C0217,14969.7,INVOICE_OVERDUE,Bank_D,E23,P017,UPI
E01798,C0335,22787.86,INVOICE_OVERDUE,Bank_B,E11,P005,NETBANKING
E01799,C0820,4152.44,SUBSCRIPTION_FAILED,Bank_B,E23,P014,UPI
E01800,C0030,16878.4,PAYMENT_FAILED,Bank_A,E42,P006,UPI
E01801,C0405,22052.86,INVOICE_OVERDUE,Bank_D,E11,P020,CARD
E01802,C0182,7564.37,CHECKOUT_ABANDONED,Bank_B,E42,P002,CARD
E01803,C0469,9845.67,SUBSCRIPTION_FAILED,Bank_B,E42,P005,UPI
E01804,C0469,21831.92,SUBSCRIPTION_FAILED,Bank_A,E42,P010,UPI
E01805,C0223,1756.29,SUBSCRIPTION_FAILED,Bank_A,E17,P001,NETBANKING
E01806,C0020,15672.68,CHECKOUT_ABANDONED,Bank_A,E42,P013,NETBANKING
E01807,C0473,2795.84,SUBSCRIPTION_FAILED,Bank_D,E42,P009,UPI
E01808,C0243,20868.97,SUBSCRIPTION_FAILED,Bank_C,E11,P015,WALLET
E01809,C0560,1886.28,CHECKOUT_ABANDONED,Bank_A,E42,P005,CARD
E01810,C0297,14017.62,SUBSCRIPTION_FAILED,Bank_A,E42,P011,UPI
E01811,C0057,19402.11,SUBSCRIPTION_FAILED,Bank_B,E42,P018,NETBANKING
E01812,C0302,17395.8,PAYMENT_FAILED,Bank_C,E17,P007,CARD
E01813,C0588,5985.15,CHECKOUT_ABANDONED,Bank_A,E42,P008,CARD
E01814,C0277,14857.86,SUBSCRIPTION_FAILED,Bank_A,E42,P003,UPI
E01815,C0579,1239.55,SUBSCRIPTION_FAILED,Bank_C,E17,P018,CARD
E01816,C0156,11268.55,CHECKOUT_ABANDONED,Bank_C,E42,P003,WALLET
E01817,C0378,24576.15,INVOICE_OVERDUE,Bank_A,E17,P009,UPI
E01818,C0793,16995.66,SUBSCRIPTION_FAILED,Bank_C,E11,P002,UPI
E01819,C0604,17651.96,SUBSCRIPTION_FAILED,Bank_A,E42,P007,WALLET
E01820,C0307,15180.78,INVOICE_OVERDUE,Bank_C,E42,P009,WALLET
E01821,C0832,10658.12,CHECKOUT_ABANDONED,Bank_A,E42,P010,UPI
E01822,C0105,3730.08,INVOICE_OVERDUE,Bank_C,E42,P010,WALLET
E01823,C0453,3214.6,PAYMENT_FAILED,Bank_A,E42,P019,CARD
E01824,C0622,10578.86,SUBSCRIPTION_FAILED,Bank_D,E17,P007,WALLET
E01825,C0864,16956.99,CHECKOUT_ABANDONED,Bank_A,E42,P006,NETBANKING
E01826,C0587,14027.12,INVOICE_OVERDUE,Bank_D,E23,P015,CARD
E01827,C0826,6205.59,INVOICE_OVERDUE,Bank_C,E23,P020,UPI
E01828,C0363,10915.69,INVOICE_OVERDUE,Bank_C,E17,P004,UPI
E01829,C0490,19813.04,PAYMENT_FAILED,Bank_A,E42,P014,WALLET
E01830,C0554,19603.9,PAYMENT_FAILED,Bank_A,E42,P011,CARD
E01831,C0513,3922.91,INVOICE_OVERDUE,Bank_C,E11,P006,UPI
E01832,C0758,21950.94,CHECKOUT_ABANDONED,Bank_C,E11,P014,WALLET
E01833,C0666,5205.89,PAYMENT_FAILED,Bank_A,E17,P014,NETBANKING
E01834,C0394,14548.62,CHECKOUT_ABANDONED,Bank_A,E42,P007,UPI
E01835,C0302,6545.17,CHECKOUT_ABANDONED,Bank_A,E11,P018,CARD
E01836,C0985,6672.84,PAYMENT_FAILED,Bank_A,E23,P010,WALLET
E01837,C0821,12325.44,PAYMENT_FAILED,Bank_C,E42,P005,WALLET
E01838,C0427,18270.31,PAYMENT_FAILED,Bank_B,E23,P007,WALLET
E01839,C0026,23811.34,INVOICE_OVERDUE,Bank_C,E17,P009,CARD
E01840,C0582,3691.93,SUBSCRIPTION_FAILED,Bank_B,E11,P007,UPI
E01841,C0533,968.93,PAYMENT_FAILED,Bank_D,E17,P015,NETBANKING
E01842,C0426,20000.61,CHECKOUT_ABANDONED,Bank_D,E17,P014,CARD
E01843,C0811,12878.63,SUBSCRIPTION_FAILED,Bank_A,E42,P018,NETBANKING
E01844,C0968,16830.05,SUBSCRIPTION_FAILED,Bank_A,E42,P015,WALLET
E01845,C0376,20654.46,INVOICE_OVERDUE,Bank_D,E11,P002,CARD
E01846,C0401,3188.69,INVOICE_OVERDUE,Bank_B,E17,P012,UPI
E01847,C0986,18615.51,PAYMENT_FAILED,Bank_B,E17,P019,CARD
E01848,C0425,20150.33,SUBSCRIPTION_FAILED,Bank_A,E42,P014,NETBANKING
E01849,C0846,3153.34,SUBSCRIPTION_FAILED,Bank_B,E11,P008,NETBANKING
E01850,C0233,3214.05,PAYMENT_FAILED,Bank_A,E42,P012,CARD
E01851,C0229,16055.73,CHECKOUT_ABANDONED,Bank_A,E42,P013,CARD
E01852,C0689,21413.1,CHECKOUT_ABANDONED,Bank_C,E23,P016,UPI
E01853,C0529,550.08,PAYMENT_FAILED,Bank_D,E23,P018,UPI
E01854,C0424,24038.5,CHECKOUT_ABANDONED,Bank_A,E42,P020,WALLET
E01855,C0880,4799.98,SUBSCRIPTION_FAILED,Bank_C,E23,P009,CARD
E01856,C0655,24259.87,INVOICE_OVERDUE,Bank_A,E23,P019,UPI
E01857,C0089,6943.57,INVOICE_OVERDUE,Bank_C,E11,P008,WALLET
E01858,C0908,1382.32,CHECKOUT_ABANDONED,Bank_D,E11,P016,UPI
E01859,C0739,14743.41,SUBSCRIPTION_FAILED,Bank_A,E11,P020,NETBANKING
E01860,C0402,10977.13,SUBSCRIPTION_FAILED,Bank_C,E23,P002,UPI
E01861,C0307,17483.89,INVOICE_OVERDUE,Bank_C,E17,P015,WALLET
E01862,C0953,4962.67,INVOICE_OVERDUE,Bank_D,E11,P011,NETBANKING
E01863,C0267,7952.87,SUBSCRIPTION_FAILED,Bank_C,E11,P002,NETBANKING
E01864,C0356,7906.06,CHECKOUT_ABANDONED,Bank_D,E23,P014,WALLET
E01865,C0963,11334.37,INVOICE_OVERDUE,Bank_C,E42,P008,CARD
E01866,C0368,12742.62,SUBSCRIPTION_FAILED,Bank_C,E17,P011,CARD
E01867,C0984,930.42,INVOICE_OVERDUE,Bank_C,E11,P013,UPI
E01868,C0715,13699.93,INVOICE_OVERDUE,Bank_C,E17,P018,UPI
E01869,C0520,9017.37,PAYMENT_FAILED,Bank_D,E23,P001,CARD
E01870,C0035,6057.04,SUBSCRIPTION_FAILED,Bank_B,E17,P018,CARD
E01871,C0606,22675.77,INVOICE_OVERDUE,Bank_D,E17,P001,UPI
E01872,C0131,18616.69,INVOICE_OVERDUE,Bank_A,E42,P019,UPI
E01873,C0727,2927.49,SUBSCRIPTION_FAILED,Bank_C,E42,P015,NETBANKING
E01874,C0961,18642.88,SUBSCRIPTION_FAILED,Bank_C,E11,P001,NETBANKING
E01875,C0976,6092.73,SUBSCRIPTION_FAILED,Bank_C,E42,P008,WALLET
E01876,C0050,20745.31,PAYMENT_FAILED,Bank_A,E42,P015,NETBANKING
E01877,C0972,15427.15,PAYMENT_FAILED,Bank_C,E17,P010,CARD
E01878,C0470,6704.05,SUBSCRIPTION_FAILED,Bank_C,E23,P017,UPI
E01879,C0249,14850.95,PAYMENT_FAILED,Bank_A,E23,P016,NETBANKING
E01880,C0912,2566.6,CHECKOUT_ABANDONED,Bank_B,E17,P004,WALLET
E01881,C0337,8563.63,INVOICE_OVERDUE,Bank_C,E11,P010,UPI
E01882,C0114,6845.58,PAYMENT_FAILED,Bank_D,E42,P004,UPI
E01883,C0942,20279.79,INVOICE_OVERDUE,Bank_A,E11,P010,NETBANKING
E01884,C0457,5804.76,CHECKOUT_ABANDONED,Bank_D,E42,P004,WALLET
E01885,C0353,20236.13,CHECKOUT_ABANDONED,Bank_D,E42,P006,CARD
E01886,C0080,11388.84,SUBSCRIPTION_FAILED,Bank_A,E42,P017,UPI
E01887,C0163,19879.07,CHECKOUT_ABANDONED,Bank_B,E42,P001,WALLET
E01888,C0768,22082.27,INVOICE_OVERDUE,Bank_C,E11,P010,CARD
E01889,C0786,17049.44,PAYMENT_FAILED,Bank_A,E42,P003,NETBANKING
E01890,C0088,9324.99,INVOICE_OVERDUE,Bank_A,E42,P003,UPI
E01891,C0259,21628.28,INVOICE_OVERDUE,Bank_C,E23,P004,UPI
E01892,C0883,19882.2,CHECKOUT_ABANDONED,Bank_C,E42,P014,NETBANKING
E01893,C0539,4071.66,SUBSCRIPTION_FAILED,Bank_C,E42,P007,UPI
E01894,C0286,14343.62,PAYMENT_FAILED,Bank_B,E17,P016,WALLET
E01895,C0567,16315.0,INVOICE_OVERDUE,Bank_A,E42,P006,NETBANKING
E01896,C0141,4124.59,CHECKOUT_ABANDONED,Bank_A,E23,P005,WALLET
E01897,C0634,16409.34,SUBSCRIPTION_FAILED,Bank_A,E42,P003,CARD
E01898,C0012,7765.04,SUBSCRIPTION_FAILED,Bank_D,E42,P020,CARD
E01899,C0644,19754.99,INVOICE_OVERDUE,Bank_D,E23,P002,NETBANKING
E01900,C0796,11598.15,CHECKOUT_ABANDONED,Bank_A,E42,P002,WALLET
E01901,C0847,8816.26,PAYMENT_FAILED,Bank_A,E42,P014,UPI
E01902,C0975,20159.22,CHECKOUT_ABANDONED,Bank_C,E11,P011,WALLET
E01903,C0154,24249.12,SUBSCRIPTION_FAILED,Bank_D,E17,P002,CARD
E01904,C0549,19863.04,SUBSCRIPTION_FAILED,Bank_A,E23,P008,NETBANKING
E01905,C0728,3955.34,PAYMENT_FAILED,Bank_A,E17,P014,UPI
E01906,C0407,20381.3,CHECKOUT_ABANDONED,Bank_A,E42,P002,UPI
E01907,C0365,9974.23,PAYMENT_FAILED,Bank_B,E42,P018,CARD
E01908,C0823,18633.69,CHECKOUT_ABANDONED,Bank_C,E17,P007,CARD
E01909,C0048,9878.81,INVOICE_OVERDUE,Bank_A,E42,P007,CARD
E01910,C0739,23844.52,PAYMENT_FAILED,Bank_A,E17,P002,CARD
E01911,C0521,1179.65,SUBSCRIPTION_FAILED,Bank_C,E23,P007,WALLET
E01912,C0804,17316.92,CHECKOUT_ABANDONED,Bank_C,E23,P008,UPI
E01913,C0609,8575.21,PAYMENT_FAILED,Bank_B,E11,P005,UPI
E01914,C0254,16214.41,PAYMENT_FAILED,Bank_C,E11,P017,CARD
E01915,C0967,3610.4,SUBSCRIPTION_FAILED,Bank_A,E11,P010,WALLET
E01916,C0044,8114.96,INVOICE_OVERDUE,Bank_D,E17,P015,NETBANKING
E01917,C0033,3804.98,INVOICE_OVERDUE,Bank_D,E17,P009,UPI
E01918,C0371,8537.7,CHECKOUT_ABANDONED,Bank_A,E17,P002,CARD
E01919,C0008,21101.38,INVOICE_OVERDUE,Bank_D,E42,P015,WALLET
E01920,C0936,14571.25,INVOICE_OVERDUE,Bank_D,E17,P013,NETBANKING
E01921,C0510,5135.97,SUBSCRIPTION_FAILED,Bank_C,E42,P003,NETBANKING
E01922,C0098,2773.41,PAYMENT_FAILED,Bank_B,E17,P011,WALLET
E01923,C0638,17544.19,SUBSCRIPTION_FAILED,Bank_C,E17,P006,WALLET
E01924,C0113,12439.98,PAYMENT_FAILED,Bank_B,E42,P015,WALLET
E01925,C0808,18963.97,INVOICE_OVERDUE,Bank_D,E17,P002,UPI
E01926,C0947,24398.05,CHECKOUT_ABANDONED,Bank_D,E17,P017,NETBANKING
E01927,C0965,16572.13,INVOICE_OVERDUE,Bank_A,E23,P008,CARD
E01928,C0432,6600.13,CHECKOUT_ABANDONED,Bank_B,E17,P011,WALLET
E01929,C0200,10322.85,CHECKOUT_ABANDONED,Bank_A,E42,P005,WALLET
E01930,C0761,8843.77,SUBSCRIPTION_FAILED,Bank_A,E42,P004,CARD
E01931,C0176,8694.03,SUBSCRIPTION_FAILED,Bank_D,E23,P003,WALLET
E01932,C0829,2211.22,CHECKOUT_ABANDONED,Bank_C,E11,P013,UPI
E01933,C0526,10379.6,CHECKOUT_ABANDONED,Bank_C,E42,P020,WALLET
E01934,C0457,23456.83,PAYMENT_FAILED,Bank_A,E17,P007,CARD
E01935,C0030,7014.13,SUBSCRIPTION_FAILED,Bank_C,E11,P010,UPI
E01936,C0372,2759.97,CHECKOUT_ABANDONED,Bank_D,E42,P007,NETBANKING
E01937,C0762,8761.9,INVOICE_OVERDUE,Bank_D,E23,P006,CARD
E01938,C0937,24259.9,SUBSCRIPTION_FAILED,Bank_C,E17,P003,WALLET
E01939,C0791,835.93,CHECKOUT_ABANDONED,Bank_B,E11,P016,UPI
E01940,C0718,18487.15,CHECKOUT_ABANDONED,Bank_D,E11,P012,WALLET
E01941,C0102,20883.8,CHECKOUT_ABANDONED,Bank_D,E42,P016,NETBANKING
E01942,C0559,14503.53,PAYMENT_FAILED,Bank_A,E42,P020,CARD
E01943,C0611,22314.82,SUBSCRIPTION_FAILED,Bank_B,E17,P001,NETBANKING
E01944,C0269,8547.37,CHECKOUT_ABANDONED,Bank_A,E23,P005,WALLET
E01945,C0414,2806.37,SUBSCRIPTION_FAILED,Bank_A,E42,P017,WALLET
E01946,C0241,2160.56,PAYMENT_FAILED,Bank_C,E42,P004,WALLET
E01947,C0853,627.58,SUBSCRIPTION_FAILED,Bank_A,E42,P006,WALLET
E01948,C0431,17265.54,CHECKOUT_ABANDONED,Bank_A,E17,P012,UPI
E01949,C0079,11166.37,INVOICE_OVERDUE,Bank_D,E11,P003,NETBANKING
E01950,C0182,9607.75,PAYMENT_FAILED,Bank_B,E11,P005,CARD
E01951,C0973,18582.75,CHECKOUT_ABANDONED,Bank_C,E23,P001,CARD
E01952,C0883,14051.22,PAYMENT_FAILED,Bank_A,E42,P007,WALLET
E01953,C0972,7544.09,SUBSCRIPTION_FAILED,Bank_A,E42,P003,NETBANKING
E01954,C0873,3070.98,INVOICE_OVERDUE,Bank_A,E42,P015,CARD
E01955,C0078,7103.77,INVOICE_OVERDUE,Bank_C,E23,P002,NETBANKING
E01956,C0166,6881.74,SUBSCRIPTION_FAILED,Bank_C,E11,P007,WALLET
E01957,C0800,17859.56,INVOICE_OVERDUE,Bank_B,E42,P001,WALLET
E01958,C0204,22860.81,CHECKOUT_ABANDONED,Bank_B,E23,P018,WALLET
E01959,C0823,15886.19,INVOICE_OVERDUE,Bank_D,E11,P012,NETBANKING
E01960,C0134,4997.48,PAYMENT_FAILED,Bank_D,E42,P007,WALLET
E01961,C0572,12447.85,INVOICE_OVERDUE,Bank_A,E42,P004,NETBANKING
E01962,C0494,4097.42,CHECKOUT_ABANDONED,Bank_A,E42,P018,UPI
E01963,C0132,9190.79,PAYMENT_FAILED,Bank_A,E17,P017,CARD
E01964,C0238,4007.63,INVOICE_OVERDUE,Bank_B,E17,P012,NETBANKING
E01965,C0826,23894.2,SUBSCRIPTION_FAILED,Bank_A,E42,P001,WALLET
E01966,C0096,6062.49,PAYMENT_FAILED,Bank_B,E11,P020,NETBANKING
E01967,C0979,15459.5,INVOICE_OVERDUE,Bank_A,E42,P007,CARD
E01968,C0723,1998.16,SUBSCRIPTION_FAILED,Bank_D,E11,P002,CARD
E01969,C0047,7850.84,PAYMENT_FAILED,Bank_A,E42,P008,UPI
E01970,C0300,23037.01,PAYMENT_FAILED,Bank_C,E23,P012,WALLET
E01971,C0615,16073.37,PAYMENT_FAILED,Bank_A,E42,P009,CARD
E01972,C0845,17461.81,CHECKOUT_ABANDONED,Bank_A,E42,P012,UPI
E01973,C0391,2676.48,INVOICE_OVERDUE,Bank_A,E42,P001,UPI
E01974,C0306,23973.36,SUBSCRIPTION_FAILED,Bank_B,E17,P018,UPI
E01975,C0400,1918.44,INVOICE_OVERDUE,Bank_D,E23,P008,WALLET
E01976,C0694,14487.6,SUBSCRIPTION_FAILED,Bank_C,E17,P010,WALLET
E01977,C0584,23003.35,PAYMENT_FAILED,Bank_B,E11,P012,WALLET
E01978,C0526,10518.16,INVOICE_OVERDUE,Bank_C,E17,P012,UPI
E01979,C0334,9200.87,CHECKOUT_ABANDONED,Bank_C,E11,P012,UPI
E01980,C0313,9181.13,INVOICE_OVERDUE,Bank_B,E23,P014,UPI
E01981,C0018,15256.36,CHECKOUT_ABANDONED,Bank_A,E11,P008,WALLET
E01982,C0125,8049.28,PAYMENT_FAILED,Bank_A,E42,P019,NETBANKING
E01983,C0887,18638.69,SUBSCRIPTION_FAILED,Bank_C,E42,P008,WALLET
E01984,C0270,20673.93,CHECKOUT_ABANDONED,Bank_B,E23,P015,UPI
E01985,C0110,10075.77,PAYMENT_FAILED,Bank_D,E23,P003,NETBANKING
E01986,C0621,24490.91,SUBSCRIPTION_FAILED,Bank_C,E23,P008,CARD
E01987,C0094,14728.79,PAYMENT_FAILED,Bank_D,E23,P005,NETBANKING
E01988,C0570,1478.29,PAYMENT_FAILED,Bank_D,E17,P007,CARD
E01989,C0844,13743.15,SUBSCRIPTION_FAILED,Bank_B,E11,P004,CARD
E01990,C0222,17398.49,CHECKOUT_ABANDONED,Bank_C,E23,P001,CARD
E01991,C0651,10906.82,SUBSCRIPTION_FAILED,Bank_A,E42,P011,NETBANKING
E01992,C0267,15873.7,SUBSCRIPTION_FAILED,Bank_C,E23,P017,NETBANKING
E01993,C0616,22565.99,SUBSCRIPTION_FAILED,Bank_A,E23,P013,CARD
E01994,C0936,18903.44,SUBSCRIPTION_FAILED,Bank_B,E11,P013,CARD
E01995,C0124,20494.56,CHECKOUT_ABANDONED,Bank_B,E17,P018,NETBANKING
E01996,C0778,22788.59,SUBSCRIPTION_FAILED,Bank_B,E17,P011,NETBANKING
E01997,C0686,21556.78,INVOICE_OVERDUE,Bank_C,E17,P009,NETBANKING
E01998,C0265,538.68,SUBSCRIPTION_FAILED,Bank_A,E42,P010,WALLET
E01999,C0145,17675.63,SUBSCRIPTION_FAILED,Bank_A,E42,P013,UPI
E02000,C0715,21743.61,CHECKOUT_ABANDONED,Bank_A,E23,P004,WALLET
E02001,C0721,4945.67,INVOICE_OVERDUE,Bank_A,E17,P004,UPI
E02002,C0415,14523.24,CHECKOUT_ABANDONED,Bank_A,E42,P007,NETBANKING
E02003,C0835,21445.86,INVOICE_OVERDUE,Bank_A,E23,P014,CARD
E02004,C0308,11883.21,SUBSCRIPTION_FAILED,Bank_B,E17,P016,CARD
E02005,C0600,990.17,CHECKOUT_ABANDONED,Bank_A,E42,P007,UPI
E02006,C0154,23838.24,CHECKOUT_ABANDONED,Bank_C,E23,P004,UPI
E02007,C0029,15125.03,CHECKOUT_ABANDONED,Bank_D,E23,P011,NETBANKING
E02008,C0430,12598.59,INVOICE_OVERDUE,Bank_B,E42,P001,CARD
E02009,C0725,2210.28,PAYMENT_FAILED,Bank_D,E23,P020,CARD
E02010,C0226,8516.36,PAYMENT_FAILED,Bank_B,E42,P007,WALLET
E02011,C0412,2685.81,PAYMENT_FAILED,Bank_A,E42,P010,NETBANKING
E02012,C0850,17250.03,INVOICE_OVERDUE,Bank_B,E11,P014,CARD
E02013,C0422,7553.36,SUBSCRIPTION_FAILED,Bank_B,E17,P017,WALLET
E02014,C0610,12073.06,INVOICE_OVERDUE,Bank_A,E42,P020,CARD
E02015,C0272,16628.0,PAYMENT_FAILED,Bank_A,E42,P015,NETBANKING
E02016,C0790,7801.91,SUBSCRIPTION_FAILED,Bank_D,E42,P016,NETBANKING
E02017,C0310,8952.58,PAYMENT_FAILED,Bank_C,E17,P013,CARD
E02018,C0652,22356.62,PAYMENT_FAILED,Bank_C,E17,P001,NETBANKING
E02019,C0764,21908.16,SUBSCRIPTION_FAILED,Bank_B,E23,P006,CARD
E02020,C0300,4808.23,PAYMENT_FAILED,Bank_D,E23,P003,NETBANKING
E02021,C0603,23601.44,SUBSCRIPTION_FAILED,Bank_A,E42,P007,WALLET
E02022,C0231,17070.91,INVOICE_OVERDUE,Bank_D,E42,P014,UPI
E02023,C0731,507.26,SUBSCRIPTION_FAILED,Bank_B,E42,P008,NETBANKING
E02024,C0306,9355.84,INVOICE_OVERDUE,Bank_D,E17,P017,CARD
E02025,C0324,15226.95,INVOICE_OVERDUE,Bank_A,E42,P007,WALLET
E02026,C0020,769.64,SUBSCRIPTION_FAILED,Bank_A,E42,P011,NETBANKING
E02027,C0117,13227.09,SUBSCRIPTION_FAILED,Bank_B,E23,P008,UPI
E02028,C0143,15673.39,INVOICE_OVERDUE,Bank_A,E23,P017,NETBANKING
E02029,C0947,20704.96,CHECKOUT_ABANDONED,Bank_B,E23,P002,CARD
E02030,C0767,5808.39,CHECKOUT_ABANDONED,Bank_A,E42,P015,CARD
E02031,C0045,9196.12,INVOICE_OVERDUE,Bank_A,E42,P020,WALLET
E02032,C0357,23083.06,SUBSCRIPTION_FAILED,Bank_A,E23,P019,WALLET
E02033,C0346,3163.68,SUBSCRIPTION_FAILED,Bank_D,E42,P016,WALLET
E02034,C0383,6858.32,CHECKOUT_ABANDONED,Bank_A,E11,P013,NETBANKING
E02035,C0145,5705.83,PAYMENT_FAILED,Bank_D,E42,P012,WALLET
E02036,C0149,15141.17,INVOICE_OVERDUE,Bank_D,E42,P003,WALLET
E02037,C0082,14565.3,PAYMENT_FAILED,Bank_D,E42,P005,NETBANKING
E02038,C0891,18771.96,PAYMENT_FAILED,Bank_A,E11,P009,UPI
E02039,C0307,5728.39,SUBSCRIPTION_FAILED,Bank_D,E42,P004,NETBANKING
E02040,C0161,17447.93,INVOICE_OVERDUE,Bank_A,E11,P016,WALLET
E02041,C0419,7743.24,PAYMENT_FAILED,Bank_D,E23,P006,CARD
E02042,C0022,22029.78,CHECKOUT_ABANDONED,Bank_B,E11,P015,UPI
E02043,C0717,13177.06,PAYMENT_FAILED,Bank_A,E17,P014,NETBANKING
E02044,C0173,10260.95,PAYMENT_FAILED,Bank_B,E42,P004,NETBANKING
E02045,C0518,741.06,PAYMENT_FAILED,Bank_D,E42,P019,NETBANKING
E02046,C0794,8894.59,SUBSCRIPTION_FAILED,Bank_D,E17,P009,CARD
E02047,C0786,8525.28,INVOICE_OVERDUE,Bank_A,E23,P005,CARD
E02048,C0776,24525.26,CHECKOUT_ABANDONED,Bank_C,E42,P012,UPI
E02049,C0782,9568.06,SUBSCRIPTION_FAILED,Bank_B,E23,P010,NETBANKING
E02050,C0026,16151.58,INVOICE_OVERDUE,Bank_D,E23,P013,NETBANKING
E02051,C0609,2288.89,SUBSCRIPTION_FAILED,Bank_A,E17,P006,CARD
E02052,C0965,1489.01,CHECKOUT_ABANDONED,Bank_C,E11,P018,CARD
E02053,C0644,2124.41,INVOICE_OVERDUE,Bank_B,E23,P003,WALLET
E02054,C0933,13597.14,SUBSCRIPTION_FAILED,Bank_D,E23,P016,NETBANKING
E02055,C0046,9851.06,INVOICE_OVERDUE,Bank_A,E23,P001,CARD
E02056,C0665,19121.66,CHECKOUT_ABANDONED,Bank_A,E11,P018,CARD
E02057,C0368,10915.49,INVOICE_OVERDUE,Bank_A,E42,P017,UPI
E02058,C0596,24942.21,SUBSCRIPTION_FAILED,Bank_B,E42,P008,UPI
E02059,C0906,10984.69,CHECKOUT_ABANDONED,Bank_A,E11,P006,CARD
E02060,C0411,7881.67,INVOICE_OVERDUE,Bank_D,E11,P003,WALLET
E02061,C0430,8454.59,PAYMENT_FAILED,Bank_B,E11,P019,CARD
E02062,C0164,19888.88,PAYMENT_FAILED,Bank_D,E23,P018,WALLET
E02063,C0208,6908.62,SUBSCRIPTION_FAILED,Bank_A,E11,P017,CARD
E02064,C0187,15828.18,CHECKOUT_ABANDONED,Bank_A,E42,P020,CARD
E02065,C0529,9500.35,CHECKOUT_ABANDONED,Bank_D,E17,P002,NETBANKING
E02066,C0484,18535.65,SUBSCRIPTION_FAILED,Bank_D,E17,P012,WALLET
E02067,C0455,4185.29,SUBSCRIPTION_FAILED,Bank_C,E42,P006,UPI
E02068,C0374,6073.09,SUBSCRIPTION_FAILED,Bank_C,E11,P006,WALLET
E02069,C0616,1400.66,PAYMENT_FAILED,Bank_C,E17,P005,WALLET
E02070,C0503,7622.25,INVOICE_OVERDUE,Bank_A,E42,P008,WALLET
E02071,C0947,3098.17,SUBSCRIPTION_FAILED,Bank_A,E42,P011,UPI
E02072,C0839,9857.32,INVOICE_OVERDUE,Bank_D,E23,P006,UPI
E02073,C0561,5345.31,PAYMENT_FAILED,Bank_D,E17,P017,WALLET
E02074,C0435,21547.1,INVOICE_OVERDUE,Bank_B,E23,P013,UPI
E02075,C0064,8793.2,PAYMENT_FAILED,Bank_D,E42,P003,CARD
E02076,C0357,17168.82,CHECKOUT_ABANDONED,Bank_A,E23,P004,NETBANKING
E02077,C0786,7888.45,INVOICE_OVERDUE,Bank_A,E11,P015,NETBANKING
E02078,C0247,6761.9,SUBSCRIPTION_FAILED,Bank_B,E23,P013,CARD
E02079,C0989,7422.31,CHECKOUT_ABANDONED,Bank_C,E17,P014,NETBANKING
E02080,C0849,24725.45,SUBSCRIPTION_FAILED,Bank_D,E11,P001,UPI
E02081,C0995,7318.46,CHECKOUT_ABANDONED,Bank_D,E11,P008,UPI
E02082,C0404,17485.18,CHECKOUT_ABANDONED,Bank_D,E23,P007,NETBANKING
E02083,C0427,8174.61,SUBSCRIPTION_FAILED,Bank_A,E42,P007,NETBANKING
E02084,C0951,7794.66,SUBSCRIPTION_FAILED,Bank_C,E17,P017,NETBANKING
E02085,C0667,14174.38,SUBSCRIPTION_FAILED,Bank_A,E42,P011,CARD
E02086,C0377,20802.13,PAYMENT_FAILED,Bank_B,E17,P013,NETBANKING
E02087,C0171,5253.38,SUBSCRIPTION_FAILED,Bank_A,E42,P006,CARD
E02088,C0944,23681.02,INVOICE_OVERDUE,Bank_B,E17,P006,CARD
E02089,C0222,15324.67,CHECKOUT_ABANDONED,Bank_A,E42,P003,CARD
E02090,C0274,10700.11,SUBSCRIPTION_FAILED,Bank_B,E42,P012,NETBANKING
E02091,C0012,22816.83,PAYMENT_FAILED,Bank_D,E11,P008,WALLET
E02092,C0062,23752.27,CHECKOUT_ABANDONED,Bank_B,E17,P010,CARD
E02093,C0191,18984.67,PAYMENT_FAILED,Bank_A,E23,P020,UPI
E02094,C0145,5221.57,INVOICE_OVERDUE,Bank_A,E11,P013,WALLET
E02095,C0172,11382.83,CHECKOUT_ABANDONED,Bank_C,E17,P001,CARD
E02096,C0068,2973.0,PAYMENT_FAILED,Bank_A,E42,P005,NETBANKING
E02097,C0372,17048.44,CHECKOUT_ABANDONED,Bank_B,E23,P019,WALLET
E02098,C0146,6713.64,CHECKOUT_ABANDONED,Bank_B,E11,P005,CARD
E02099,C0496,13652.0,PAYMENT_FAILED,Bank_B,E11,P014,WALLET
E02100,C0848,12760.76,INVOICE_OVERDUE,Bank_A,E42,P009,CARD
E02101,C0477,3538.58,CHECKOUT_ABANDONED,Bank_B,E11,P006,CARD
E02102,C0216,9246.27,SUBSCRIPTION_FAILED,Bank_C,E17,P008,WALLET
E02103,C0080,6639.28,CHECKOUT_ABANDONED,Bank_B,E42,P017,CARD
E02104,C0042,11327.0,PAYMENT_FAILED,Bank_A,E23,P005,NETBANKING
E02105,C0322,24128.9,INVOICE_OVERDUE,Bank_D,E17,P009,UPI
E02106,C0944,4576.5,INVOICE_OVERDUE,Bank_A,E17,P015,UPI
E02107,C0273,17273.26,PAYMENT_FAILED,Bank_C,E17,P008,CARD
E02108,C0120,15633.66,CHECKOUT_ABANDONED,Bank_C,E11,P015,WALLET
E02109,C0660,19855.61,PAYMENT_FAILED,Bank_A,E42,P004,CARD
E02110,C0346,7890.52,SUBSCRIPTION_FAILED,Bank_D,E42,P005,WALLET
E02111,C0087,19766.82,SUBSCRIPTION_FAILED,Bank_C,E42,P013,UPI
E02112,C0298,13340.4,INVOICE_OVERDUE,Bank_A,E42,P003,CARD
E02113,C0461,16787.74,INVOICE_OVERDUE,Bank_A,E42,P013,NETBANKING
E02114,C0176,8282.74,INVOICE_OVERDUE,Bank_C,E17,P015,WALLET
E02115,C0559,18654.7,SUBSCRIPTION_FAILED,Bank_A,E11,P001,CARD
E02116,C0175,15118.74,PAYMENT_FAILED,Bank_B,E17,P007,UPI
E02117,C0233,12660.32,SUBSCRIPTION_FAILED,Bank_C,E42,P002,NETBANKING
E02118,C0524,14545.58,SUBSCRIPTION_FAILED,Bank_A,E42,P012,WALLET
E02119,C0541,17086.0,PAYMENT_FAILED,Bank_A,E42,P017,CARD
E02120,C1000,3503.97,PAYMENT_FAILED,Bank_D,E23,P001,NETBANKING
E02121,C0077,16585.94,CHECKOUT_ABANDONED,Bank_A,E42,P011,WALLET
E02122,C0320,20951.21,INVOICE_OVERDUE,Bank_A,E42,P005,CARD
E02123,C0179,18654.55,INVOICE_OVERDUE,Bank_B,E11,P010,UPI
E02124,C0800,24059.71,CHECKOUT_ABANDONED,Bank_B,E17,P013,WALLET
E02125,C0055,11607.94,PAYMENT_FAILED,Bank_A,E42,P019,UPI
E02126,C0645,13555.88,PAYMENT_FAILED,Bank_D,E42,P002,NETBANKING
E02127,C0432,21344.23,INVOICE_OVERDUE,Bank_B,E11,P005,NETBANKING
E02128,C0015,7578.97,PAYMENT_FAILED,Bank_A,E11,P018,CARD
E02129,C0594,5083.88,PAYMENT_FAILED,Bank_B,E23,P005,NETBANKING
E02130,C0693,11566.16,SUBSCRIPTION_FAILED,Bank_A,E23,P012,CARD
E02131,C0471,15916.51,INVOICE_OVERDUE,Bank_C,E42,P013,WALLET
E02132,C0754,10171.22,SUBSCRIPTION_FAILED,Bank_B,E23,P020,WALLET
E02133,C0533,12930.15,CHECKOUT_ABANDONED,Bank_B,E23,P003,WALLET
E02134,C0771,5951.58,PAYMENT_FAILED,Bank_A,E42,P003,UPI
E02135,C0873,8254.93,INVOICE_OVERDUE,Bank_A,E42,P012,WALLET
E02136,C0971,9373.45,INVOICE_OVERDUE,Bank_C,E42,P005,UPI
E02137,C0557,2607.5,INVOICE_OVERDUE,Bank_C,E17,P013,UPI
E02138,C0664,21972.93,CHECKOUT_ABANDONED,Bank_C,E11,P008,UPI
E02139,C0127,5832.8,INVOICE_OVERDUE,Bank_A,E42,P010,WALLET
E02140,C0062,9313.44,CHECKOUT_ABANDONED,Bank_C,E23,P020,CARD
E02141,C0041,9134.01,PAYMENT_FAILED,Bank_C,E17,P001,CARD
E02142,C0397,20505.8,PAYMENT_FAILED,Bank_C,E11,P009,CARD
E02143,C0145,22674.06,INVOICE_OVERDUE,Bank_B,E23,P010,NETBANKING
E02144,C0787,14279.66,PAYMENT_FAILED,Bank_A,E23,P001,WALLET
E02145,C0789,4666.88,INVOICE_OVERDUE,Bank_D,E42,P020,CARD
E02146,C0160,24727.39,INVOICE_OVERDUE,Bank_B,E23,P004,UPI
E02147,C0133,16098.53,SUBSCRIPTION_FAILED,Bank_A,E42,P005,NETBANKING
E02148,C0225,4058.43,CHECKOUT_ABANDONED,Bank_B,E11,P016,UPI
E02149,C0293,23029.5,PAYMENT_FAILED,Bank_A,E42,P020,NETBANKING
E02150,C0184,19800.35,INVOICE_OVERDUE,Bank_B,E11,P019,NETBANKING
E02151,C0316,11200.14,INVOICE_OVERDUE,Bank_D,E11,P009,UPI
E02152,C0188,16184.94,CHECKOUT_ABANDONED,Bank_D,E11,P015,WALLET
E02153,C0613,22473.77,CHECKOUT_ABANDONED,Bank_A,E17,P019,UPI
E02154,C0992,20836.24,PAYMENT_FAILED,Bank_A,E42,P016,CARD
E02155,C0783,11107.29,CHECKOUT_ABANDONED,Bank_A,E42,P010,WALLET
E02156,C0391,16661.13,CHECKOUT_ABANDONED,Bank_A,E42,P014,UPI
E02157,C0572,12510.67,PAYMENT_FAILED,Bank_D,E23,P004,WALLET
E02158,C0264,3859.15,PAYMENT_FAILED,Bank_A,E42,P020,UPI
E02159,C0662,22561.52,CHECKOUT_ABANDONED,Bank_C,E23,P001,UPI
E02160,C0788,2199.33,INVOICE_OVERDUE,Bank_A,E42,P010,NETBANKING
E02161,C0371,19267.15,INVOICE_OVERDUE,Bank_B,E23,P015,UPI
E02162,C0513,10992.47,INVOICE_OVERDUE,Bank_D,E17,P013,WALLET
E02163,C0354,18784.48,PAYMENT_FAILED,Bank_A,E42,P005,CARD
E02164,C0467,16593.03,CHECKOUT_ABANDONED,Bank_C,E17,P017,CARD
E02165,C0634,15429.69,INVOICE_OVERDUE,Bank_D,E42,P018,UPI
E02166,C0657,6034.75,CHECKOUT_ABANDONED,Bank_B,E42,P003,CARD
E02167,C0763,22564.33,CHECKOUT_ABANDONED,Bank_D,E42,P020,WALLET
E02168,C0746,24770.0,CHECKOUT_ABANDONED,Bank_A,E42,P010,CARD
E02169,C0879,7948.81,SUBSCRIPTION_FAILED,Bank_A,E42,P006,NETBANKING
E02170,C0632,3673.65,PAYMENT_FAILED,Bank_A,E42,P012,WALLET
E02171,C0024,10525.88,SUBSCRIPTION_FAILED,Bank_D,E42,P014,CARD
E02172,C0583,15556.45,CHECKOUT_ABANDONED,Bank_A,E42,P004,UPI
E02173,C0244,6779.63,SUBSCRIPTION_FAILED,Bank_A,E23,P009,CARD
E02174,C0335,12122.28,CHECKOUT_ABANDONED,Bank_A,E42,P019,CARD
E02175,C0142,3087.32,SUBSCRIPTION_FAILED,Bank_C,E17,P004,NETBANKING
E02176,C0644,11717.34,INVOICE_OVERDUE,Bank_C,E23,P002,CARD
E02177,C0184,14648.11,SUBSCRIPTION_FAILED,Bank_A,E42,P017,UPI
E02178,C0067,1791.58,PAYMENT_FAILED,Bank_A,E42,P017,CARD
E02179,C0286,5073.15,CHECKOUT_ABANDONED,Bank_D,E11,P013,CARD
E02180,C0764,21824.2,INVOICE_OVERDUE,Bank_A,E42,P008,NETBANKING
E02181,C0478,24538.81,INVOICE_OVERDUE,Bank_C,E42,P012,UPI
E02182,C0022,6292.13,PAYMENT_FAILED,Bank_A,E42,P002,CARD
E02183,C0360,15687.8,INVOICE_OVERDUE,Bank_A,E42,P014,UPI
E02184,C0150,6197.01,SUBSCRIPTION_FAILED,Bank_C,E11,P008,NETBANKING
E02185,C0025,1977.62,SUBSCRIPTION_FAILED,Bank_A,E42,P018,UPI
E02186,C0592,8131.65,CHECKOUT_ABANDONED,Bank_C,E11,P007,NETBANKING
E02187,C0618,18757.31,PAYMENT_FAILED,Bank_C,E17,P003,CARD
E02188,C0478,7155.83,PAYMENT_FAILED,Bank_B,E11,P011,UPI
E02189,C0977,22243.99,SUBSCRIPTION_FAILED,Bank_A,E17,P016,UPI
E02190,C0652,2057.54,SUBSCRIPTION_FAILED,Bank_D,E11,P018,NETBANKING
E02191,C0495,12446.39,CHECKOUT_ABANDONED,Bank_D,E23,P005,NETBANKING
E02192,C0319,11253.36,SUBSCRIPTION_FAILED,Bank_A,E42,P007,CARD
E02193,C0004,10915.79,PAYMENT_FAILED,Bank_B,E17,P017,UPI
E02194,C0928,9020.53,INVOICE_OVERDUE,Bank_B,E11,P016,NETBANKING
E02195,C0060,24646.63,SUBSCRIPTION_FAILED,Bank_A,E17,P016,NETBANKING
E02196,C0094,4029.18,CHECKOUT_ABANDONED,Bank_A,E42,P020,NETBANKING
E02197,C0353,18600.56,INVOICE_OVERDUE,Bank_A,E42,P004,WALLET
E02198,C0197,23358.27,CHECKOUT_ABANDONED,Bank_A,E42,P016,WALLET
E02199,C0532,5130.14,SUBSCRIPTION_FAILED,Bank_A,E42,P019,WALLET
E02200,C0911,21009.38,CHECKOUT_ABANDONED,Bank_A,E11,P005,NETBANKING
E02201,C0481,24389.25,INVOICE_OVERDUE,Bank_C,E11,P001,UPI
E02202,C0195,7997.41,SUBSCRIPTION_FAILED,Bank_A,E42,P004,UPI
E02203,C0967,7209.94,INVOICE_OVERDUE,Bank_C,E17,P013,WALLET
E02204,C0633,24372.45,INVOICE_OVERDUE,Bank_C,E11,P019,NETBANKING
E02205,C0331,651.49,PAYMENT_FAILED,Bank_B,E23,P020,CARD
E02206,C0343,14628.82,PAYMENT_FAILED,Bank_B,E17,P003,NETBANKING
E02207,C0696,22935.15,CHECKOUT_ABANDONED,Bank_C,E23,P008,NETBANKING
E02208,C0982,17603.49,SUBSCRIPTION_FAILED,Bank_D,E17,P002,NETBANKING
E02209,C0776,20140.76,SUBSCRIPTION_FAILED,Bank_A,E42,P010,NETBANKING
E02210,C0531,9064.51,SUBSCRIPTION_FAILED,Bank_A,E17,P003,NETBANKING
E02211,C0583,9632.01,CHECKOUT_ABANDONED,Bank_D,E17,P001,WALLET
E02212,C0556,15759.45,INVOICE_OVERDUE,Bank_C,E17,P008,UPI
E02213,C0632,13117.45,INVOICE_OVERDUE,Bank_B,E17,P014,NETBANKING
E02214,C0168,7778.39,CHECKOUT_ABANDONED,Bank_B,E17,P014,WALLET
E02215,C0041,17968.51,CHECKOUT_ABANDONED,Bank_D,E11,P014,CARD
E02216,C0665,13621.13,INVOICE_OVERDUE,Bank_A,E23,P002,WALLET
E02217,C0003,7895.62,INVOICE_OVERDUE,Bank_A,E23,P017,WALLET
E02218,C0655,9566.88,PAYMENT_FAILED,Bank_A,E42,P007,WALLET
E02219,C0787,9153.65,PAYMENT_FAILED,Bank_A,E11,P014,WALLET
E02220,C0670,22359.96,INVOICE_OVERDUE,Bank_A,E42,P004,WALLET
E02221,C0295,9560.07,SUBSCRIPTION_FAILED,Bank_C,E42,P010,UPI
E02222,C0265,3773.73,CHECKOUT_ABANDONED,Bank_A,E42,P004,WALLET
E02223,C0712,17482.71,CHECKOUT_ABANDONED,Bank_B,E17,P004,NETBANKING
E02224,C0714,6803.87,SUBSCRIPTION_FAILED,Bank_C,E23,P007,WALLET
E02225,C0487,20494.26,SUBSCRIPTION_FAILED,Bank_C,E42,P004,NETBANKING
E02226,C0674,12097.46,SUBSCRIPTION_FAILED,Bank_D,E17,P017,CARD
E02227,C0848,11618.65,SUBSCRIPTION_FAILED,Bank_A,E42,P015,WALLET
E02228,C0860,24373.86,INVOICE_OVERDUE,Bank_A,E42,P016,NETBANKING
E02229,C0943,7008.55,INVOICE_OVERDUE,Bank_C,E17,P004,NETBANKING
E02230,C0973,10851.25,CHECKOUT_ABANDONED,Bank_C,E11,P014,UPI
E02231,C0503,11821.51,CHECKOUT_ABANDONED,Bank_A,E42,P002,CARD
E02232,C0871,23860.43,SUBSCRIPTION_FAILED,Bank_A,E42,P018,CARD
E02233,C0067,9883.09,CHECKOUT_ABANDONED,Bank_B,E17,P013,WALLET
E02234,C0715,7679.93,CHECKOUT_ABANDONED,Bank_A,E23,P012,CARD
E02235,C0267,9807.82,INVOICE_OVERDUE,Bank_B,E11,P001,WALLET
E02236,C0424,19838.73,CHECKOUT_ABANDONED,Bank_B,E23,P005,UPI
E02237,C0615,1704.26,CHECKOUT_ABANDONED,Bank_C,E17,P020,WALLET
E02238,C0162,4282.24,PAYMENT_FAILED,Bank_A,E42,P014,WALLET
E02239,C0501,16725.08,INVOICE_OVERDUE,Bank_B,E11,P002,WALLET
E02240,C0657,24952.86,PAYMENT_FAILED,Bank_B,E11,P015,NETBANKING
E02241,C0703,14273.77,CHECKOUT_ABANDONED,Bank_A,E17,P014,CARD
E02242,C0327,23193.46,PAYMENT_FAILED,Bank_A,E23,P004,WALLET
E02243,C0972,18966.8,SUBSCRIPTION_FAILED,Bank_C,E23,P020,NETBANKING
E02244,C0106,577.14,SUBSCRIPTION_FAILED,Bank_C,E11,P009,NETBANKING
E02245,C0178,19961.44,PAYMENT_FAILED,Bank_A,E17,P003,CARD
E02246,C0098,23489.58,PAYMENT_FAILED,Bank_C,E42,P016,CARD
E02247,C0043,868.22,INVOICE_OVERDUE,Bank_A,E42,P005,WALLET
E02248,C0419,1913.61,SUBSCRIPTION_FAILED,Bank_A,E42,P016,NETBANKING
E02249,C0543,19280.78,PAYMENT_FAILED,Bank_A,E17,P004,UPI
E02250,C0054,1907.41,INVOICE_OVERDUE,Bank_A,E42,P019,CARD
E02251,C0598,986.89,CHECKOUT_ABANDONED,Bank_C,E17,P009,UPI
E02252,C0361,22602.39,CHECKOUT_ABANDONED,Bank_B,E23,P005,WALLET
E02253,C0596,5202.09,CHECKOUT_ABANDONED,Bank_B,E42,P018,NETBANKING
E02254,C0658,2390.81,INVOICE_OVERDUE,Bank_B,E23,P008,UPI
E02255,C0662,22422.43,SUBSCRIPTION_FAILED,Bank_A,E23,P009,CARD
E02256,C0982,4490.93,INVOICE_OVERDUE,Bank_C,E11,P014,WALLET
E02257,C0719,8682.52,INVOICE_OVERDUE,Bank_A,E11,P012,CARD
E02258,C0994,4929.33,SUBSCRIPTION_FAILED,Bank_A,E42,P008,UPI
E02259,C0697,11194.49,INVOICE_OVERDUE,Bank_A,E11,P009,WALLET
E02260,C0370,17445.71,CHECKOUT_ABANDONED,Bank_A,E17,P018,UPI
E02261,C0378,19747.93,CHECKOUT_ABANDONED,Bank_D,E23,P017,UPI
E02262,C0026,22485.14,CHECKOUT_ABANDONED,Bank_D,E42,P018,WALLET
E02263,C0385,15475.72,PAYMENT_FAILED,Bank_A,E23,P012,NETBANKING
E02264,C0913,16476.84,PAYMENT_FAILED,Bank_D,E17,P019,WALLET
E02265,C0991,1354.07,CHECKOUT_ABANDONED,Bank_B,E17,P013,CARD
E02266,C0170,567.62,PAYMENT_FAILED,Bank_A,E42,P015,WALLET
E02267,C0936,3717.82,SUBSCRIPTION_FAILED,Bank_B,E17,P009,WALLET
E02268,C0489,11416.6,SUBSCRIPTION_FAILED,Bank_A,E42,P002,UPI
E02269,C0483,15168.34,SUBSCRIPTION_FAILED,Bank_A,E42,P020,WALLET
E02270,C0804,7314.35,CHECKOUT_ABANDONED,Bank_A,E17,P002,NETBANKING
E02271,C0697,13160.24,PAYMENT_FAILED,Bank_B,E17,P002,NETBANKING
E02272,C0657,24278.15,CHECKOUT_ABANDONED,Bank_B,E11,P002,WALLET
E02273,C0967,4004.03,INVOICE_OVERDUE,Bank_A,E23,P016,CARD
E02274,C0691,2534.11,PAYMENT_FAILED,Bank_B,E11,P008,WALLET
E02275,C0391,23445.05,CHECKOUT_ABANDONED,Bank_D,E17,P005,UPI
E02276,C0279,3097.43,INVOICE_OVERDUE,Bank_D,E17,P002,WALLET
E02277,C0714,13517.8,SUBSCRIPTION_FAILED,Bank_C,E17,P005,CARD
E02278,C0648,1569.77,INVOICE_OVERDUE,Bank_A,E42,P018,WALLET
E02279,C0914,17208.63,SUBSCRIPTION_FAILED,Bank_A,E42,P020,NETBANKING
E02280,C0925,11786.55,CHECKOUT_ABANDONED,Bank_B,E42,P016,NETBANKING
E02281,C0632,10566.34,PAYMENT_FAILED,Bank_A,E42,P012,CARD
E02282,C0158,20420.38,PAYMENT_FAILED,Bank_A,E42,P003,UPI
E02283,C0686,18176.61,PAYMENT_FAILED,Bank_A,E11,P003,NETBANKING
E02284,C0176,2399.61,SUBSCRIPTION_FAILED,Bank_B,E42,P012,UPI
E02285,C0668,20640.74,CHECKOUT_ABANDONED,Bank_A,E11,P014,UPI
E02286,C0989,21866.22,CHECKOUT_ABANDONED,Bank_A,E11,P011,NETBANKING
E02287,C0195,3366.96,INVOICE_OVERDUE,Bank_D,E17,P017,NETBANKING
E02288,C0766,11012.69,SUBSCRIPTION_FAILED,Bank_A,E42,P012,CARD
E02289,C0030,15092.4,CHECKOUT_ABANDONED,Bank_A,E23,P012,WALLET
E02290,C0595,3344.38,PAYMENT_FAILED,Bank_B,E42,P005,NETBANKING
E02291,C0100,15519.49,INVOICE_OVERDUE,Bank_C,E17,P011,NETBANKING
E02292,C0020,5723.28,INVOICE_OVERDUE,Bank_A,E23,P014,CARD
E02293,C0149,23576.97,CHECKOUT_ABANDONED,Bank_B,E23,P018,WALLET
E02294,C0579,12385.45,PAYMENT_FAILED,Bank_A,E42,P006,WALLET
E02295,C0970,24511.59,CHECKOUT_ABANDONED,Bank_A,E42,P010,NETBANKING
E02296,C0834,13682.19,SUBSCRIPTION_FAILED,Bank_C,E23,P011,NETBANKING
E02297,C0949,5239.7,PAYMENT_FAILED,Bank_A,E42,P020,UPI
E02298,C0684,17959.46,SUBSCRIPTION_FAILED,Bank_A,E42,P007,CARD
E02299,C0554,19523.37,PAYMENT_FAILED,Bank_D,E42,P001,WALLET
E02300,C0314,2294.0,INVOICE_OVERDUE,Bank_C,E23,P003,WALLET
E02301,C0062,3272.91,CHECKOUT_ABANDONED,Bank_B,E11,P001,NETBANKING
E02302,C0603,1035.46,INVOICE_OVERDUE,Bank_D,E42,P013,CARD
E02303,C0071,2586.53,SUBSCRIPTION_FAILED,Bank_B,E17,P015,NETBANKING
E02304,C0681,21566.36,SUBSCRIPTION_FAILED,Bank_D,E11,P017,WALLET
E02305,C0811,22953.65,PAYMENT_FAILED,Bank_C,E42,P017,WALLET
E02306,C0317,1271.61,PAYMENT_FAILED,Bank_B,E42,P014,NETBANKING
E02307,C0201,18156.63,CHECKOUT_ABANDONED,Bank_A,E42,P001,UPI
E02308,C0257,6780.78,SUBSCRIPTION_FAILED,Bank_A,E42,P001,WALLET
E02309,C0893,11047.89,PAYMENT_FAILED,Bank_C,E11,P016,NETBANKING
E02310,C0374,14047.4,SUBSCRIPTION_FAILED,Bank_A,E11,P018,WALLET
E02311,C0544,14073.9,INVOICE_OVERDUE,Bank_B,E42,P007,NETBANKING
E02312,C0956,2089.46,PAYMENT_FAILED,Bank_A,E11,P015,NETBANKING
E02313,C0839,10653.09,CHECKOUT_ABANDONED,Bank_B,E42,P002,CARD
E02314,C0629,3569.21,PAYMENT_FAILED,Bank_A,E11,P018,CARD
E02315,C0094,20021.33,SUBSCRIPTION_FAILED,Bank_D,E23,P017,UPI
E02316,C0206,1465.25,CHECKOUT_ABANDONED,Bank_A,E11,P005,NETBANKING
E02317,C0643,4930.55,CHECKOUT_ABANDONED,Bank_A,E42,P013,WALLET
E02318,C0672,17342.15,CHECKOUT_ABANDONED,Bank_A,E42,P001,CARD
E02319,C0506,9599.64,INVOICE_OVERDUE,Bank_D,E11,P014,NETBANKING
E02320,C0397,18315.29,PAYMENT_FAILED,Bank_C,E17,P009,WALLET
E02321,C0217,17415.58,INVOICE_OVERDUE,Bank_A,E42,P008,NETBANKING
E02322,C0288,5542.54,INVOICE_OVERDUE,Bank_A,E42,P011,NETBANKING
E02323,C0770,19236.74,PAYMENT_FAILED,Bank_D,E17,P008,UPI
E02324,C0335,11940.31,INVOICE_OVERDUE,Bank_D,E17,P014,WALLET
E02325,C0649,10985.95,CHECKOUT_ABANDONED,Bank_C,E11,P001,CARD
E02326,C0488,17984.22,SUBSCRIPTION_FAILED,Bank_C,E42,P002,WALLET
E02327,C0399,1719.01,PAYMENT_FAILED,Bank_A,E23,P008,NETBANKING
E02328,C0557,13918.71,INVOICE_OVERDUE,Bank_C,E17,P006,NETBANKING
E02329,C0528,13020.43,CHECKOUT_ABANDONED,Bank_C,E11,P006,WALLET
E02330,C0694,15462.77,PAYMENT_FAILED,Bank_A,E42,P018,WALLET
E02331,C0069,24912.51,PAYMENT_FAILED,Bank_B,E17,P009,UPI
E02332,C0818,3795.58,CHECKOUT_ABANDONED,Bank_A,E11,P018,CARD
E02333,C0320,24369.12,INVOICE_OVERDUE,Bank_A,E17,P011,NETBANKING
E02334,C0375,16472.65,SUBSCRIPTION_FAILED,Bank_A,E42,P008,WALLET
E02335,C0679,9328.1,CHECKOUT_ABANDONED,Bank_B,E11,P018,CARD
E02336,C0534,1277.23,CHECKOUT_ABANDONED,Bank_D,E23,P002,CARD
E02337,C0063,21818.8,PAYMENT_FAILED,Bank_D,E17,P008,WALLET
E02338,C0865,15548.48,SUBSCRIPTION_FAILED,Bank_A,E23,P010,WALLET
E02339,C0928,11604.64,INVOICE_OVERDUE,Bank_A,E42,P018,UPI
E02340,C0657,20920.62,CHECKOUT_ABANDONED,Bank_B,E11,P016,WALLET
E02341,C0312,10585.82,INVOICE_OVERDUE,Bank_A,E42,P019,WALLET
E02342,C0403,17852.66,PAYMENT_FAILED,Bank_D,E11,P011,CARD
E02343,C0188,4848.77,INVOICE_OVERDUE,Bank_D,E42,P012,CARD
E02344,C0686,9439.45,SUBSCRIPTION_FAILED,Bank_B,E23,P002,WALLET
E02345,C0862,15203.47,INVOICE_OVERDUE,Bank_B,E17,P011,NETBANKING
E02346,C0919,17634.68,SUBSCRIPTION_FAILED,Bank_B,E23,P001,UPI
E02347,C0540,15956.93,PAYMENT_FAILED,Bank_A,E23,P005,UPI
E02348,C0369,626.69,INVOICE_OVERDUE,Bank_C,E42,P019,NETBANKING
E02349,C0886,9455.52,CHECKOUT_ABANDONED,Bank_D,E42,P013,UPI
E02350,C0228,1406.38,SUBSCRIPTION_FAILED,Bank_D,E17,P006,WALLET
E02351,C0160,14274.02,SUBSCRIPTION_FAILED,Bank_A,E42,P007,UPI
E02352,C0731,14704.8,CHECKOUT_ABANDONED,Bank_A,E42,P010,CARD
E02353,C0547,14406.35,PAYMENT_FAILED,Bank_A,E42,P015,CARD
E02354,C0840,24630.81,PAYMENT_FAILED,Bank_A,E42,P011,UPI
E02355,C0572,15541.24,SUBSCRIPTION_FAILED,Bank_C,E42,P013,UPI
E02356,C0056,22515.23,PAYMENT_FAILED,Bank_C,E17,P005,UPI
E02357,C0933,4160.4,SUBSCRIPTION_FAILED,Bank_B,E23,P014,CARD
E02358,C0099,9046.77,INVOICE_OVERDUE,Bank_A,E42,P015,NETBANKING
E02359,C0182,14246.4,PAYMENT_FAILED,Bank_A,E42,P013,WALLET
E02360,C0549,13661.83,SUBSCRIPTION_FAILED,Bank_D,E42,P018,WALLET
E02361,C0054,12357.36,SUBSCRIPTION_FAILED,Bank_C,E11,P010,UPI
E02362,C0041,10839.45,SUBSCRIPTION_FAILED,Bank_A,E42,P014,WALLET
E02363,C0223,16907.16,CHECKOUT_ABANDONED,Bank_A,E11,P002,CARD
E02364,C0201,20140.65,SUBSCRIPTION_FAILED,Bank_C,E42,P014,NETBANKING
E02365,C0199,14738.78,CHECKOUT_ABANDONED,Bank_A,E42,P017,UPI
E02366,C0720,20493.2,CHECKOUT_ABANDONED,Bank_D,E42,P015,NETBANKING
E02367,C0752,18161.72,INVOICE_OVERDUE,Bank_A,E42,P001,WALLET
E02368,C0577,10672.66,INVOICE_OVERDUE,Bank_A,E42,P005,WALLET
E02369,C0080,17568.06,INVOICE_OVERDUE,Bank_C,E17,P015,UPI
E02370,C0311,17543.66,SUBSCRIPTION_FAILED,Bank_A,E42,P008,CARD
E02371,C0334,14327.34,SUBSCRIPTION_FAILED,Bank_C,E23,P003,CARD
E02372,C0217,19750.24,INVOICE_OVERDUE,Bank_B,E23,P009,CARD
E02373,C0535,8290.19,CHECKOUT_ABANDONED,Bank_D,E42,P013,NETBANKING
E02374,C0050,12556.09,CHECKOUT_ABANDONED,Bank_A,E42,P018,UPI
E02375,C0681,2616.04,PAYMENT_FAILED,Bank_D,E11,P001,NETBANKING
E02376,C0931,24077.12,INVOICE_OVERDUE,Bank_D,E17,P014,UPI
E02377,C0147,11912.4,SUBSCRIPTION_FAILED,Bank_D,E11,P002,CARD
E02378,C0599,2924.15,CHECKOUT_ABANDONED,Bank_C,E23,P014,WALLET
E02379,C0664,13120.65,PAYMENT_FAILED,Bank_D,E11,P016,NETBANKING
E02380,C0961,17774.11,INVOICE_OVERDUE,Bank_B,E42,P018,UPI
E02381,C0709,21429.15,CHECKOUT_ABANDONED,Bank_B,E42,P017,NETBANKING
E02382,C0489,7575.41,PAYMENT_FAILED,Bank_A,E23,P010,UPI
E02383,C0895,9328.87,INVOICE_OVERDUE,Bank_A,E42,P015,UPI
E02384,C0906,24784.22,PAYMENT_FAILED,Bank_D,E17,P017,CARD
E02385,C0864,1200.9,PAYMENT_FAILED,Bank_C,E11,P014,CARD
E02386,C0205,13289.26,INVOICE_OVERDUE,Bank_C,E11,P012,NETBANKING
E02387,C0326,12167.24,CHECKOUT_ABANDONED,Bank_D,E17,P018,CARD
E02388,C0069,14043.81,SUBSCRIPTION_FAILED,Bank_D,E11,P016,WALLET
E02389,C0501,18959.14,INVOICE_OVERDUE,Bank_C,E17,P002,CARD
E02390,C0008,13979.16,PAYMENT_FAILED,Bank_D,E17,P009,WALLET
E02391,C0167,19205.21,INVOICE_OVERDUE,Bank_B,E42,P008,UPI
E02392,C0395,9273.04,PAYMENT_FAILED,Bank_C,E23,P001,WALLET
E02393,C0505,5542.66,INVOICE_OVERDUE,Bank_A,E11,P002,CARD
E02394,C0695,23238.89,INVOICE_OVERDUE,Bank_C,E23,P020,UPI
E02395,C0653,10364.08,PAYMENT_FAILED,Bank_C,E17,P001,UPI
E02396,C0848,22350.51,CHECKOUT_ABANDONED,Bank_B,E11,P005,UPI
E02397,C0549,2119.54,INVOICE_OVERDUE,Bank_C,E11,P020,WALLET
E02398,C0013,24674.08,CHECKOUT_ABANDONED,Bank_D,E11,P007,CARD
E02399,C0903,6457.83,CHECKOUT_ABANDONED,Bank_D,E17,P008,UPI
E02400,C0193,14725.87,INVOICE_OVERDUE,Bank_A,E42,P001,CARD
E02401,C0955,24284.87,PAYMENT_FAILED,Bank_A,E42,P013,CARD
E02402,C0744,8861.15,SUBSCRIPTION_FAILED,Bank_A,E42,P009,NETBANKING
E02403,C0518,706.44,PAYMENT_FAILED,Bank_A,E17,P016,NETBANKING
E02404,C0192,24172.99,CHECKOUT_ABANDONED,Bank_A,E11,P012,NETBANKING
E02405,C0823,10382.39,CHECKOUT_ABANDONED,Bank_A,E17,P008,NETBANKING
E02406,C0158,20078.51,SUBSCRIPTION_FAILED,Bank_A,E42,P003,NETBANKING
E02407,C0227,17907.9,SUBSCRIPTION_FAILED,Bank_C,E42,P002,WALLET
E02408,C0151,10223.48,CHECKOUT_ABANDONED,Bank_B,E11,P016,NETBANKING
E02409,C0958,7635.1,CHECKOUT_ABANDONED,Bank_B,E17,P003,WALLET
E02410,C0624,10286.57,SUBSCRIPTION_FAILED,Bank_B,E23,P004,UPI
E02411,C0881,18499.8,CHECKOUT_ABANDONED,Bank_A,E42,P019,NETBANKING
E02412,C0820,5369.76,SUBSCRIPTION_FAILED,Bank_B,E42,P005,WALLET
E02413,C0585,8118.67,SUBSCRIPTION_FAILED,Bank_B,E17,P005,CARD
E02414,C0595,7609.55,PAYMENT_FAILED,Bank_A,E17,P020,WALLET
E02415,C0296,4777.15,PAYMENT_FAILED,Bank_A,E42,P010,UPI
E02416,C0002,9193.27,PAYMENT_FAILED,Bank_C,E42,P006,NETBANKING
E02417,C0282,17203.49,INVOICE_OVERDUE,Bank_C,E23,P011,CARD
E02418,C0973,14600.16,SUBSCRIPTION_FAILED,Bank_D,E42,P001,CARD
E02419,C0375,3394.42,SUBSCRIPTION_FAILED,Bank_B,E42,P004,CARD
E02420,C0727,2559.85,INVOICE_OVERDUE,Bank_C,E17,P020,CARD
E02421,C0011,15012.3,PAYMENT_FAILED,Bank_D,E17,P002,NETBANKING
E02422,C0350,3422.32,INVOICE_OVERDUE,Bank_A,E17,P009,CARD
E02423,C0705,14990.57,INVOICE_OVERDUE,Bank_A,E17,P017,WALLET
E02424,C0189,20453.15,SUBSCRIPTION_FAILED,Bank_B,E23,P009,CARD
E02425,C0640,2618.24,SUBSCRIPTION_FAILED,Bank_C,E11,P019,WALLET
E02426,C0062,9621.76,PAYMENT_FAILED,Bank_A,E17,P014,NETBANKING
E02427,C0833,7041.37,INVOICE_OVERDUE,Bank_D,E17,P017,WALLET
E02428,C0581,14427.74,INVOICE_OVERDUE,Bank_D,E17,P008,NETBANKING
E02429,C0452,4463.71,PAYMENT_FAILED,Bank_C,E42,P001,CARD
E02430,C0080,18746.96,INVOICE_OVERDUE,Bank_D,E17,P019,NETBANKING
E02431,C0577,7642.08,CHECKOUT_ABANDONED,Bank_A,E11,P003,NETBANKING
E02432,C0179,6375.88,CHECKOUT_ABANDONED,Bank_C,E11,P006,CARD
E02433,C0771,21118.81,PAYMENT_FAILED,Bank_A,E42,P005,WALLET
E02434,C0630,14718.05,SUBSCRIPTION_FAILED,Bank_D,E11,P017,WALLET
E02435,C0822,22628.31,SUBSCRIPTION_FAILED,Bank_D,E17,P012,CARD
E02436,C0335,15278.41,PAYMENT_FAILED,Bank_C,E17,P002,CARD
E02437,C0189,3200.69,CHECKOUT_ABANDONED,Bank_A,E42,P005,NETBANKING
E02438,C0563,5111.09,INVOICE_OVERDUE,Bank_C,E17,P010,UPI
E02439,C0061,9514.09,SUBSCRIPTION_FAILED,Bank_B,E11,P002,UPI
E02440,C0918,6774.07,CHECKOUT_ABANDONED,Bank_B,E42,P014,NETBANKING
E02441,C0326,14405.75,CHECKOUT_ABANDONED,Bank_D,E42,P007,NETBANKING
E02442,C0307,16418.46,INVOICE_OVERDUE,Bank_D,E17,P007,CARD
E02443,C0689,15221.0,PAYMENT_FAILED,Bank_A,E42,P020,UPI
E02444,C0924,18876.06,INVOICE_OVERDUE,Bank_A,E42,P006,NETBANKING
E02445,C0975,8950.49,SUBSCRIPTION_FAILED,Bank_A,E42,P011,NETBANKING
E02446,C0386,2199.81,CHECKOUT_ABANDONED,Bank_D,E42,P002,WALLET
E02447,C0221,20131.51,CHECKOUT_ABANDONED,Bank_B,E23,P016,CARD
E02448,C0897,15962.9,INVOICE_OVERDUE,Bank_A,E42,P005,NETBANKING
E02449,C0282,7814.93,INVOICE_OVERDUE,Bank_D,E17,P016,CARD
E02450,C0805,20712.58,CHECKOUT_ABANDONED,Bank_B,E23,P004,UPI
E02451,C0685,9403.93,CHECKOUT_ABANDONED,Bank_C,E11,P008,UPI
E02452,C0229,8662.27,CHECKOUT_ABANDONED,Bank_C,E42,P015,WALLET
E02453,C0042,15858.11,PAYMENT_FAILED,Bank_C,E17,P018,CARD
E02454,C0781,19837.68,PAYMENT_FAILED,Bank_C,E11,P001,NETBANKING
E02455,C0549,16384.22,PAYMENT_FAILED,Bank_C,E11,P010,UPI
E02456,C0791,22028.56,PAYMENT_FAILED,Bank_B,E42,P016,NETBANKING
E02457,C0609,21383.72,PAYMENT_FAILED,Bank_B,E11,P007,WALLET
E02458,C0130,1364.58,CHECKOUT_ABANDONED,Bank_B,E17,P019,CARD
E02459,C0595,15503.3,SUBSCRIPTION_FAILED,Bank_C,E17,P004,NETBANKING
E02460,C0367,12009.63,SUBSCRIPTION_FAILED,Bank_A,E17,P010,UPI
E02461,C0192,19941.22,CHECKOUT_ABANDONED,Bank_B,E23,P016,UPI
E02462,C0038,6525.52,PAYMENT_FAILED,Bank_C,E42,P014,NETBANKING
E02463,C0413,23722.0,INVOICE_OVERDUE,Bank_A,E42,P005,WALLET
E02464,C0552,2167.38,PAYMENT_FAILED,Bank_B,E23,P018,NETBANKING
E02465,C0231,6746.53,CHECKOUT_ABANDONED,Bank_B,E23,P006,CARD
E02466,C0944,9247.76,INVOICE_OVERDUE,Bank_A,E42,P006,UPI
E02467,C0803,24895.56,CHECKOUT_ABANDONED,Bank_A,E17,P010,CARD
E02468,C0866,1209.9,INVOICE_OVERDUE,Bank_D,E42,P003,WALLET
E02469,C0362,17691.39,PAYMENT_FAILED,Bank_A,E42,P001,UPI
E02470,C0679,11720.27,PAYMENT_FAILED,Bank_D,E17,P002,CARD
E02471,C0821,14108.73,INVOICE_OVERDUE,Bank_D,E17,P013,WALLET
E02472,C0903,22578.95,INVOICE_OVERDUE,Bank_C,E11,P001,UPI
E02473,C0893,24978.52,CHECKOUT_ABANDONED,Bank_B,E42,P013,UPI
E02474,C0335,11838.01,CHECKOUT_ABANDONED,Bank_A,E42,P016,NETBANKING
E02475,C0902,21231.59,CHECKOUT_ABANDONED,Bank_C,E17,P009,UPI
E02476,C0939,15701.28,INVOICE_OVERDUE,Bank_B,E17,P004,UPI
E02477,C0144,19190.29,PAYMENT_FAILED,Bank_B,E17,P010,CARD
E02478,C0977,22953.79,INVOICE_OVERDUE,Bank_B,E42,P020,NETBANKING
E02479,C0248,7032.71,INVOICE_OVERDUE,Bank_C,E17,P007,CARD
E02480,C0312,22789.41,CHECKOUT_ABANDONED,Bank_D,E42,P001,UPI
E02481,C0701,9571.96,SUBSCRIPTION_FAILED,Bank_A,E42,P014,UPI
E02482,C0117,21820.0,CHECKOUT_ABANDONED,Bank_C,E11,P019,CARD
E02483,C0838,11083.88,CHECKOUT_ABANDONED,Bank_D,E11,P011,NETBANKING
E02484,C0738,10254.56,PAYMENT_FAILED,Bank_B,E17,P020,UPI
E02485,C0630,18019.83,INVOICE_OVERDUE,Bank_A,E42,P013,UPI
E02486,C0871,5253.51,CHECKOUT_ABANDONED,Bank_C,E42,P016,UPI
E02487,C0900,2068.15,PAYMENT_FAILED,Bank_C,E17,P017,NETBANKING
E02488,C0448,24396.56,CHECKOUT_ABANDONED,Bank_D,E42,P002,WALLET
E02489,C0728,13894.02,CHECKOUT_ABANDONED,Bank_A,E23,P005,NETBANKING
E02490,C0971,6240.53,INVOICE_OVERDUE,Bank_D,E17,P014,NETBANKING
E02491,C0121,7170.13,PAYMENT_FAILED,Bank_A,E42,P012,NETBANKING
E02492,C0424,17374.89,SUBSCRIPTION_FAILED,Bank_C,E17,P005,WALLET
E02493,C0163,15868.29,PAYMENT_FAILED,Bank_C,E23,P010,UPI
E02494,C0862,1074.38,SUBSCRIPTION_FAILED,Bank_A,E42,P007,CARD
E02495,C0459,9517.15,CHECKOUT_ABANDONED,Bank_B,E42,P020,CARD
E02496,C0382,15681.26,INVOICE_OVERDUE,Bank_C,E42,P011,UPI
E02497,C0440,17795.51,INVOICE_OVERDUE,Bank_C,E42,P013,NETBANKING
E02498,C0036,13447.09,PAYMENT_FAILED,Bank_B,E11,P002,UPI
E02499,C0466,3082.42,INVOICE_OVERDUE,Bank_D,E42,P018,CARD
E02500,C0652,12581.94,INVOICE_OVERDUE,Bank_D,E11,P009,NETBANKING
E02501,C0190,12852.54,CHECKOUT_ABANDONED,Bank_C,E23,P017,UPI
E02502,C0664,7873.51,INVOICE_OVERDUE,Bank_D,E23,P020,CARD
E02503,C0995,3363.41,SUBSCRIPTION_FAILED,Bank_B,E42,P005,NETBANKING
E02504,C0239,16293.29,SUBSCRIPTION_FAILED,Bank_A,E42,P019,WALLET
E02505,C0056,8589.55,INVOICE_OVERDUE,Bank_B,E11,P009,WALLET
E02506,C0081,2815.64,CHECKOUT_ABANDONED,Bank_A,E42,P001,WALLET
E02507,C0371,2159.77,PAYMENT_FAILED,Bank_D,E42,P006,UPI
E02508,C0550,14698.77,SUBSCRIPTION_FAILED,Bank_B,E11,P015,WALLET
E02509,C0896,19833.56,INVOICE_OVERDUE,Bank_C,E17,P020,UPI
E02510,C0938,17970.85,INVOICE_OVERDUE,Bank_D,E42,P009,UPI
E02511,C0959,3933.19,PAYMENT_FAILED,Bank_D,E23,P018,UPI
E02512,C1000,8535.97,CHECKOUT_ABANDONED,Bank_A,E23,P005,CARD
E02513,C0709,7102.88,CHECKOUT_ABANDONED,Bank_A,E42,P016,NETBANKING
E02514,C0205,6205.28,INVOICE_OVERDUE,Bank_C,E42,P014,NETBANKING
E02515,C0069,7553.54,PAYMENT_FAILED,Bank_A,E42,P018,CARD
E02516,C0848,24216.79,INVOICE_OVERDUE,Bank_A,E42,P016,UPI
E02517,C0272,2024.04,SUBSCRIPTION_FAILED,Bank_D,E42,P014,CARD
E02518,C0020,19086.69,SUBSCRIPTION_FAILED,Bank_C,E11,P012,NETBANKING
E02519,C0058,6584.28,INVOICE_OVERDUE,Bank_A,E42,P007,NETBANKING
E02520,C0759,11841.28,SUBSCRIPTION_FAILED,Bank_D,E42,P013,NETBANKING
E02521,C0275,24361.32,SUBSCRIPTION_FAILED,Bank_A,E42,P011,NETBANKING
E02522,C0962,23051.9,INVOICE_OVERDUE,Bank_A,E42,P007,NETBANKING
E02523,C0895,24458.83,SUBSCRIPTION_FAILED,Bank_C,E42,P005,CARD
E02524,C0893,10096.4,CHECKOUT_ABANDONED,Bank_C,E23,P010,WALLET
E02525,C0397,19392.96,CHECKOUT_ABANDONED,Bank_A,E23,P019,CARD
E02526,C0735,16963.37,PAYMENT_FAILED,Bank_B,E11,P009,NETBANKING
E02527,C0835,17641.72,CHECKOUT_ABANDONED,Bank_A,E17,P017,WALLET
E02528,C0950,24619.09,PAYMENT_FAILED,Bank_A,E42,P003,WALLET
E02529,C0201,23579.64,INVOICE_OVERDUE,Bank_D,E42,P005,CARD
E02530,C0351,2604.11,CHECKOUT_ABANDONED,Bank_A,E11,P008,NETBANKING
E02531,C0511,10323.99,SUBSCRIPTION_FAILED,Bank_C,E42,P005,NETBANKING
E02532,C0914,23238.27,CHECKOUT_ABANDONED,Bank_A,E42,P009,WALLET
E02533,C0268,23471.06,SUBSCRIPTION_FAILED,Bank_B,E23,P019,WALLET
E02534,C0108,7261.46,CHECKOUT_ABANDONED,Bank_D,E11,P016,NETBANKING
E02535,C0846,11271.63,CHECKOUT_ABANDONED,Bank_A,E23,P005,UPI
E02536,C0919,10564.89,SUBSCRIPTION_FAILED,Bank_B,E42,P001,UPI
E02537,C0920,5139.95,PAYMENT_FAILED,Bank_A,E42,P001,WALLET
E02538,C0630,7432.56,INVOICE_OVERDUE,Bank_C,E11,P018,CARD
E02539,C0605,23239.53,INVOICE_OVERDUE,Bank_A,E23,P009,NETBANKING
E02540,C0070,17779.45,INVOICE_OVERDUE,Bank_A,E42,P012,NETBANKING
E02541,C0803,18040.21,CHECKOUT_ABANDONED,Bank_D,E11,P005,UPI
E02542,C0630,4362.3,INVOICE_OVERDUE,Bank_B,E42,P013,CARD
E02543,C0460,4379.76,SUBSCRIPTION_FAILED,Bank_D,E11,P018,NETBANKING
E02544,C0474,4500.96,SUBSCRIPTION_FAILED,Bank_A,E42,P003,NETBANKING
E02545,C0271,10175.63,CHECKOUT_ABANDONED,Bank_D,E17,P008,WALLET
E02546,C0261,23284.25,SUBSCRIPTION_FAILED,Bank_A,E17,P020,WALLET
E02547,C0671,15380.03,SUBSCRIPTION_FAILED,Bank_B,E23,P017,UPI
E02548,C0975,12185.24,CHECKOUT_ABANDONED,Bank_B,E11,P010,CARD
E02549,C0219,9627.89,INVOICE_OVERDUE,Bank_A,E17,P017,WALLET
E02550,C0538,18876.16,CHECKOUT_ABANDONED,Bank_B,E17,P011,WALLET
E02551,C0640,7363.03,PAYMENT_FAILED,Bank_C,E42,P011,CARD
E02552,C0954,19617.66,CHECKOUT_ABANDONED,Bank_C,E11,P011,UPI
E02553,C0349,18184.78,PAYMENT_FAILED,Bank_A,E42,P011,CARD
E02554,C0852,1326.89,INVOICE_OVERDUE,Bank_A,E42,P010,CARD
E02555,C0258,19089.62,INVOICE_OVERDUE,Bank_C,E42,P005,WALLET
E02556,C0176,12426.08,PAYMENT_FAILED,Bank_A,E23,P005,WALLET
E02557,C0458,22774.83,CHECKOUT_ABANDONED,Bank_B,E17,P002,WALLET
E02558,C0275,17836.28,INVOICE_OVERDUE,Bank_B,E11,P008,CARD
E02559,C0871,7444.78,CHECKOUT_ABANDONED,Bank_A,E42,P012,WALLET
E02560,C0058,3804.4,SUBSCRIPTION_FAILED,Bank_D,E42,P014,CARD
E02561,C0037,1771.92,SUBSCRIPTION_FAILED,Bank_D,E17,P011,NETBANKING
E02562,C0330,4587.5,INVOICE_OVERDUE,Bank_D,E23,P001,NETBANKING
E02563,C0861,20790.41,CHECKOUT_ABANDONED,Bank_A,E42,P014,CARD
E02564,C0736,8441.48,SUBSCRIPTION_FAILED,Bank_C,E11,P003,UPI
E02565,C0278,7285.55,PAYMENT_FAILED,Bank_C,E11,P015,NETBANKING
E02566,C0376,7059.26,CHECKOUT_ABANDONED,Bank_A,E42,P019,UPI
E02567,C0563,9814.44,PAYMENT_FAILED,Bank_A,E42,P005,NETBANKING
E02568,C0554,23327.67,SUBSCRIPTION_FAILED,Bank_B,E23,P002,CARD
E02569,C0712,13793.36,INVOICE_OVERDUE,Bank_A,E42,P011,WALLET
E02570,C0414,9948.31,CHECKOUT_ABANDONED,Bank_A,E42,P009,WALLET
E02571,C0895,5751.29,INVOICE_OVERDUE,Bank_B,E23,P007,CARD
E02572,C0702,8254.84,PAYMENT_FAILED,Bank_A,E17,P013,CARD
E02573,C0326,588.85,INVOICE_OVERDUE,Bank_A,E17,P012,CARD
E02574,C0588,16569.64,PAYMENT_FAILED,Bank_C,E11,P008,UPI
E02575,C0786,20278.29,INVOICE_OVERDUE,Bank_B,E11,P001,NETBANKING
E02576,C0800,1897.6,SUBSCRIPTION_FAILED,Bank_A,E23,P014,NETBANKING
E02577,C0547,24815.25,INVOICE_OVERDUE,Bank_C,E42,P010,NETBANKING
E02578,C0829,12059.76,CHECKOUT_ABANDONED,Bank_B,E17,P015,NETBANKING
E02579,C0644,10539.22,SUBSCRIPTION_FAILED,Bank_D,E42,P015,WALLET
E02580,C0183,15013.57,CHECKOUT_ABANDONED,Bank_A,E42,P019,NETBANKING
E02581,C0340,12785.1,PAYMENT_FAILED,Bank_D,E11,P004,UPI
E02582,C0737,15883.13,PAYMENT_FAILED,Bank_A,E42,P005,UPI
E02583,C0998,1292.86,PAYMENT_FAILED,Bank_C,E23,P012,NETBANKING
E02584,C0287,4991.59,SUBSCRIPTION_FAILED,Bank_B,E11,P018,UPI
E02585,C0891,11367.29,INVOICE_OVERDUE,Bank_D,E17,P012,CARD
E02586,C0513,8849.14,SUBSCRIPTION_FAILED,Bank_D,E11,P009,WALLET
E02587,C0502,12980.54,CHECKOUT_ABANDONED,Bank_B,E17,P020,UPI
E02588,C0469,9243.97,SUBSCRIPTION_FAILED,Bank_A,E42,P012,CARD
E02589,C0870,10408.13,CHECKOUT_ABANDONED,Bank_D,E42,P005,UPI
E02590,C0227,4619.74,PAYMENT_FAILED,Bank_C,E11,P015,WALLET
E02591,C0783,6203.26,PAYMENT_FAILED,Bank_C,E23,P018,NETBANKING
E02592,C0236,13572.87,PAYMENT_FAILED,Bank_D,E23,P007,NETBANKING
E02593,C0056,7581.63,CHECKOUT_ABANDONED,Bank_A,E17,P016,NETBANKING
E02594,C0442,19605.21,CHECKOUT_ABANDONED,Bank_B,E23,P009,WALLET
E02595,C0948,22860.73,INVOICE_OVERDUE,Bank_A,E42,P016,WALLET
E02596,C0495,17883.1,SUBSCRIPTION_FAILED,Bank_D,E17,P002,NETBANKING
E02597,C0769,8450.71,CHECKOUT_ABANDONED,Bank_A,E42,P002,CARD
E02598,C0082,16290.78,CHECKOUT_ABANDONED,Bank_D,E11,P007,NETBANKING
E02599,C0632,2458.4,PAYMENT_FAILED,Bank_C,E11,P002,WALLET
E02600,C0306,23746.59,CHECKOUT_ABANDONED,Bank_A,E11,P004,UPI
E02601,C0183,12704.04,PAYMENT_FAILED,Bank_A,E42,P017,CARD
E02602,C0854,24170.01,SUBSCRIPTION_FAILED,Bank_B,E17,P014,WALLET
E02603,C0327,18188.57,SUBSCRIPTION_FAILED,Bank_C,E23,P013,CARD
E02604,C0772,13801.38,CHECKOUT_ABANDONED,Bank_A,E17,P011,WALLET
E02605,C0169,8569.04,SUBSCRIPTION_FAILED,Bank_D,E17,P001,NETBANKING
E02606,C0294,14538.15,INVOICE_OVERDUE,Bank_D,E17,P009,UPI
E02607,C0541,12067.0,INVOICE_OVERDUE,Bank_A,E42,P015,CARD
E02608,C0878,18185.04,SUBSCRIPTION_FAILED,Bank_B,E17,P004,UPI
E02609,C0434,16426.98,PAYMENT_FAILED,Bank_A,E42,P016,NETBANKING
E02610,C0663,22081.09,INVOICE_OVERDUE,Bank_A,E42,P015,UPI
E02611,C0854,16163.56,CHECKOUT_ABANDONED,Bank_B,E42,P002,CARD
E02612,C0060,900.26,SUBSCRIPTION_FAILED,Bank_A,E42,P007,WALLET
E02613,C0844,1177.58,CHECKOUT_ABANDONED,Bank_A,E42,P012,UPI
E02614,C0181,22925.79,PAYMENT_FAILED,Bank_C,E42,P013,CARD
E02615,C0244,13604.09,SUBSCRIPTION_FAILED,Bank_C,E23,P011,CARD
E02616,C0588,8629.79,CHECKOUT_ABANDONED,Bank_A,E17,P011,CARD
E02617,C0213,14323.22,INVOICE_OVERDUE,Bank_B,E23,P008,NETBANKING
E02618,C0709,1120.31,CHECKOUT_ABANDONED,Bank_D,E23,P011,CARD
E02619,C0470,18191.78,PAYMENT_FAILED,Bank_A,E42,P004,WALLET
E02620,C0794,16715.56,INVOICE_OVERDUE,Bank_A,E11,P011,UPI
E02621,C0688,16125.16,CHECKOUT_ABANDONED,Bank_B,E42,P009,WALLET
E02622,C0632,21805.95,CHECKOUT_ABANDONED,Bank_C,E42,P012,NETBANKING
E02623,C0231,7416.24,INVOICE_OVERDUE,Bank_B,E23,P004,UPI
E02624,C0711,5785.5,INVOICE_OVERDUE,Bank_A,E42,P005,UPI
E02625,C0172,24670.11,INVOICE_OVERDUE,Bank_C,E17,P002,CARD
E02626,C0860,3133.16,INVOICE_OVERDUE,Bank_C,E42,P006,WALLET
E02627,C0404,18208.49,INVOICE_OVERDUE,Bank_B,E17,P013,NETBANKING
E02628,C0772,11527.91,PAYMENT_FAILED,Bank_D,E42,P005,NETBANKING
E02629,C0861,16655.69,SUBSCRIPTION_FAILED,Bank_A,E23,P003,WALLET
E02630,C0769,9418.18,SUBSCRIPTION_FAILED,Bank_B,E42,P011,NETBANKING
E02631,C0833,17012.57,INVOICE_OVERDUE,Bank_B,E11,P004,UPI
E02632,C0987,10002.79,PAYMENT_FAILED,Bank_C,E11,P011,WALLET
E02633,C0742,2742.23,SUBSCRIPTION_FAILED,Bank_A,E42,P020,NETBANKING
E02634,C0084,8037.45,PAYMENT_FAILED,Bank_A,E42,P012,NETBANKING
E02635,C0261,8831.25,SUBSCRIPTION_FAILED,Bank_B,E42,P016,WALLET
E02636,C0222,24107.56,INVOICE_OVERDUE,Bank_D,E11,P006,NETBANKING
E02637,C0978,14102.11,INVOICE_OVERDUE,Bank_D,E11,P020,CARD
E02638,C0068,17012.0,PAYMENT_FAILED,Bank_B,E42,P016,UPI
E02639,C0084,6749.52,PAYMENT_FAILED,Bank_D,E17,P006,WALLET
E02640,C0618,19453.17,SUBSCRIPTION_FAILED,Bank_C,E11,P005,CARD
E02641,C0788,18302.51,PAYMENT_FAILED,Bank_B,E23,P004,NETBANKING
E02642,C0195,22118.22,SUBSCRIPTION_FAILED,Bank_A,E11,P009,WALLET
E02643,C0529,15627.83,PAYMENT_FAILED,Bank_C,E23,P004,CARD
E02644,C0336,4446.06,SUBSCRIPTION_FAILED,Bank_C,E17,P015,NETBANKING
E02645,C0902,16702.72,CHECKOUT_ABANDONED,Bank_D,E42,P002,WALLET
E02646,C0823,19751.77,PAYMENT_FAILED,Bank_A,E42,P014,CARD
E02647,C0321,6239.4,INVOICE_OVERDUE,Bank_A,E17,P002,WALLET
E02648,C0551,12021.26,SUBSCRIPTION_FAILED,Bank_A,E42,P019,CARD
E02649,C0286,4236.64,INVOICE_OVERDUE,Bank_C,E11,P012,CARD
E02650,C0437,19409.23,PAYMENT_FAILED,Bank_B,E11,P005,WALLET
E02651,C0882,23225.21,SUBSCRIPTION_FAILED,Bank_A,E11,P016,WALLET
E02652,C0541,18720.73,PAYMENT_FAILED,Bank_A,E42,P020,UPI
E02653,C0716,19649.08,CHECKOUT_ABANDONED,Bank_A,E42,P010,NETBANKING
E02654,C0559,6158.95,CHECKOUT_ABANDONED,Bank_A,E42,P020,CARD
E02655,C0679,14873.42,SUBSCRIPTION_FAILED,Bank_B,E23,P002,UPI
E02656,C0815,12805.64,SUBSCRIPTION_FAILED,Bank_B,E17,P017,UPI
E02657,C0072,13855.75,SUBSCRIPTION_FAILED,Bank_A,E42,P012,NETBANKING
E02658,C0296,14727.03,INVOICE_OVERDUE,Bank_A,E23,P006,UPI
E02659,C0937,23042.64,PAYMENT_FAILED,Bank_D,E23,P006,CARD
E02660,C0005,8192.35,PAYMENT_FAILED,Bank_C,E42,P012,NETBANKING
E02661,C0320,23630.49,SUBSCRIPTION_FAILED,Bank_D,E42,P011,UPI
E02662,C0596,3758.1,CHECKOUT_ABANDONED,Bank_C,E11,P018,UPI
E02663,C0989,19138.37,SUBSCRIPTION_FAILED,Bank_B,E17,P003,WALLET
E02664,C0196,19321.81,SUBSCRIPTION_FAILED,Bank_C,E23,P003,WALLET
E02665,C0948,24697.63,SUBSCRIPTION_FAILED,Bank_A,E42,P001,UPI
E02666,C0058,3841.62,SUBSCRIPTION_FAILED,Bank_D,E42,P007,WALLET
E02667,C0526,12766.39,CHECKOUT_ABANDONED,Bank_D,E17,P017,NETBANKING
E02668,C0064,13618.89,INVOICE_OVERDUE,Bank_C,E11,P002,NETBANKING
E02669,C0573,12249.18,INVOICE_OVERDUE,Bank_C,E23,P018,UPI
E02670,C0994,16378.64,INVOICE_OVERDUE,Bank_B,E23,P016,WALLET
E02671,C0068,22263.94,PAYMENT_FAILED,Bank_B,E11,P002,WALLET
E02672,C0062,16332.2,CHECKOUT_ABANDONED,Bank_B,E17,P011,CARD
E02673,C0338,23303.77,CHECKOUT_ABANDONED,Bank_A,E42,P020,CARD
E02674,C0184,15052.12,INVOICE_OVERDUE,Bank_C,E42,P001,WALLET
E02675,C0850,14225.96,CHECKOUT_ABANDONED,Bank_A,E17,P014,CARD
E02676,C0161,12672.89,CHECKOUT_ABANDONED,Bank_B,E17,P010,NETBANKING
E02677,C0122,8972.8,INVOICE_OVERDUE,Bank_B,E42,P005,WALLET
E02678,C0506,23077.0,SUBSCRIPTION_FAILED,Bank_D,E23,P017,UPI
E02679,C0872,9014.61,CHECKOUT_ABANDONED,Bank_D,E17,P004,UPI
E02680,C0587,3090.36,CHECKOUT_ABANDONED,Bank_B,E11,P020,CARD
E02681,C0377,18776.7,PAYMENT_FAILED,Bank_A,E42,P018,WALLET
E02682,C0784,8697.28,INVOICE_OVERDUE,Bank_A,E42,P003,NETBANKING
E02683,C0236,1525.07,INVOICE_OVERDUE,Bank_A,E42,P013,CARD
E02684,C0790,11598.98,PAYMENT_FAILED,Bank_D,E23,P017,UPI
E02685,C0541,10595.83,INVOICE_OVERDUE,Bank_D,E42,P019,UPI
E02686,C0770,17255.09,INVOICE_OVERDUE,Bank_A,E42,P005,WALLET
E02687,C0501,6649.28,SUBSCRIPTION_FAILED,Bank_B,E23,P018,CARD
E02688,C0655,10207.33,CHECKOUT_ABANDONED,Bank_A,E42,P016,WALLET
E02689,C0046,10701.75,INVOICE_OVERDUE,Bank_B,E23,P008,NETBANKING
E02690,C0726,500.09,PAYMENT_FAILED,Bank_D,E42,P005,UPI
E02691,C0976,24699.55,SUBSCRIPTION_FAILED,Bank_D,E11,P014,UPI
E02692,C0163,2482.13,SUBSCRIPTION_FAILED,Bank_C,E11,P009,WALLET
E02693,C0021,21197.6,CHECKOUT_ABANDONED,Bank_B,E42,P013,NETBANKING
E02694,C0287,2083.85,CHECKOUT_ABANDONED,Bank_B,E42,P011,UPI
E02695,C0231,8500.44,PAYMENT_FAILED,Bank_A,E42,P005,CARD
E02696,C0328,10834.91,SUBSCRIPTION_FAILED,Bank_D,E11,P003,NETBANKING
E02697,C0126,16685.29,PAYMENT_FAILED,Bank_B,E17,P007,UPI
E02698,C0975,20137.74,CHECKOUT_ABANDONED,Bank_C,E23,P002,UPI
E02699,C0233,8957.62,PAYMENT_FAILED,Bank_B,E23,P003,WALLET
E02700,C0602,9482.79,INVOICE_OVERDUE,Bank_A,E11,P005,WALLET
E02701,C0059,1134.25,CHECKOUT_ABANDONED,Bank_A,E42,P003,WALLET
E02702,C0479,5106.15,SUBSCRIPTION_FAILED,Bank_A,E42,P003,NETBANKING
E02703,C0773,10343.0,SUBSCRIPTION_FAILED,Bank_C,E11,P012,NETBANKING
E02704,C0439,18258.7,INVOICE_OVERDUE,Bank_B,E17,P008,UPI
E02705,C0123,13806.05,INVOICE_OVERDUE,Bank_B,E23,P019,UPI
E02706,C0609,11315.8,CHECKOUT_ABANDONED,Bank_D,E42,P011,WALLET
E02707,C0535,2635.66,PAYMENT_FAILED,Bank_D,E42,P011,CARD
E02708,C0728,3875.34,CHECKOUT_ABANDONED,Bank_B,E11,P008,NETBANKING
E02709,C0140,23878.5,CHECKOUT_ABANDONED,Bank_C,E23,P016,CARD
E02710,C0903,4768.85,CHECKOUT_ABANDONED,Bank_A,E23,P008,WALLET
E02711,C0212,14238.98,INVOICE_OVERDUE,Bank_A,E17,P005,UPI
E02712,C0457,10484.35,CHECKOUT_ABANDONED,Bank_A,E23,P013,CARD
E02713,C0358,11924.01,CHECKOUT_ABANDONED,Bank_B,E23,P007,UPI
E02714,C0169,5476.06,SUBSCRIPTION_FAILED,Bank_B,E11,P020,WALLET
E02715,C0042,12965.67,SUBSCRIPTION_FAILED,Bank_A,E17,P011,NETBANKING
E02716,C0453,5703.94,INVOICE_OVERDUE,Bank_A,E42,P013,UPI
E02717,C0091,17030.15,SUBSCRIPTION_FAILED,Bank_B,E23,P006,CARD
E02718,C0624,8162.0,INVOICE_OVERDUE,Bank_C,E42,P015,UPI
E02719,C0039,10026.77,CHECKOUT_ABANDONED,Bank_B,E11,P006,WALLET
E02720,C0542,7553.97,INVOICE_OVERDUE,Bank_C,E23,P014,WALLET
E02721,C0863,10944.1,INVOICE_OVERDUE,Bank_A,E17,P015,UPI
E02722,C0057,8796.16,SUBSCRIPTION_FAILED,Bank_C,E23,P011,NETBANKING
E02723,C0798,2078.72,INVOICE_OVERDUE,Bank_C,E17,P006,WALLET
E02724,C0720,15581.03,INVOICE_OVERDUE,Bank_A,E42,P012,UPI
E02725,C0803,13370.56,CHECKOUT_ABANDONED,Bank_D,E17,P002,NETBANKING
E02726,C0295,2270.4,SUBSCRIPTION_FAILED,Bank_C,E11,P004,CARD
E02727,C0191,7391.95,PAYMENT_FAILED,Bank_D,E23,P009,UPI
E02728,C0950,6651.9,SUBSCRIPTION_FAILED,Bank_A,E11,P007,NETBANKING
E02729,C0877,20920.82,SUBSCRIPTION_FAILED,Bank_A,E42,P005,UPI
E02730,C0200,24248.27,SUBSCRIPTION_FAILED,Bank_A,E17,P018,UPI
E02731,C0725,3260.13,SUBSCRIPTION_FAILED,Bank_C,E11,P006,UPI
E02732,C0571,23209.13,CHECKOUT_ABANDONED,Bank_C,E17,P011,NETBANKING
E02733,C0198,12139.19,CHECKOUT_ABANDONED,Bank_D,E42,P018,NETBANKING
E02734,C0478,13843.08,CHECKOUT_ABANDONED,Bank_B,E23,P010,UPI
E02735,C0481,12864.9,CHECKOUT_ABANDONED,Bank_B,E42,P006,UPI
E02736,C0817,11413.49,SUBSCRIPTION_FAILED,Bank_B,E23,P017,UPI
E02737,C0937,2101.08,INVOICE_OVERDUE,Bank_A,E42,P007,NETBANKING
E02738,C0004,21768.17,SUBSCRIPTION_FAILED,Bank_C,E42,P007,NETBANKING
E02739,C0195,11489.24,CHECKOUT_ABANDONED,Bank_C,E11,P014,NETBANKING
E02740,C0163,7635.54,SUBSCRIPTION_FAILED,Bank_A,E42,P009,NETBANKING
E02741,C0416,19997.13,SUBSCRIPTION_FAILED,Bank_B,E11,P003,WALLET
E02742,C0215,6172.35,INVOICE_OVERDUE,Bank_A,E42,P020,NETBANKING
E02743,C0446,23646.2,SUBSCRIPTION_FAILED,Bank_D,E11,P010,NETBANKING
E02744,C0017,5730.6,PAYMENT_FAILED,Bank_C,E23,P010,CARD
E02745,C0897,12506.3,SUBSCRIPTION_FAILED,Bank_A,E23,P019,WALLET
E02746,C0756,17103.9,SUBSCRIPTION_FAILED,Bank_D,E17,P015,UPI
E02747,C0328,13946.98,SUBSCRIPTION_FAILED,Bank_A,E42,P004,UPI
E02748,C0196,10683.4,INVOICE_OVERDUE,Bank_A,E23,P006,WALLET
E02749,C0501,15160.68,PAYMENT_FAILED,Bank_A,E42,P017,WALLET
E02750,C0055,7837.16,SUBSCRIPTION_FAILED,Bank_A,E42,P005,CARD
E02751,C0004,18661.75,INVOICE_OVERDUE,Bank_C,E42,P014,UPI
E02752,C0622,4231.33,SUBSCRIPTION_FAILED,Bank_A,E17,P018,UPI
E02753,C0276,9897.18,SUBSCRIPTION_FAILED,Bank_B,E17,P019,CARD
E02754,C0823,2665.22,SUBSCRIPTION_FAILED,Bank_A,E42,P013,NETBANKING
E02755,C0397,15547.5,PAYMENT_FAILED,Bank_D,E17,P020,NETBANKING
E02756,C0084,20531.4,SUBSCRIPTION_FAILED,Bank_D,E17,P014,UPI
E02757,C0691,7273.42,CHECKOUT_ABANDONED,Bank_A,E42,P001,UPI
E02758,C0410,14143.15,INVOICE_OVERDUE,Bank_B,E23,P013,WALLET
E02759,C0508,24480.88,CHECKOUT_ABANDONED,Bank_C,E42,P007,WALLET
E02760,C0610,5353.05,INVOICE_OVERDUE,Bank_C,E23,P015,WALLET
E02761,C0341,22143.02,CHECKOUT_ABANDONED,Bank_A,E42,P006,CARD
E02762,C0737,10995.1,PAYMENT_FAILED,Bank_A,E42,P002,CARD
E02763,C0652,6237.32,INVOICE_OVERDUE,Bank_A,E42,P006,NETBANKING
E02764,C0356,3546.61,SUBSCRIPTION_FAILED,Bank_C,E17,P018,CARD
E02765,C0700,6611.56,INVOICE_OVERDUE,Bank_D,E11,P018,CARD
E02766,C0437,11977.8,CHECKOUT_ABANDONED,Bank_D,E23,P001,CARD
E02767,C0782,24670.57,CHECKOUT_ABANDONED,Bank_D,E23,P013,WALLET
E02768,C0451,11475.22,PAYMENT_FAILED,Bank_A,E42,P002,UPI
E02769,C0845,8151.36,SUBSCRIPTION_FAILED,Bank_A,E42,P013,NETBANKING
E02770,C0662,12705.67,PAYMENT_FAILED,Bank_D,E17,P002,CARD
E02771,C0317,9105.71,CHECKOUT_ABANDONED,Bank_A,E23,P018,NETBANKING
E02772,C0668,9641.58,SUBSCRIPTION_FAILED,Bank_D,E17,P020,WALLET
E02773,C0258,14067.35,INVOICE_OVERDUE,Bank_B,E23,P002,WALLET
E02774,C0724,4139.14,CHECKOUT_ABANDONED,Bank_C,E23,P014,CARD
E02775,C0787,3849.15,CHECKOUT_ABANDONED,Bank_C,E23,P009,WALLET
E02776,C0421,8029.2,INVOICE_OVERDUE,Bank_A,E42,P017,NETBANKING
E02777,C0891,1549.06,INVOICE_OVERDUE,Bank_C,E17,P013,CARD
E02778,C0667,10474.36,CHECKOUT_ABANDONED,Bank_D,E23,P016,WALLET
E02779,C0274,6325.08,CHECKOUT_ABANDONED,Bank_A,E42,P003,UPI
E02780,C0244,8968.07,INVOICE_OVERDUE,Bank_B,E23,P013,NETBANKING
E02781,C0225,14199.79,PAYMENT_FAILED,Bank_A,E42,P002,CARD
E02782,C0253,15649.0,INVOICE_OVERDUE,Bank_D,E11,P002,WALLET
E02783,C0415,20629.99,PAYMENT_FAILED,Bank_B,E17,P010,WALLET
E02784,C0263,20667.98,INVOICE_OVERDUE,Bank_C,E17,P013,CARD
E02785,C0320,11319.54,CHECKOUT_ABANDONED,Bank_A,E11,P006,UPI
E02786,C0953,18618.38,INVOICE_OVERDUE,Bank_D,E17,P013,WALLET
E02787,C0091,23629.99,SUBSCRIPTION_FAILED,Bank_A,E42,P008,UPI
E02788,C0079,11429.66,PAYMENT_FAILED,Bank_B,E17,P014,NETBANKING
E02789,C0159,8207.85,INVOICE_OVERDUE,Bank_B,E17,P005,CARD
E02790,C0845,8044.31,INVOICE_OVERDUE,Bank_D,E23,P009,NETBANKING
E02791,C0660,5114.45,PAYMENT_FAILED,Bank_A,E42,P003,WALLET
E02792,C0940,22867.56,SUBSCRIPTION_FAILED,Bank_A,E42,P008,UPI
E02793,C0176,6142.87,PAYMENT_FAILED,Bank_D,E42,P009,CARD
E02794,C0398,2187.76,PAYMENT_FAILED,Bank_C,E11,P018,UPI
E02795,C0700,1719.54,INVOICE_OVERDUE,Bank_A,E42,P006,WALLET
E02796,C0516,5650.28,SUBSCRIPTION_FAILED,Bank_A,E42,P016,UPI
E02797,C0797,21700.68,CHECKOUT_ABANDONED,Bank_B,E42,P005,WALLET
E02798,C0282,10176.47,INVOICE_OVERDUE,Bank_C,E11,P011,UPI
E02799,C0479,4181.75,SUBSCRIPTION_FAILED,Bank_A,E23,P013,CARD
E02800,C0420,5849.07,SUBSCRIPTION_FAILED,Bank_C,E23,P002,CARD
E02801,C0112,20961.43,PAYMENT_FAILED,Bank_C,E23,P012,UPI
E02802,C0985,10523.88,CHECKOUT_ABANDONED,Bank_C,E11,P015,NETBANKING
E02803,C0558,9453.31,CHECKOUT_ABANDONED,Bank_B,E11,P003,UPI
E02804,C0248,3407.4,CHECKOUT_ABANDONED,Bank_A,E11,P005,CARD
E02805,C0714,13378.67,CHECKOUT_ABANDONED,Bank_A,E42,P013,UPI
E02806,C0757,12590.4,INVOICE_OVERDUE,Bank_D,E17,P002,CARD
E02807,C0420,9942.14,CHECKOUT_ABANDONED,Bank_A,E42,P015,NETBANKING
E02808,C0686,20845.91,PAYMENT_FAILED,Bank_B,E42,P010,UPI
E02809,C0937,10062.07,CHECKOUT_ABANDONED,Bank_A,E42,P020,CARD
E02810,C0829,24558.39,PAYMENT_FAILED,Bank_C,E11,P013,CARD
E02811,C0579,24779.27,PAYMENT_FAILED,Bank_B,E17,P020,UPI
E02812,C0722,16735.16,PAYMENT_FAILED,Bank_A,E42,P014,NETBANKING
E02813,C0062,17281.93,SUBSCRIPTION_FAILED,Bank_A,E42,P014,CARD
E02814,C0751,1928.02,CHECKOUT_ABANDONED,Bank_A,E23,P009,CARD
E02815,C0616,22041.1,PAYMENT_FAILED,Bank_C,E17,P009,UPI
E02816,C0443,12362.02,PAYMENT_FAILED,Bank_D,E11,P005,UPI
E02817,C0981,7187.81,SUBSCRIPTION_FAILED,Bank_C,E42,P015,UPI
E02818,C0945,24545.33,PAYMENT_FAILED,Bank_A,E17,P011,WALLET
E02819,C0026,4668.72,INVOICE_OVERDUE,Bank_C,E23,P009,WALLET
E02820,C0139,14035.96,SUBSCRIPTION_FAILED,Bank_B,E23,P016,NETBANKING
E02821,C0334,14422.54,SUBSCRIPTION_FAILED,Bank_C,E23,P016,CARD
E02822,C0329,23010.87,INVOICE_OVERDUE,Bank_B,E42,P008,NETBANKING
E02823,C0411,6364.51,INVOICE_OVERDUE,Bank_C,E23,P005,CARD
E02824,C0049,16883.95,CHECKOUT_ABANDONED,Bank_C,E17,P002,CARD
E02825,C0412,8398.26,PAYMENT_FAILED,Bank_C,E23,P010,NETBANKING
E02826,C0124,22373.62,INVOICE_OVERDUE,Bank_B,E17,P010,CARD
E02827,C0445,15658.74,SUBSCRIPTION_FAILED,Bank_A,E42,P007,NETBANKING
E02828,C0417,24211.78,SUBSCRIPTION_FAILED,Bank_D,E11,P004,NETBANKING
E02829,C0425,7593.21,INVOICE_OVERDUE,Bank_A,E42,P007,UPI
E02830,C0863,15872.51,INVOICE_OVERDUE,Bank_A,E11,P018,UPI
E02831,C0890,22579.83,INVOICE_OVERDUE,Bank_A,E42,P017,UPI
E02832,C0575,15978.38,INVOICE_OVERDUE,Bank_A,E42,P001,NETBANKING
E02833,C0516,20995.5,INVOICE_OVERDUE,Bank_B,E11,P017,WALLET
E02834,C0425,18578.89,SUBSCRIPTION_FAILED,Bank_A,E23,P009,NETBANKING
E02835,C0583,3162.3,INVOICE_OVERDUE,Bank_A,E42,P014,CARD
E02836,C0651,2190.77,SUBSCRIPTION_FAILED,Bank_D,E42,P017,CARD
E02837,C0091,2396.63,INVOICE_OVERDUE,Bank_B,E11,P006,CARD
E02838,C0560,23852.51,SUBSCRIPTION_FAILED,Bank_A,E17,P019,WALLET
E02839,C0338,8430.32,INVOICE_OVERDUE,Bank_A,E11,P001,CARD
E02840,C0167,12171.18,PAYMENT_FAILED,Bank_C,E23,P020,WALLET
E02841,C0269,19080.83,INVOICE_OVERDUE,Bank_A,E11,P017,CARD
E02842,C0813,20676.02,PAYMENT_FAILED,Bank_A,E42,P008,WALLET
E02843,C0495,10595.83,PAYMENT_FAILED,Bank_B,E23,P010,UPI
E02844,C0119,8408.28,PAYMENT_FAILED,Bank_B,E42,P014,WALLET
E02845,C0986,1821.96,INVOICE_OVERDUE,Bank_A,E23,P005,UPI
E02846,C0776,9156.33,INVOICE_OVERDUE,Bank_B,E23,P011,CARD
E02847,C0573,22771.56,SUBSCRIPTION_FAILED,Bank_A,E17,P005,CARD
E02848,C0234,9581.73,CHECKOUT_ABANDONED,Bank_D,E42,P004,CARD
E02849,C0112,23166.21,CHECKOUT_ABANDONED,Bank_B,E17,P017,CARD
E02850,C0943,22366.92,INVOICE_OVERDUE,Bank_A,E11,P010,WALLET
E02851,C0468,3541.75,SUBSCRIPTION_FAILED,Bank_A,E42,P013,WALLET
E02852,C0133,4124.6,PAYMENT_FAILED,Bank_D,E42,P007,UPI
E02853,C0895,6717.38,CHECKOUT_ABANDONED,Bank_A,E42,P008,WALLET
E02854,C0550,4857.64,PAYMENT_FAILED,Bank_B,E42,P007,CARD
E02855,C0863,4021.24,SUBSCRIPTION_FAILED,Bank_A,E17,P002,UPI
E02856,C0595,17794.35,INVOICE_OVERDUE,Bank_D,E11,P019,WALLET
E02857,C0078,10134.47,INVOICE_OVERDUE,Bank_A,E42,P009,NETBANKING
E02858,C0291,8355.86,CHECKOUT_ABANDONED,Bank_B,E17,P002,WALLET
E02859,C0650,3093.77,PAYMENT_FAILED,Bank_B,E23,P002,WALLET
E02860,C0650,23312.91,PAYMENT_FAILED,Bank_B,E42,P008,UPI
E02861,C0946,541.08,SUBSCRIPTION_FAILED,Bank_C,E23,P018,WALLET
E02862,C0059,19595.08,INVOICE_OVERDUE,Bank_A,E42,P020,CARD
E02863,C0524,15582.4,CHECKOUT_ABANDONED,Bank_A,E42,P002,NETBANKING
E02864,C0840,1891.74,INVOICE_OVERDUE,Bank_B,E23,P008,CARD
E02865,C0539,7696.26,INVOICE_OVERDUE,Bank_C,E11,P001,WALLET
E02866,C0762,24347.42,SUBSCRIPTION_FAILED,Bank_A,E11,P010,NETBANKING
E02867,C0680,18045.95,SUBSCRIPTION_FAILED,Bank_D,E17,P016,NETBANKING
E02868,C0674,4868.06,PAYMENT_FAILED,Bank_C,E42,P020,NETBANKING
E02869,C0058,21831.5,INVOICE_OVERDUE,Bank_A,E23,P009,WALLET
E02870,C0112,22687.96,INVOICE_OVERDUE,Bank_A,E42,P014,WALLET
E02871,C0971,1848.92,SUBSCRIPTION_FAILED,Bank_D,E42,P008,CARD
E02872,C0368,10246.51,INVOICE_OVERDUE,Bank_A,E42,P004,WALLET
E02873,C0744,21078.98,PAYMENT_FAILED,Bank_D,E23,P011,CARD
E02874,C0291,10616.6,CHECKOUT_ABANDONED,Bank_D,E42,P015,NETBANKING
E02875,C0343,14929.21,INVOICE_OVERDUE,Bank_C,E17,P017,CARD
E02876,C0586,5534.77,CHECKOUT_ABANDONED,Bank_D,E42,P013,NETBANKING
E02877,C0710,20401.06,CHECKOUT_ABANDONED,Bank_C,E23,P003,NETBANKING
E02878,C0451,8749.87,SUBSCRIPTION_FAILED,Bank_A,E23,P001,WALLET
E02879,C0475,19125.31,PAYMENT_FAILED,Bank_D,E42,P006,NETBANKING
E02880,C0190,16293.62,CHECKOUT_ABANDONED,Bank_D,E11,P014,UPI
E02881,C0725,7231.42,CHECKOUT_ABANDONED,Bank_C,E42,P005,CARD
E02882,C0832,24009.02,PAYMENT_FAILED,Bank_A,E42,P001,WALLET
E02883,C0907,14755.34,PAYMENT_FAILED,Bank_A,E17,P006,NETBANKING
E02884,C0388,15800.26,CHECKOUT_ABANDONED,Bank_D,E17,P015,NETBANKING
E02885,C0967,21989.93,INVOICE_OVERDUE,Bank_C,E17,P004,CARD
E02886,C0857,23856.71,SUBSCRIPTION_FAILED,Bank_C,E17,P005,WALLET
E02887,C0176,16254.5,INVOICE_OVERDUE,Bank_D,E17,P013,NETBANKING
E02888,C0233,23976.45,PAYMENT_FAILED,Bank_B,E17,P009,NETBANKING
E02889,C0529,4902.45,INVOICE_OVERDUE,Bank_A,E42,P009,WALLET
E02890,C0650,20804.58,SUBSCRIPTION_FAILED,Bank_B,E17,P014,UPI
E02891,C0686,19691.33,PAYMENT_FAILED,Bank_B,E11,P015,UPI
E02892,C0599,8033.17,SUBSCRIPTION_FAILED,Bank_A,E23,P005,UPI
E02893,C0436,17681.45,SUBSCRIPTION_FAILED,Bank_A,E42,P010,UPI
E02894,C0997,24525.21,INVOICE_OVERDUE,Bank_A,E42,P012,NETBANKING
E02895,C0739,20584.33,SUBSCRIPTION_FAILED,Bank_C,E11,P010,NETBANKING
E02896,C0619,7320.65,PAYMENT_FAILED,Bank_D,E23,P020,NETBANKING
E02897,C0796,18298.75,PAYMENT_FAILED,Bank_A,E23,P011,UPI
E02898,C0871,23453.8,INVOICE_OVERDUE,Bank_A,E42,P011,CARD
E02899,C0794,18033.38,INVOICE_OVERDUE,Bank_B,E17,P005,WALLET
E02900,C0609,10663.22,PAYMENT_FAILED,Bank_D,E23,P007,UPI
E02901,C0608,17944.08,SUBSCRIPTION_FAILED,Bank_D,E17,P008,UPI
E02902,C0337,922.49,INVOICE_OVERDUE,Bank_D,E11,P018,UPI
E02903,C0610,20553.94,PAYMENT_FAILED,Bank_A,E17,P017,WALLET
E02904,C0595,1858.31,INVOICE_OVERDUE,Bank_B,E42,P015,UPI
E02905,C0667,9329.22,PAYMENT_FAILED,Bank_A,E42,P017,CARD
E02906,C0597,1407.0,INVOICE_OVERDUE,Bank_A,E42,P005,CARD
E02907,C0174,18316.82,PAYMENT_FAILED,Bank_A,E42,P015,NETBANKING
E02908,C0868,6806.05,CHECKOUT_ABANDONED,Bank_B,E23,P010,NETBANKING
E02909,C0774,24255.75,PAYMENT_FAILED,Bank_A,E11,P006,NETBANKING
E02910,C0913,4670.04,SUBSCRIPTION_FAILED,Bank_A,E17,P020,NETBANKING
E02911,C0150,1252.39,CHECKOUT_ABANDONED,Bank_B,E23,P007,UPI
E02912,C0518,12791.98,SUBSCRIPTION_FAILED,Bank_B,E42,P012,CARD
E02913,C0345,18703.18,SUBSCRIPTION_FAILED,Bank_A,E17,P013,CARD
E02914,C0594,12846.18,PAYMENT_FAILED,Bank_D,E42,P012,WALLET
E02915,C0095,1905.61,SUBSCRIPTION_FAILED,Bank_A,E17,P002,WALLET
E02916,C0155,6772.14,PAYMENT_FAILED,Bank_D,E17,P014,NETBANKING
E02917,C0738,23473.26,INVOICE_OVERDUE,Bank_A,E42,P017,CARD
E02918,C0587,13601.45,INVOICE_OVERDUE,Bank_D,E11,P020,NETBANKING
E02919,C0382,2401.77,SUBSCRIPTION_FAILED,Bank_A,E42,P010,CARD
E02920,C0597,7026.06,CHECKOUT_ABANDONED,Bank_A,E42,P017,WALLET
E02921,C0052,15211.7,INVOICE_OVERDUE,Bank_A,E42,P003,CARD
E02922,C0699,17254.53,CHECKOUT_ABANDONED,Bank_A,E23,P020,UPI
E02923,C0787,21850.58,PAYMENT_FAILED,Bank_C,E17,P002,UPI
E02924,C0727,17049.59,SUBSCRIPTION_FAILED,Bank_D,E23,P016,NETBANKING
E02925,C0781,17826.99,PAYMENT_FAILED,Bank_D,E17,P020,NETBANKING
E02926,C0103,3512.48,CHECKOUT_ABANDONED,Bank_D,E23,P013,NETBANKING
E02927,C0159,16995.45,INVOICE_OVERDUE,Bank_A,E42,P006,NETBANKING
E02928,C0373,20068.34,INVOICE_OVERDUE,Bank_A,E42,P005,UPI
E02929,C0607,9168.73,SUBSCRIPTION_FAILED,Bank_B,E42,P005,UPI
E02930,C0030,18784.46,SUBSCRIPTION_FAILED,Bank_A,E42,P014,CARD
E02931,C0003,18832.3,CHECKOUT_ABANDONED,Bank_A,E42,P004,CARD
E02932,C0273,17316.68,INVOICE_OVERDUE,Bank_C,E42,P016,UPI
E02933,C0489,14002.54,CHECKOUT_ABANDONED,Bank_B,E11,P020,NETBANKING
E02934,C0571,5109.25,CHECKOUT_ABANDONED,Bank_D,E23,P006,NETBANKING
E02935,C0738,3047.78,CHECKOUT_ABANDONED,Bank_A,E42,P004,UPI
E02936,C0876,20605.79,SUBSCRIPTION_FAILED,Bank_C,E11,P001,NETBANKING
E02937,C0239,6081.2,PAYMENT_FAILED,Bank_B,E11,P018,NETBANKING
E02938,C0225,1683.03,SUBSCRIPTION_FAILED,Bank_B,E42,P015,UPI
E02939,C0326,12013.58,SUBSCRIPTION_FAILED,Bank_C,E23,P001,WALLET
E02940,C0429,1627.09,CHECKOUT_ABANDONED,Bank_A,E42,P019,CARD
E02941,C0916,4120.54,INVOICE_OVERDUE,Bank_B,E42,P009,NETBANKING
E02942,C0929,17529.01,CHECKOUT_ABANDONED,Bank_C,E42,P009,NETBANKING
E02943,C0330,1843.49,SUBSCRIPTION_FAILED,Bank_D,E23,P011,WALLET
E02944,C0106,13910.12,INVOICE_OVERDUE,Bank_B,E23,P016,WALLET
E02945,C0271,2437.31,SUBSCRIPTION_FAILED,Bank_C,E17,P004,NETBANKING
E02946,C0455,15021.56,CHECKOUT_ABANDONED,Bank_A,E42,P008,WALLET
E02947,C0528,12230.92,PAYMENT_FAILED,Bank_A,E42,P015,UPI
E02948,C0906,12535.06,PAYMENT_FAILED,Bank_A,E42,P011,UPI
E02949,C0975,4626.94,SUBSCRIPTION_FAILED,Bank_B,E17,P005,WALLET
E02950,C0150,13031.33,CHECKOUT_ABANDONED,Bank_C,E42,P002,CARD
E02951,C0639,11967.4,INVOICE_OVERDUE,Bank_C,E17,P010,WALLET
E02952,C0146,1312.75,PAYMENT_FAILED,Bank_C,E42,P006,UPI
E02953,C0626,5073.01,INVOICE_OVERDUE,Bank_D,E17,P019,UPI
E02954,C0484,18799.69,CHECKOUT_ABANDONED,Bank_C,E23,P009,CARD
E02955,C0531,13252.55,INVOICE_OVERDUE,Bank_A,E42,P008,UPI
E02956,C0984,2768.64,INVOICE_OVERDUE,Bank_A,E23,P020,UPI
E02957,C0264,7653.83,PAYMENT_FAILED,Bank_A,E17,P012,WALLET
E02958,C0420,1899.21,INVOICE_OVERDUE,Bank_C,E17,P003,NETBANKING
E02959,C0822,8302.59,CHECKOUT_ABANDONED,Bank_A,E23,P006,UPI
E02960,C0355,22401.34,SUBSCRIPTION_FAILED,Bank_A,E17,P018,CARD
E02961,C0170,19454.35,SUBSCRIPTION_FAILED,Bank_A,E42,P020,NETBANKING
E02962,C0469,6949.78,CHECKOUT_ABANDONED,Bank_C,E11,P002,WALLET
E02963,C0965,13957.81,SUBSCRIPTION_FAILED,Bank_B,E23,P017,NETBANKING
E02964,C0957,22687.58,PAYMENT_FAILED,Bank_C,E17,P007,WALLET
E02965,C0150,16008.43,SUBSCRIPTION_FAILED,Bank_B,E42,P003,NETBANKING
E02966,C0438,17184.1,SUBSCRIPTION_FAILED,Bank_A,E42,P008,NETBANKING
E02967,C0388,1930.95,INVOICE_OVERDUE,Bank_B,E42,P006,CARD
E02968,C0531,21834.25,PAYMENT_FAILED,Bank_C,E42,P002,WALLET
E02969,C0148,5242.99,SUBSCRIPTION_FAILED,Bank_B,E23,P011,CARD
E02970,C0332,10638.99,CHECKOUT_ABANDONED,Bank_B,E23,P004,NETBANKING
E02971,C0183,17607.32,CHECKOUT_ABANDONED,Bank_D,E17,P015,WALLET
E02972,C0430,500.63,INVOICE_OVERDUE,Bank_C,E42,P008,WALLET
E02973,C0581,18938.77,SUBSCRIPTION_FAILED,Bank_A,E42,P013,UPI
E02974,C0806,9519.25,PAYMENT_FAILED,Bank_A,E42,P017,UPI
E02975,C0739,14415.11,INVOICE_OVERDUE,Bank_D,E42,P016,NETBANKING
E02976,C0806,23254.73,CHECKOUT_ABANDONED,Bank_D,E23,P002,CARD
E02977,C0817,9001.74,CHECKOUT_ABANDONED,Bank_A,E42,P004,NETBANKING
E02978,C0231,20918.9,PAYMENT_FAILED,Bank_A,E42,P015,CARD
E02979,C0052,6939.02,CHECKOUT_ABANDONED,Bank_D,E11,P001,NETBANKING
E02980,C0161,24142.04,CHECKOUT_ABANDONED,Bank_A,E11,P013,WALLET
E02981,C0597,975.82,CHECKOUT_ABANDONED,Bank_B,E42,P008,UPI
E02982,C0859,23519.07,SUBSCRIPTION_FAILED,Bank_A,E42,P006,NETBANKING
E02983,C0341,15792.86,CHECKOUT_ABANDONED,Bank_B,E17,P008,NETBANKING
E02984,C0254,12246.67,PAYMENT_FAILED,Bank_A,E42,P015,CARD
E02985,C0222,18724.01,PAYMENT_FAILED,Bank_B,E17,P007,UPI
E02986,C0282,20224.65,PAYMENT_FAILED,Bank_D,E23,P017,WALLET
E02987,C0915,10113.49,SUBSCRIPTION_FAILED,Bank_A,E42,P012,CARD
E02988,C0768,21200.89,INVOICE_OVERDUE,Bank_C,E42,P009,CARD
E02989,C0604,23171.84,INVOICE_OVERDUE,Bank_B,E11,P016,CARD
E02990,C0235,14514.8,INVOICE_OVERDUE,Bank_D,E11,P008,UPI
E02991,C0507,7272.05,PAYMENT_FAILED,Bank_B,E17,P009,WALLET
E02992,C0637,22255.64,SUBSCRIPTION_FAILED,Bank_A,E42,P009,NETBANKING
E02993,C0063,4928.05,INVOICE_OVERDUE,Bank_A,E42,P001,WALLET
E02994,C0404,20009.64,SUBSCRIPTION_FAILED,Bank_A,E42,P018,UPI
E02995,C0569,18517.71,PAYMENT_FAILED,Bank_D,E23,P016,UPI
E02996,C0734,9709.74,CHECKOUT_ABANDONED,Bank_B,E17,P015,CARD
E02997,C0824,20419.94,SUBSCRIPTION_FAILED,Bank_A,E42,P020,UPI
E02998,C0041,14698.59,CHECKOUT_ABANDONED,Bank_B,E23,P002,UPI
E02999,C0276,17486.16,PAYMENT_FAILED,Bank_A,E23,P001,CARD
E03000,C0132,4396.43,INVOICE_OVERDUE,Bank_B,E42,P012,NETBANKING
E03001,C0665,15497.44,CHECKOUT_ABANDONED,Bank_A,E17,P009,NETBANKING
E03002,C0181,6128.63,INVOICE_OVERDUE,Bank_D,E11,P005,WALLET
E03003,C0359,21966.91,CHECKOUT_ABANDONED,Bank_C,E17,P019,CARD
E03004,C0441,11554.03,PAYMENT_FAILED,Bank_B,E17,P001,CARD
E03005,C0268,13554.9,CHECKOUT_ABANDONED,Bank_C,E17,P020,WALLET
E03006,C0225,7268.97,SUBSCRIPTION_FAILED,Bank_C,E42,P016,NETBANKING
E03007,C0050,14607.95,SUBSCRIPTION_FAILED,Bank_A,E42,P011,WALLET
E03008,C0049,22057.45,PAYMENT_FAILED,Bank_A,E23,P016,NETBANKING
E03009,C0309,21978.31,SUBSCRIPTION_FAILED,Bank_A,E42,P010,UPI
E03010,C0513,11404.46,SUBSCRIPTION_FAILED,Bank_D,E23,P003,CARD
E03011,C0003,23796.42,PAYMENT_FAILED,Bank_A,E11,P005,NETBANKING
E03012,C0309,18725.31,SUBSCRIPTION_FAILED,Bank_D,E42,P003,NETBANKING
E03013,C0518,3626.97,CHECKOUT_ABANDONED,Bank_C,E23,P014,WALLET
E03014,C0485,23005.63,SUBSCRIPTION_FAILED,Bank_C,E17,P011,CARD
E03015,C0019,21896.69,INVOICE_OVERDUE,Bank_D,E11,P005,WALLET
E03016,C0005,17097.17,INVOICE_OVERDUE,Bank_B,E17,P002,CARD
E03017,C0836,14861.75,PAYMENT_FAILED,Bank_A,E42,P004,WALLET
E03018,C0511,23473.99,INVOICE_OVERDUE,Bank_A,E42,P001,WALLET
E03019,C0718,14817.29,INVOICE_OVERDUE,Bank_D,E23,P018,CARD
E03020,C0653,17076.26,CHECKOUT_ABANDONED,Bank_A,E42,P005,CARD
E03021,C0493,3449.91,CHECKOUT_ABANDONED,Bank_B,E11,P008,NETBANKING
E03022,C0990,3773.86,CHECKOUT_ABANDONED,Bank_A,E42,P003,NETBANKING
E03023,C0837,8836.11,INVOICE_OVERDUE,Bank_C,E23,P015,CARD
E03024,C0468,7711.17,SUBSCRIPTION_FAILED,Bank_B,E23,P016,CARD
E03025,C0447,3191.48,SUBSCRIPTION_FAILED,Bank_A,E42,P001,UPI
E03026,C0423,18229.69,PAYMENT_FAILED,Bank_C,E11,P015,WALLET
E03027,C0315,19135.46,PAYMENT_FAILED,Bank_A,E42,P010,CARD
E03028,C0407,3999.16,SUBSCRIPTION_FAILED,Bank_A,E42,P020,WALLET
E03029,C0107,2674.52,PAYMENT_FAILED,Bank_C,E23,P008,UPI
E03030,C0332,4742.46,SUBSCRIPTION_FAILED,Bank_A,E42,P011,WALLET
E03031,C0199,18354.93,INVOICE_OVERDUE,Bank_B,E17,P020,NETBANKING
E03032,C0135,2771.48,PAYMENT_FAILED,Bank_B,E11,P017,CARD
E03033,C0367,8090.25,CHECKOUT_ABANDONED,Bank_A,E42,P017,CARD
E03034,C0286,1109.75,INVOICE_OVERDUE,Bank_C,E17,P002,WALLET
E03035,C0333,9064.26,INVOICE_OVERDUE,Bank_C,E11,P003,UPI
E03036,C0216,17944.67,CHECKOUT_ABANDONED,Bank_A,E42,P012,UPI
E03037,C0768,24600.08,CHECKOUT_ABANDONED,Bank_A,E42,P020,CARD
E03038,C0676,24136.16,CHECKOUT_ABANDONED,Bank_B,E23,P009,WALLET
E03039,C0110,1509.52,SUBSCRIPTION_FAILED,Bank_D,E23,P010,CARD
E03040,C0705,1093.87,CHECKOUT_ABANDONED,Bank_D,E11,P019,CARD
E03041,C0230,9090.26,INVOICE_OVERDUE,Bank_D,E42,P019,UPI
E03042,C0936,9889.27,SUBSCRIPTION_FAILED,Bank_D,E23,P008,UPI
E03043,C0587,23727.98,CHECKOUT_ABANDONED,Bank_D,E23,P015,CARD
E03044,C0533,1448.87,PAYMENT_FAILED,Bank_C,E17,P013,NETBANKING
E03045,C0158,12221.79,SUBSCRIPTION_FAILED,Bank_B,E42,P016,NETBANKING
E03046,C0229,10581.19,SUBSCRIPTION_FAILED,Bank_B,E23,P012,NETBANKING
E03047,C0243,8193.06,CHECKOUT_ABANDONED,Bank_C,E42,P013,WALLET
E03048,C0445,4235.85,PAYMENT_FAILED,Bank_A,E11,P012,WALLET
E03049,C0205,10022.61,INVOICE_OVERDUE,Bank_C,E11,P016,NETBANKING
E03050,C0212,20766.57,PAYMENT_FAILED,Bank_D,E17,P007,WALLET
E03051,C0528,18978.57,INVOICE_OVERDUE,Bank_A,E23,P002,UPI
E03052,C0813,18440.85,CHECKOUT_ABANDONED,Bank_B,E42,P016,NETBANKING
E03053,C0690,20558.78,CHECKOUT_ABANDONED,Bank_B,E17,P016,WALLET
E03054,C0633,21309.61,CHECKOUT_ABANDONED,Bank_C,E11,P018,CARD
E03055,C0029,17893.25,CHECKOUT_ABANDONED,Bank_A,E42,P019,UPI
E03056,C0507,18631.96,INVOICE_OVERDUE,Bank_D,E17,P005,NETBANKING
E03057,C0922,23899.67,CHECKOUT_ABANDONED,Bank_D,E23,P005,CARD
E03058,C0492,809.31,INVOICE_OVERDUE,Bank_B,E11,P014,WALLET
E03059,C0240,16935.74,SUBSCRIPTION_FAILED,Bank_A,E42,P013,CARD
E03060,C0691,18527.28,CHECKOUT_ABANDONED,Bank_B,E11,P004,CARD
E03061,C0239,15983.26,INVOICE_OVERDUE,Bank_B,E17,P014,WALLET
E03062,C0324,14897.34,INVOICE_OVERDUE,Bank_D,E11,P002,WALLET
E03063,C0418,13751.57,PAYMENT_FAILED,Bank_D,E23,P014,NETBANKING
E03064,C0122,10932.89,INVOICE_OVERDUE,Bank_B,E23,P003,NETBANKING
E03065,C0165,17247.34,INVOICE_OVERDUE,Bank_A,E42,P004,CARD
E03066,C0797,16454.16,SUBSCRIPTION_FAILED,Bank_A,E42,P006,NETBANKING
E03067,C0995,4979.6,SUBSCRIPTION_FAILED,Bank_C,E23,P005,CARD
E03068,C0538,13230.27,PAYMENT_FAILED,Bank_A,E42,P004,CARD
E03069,C0430,4019.27,CHECKOUT_ABANDONED,Bank_A,E42,P020,UPI
E03070,C0988,3714.3,INVOICE_OVERDUE,Bank_D,E17,P018,CARD
E03071,C0043,9335.74,CHECKOUT_ABANDONED,Bank_A,E42,P017,UPI
E03072,C0430,21175.77,INVOICE_OVERDUE,Bank_A,E23,P015,CARD
E03073,C0691,3094.02,CHECKOUT_ABANDONED,Bank_B,E17,P007,CARD
E03074,C0762,1315.78,CHECKOUT_ABANDONED,Bank_C,E17,P008,CARD
E03075,C0375,7687.38,SUBSCRIPTION_FAILED,Bank_A,E17,P011,CARD
E03076,C0077,9127.93,PAYMENT_FAILED,Bank_B,E23,P007,NETBANKING
E03077,C0302,7952.17,PAYMENT_FAILED,Bank_A,E23,P020,UPI
E03078,C0795,10814.72,INVOICE_OVERDUE,Bank_A,E42,P015,NETBANKING
E03079,C0664,18631.35,INVOICE_OVERDUE,Bank_B,E11,P014,NETBANKING
E03080,C0611,12581.96,PAYMENT_FAILED,Bank_D,E11,P006,NETBANKING
E03081,C0561,13699.16,CHECKOUT_ABANDONED,Bank_D,E42,P004,UPI
E03082,C0511,11617.57,PAYMENT_FAILED,Bank_C,E17,P003,WALLET
E03083,C0190,9257.63,INVOICE_OVERDUE,Bank_A,E17,P015,UPI
E03084,C0090,13666.46,SUBSCRIPTION_FAILED,Bank_A,E17,P016,CARD
E03085,C0240,2281.93,CHECKOUT_ABANDONED,Bank_A,E42,P019,CARD
E03086,C0869,13650.04,PAYMENT_FAILED,Bank_A,E42,P016,UPI
E03087,C0448,24778.65,INVOICE_OVERDUE,Bank_B,E42,P017,UPI
E03088,C0071,20510.59,PAYMENT_FAILED,Bank_C,E23,P010,UPI
E03089,C0640,17843.36,CHECKOUT_ABANDONED,Bank_A,E42,P001,WALLET
E03090,C0965,22072.42,INVOICE_OVERDUE,Bank_C,E17,P006,CARD
E03091,C0433,21228.51,CHECKOUT_ABANDONED,Bank_D,E11,P001,WALLET
E03092,C0541,17998.72,PAYMENT_FAILED,Bank_A,E42,P013,WALLET
E03093,C0676,2430.85,SUBSCRIPTION_FAILED,Bank_A,E42,P019,CARD
E03094,C0107,11110.75,SUBSCRIPTION_FAILED,Bank_C,E17,P013,UPI
E03095,C0659,6382.1,PAYMENT_FAILED,Bank_A,E42,P014,CARD
E03096,C0242,24906.74,CHECKOUT_ABANDONED,Bank_B,E11,P002,WALLET
E03097,C0123,4348.8,PAYMENT_FAILED,Bank_B,E11,P004,NETBANKING
E03098,C0321,7702.43,PAYMENT_FAILED,Bank_A,E42,P012,UPI
E03099,C0723,22399.24,PAYMENT_FAILED,Bank_D,E11,P013,UPI
E03100,C0344,11411.18,INVOICE_OVERDUE,Bank_D,E42,P014,NETBANKING
E03101,C0164,9509.93,INVOICE_OVERDUE,Bank_B,E11,P015,WALLET
E03102,C0833,12451.2,CHECKOUT_ABANDONED,Bank_A,E23,P018,NETBANKING
E03103,C0542,6174.78,SUBSCRIPTION_FAILED,Bank_A,E42,P012,WALLET
E03104,C0573,16382.25,SUBSCRIPTION_FAILED,Bank_A,E42,P013,NETBANKING
E03105,C0274,3241.38,PAYMENT_FAILED,Bank_A,E11,P019,NETBANKING
E03106,C0701,17461.92,PAYMENT_FAILED,Bank_A,E17,P011,WALLET
E03107,C0100,12495.44,CHECKOUT_ABANDONED,Bank_A,E17,P008,NETBANKING
E03108,C0231,21073.64,CHECKOUT_ABANDONED,Bank_B,E42,P007,UPI
E03109,C0027,3223.99,PAYMENT_FAILED,Bank_D,E42,P001,WALLET
E03110,C0944,12990.48,CHECKOUT_ABANDONED,Bank_A,E42,P008,UPI
E03111,C0499,12602.21,CHECKOUT_ABANDONED,Bank_B,E42,P007,WALLET
E03112,C0079,23256.38,INVOICE_OVERDUE,Bank_D,E42,P013,CARD
E03113,C0833,18237.35,SUBSCRIPTION_FAILED,Bank_C,E23,P006,UPI
E03114,C0204,2352.47,INVOICE_OVERDUE,Bank_A,E42,P009,UPI
E03115,C0074,1658.18,CHECKOUT_ABANDONED,Bank_A,E42,P019,WALLET
E03116,C0669,24457.48,SUBSCRIPTION_FAILED,Bank_A,E42,P003,WALLET
E03117,C0700,1815.79,INVOICE_OVERDUE,Bank_D,E23,P013,CARD
E03118,C0026,12692.75,CHECKOUT_ABANDONED,Bank_A,E23,P019,UPI
E03119,C0422,8404.1,CHECKOUT_ABANDONED,Bank_C,E42,P018,NETBANKING
E03120,C0707,19860.94,INVOICE_OVERDUE,Bank_A,E42,P015,NETBANKING
E03121,C0091,7644.12,INVOICE_OVERDUE,Bank_D,E42,P015,CARD
E03122,C0548,3065.1,PAYMENT_FAILED,Bank_A,E11,P017,WALLET
E03123,C0118,20193.07,INVOICE_OVERDUE,Bank_B,E23,P014,WALLET
E03124,C0691,22256.9,PAYMENT_FAILED,Bank_A,E11,P016,UPI
E03125,C0155,19086.81,CHECKOUT_ABANDONED,Bank_A,E11,P020,CARD
E03126,C0983,22513.51,CHECKOUT_ABANDONED,Bank_A,E42,P004,NETBANKING
E03127,C0279,9164.57,PAYMENT_FAILED,Bank_D,E42,P001,NETBANKING
E03128,C0248,12317.26,CHECKOUT_ABANDONED,Bank_A,E11,P018,UPI
E03129,C0579,23606.4,CHECKOUT_ABANDONED,Bank_D,E42,P015,CARD
E03130,C0124,5960.58,CHECKOUT_ABANDONED,Bank_C,E11,P006,CARD
E03131,C0430,18598.97,PAYMENT_FAILED,Bank_D,E11,P006,CARD
E03132,C0381,23558.12,INVOICE_OVERDUE,Bank_D,E23,P014,UPI
E03133,C0554,12531.18,SUBSCRIPTION_FAILED,Bank_B,E23,P011,NETBANKING
E03134,C0829,7169.82,SUBSCRIPTION_FAILED,Bank_C,E42,P002,NETBANKING
E03135,C0359,7665.23,CHECKOUT_ABANDONED,Bank_D,E17,P006,UPI
E03136,C0856,22651.28,SUBSCRIPTION_FAILED,Bank_A,E42,P019,WALLET
E03137,C0922,13494.53,PAYMENT_FAILED,Bank_D,E23,P019,NETBANKING
E03138,C0857,21366.45,PAYMENT_FAILED,Bank_A,E11,P012,NETBANKING
E03139,C0919,2942.71,PAYMENT_FAILED,Bank_A,E42,P013,UPI
E03140,C0215,18826.61,PAYMENT_FAILED,Bank_A,E17,P006,UPI
E03141,C0403,20136.16,CHECKOUT_ABANDONED,Bank_A,E42,P003,UPI
E03142,C0872,19519.17,INVOICE_OVERDUE,Bank_D,E17,P003,CARD
E03143,C0627,7702.49,SUBSCRIPTION_FAILED,Bank_B,E42,P008,CARD
E03144,C0915,17770.92,CHECKOUT_ABANDONED,Bank_C,E23,P012,WALLET
E03145,C0036,2986.24,PAYMENT_FAILED,Bank_C,E23,P010,WALLET
E03146,C0588,10015.72,SUBSCRIPTION_FAILED,Bank_A,E11,P001,NETBANKING
E03147,C0936,11007.84,SUBSCRIPTION_FAILED,Bank_A,E42,P011,UPI
E03148,C0835,8226.02,INVOICE_OVERDUE,Bank_C,E42,P020,WALLET
E03149,C0753,10533.17,CHECKOUT_ABANDONED,Bank_A,E11,P017,UPI
E03150,C0591,10617.94,PAYMENT_FAILED,Bank_A,E42,P007,WALLET
E03151,C0885,12834.25,CHECKOUT_ABANDONED,Bank_B,E11,P015,WALLET
E03152,C0624,18953.28,PAYMENT_FAILED,Bank_D,E17,P002,NETBANKING
E03153,C0124,856.1,INVOICE_OVERDUE,Bank_B,E11,P017,UPI
E03154,C0482,16638.61,SUBSCRIPTION_FAILED,Bank_B,E42,P005,UPI
E03155,C0428,2934.79,SUBSCRIPTION_FAILED,Bank_A,E23,P012,NETBANKING
E03156,C0234,16502.65,SUBSCRIPTION_FAILED,Bank_B,E11,P015,CARD
E03157,C0399,7585.82,SUBSCRIPTION_FAILED,Bank_A,E42,P008,UPI
E03158,C0152,11377.45,INVOICE_OVERDUE,Bank_C,E42,P012,WALLET
E03159,C0245,18569.4,PAYMENT_FAILED,Bank_D,E11,P014,WALLET
E03160,C0800,8391.08,PAYMENT_FAILED,Bank_A,E23,P011,CARD
E03161,C0054,21814.95,CHECKOUT_ABANDONED,Bank_B,E11,P002,UPI
E03162,C0416,8252.79,SUBSCRIPTION_FAILED,Bank_C,E23,P007,CARD
E03163,C0148,16850.94,PAYMENT_FAILED,Bank_C,E17,P018,NETBANKING
E03164,C0320,15476.42,INVOICE_OVERDUE,Bank_B,E23,P003,UPI
E03165,C0866,9595.5,PAYMENT_FAILED,Bank_C,E42,P012,UPI
E03166,C0327,15646.5,PAYMENT_FAILED,Bank_D,E23,P006,CARD
E03167,C1000,4428.82,CHECKOUT_ABANDONED,Bank_A,E42,P016,UPI
E03168,C0801,6526.06,INVOICE_OVERDUE,Bank_A,E11,P016,UPI
E03169,C0915,6320.7,PAYMENT_FAILED,Bank_A,E42,P005,WALLET
E03170,C0275,17164.59,CHECKOUT_ABANDONED,Bank_B,E42,P014,UPI
E03171,C0816,2311.25,CHECKOUT_ABANDONED,Bank_D,E11,P011,CARD
E03172,C0642,19692.01,SUBSCRIPTION_FAILED,Bank_C,E42,P018,NETBANKING
E03173,C0055,1383.27,INVOICE_OVERDUE,Bank_B,E11,P005,NETBANKING
E03174,C0378,12552.52,CHECKOUT_ABANDONED,Bank_A,E42,P010,WALLET
E03175,C0977,16951.89,INVOICE_OVERDUE,Bank_A,E23,P018,NETBANKING
E03176,C0480,24990.66,CHECKOUT_ABANDONED,Bank_A,E42,P007,NETBANKING
E03177,C0183,14706.33,INVOICE_OVERDUE,Bank_D,E11,P012,WALLET
E03178,C0649,21335.19,PAYMENT_FAILED,Bank_C,E23,P014,NETBANKING
E03179,C0196,19733.42,SUBSCRIPTION_FAILED,Bank_C,E23,P001,NETBANKING
E03180,C0051,8857.38,CHECKOUT_ABANDONED,Bank_A,E11,P012,CARD
E03181,C0989,22218.64,INVOICE_OVERDUE,Bank_A,E42,P006,CARD
E03182,C0816,19483.41,PAYMENT_FAILED,Bank_A,E42,P009,CARD
E03183,C0706,15384.3,SUBSCRIPTION_FAILED,Bank_A,E42,P017,WALLET
E03184,C0829,19282.39,CHECKOUT_ABANDONED,Bank_A,E42,P015,CARD
E03185,C0380,16868.88,INVOICE_OVERDUE,Bank_A,E42,P019,UPI
E03186,C0513,4732.03,PAYMENT_FAILED,Bank_C,E11,P001,NETBANKING
E03187,C0221,12410.07,CHECKOUT_ABANDONED,Bank_C,E23,P007,UPI
E03188,C0318,5510.12,SUBSCRIPTION_FAILED,Bank_C,E17,P012,UPI
E03189,C0762,22770.84,SUBSCRIPTION_FAILED,Bank_A,E42,P016,NETBANKING
E03190,C0415,14669.35,CHECKOUT_ABANDONED,Bank_A,E42,P016,NETBANKING
E03191,C0348,16756.67,CHECKOUT_ABANDONED,Bank_B,E23,P018,UPI
E03192,C0551,814.97,PAYMENT_FAILED,Bank_A,E42,P010,WALLET
E03193,C0172,1411.38,INVOICE_OVERDUE,Bank_C,E11,P016,NETBANKING
E03194,C0180,1846.25,CHECKOUT_ABANDONED,Bank_A,E42,P011,UPI
E03195,C0263,14635.58,CHECKOUT_ABANDONED,Bank_C,E11,P008,CARD
E03196,C0438,17416.28,PAYMENT_FAILED,Bank_C,E42,P020,WALLET
E03197,C0022,9097.28,CHECKOUT_ABANDONED,Bank_C,E23,P015,WALLET
E03198,C0699,10551.79,CHECKOUT_ABANDONED,Bank_C,E23,P008,NETBANKING
E03199,C0329,1886.19,SUBSCRIPTION_FAILED,Bank_B,E42,P012,NETBANKING
E03200,C0605,5436.84,SUBSCRIPTION_FAILED,Bank_D,E42,P017,UPI
E03201,C0175,1148.92,CHECKOUT_ABANDONED,Bank_A,E42,P019,UPI
E03202,C0800,17915.55,CHECKOUT_ABANDONED,Bank_B,E42,P014,UPI
E03203,C0351,4607.77,PAYMENT_FAILED,Bank_A,E11,P020,UPI
E03204,C0651,5944.53,INVOICE_OVERDUE,Bank_A,E42,P004,NETBANKING
E03205,C0431,8310.98,SUBSCRIPTION_FAILED,Bank_D,E23,P001,WALLET
E03206,C0570,2466.62,INVOICE_OVERDUE,Bank_A,E11,P009,UPI
E03207,C0474,18054.07,SUBSCRIPTION_FAILED,Bank_B,E23,P007,WALLET
E03208,C0166,5565.92,PAYMENT_FAILED,Bank_C,E23,P016,CARD
E03209,C0773,10179.22,INVOICE_OVERDUE,Bank_C,E17,P003,CARD
E03210,C0119,7723.39,SUBSCRIPTION_FAILED,Bank_D,E17,P009,CARD
E03211,C0957,13289.61,PAYMENT_FAILED,Bank_C,E11,P013,NETBANKING
E03212,C0116,23503.48,INVOICE_OVERDUE,Bank_D,E11,P011,CARD
E03213,C0762,12673.34,INVOICE_OVERDUE,Bank_B,E11,P007,WALLET
E03214,C0603,2636.73,PAYMENT_FAILED,Bank_B,E23,P010,NETBANKING
E03215,C0038,23676.73,INVOICE_OVERDUE,Bank_A,E11,P006,UPI
E03216,C0328,24510.93,CHECKOUT_ABANDONED,Bank_A,E23,P011,WALLET
E03217,C0110,9424.67,SUBSCRIPTION_FAILED,Bank_D,E42,P001,UPI
E03218,C0669,1346.55,PAYMENT_FAILED,Bank_A,E42,P002,UPI
E03219,C0973,14670.77,CHECKOUT_ABANDONED,Bank_B,E23,P013,WALLET
E03220,C0989,2506.62,INVOICE_OVERDUE,Bank_B,E42,P018,UPI
E03221,C0392,15311.55,CHECKOUT_ABANDONED,Bank_B,E17,P009,WALLET
E03222,C0853,14584.64,SUBSCRIPTION_FAILED,Bank_B,E11,P009,CARD
E03223,C0701,7627.34,CHECKOUT_ABANDONED,Bank_A,E17,P015,WALLET
E03224,C0207,8703.11,PAYMENT_FAILED,Bank_D,E42,P015,NETBANKING
E03225,C0471,14684.36,INVOICE_OVERDUE,Bank_C,E23,P016,WALLET
E03226,C0460,13639.16,PAYMENT_FAILED,Bank_A,E42,P017,WALLET
E03227,C0320,21742.05,PAYMENT_FAILED,Bank_B,E11,P009,CARD
E03228,C0466,21004.89,CHECKOUT_ABANDONED,Bank_B,E23,P012,NETBANKING
E03229,C0754,4011.62,CHECKOUT_ABANDONED,Bank_D,E11,P020,NETBANKING
E03230,C0916,16093.34,PAYMENT_FAILED,Bank_B,E23,P013,WALLET
E03231,C0389,18498.51,PAYMENT_FAILED,Bank_B,E11,P002,UPI
E03232,C0524,2756.38,CHECKOUT_ABANDONED,Bank_A,E42,P005,CARD
E03233,C0307,12816.44,SUBSCRIPTION_FAILED,Bank_B,E42,P019,UPI
E03234,C0227,18561.15,CHECKOUT_ABANDONED,Bank_C,E17,P002,CARD
E03235,C0776,9354.34,INVOICE_OVERDUE,Bank_D,E11,P018,UPI
E03236,C0109,11954.66,INVOICE_OVERDUE,Bank_A,E42,P005,UPI
E03237,C0917,12290.22,INVOICE_OVERDUE,Bank_A,E17,P006,UPI
E03238,C0292,5748.0,CHECKOUT_ABANDONED,Bank_D,E11,P008,UPI
E03239,C0132,17185.61,SUBSCRIPTION_FAILED,Bank_B,E17,P012,CARD
E03240,C0991,22143.01,CHECKOUT_ABANDONED,Bank_A,E42,P018,NETBANKING
E03241,C0060,7927.85,PAYMENT_FAILED,Bank_A,E42,P007,NETBANKING
E03242,C0254,22674.81,INVOICE_OVERDUE,Bank_D,E17,P001,NETBANKING
E03243,C0863,7729.79,CHECKOUT_ABANDONED,Bank_D,E11,P020,UPI
E03244,C0317,17153.25,INVOICE_OVERDUE,Bank_A,E17,P007,CARD
E03245,C0598,12050.78,CHECKOUT_ABANDONED,Bank_A,E23,P018,CARD
E03246,C0500,24191.69,SUBSCRIPTION_FAILED,Bank_A,E23,P002,NETBANKING
E03247,C0405,1847.74,SUBSCRIPTION_FAILED,Bank_B,E42,P008,NETBANKING
E03248,C0894,18017.9,PAYMENT_FAILED,Bank_C,E23,P007,NETBANKING
E03249,C0921,10766.57,PAYMENT_FAILED,Bank_A,E11,P012,NETBANKING
E03250,C0008,14905.31,INVOICE_OVERDUE,Bank_B,E17,P012,NETBANKING
E03251,C0814,18575.64,PAYMENT_FAILED,Bank_C,E11,P018,WALLET
E03252,C0043,5969.59,PAYMENT_FAILED,Bank_A,E23,P007,CARD
E03253,C0866,12639.53,CHECKOUT_ABANDONED,Bank_A,E42,P001,WALLET
E03254,C0657,16120.09,CHECKOUT_ABANDONED,Bank_C,E17,P007,UPI
E03255,C0670,21099.89,SUBSCRIPTION_FAILED,Bank_A,E23,P016,CARD
E03256,C0491,1269.96,INVOICE_OVERDUE,Bank_D,E23,P002,WALLET
E03257,C0176,10892.75,INVOICE_OVERDUE,Bank_A,E23,P004,CARD
E03258,C0164,7134.13,SUBSCRIPTION_FAILED,Bank_A,E42,P009,WALLET
E03259,C0247,9161.56,PAYMENT_FAILED,Bank_C,E17,P017,WALLET
E03260,C0566,20525.16,INVOICE_OVERDUE,Bank_A,E42,P018,NETBANKING
E03261,C0200,11635.26,SUBSCRIPTION_FAILED,Bank_B,E23,P014,WALLET
E03262,C0635,8120.34,SUBSCRIPTION_FAILED,Bank_A,E42,P012,CARD
E03263,C0296,2522.27,SUBSCRIPTION_FAILED,Bank_A,E17,P005,NETBANKING
E03264,C0674,24863.46,PAYMENT_FAILED,Bank_A,E11,P011,WALLET
E03265,C0253,23876.81,CHECKOUT_ABANDONED,Bank_A,E42,P013,CARD
E03266,C0703,5155.49,INVOICE_OVERDUE,Bank_B,E42,P015,CARD
E03267,C0981,17323.77,PAYMENT_FAILED,Bank_C,E23,P019,CARD
E03268,C0610,1087.38,INVOICE_OVERDUE,Bank_B,E17,P006,UPI
E03269,C0597,18604.9,INVOICE_OVERDUE,Bank_D,E23,P008,UPI
E03270,C0572,13856.78,CHECKOUT_ABANDONED,Bank_B,E23,P012,NETBANKING
E03271,C0580,15943.09,SUBSCRIPTION_FAILED,Bank_A,E11,P001,UPI
E03272,C0589,20478.04,PAYMENT_FAILED,Bank_B,E17,P019,NETBANKING
E03273,C0806,9906.16,PAYMENT_FAILED,Bank_C,E23,P014,WALLET
E03274,C0812,15624.71,CHECKOUT_ABANDONED,Bank_B,E23,P015,CARD
E03275,C0437,16708.82,CHECKOUT_ABANDONED,Bank_B,E23,P001,CARD
E03276,C0735,502.37,CHECKOUT_ABANDONED,Bank_B,E42,P005,CARD
E03277,C0081,1121.26,INVOICE_OVERDUE,Bank_A,E11,P006,UPI
E03278,C0155,6864.41,INVOICE_OVERDUE,Bank_D,E23,P019,UPI
E03279,C0220,5857.39,INVOICE_OVERDUE,Bank_A,E17,P009,UPI
E03280,C0912,2882.74,SUBSCRIPTION_FAILED,Bank_A,E42,P016,NETBANKING
E03281,C0364,6431.91,INVOICE_OVERDUE,Bank_D,E17,P017,CARD
E03282,C0828,14085.77,PAYMENT_FAILED,Bank_B,E17,P019,UPI
E03283,C0807,20314.14,SUBSCRIPTION_FAILED,Bank_C,E17,P016,WALLET
E03284,C0629,963.69,PAYMENT_FAILED,Bank_D,E42,P004,UPI
E03285,C0051,20669.74,SUBSCRIPTION_FAILED,Bank_D,E42,P006,NETBANKING
E03286,C0160,11260.52,INVOICE_OVERDUE,Bank_C,E17,P014,WALLET
E03287,C0421,10509.65,INVOICE_OVERDUE,Bank_B,E42,P018,WALLET
E03288,C0812,8839.92,CHECKOUT_ABANDONED,Bank_D,E23,P004,WALLET
E03289,C0561,17353.0,SUBSCRIPTION_FAILED,Bank_A,E23,P019,NETBANKING
E03290,C0154,20070.74,PAYMENT_FAILED,Bank_A,E42,P020,NETBANKING
E03291,C0664,8735.46,SUBSCRIPTION_FAILED,Bank_A,E42,P019,UPI
E03292,C0635,17978.09,INVOICE_OVERDUE,Bank_C,E42,P008,NETBANKING
E03293,C0832,9240.35,CHECKOUT_ABANDONED,Bank_A,E42,P019,CARD
E03294,C0851,24934.29,PAYMENT_FAILED,Bank_D,E11,P018,NETBANKING
E03295,C0381,8930.03,CHECKOUT_ABANDONED,Bank_D,E17,P003,CARD
E03296,C0744,14409.07,CHECKOUT_ABANDONED,Bank_A,E42,P014,CARD
E03297,C0054,22249.57,CHECKOUT_ABANDONED,Bank_C,E23,P006,WALLET
E03298,C0990,6216.2,PAYMENT_FAILED,Bank_C,E23,P010,UPI
E03299,C0700,5346.92,PAYMENT_FAILED,Bank_A,E11,P014,WALLET
E03300,C0465,981.5,SUBSCRIPTION_FAILED,Bank_B,E11,P015,UPI
E03301,C0019,7729.28,PAYMENT_FAILED,Bank_D,E11,P020,WALLET
E03302,C0824,17226.42,INVOICE_OVERDUE,Bank_D,E17,P012,NETBANKING
E03303,C0864,14964.31,CHECKOUT_ABANDONED,Bank_B,E17,P005,WALLET
E03304,C0567,9575.9,PAYMENT_FAILED,Bank_A,E11,P008,UPI
E03305,C0546,15771.54,PAYMENT_FAILED,Bank_A,E42,P017,UPI
E03306,C0125,22466.21,CHECKOUT_ABANDONED,Bank_B,E23,P017,WALLET
E03307,C0805,5090.26,SUBSCRIPTION_FAILED,Bank_A,E42,P012,CARD
E03308,C0120,15689.57,INVOICE_OVERDUE,Bank_A,E23,P013,NETBANKING
E03309,C0962,18826.86,PAYMENT_FAILED,Bank_B,E11,P012,CARD
E03310,C0479,9591.92,PAYMENT_FAILED,Bank_A,E11,P018,UPI
E03311,C0107,10250.47,INVOICE_OVERDUE,Bank_A,E42,P003,WALLET
E03312,C0421,17192.88,SUBSCRIPTION_FAILED,Bank_D,E11,P005,WALLET
E03313,C0736,19204.9,PAYMENT_FAILED,Bank_B,E11,P014,WALLET
E03314,C0847,16496.38,SUBSCRIPTION_FAILED,Bank_B,E23,P011,WALLET
E03315,C0966,24200.78,INVOICE_OVERDUE,Bank_C,E42,P016,NETBANKING
E03316,C0493,6154.55,SUBSCRIPTION_FAILED,Bank_A,E23,P011,UPI
E03317,C0483,4298.41,INVOICE_OVERDUE,Bank_A,E42,P008,WALLET
E03318,C0450,18287.79,PAYMENT_FAILED,Bank_D,E42,P015,NETBANKING
E03319,C0245,8498.5,PAYMENT_FAILED,Bank_C,E11,P007,CARD
E03320,C0797,12411.61,CHECKOUT_ABANDONED,Bank_B,E23,P015,WALLET
E03321,C0888,21026.59,PAYMENT_FAILED,Bank_A,E42,P008,WALLET
E03322,C0925,17521.18,INVOICE_OVERDUE,Bank_A,E17,P018,WALLET
E03323,C0902,9693.35,PAYMENT_FAILED,Bank_A,E42,P019,CARD
E03324,C0748,4717.98,INVOICE_OVERDUE,Bank_D,E17,P019,WALLET
E03325,C0888,11162.74,CHECKOUT_ABANDONED,Bank_B,E11,P020,CARD
E03326,C0641,7512.42,SUBSCRIPTION_FAILED,Bank_A,E17,P001,UPI
E03327,C0765,10890.15,CHECKOUT_ABANDONED,Bank_A,E42,P011,WALLET
E03328,C0332,21427.19,CHECKOUT_ABANDONED,Bank_A,E42,P020,CARD
E03329,C0745,12304.52,CHECKOUT_ABANDONED,Bank_C,E17,P019,UPI
E03330,C0919,23447.79,SUBSCRIPTION_FAILED,Bank_C,E42,P007,UPI
E03331,C0605,14118.01,SUBSCRIPTION_FAILED,Bank_A,E42,P011,WALLET
E03332,C0314,18339.33,PAYMENT_FAILED,Bank_C,E11,P018,UPI
E03333,C0293,21221.4,INVOICE_OVERDUE,Bank_A,E17,P011,WALLET
E03334,C0662,2959.66,SUBSCRIPTION_FAILED,Bank_A,E42,P010,WALLET
E03335,C0608,13726.1,PAYMENT_FAILED,Bank_B,E42,P018,WALLET
E03336,C0228,1470.96,PAYMENT_FAILED,Bank_B,E42,P006,NETBANKING
E03337,C0290,17492.99,INVOICE_OVERDUE,Bank_D,E42,P011,CARD
E03338,C0661,4700.91,SUBSCRIPTION_FAILED,Bank_A,E42,P008,CARD
E03339,C0529,11453.36,CHECKOUT_ABANDONED,Bank_D,E42,P016,WALLET
E03340,C0756,6956.05,SUBSCRIPTION_FAILED,Bank_B,E11,P013,NETBANKING
E03341,C0534,7652.95,PAYMENT_FAILED,Bank_D,E42,P002,WALLET
E03342,C0810,1387.41,INVOICE_OVERDUE,Bank_A,E23,P012,NETBANKING
E03343,C0147,17113.2,SUBSCRIPTION_FAILED,Bank_C,E42,P006,UPI
E03344,C0742,16372.82,SUBSCRIPTION_FAILED,Bank_A,E42,P020,UPI
E03345,C0046,21500.61,SUBSCRIPTION_FAILED,Bank_A,E23,P009,WALLET
E03346,C0339,17183.04,SUBSCRIPTION_FAILED,Bank_B,E42,P010,NETBANKING
E03347,C0560,6246.81,CHECKOUT_ABANDONED,Bank_C,E17,P003,UPI
E03348,C0941,17170.78,SUBSCRIPTION_FAILED,Bank_C,E17,P017,CARD
E03349,C0347,12639.07,PAYMENT_FAILED,Bank_B,E11,P014,UPI
E03350,C0482,15043.12,INVOICE_OVERDUE,Bank_A,E42,P007,CARD
E03351,C0450,16653.5,PAYMENT_FAILED,Bank_A,E42,P002,WALLET
E03352,C0851,4272.48,INVOICE_OVERDUE,Bank_B,E11,P017,WALLET
E03353,C0180,19765.83,SUBSCRIPTION_FAILED,Bank_C,E23,P014,UPI
E03354,C0433,15939.79,PAYMENT_FAILED,Bank_B,E23,P003,WALLET
E03355,C0682,5459.47,CHECKOUT_ABANDONED,Bank_D,E23,P017,NETBANKING
E03356,C0833,13547.16,SUBSCRIPTION_FAILED,Bank_A,E17,P009,UPI
E03357,C0500,6312.46,PAYMENT_FAILED,Bank_D,E11,P011,UPI
E03358,C0736,12543.04,INVOICE_OVERDUE,Bank_A,E42,P010,NETBANKING
E03359,C0199,5870.94,SUBSCRIPTION_FAILED,Bank_A,E42,P001,CARD
E03360,C0035,23522.84,PAYMENT_FAILED,Bank_A,E42,P015,CARD
E03361,C0808,12135.25,PAYMENT_FAILED,Bank_A,E42,P004,CARD
E03362,C0055,18034.39,CHECKOUT_ABANDONED,Bank_D,E23,P002,CARD
E03363,C0523,8797.48,SUBSCRIPTION_FAILED,Bank_B,E17,P005,UPI
E03364,C0716,24971.06,PAYMENT_FAILED,Bank_C,E11,P013,UPI
E03365,C0432,22036.33,SUBSCRIPTION_FAILED,Bank_A,E23,P005,UPI
E03366,C0098,6250.39,INVOICE_OVERDUE,Bank_C,E17,P014,CARD
E03367,C0733,2391.4,INVOICE_OVERDUE,Bank_A,E23,P003,CARD
E03368,C0468,16905.36,INVOICE_OVERDUE,Bank_B,E17,P010,CARD
E03369,C0983,9525.33,CHECKOUT_ABANDONED,Bank_D,E11,P011,UPI
E03370,C0983,19202.46,CHECKOUT_ABANDONED,Bank_A,E42,P019,UPI
E03371,C0833,20864.41,SUBSCRIPTION_FAILED,Bank_D,E23,P011,UPI
E03372,C0652,908.69,PAYMENT_FAILED,Bank_A,E11,P013,UPI
E03373,C0990,18186.91,INVOICE_OVERDUE,Bank_A,E42,P001,WALLET
E03374,C0458,6779.45,PAYMENT_FAILED,Bank_C,E23,P016,CARD
E03375,C0693,6280.74,PAYMENT_FAILED,Bank_A,E17,P011,UPI
E03376,C0266,11419.03,INVOICE_OVERDUE,Bank_C,E42,P016,CARD
E03377,C0879,12259.2,INVOICE_OVERDUE,Bank_A,E42,P007,NETBANKING
E03378,C0547,5265.13,INVOICE_OVERDUE,Bank_A,E23,P004,NETBANKING
E03379,C0620,12052.39,SUBSCRIPTION_FAILED,Bank_B,E42,P002,WALLET
E03380,C0653,17333.52,CHECKOUT_ABANDONED,Bank_A,E42,P009,NETBANKING
E03381,C0595,1619.35,INVOICE_OVERDUE,Bank_B,E11,P007,CARD
E03382,C0501,6757.96,SUBSCRIPTION_FAILED,Bank_A,E42,P001,CARD
E03383,C0080,17977.25,SUBSCRIPTION_FAILED,Bank_B,E17,P009,WALLET
E03384,C0287,19956.52,SUBSCRIPTION_FAILED,Bank_C,E11,P003,UPI
E03385,C0328,23896.75,SUBSCRIPTION_FAILED,Bank_A,E11,P001,UPI
E03386,C0137,10753.06,PAYMENT_FAILED,Bank_C,E23,P012,UPI
E03387,C0472,11428.03,SUBSCRIPTION_FAILED,Bank_A,E11,P010,CARD
E03388,C0328,2563.67,INVOICE_OVERDUE,Bank_D,E42,P002,UPI
E03389,C0732,16322.04,SUBSCRIPTION_FAILED,Bank_C,E11,P002,UPI
E03390,C0693,2062.66,PAYMENT_FAILED,Bank_D,E11,P006,NETBANKING
E03391,C0950,5729.98,INVOICE_OVERDUE,Bank_B,E17,P005,NETBANKING
E03392,C0373,21033.28,INVOICE_OVERDUE,Bank_A,E42,P013,WALLET
E03393,C0869,16445.72,CHECKOUT_ABANDONED,Bank_B,E11,P011,WALLET
E03394,C0939,19207.33,PAYMENT_FAILED,Bank_B,E42,P010,WALLET
E03395,C0840,11888.7,CHECKOUT_ABANDONED,Bank_A,E23,P014,WALLET
E03396,C0762,24325.94,PAYMENT_FAILED,Bank_C,E17,P002,UPI
E03397,C0050,11966.65,INVOICE_OVERDUE,Bank_A,E17,P015,WALLET
E03398,C0436,4919.5,INVOICE_OVERDUE,Bank_C,E11,P004,WALLET
E03399,C0594,13915.19,SUBSCRIPTION_FAILED,Bank_D,E11,P009,CARD
E03400,C0838,16278.11,SUBSCRIPTION_FAILED,Bank_D,E23,P002,WALLET
E03401,C0103,9415.99,CHECKOUT_ABANDONED,Bank_D,E17,P005,UPI
E03402,C0968,1240.9,CHECKOUT_ABANDONED,Bank_B,E17,P019,NETBANKING
E03403,C0803,6227.82,CHECKOUT_ABANDONED,Bank_B,E23,P001,NETBANKING
E03404,C0363,23821.6,INVOICE_OVERDUE,Bank_A,E42,P016,UPI
E03405,C0851,24872.27,SUBSCRIPTION_FAILED,Bank_B,E11,P019,NETBANKING
E03406,C0171,22208.23,SUBSCRIPTION_FAILED,Bank_C,E17,P018,UPI
E03407,C0062,5481.87,INVOICE_OVERDUE,Bank_D,E42,P010,UPI
E03408,C0331,16461.91,CHECKOUT_ABANDONED,Bank_D,E17,P013,WALLET
E03409,C0941,7962.24,INVOICE_OVERDUE,Bank_D,E42,P017,WALLET
E03410,C0534,3085.29,PAYMENT_FAILED,Bank_D,E11,P004,WALLET
E03411,C0209,11904.65,CHECKOUT_ABANDONED,Bank_A,E11,P011,CARD
E03412,C0288,10847.3,CHECKOUT_ABANDONED,Bank_B,E17,P013,CARD
E03413,C0695,19755.86,CHECKOUT_ABANDONED,Bank_A,E42,P002,UPI
E03414,C0845,21425.91,INVOICE_OVERDUE,Bank_B,E23,P006,NETBANKING
E03415,C0488,9749.13,CHECKOUT_ABANDONED,Bank_B,E17,P006,CARD
E03416,C0846,7167.98,CHECKOUT_ABANDONED,Bank_D,E42,P011,UPI
E03417,C0700,3228.21,INVOICE_OVERDUE,Bank_D,E42,P011,NETBANKING
E03418,C0585,4582.2,CHECKOUT_ABANDONED,Bank_B,E17,P003,WALLET
E03419,C0663,16395.99,PAYMENT_FAILED,Bank_D,E42,P013,UPI
E03420,C0097,7538.06,CHECKOUT_ABANDONED,Bank_D,E23,P006,WALLET
E03421,C0560,17368.8,CHECKOUT_ABANDONED,Bank_C,E42,P019,UPI
E03422,C0532,21596.02,CHECKOUT_ABANDONED,Bank_D,E42,P010,NETBANKING
E03423,C0299,9446.26,INVOICE_OVERDUE,Bank_C,E17,P011,NETBANKING
E03424,C0018,14616.19,CHECKOUT_ABANDONED,Bank_D,E23,P019,UPI
E03425,C0641,3436.64,CHECKOUT_ABANDONED,Bank_A,E42,P010,WALLET
E03426,C0475,9908.84,INVOICE_OVERDUE,Bank_A,E42,P005,NETBANKING
E03427,C0494,24871.95,PAYMENT_FAILED,Bank_C,E23,P016,NETBANKING
E03428,C0766,22970.86,PAYMENT_FAILED,Bank_A,E11,P019,NETBANKING
E03429,C0325,16123.94,CHECKOUT_ABANDONED,Bank_C,E23,P003,CARD
E03430,C0917,13922.53,CHECKOUT_ABANDONED,Bank_A,E23,P006,NETBANKING
E03431,C0910,16837.23,PAYMENT_FAILED,Bank_A,E42,P011,WALLET
E03432,C0727,19112.59,PAYMENT_FAILED,Bank_C,E42,P010,NETBANKING
E03433,C0376,22503.68,SUBSCRIPTION_FAILED,Bank_D,E11,P005,WALLET
E03434,C0572,16340.13,CHECKOUT_ABANDONED,Bank_A,E42,P012,WALLET
E03435,C0824,11230.75,SUBSCRIPTION_FAILED,Bank_B,E17,P008,UPI
E03436,C0508,19705.23,CHECKOUT_ABANDONED,Bank_B,E11,P012,CARD
E03437,C0674,23310.87,INVOICE_OVERDUE,Bank_D,E17,P004,UPI
E03438,C0861,3798.43,PAYMENT_FAILED,Bank_A,E11,P017,WALLET
E03439,C0138,2895.22,CHECKOUT_ABANDONED,Bank_D,E17,P006,UPI
E03440,C0481,19009.51,CHECKOUT_ABANDONED,Bank_C,E11,P007,UPI
E03441,C0083,20830.23,PAYMENT_FAILED,Bank_D,E17,P015,CARD
E03442,C0785,1693.87,INVOICE_OVERDUE,Bank_C,E23,P018,UPI
E03443,C0375,5565.17,SUBSCRIPTION_FAILED,Bank_A,E42,P001,CARD
E03444,C0765,4286.93,CHECKOUT_ABANDONED,Bank_B,E17,P017,CARD
E03445,C0912,16405.07,PAYMENT_FAILED,Bank_A,E42,P001,WALLET
E03446,C0945,3443.99,INVOICE_OVERDUE,Bank_A,E42,P006,CARD
E03447,C0397,10737.56,PAYMENT_FAILED,Bank_A,E42,P006,WALLET
E03448,C0477,7259.9,PAYMENT_FAILED,Bank_D,E42,P018,UPI
E03449,C0257,15833.05,SUBSCRIPTION_FAILED,Bank_A,E42,P005,CARD
E03450,C0162,23051.2,PAYMENT_FAILED,Bank_C,E17,P013,UPI
E03451,C0466,21037.3,SUBSCRIPTION_FAILED,Bank_B,E11,P013,NETBANKING
E03452,C0050,12761.94,CHECKOUT_ABANDONED,Bank_D,E17,P012,UPI
E03453,C0852,19511.11,CHECKOUT_ABANDONED,Bank_A,E17,P016,NETBANKING
E03454,C0889,15139.58,CHECKOUT_ABANDONED,Bank_C,E11,P019,WALLET
E03455,C0294,6127.32,CHECKOUT_ABANDONED,Bank_A,E42,P019,WALLET
E03456,C0625,10337.07,PAYMENT_FAILED,Bank_C,E23,P009,NETBANKING
E03457,C0406,19989.77,CHECKOUT_ABANDONED,Bank_A,E42,P018,UPI
E03458,C0587,14853.83,PAYMENT_FAILED,Bank_B,E23,P012,CARD
E03459,C0749,16252.91,CHECKOUT_ABANDONED,Bank_A,E23,P019,WALLET
E03460,C0912,23957.73,SUBSCRIPTION_FAILED,Bank_C,E17,P007,NETBANKING
E03461,C0172,12692.87,INVOICE_OVERDUE,Bank_B,E42,P014,CARD
E03462,C0467,23830.41,SUBSCRIPTION_FAILED,Bank_A,E11,P002,WALLET
E03463,C0331,23889.53,CHECKOUT_ABANDONED,Bank_B,E11,P013,CARD
E03464,C0448,9678.31,INVOICE_OVERDUE,Bank_A,E42,P001,UPI
E03465,C0221,20116.72,SUBSCRIPTION_FAILED,Bank_D,E42,P011,WALLET
E03466,C0293,4888.03,INVOICE_OVERDUE,Bank_C,E17,P003,WALLET
E03467,C0678,8572.29,PAYMENT_FAILED,Bank_A,E23,P018,NETBANKING
E03468,C0949,13732.26,SUBSCRIPTION_FAILED,Bank_A,E23,P013,WALLET
E03469,C0138,22622.95,INVOICE_OVERDUE,Bank_D,E17,P020,NETBANKING
E03470,C0068,8262.63,CHECKOUT_ABANDONED,Bank_C,E42,P017,NETBANKING
E03471,C0956,5391.49,CHECKOUT_ABANDONED,Bank_D,E23,P014,CARD
E03472,C0796,6770.01,SUBSCRIPTION_FAILED,Bank_C,E17,P003,CARD
E03473,C0791,12910.47,INVOICE_OVERDUE,Bank_B,E23,P002,CARD
E03474,C0465,14759.89,SUBSCRIPTION_FAILED,Bank_A,E17,P019,WALLET
E03475,C0717,17382.68,SUBSCRIPTION_FAILED,Bank_C,E42,P010,UPI
E03476,C0091,9936.59,PAYMENT_FAILED,Bank_A,E11,P014,CARD
E03477,C0465,24197.07,INVOICE_OVERDUE,Bank_D,E23,P004,CARD
E03478,C0906,7856.52,PAYMENT_FAILED,Bank_C,E17,P018,WALLET
E03479,C0455,4227.8,CHECKOUT_ABANDONED,Bank_C,E11,P016,NETBANKING
E03480,C0408,6327.66,PAYMENT_FAILED,Bank_A,E42,P005,CARD
E03481,C0510,18846.46,INVOICE_OVERDUE,Bank_A,E42,P013,CARD
E03482,C0725,9324.29,SUBSCRIPTION_FAILED,Bank_A,E42,P004,NETBANKING
E03483,C0512,12886.04,PAYMENT_FAILED,Bank_A,E42,P008,NETBANKING
E03484,C0855,18130.86,PAYMENT_FAILED,Bank_B,E42,P009,UPI
E03485,C0002,19123.2,INVOICE_OVERDUE,Bank_A,E42,P009,UPI
E03486,C0061,5167.54,CHECKOUT_ABANDONED,Bank_D,E23,P012,WALLET
E03487,C0980,5887.18,SUBSCRIPTION_FAILED,Bank_A,E17,P001,UPI
E03488,C0380,15497.71,INVOICE_OVERDUE,Bank_A,E11,P002,WALLET
E03489,C0300,14038.77,INVOICE_OVERDUE,Bank_A,E11,P004,WALLET
E03490,C0757,10056.79,CHECKOUT_ABANDONED,Bank_A,E42,P019,UPI
E03491,C0021,9524.34,CHECKOUT_ABANDONED,Bank_B,E23,P018,UPI
E03492,C0991,21486.34,CHECKOUT_ABANDONED,Bank_A,E42,P005,CARD
E03493,C0526,14770.17,CHECKOUT_ABANDONED,Bank_C,E11,P009,NETBANKING
E03494,C0023,20711.62,PAYMENT_FAILED,Bank_B,E17,P015,UPI
E03495,C0361,22581.89,PAYMENT_FAILED,Bank_A,E42,P002,WALLET
E03496,C0158,12918.64,INVOICE_OVERDUE,Bank_A,E42,P016,CARD
E03497,C0824,19612.53,CHECKOUT_ABANDONED,Bank_C,E11,P018,CARD
E03498,C0376,566.44,PAYMENT_FAILED,Bank_D,E42,P008,UPI
E03499,C0920,4895.23,SUBSCRIPTION_FAILED,Bank_D,E23,P012,CARD
E03500,C0389,5112.31,PAYMENT_FAILED,Bank_A,E23,P016,NETBANKING
E03501,C0429,22743.72,PAYMENT_FAILED,Bank_D,E23,P008,NETBANKING
E03502,C0080,21038.06,CHECKOUT_ABANDONED,Bank_A,E42,P003,WALLET
E03503,C0528,3709.33,SUBSCRIPTION_FAILED,Bank_D,E42,P020,CARD
E03504,C0528,5125.01,PAYMENT_FAILED,Bank_D,E17,P010,WALLET
E03505,C0480,16640.61,SUBSCRIPTION_FAILED,Bank_B,E23,P006,CARD
E03506,C0741,6649.1,CHECKOUT_ABANDONED,Bank_A,E42,P013,WALLET
E03507,C0975,12087.15,CHECKOUT_ABANDONED,Bank_B,E17,P013,NETBANKING
E03508,C0317,5052.6,INVOICE_OVERDUE,Bank_A,E42,P001,NETBANKING
E03509,C0792,13346.79,CHECKOUT_ABANDONED,Bank_D,E11,P016,NETBANKING
E03510,C0728,14878.35,SUBSCRIPTION_FAILED,Bank_A,E17,P012,CARD
E03511,C0817,5939.07,INVOICE_OVERDUE,Bank_A,E42,P008,NETBANKING
E03512,C0721,17164.55,CHECKOUT_ABANDONED,Bank_C,E42,P007,WALLET
E03513,C0162,10218.04,CHECKOUT_ABANDONED,Bank_D,E17,P005,NETBANKING
E03514,C0456,3081.95,INVOICE_OVERDUE,Bank_A,E42,P008,NETBANKING
E03515,C0393,16284.47,SUBSCRIPTION_FAILED,Bank_A,E42,P003,UPI
E03516,C0336,5027.9,CHECKOUT_ABANDONED,Bank_A,E42,P013,CARD
E03517,C0779,16676.12,PAYMENT_FAILED,Bank_B,E11,P001,CARD
E03518,C0384,6678.63,PAYMENT_FAILED,Bank_D,E42,P012,NETBANKING
E03519,C0624,4270.48,INVOICE_OVERDUE,Bank_D,E17,P004,CARD
E03520,C0537,12199.31,SUBSCRIPTION_FAILED,Bank_C,E17,P005,NETBANKING
E03521,C0085,5409.69,INVOICE_OVERDUE,Bank_A,E42,P020,NETBANKING
E03522,C0772,16853.69,SUBSCRIPTION_FAILED,Bank_A,E42,P018,WALLET
E03523,C0071,8923.76,CHECKOUT_ABANDONED,Bank_A,E17,P003,CARD
E03524,C0386,8779.98,CHECKOUT_ABANDONED,Bank_D,E23,P012,UPI
E03525,C0070,24300.26,PAYMENT_FAILED,Bank_A,E17,P017,CARD
E03526,C0796,6589.72,INVOICE_OVERDUE,Bank_A,E17,P005,UPI
E03527,C0451,17077.2,SUBSCRIPTION_FAILED,Bank_C,E23,P010,NETBANKING
E03528,C0639,12333.71,CHECKOUT_ABANDONED,Bank_B,E11,P002,WALLET
E03529,C0362,18905.31,CHECKOUT_ABANDONED,Bank_A,E42,P009,NETBANKING
E03530,C0879,747.49,CHECKOUT_ABANDONED,Bank_A,E23,P015,CARD
E03531,C0827,8241.51,SUBSCRIPTION_FAILED,Bank_D,E23,P009,NETBANKING
E03532,C0608,15097.93,SUBSCRIPTION_FAILED,Bank_A,E42,P005,NETBANKING
E03533,C0559,862.65,PAYMENT_FAILED,Bank_A,E42,P019,CARD
E03534,C0512,8451.42,CHECKOUT_ABANDONED,Bank_D,E23,P009,CARD
E03535,C0649,15591.21,INVOICE_OVERDUE,Bank_A,E42,P011,CARD
E03536,C0556,14107.45,PAYMENT_FAILED,Bank_B,E42,P010,NETBANKING
E03537,C0004,7740.41,SUBSCRIPTION_FAILED,Bank_A,E23,P006,WALLET
E03538,C0182,21759.43,PAYMENT_FAILED,Bank_D,E23,P013,NETBANKING
E03539,C0054,6194.36,INVOICE_OVERDUE,Bank_B,E11,P004,CARD
E03540,C0423,3538.45,CHECKOUT_ABANDONED,Bank_A,E23,P016,CARD
E03541,C0404,15992.89,SUBSCRIPTION_FAILED,Bank_D,E23,P004,WALLET
E03542,C0474,20350.89,PAYMENT_FAILED,Bank_B,E42,P018,UPI
E03543,C0040,8072.34,INVOICE_OVERDUE,Bank_C,E23,P017,CARD
E03544,C0274,20642.32,INVOICE_OVERDUE,Bank_D,E23,P019,NETBANKING
E03545,C0881,703.26,SUBSCRIPTION_FAILED,Bank_D,E42,P009,CARD
E03546,C0548,14718.05,SUBSCRIPTION_FAILED,Bank_D,E11,P016,UPI
E03547,C0873,6738.32,CHECKOUT_ABANDONED,Bank_B,E17,P009,WALLET
E03548,C0657,4880.68,SUBSCRIPTION_FAILED,Bank_B,E42,P003,CARD
E03549,C0609,6179.51,CHECKOUT_ABANDONED,Bank_C,E23,P008,CARD
E03550,C0030,19843.19,INVOICE_OVERDUE,Bank_C,E42,P005,CARD
E03551,C0056,3814.54,INVOICE_OVERDUE,Bank_A,E17,P011,UPI
E03552,C0485,23943.52,SUBSCRIPTION_FAILED,Bank_A,E42,P008,NETBANKING
E03553,C0121,21266.21,INVOICE_OVERDUE,Bank_B,E23,P019,WALLET
E03554,C0950,17572.66,CHECKOUT_ABANDONED,Bank_B,E11,P005,UPI
E03555,C0101,8900.1,CHECKOUT_ABANDONED,Bank_D,E23,P019,NETBANKING
E03556,C0418,16787.75,CHECKOUT_ABANDONED,Bank_A,E17,P001,WALLET
E03557,C0455,2232.61,SUBSCRIPTION_FAILED,Bank_B,E23,P003,WALLET
E03558,C0048,3866.34,CHECKOUT_ABANDONED,Bank_A,E42,P017,NETBANKING
E03559,C0802,4564.96,CHECKOUT_ABANDONED,Bank_A,E42,P011,WALLET
E03560,C0855,11453.01,PAYMENT_FAILED,Bank_A,E42,P013,WALLET
E03561,C0839,9796.06,CHECKOUT_ABANDONED,Bank_B,E11,P017,WALLET
E03562,C0962,10444.81,CHECKOUT_ABANDONED,Bank_A,E23,P016,NETBANKING
E03563,C0723,10781.46,PAYMENT_FAILED,Bank_B,E23,P015,CARD
E03564,C0370,20341.1,INVOICE_OVERDUE,Bank_A,E11,P012,NETBANKING
E03565,C0185,6843.92,INVOICE_OVERDUE,Bank_C,E42,P018,UPI
E03566,C0948,11426.64,INVOICE_OVERDUE,Bank_A,E23,P007,NETBANKING
E03567,C0691,14063.46,PAYMENT_FAILED,Bank_B,E42,P019,WALLET
E03568,C0432,23604.95,CHECKOUT_ABANDONED,Bank_D,E17,P015,UPI
E03569,C0803,22810.1,CHECKOUT_ABANDONED,Bank_B,E11,P016,WALLET
E03570,C0627,19423.88,INVOICE_OVERDUE,Bank_A,E42,P014,NETBANKING
E03571,C0320,3463.66,CHECKOUT_ABANDONED,Bank_A,E11,P012,WALLET
E03572,C0847,10920.23,SUBSCRIPTION_FAILED,Bank_C,E42,P015,NETBANKING
E03573,C0111,845.39,PAYMENT_FAILED,Bank_A,E17,P019,CARD
E03574,C0985,12923.16,SUBSCRIPTION_FAILED,Bank_B,E23,P019,WALLET
E03575,C0299,23370.52,PAYMENT_FAILED,Bank_D,E23,P017,WALLET
E03576,C0639,12853.23,SUBSCRIPTION_FAILED,Bank_C,E17,P014,UPI
E03577,C0418,24007.69,PAYMENT_FAILED,Bank_A,E42,P017,CARD
E03578,C0635,4961.34,SUBSCRIPTION_FAILED,Bank_D,E42,P020,UPI
E03579,C0565,15542.01,SUBSCRIPTION_FAILED,Bank_D,E23,P011,CARD
E03580,C0907,22683.86,PAYMENT_FAILED,Bank_A,E42,P010,UPI
E03581,C0195,9312.03,SUBSCRIPTION_FAILED,Bank_C,E17,P017,UPI
E03582,C0684,16275.87,CHECKOUT_ABANDONED,Bank_A,E42,P001,UPI
E03583,C0728,10062.14,SUBSCRIPTION_FAILED,Bank_C,E11,P004,NETBANKING
E03584,C0972,19402.62,CHECKOUT_ABANDONED,Bank_D,E11,P016,WALLET
E03585,C0138,12892.04,PAYMENT_FAILED,Bank_C,E17,P001,UPI
E03586,C0962,17953.23,SUBSCRIPTION_FAILED,Bank_D,E17,P008,CARD
E03587,C0876,12309.83,CHECKOUT_ABANDONED,Bank_C,E17,P018,NETBANKING
E03588,C0758,5786.94,INVOICE_OVERDUE,Bank_C,E17,P011,WALLET
E03589,C0467,7489.9,PAYMENT_FAILED,Bank_D,E42,P004,UPI
E03590,C0466,3352.07,INVOICE_OVERDUE,Bank_B,E42,P010,CARD
E03591,C0018,3427.9,PAYMENT_FAILED,Bank_A,E42,P019,UPI
E03592,C0073,9258.33,PAYMENT_FAILED,Bank_A,E42,P003,UPI
E03593,C0143,24046.16,SUBSCRIPTION_FAILED,Bank_A,E42,P006,NETBANKING
E03594,C0763,3651.97,PAYMENT_FAILED,Bank_A,E42,P014,WALLET
E03595,C0690,19654.22,PAYMENT_FAILED,Bank_A,E17,P005,NETBANKING
E03596,C0675,17491.88,PAYMENT_FAILED,Bank_A,E11,P016,WALLET
E03597,C0347,3197.53,CHECKOUT_ABANDONED,Bank_A,E17,P001,NETBANKING
E03598,C0473,1960.17,SUBSCRIPTION_FAILED,Bank_B,E42,P020,WALLET
E03599,C0676,19237.97,PAYMENT_FAILED,Bank_D,E11,P009,CARD
E03600,C0971,8088.65,INVOICE_OVERDUE,Bank_D,E11,P004,CARD
E03601,C0049,13235.11,CHECKOUT_ABANDONED,Bank_D,E17,P015,NETBANKING
E03602,C0138,21414.43,PAYMENT_FAILED,Bank_B,E23,P011,NETBANKING
E03603,C0524,20254.27,PAYMENT_FAILED,Bank_B,E23,P016,CARD
E03604,C0338,3975.18,CHECKOUT_ABANDONED,Bank_C,E23,P008,NETBANKING
E03605,C0412,4980.24,SUBSCRIPTION_FAILED,Bank_B,E17,P013,WALLET
E03606,C0190,6979.95,PAYMENT_FAILED,Bank_A,E42,P013,CARD
E03607,C0723,7845.89,SUBSCRIPTION_FAILED,Bank_A,E17,P014,WALLET
E03608,C0180,22506.81,PAYMENT_FAILED,Bank_A,E42,P014,CARD
E03609,C0377,14467.52,SUBSCRIPTION_FAILED,Bank_A,E42,P004,CARD
E03610,C0303,1930.66,CHECKOUT_ABANDONED,Bank_A,E17,P012,WALLET
E03611,C0659,18666.0,CHECKOUT_ABANDONED,Bank_A,E42,P005,WALLET
E03612,C0826,18208.49,INVOICE_OVERDUE,Bank_D,E42,P008,CARD
E03613,C0189,18859.14,PAYMENT_FAILED,Bank_D,E17,P003,UPI
E03614,C0327,10256.1,SUBSCRIPTION_FAILED,Bank_A,E42,P008,WALLET
E03615,C0194,19434.41,INVOICE_OVERDUE,Bank_C,E11,P004,UPI
E03616,C0546,17433.09,INVOICE_OVERDUE,Bank_A,E42,P007,UPI
E03617,C0548,12316.7,PAYMENT_FAILED,Bank_B,E17,P018,UPI
E03618,C0293,15114.91,CHECKOUT_ABANDONED,Bank_A,E42,P019,CARD
E03619,C0646,2025.54,SUBSCRIPTION_FAILED,Bank_D,E11,P012,CARD
E03620,C0353,6183.6,CHECKOUT_ABANDONED,Bank_C,E11,P018,NETBANKING
E03621,C0162,21779.78,INVOICE_OVERDUE,Bank_D,E23,P003,CARD
E03622,C0341,22429.75,INVOICE_OVERDUE,Bank_A,E17,P005,CARD
E03623,C0569,4591.19,CHECKOUT_ABANDONED,Bank_A,E42,P001,CARD
E03624,C0526,20072.12,CHECKOUT_ABANDONED,Bank_A,E17,P017,UPI
E03625,C0453,9202.19,PAYMENT_FAILED,Bank_A,E42,P002,CARD
E03626,C0899,14571.18,SUBSCRIPTION_FAILED,Bank_A,E42,P010,CARD
E03627,C0869,15338.76,SUBSCRIPTION_FAILED,Bank_A,E42,P006,WALLET
E03628,C0586,12434.38,SUBSCRIPTION_FAILED,Bank_C,E17,P015,NETBANKING
E03629,C0211,4403.22,CHECKOUT_ABANDONED,Bank_D,E11,P001,CARD
E03630,C0355,15771.81,CHECKOUT_ABANDONED,Bank_B,E23,P005,NETBANKING
E03631,C0608,24314.14,INVOICE_OVERDUE,Bank_A,E23,P016,CARD
E03632,C0338,24704.28,INVOICE_OVERDUE,Bank_A,E42,P017,WALLET
E03633,C0430,7541.53,SUBSCRIPTION_FAILED,Bank_C,E11,P013,NETBANKING
E03634,C0346,15500.86,CHECKOUT_ABANDONED,Bank_B,E11,P004,WALLET
E03635,C0261,13182.08,SUBSCRIPTION_FAILED,Bank_B,E42,P018,CARD
E03636,C0309,21324.91,CHECKOUT_ABANDONED,Bank_B,E11,P011,WALLET
E03637,C0317,703.37,SUBSCRIPTION_FAILED,Bank_A,E23,P017,WALLET
E03638,C0046,15425.62,PAYMENT_FAILED,Bank_D,E11,P013,WALLET
E03639,C0470,21332.89,SUBSCRIPTION_FAILED,Bank_B,E42,P007,CARD
E03640,C0697,19668.84,SUBSCRIPTION_FAILED,Bank_C,E11,P007,NETBANKING
E03641,C0990,10453.1,CHECKOUT_ABANDONED,Bank_B,E23,P011,UPI
E03642,C0287,7604.91,CHECKOUT_ABANDONED,Bank_B,E11,P018,NETBANKING
E03643,C0140,14243.84,PAYMENT_FAILED,Bank_C,E11,P009,WALLET
E03644,C0819,10978.87,SUBSCRIPTION_FAILED,Bank_D,E42,P019,NETBANKING
E03645,C0815,18170.41,CHECKOUT_ABANDONED,Bank_A,E42,P018,UPI
E03646,C0175,1273.11,SUBSCRIPTION_FAILED,Bank_C,E42,P007,UPI
E03647,C0379,17177.5,PAYMENT_FAILED,Bank_A,E42,P016,UPI
E03648,C0092,14886.36,INVOICE_OVERDUE,Bank_A,E11,P015,UPI
E03649,C0813,22592.86,PAYMENT_FAILED,Bank_D,E17,P016,WALLET
E03650,C0062,22306.26,CHECKOUT_ABANDONED,Bank_A,E23,P014,UPI
E03651,C0330,1748.83,SUBSCRIPTION_FAILED,Bank_C,E11,P019,WALLET
E03652,C0867,9008.9,INVOICE_OVERDUE,Bank_B,E42,P013,CARD
E03653,C0485,8734.08,SUBSCRIPTION_FAILED,Bank_A,E42,P010,UPI
E03654,C0804,1846.37,CHECKOUT_ABANDONED,Bank_A,E42,P016,UPI
E03655,C0046,18487.12,PAYMENT_FAILED,Bank_D,E42,P010,NETBANKING
E03656,C0722,17649.54,PAYMENT_FAILED,Bank_D,E17,P007,NETBANKING
E03657,C0135,16648.81,CHECKOUT_ABANDONED,Bank_D,E42,P008,UPI
E03658,C0246,14455.26,CHECKOUT_ABANDONED,Bank_D,E11,P004,UPI
E03659,C0312,11979.85,SUBSCRIPTION_FAILED,Bank_A,E42,P016,UPI
E03660,C0988,6836.61,CHECKOUT_ABANDONED,Bank_D,E42,P020,UPI
E03661,C0898,13543.03,PAYMENT_FAILED,Bank_D,E42,P008,CARD
E03662,C0682,20757.09,SUBSCRIPTION_FAILED,Bank_C,E42,P004,CARD
E03663,C0438,17366.02,PAYMENT_FAILED,Bank_B,E17,P008,CARD
E03664,C0004,13543.79,INVOICE_OVERDUE,Bank_C,E11,P017,NETBANKING
E03665,C0964,24611.2,SUBSCRIPTION_FAILED,Bank_A,E42,P006,NETBANKING
E03666,C0102,7798.41,SUBSCRIPTION_FAILED,Bank_A,E42,P020,NETBANKING
E03667,C0466,23126.76,SUBSCRIPTION_FAILED,Bank_D,E23,P020,NETBANKING
E03668,C0626,8571.28,SUBSCRIPTION_FAILED,Bank_D,E23,P014,CARD
E03669,C0427,19629.67,SUBSCRIPTION_FAILED,Bank_C,E17,P009,UPI
E03670,C0358,758.56,INVOICE_OVERDUE,Bank_A,E42,P020,CARD
E03671,C0507,15579.36,INVOICE_OVERDUE,Bank_A,E17,P004,UPI
E03672,C0318,21376.83,SUBSCRIPTION_FAILED,Bank_D,E23,P008,UPI
E03673,C0730,21426.85,INVOICE_OVERDUE,Bank_A,E42,P014,WALLET
E03674,C0178,15286.1,SUBSCRIPTION_FAILED,Bank_A,E42,P001,CARD
E03675,C0012,19236.0,CHECKOUT_ABANDONED,Bank_B,E11,P014,WALLET
E03676,C0922,10645.64,INVOICE_OVERDUE,Bank_D,E42,P015,CARD
E03677,C0876,4185.41,SUBSCRIPTION_FAILED,Bank_B,E17,P005,NETBANKING
E03678,C0782,18742.49,SUBSCRIPTION_FAILED,Bank_B,E23,P004,NETBANKING
E03679,C0277,4032.5,INVOICE_OVERDUE,Bank_C,E11,P014,UPI
E03680,C0360,8813.4,SUBSCRIPTION_FAILED,Bank_B,E17,P017,UPI
E03681,C0690,6669.82,SUBSCRIPTION_FAILED,Bank_A,E42,P012,NETBANKING
E03682,C0301,4656.99,CHECKOUT_ABANDONED,Bank_A,E42,P011,UPI
E03683,C0199,8026.06,SUBSCRIPTION_FAILED,Bank_B,E11,P002,UPI
E03684,C0207,5316.38,INVOICE_OVERDUE,Bank_A,E42,P008,CARD
E03685,C0924,19681.49,SUBSCRIPTION_FAILED,Bank_C,E42,P010,WALLET
E03686,C0902,18710.8,INVOICE_OVERDUE,Bank_A,E42,P003,UPI
E03687,C0169,14498.74,CHECKOUT_ABANDONED,Bank_A,E42,P013,NETBANKING
E03688,C0301,24043.39,SUBSCRIPTION_FAILED,Bank_A,E42,P020,CARD
E03689,C0396,11959.37,SUBSCRIPTION_FAILED,Bank_A,E42,P009,WALLET
E03690,C0574,11120.31,PAYMENT_FAILED,Bank_A,E23,P018,NETBANKING
E03691,C0432,2272.69,SUBSCRIPTION_FAILED,Bank_D,E11,P005,UPI
E03692,C0735,10816.39,INVOICE_OVERDUE,Bank_A,E42,P020,WALLET
E03693,C0904,19690.71,PAYMENT_FAILED,Bank_B,E23,P016,UPI
E03694,C0685,562.6,SUBSCRIPTION_FAILED,Bank_A,E42,P019,WALLET
E03695,C0732,12649.32,PAYMENT_FAILED,Bank_C,E23,P006,NETBANKING
E03696,C0917,2263.25,INVOICE_OVERDUE,Bank_D,E23,P010,CARD
E03697,C0686,15632.92,CHECKOUT_ABANDONED,Bank_B,E23,P002,UPI
E03698,C0312,9621.43,SUBSCRIPTION_FAILED,Bank_B,E42,P009,CARD
E03699,C0803,3073.54,INVOICE_OVERDUE,Bank_C,E23,P018,UPI
E03700,C0237,23857.37,PAYMENT_FAILED,Bank_D,E42,P008,WALLET
E03701,C0974,13621.43,INVOICE_OVERDUE,Bank_C,E11,P012,CARD
E03702,C0660,10329.21,INVOICE_OVERDUE,Bank_D,E11,P003,NETBANKING
E03703,C0579,16661.59,PAYMENT_FAILED,Bank_C,E23,P010,WALLET
E03704,C0199,10104.46,PAYMENT_FAILED,Bank_C,E23,P001,WALLET
E03705,C0666,6919.33,SUBSCRIPTION_FAILED,Bank_B,E11,P009,UPI
E03706,C0047,4094.65,CHECKOUT_ABANDONED,Bank_A,E42,P006,NETBANKING
E03707,C0025,11428.17,PAYMENT_FAILED,Bank_D,E42,P010,UPI
E03708,C0405,16570.96,SUBSCRIPTION_FAILED,Bank_C,E11,P015,UPI
E03709,C0689,1482.3,INVOICE_OVERDUE,Bank_C,E11,P001,UPI
E03710,C0940,2129.3,CHECKOUT_ABANDONED,Bank_A,E42,P017,UPI
E03711,C0386,17885.02,INVOICE_OVERDUE,Bank_D,E23,P002,UPI
E03712,C0218,13834.43,SUBSCRIPTION_FAILED,Bank_B,E17,P008,WALLET
E03713,C0914,892.05,CHECKOUT_ABANDONED,Bank_B,E42,P003,WALLET
E03714,C0804,24421.67,PAYMENT_FAILED,Bank_A,E42,P009,UPI
E03715,C0777,15597.23,SUBSCRIPTION_FAILED,Bank_C,E23,P018,UPI
E03716,C0701,23134.93,CHECKOUT_ABANDONED,Bank_B,E11,P020,UPI
E03717,C0337,951.89,INVOICE_OVERDUE,Bank_D,E23,P004,CARD
E03718,C0521,24491.78,INVOICE_OVERDUE,Bank_D,E23,P004,NETBANKING
E03719,C0526,19934.96,PAYMENT_FAILED,Bank_A,E42,P001,WALLET
E03720,C0848,10395.92,CHECKOUT_ABANDONED,Bank_A,E42,P019,UPI
E03721,C0919,12481.75,CHECKOUT_ABANDONED,Bank_B,E11,P012,CARD
E03722,C0865,9360.53,PAYMENT_FAILED,Bank_A,E42,P008,UPI
E03723,C0877,13365.63,PAYMENT_FAILED,Bank_C,E11,P010,CARD
E03724,C0625,10680.68,SUBSCRIPTION_FAILED,Bank_C,E42,P013,CARD
E03725,C0348,16594.92,PAYMENT_FAILED,Bank_B,E42,P011,CARD
E03726,C0067,3651.17,SUBSCRIPTION_FAILED,Bank_A,E11,P011,NETBANKING
E03727,C0335,17383.0,PAYMENT_FAILED,Bank_B,E11,P016,CARD
E03728,C0462,18529.03,INVOICE_OVERDUE,Bank_A,E23,P008,WALLET
E03729,C0204,18351.92,INVOICE_OVERDUE,Bank_D,E42,P011,WALLET
E03730,C0665,7352.07,CHECKOUT_ABANDONED,Bank_A,E42,P006,WALLET
E03731,C0289,815.13,CHECKOUT_ABANDONED,Bank_C,E42,P006,WALLET
E03732,C0332,20077.33,CHECKOUT_ABANDONED,Bank_D,E17,P003,WALLET
E03733,C0620,16253.02,SUBSCRIPTION_FAILED,Bank_B,E17,P002,NETBANKING
E03734,C0712,20909.41,INVOICE_OVERDUE,Bank_B,E23,P013,NETBANKING
E03735,C0863,9146.66,SUBSCRIPTION_FAILED,Bank_A,E42,P002,WALLET
E03736,C0235,24297.06,INVOICE_OVERDUE,Bank_B,E17,P014,WALLET
E03737,C0423,21884.08,CHECKOUT_ABANDONED,Bank_A,E17,P001,WALLET
E03738,C0553,19339.04,PAYMENT_FAILED,Bank_B,E11,P005,CARD
E03739,C0954,11352.38,INVOICE_OVERDUE,Bank_D,E23,P011,CARD
E03740,C0015,18479.19,CHECKOUT_ABANDONED,Bank_A,E23,P018,NETBANKING
E03741,C0148,23922.47,CHECKOUT_ABANDONED,Bank_A,E17,P010,CARD
E03742,C0757,17903.08,SUBSCRIPTION_FAILED,Bank_C,E42,P019,CARD
E03743,C0865,8984.62,INVOICE_OVERDUE,Bank_B,E11,P019,CARD
E03744,C0516,7410.81,CHECKOUT_ABANDONED,Bank_A,E23,P002,WALLET
E03745,C0712,13398.47,PAYMENT_FAILED,Bank_C,E11,P010,WALLET
E03746,C0240,11132.5,INVOICE_OVERDUE,Bank_C,E11,P005,CARD
E03747,C0767,3879.02,CHECKOUT_ABANDONED,Bank_D,E11,P018,UPI
E03748,C0105,3128.51,SUBSCRIPTION_FAILED,Bank_D,E23,P006,WALLET
E03749,C0826,2144.62,CHECKOUT_ABANDONED,Bank_C,E42,P017,WALLET
E03750,C0844,5743.06,SUBSCRIPTION_FAILED,Bank_D,E11,P008,CARD
E03751,C0429,5188.03,PAYMENT_FAILED,Bank_D,E17,P015,NETBANKING
E03752,C0909,2755.4,SUBSCRIPTION_FAILED,Bank_A,E42,P014,UPI
E03753,C0410,792.93,SUBSCRIPTION_FAILED,Bank_D,E23,P006,NETBANKING
E03754,C0404,24166.82,CHECKOUT_ABANDONED,Bank_A,E42,P001,WALLET
E03755,C0580,15058.22,INVOICE_OVERDUE,Bank_B,E11,P016,WALLET
E03756,C0190,2013.99,PAYMENT_FAILED,Bank_D,E11,P018,WALLET
E03757,C0579,8324.12,SUBSCRIPTION_FAILED,Bank_A,E42,P019,CARD
E03758,C0568,8069.38,PAYMENT_FAILED,Bank_C,E17,P009,UPI
E03759,C0860,13786.43,PAYMENT_FAILED,Bank_A,E23,P010,NETBANKING
E03760,C0738,24299.3,PAYMENT_FAILED,Bank_B,E23,P014,UPI
E03761,C0456,14845.2,CHECKOUT_ABANDONED,Bank_C,E42,P008,WALLET
E03762,C0754,3152.93,SUBSCRIPTION_FAILED,Bank_D,E11,P001,WALLET
E03763,C0531,1467.49,CHECKOUT_ABANDONED,Bank_C,E17,P005,UPI
E03764,C0810,4793.03,PAYMENT_FAILED,Bank_C,E23,P007,WALLET
E03765,C0834,16565.87,CHECKOUT_ABANDONED,Bank_A,E42,P013,NETBANKING
E03766,C0881,19594.6,SUBSCRIPTION_FAILED,Bank_A,E11,P020,WALLET
E03767,C0089,9324.53,INVOICE_OVERDUE,Bank_A,E23,P017,CARD
E03768,C0530,15382.53,SUBSCRIPTION_FAILED,Bank_A,E11,P018,CARD
E03769,C0556,15513.47,CHECKOUT_ABANDONED,Bank_A,E23,P012,CARD
E03770,C0664,7353.06,PAYMENT_FAILED,Bank_A,E17,P012,NETBANKING
E03771,C0709,2132.81,PAYMENT_FAILED,Bank_A,E11,P020,NETBANKING
E03772,C0453,21677.71,CHECKOUT_ABANDONED,Bank_D,E11,P018,NETBANKING
E03773,C0136,11136.06,INVOICE_OVERDUE,Bank_A,E42,P016,NETBANKING
E03774,C0518,22627.9,SUBSCRIPTION_FAILED,Bank_D,E11,P013,UPI
E03775,C0213,17015.13,INVOICE_OVERDUE,Bank_D,E11,P014,WALLET
E03776,C0595,18772.48,INVOICE_OVERDUE,Bank_D,E23,P013,UPI
E03777,C0509,19217.64,INVOICE_OVERDUE,Bank_A,E42,P003,UPI
E03778,C0359,1108.89,INVOICE_OVERDUE,Bank_A,E23,P019,WALLET
E03779,C0860,973.79,PAYMENT_FAILED,Bank_D,E42,P010,WALLET
E03780,C0884,14371.67,INVOICE_OVERDUE,Bank_C,E11,P005,WALLET
E03781,C0760,11964.07,INVOICE_OVERDUE,Bank_A,E42,P008,NETBANKING
E03782,C0063,10068.85,CHECKOUT_ABANDONED,Bank_A,E11,P017,UPI
E03783,C0764,24781.33,PAYMENT_FAILED,Bank_A,E42,P016,NETBANKING
E03784,C0979,12040.83,PAYMENT_FAILED,Bank_B,E23,P012,CARD
E03785,C0426,6893.69,INVOICE_OVERDUE,Bank_B,E17,P010,UPI
E03786,C0680,7589.22,INVOICE_OVERDUE,Bank_A,E42,P008,NETBANKING
E03787,C0235,23543.22,SUBSCRIPTION_FAILED,Bank_A,E11,P010,NETBANKING
E03788,C0261,1022.58,CHECKOUT_ABANDONED,Bank_A,E17,P002,UPI
E03789,C0271,22458.52,SUBSCRIPTION_FAILED,Bank_B,E17,P017,WALLET
E03790,C0118,1963.67,PAYMENT_FAILED,Bank_A,E11,P013,CARD
E03791,C0845,20923.19,INVOICE_OVERDUE,Bank_D,E17,P001,UPI
E03792,C0871,19122.89,INVOICE_OVERDUE,Bank_D,E42,P016,UPI
E03793,C0098,16783.04,SUBSCRIPTION_FAILED,Bank_B,E42,P001,WALLET
E03794,C0771,6048.32,PAYMENT_FAILED,Bank_A,E42,P017,WALLET
E03795,C0406,14311.57,PAYMENT_FAILED,Bank_A,E11,P013,NETBANKING
E03796,C0872,22935.41,INVOICE_OVERDUE,Bank_A,E17,P003,WALLET
E03797,C0779,16758.86,SUBSCRIPTION_FAILED,Bank_A,E17,P012,CARD
E03798,C0210,2685.07,SUBSCRIPTION_FAILED,Bank_D,E11,P012,CARD
E03799,C0952,21919.02,SUBSCRIPTION_FAILED,Bank_B,E17,P007,CARD
E03800,C0278,22720.85,INVOICE_OVERDUE,Bank_D,E17,P003,NETBANKING
E03801,C0756,12532.59,SUBSCRIPTION_FAILED,Bank_A,E11,P013,UPI
E03802,C0356,20178.02,CHECKOUT_ABANDONED,Bank_C,E11,P008,CARD
E03803,C0046,20397.51,PAYMENT_FAILED,Bank_A,E23,P020,WALLET
E03804,C0259,1110.78,SUBSCRIPTION_FAILED,Bank_A,E42,P020,WALLET
E03805,C0601,19516.8,PAYMENT_FAILED,Bank_D,E11,P020,CARD
E03806,C0150,8284.85,PAYMENT_FAILED,Bank_C,E11,P012,UPI
E03807,C0049,17421.36,INVOICE_OVERDUE,Bank_A,E17,P020,UPI
E03808,C0948,12340.73,CHECKOUT_ABANDONED,Bank_C,E11,P018,NETBANKING
E03809,C0305,19278.43,INVOICE_OVERDUE,Bank_D,E11,P009,WALLET
E03810,C0423,16927.8,CHECKOUT_ABANDONED,Bank_A,E23,P001,UPI
E03811,C0141,5055.8,PAYMENT_FAILED,Bank_D,E23,P002,NETBANKING
E03812,C0923,3658.54,SUBSCRIPTION_FAILED,Bank_D,E11,P010,NETBANKING
E03813,C0742,24388.8,SUBSCRIPTION_FAILED,Bank_A,E23,P015,WALLET
E03814,C0898,22783.03,PAYMENT_FAILED,Bank_D,E23,P001,NETBANKING
E03815,C0890,13026.26,CHECKOUT_ABANDONED,Bank_A,E42,P001,WALLET
E03816,C0320,2725.19,SUBSCRIPTION_FAILED,Bank_A,E42,P018,CARD
E03817,C0424,12223.41,PAYMENT_FAILED,Bank_D,E23,P002,CARD
E03818,C0741,16380.69,SUBSCRIPTION_FAILED,Bank_A,E42,P015,NETBANKING
E03819,C0040,16405.33,SUBSCRIPTION_FAILED,Bank_C,E23,P016,NETBANKING
E03820,C0958,14352.26,INVOICE_OVERDUE,Bank_D,E23,P008,UPI
E03821,C0725,5235.66,INVOICE_OVERDUE,Bank_C,E23,P018,NETBANKING
E03822,C0197,14429.29,INVOICE_OVERDUE,Bank_A,E11,P017,WALLET
E03823,C0185,18220.51,PAYMENT_FAILED,Bank_A,E42,P007,CARD
E03824,C0765,6936.83,PAYMENT_FAILED,Bank_B,E42,P010,NETBANKING
E03825,C0872,1109.39,PAYMENT_FAILED,Bank_B,E11,P013,WALLET
E03826,C0182,11558.82,CHECKOUT_ABANDONED,Bank_C,E11,P001,NETBANKING
E03827,C0704,14867.92,SUBSCRIPTION_FAILED,Bank_C,E17,P013,NETBANKING
E03828,C0240,11438.66,PAYMENT_FAILED,Bank_A,E42,P012,NETBANKING
E03829,C0746,17663.75,PAYMENT_FAILED,Bank_A,E42,P002,WALLET
E03830,C0349,997.68,INVOICE_OVERDUE,Bank_A,E11,P004,UPI
E03831,C0639,606.23,PAYMENT_FAILED,Bank_D,E11,P008,WALLET
E03832,C0716,20014.43,INVOICE_OVERDUE,Bank_B,E17,P008,NETBANKING
E03833,C0407,16637.62,INVOICE_OVERDUE,Bank_A,E42,P012,NETBANKING
E03834,C0385,11494.29,CHECKOUT_ABANDONED,Bank_A,E42,P007,CARD
E03835,C0332,1530.78,PAYMENT_FAILED,Bank_A,E11,P002,UPI
E03836,C0652,8299.88,PAYMENT_FAILED,Bank_D,E42,P004,CARD
E03837,C0134,6571.43,SUBSCRIPTION_FAILED,Bank_C,E11,P003,NETBANKING
E03838,C0384,3601.82,PAYMENT_FAILED,Bank_C,E11,P004,UPI
E03839,C0847,4297.17,SUBSCRIPTION_FAILED,Bank_C,E23,P020,UPI
E03840,C0331,17038.31,CHECKOUT_ABANDONED,Bank_D,E17,P010,CARD
E03841,C0548,13511.75,INVOICE_OVERDUE,Bank_B,E23,P015,NETBANKING
E03842,C0114,3206.9,SUBSCRIPTION_FAILED,Bank_A,E42,P013,NETBANKING
E03843,C0109,22032.56,INVOICE_OVERDUE,Bank_B,E11,P013,UPI
E03844,C0477,22788.76,PAYMENT_FAILED,Bank_A,E42,P013,CARD
E03845,C0923,5782.76,INVOICE_OVERDUE,Bank_B,E23,P004,UPI
E03846,C0387,16407.67,SUBSCRIPTION_FAILED,Bank_A,E11,P011,NETBANKING
E03847,C0330,14519.22,INVOICE_OVERDUE,Bank_D,E23,P019,NETBANKING
E03848,C0261,19963.49,SUBSCRIPTION_FAILED,Bank_C,E17,P017,NETBANKING
E03849,C0753,6688.68,PAYMENT_FAILED,Bank_C,E17,P010,CARD
E03850,C0030,24770.09,SUBSCRIPTION_FAILED,Bank_A,E42,P002,UPI
E03851,C0798,10539.1,PAYMENT_FAILED,Bank_B,E11,P019,CARD
E03852,C0841,17857.46,CHECKOUT_ABANDONED,Bank_A,E42,P011,UPI
E03853,C0884,14057.54,INVOICE_OVERDUE,Bank_B,E11,P010,NETBANKING
E03854,C0109,9472.94,CHECKOUT_ABANDONED,Bank_C,E17,P014,UPI
E03855,C0311,3429.55,SUBSCRIPTION_FAILED,Bank_D,E23,P002,CARD
E03856,C0822,13930.84,INVOICE_OVERDUE,Bank_A,E42,P012,WALLET
E03857,C0315,1088.45,SUBSCRIPTION_FAILED,Bank_A,E42,P010,CARD
E03858,C0015,5412.34,PAYMENT_FAILED,Bank_D,E17,P007,NETBANKING
E03859,C0518,3134.91,PAYMENT_FAILED,Bank_D,E42,P010,CARD
E03860,C0576,14821.74,CHECKOUT_ABANDONED,Bank_D,E42,P015,NETBANKING
E03861,C0954,11945.1,PAYMENT_FAILED,Bank_B,E23,P014,NETBANKING
E03862,C0813,797.63,CHECKOUT_ABANDONED,Bank_B,E23,P020,UPI
E03863,C0874,1604.86,INVOICE_OVERDUE,Bank_B,E23,P004,WALLET
E03864,C0534,3971.42,INVOICE_OVERDUE,Bank_A,E42,P016,NETBANKING
E03865,C0782,22507.13,CHECKOUT_ABANDONED,Bank_A,E42,P011,NETBANKING
E03866,C0305,18681.69,CHECKOUT_ABANDONED,Bank_A,E11,P007,CARD
E03867,C0471,15653.88,PAYMENT_FAILED,Bank_D,E23,P019,UPI
E03868,C0512,20094.3,SUBSCRIPTION_FAILED,Bank_A,E42,P004,NETBANKING
E03869,C0958,24761.81,CHECKOUT_ABANDONED,Bank_C,E17,P013,UPI
E03870,C0418,10345.27,PAYMENT_FAILED,Bank_B,E23,P009,CARD
E03871,C0380,7641.75,CHECKOUT_ABANDONED,Bank_D,E17,P002,NETBANKING
E03872,C0081,21240.46,CHECKOUT_ABANDONED,Bank_B,E11,P013,UPI
E03873,C0878,13960.99,INVOICE_OVERDUE,Bank_A,E42,P013,CARD
E03874,C0436,21745.71,CHECKOUT_ABANDONED,Bank_A,E42,P001,WALLET
E03875,C0721,10841.27,INVOICE_OVERDUE,Bank_A,E23,P019,CARD
E03876,C0622,7879.76,CHECKOUT_ABANDONED,Bank_A,E11,P015,WALLET
E03877,C0987,18062.9,PAYMENT_FAILED,Bank_B,E23,P020,UPI
E03878,C0932,7765.53,CHECKOUT_ABANDONED,Bank_A,E42,P006,NETBANKING
E03879,C0295,19395.06,INVOICE_OVERDUE,Bank_D,E11,P011,NETBANKING
E03880,C0413,2861.61,CHECKOUT_ABANDONED,Bank_A,E42,P017,CARD
E03881,C0211,3975.65,PAYMENT_FAILED,Bank_A,E11,P017,NETBANKING
E03882,C0066,4275.4,INVOICE_OVERDUE,Bank_B,E17,P004,NETBANKING
E03883,C0863,10043.02,PAYMENT_FAILED,Bank_A,E42,P004,NETBANKING
E03884,C0728,3248.06,SUBSCRIPTION_FAILED,Bank_C,E42,P014,CARD
E03885,C0325,13217.84,CHECKOUT_ABANDONED,Bank_A,E42,P012,CARD
E03886,C0904,19575.7,CHECKOUT_ABANDONED,Bank_B,E42,P019,WALLET
E03887,C0432,7479.93,CHECKOUT_ABANDONED,Bank_D,E17,P020,WALLET
E03888,C0904,8174.2,PAYMENT_FAILED,Bank_A,E42,P011,UPI
E03889,C0224,8913.88,SUBSCRIPTION_FAILED,Bank_C,E17,P015,UPI
E03890,C0947,14841.38,CHECKOUT_ABANDONED,Bank_A,E42,P017,WALLET
E03891,C0631,19747.84,PAYMENT_FAILED,Bank_B,E42,P001,WALLET
E03892,C0545,23343.19,INVOICE_OVERDUE,Bank_D,E11,P008,NETBANKING
E03893,C0939,7740.91,INVOICE_OVERDUE,Bank_B,E42,P003,CARD
E03894,C0701,9497.38,CHECKOUT_ABANDONED,Bank_C,E17,P004,UPI
E03895,C0059,6335.05,CHECKOUT_ABANDONED,Bank_D,E23,P011,CARD
E03896,C0689,20332.76,PAYMENT_FAILED,Bank_A,E42,P004,WALLET
E03897,C0031,4999.22,INVOICE_OVERDUE,Bank_C,E11,P001,UPI
E03898,C0098,7513.67,INVOICE_OVERDUE,Bank_B,E42,P007,CARD
E03899,C0649,15156.27,CHECKOUT_ABANDONED,Bank_A,E17,P016,UPI
E03900,C0290,12047.08,SUBSCRIPTION_FAILED,Bank_A,E17,P017,UPI
E03901,C0874,10947.1,PAYMENT_FAILED,Bank_A,E42,P011,WALLET
E03902,C0296,1481.83,INVOICE_OVERDUE,Bank_D,E23,P012,CARD
E03903,C0746,12930.24,INVOICE_OVERDUE,Bank_C,E11,P005,CARD
E03904,C0279,6679.74,SUBSCRIPTION_FAILED,Bank_A,E42,P017,NETBANKING
E03905,C0395,18064.06,CHECKOUT_ABANDONED,Bank_B,E11,P007,CARD
E03906,C0414,20674.73,CHECKOUT_ABANDONED,Bank_A,E42,P001,UPI
E03907,C0097,12040.61,CHECKOUT_ABANDONED,Bank_B,E42,P014,CARD
E03908,C0354,23942.63,PAYMENT_FAILED,Bank_D,E17,P006,NETBANKING
E03909,C0488,23802.79,INVOICE_OVERDUE,Bank_B,E17,P015,NETBANKING
E03910,C0662,16661.81,CHECKOUT_ABANDONED,Bank_A,E42,P013,CARD
E03911,C0449,14860.13,PAYMENT_FAILED,Bank_D,E23,P016,WALLET
E03912,C0427,15526.42,INVOICE_OVERDUE,Bank_C,E42,P012,WALLET
E03913,C0611,19773.7,CHECKOUT_ABANDONED,Bank_D,E42,P002,WALLET
E03914,C0671,10519.61,PAYMENT_FAILED,Bank_D,E42,P009,NETBANKING
E03915,C0298,2058.91,SUBSCRIPTION_FAILED,Bank_C,E42,P012,WALLET
E03916,C0984,10552.4,PAYMENT_FAILED,Bank_D,E42,P018,CARD
E03917,C0054,22005.45,PAYMENT_FAILED,Bank_B,E11,P017,NETBANKING
E03918,C0786,1505.9,CHECKOUT_ABANDONED,Bank_A,E42,P019,NETBANKING
E03919,C0087,23640.38,INVOICE_OVERDUE,Bank_D,E11,P020,WALLET
E03920,C0365,8010.31,SUBSCRIPTION_FAILED,Bank_A,E42,P005,UPI
E03921,C0706,3754.33,SUBSCRIPTION_FAILED,Bank_C,E23,P010,UPI
E03922,C0880,15251.06,INVOICE_OVERDUE,Bank_B,E42,P018,UPI
E03923,C0386,6641.6,CHECKOUT_ABANDONED,Bank_A,E42,P019,UPI
E03924,C0451,21388.73,SUBSCRIPTION_FAILED,Bank_A,E42,P002,CARD
E03925,C0955,23110.95,PAYMENT_FAILED,Bank_B,E17,P008,CARD
E03926,C0665,11751.86,INVOICE_OVERDUE,Bank_D,E17,P016,WALLET
E03927,C0547,5025.85,CHECKOUT_ABANDONED,Bank_C,E11,P015,NETBANKING
E03928,C0391,2008.04,INVOICE_OVERDUE,Bank_A,E42,P012,WALLET
E03929,C0472,2242.41,PAYMENT_FAILED,Bank_A,E42,P015,UPI
E03930,C0418,16862.99,SUBSCRIPTION_FAILED,Bank_B,E42,P019,NETBANKING
E03931,C0877,12804.45,INVOICE_OVERDUE,Bank_A,E11,P014,NETBANKING
E03932,C0642,14611.22,SUBSCRIPTION_FAILED,Bank_C,E23,P002,NETBANKING
E03933,C0020,23660.63,SUBSCRIPTION_FAILED,Bank_A,E42,P009,NETBANKING
E03934,C0816,16238.24,SUBSCRIPTION_FAILED,Bank_A,E11,P015,NETBANKING
E03935,C0568,20481.29,INVOICE_OVERDUE,Bank_A,E42,P007,WALLET
E03936,C0368,22709.08,PAYMENT_FAILED,Bank_A,E42,P001,WALLET
E03937,C0491,1450.68,SUBSCRIPTION_FAILED,Bank_B,E23,P011,NETBANKING
E03938,C0993,4669.15,INVOICE_OVERDUE,Bank_B,E42,P019,NETBANKING
E03939,C0089,6194.19,SUBSCRIPTION_FAILED,Bank_B,E17,P018,NETBANKING
E03940,C0094,3478.75,SUBSCRIPTION_FAILED,Bank_A,E42,P019,CARD
E03941,C0357,3716.19,INVOICE_OVERDUE,Bank_B,E17,P012,CARD
E03942,C0153,6560.03,CHECKOUT_ABANDONED,Bank_D,E17,P007,WALLET
E03943,C0008,10923.92,CHECKOUT_ABANDONED,Bank_A,E23,P006,WALLET
E03944,C0673,7187.08,PAYMENT_FAILED,Bank_B,E23,P005,CARD
E03945,C0382,4786.3,PAYMENT_FAILED,Bank_B,E42,P008,UPI
E03946,C0711,16288.95,INVOICE_OVERDUE,Bank_B,E23,P015,NETBANKING
E03947,C0766,12718.37,PAYMENT_FAILED,Bank_B,E42,P006,NETBANKING
E03948,C0068,11227.86,PAYMENT_FAILED,Bank_D,E23,P005,CARD
E03949,C0844,21970.88,SUBSCRIPTION_FAILED,Bank_C,E42,P010,WALLET
E03950,C0278,11301.32,CHECKOUT_ABANDONED,Bank_A,E23,P007,NETBANKING
E03951,C0346,13505.12,SUBSCRIPTION_FAILED,Bank_C,E23,P018,WALLET
E03952,C0022,15316.28,PAYMENT_FAILED,Bank_A,E42,P012,WALLET
E03953,C0349,6386.11,SUBSCRIPTION_FAILED,Bank_B,E42,P019,WALLET
E03954,C0142,23542.54,PAYMENT_FAILED,Bank_D,E23,P015,WALLET
E03955,C0394,7445.52,INVOICE_OVERDUE,Bank_A,E17,P020,WALLET
E03956,C0220,24133.35,SUBSCRIPTION_FAILED,Bank_A,E42,P008,NETBANKING
E03957,C0561,10942.66,CHECKOUT_ABANDONED,Bank_C,E17,P005,UPI
E03958,C0387,24372.98,SUBSCRIPTION_FAILED,Bank_A,E11,P008,CARD
E03959,C0777,8000.66,PAYMENT_FAILED,Bank_A,E11,P009,NETBANKING
E03960,C0340,13936.16,INVOICE_OVERDUE,Bank_B,E17,P001,NETBANKING
E03961,C0480,7429.4,SUBSCRIPTION_FAILED,Bank_C,E11,P007,CARD
E03962,C0072,13792.94,CHECKOUT_ABANDONED,Bank_C,E17,P018,UPI
E03963,C0772,12398.6,SUBSCRIPTION_FAILED,Bank_A,E42,P005,WALLET
E03964,C0288,15760.77,SUBSCRIPTION_FAILED,Bank_B,E11,P003,UPI
E03965,C0811,11845.88,PAYMENT_FAILED,Bank_C,E17,P018,UPI
E03966,C0280,19339.76,SUBSCRIPTION_FAILED,Bank_D,E42,P014,CARD
E03967,C0792,9820.8,INVOICE_OVERDUE,Bank_B,E17,P005,WALLET
E03968,C0387,2057.16,CHECKOUT_ABANDONED,Bank_D,E17,P001,NETBANKING
E03969,C0997,20259.34,CHECKOUT_ABANDONED,Bank_A,E42,P004,CARD
E03970,C0554,20494.22,SUBSCRIPTION_FAILED,Bank_A,E42,P011,UPI
E03971,C0192,13779.36,SUBSCRIPTION_FAILED,Bank_C,E23,P019,WALLET
E03972,C0473,21452.2,PAYMENT_FAILED,Bank_B,E23,P012,NETBANKING
E03973,C0471,22203.67,SUBSCRIPTION_FAILED,Bank_A,E42,P019,WALLET
E03974,C0400,3031.84,SUBSCRIPTION_FAILED,Bank_A,E42,P009,WALLET
E03975,C0245,1108.45,CHECKOUT_ABANDONED,Bank_A,E17,P019,NETBANKING
E03976,C0111,7080.1,SUBSCRIPTION_FAILED,Bank_A,E42,P015,UPI
E03977,C0088,14465.62,PAYMENT_FAILED,Bank_A,E42,P020,UPI
E03978,C0624,15263.69,PAYMENT_FAILED,Bank_C,E42,P003,UPI
E03979,C0723,1578.11,INVOICE_OVERDUE,Bank_D,E23,P018,CARD
E03980,C0679,9558.13,INVOICE_OVERDUE,Bank_C,E42,P005,CARD
E03981,C0633,4489.17,INVOICE_OVERDUE,Bank_B,E23,P007,CARD
E03982,C0060,13984.55,INVOICE_OVERDUE,Bank_B,E42,P001,UPI
E03983,C0337,7241.11,CHECKOUT_ABANDONED,Bank_C,E11,P018,UPI
E03984,C0601,16703.84,PAYMENT_FAILED,Bank_C,E42,P015,NETBANKING
E03985,C0833,14153.71,PAYMENT_FAILED,Bank_D,E17,P011,NETBANKING
E03986,C0351,20547.37,SUBSCRIPTION_FAILED,Bank_C,E23,P013,WALLET
E03987,C0377,21832.26,SUBSCRIPTION_FAILED,Bank_B,E42,P020,UPI
E03988,C0057,14794.8,CHECKOUT_ABANDONED,Bank_A,E42,P016,CARD
E03989,C0976,7319.25,PAYMENT_FAILED,Bank_B,E23,P007,UPI
E03990,C0525,5331.47,SUBSCRIPTION_FAILED,Bank_C,E11,P013,UPI
E03991,C0017,24386.99,SUBSCRIPTION_FAILED,Bank_A,E42,P017,WALLET
E03992,C0483,24680.3,PAYMENT_FAILED,Bank_B,E11,P006,WALLET
E03993,C0713,5789.18,SUBSCRIPTION_FAILED,Bank_A,E11,P013,UPI
E03994,C0971,22420.56,SUBSCRIPTION_FAILED,Bank_D,E17,P010,CARD
E03995,C0910,17125.46,SUBSCRIPTION_FAILED,Bank_A,E42,P014,CARD
E03996,C0307,17542.68,SUBSCRIPTION_FAILED,Bank_D,E17,P001,NETBANKING
E03997,C0348,10258.39,CHECKOUT_ABANDONED,Bank_A,E42,P002,CARD
E03998,C0742,23930.61,SUBSCRIPTION_FAILED,Bank_B,E42,P012,WALLET
E03999,C0029,10496.24,SUBSCRIPTION_FAILED,Bank_D,E17,P019,UPI
E04000,C0473,2679.34,INVOICE_OVERDUE,Bank_B,E42,P017,CARD
E04001,C0660,1452.53,SUBSCRIPTION_FAILED,Bank_A,E42,P003,NETBANKING
E04002,C0301,18268.11,SUBSCRIPTION_FAILED,Bank_B,E11,P019,CARD
E04003,C0894,7177.7,INVOICE_OVERDUE,Bank_D,E11,P019,WALLET
E04004,C0146,15453.21,CHECKOUT_ABANDONED,Bank_C,E11,P006,WALLET
E04005,C0689,18416.86,PAYMENT_FAILED,Bank_D,E23,P020,NETBANKING
E04006,C0723,9754.21,CHECKOUT_ABANDONED,Bank_C,E23,P002,CARD
E04007,C0402,4743.05,SUBSCRIPTION_FAILED,Bank_A,E23,P007,CARD
E04008,C0547,13666.81,CHECKOUT_ABANDONED,Bank_B,E23,P010,NETBANKING
E04009,C0160,11100.72,SUBSCRIPTION_FAILED,Bank_B,E17,P007,CARD
E04010,C0839,13432.84,CHECKOUT_ABANDONED,Bank_C,E17,P005,CARD
E04011,C0485,1718.8,PAYMENT_FAILED,Bank_D,E17,P009,WALLET
E04012,C0390,634.9,SUBSCRIPTION_FAILED,Bank_B,E17,P007,NETBANKING
E04013,C0431,12174.32,SUBSCRIPTION_FAILED,Bank_D,E23,P018,WALLET
E04014,C0708,3544.14,INVOICE_OVERDUE,Bank_D,E11,P015,NETBANKING
E04015,C0973,16023.41,PAYMENT_FAILED,Bank_A,E11,P007,NETBANKING
E04016,C0900,7453.98,INVOICE_OVERDUE,Bank_D,E11,P020,NETBANKING
E04017,C0833,6607.37,INVOICE_OVERDUE,Bank_C,E42,P007,UPI
E04018,C0322,12246.87,CHECKOUT_ABANDONED,Bank_C,E11,P008,NETBANKING
E04019,C0885,7653.44,PAYMENT_FAILED,Bank_A,E42,P005,WALLET
E04020,C0761,21577.05,INVOICE_OVERDUE,Bank_D,E23,P006,CARD
E04021,C0308,7817.0,SUBSCRIPTION_FAILED,Bank_B,E11,P007,CARD
E04022,C0197,13088.16,PAYMENT_FAILED,Bank_A,E42,P009,UPI
E04023,C0201,11756.37,CHECKOUT_ABANDONED,Bank_B,E11,P010,NETBANKING
E04024,C0447,15174.5,INVOICE_OVERDUE,Bank_A,E42,P011,UPI
E04025,C0947,17583.23,SUBSCRIPTION_FAILED,Bank_B,E42,P011,WALLET
E04026,C0729,819.0,INVOICE_OVERDUE,Bank_D,E17,P002,UPI
E04027,C0890,3045.92,SUBSCRIPTION_FAILED,Bank_B,E42,P019,WALLET
E04028,C0210,4227.6,SUBSCRIPTION_FAILED,Bank_A,E42,P013,CARD
E04029,C0577,9787.91,INVOICE_OVERDUE,Bank_A,E23,P003,CARD
E04030,C0137,24195.41,CHECKOUT_ABANDONED,Bank_A,E23,P020,NETBANKING
E04031,C0586,1098.99,PAYMENT_FAILED,Bank_C,E17,P020,NETBANKING
E04032,C0759,14100.95,INVOICE_OVERDUE,Bank_A,E42,P011,UPI
E04033,C0970,24711.99,PAYMENT_FAILED,Bank_C,E42,P004,NETBANKING
E04034,C0786,23468.07,SUBSCRIPTION_FAILED,Bank_A,E42,P009,CARD
E04035,C0840,17484.62,INVOICE_OVERDUE,Bank_A,E42,P018,WALLET
E04036,C0904,19507.17,SUBSCRIPTION_FAILED,Bank_A,E42,P016,WALLET
E04037,C0430,4117.91,SUBSCRIPTION_FAILED,Bank_A,E42,P001,CARD
E04038,C0817,12141.94,INVOICE_OVERDUE,Bank_D,E42,P012,WALLET
E04039,C0419,21905.85,SUBSCRIPTION_FAILED,Bank_A,E42,P017,UPI
E04040,C0595,3916.01,PAYMENT_FAILED,Bank_D,E23,P010,NETBANKING
E04041,C0382,3532.27,CHECKOUT_ABANDONED,Bank_B,E11,P014,WALLET
E04042,C0580,7516.79,PAYMENT_FAILED,Bank_A,E42,P008,UPI
E04043,C0561,21758.63,CHECKOUT_ABANDONED,Bank_C,E42,P006,UPI
E04044,C0768,5435.47,PAYMENT_FAILED,Bank_C,E11,P010,CARD
E04045,C0747,3820.22,SUBSCRIPTION_FAILED,Bank_C,E23,P009,WALLET
E04046,C0583,13217.2,CHECKOUT_ABANDONED,Bank_B,E42,P019,UPI
E04047,C0097,12908.91,INVOICE_OVERDUE,Bank_C,E23,P012,NETBANKING
E04048,C0439,19293.92,INVOICE_OVERDUE,Bank_D,E11,P010,UPI
E04049,C0238,6261.74,PAYMENT_FAILED,Bank_A,E42,P007,UPI
E04050,C0832,17165.14,INVOICE_OVERDUE,Bank_A,E42,P007,UPI
E04051,C0980,23787.57,INVOICE_OVERDUE,Bank_A,E42,P009,UPI
E04052,C0459,18449.76,SUBSCRIPTION_FAILED,Bank_A,E42,P001,WALLET
E04053,C0106,9875.77,SUBSCRIPTION_FAILED,Bank_A,E42,P008,CARD
E04054,C0439,22573.94,SUBSCRIPTION_FAILED,Bank_D,E23,P018,NETBANKING
E04055,C0514,5872.23,INVOICE_OVERDUE,Bank_A,E42,P011,NETBANKING
E04056,C0143,24941.46,PAYMENT_FAILED,Bank_A,E17,P013,CARD
E04057,C0319,19179.0,INVOICE_OVERDUE,Bank_A,E23,P017,NETBANKING
E04058,C0491,5084.32,PAYMENT_FAILED,Bank_B,E42,P020,UPI
E04059,C0151,7853.6,INVOICE_OVERDUE,Bank_A,E11,P012,CARD
E04060,C0280,17434.06,CHECKOUT_ABANDONED,Bank_A,E11,P017,NETBANKING
E04061,C0141,19117.45,CHECKOUT_ABANDONED,Bank_A,E42,P014,CARD
E04062,C0840,2034.81,PAYMENT_FAILED,Bank_C,E23,P012,NETBANKING
E04063,C0294,19200.74,CHECKOUT_ABANDONED,Bank_A,E11,P016,WALLET
E04064,C0578,18023.92,INVOICE_OVERDUE,Bank_B,E42,P011,UPI
E04065,C0296,5331.2,PAYMENT_FAILED,Bank_C,E23,P020,WALLET
E04066,C0421,7587.54,SUBSCRIPTION_FAILED,Bank_C,E23,P010,NETBANKING
E04067,C0082,1032.69,CHECKOUT_ABANDONED,Bank_D,E17,P009,UPI
E04068,C0830,4869.21,INVOICE_OVERDUE,Bank_C,E23,P011,WALLET
E04069,C0230,17545.91,INVOICE_OVERDUE,Bank_B,E11,P006,NETBANKING
E04070,C0362,13342.59,SUBSCRIPTION_FAILED,Bank_A,E42,P019,UPI
E04071,C0327,17736.4,INVOICE_OVERDUE,Bank_C,E42,P007,WALLET
E04072,C0863,9163.8,SUBSCRIPTION_FAILED,Bank_D,E42,P011,CARD
E04073,C0074,23531.41,SUBSCRIPTION_FAILED,Bank_D,E11,P006,NETBANKING
E04074,C0949,21925.55,INVOICE_OVERDUE,Bank_D,E17,P013,NETBANKING
E04075,C0089,7074.1,PAYMENT_FAILED,Bank_B,E42,P007,NETBANKING
E04076,C0653,9079.36,SUBSCRIPTION_FAILED,Bank_A,E23,P008,CARD
E04077,C0138,9981.79,PAYMENT_FAILED,Bank_A,E42,P012,UPI
E04078,C0030,21040.04,SUBSCRIPTION_FAILED,Bank_C,E42,P006,WALLET
E04079,C0549,12348.67,PAYMENT_FAILED,Bank_D,E11,P014,WALLET
E04080,C0648,21239.3,CHECKOUT_ABANDONED,Bank_A,E17,P020,UPI
E04081,C0600,21286.12,CHECKOUT_ABANDONED,Bank_D,E17,P015,UPI
E04082,C0055,22745.68,PAYMENT_FAILED,Bank_A,E42,P008,CARD
E04083,C0246,5265.76,SUBSCRIPTION_FAILED,Bank_B,E23,P008,UPI
E04084,C0679,15212.72,INVOICE_OVERDUE,Bank_A,E23,P017,UPI
E04085,C0932,20855.07,PAYMENT_FAILED,Bank_A,E42,P006,UPI
E04086,C0308,2823.68,PAYMENT_FAILED,Bank_C,E11,P001,NETBANKING
E04087,C0460,11720.7,INVOICE_OVERDUE,Bank_A,E17,P008,UPI
E04088,C0925,13912.12,CHECKOUT_ABANDONED,Bank_B,E42,P009,CARD
E04089,C0226,18615.33,SUBSCRIPTION_FAILED,Bank_D,E23,P015,CARD
E04090,C0049,24002.25,SUBSCRIPTION_FAILED,Bank_A,E42,P009,CARD
E04091,C0955,2562.46,INVOICE_OVERDUE,Bank_B,E23,P006,NETBANKING
E04092,C0348,4347.86,SUBSCRIPTION_FAILED,Bank_D,E42,P010,CARD
E04093,C0708,8628.22,SUBSCRIPTION_FAILED,Bank_C,E11,P006,WALLET
E04094,C0172,2100.91,INVOICE_OVERDUE,Bank_D,E11,P017,WALLET
E04095,C0961,3113.09,SUBSCRIPTION_FAILED,Bank_A,E42,P014,WALLET
E04096,C0701,24859.35,CHECKOUT_ABANDONED,Bank_C,E42,P013,NETBANKING
E04097,C0472,1653.83,CHECKOUT_ABANDONED,Bank_A,E42,P010,UPI
E04098,C0017,3619.15,INVOICE_OVERDUE,Bank_A,E42,P009,CARD
E04099,C0092,20565.29,PAYMENT_FAILED,Bank_B,E23,P004,NETBANKING
E04100,C0476,1448.15,CHECKOUT_ABANDONED,Bank_D,E17,P005,WALLET
E04101,C0622,8320.06,INVOICE_OVERDUE,Bank_A,E42,P014,WALLET
E04102,C0240,11163.95,INVOICE_OVERDUE,Bank_D,E17,P012,NETBANKING
E04103,C0311,22327.27,CHECKOUT_ABANDONED,Bank_C,E23,P017,WALLET
E04104,C0815,22427.6,INVOICE_OVERDUE,Bank_A,E23,P005,CARD
E04105,C0132,16639.89,CHECKOUT_ABANDONED,Bank_A,E23,P014,CARD
E04106,C0393,16847.83,PAYMENT_FAILED,Bank_D,E11,P005,CARD
E04107,C0077,21376.98,SUBSCRIPTION_FAILED,Bank_A,E42,P011,NETBANKING
E04108,C0328,4793.86,INVOICE_OVERDUE,Bank_B,E17,P002,UPI
E04109,C0071,19985.7,SUBSCRIPTION_FAILED,Bank_A,E42,P011,NETBANKING
E04110,C0951,24568.52,INVOICE_OVERDUE,Bank_B,E42,P003,CARD
E04111,C0731,8406.03,CHECKOUT_ABANDONED,Bank_B,E42,P017,CARD
E04112,C0128,20665.58,CHECKOUT_ABANDONED,Bank_A,E11,P007,WALLET
E04113,C0432,4083.12,SUBSCRIPTION_FAILED,Bank_C,E42,P019,CARD
E04114,C0058,21949.99,INVOICE_OVERDUE,Bank_A,E17,P009,UPI
E04115,C0159,6744.12,SUBSCRIPTION_FAILED,Bank_A,E42,P008,CARD
E04116,C0053,7736.56,CHECKOUT_ABANDONED,Bank_C,E11,P011,CARD
E04117,C0037,19781.02,PAYMENT_FAILED,Bank_B,E11,P009,WALLET
E04118,C0236,4416.94,CHECKOUT_ABANDONED,Bank_A,E42,P012,WALLET
E04119,C0161,15178.93,INVOICE_OVERDUE,Bank_A,E42,P018,NETBANKING
E04120,C0940,13488.41,INVOICE_OVERDUE,Bank_A,E17,P014,CARD
E04121,C0391,2303.55,PAYMENT_FAILED,Bank_A,E42,P014,WALLET
E04122,C0879,695.53,INVOICE_OVERDUE,Bank_A,E17,P010,NETBANKING
E04123,C0576,14566.44,PAYMENT_FAILED,Bank_A,E23,P016,WALLET
E04124,C0510,13193.01,SUBSCRIPTION_FAILED,Bank_C,E42,P010,NETBANKING
E04125,C0143,17783.69,SUBSCRIPTION_FAILED,Bank_A,E42,P016,UPI
E04126,C0590,10751.14,SUBSCRIPTION_FAILED,Bank_C,E11,P018,UPI
E04127,C0241,9396.79,PAYMENT_FAILED,Bank_D,E11,P002,UPI
E04128,C0141,16719.29,SUBSCRIPTION_FAILED,Bank_B,E23,P005,WALLET
E04129,C0445,12514.32,SUBSCRIPTION_FAILED,Bank_C,E11,P010,NETBANKING
E04130,C0307,9725.73,PAYMENT_FAILED,Bank_C,E42,P020,WALLET
E04131,C0844,22349.62,SUBSCRIPTION_FAILED,Bank_A,E42,P018,WALLET
E04132,C0887,18185.41,PAYMENT_FAILED,Bank_C,E42,P011,CARD
E04133,C0482,11653.69,CHECKOUT_ABANDONED,Bank_C,E11,P015,UPI
E04134,C0745,21398.24,SUBSCRIPTION_FAILED,Bank_D,E42,P007,WALLET
E04135,C0785,17091.8,SUBSCRIPTION_FAILED,Bank_B,E17,P006,CARD
E04136,C0260,5933.65,CHECKOUT_ABANDONED,Bank_A,E11,P015,UPI
E04137,C0027,23577.56,PAYMENT_FAILED,Bank_D,E11,P018,CARD
E04138,C0662,6919.64,CHECKOUT_ABANDONED,Bank_A,E42,P001,UPI
E04139,C0699,15310.19,CHECKOUT_ABANDONED,Bank_C,E11,P018,NETBANKING
E04140,C0133,19763.22,INVOICE_OVERDUE,Bank_C,E42,P006,UPI
E04141,C0099,1934.62,CHECKOUT_ABANDONED,Bank_A,E17,P019,UPI
E04142,C0667,6307.24,SUBSCRIPTION_FAILED,Bank_C,E42,P001,WALLET
E04143,C0335,18382.45,PAYMENT_FAILED,Bank_C,E23,P015,WALLET
E04144,C0233,14729.66,CHECKOUT_ABANDONED,Bank_A,E42,P015,NETBANKING
E04145,C0928,1266.68,SUBSCRIPTION_FAILED,Bank_A,E42,P005,WALLET
E04146,C0775,22984.09,PAYMENT_FAILED,Bank_B,E11,P018,WALLET
E04147,C0816,11136.69,CHECKOUT_ABANDONED,Bank_A,E42,P018,WALLET
E04148,C0164,20594.09,PAYMENT_FAILED,Bank_B,E42,P004,CARD
E04149,C0083,19561.93,INVOICE_OVERDUE,Bank_B,E17,P017,UPI
E04150,C0369,24887.0,SUBSCRIPTION_FAILED,Bank_A,E42,P018,WALLET
E04151,C0680,5948.82,INVOICE_OVERDUE,Bank_D,E23,P015,UPI
E04152,C0558,7336.18,SUBSCRIPTION_FAILED,Bank_A,E42,P002,WALLET
E04153,C0199,15786.41,INVOICE_OVERDUE,Bank_D,E11,P002,NETBANKING
E04154,C0999,18840.59,CHECKOUT_ABANDONED,Bank_D,E42,P016,UPI
E04155,C0162,21487.11,PAYMENT_FAILED,Bank_D,E11,P001,WALLET
E04156,C0837,14337.33,INVOICE_OVERDUE,Bank_A,E17,P007,CARD
E04157,C0400,21414.09,SUBSCRIPTION_FAILED,Bank_A,E42,P004,CARD
E04158,C0622,16574.15,SUBSCRIPTION_FAILED,Bank_D,E42,P015,WALLET
E04159,C0791,13639.27,SUBSCRIPTION_FAILED,Bank_D,E23,P008,NETBANKING
E04160,C0623,23981.51,CHECKOUT_ABANDONED,Bank_C,E23,P007,WALLET
E04161,C0765,6692.77,SUBSCRIPTION_FAILED,Bank_A,E23,P007,WALLET
E04162,C0537,24126.63,CHECKOUT_ABANDONED,Bank_B,E17,P009,UPI
E04163,C0941,5664.61,PAYMENT_FAILED,Bank_C,E23,P020,NETBANKING
E04164,C0160,10192.97,SUBSCRIPTION_FAILED,Bank_B,E42,P002,UPI
E04165,C0065,18117.14,SUBSCRIPTION_FAILED,Bank_A,E42,P014,UPI
E04166,C0180,7487.38,PAYMENT_FAILED,Bank_A,E42,P020,WALLET
E04167,C0534,8209.26,PAYMENT_FAILED,Bank_A,E11,P018,CARD
E04168,C0662,10004.28,SUBSCRIPTION_FAILED,Bank_A,E17,P016,UPI
E04169,C0204,2194.31,SUBSCRIPTION_FAILED,Bank_B,E11,P017,CARD
E04170,C0768,16951.34,SUBSCRIPTION_FAILED,Bank_D,E11,P008,UPI
E04171,C0968,2978.82,PAYMENT_FAILED,Bank_A,E42,P011,NETBANKING
E04172,C0497,20570.02,CHECKOUT_ABANDONED,Bank_B,E23,P013,NETBANKING
E04173,C0338,2872.88,SUBSCRIPTION_FAILED,Bank_A,E42,P013,CARD
E04174,C0642,21968.07,PAYMENT_FAILED,Bank_A,E23,P008,CARD
E04175,C0055,14647.05,SUBSCRIPTION_FAILED,Bank_C,E17,P010,UPI
E04176,C0957,15848.8,INVOICE_OVERDUE,Bank_B,E17,P006,UPI
E04177,C0765,3772.57,INVOICE_OVERDUE,Bank_A,E42,P010,CARD
E04178,C0595,17696.32,PAYMENT_FAILED,Bank_A,E42,P006,CARD
E04179,C0698,23242.37,CHECKOUT_ABANDONED,Bank_A,E42,P002,UPI
E04180,C0097,3589.54,SUBSCRIPTION_FAILED,Bank_A,E42,P004,WALLET
E04181,C0060,22780.77,CHECKOUT_ABANDONED,Bank_A,E42,P012,WALLET
E04182,C0830,3859.97,PAYMENT_FAILED,Bank_B,E42,P001,CARD
E04183,C0106,9755.66,CHECKOUT_ABANDONED,Bank_A,E23,P004,WALLET
E04184,C0918,12649.31,PAYMENT_FAILED,Bank_A,E17,P016,NETBANKING
E04185,C0207,20770.8,CHECKOUT_ABANDONED,Bank_C,E23,P012,NETBANKING
E04186,C0478,10056.45,INVOICE_OVERDUE,Bank_C,E23,P001,CARD
E04187,C0613,13619.95,INVOICE_OVERDUE,Bank_C,E42,P019,WALLET
E04188,C0866,10169.34,INVOICE_OVERDUE,Bank_A,E42,P007,UPI
E04189,C0841,9974.12,PAYMENT_FAILED,Bank_C,E11,P004,CARD
E04190,C0185,5909.31,PAYMENT_FAILED,Bank_C,E11,P017,NETBANKING
E04191,C0044,7112.37,SUBSCRIPTION_FAILED,Bank_C,E11,P002,NETBANKING
E04192,C0086,24498.08,INVOICE_OVERDUE,Bank_A,E42,P015,CARD
E04193,C0459,21709.44,INVOICE_OVERDUE,Bank_C,E42,P004,CARD
E04194,C0415,18268.81,CHECKOUT_ABANDONED,Bank_A,E11,P019,UPI
E04195,C0272,9068.53,CHECKOUT_ABANDONED,Bank_A,E42,P012,NETBANKING
E04196,C0760,23475.48,CHECKOUT_ABANDONED,Bank_A,E11,P012,UPI
E04197,C0551,9285.65,PAYMENT_FAILED,Bank_A,E42,P004,NETBANKING
E04198,C0080,7520.28,INVOICE_OVERDUE,Bank_C,E23,P017,NETBANKING
E04199,C0976,7943.34,CHECKOUT_ABANDONED,Bank_A,E42,P019,WALLET
E04200,C0382,20044.08,PAYMENT_FAILED,Bank_A,E17,P009,NETBANKING
E04201,C0133,18310.82,PAYMENT_FAILED,Bank_C,E17,P011,WALLET
E04202,C0405,23229.44,PAYMENT_FAILED,Bank_A,E23,P009,NETBANKING
E04203,C0583,23256.49,PAYMENT_FAILED,Bank_A,E42,P010,WALLET
E04204,C0202,5086.53,INVOICE_OVERDUE,Bank_C,E11,P003,CARD
E04205,C0348,13392.06,PAYMENT_FAILED,Bank_A,E42,P018,CARD
E04206,C0015,1864.47,INVOICE_OVERDUE,Bank_A,E42,P011,UPI
E04207,C0399,12936.4,CHECKOUT_ABANDONED,Bank_B,E23,P011,WALLET
E04208,C0054,10793.39,SUBSCRIPTION_FAILED,Bank_A,E42,P005,UPI
E04209,C1000,16684.02,CHECKOUT_ABANDONED,Bank_D,E17,P003,CARD
E04210,C0161,17046.83,CHECKOUT_ABANDONED,Bank_A,E23,P010,NETBANKING
E04211,C0109,6830.69,PAYMENT_FAILED,Bank_A,E11,P015,NETBANKING
E04212,C0862,15030.46,PAYMENT_FAILED,Bank_D,E23,P018,WALLET
E04213,C0899,14246.63,SUBSCRIPTION_FAILED,Bank_D,E11,P014,WALLET
E04214,C0070,7394.57,INVOICE_OVERDUE,Bank_B,E42,P012,WALLET
E04215,C0693,16263.4,INVOICE_OVERDUE,Bank_D,E23,P007,NETBANKING
E04216,C0044,12538.81,INVOICE_OVERDUE,Bank_D,E11,P012,UPI
E04217,C0688,20699.18,SUBSCRIPTION_FAILED,Bank_A,E42,P018,WALLET
E04218,C0416,19840.79,PAYMENT_FAILED,Bank_C,E23,P014,WALLET
E04219,C0250,22661.56,CHECKOUT_ABANDONED,Bank_D,E23,P018,UPI
E04220,C0390,15069.51,SUBSCRIPTION_FAILED,Bank_C,E11,P013,UPI
E04221,C0868,15801.71,CHECKOUT_ABANDONED,Bank_D,E23,P013,CARD
E04222,C0067,7317.61,PAYMENT_FAILED,Bank_D,E17,P017,CARD
E04223,C0771,3724.13,CHECKOUT_ABANDONED,Bank_A,E11,P012,WALLET
E04224,C0203,6130.11,CHECKOUT_ABANDONED,Bank_B,E11,P013,CARD
E04225,C0370,7372.74,INVOICE_OVERDUE,Bank_B,E17,P009,UPI
E04226,C0414,8386.32,CHECKOUT_ABANDONED,Bank_A,E42,P014,NETBANKING
E04227,C0146,975.71,INVOICE_OVERDUE,Bank_B,E11,P001,UPI
E04228,C0084,9287.73,CHECKOUT_ABANDONED,Bank_A,E42,P018,WALLET
E04229,C0873,8486.92,INVOICE_OVERDUE,Bank_A,E42,P002,WALLET
E04230,C0803,23455.76,INVOICE_OVERDUE,Bank_B,E42,P012,WALLET
E04231,C0600,23045.82,CHECKOUT_ABANDONED,Bank_C,E11,P010,UPI
E04232,C0874,13111.32,PAYMENT_FAILED,Bank_A,E11,P019,NETBANKING
E04233,C0852,9358.94,SUBSCRIPTION_FAILED,Bank_C,E23,P015,UPI
E04234,C0300,11166.87,PAYMENT_FAILED,Bank_B,E17,P002,NETBANKING
E04235,C0917,20317.37,SUBSCRIPTION_FAILED,Bank_D,E17,P015,UPI
E04236,C0292,15413.26,INVOICE_OVERDUE,Bank_A,E42,P009,WALLET
E04237,C0692,10756.0,CHECKOUT_ABANDONED,Bank_A,E42,P010,NETBANKING
E04238,C0208,19400.96,PAYMENT_FAILED,Bank_A,E23,P018,NETBANKING
E04239,C0515,3495.97,PAYMENT_FAILED,Bank_A,E42,P017,WALLET
E04240,C0473,8555.58,SUBSCRIPTION_FAILED,Bank_D,E17,P013,NETBANKING
E04241,C0658,1192.89,SUBSCRIPTION_FAILED,Bank_A,E42,P008,NETBANKING
E04242,C0206,5297.86,SUBSCRIPTION_FAILED,Bank_D,E17,P020,UPI
E04243,C0098,4043.53,SUBSCRIPTION_FAILED,Bank_C,E42,P008,WALLET
E04244,C0257,11071.45,INVOICE_OVERDUE,Bank_A,E42,P008,NETBANKING
E04245,C0372,9649.27,PAYMENT_FAILED,Bank_C,E42,P015,CARD
E04246,C0558,2663.63,SUBSCRIPTION_FAILED,Bank_A,E42,P013,WALLET
E04247,C0409,3458.75,PAYMENT_FAILED,Bank_A,E42,P005,NETBANKING
E04248,C1000,2524.03,SUBSCRIPTION_FAILED,Bank_D,E17,P016,CARD
E04249,C0710,17604.96,CHECKOUT_ABANDONED,Bank_A,E42,P009,UPI
E04250,C0051,14811.41,INVOICE_OVERDUE,Bank_B,E11,P002,CARD
E04251,C0216,1609.33,INVOICE_OVERDUE,Bank_C,E42,P008,UPI
E04252,C0472,510.17,INVOICE_OVERDUE,Bank_B,E42,P010,CARD
E04253,C0618,14940.37,CHECKOUT_ABANDONED,Bank_C,E42,P020,NETBANKING
E04254,C0339,22237.72,PAYMENT_FAILED,Bank_D,E17,P017,WALLET
E04255,C0018,15654.67,INVOICE_OVERDUE,Bank_A,E17,P016,NETBANKING
E04256,C0166,3432.03,PAYMENT_FAILED,Bank_A,E42,P017,CARD
E04257,C0070,22734.02,INVOICE_OVERDUE,Bank_B,E17,P012,WALLET
E04258,C0381,18019.8,CHECKOUT_ABANDONED,Bank_C,E42,P007,CARD
E04259,C0885,7804.03,CHECKOUT_ABANDONED,Bank_A,E11,P016,CARD
E04260,C0997,4962.89,PAYMENT_FAILED,Bank_A,E17,P020,CARD
E04261,C0422,13980.88,SUBSCRIPTION_FAILED,Bank_A,E42,P020,CARD
E04262,C0904,19111.21,PAYMENT_FAILED,Bank_C,E17,P014,UPI
E04263,C0727,17352.51,SUBSCRIPTION_FAILED,Bank_B,E42,P007,CARD
E04264,C0267,2278.33,CHECKOUT_ABANDONED,Bank_A,E42,P010,WALLET
E04265,C0313,4997.39,PAYMENT_FAILED,Bank_A,E42,P020,UPI
E04266,C0829,2698.1,PAYMENT_FAILED,Bank_D,E23,P017,CARD
E04267,C0404,20641.15,SUBSCRIPTION_FAILED,Bank_A,E17,P018,WALLET
E04268,C0250,22623.02,INVOICE_OVERDUE,Bank_A,E11,P015,WALLET
E04269,C0501,15654.98,CHECKOUT_ABANDONED,Bank_A,E23,P018,NETBANKING
E04270,C0304,13505.38,PAYMENT_FAILED,Bank_C,E42,P013,NETBANKING
E04271,C0114,21921.33,SUBSCRIPTION_FAILED,Bank_A,E17,P009,CARD
E04272,C0959,11153.72,INVOICE_OVERDUE,Bank_C,E11,P019,NETBANKING
E04273,C0764,17828.13,INVOICE_OVERDUE,Bank_A,E42,P016,CARD
E04274,C0137,7693.9,INVOICE_OVERDUE,Bank_B,E42,P010,CARD
E04275,C0103,22529.43,INVOICE_OVERDUE,Bank_D,E23,P015,CARD
E04276,C0047,11289.42,INVOICE_OVERDUE,Bank_D,E17,P018,UPI
E04277,C0606,11984.61,INVOICE_OVERDUE,Bank_B,E11,P001,WALLET
E04278,C0822,5679.85,CHECKOUT_ABANDONED,Bank_C,E42,P020,UPI
E04279,C0785,24249.93,CHECKOUT_ABANDONED,Bank_B,E11,P016,UPI
E04280,C0521,19135.81,PAYMENT_FAILED,Bank_A,E42,P010,WALLET
E04281,C0230,11320.24,PAYMENT_FAILED,Bank_A,E23,P014,NETBANKING
E04282,C0441,11901.98,PAYMENT_FAILED,Bank_C,E17,P010,CARD
E04283,C0920,15682.46,INVOICE_OVERDUE,Bank_D,E17,P018,NETBANKING
E04284,C0545,23977.73,PAYMENT_FAILED,Bank_D,E11,P010,WALLET
E04285,C0457,12689.44,CHECKOUT_ABANDONED,Bank_A,E42,P013,WALLET
E04286,C0251,16455.75,CHECKOUT_ABANDONED,Bank_D,E23,P014,NETBANKING
E04287,C0917,8889.96,CHECKOUT_ABANDONED,Bank_D,E23,P007,CARD
E04288,C0694,8136.41,SUBSCRIPTION_FAILED,Bank_D,E23,P003,CARD
E04289,C0847,16266.52,SUBSCRIPTION_FAILED,Bank_A,E42,P012,UPI
E04290,C0938,7471.19,SUBSCRIPTION_FAILED,Bank_A,E42,P020,UPI
E04291,C0341,24722.58,PAYMENT_FAILED,Bank_A,E17,P007,CARD
E04292,C0673,10305.23,PAYMENT_FAILED,Bank_A,E11,P006,WALLET
E04293,C0417,8298.61,PAYMENT_FAILED,Bank_A,E11,P016,CARD
E04294,C0739,3516.14,SUBSCRIPTION_FAILED,Bank_B,E17,P014,WALLET
E04295,C0231,22547.74,PAYMENT_FAILED,Bank_A,E42,P016,CARD
E04296,C0905,20536.26,CHECKOUT_ABANDONED,Bank_C,E11,P001,UPI
E04297,C0424,8617.07,CHECKOUT_ABANDONED,Bank_A,E42,P007,CARD
E04298,C0820,2165.66,SUBSCRIPTION_FAILED,Bank_D,E23,P011,NETBANKING
E04299,C0795,12755.29,PAYMENT_FAILED,Bank_A,E42,P008,WALLET
E04300,C0548,16141.85,CHECKOUT_ABANDONED,Bank_A,E42,P002,WALLET
E04301,C0022,9234.06,CHECKOUT_ABANDONED,Bank_D,E23,P017,UPI
E04302,C0108,16995.31,INVOICE_OVERDUE,Bank_C,E23,P006,WALLET
E04303,C0178,23690.72,SUBSCRIPTION_FAILED,Bank_C,E17,P010,UPI
E04304,C0724,17258.18,SUBSCRIPTION_FAILED,Bank_B,E42,P015,NETBANKING
E04305,C0020,17560.55,PAYMENT_FAILED,Bank_B,E42,P014,WALLET
E04306,C0740,16710.93,INVOICE_OVERDUE,Bank_B,E17,P007,WALLET
E04307,C0017,6879.36,INVOICE_OVERDUE,Bank_C,E23,P005,WALLET
E04308,C0727,12116.76,PAYMENT_FAILED,Bank_D,E23,P013,NETBANKING
E04309,C0002,18369.8,INVOICE_OVERDUE,Bank_A,E23,P003,UPI
E04310,C0440,17174.28,PAYMENT_FAILED,Bank_D,E23,P017,NETBANKING
E04311,C0657,13520.23,PAYMENT_FAILED,Bank_B,E17,P004,CARD
E04312,C0991,1303.55,INVOICE_OVERDUE,Bank_C,E17,P011,UPI
E04313,C0606,8696.92,CHECKOUT_ABANDONED,Bank_D,E23,P005,CARD
E04314,C0215,24955.59,PAYMENT_FAILED,Bank_D,E11,P017,UPI
E04315,C0981,779.86,CHECKOUT_ABANDONED,Bank_D,E11,P019,CARD
E04316,C0790,4467.16,SUBSCRIPTION_FAILED,Bank_A,E23,P003,NETBANKING
E04317,C0425,24766.03,SUBSCRIPTION_FAILED,Bank_A,E23,P014,UPI
E04318,C0689,13464.64,PAYMENT_FAILED,Bank_A,E42,P013,WALLET
E04319,C0339,22981.25,CHECKOUT_ABANDONED,Bank_C,E23,P010,WALLET
E04320,C0550,12652.7,INVOICE_OVERDUE,Bank_B,E23,P009,UPI
E04321,C0686,14074.08,PAYMENT_FAILED,Bank_A,E23,P001,UPI
E04322,C0401,14616.49,SUBSCRIPTION_FAILED,Bank_D,E17,P006,NETBANKING
E04323,C0152,19978.61,SUBSCRIPTION_FAILED,Bank_D,E42,P003,CARD
E04324,C0855,22154.76,CHECKOUT_ABANDONED,Bank_A,E42,P018,UPI
E04325,C0376,22391.03,INVOICE_OVERDUE,Bank_B,E42,P017,NETBANKING
E04326,C0172,14688.42,SUBSCRIPTION_FAILED,Bank_C,E23,P006,CARD
E04327,C0026,17685.09,INVOICE_OVERDUE,Bank_B,E17,P016,CARD
E04328,C0173,15423.41,INVOICE_OVERDUE,Bank_B,E42,P012,UPI
E04329,C0199,14371.14,SUBSCRIPTION_FAILED,Bank_C,E11,P007,WALLET
E04330,C0951,5576.31,PAYMENT_FAILED,Bank_B,E11,P001,UPI
E04331,C0200,17982.15,CHECKOUT_ABANDONED,Bank_C,E17,P004,NETBANKING
E04332,C0111,10373.52,SUBSCRIPTION_FAILED,Bank_D,E23,P017,WALLET
E04333,C0181,20980.71,SUBSCRIPTION_FAILED,Bank_A,E11,P013,CARD
E04334,C0576,2806.92,SUBSCRIPTION_FAILED,Bank_A,E42,P019,CARD
E04335,C0902,19986.1,SUBSCRIPTION_FAILED,Bank_B,E42,P014,UPI
E04336,C0753,23540.5,SUBSCRIPTION_FAILED,Bank_A,E23,P005,CARD
E04337,C0465,14257.78,SUBSCRIPTION_FAILED,Bank_B,E23,P013,CARD
E04338,C0563,1363.96,PAYMENT_FAILED,Bank_D,E23,P002,NETBANKING
E04339,C0495,22839.28,SUBSCRIPTION_FAILED,Bank_D,E42,P008,UPI
E04340,C0694,22493.76,SUBSCRIPTION_FAILED,Bank_C,E23,P017,WALLET
E04341,C0319,20230.89,SUBSCRIPTION_FAILED,Bank_A,E42,P018,NETBANKING
E04342,C0698,6456.95,INVOICE_OVERDUE,Bank_D,E23,P008,UPI
E04343,C0033,4702.1,CHECKOUT_ABANDONED,Bank_C,E42,P003,WALLET
E04344,C0751,20724.66,SUBSCRIPTION_FAILED,Bank_B,E17,P010,CARD
E04345,C0768,16917.78,PAYMENT_FAILED,Bank_A,E42,P006,UPI
E04346,C0906,18602.9,PAYMENT_FAILED,Bank_B,E42,P018,NETBANKING
E04347,C0376,22384.68,CHECKOUT_ABANDONED,Bank_D,E17,P019,UPI
E04348,C0997,16749.23,INVOICE_OVERDUE,Bank_C,E17,P001,NETBANKING
E04349,C0108,3127.1,CHECKOUT_ABANDONED,Bank_B,E17,P008,WALLET
E04350,C0509,22157.32,PAYMENT_FAILED,Bank_C,E11,P020,CARD
E04351,C0941,19953.71,SUBSCRIPTION_FAILED,Bank_C,E11,P017,UPI
E04352,C0406,9646.51,CHECKOUT_ABANDONED,Bank_A,E11,P001,UPI
E04353,C0895,13984.31,SUBSCRIPTION_FAILED,Bank_D,E17,P016,NETBANKING
E04354,C0515,24404.78,CHECKOUT_ABANDONED,Bank_C,E42,P009,WALLET
E04355,C0637,4505.97,SUBSCRIPTION_FAILED,Bank_C,E23,P010,WALLET
E04356,C0440,22091.92,CHECKOUT_ABANDONED,Bank_D,E42,P018,WALLET
E04357,C0743,20044.42,SUBSCRIPTION_FAILED,Bank_C,E23,P015,WALLET
E04358,C0460,22849.85,CHECKOUT_ABANDONED,Bank_A,E23,P004,UPI
E04359,C0196,1568.87,INVOICE_OVERDUE,Bank_D,E17,P003,WALLET
E04360,C0398,16649.51,INVOICE_OVERDUE,Bank_A,E42,P008,WALLET
E04361,C0183,697.72,CHECKOUT_ABANDONED,Bank_B,E42,P012,WALLET
E04362,C0227,10382.95,INVOICE_OVERDUE,Bank_A,E42,P004,NETBANKING
E04363,C0223,15841.7,INVOICE_OVERDUE,Bank_A,E23,P008,WALLET
E04364,C0088,20890.44,SUBSCRIPTION_FAILED,Bank_A,E42,P015,UPI
E04365,C0148,24589.84,SUBSCRIPTION_FAILED,Bank_B,E42,P008,WALLET
E04366,C0605,1843.09,CHECKOUT_ABANDONED,Bank_A,E42,P011,NETBANKING
E04367,C0885,1513.08,SUBSCRIPTION_FAILED,Bank_C,E17,P001,NETBANKING
E04368,C0756,16547.33,SUBSCRIPTION_FAILED,Bank_A,E42,P007,NETBANKING
E04369,C0856,23773.4,PAYMENT_FAILED,Bank_B,E17,P016,WALLET
E04370,C0728,18205.34,INVOICE_OVERDUE,Bank_A,E42,P001,NETBANKING
E04371,C0397,5296.98,CHECKOUT_ABANDONED,Bank_A,E17,P014,NETBANKING
E04372,C0380,11251.73,CHECKOUT_ABANDONED,Bank_A,E42,P014,WALLET
E04373,C0729,12198.51,PAYMENT_FAILED,Bank_D,E11,P004,NETBANKING
E04374,C0902,22125.69,PAYMENT_FAILED,Bank_B,E11,P003,UPI
E04375,C0437,8790.99,SUBSCRIPTION_FAILED,Bank_B,E23,P013,CARD
E04376,C0424,11792.44,CHECKOUT_ABANDONED,Bank_A,E17,P012,WALLET
E04377,C0976,19059.6,PAYMENT_FAILED,Bank_A,E11,P020,NETBANKING
E04378,C0454,9015.39,INVOICE_OVERDUE,Bank_B,E17,P014,NETBANKING
E04379,C0881,12217.0,INVOICE_OVERDUE,Bank_A,E42,P002,CARD
E04380,C0116,23418.26,INVOICE_OVERDUE,Bank_C,E42,P019,UPI
E04381,C0745,20896.54,PAYMENT_FAILED,Bank_B,E23,P013,WALLET
E04382,C0812,9608.17,SUBSCRIPTION_FAILED,Bank_C,E17,P004,WALLET
E04383,C0883,11466.71,CHECKOUT_ABANDONED,Bank_B,E23,P001,NETBANKING
E04384,C0906,6567.4,INVOICE_OVERDUE,Bank_A,E17,P007,WALLET
E04385,C0269,22145.15,CHECKOUT_ABANDONED,Bank_A,E42,P001,UPI
E04386,C0287,3331.48,SUBSCRIPTION_FAILED,Bank_A,E17,P014,CARD
E04387,C0733,11586.31,PAYMENT_FAILED,Bank_A,E11,P010,UPI
E04388,C0851,17296.21,CHECKOUT_ABANDONED,Bank_D,E17,P005,WALLET
E04389,C0064,15556.22,PAYMENT_FAILED,Bank_D,E11,P012,CARD
E04390,C0579,18541.84,CHECKOUT_ABANDONED,Bank_B,E17,P019,NETBANKING
E04391,C0588,11659.52,INVOICE_OVERDUE,Bank_A,E23,P012,WALLET
E04392,C0041,1255.03,CHECKOUT_ABANDONED,Bank_B,E42,P010,UPI
E04393,C0659,16600.34,INVOICE_OVERDUE,Bank_B,E42,P006,NETBANKING
E04394,C0633,8996.11,INVOICE_OVERDUE,Bank_A,E11,P010,NETBANKING
E04395,C0236,2007.38,SUBSCRIPTION_FAILED,Bank_C,E42,P019,CARD
E04396,C0874,8059.27,PAYMENT_FAILED,Bank_B,E42,P020,CARD
E04397,C0155,17581.84,INVOICE_OVERDUE,Bank_B,E42,P009,CARD
E04398,C0149,22936.06,SUBSCRIPTION_FAILED,Bank_B,E11,P008,NETBANKING
E04399,C0772,3268.18,PAYMENT_FAILED,Bank_C,E11,P001,WALLET
E04400,C0270,10738.9,CHECKOUT_ABANDONED,Bank_B,E11,P018,WALLET
E04401,C0812,15736.66,SUBSCRIPTION_FAILED,Bank_D,E17,P019,UPI
E04402,C0343,17417.52,PAYMENT_FAILED,Bank_A,E42,P017,UPI
E04403,C0764,17352.36,CHECKOUT_ABANDONED,Bank_D,E42,P011,CARD
E04404,C0640,8042.89,SUBSCRIPTION_FAILED,Bank_D,E11,P020,CARD
E04405,C0459,7937.51,SUBSCRIPTION_FAILED,Bank_A,E42,P013,NETBANKING
E04406,C0802,16265.14,INVOICE_OVERDUE,Bank_A,E42,P002,UPI
E04407,C0668,11637.15,SUBSCRIPTION_FAILED,Bank_A,E42,P013,NETBANKING
E04408,C0636,19871.5,PAYMENT_FAILED,Bank_A,E17,P006,WALLET
E04409,C0225,6562.53,INVOICE_OVERDUE,Bank_D,E42,P020,CARD
E04410,C0525,1159.3,SUBSCRIPTION_FAILED,Bank_A,E42,P007,CARD
E04411,C0091,18165.23,INVOICE_OVERDUE,Bank_D,E17,P005,UPI
E04412,C0045,14428.81,CHECKOUT_ABANDONED,Bank_B,E23,P002,WALLET
E04413,C0256,12986.01,PAYMENT_FAILED,Bank_A,E42,P001,NETBANKING
E04414,C0823,13221.76,INVOICE_OVERDUE,Bank_A,E42,P009,UPI
E04415,C0987,15564.76,PAYMENT_FAILED,Bank_A,E42,P006,UPI
E04416,C0911,1511.03,INVOICE_OVERDUE,Bank_C,E42,P002,WALLET
E04417,C0246,20217.47,PAYMENT_FAILED,Bank_D,E17,P011,WALLET
E04418,C0321,17436.3,CHECKOUT_ABANDONED,Bank_D,E11,P010,WALLET
E04419,C0957,1664.74,CHECKOUT_ABANDONED,Bank_C,E23,P007,UPI
E04420,C0801,1330.59,PAYMENT_FAILED,Bank_D,E11,P008,CARD
E04421,C0747,13981.7,PAYMENT_FAILED,Bank_C,E11,P006,CARD
E04422,C0978,9446.68,SUBSCRIPTION_FAILED,Bank_A,E42,P015,NETBANKING
E04423,C0127,6777.32,INVOICE_OVERDUE,Bank_A,E17,P010,UPI
E04424,C0840,16417.29,PAYMENT_FAILED,Bank_A,E42,P017,UPI
E04425,C0576,23099.85,SUBSCRIPTION_FAILED,Bank_C,E23,P006,UPI
E04426,C0932,18729.06,INVOICE_OVERDUE,Bank_A,E11,P003,CARD
E04427,C0748,15804.3,SUBSCRIPTION_FAILED,Bank_A,E42,P013,WALLET
E04428,C0699,3070.37,SUBSCRIPTION_FAILED,Bank_D,E17,P011,NETBANKING
E04429,C0598,21661.59,SUBSCRIPTION_FAILED,Bank_C,E17,P015,WALLET
E04430,C0703,943.51,SUBSCRIPTION_FAILED,Bank_B,E23,P019,NETBANKING
E04431,C0203,7732.3,INVOICE_OVERDUE,Bank_A,E42,P014,UPI
E04432,C0434,1279.33,CHECKOUT_ABANDONED,Bank_A,E23,P001,UPI
E04433,C0275,2951.64,CHECKOUT_ABANDONED,Bank_A,E11,P013,CARD
E04434,C0109,5594.64,INVOICE_OVERDUE,Bank_A,E11,P006,CARD
E04435,C0422,4131.69,PAYMENT_FAILED,Bank_A,E42,P017,WALLET
E04436,C0266,12779.69,PAYMENT_FAILED,Bank_B,E11,P013,UPI
E04437,C0918,5267.56,INVOICE_OVERDUE,Bank_B,E11,P020,CARD
E04438,C0243,22930.47,SUBSCRIPTION_FAILED,Bank_A,E42,P013,WALLET
E04439,C0797,6043.96,PAYMENT_FAILED,Bank_D,E42,P013,CARD
E04440,C0633,9979.65,INVOICE_OVERDUE,Bank_B,E23,P020,WALLET
E04441,C0914,4989.1,PAYMENT_FAILED,Bank_A,E42,P007,UPI
E04442,C0221,11813.43,CHECKOUT_ABANDONED,Bank_A,E42,P010,NETBANKING
E04443,C0468,11458.2,PAYMENT_FAILED,Bank_B,E17,P017,CARD
E04444,C0120,8617.13,SUBSCRIPTION_FAILED,Bank_B,E42,P006,UPI
E04445,C0254,20615.32,SUBSCRIPTION_FAILED,Bank_A,E23,P010,CARD
E04446,C0134,20311.08,PAYMENT_FAILED,Bank_B,E17,P008,WALLET
E04447,C0901,11838.87,INVOICE_OVERDUE,Bank_D,E42,P016,WALLET
E04448,C0093,16061.74,CHECKOUT_ABANDONED,Bank_A,E42,P010,NETBANKING
E04449,C0078,23211.01,SUBSCRIPTION_FAILED,Bank_A,E17,P020,UPI
E04450,C0369,4480.63,SUBSCRIPTION_FAILED,Bank_C,E11,P003,WALLET
E04451,C0041,11420.7,INVOICE_OVERDUE,Bank_C,E17,P020,NETBANKING
E04452,C0331,8056.04,CHECKOUT_ABANDONED,Bank_A,E17,P018,WALLET
E04453,C0611,1368.6,SUBSCRIPTION_FAILED,Bank_D,E17,P010,UPI
E04454,C0821,20200.44,CHECKOUT_ABANDONED,Bank_A,E42,P001,UPI
E04455,C0821,16632.04,SUBSCRIPTION_FAILED,Bank_A,E11,P004,NETBANKING
E04456,C0326,24146.83,SUBSCRIPTION_FAILED,Bank_A,E17,P004,CARD
E04457,C0191,14060.4,INVOICE_OVERDUE,Bank_A,E42,P018,UPI
E04458,C0182,14817.64,PAYMENT_FAILED,Bank_D,E11,P003,NETBANKING
E04459,C0533,22529.59,CHECKOUT_ABANDONED,Bank_A,E23,P014,CARD
E04460,C0524,13126.19,CHECKOUT_ABANDONED,Bank_D,E17,P016,UPI
E04461,C0431,9588.52,SUBSCRIPTION_FAILED,Bank_A,E42,P002,WALLET
E04462,C0257,12904.54,PAYMENT_FAILED,Bank_A,E42,P008,WALLET
E04463,C0913,16158.53,INVOICE_OVERDUE,Bank_A,E23,P011,UPI
E04464,C0030,24728.37,SUBSCRIPTION_FAILED,Bank_A,E42,P017,UPI
E04465,C0540,1967.99,CHECKOUT_ABANDONED,Bank_D,E42,P015,NETBANKING
E04466,C0382,6950.82,PAYMENT_FAILED,Bank_C,E42,P019,CARD
E04467,C0978,21615.2,SUBSCRIPTION_FAILED,Bank_C,E23,P011,NETBANKING
E04468,C0605,4240.21,SUBSCRIPTION_FAILED,Bank_A,E42,P012,NETBANKING
E04469,C0151,17853.9,INVOICE_OVERDUE,Bank_D,E23,P008,NETBANKING
E04470,C0858,16899.08,CHECKOUT_ABANDONED,Bank_A,E23,P016,UPI
E04471,C0145,1958.06,INVOICE_OVERDUE,Bank_A,E17,P006,NETBANKING
E04472,C0726,3933.84,CHECKOUT_ABANDONED,Bank_A,E11,P008,NETBANKING
E04473,C0036,17509.02,CHECKOUT_ABANDONED,Bank_C,E23,P001,CARD
E04474,C0661,18129.99,SUBSCRIPTION_FAILED,Bank_A,E42,P015,UPI
E04475,C0039,23523.0,INVOICE_OVERDUE,Bank_B,E23,P017,NETBANKING
E04476,C0842,7121.21,INVOICE_OVERDUE,Bank_D,E11,P003,WALLET
E04477,C0742,9900.28,INVOICE_OVERDUE,Bank_A,E11,P014,UPI
E04478,C0691,15054.16,SUBSCRIPTION_FAILED,Bank_D,E11,P016,NETBANKING
E04479,C0522,6330.73,INVOICE_OVERDUE,Bank_B,E23,P009,UPI
E04480,C0799,24560.76,CHECKOUT_ABANDONED,Bank_C,E42,P019,WALLET
E04481,C0063,21044.26,PAYMENT_FAILED,Bank_B,E17,P005,UPI
E04482,C0329,10387.24,PAYMENT_FAILED,Bank_B,E23,P003,NETBANKING
E04483,C0520,10689.03,CHECKOUT_ABANDONED,Bank_B,E42,P019,NETBANKING
E04484,C0344,4909.9,PAYMENT_FAILED,Bank_A,E11,P002,CARD
E04485,C0688,10769.98,INVOICE_OVERDUE,Bank_A,E42,P005,CARD
E04486,C0878,22499.91,INVOICE_OVERDUE,Bank_A,E42,P004,CARD
E04487,C0509,4141.93,PAYMENT_FAILED,Bank_A,E42,P009,WALLET
E04488,C0215,21139.0,PAYMENT_FAILED,Bank_A,E11,P014,NETBANKING
E04489,C0796,7407.58,INVOICE_OVERDUE,Bank_D,E11,P018,NETBANKING
E04490,C0475,23618.11,SUBSCRIPTION_FAILED,Bank_A,E42,P001,NETBANKING
E04491,C0650,14378.3,INVOICE_OVERDUE,Bank_C,E17,P006,UPI
E04492,C0331,15251.26,PAYMENT_FAILED,Bank_A,E11,P012,CARD
E04493,C0658,14578.08,PAYMENT_FAILED,Bank_A,E23,P014,CARD
E04494,C0569,20664.36,SUBSCRIPTION_FAILED,Bank_A,E17,P005,WALLET
E04495,C0544,11362.02,PAYMENT_FAILED,Bank_A,E23,P018,WALLET
E04496,C0980,5767.27,PAYMENT_FAILED,Bank_C,E42,P011,UPI
E04497,C0731,7867.24,PAYMENT_FAILED,Bank_D,E42,P008,CARD
E04498,C0272,14119.08,SUBSCRIPTION_FAILED,Bank_D,E23,P012,WALLET
E04499,C0505,10869.99,CHECKOUT_ABANDONED,Bank_D,E17,P017,NETBANKING
E04500,C0189,17982.04,SUBSCRIPTION_FAILED,Bank_C,E42,P016,NETBANKING
E04501,C0484,8923.68,PAYMENT_FAILED,Bank_B,E17,P008,CARD
E04502,C0417,23342.42,CHECKOUT_ABANDONED,Bank_B,E11,P020,WALLET
E04503,C0685,8708.4,SUBSCRIPTION_FAILED,Bank_B,E11,P013,CARD
E04504,C0852,21448.94,INVOICE_OVERDUE,Bank_D,E23,P011,WALLET
E04505,C0310,5551.9,SUBSCRIPTION_FAILED,Bank_A,E23,P009,NETBANKING
E04506,C0767,4713.09,INVOICE_OVERDUE,Bank_A,E42,P006,CARD
E04507,C0657,7583.47,SUBSCRIPTION_FAILED,Bank_D,E42,P004,WALLET
E04508,C0081,9880.01,INVOICE_OVERDUE,Bank_D,E23,P016,WALLET
E04509,C0799,16926.5,SUBSCRIPTION_FAILED,Bank_B,E23,P015,UPI
E04510,C0967,12034.01,SUBSCRIPTION_FAILED,Bank_A,E42,P016,UPI
E04511,C0441,23626.79,PAYMENT_FAILED,Bank_D,E11,P015,CARD
E04512,C0927,4927.32,PAYMENT_FAILED,Bank_A,E42,P003,UPI
E04513,C0018,19852.92,CHECKOUT_ABANDONED,Bank_C,E17,P019,NETBANKING
E04514,C0038,12616.06,CHECKOUT_ABANDONED,Bank_B,E42,P010,UPI
E04515,C0962,21553.89,INVOICE_OVERDUE,Bank_B,E42,P020,UPI
E04516,C0493,5579.1,CHECKOUT_ABANDONED,Bank_B,E42,P003,CARD
E04517,C0051,9011.22,SUBSCRIPTION_FAILED,Bank_A,E23,P014,WALLET
E04518,C0174,4985.94,PAYMENT_FAILED,Bank_C,E42,P009,NETBANKING
E04519,C0186,19867.44,INVOICE_OVERDUE,Bank_D,E42,P010,NETBANKING
E04520,C0181,2290.15,CHECKOUT_ABANDONED,Bank_B,E42,P016,UPI
E04521,C0915,18335.41,PAYMENT_FAILED,Bank_D,E42,P008,WALLET
E04522,C0382,18439.8,CHECKOUT_ABANDONED,Bank_D,E11,P019,NETBANKING
E04523,C0794,6679.38,SUBSCRIPTION_FAILED,Bank_D,E17,P010,NETBANKING
E04524,C0466,13144.06,SUBSCRIPTION_FAILED,Bank_B,E17,P020,CARD
E04525,C0074,10439.2,PAYMENT_FAILED,Bank_C,E11,P013,WALLET
E04526,C0751,18451.51,CHECKOUT_ABANDONED,Bank_B,E42,P019,NETBANKING
E04527,C0998,15375.23,INVOICE_OVERDUE,Bank_A,E42,P017,NETBANKING
E04528,C0301,10293.65,SUBSCRIPTION_FAILED,Bank_A,E42,P005,UPI
E04529,C0780,15298.31,INVOICE_OVERDUE,Bank_A,E17,P017,WALLET
E04530,C0992,18063.7,PAYMENT_FAILED,Bank_D,E42,P017,UPI
E04531,C0043,17498.91,SUBSCRIPTION_FAILED,Bank_B,E42,P010,WALLET
E04532,C0261,15227.14,PAYMENT_FAILED,Bank_A,E42,P014,UPI
E04533,C0676,7688.46,INVOICE_OVERDUE,Bank_D,E42,P003,CARD
E04534,C0008,21988.79,SUBSCRIPTION_FAILED,Bank_A,E11,P009,UPI
E04535,C0675,15449.63,CHECKOUT_ABANDONED,Bank_B,E11,P009,NETBANKING
E04536,C0371,12440.49,CHECKOUT_ABANDONED,Bank_A,E11,P013,NETBANKING
E04537,C0210,11311.31,PAYMENT_FAILED,Bank_A,E42,P015,WALLET
E04538,C0067,528.95,CHECKOUT_ABANDONED,Bank_A,E11,P003,NETBANKING
E04539,C0826,1524.08,CHECKOUT_ABANDONED,Bank_C,E17,P014,NETBANKING
E04540,C0965,16890.68,PAYMENT_FAILED,Bank_C,E23,P005,CARD
E04541,C0283,18590.15,PAYMENT_FAILED,Bank_C,E42,P015,UPI
E04542,C0049,21342.86,INVOICE_OVERDUE,Bank_C,E23,P011,WALLET
E04543,C0689,4045.83,CHECKOUT_ABANDONED,Bank_C,E11,P017,CARD
E04544,C0528,8911.08,SUBSCRIPTION_FAILED,Bank_B,E42,P012,WALLET
E04545,C0427,23488.59,INVOICE_OVERDUE,Bank_A,E42,P007,WALLET
E04546,C0589,20535.86,SUBSCRIPTION_FAILED,Bank_B,E17,P014,UPI
E04547,C0648,17720.44,SUBSCRIPTION_FAILED,Bank_C,E42,P008,WALLET
E04548,C0067,10653.9,CHECKOUT_ABANDONED,Bank_A,E23,P002,CARD
E04549,C0678,23252.64,CHECKOUT_ABANDONED,Bank_A,E42,P014,CARD
E04550,C0508,9234.9,CHECKOUT_ABANDONED,Bank_B,E42,P014,UPI
E04551,C0469,19367.54,INVOICE_OVERDUE,Bank_A,E42,P010,WALLET
E04552,C0500,22380.47,PAYMENT_FAILED,Bank_D,E17,P003,WALLET
E04553,C0059,24139.88,SUBSCRIPTION_FAILED,Bank_A,E17,P012,NETBANKING
E04554,C0361,14147.36,CHECKOUT_ABANDONED,Bank_A,E42,P001,NETBANKING
E04555,C0540,9269.77,SUBSCRIPTION_FAILED,Bank_C,E23,P007,WALLET
E04556,C0246,19403.14,PAYMENT_FAILED,Bank_D,E17,P003,CARD
E04557,C0002,8223.83,CHECKOUT_ABANDONED,Bank_B,E23,P009,CARD
E04558,C0066,9259.72,PAYMENT_FAILED,Bank_D,E23,P005,NETBANKING
E04559,C0626,17464.39,CHECKOUT_ABANDONED,Bank_A,E42,P003,CARD
E04560,C0439,5549.94,INVOICE_OVERDUE,Bank_B,E17,P003,UPI
E04561,C0463,16617.53,PAYMENT_FAILED,Bank_B,E17,P011,WALLET
E04562,C0552,6259.72,CHECKOUT_ABANDONED,Bank_C,E11,P001,CARD
E04563,C0587,19331.33,INVOICE_OVERDUE,Bank_D,E11,P001,UPI
E04564,C0546,9020.14,SUBSCRIPTION_FAILED,Bank_A,E23,P003,UPI
E04565,C0702,7479.88,PAYMENT_FAILED,Bank_C,E23,P016,CARD
E04566,C0858,16076.44,PAYMENT_FAILED,Bank_C,E23,P003,CARD
E04567,C0983,2007.5,PAYMENT_FAILED,Bank_C,E42,P013,NETBANKING
E04568,C0275,3391.76,SUBSCRIPTION_FAILED,Bank_A,E17,P019,NETBANKING
E04569,C0094,10829.09,PAYMENT_FAILED,Bank_C,E17,P013,NETBANKING
E04570,C0918,12322.52,CHECKOUT_ABANDONED,Bank_A,E42,P017,WALLET
E04571,C0365,11784.79,CHECKOUT_ABANDONED,Bank_B,E23,P013,NETBANKING
E04572,C0797,2963.06,CHECKOUT_ABANDONED,Bank_A,E17,P002,CARD
E04573,C0331,13180.72,PAYMENT_FAILED,Bank_D,E17,P001,WALLET
E04574,C0255,17112.69,CHECKOUT_ABANDONED,Bank_D,E42,P001,WALLET
E04575,C0961,6660.71,INVOICE_OVERDUE,Bank_B,E42,P012,WALLET
E04576,C0480,2688.46,CHECKOUT_ABANDONED,Bank_C,E42,P020,CARD
E04577,C0976,4754.58,INVOICE_OVERDUE,Bank_B,E42,P010,UPI
E04578,C1000,13325.37,SUBSCRIPTION_FAILED,Bank_A,E11,P012,CARD
E04579,C0983,2506.56,PAYMENT_FAILED,Bank_A,E42,P004,NETBANKING
E04580,C0316,5841.75,SUBSCRIPTION_FAILED,Bank_D,E23,P004,UPI
E04581,C0681,2230.97,INVOICE_OVERDUE,Bank_B,E17,P010,WALLET
E04582,C0452,15506.05,INVOICE_OVERDUE,Bank_A,E23,P017,WALLET
E04583,C0606,23046.75,SUBSCRIPTION_FAILED,Bank_A,E23,P012,UPI
E04584,C0746,8294.57,CHECKOUT_ABANDONED,Bank_D,E17,P009,UPI
E04585,C0285,6478.06,SUBSCRIPTION_FAILED,Bank_A,E42,P012,UPI
E04586,C0425,8024.63,PAYMENT_FAILED,Bank_B,E42,P004,UPI
E04587,C0443,13459.65,CHECKOUT_ABANDONED,Bank_D,E17,P013,CARD
E04588,C0694,22977.27,INVOICE_OVERDUE,Bank_A,E42,P015,WALLET
E04589,C0726,7373.55,PAYMENT_FAILED,Bank_D,E42,P020,CARD
E04590,C0508,23879.81,SUBSCRIPTION_FAILED,Bank_C,E23,P017,NETBANKING
E04591,C0059,7497.1,SUBSCRIPTION_FAILED,Bank_B,E23,P012,NETBANKING
E04592,C0595,9251.18,SUBSCRIPTION_FAILED,Bank_B,E23,P020,NETBANKING
E04593,C0948,23269.87,INVOICE_OVERDUE,Bank_A,E42,P007,WALLET
E04594,C0269,11212.47,SUBSCRIPTION_FAILED,Bank_C,E17,P010,WALLET
E04595,C0067,3585.6,CHECKOUT_ABANDONED,Bank_A,E17,P002,UPI
E04596,C0250,18282.2,PAYMENT_FAILED,Bank_B,E11,P007,CARD
E04597,C0786,1813.34,PAYMENT_FAILED,Bank_A,E23,P013,CARD
E04598,C0808,19517.76,INVOICE_OVERDUE,Bank_B,E17,P001,NETBANKING
E04599,C0151,19729.33,PAYMENT_FAILED,Bank_A,E42,P012,UPI
E04600,C0691,7678.13,CHECKOUT_ABANDONED,Bank_D,E17,P020,NETBANKING
E04601,C0879,3461.58,CHECKOUT_ABANDONED,Bank_A,E42,P016,WALLET
E04602,C0318,5525.23,SUBSCRIPTION_FAILED,Bank_A,E23,P007,WALLET
E04603,C0402,12001.52,INVOICE_OVERDUE,Bank_A,E42,P007,NETBANKING
E04604,C0737,23886.07,CHECKOUT_ABANDONED,Bank_D,E17,P009,NETBANKING
E04605,C0613,19363.47,PAYMENT_FAILED,Bank_D,E42,P004,UPI
E04606,C0279,15660.17,INVOICE_OVERDUE,Bank_A,E42,P003,WALLET
E04607,C0628,6030.87,SUBSCRIPTION_FAILED,Bank_D,E11,P017,CARD
E04608,C0285,23529.44,SUBSCRIPTION_FAILED,Bank_B,E23,P009,NETBANKING
E04609,C0122,5835.81,INVOICE_OVERDUE,Bank_C,E17,P015,WALLET
E04610,C0075,13373.22,PAYMENT_FAILED,Bank_A,E11,P003,WALLET
E04611,C0266,21975.07,PAYMENT_FAILED,Bank_D,E11,P017,NETBANKING
E04612,C0231,23451.84,SUBSCRIPTION_FAILED,Bank_A,E11,P007,UPI
E04613,C0733,24911.06,CHECKOUT_ABANDONED,Bank_D,E23,P018,CARD
E04614,C0471,3276.98,CHECKOUT_ABANDONED,Bank_D,E23,P012,UPI
E04615,C0092,24594.08,PAYMENT_FAILED,Bank_A,E23,P004,UPI
E04616,C0291,1708.52,INVOICE_OVERDUE,Bank_A,E42,P008,CARD
E04617,C0895,2833.95,INVOICE_OVERDUE,Bank_D,E11,P002,WALLET
E04618,C0170,21966.75,SUBSCRIPTION_FAILED,Bank_C,E42,P004,CARD
E04619,C0379,16820.01,PAYMENT_FAILED,Bank_C,E23,P020,WALLET
E04620,C0352,14047.24,INVOICE_OVERDUE,Bank_B,E17,P017,CARD
E04621,C0516,2509.77,INVOICE_OVERDUE,Bank_C,E23,P017,UPI
E04622,C0456,19595.42,CHECKOUT_ABANDONED,Bank_A,E42,P010,CARD
E04623,C0300,12526.96,SUBSCRIPTION_FAILED,Bank_A,E11,P007,UPI
E04624,C0077,629.74,CHECKOUT_ABANDONED,Bank_B,E42,P013,NETBANKING
E04625,C0299,22576.31,INVOICE_OVERDUE,Bank_C,E42,P001,NETBANKING
E04626,C0032,4025.31,CHECKOUT_ABANDONED,Bank_D,E23,P001,CARD
E04627,C0712,16993.27,INVOICE_OVERDUE,Bank_D,E42,P004,WALLET
E04628,C0289,15713.13,SUBSCRIPTION_FAILED,Bank_A,E42,P007,CARD
E04629,C0035,23515.79,PAYMENT_FAILED,Bank_C,E11,P012,CARD
E04630,C0201,15194.73,CHECKOUT_ABANDONED,Bank_A,E42,P017,UPI
E04631,C0903,15164.68,SUBSCRIPTION_FAILED,Bank_A,E42,P006,NETBANKING
E04632,C0056,13102.99,SUBSCRIPTION_FAILED,Bank_C,E11,P012,CARD
E04633,C0345,11834.33,PAYMENT_FAILED,Bank_A,E42,P008,CARD
E04634,C0965,14883.97,SUBSCRIPTION_FAILED,Bank_A,E42,P020,UPI
E04635,C0371,6224.1,PAYMENT_FAILED,Bank_B,E17,P003,WALLET
E04636,C0007,13904.01,PAYMENT_FAILED,Bank_B,E17,P008,WALLET
E04637,C0693,21967.88,PAYMENT_FAILED,Bank_A,E17,P004,UPI
E04638,C0241,20440.72,PAYMENT_FAILED,Bank_A,E42,P016,WALLET
E04639,C0171,1239.79,INVOICE_OVERDUE,Bank_C,E23,P015,NETBANKING
E04640,C0349,13339.59,INVOICE_OVERDUE,Bank_A,E42,P006,NETBANKING
E04641,C0504,4191.51,PAYMENT_FAILED,Bank_A,E11,P001,UPI
E04642,C0518,5635.12,PAYMENT_FAILED,Bank_C,E42,P003,WALLET
E04643,C0723,16328.89,SUBSCRIPTION_FAILED,Bank_C,E11,P018,CARD
E04644,C0499,22490.49,CHECKOUT_ABANDONED,Bank_A,E42,P012,UPI
E04645,C0698,13021.94,SUBSCRIPTION_FAILED,Bank_C,E42,P012,NETBANKING
E04646,C0789,13510.3,INVOICE_OVERDUE,Bank_D,E17,P014,CARD
E04647,C0716,4436.99,INVOICE_OVERDUE,Bank_A,E42,P020,UPI
E04648,C0841,11218.22,INVOICE_OVERDUE,Bank_A,E17,P009,WALLET
E04649,C0837,19289.06,CHECKOUT_ABANDONED,Bank_A,E42,P001,CARD
E04650,C0895,20935.31,SUBSCRIPTION_FAILED,Bank_C,E23,P010,UPI
E04651,C0562,3560.26,CHECKOUT_ABANDONED,Bank_A,E42,P008,UPI
E04652,C0781,19304.26,INVOICE_OVERDUE,Bank_B,E17,P007,WALLET
E04653,C0445,18076.75,PAYMENT_FAILED,Bank_D,E11,P006,WALLET
E04654,C0052,2611.59,SUBSCRIPTION_FAILED,Bank_C,E17,P013,NETBANKING
E04655,C0072,2303.47,INVOICE_OVERDUE,Bank_A,E11,P017,CARD
E04656,C0389,15877.91,CHECKOUT_ABANDONED,Bank_A,E42,P011,WALLET
E04657,C0598,19273.23,PAYMENT_FAILED,Bank_D,E42,P014,WALLET
E04658,C0772,23566.83,PAYMENT_FAILED,Bank_C,E23,P015,WALLET
E04659,C0967,6301.17,CHECKOUT_ABANDONED,Bank_B,E23,P017,UPI
E04660,C0390,11516.19,SUBSCRIPTION_FAILED,Bank_D,E42,P015,UPI
E04661,C0874,24176.14,CHECKOUT_ABANDONED,Bank_D,E17,P009,NETBANKING
E04662,C0388,4949.85,CHECKOUT_ABANDONED,Bank_D,E17,P003,UPI
E04663,C0430,15475.71,CHECKOUT_ABANDONED,Bank_B,E17,P013,UPI
E04664,C0930,15070.56,PAYMENT_FAILED,Bank_B,E23,P013,WALLET
E04665,C0395,13903.06,CHECKOUT_ABANDONED,Bank_D,E17,P020,UPI
E04666,C0193,18075.15,PAYMENT_FAILED,Bank_A,E42,P016,UPI
E04667,C0331,22717.11,INVOICE_OVERDUE,Bank_C,E42,P012,CARD
E04668,C1000,10190.35,SUBSCRIPTION_FAILED,Bank_D,E42,P013,UPI
E04669,C0698,4638.87,PAYMENT_FAILED,Bank_D,E11,P006,NETBANKING
E04670,C0375,899.78,SUBSCRIPTION_FAILED,Bank_A,E42,P001,NETBANKING
E04671,C0687,10405.5,PAYMENT_FAILED,Bank_D,E11,P016,WALLET
E04672,C0803,19296.09,PAYMENT_FAILED,Bank_D,E42,P014,UPI
E04673,C0641,1295.34,INVOICE_OVERDUE,Bank_A,E42,P018,UPI
E04674,C0581,11919.52,PAYMENT_FAILED,Bank_A,E23,P011,WALLET
E04675,C0164,20538.4,INVOICE_OVERDUE,Bank_D,E11,P007,WALLET
E04676,C0024,22207.6,CHECKOUT_ABANDONED,Bank_A,E11,P011,UPI
E04677,C0167,9776.46,SUBSCRIPTION_FAILED,Bank_D,E23,P008,UPI
E04678,C0447,12991.8,INVOICE_OVERDUE,Bank_D,E42,P003,UPI
E04679,C0958,9681.81,SUBSCRIPTION_FAILED,Bank_D,E17,P011,UPI
E04680,C0944,9139.62,SUBSCRIPTION_FAILED,Bank_D,E17,P001,WALLET
E04681,C0956,909.3,PAYMENT_FAILED,Bank_B,E42,P019,CARD
E04682,C0209,9474.82,CHECKOUT_ABANDONED,Bank_C,E11,P004,NETBANKING
E04683,C0737,17066.59,INVOICE_OVERDUE,Bank_D,E11,P014,NETBANKING
E04684,C0839,844.18,CHECKOUT_ABANDONED,Bank_D,E23,P020,NETBANKING
E04685,C0906,16159.13,CHECKOUT_ABANDONED,Bank_A,E17,P016,CARD
E04686,C0952,19839.67,PAYMENT_FAILED,Bank_C,E23,P020,WALLET
E04687,C0884,22365.18,PAYMENT_FAILED,Bank_B,E23,P018,CARD
E04688,C0899,22824.7,INVOICE_OVERDUE,Bank_B,E11,P008,UPI
E04689,C0785,2124.15,SUBSCRIPTION_FAILED,Bank_D,E11,P007,CARD
E04690,C0454,21722.88,SUBSCRIPTION_FAILED,Bank_D,E17,P012,CARD
E04691,C0337,1437.16,CHECKOUT_ABANDONED,Bank_C,E17,P001,UPI
E04692,C0021,14111.39,CHECKOUT_ABANDONED,Bank_A,E23,P009,UPI
E04693,C0961,13067.01,PAYMENT_FAILED,Bank_A,E11,P016,NETBANKING
E04694,C0145,2122.68,PAYMENT_FAILED,Bank_B,E42,P009,CARD
E04695,C0863,3663.85,INVOICE_OVERDUE,Bank_B,E42,P005,WALLET
E04696,C0247,2775.14,CHECKOUT_ABANDONED,Bank_C,E11,P007,CARD
E04697,C0250,3364.91,CHECKOUT_ABANDONED,Bank_A,E42,P010,WALLET
E04698,C0175,15520.74,CHECKOUT_ABANDONED,Bank_A,E42,P017,CARD
E04699,C0946,20710.19,INVOICE_OVERDUE,Bank_C,E42,P015,CARD
E04700,C0027,14809.6,INVOICE_OVERDUE,Bank_A,E42,P017,UPI
E04701,C0441,13752.93,PAYMENT_FAILED,Bank_C,E11,P014,NETBANKING
E04702,C0529,1174.28,CHECKOUT_ABANDONED,Bank_C,E42,P012,UPI
E04703,C0409,6914.31,CHECKOUT_ABANDONED,Bank_A,E42,P019,UPI
E04704,C0376,20534.21,INVOICE_OVERDUE,Bank_D,E11,P006,CARD
E04705,C0192,1380.71,SUBSCRIPTION_FAILED,Bank_D,E23,P009,WALLET
E04706,C0038,3665.69,PAYMENT_FAILED,Bank_A,E42,P001,NETBANKING
E04707,C0759,1870.63,INVOICE_OVERDUE,Bank_C,E42,P004,UPI
E04708,C0517,24322.59,PAYMENT_FAILED,Bank_D,E11,P003,WALLET
E04709,C0017,7856.01,INVOICE_OVERDUE,Bank_D,E23,P008,WALLET
E04710,C0984,17036.9,INVOICE_OVERDUE,Bank_D,E42,P015,WALLET
E04711,C0456,3026.71,SUBSCRIPTION_FAILED,Bank_A,E11,P019,WALLET
E04712,C0151,5639.69,INVOICE_OVERDUE,Bank_C,E23,P018,NETBANKING
E04713,C0657,12806.4,SUBSCRIPTION_FAILED,Bank_A,E42,P004,WALLET
E04714,C0384,9706.26,CHECKOUT_ABANDONED,Bank_D,E11,P015,CARD
E04715,C0009,2288.86,INVOICE_OVERDUE,Bank_C,E11,P017,CARD
E04716,C0325,12383.85,CHECKOUT_ABANDONED,Bank_D,E23,P008,CARD
E04717,C0886,4013.56,PAYMENT_FAILED,Bank_A,E42,P009,WALLET
E04718,C0434,20078.14,INVOICE_OVERDUE,Bank_A,E42,P001,UPI
E04719,C0049,3683.84,CHECKOUT_ABANDONED,Bank_D,E17,P015,WALLET
E04720,C0382,5635.42,CHECKOUT_ABANDONED,Bank_B,E23,P018,CARD
E04721,C0291,9799.76,PAYMENT_FAILED,Bank_C,E23,P013,CARD
E04722,C0743,11470.65,INVOICE_OVERDUE,Bank_A,E11,P003,NETBANKING
E04723,C0026,4011.75,INVOICE_OVERDUE,Bank_C,E17,P002,UPI
E04724,C0571,21453.7,INVOICE_OVERDUE,Bank_A,E17,P017,CARD
E04725,C0604,4745.86,INVOICE_OVERDUE,Bank_A,E23,P015,WALLET
E04726,C0208,18015.0,PAYMENT_FAILED,Bank_D,E23,P001,WALLET
E04727,C0658,2016.72,SUBSCRIPTION_FAILED,Bank_A,E42,P006,WALLET
E04728,C0488,11799.29,PAYMENT_FAILED,Bank_A,E42,P019,NETBANKING
E04729,C0301,1086.83,INVOICE_OVERDUE,Bank_D,E42,P012,CARD
E04730,C0033,12453.11,SUBSCRIPTION_FAILED,Bank_D,E17,P005,UPI
E04731,C0919,6097.14,PAYMENT_FAILED,Bank_A,E42,P007,WALLET
E04732,C0384,15046.1,PAYMENT_FAILED,Bank_B,E42,P004,CARD
E04733,C0037,15488.2,SUBSCRIPTION_FAILED,Bank_C,E11,P007,NETBANKING
E04734,C0073,3682.52,CHECKOUT_ABANDONED,Bank_A,E42,P008,WALLET
E04735,C0094,735.67,SUBSCRIPTION_FAILED,Bank_A,E11,P005,UPI
E04736,C0067,3930.55,SUBSCRIPTION_FAILED,Bank_A,E42,P017,WALLET
E04737,C0265,19181.0,SUBSCRIPTION_FAILED,Bank_C,E23,P002,CARD
E04738,C0920,20273.95,SUBSCRIPTION_FAILED,Bank_C,E17,P001,CARD
E04739,C0517,17841.19,PAYMENT_FAILED,Bank_D,E42,P003,WALLET
E04740,C0907,1052.25,PAYMENT_FAILED,Bank_A,E42,P016,CARD
E04741,C0868,11552.31,PAYMENT_FAILED,Bank_B,E23,P011,UPI
E04742,C0277,3811.22,PAYMENT_FAILED,Bank_B,E11,P003,WALLET
E04743,C0311,5248.16,PAYMENT_FAILED,Bank_C,E17,P012,UPI
E04744,C0741,2894.93,CHECKOUT_ABANDONED,Bank_C,E11,P004,NETBANKING
E04745,C0114,3018.46,PAYMENT_FAILED,Bank_D,E42,P020,CARD
E04746,C0521,5487.37,SUBSCRIPTION_FAILED,Bank_A,E42,P020,UPI
E04747,C0430,5442.32,INVOICE_OVERDUE,Bank_A,E11,P008,UPI
E04748,C0129,10241.62,CHECKOUT_ABANDONED,Bank_D,E42,P013,WALLET
E04749,C0218,16810.46,CHECKOUT_ABANDONED,Bank_B,E23,P006,UPI
E04750,C0641,19406.96,SUBSCRIPTION_FAILED,Bank_D,E23,P003,CARD
E04751,C0223,23365.21,CHECKOUT_ABANDONED,Bank_A,E42,P003,UPI
E04752,C0882,5558.24,SUBSCRIPTION_FAILED,Bank_D,E42,P012,CARD
E04753,C0460,10414.76,SUBSCRIPTION_FAILED,Bank_D,E42,P004,WALLET
E04754,C0605,8749.75,SUBSCRIPTION_FAILED,Bank_A,E42,P017,CARD
E04755,C0032,1190.14,INVOICE_OVERDUE,Bank_D,E23,P015,NETBANKING
E04756,C0901,7583.39,CHECKOUT_ABANDONED,Bank_A,E42,P005,WALLET
E04757,C0224,16859.88,CHECKOUT_ABANDONED,Bank_A,E42,P008,CARD
E04758,C0224,2620.93,SUBSCRIPTION_FAILED,Bank_A,E42,P011,CARD
E04759,C0151,18415.13,INVOICE_OVERDUE,Bank_D,E42,P011,NETBANKING
E04760,C0126,18146.21,INVOICE_OVERDUE,Bank_A,E23,P019,CARD
E04761,C0842,3209.43,INVOICE_OVERDUE,Bank_A,E23,P019,UPI
E04762,C0936,12502.62,PAYMENT_FAILED,Bank_D,E42,P001,WALLET
E04763,C0689,3770.6,SUBSCRIPTION_FAILED,Bank_C,E42,P019,WALLET
E04764,C0572,18557.12,CHECKOUT_ABANDONED,Bank_B,E42,P017,UPI
E04765,C0356,18628.23,INVOICE_OVERDUE,Bank_D,E42,P014,WALLET
E04766,C0893,8587.96,CHECKOUT_ABANDONED,Bank_A,E42,P009,WALLET
E04767,C0104,3710.18,INVOICE_OVERDUE,Bank_A,E42,P012,WALLET
E04768,C0019,21076.62,INVOICE_OVERDUE,Bank_A,E42,P002,NETBANKING
E04769,C0278,10619.4,INVOICE_OVERDUE,Bank_D,E42,P009,UPI
E04770,C0540,6648.44,PAYMENT_FAILED,Bank_A,E42,P001,NETBANKING
E04771,C0689,14586.92,CHECKOUT_ABANDONED,Bank_A,E42,P013,WALLET
E04772,C0644,20858.21,SUBSCRIPTION_FAILED,Bank_A,E42,P007,NETBANKING
E04773,C0648,6897.24,PAYMENT_FAILED,Bank_B,E11,P008,UPI
E04774,C0504,7024.01,SUBSCRIPTION_FAILED,Bank_D,E23,P016,NETBANKING
E04775,C0272,9573.29,PAYMENT_FAILED,Bank_D,E23,P001,NETBANKING
E04776,C0447,15461.91,SUBSCRIPTION_FAILED,Bank_B,E23,P014,CARD
E04777,C0720,9179.24,CHECKOUT_ABANDONED,Bank_A,E42,P007,UPI
E04778,C0432,24771.91,SUBSCRIPTION_FAILED,Bank_D,E17,P020,WALLET
E04779,C0499,17833.19,CHECKOUT_ABANDONED,Bank_C,E42,P008,CARD
E04780,C0523,18520.31,PAYMENT_FAILED,Bank_A,E42,P013,UPI
E04781,C0308,4598.19,INVOICE_OVERDUE,Bank_C,E23,P015,UPI
E04782,C0213,18682.54,PAYMENT_FAILED,Bank_D,E11,P004,NETBANKING
E04783,C0982,3608.47,SUBSCRIPTION_FAILED,Bank_A,E23,P013,CARD
E04784,C0020,22014.38,CHECKOUT_ABANDONED,Bank_D,E17,P016,WALLET
E04785,C0768,12915.61,CHECKOUT_ABANDONED,Bank_C,E17,P015,WALLET
E04786,C0145,14209.78,PAYMENT_FAILED,Bank_A,E42,P009,UPI
E04787,C0673,8952.95,CHECKOUT_ABANDONED,Bank_B,E17,P006,CARD
E04788,C0870,8320.19,INVOICE_OVERDUE,Bank_B,E42,P009,NETBANKING
E04789,C0176,17669.9,CHECKOUT_ABANDONED,Bank_B,E42,P012,WALLET
E04790,C0147,22848.05,CHECKOUT_ABANDONED,Bank_A,E42,P004,NETBANKING
E04791,C0448,22305.88,PAYMENT_FAILED,Bank_C,E42,P016,NETBANKING
E04792,C0769,22967.95,SUBSCRIPTION_FAILED,Bank_A,E42,P005,NETBANKING
E04793,C0719,12645.98,PAYMENT_FAILED,Bank_C,E23,P006,UPI
E04794,C0945,17221.55,CHECKOUT_ABANDONED,Bank_C,E42,P014,CARD
E04795,C0744,16924.73,CHECKOUT_ABANDONED,Bank_A,E23,P017,UPI
E04796,C0992,5046.6,CHECKOUT_ABANDONED,Bank_D,E42,P007,CARD
E04797,C0033,8348.28,CHECKOUT_ABANDONED,Bank_C,E42,P019,UPI
E04798,C0157,15596.66,PAYMENT_FAILED,Bank_B,E23,P008,WALLET
E04799,C0962,13728.86,SUBSCRIPTION_FAILED,Bank_C,E42,P016,UPI
E04800,C0523,18942.26,INVOICE_OVERDUE,Bank_A,E42,P011,UPI
E04801,C0103,7858.63,PAYMENT_FAILED,Bank_A,E42,P010,WALLET
E04802,C0214,9137.46,PAYMENT_FAILED,Bank_A,E42,P017,WALLET
E04803,C0687,15060.87,INVOICE_OVERDUE,Bank_A,E42,P004,WALLET
E04804,C0929,19372.96,CHECKOUT_ABANDONED,Bank_C,E23,P010,UPI
E04805,C0541,23097.55,SUBSCRIPTION_FAILED,Bank_C,E42,P004,CARD
E04806,C0553,19077.94,CHECKOUT_ABANDONED,Bank_D,E42,P017,UPI
E04807,C0468,12818.73,INVOICE_OVERDUE,Bank_C,E42,P017,CARD
E04808,C0541,5986.7,CHECKOUT_ABANDONED,Bank_C,E42,P001,CARD
E04809,C0980,4840.24,INVOICE_OVERDUE,Bank_D,E11,P010,UPI
E04810,C0345,10690.46,PAYMENT_FAILED,Bank_B,E23,P006,CARD
E04811,C0754,9586.29,CHECKOUT_ABANDONED,Bank_B,E42,P011,UPI
E04812,C0410,24240.18,SUBSCRIPTION_FAILED,Bank_C,E42,P002,WALLET
E04813,C0695,1020.92,INVOICE_OVERDUE,Bank_B,E11,P018,UPI
E04814,C0569,961.43,INVOICE_OVERDUE,Bank_C,E17,P014,UPI
E04815,C0881,6527.17,CHECKOUT_ABANDONED,Bank_A,E42,P002,CARD
E04816,C0775,3897.96,INVOICE_OVERDUE,Bank_A,E42,P004,WALLET
E04817,C0875,18671.03,SUBSCRIPTION_FAILED,Bank_C,E23,P001,NETBANKING
E04818,C0701,18437.63,PAYMENT_FAILED,Bank_B,E11,P013,UPI
E04819,C0808,7472.16,CHECKOUT_ABANDONED,Bank_B,E23,P006,NETBANKING
E04820,C0633,5824.25,INVOICE_OVERDUE,Bank_D,E23,P011,WALLET
E04821,C0609,21555.25,CHECKOUT_ABANDONED,Bank_B,E23,P018,CARD
E04822,C0266,10673.36,PAYMENT_FAILED,Bank_C,E17,P006,WALLET
E04823,C0823,4560.22,INVOICE_OVERDUE,Bank_C,E23,P013,CARD
E04824,C0867,4201.72,INVOICE_OVERDUE,Bank_D,E42,P017,CARD
E04825,C0859,15595.5,INVOICE_OVERDUE,Bank_A,E42,P006,UPI
E04826,C0086,13992.0,CHECKOUT_ABANDONED,Bank_C,E11,P014,UPI
E04827,C0598,1430.55,INVOICE_OVERDUE,Bank_B,E17,P017,UPI
E04828,C0677,4297.1,SUBSCRIPTION_FAILED,Bank_A,E42,P014,WALLET
E04829,C0762,19968.23,CHECKOUT_ABANDONED,Bank_D,E42,P003,WALLET
E04830,C0882,23225.69,INVOICE_OVERDUE,Bank_D,E42,P004,WALLET
E04831,C0812,20937.3,INVOICE_OVERDUE,Bank_C,E17,P014,CARD
E04832,C0969,5794.83,PAYMENT_FAILED,Bank_D,E23,P001,WALLET
E04833,C0655,20774.44,SUBSCRIPTION_FAILED,Bank_C,E42,P006,WALLET
E04834,C0930,12394.44,PAYMENT_FAILED,Bank_A,E42,P006,NETBANKING
E04835,C0211,9456.94,INVOICE_OVERDUE,Bank_C,E23,P006,UPI
E04836,C0006,4053.78,SUBSCRIPTION_FAILED,Bank_C,E42,P015,UPI
E04837,C0015,9451.38,CHECKOUT_ABANDONED,Bank_A,E42,P004,UPI
E04838,C0997,21848.43,INVOICE_OVERDUE,Bank_B,E42,P019,CARD
E04839,C0280,5991.67,CHECKOUT_ABANDONED,Bank_C,E17,P005,NETBANKING
E04840,C0835,11577.28,PAYMENT_FAILED,Bank_A,E42,P010,NETBANKING
E04841,C0106,13824.76,INVOICE_OVERDUE,Bank_D,E42,P003,UPI
E04842,C0025,15713.36,CHECKOUT_ABANDONED,Bank_A,E42,P002,NETBANKING
E04843,C0247,24584.61,CHECKOUT_ABANDONED,Bank_A,E42,P008,CARD
E04844,C0100,18324.97,PAYMENT_FAILED,Bank_A,E42,P013,UPI
E04845,C0738,6793.97,INVOICE_OVERDUE,Bank_B,E17,P010,NETBANKING
E04846,C0674,8843.96,INVOICE_OVERDUE,Bank_D,E11,P007,WALLET
E04847,C0215,4256.32,INVOICE_OVERDUE,Bank_D,E23,P007,CARD
E04848,C0569,16276.02,CHECKOUT_ABANDONED,Bank_D,E17,P020,UPI
E04849,C0606,22445.25,INVOICE_OVERDUE,Bank_A,E42,P005,WALLET
E04850,C0816,1030.4,SUBSCRIPTION_FAILED,Bank_C,E11,P018,NETBANKING
E04851,C0074,7627.31,CHECKOUT_ABANDONED,Bank_B,E23,P017,WALLET
E04852,C0060,11295.77,CHECKOUT_ABANDONED,Bank_B,E11,P019,WALLET
E04853,C0108,23196.05,PAYMENT_FAILED,Bank_D,E17,P018,NETBANKING
E04854,C0266,24175.7,CHECKOUT_ABANDONED,Bank_C,E17,P018,UPI
E04855,C0363,8377.45,CHECKOUT_ABANDONED,Bank_D,E23,P018,NETBANKING
E04856,C0456,23918.8,INVOICE_OVERDUE,Bank_D,E42,P007,NETBANKING
E04857,C0711,5145.82,CHECKOUT_ABANDONED,Bank_C,E17,P012,WALLET
E04858,C0438,1641.8,CHECKOUT_ABANDONED,Bank_D,E42,P014,UPI
E04859,C0798,4998.72,PAYMENT_FAILED,Bank_A,E17,P016,WALLET
E04860,C0598,23765.07,INVOICE_OVERDUE,Bank_C,E17,P008,NETBANKING
E04861,C0849,6028.61,SUBSCRIPTION_FAILED,Bank_A,E11,P019,CARD
E04862,C0182,12056.6,PAYMENT_FAILED,Bank_D,E23,P017,CARD
E04863,C0172,14358.85,INVOICE_OVERDUE,Bank_B,E11,P004,CARD
E04864,C0236,23899.43,SUBSCRIPTION_FAILED,Bank_D,E11,P019,CARD
E04865,C0047,21479.23,INVOICE_OVERDUE,Bank_C,E17,P005,CARD
E04866,C0287,24612.99,INVOICE_OVERDUE,Bank_B,E23,P009,UPI
E04867,C0287,3795.64,SUBSCRIPTION_FAILED,Bank_D,E11,P007,NETBANKING
E04868,C0811,6457.1,SUBSCRIPTION_FAILED,Bank_C,E17,P015,NETBANKING
E04869,C0816,23395.38,SUBSCRIPTION_FAILED,Bank_D,E11,P003,CARD
E04870,C0923,3202.21,SUBSCRIPTION_FAILED,Bank_B,E17,P003,WALLET
E04871,C0775,9258.46,CHECKOUT_ABANDONED,Bank_A,E42,P012,WALLET
E04872,C0635,583.22,INVOICE_OVERDUE,Bank_B,E42,P011,WALLET
E04873,C0174,5040.1,SUBSCRIPTION_FAILED,Bank_B,E17,P015,UPI
E04874,C0739,18829.76,SUBSCRIPTION_FAILED,Bank_B,E11,P012,UPI
E04875,C0741,21209.42,INVOICE_OVERDUE,Bank_B,E23,P017,CARD
E04876,C0311,15773.31,PAYMENT_FAILED,Bank_A,E11,P003,NETBANKING
E04877,C0186,15882.61,CHECKOUT_ABANDONED,Bank_A,E42,P005,CARD
E04878,C0637,3953.4,PAYMENT_FAILED,Bank_A,E17,P007,CARD
E04879,C0049,1923.51,SUBSCRIPTION_FAILED,Bank_A,E11,P011,NETBANKING
E04880,C0319,10680.5,INVOICE_OVERDUE,Bank_C,E11,P020,NETBANKING
E04881,C0479,22428.33,PAYMENT_FAILED,Bank_C,E42,P001,WALLET
E04882,C0763,13261.05,INVOICE_OVERDUE,Bank_B,E11,P015,NETBANKING
E04883,C0827,20416.05,SUBSCRIPTION_FAILED,Bank_D,E23,P006,NETBANKING
E04884,C0537,14944.99,PAYMENT_FAILED,Bank_C,E42,P016,NETBANKING
E04885,C0608,5899.6,INVOICE_OVERDUE,Bank_D,E23,P011,UPI
E04886,C0616,16057.39,INVOICE_OVERDUE,Bank_D,E23,P004,UPI
E04887,C0218,12632.06,CHECKOUT_ABANDONED,Bank_A,E23,P017,WALLET
E04888,C0267,6158.29,SUBSCRIPTION_FAILED,Bank_D,E42,P010,WALLET
E04889,C0509,2709.2,PAYMENT_FAILED,Bank_A,E42,P019,NETBANKING
E04890,C0539,9646.7,SUBSCRIPTION_FAILED,Bank_C,E17,P008,WALLET
E04891,C0410,21921.54,CHECKOUT_ABANDONED,Bank_C,E17,P006,UPI
E04892,C0779,3236.98,SUBSCRIPTION_FAILED,Bank_C,E42,P018,UPI
E04893,C0144,15313.13,PAYMENT_FAILED,Bank_A,E42,P017,UPI
E04894,C0203,8536.56,CHECKOUT_ABANDONED,Bank_B,E42,P003,CARD
E04895,C0251,9665.17,CHECKOUT_ABANDONED,Bank_C,E42,P017,CARD
E04896,C0500,23079.19,CHECKOUT_ABANDONED,Bank_C,E11,P013,UPI
E04897,C0548,23827.73,INVOICE_OVERDUE,Bank_D,E11,P016,WALLET
E04898,C0249,21159.09,CHECKOUT_ABANDONED,Bank_D,E17,P003,WALLET
E04899,C0060,6589.37,INVOICE_OVERDUE,Bank_A,E42,P015,WALLET
E04900,C0402,10286.21,INVOICE_OVERDUE,Bank_B,E23,P017,NETBANKING
E04901,C0261,8601.84,SUBSCRIPTION_FAILED,Bank_A,E42,P015,UPI
E04902,C0498,7820.16,CHECKOUT_ABANDONED,Bank_C,E17,P001,NETBANKING
E04903,C0815,6144.77,CHECKOUT_ABANDONED,Bank_A,E42,P014,WALLET
E04904,C0749,4395.29,INVOICE_OVERDUE,Bank_B,E17,P020,CARD
E04905,C0047,23971.32,SUBSCRIPTION_FAILED,Bank_A,E42,P019,UPI
E04906,C0224,18980.01,INVOICE_OVERDUE,Bank_A,E17,P008,NETBANKING
E04907,C0003,4207.26,INVOICE_OVERDUE,Bank_B,E17,P010,NETBANKING
E04908,C0443,20398.4,CHECKOUT_ABANDONED,Bank_C,E11,P003,NETBANKING
E04909,C0939,6864.65,PAYMENT_FAILED,Bank_A,E42,P007,NETBANKING
E04910,C0499,19394.64,PAYMENT_FAILED,Bank_A,E42,P001,WALLET
E04911,C0464,15294.36,INVOICE_OVERDUE,Bank_C,E23,P014,UPI
E04912,C0281,14879.91,SUBSCRIPTION_FAILED,Bank_C,E42,P007,UPI
E04913,C0171,13497.11,PAYMENT_FAILED,Bank_A,E23,P007,WALLET
E04914,C0196,2199.49,INVOICE_OVERDUE,Bank_A,E42,P014,WALLET
E04915,C0686,11809.35,CHECKOUT_ABANDONED,Bank_B,E11,P015,NETBANKING
E04916,C0748,3334.31,SUBSCRIPTION_FAILED,Bank_C,E11,P001,WALLET
E04917,C0110,11811.18,INVOICE_OVERDUE,Bank_C,E11,P013,NETBANKING
E04918,C0964,4596.44,PAYMENT_FAILED,Bank_A,E42,P016,WALLET
E04919,C0901,18114.86,SUBSCRIPTION_FAILED,Bank_A,E11,P020,CARD
E04920,C0687,1735.6,SUBSCRIPTION_FAILED,Bank_D,E11,P011,CARD
E04921,C0702,8586.88,SUBSCRIPTION_FAILED,Bank_B,E17,P002,NETBANKING
E04922,C0409,18932.21,CHECKOUT_ABANDONED,Bank_C,E17,P012,UPI
E04923,C0648,19097.46,SUBSCRIPTION_FAILED,Bank_C,E23,P006,UPI
E04924,C0505,599.32,PAYMENT_FAILED,Bank_A,E42,P004,WALLET
E04925,C0692,14586.89,INVOICE_OVERDUE,Bank_B,E23,P006,UPI
E04926,C0798,24537.45,INVOICE_OVERDUE,Bank_A,E17,P020,NETBANKING
E04927,C0025,3988.82,PAYMENT_FAILED,Bank_C,E42,P019,UPI
E04928,C0640,20955.6,INVOICE_OVERDUE,Bank_A,E23,P010,CARD
E04929,C0669,9248.04,CHECKOUT_ABANDONED,Bank_B,E11,P017,CARD
E04930,C0981,22125.26,CHECKOUT_ABANDONED,Bank_B,E23,P002,NETBANKING
E04931,C0687,14236.28,PAYMENT_FAILED,Bank_C,E42,P019,UPI
E04932,C0524,12304.58,PAYMENT_FAILED,Bank_A,E42,P006,UPI
E04933,C0068,17257.27,SUBSCRIPTION_FAILED,Bank_A,E42,P018,CARD
E04934,C0471,18598.23,INVOICE_OVERDUE,Bank_A,E17,P003,NETBANKING
E04935,C0641,14127.81,PAYMENT_FAILED,Bank_A,E42,P009,WALLET
E04936,C0229,20396.63,SUBSCRIPTION_FAILED,Bank_D,E11,P005,WALLET
E04937,C0916,11479.6,INVOICE_OVERDUE,Bank_B,E17,P019,WALLET
E04938,C0064,24720.41,SUBSCRIPTION_FAILED,Bank_B,E23,P016,CARD
E04939,C0954,24446.37,SUBSCRIPTION_FAILED,Bank_B,E42,P010,CARD
E04940,C0822,7499.76,INVOICE_OVERDUE,Bank_C,E42,P011,WALLET
E04941,C0707,9221.99,INVOICE_OVERDUE,Bank_B,E42,P008,WALLET
E04942,C0646,2811.86,INVOICE_OVERDUE,Bank_A,E17,P017,NETBANKING
E04943,C0020,8746.33,PAYMENT_FAILED,Bank_D,E23,P013,NETBANKING
E04944,C0921,21827.23,SUBSCRIPTION_FAILED,Bank_C,E42,P005,NETBANKING
E04945,C0821,19213.57,INVOICE_OVERDUE,Bank_A,E23,P007,WALLET
E04946,C0057,758.11,CHECKOUT_ABANDONED,Bank_A,E42,P020,NETBANKING
E04947,C0957,1181.11,SUBSCRIPTION_FAILED,Bank_A,E17,P020,CARD
E04948,C0777,13500.19,SUBSCRIPTION_FAILED,Bank_A,E42,P006,WALLET
E04949,C0159,8405.86,PAYMENT_FAILED,Bank_A,E42,P006,WALLET
E04950,C0947,4883.39,INVOICE_OVERDUE,Bank_A,E42,P007,UPI
E04951,C0728,23320.24,INVOICE_OVERDUE,Bank_D,E17,P014,NETBANKING
E04952,C0711,19180.83,INVOICE_OVERDUE,Bank_B,E17,P019,UPI
E04953,C0706,5091.61,CHECKOUT_ABANDONED,Bank_A,E42,P010,NETBANKING
E04954,C0919,21364.23,CHECKOUT_ABANDONED,Bank_A,E42,P007,CARD
E04955,C0439,5982.79,PAYMENT_FAILED,Bank_B,E17,P014,WALLET
E04956,C0648,7046.82,CHECKOUT_ABANDONED,Bank_C,E42,P013,UPI
E04957,C0940,1281.16,CHECKOUT_ABANDONED,Bank_B,E23,P020,CARD
E04958,C0358,24544.78,INVOICE_OVERDUE,Bank_A,E42,P006,UPI
E04959,C0661,17323.55,INVOICE_OVERDUE,Bank_A,E17,P011,WALLET
E04960,C0084,5947.77,CHECKOUT_ABANDONED,Bank_D,E11,P017,CARD
E04961,C0487,2295.35,PAYMENT_FAILED,Bank_D,E23,P011,NETBANKING
E04962,C0018,8187.05,PAYMENT_FAILED,Bank_B,E11,P004,NETBANKING
E04963,C0562,17209.7,PAYMENT_FAILED,Bank_A,E42,P017,UPI
E04964,C0902,12280.79,CHECKOUT_ABANDONED,Bank_B,E17,P001,CARD
E04965,C0382,17023.99,INVOICE_OVERDUE,Bank_A,E42,P002,WALLET
E04966,C0821,21085.14,PAYMENT_FAILED,Bank_B,E11,P008,UPI
E04967,C0937,9930.78,PAYMENT_FAILED,Bank_B,E17,P009,CARD
E04968,C0848,24751.46,PAYMENT_FAILED,Bank_C,E17,P018,CARD
E04969,C0854,2602.81,INVOICE_OVERDUE,Bank_A,E42,P001,WALLET
E04970,C0895,14229.22,INVOICE_OVERDUE,Bank_C,E23,P002,CARD
E04971,C0805,16516.18,SUBSCRIPTION_FAILED,Bank_C,E17,P019,UPI
E04972,C0302,1360.46,INVOICE_OVERDUE,Bank_A,E17,P003,WALLET
E04973,C0620,17098.13,SUBSCRIPTION_FAILED,Bank_A,E23,P014,WALLET
E04974,C0863,3943.08,CHECKOUT_ABANDONED,Bank_D,E42,P014,UPI
E04975,C0773,780.61,PAYMENT_FAILED,Bank_C,E42,P002,UPI
E04976,C0905,20451.76,INVOICE_OVERDUE,Bank_A,E11,P009,UPI
E04977,C0579,1834.33,PAYMENT_FAILED,Bank_D,E11,P004,NETBANKING
E04978,C0626,5885.5,INVOICE_OVERDUE,Bank_A,E42,P015,NETBANKING
E04979,C0118,11595.93,INVOICE_OVERDUE,Bank_B,E42,P008,CARD
E04980,C0424,9082.36,INVOICE_OVERDUE,Bank_A,E42,P018,UPI
E04981,C0861,11887.17,INVOICE_OVERDUE,Bank_A,E42,P011,CARD
E04982,C0268,16547.63,SUBSCRIPTION_FAILED,Bank_A,E11,P020,UPI
E04983,C0601,7660.29,SUBSCRIPTION_FAILED,Bank_B,E11,P018,UPI
E04984,C0348,19781.55,PAYMENT_FAILED,Bank_D,E17,P015,UPI
E04985,C0228,22245.12,PAYMENT_FAILED,Bank_A,E23,P009,WALLET
E04986,C0769,20888.0,PAYMENT_FAILED,Bank_D,E42,P018,UPI
E04987,C0592,2499.38,INVOICE_OVERDUE,Bank_D,E11,P002,NETBANKING
E04988,C0301,5874.93,SUBSCRIPTION_FAILED,Bank_C,E42,P012,CARD
E04989,C0563,22551.9,SUBSCRIPTION_FAILED,Bank_C,E23,P007,WALLET
E04990,C0375,7138.64,CHECKOUT_ABANDONED,Bank_A,E17,P003,NETBANKING
E04991,C0737,16227.06,PAYMENT_FAILED,Bank_C,E17,P015,WALLET
E04992,C0264,11795.14,CHECKOUT_ABANDONED,Bank_B,E42,P015,WALLET
E04993,C0028,16255.26,INVOICE_OVERDUE,Bank_B,E11,P020,NETBANKING
E04994,C0991,16373.86,PAYMENT_FAILED,Bank_C,E11,P002,WALLET
E04995,C0772,2611.93,CHECKOUT_ABANDONED,Bank_A,E42,P007,CARD
E04996,C0057,19860.04,SUBSCRIPTION_FAILED,Bank_D,E11,P013,UPI
E04997,C0104,7535.82,SUBSCRIPTION_FAILED,Bank_C,E11,P012,CARD
E04998,C0367,12284.24,SUBSCRIPTION_FAILED,Bank_A,E42,P003,WALLET
E04999,C0226,24358.46,INVOICE_OVERDUE,Bank_B,E11,P008,WALLET
E05000,C0177,19481.36,PAYMENT_FAILED,Bank_B,E11,P007,CARD
E05001,C0125,12653.5,SUBSCRIPTION_FAILED,Bank_D,E23,P007,WALLET
E05002,C0461,12165.07,PAYMENT_FAILED,Bank_D,E23,P011,NETBANKING
E05003,C0702,7276.01,CHECKOUT_ABANDONED,Bank_A,E42,P003,UPI
E05004,C0847,2795.14,PAYMENT_FAILED,Bank_A,E17,P004,WALLET
E05005,C0513,18188.03,PAYMENT_FAILED,Bank_D,E11,P016,WALLET
E05006,C0031,7215.48,PAYMENT_FAILED,Bank_C,E42,P004,WALLET
E05007,C0837,14806.21,SUBSCRIPTION_FAILED,Bank_A,E42,P010,WALLET
E05008,C0244,1858.53,PAYMENT_FAILED,Bank_A,E17,P015,WALLET
E05009,C0981,12229.94,SUBSCRIPTION_FAILED,Bank_C,E23,P008,WALLET
E05010,C0056,16804.21,INVOICE_OVERDUE,Bank_A,E23,P012,WALLET
E05011,C0844,19842.21,INVOICE_OVERDUE,Bank_C,E42,P015,CARD
E05012,C0227,24985.89,CHECKOUT_ABANDONED,Bank_B,E17,P014,NETBANKING
E05013,C0580,9733.77,PAYMENT_FAILED,Bank_B,E11,P004,WALLET
E05014,C0913,15835.51,PAYMENT_FAILED,Bank_D,E17,P014,CARD
E05015,C0062,4160.87,CHECKOUT_ABANDONED,Bank_A,E42,P016,NETBANKING
E05016,C0312,4937.36,CHECKOUT_ABANDONED,Bank_A,E42,P009,WALLET
E05017,C0534,4093.85,SUBSCRIPTION_FAILED,Bank_B,E11,P002,CARD
E05018,C0966,5548.53,CHECKOUT_ABANDONED,Bank_D,E11,P009,CARD
E05019,C0851,17945.8,INVOICE_OVERDUE,Bank_A,E42,P008,NETBANKING
E05020,C0171,9220.42,SUBSCRIPTION_FAILED,Bank_A,E42,P003,CARD
E05021,C0718,21951.76,CHECKOUT_ABANDONED,Bank_B,E42,P020,UPI
E05022,C0880,979.25,INVOICE_OVERDUE,Bank_D,E23,P008,UPI
E05023,C0938,18206.97,SUBSCRIPTION_FAILED,Bank_B,E42,P019,CARD
E05024,C0974,14337.3,PAYMENT_FAILED,Bank_C,E23,P003,NETBANKING
E05025,C0651,13041.05,CHECKOUT_ABANDONED,Bank_C,E23,P005,UPI
E05026,C0047,12138.77,INVOICE_OVERDUE,Bank_A,E11,P015,CARD
E05027,C0915,6246.69,SUBSCRIPTION_FAILED,Bank_D,E42,P016,WALLET
E05028,C0778,8586.63,CHECKOUT_ABANDONED,Bank_A,E42,P004,UPI
E05029,C0016,2174.29,INVOICE_OVERDUE,Bank_D,E11,P003,NETBANKING
E05030,C0117,7188.69,PAYMENT_FAILED,Bank_D,E17,P020,CARD
E05031,C0384,10219.41,PAYMENT_FAILED,Bank_A,E42,P011,CARD
E05032,C0445,7774.41,CHECKOUT_ABANDONED,Bank_A,E17,P002,CARD
E05033,C0952,14149.72,SUBSCRIPTION_FAILED,Bank_B,E11,P003,CARD
E05034,C0698,15821.86,SUBSCRIPTION_FAILED,Bank_A,E42,P005,NETBANKING
E05035,C0591,1328.31,PAYMENT_FAILED,Bank_C,E23,P015,CARD
E05036,C0583,16013.24,PAYMENT_FAILED,Bank_A,E42,P015,WALLET
E05037,C0570,24452.96,CHECKOUT_ABANDONED,Bank_B,E23,P008,CARD
E05038,C0651,5868.05,CHECKOUT_ABANDONED,Bank_A,E42,P020,WALLET
E05039,C0715,18582.38,PAYMENT_FAILED,Bank_C,E17,P005,CARD
E05040,C0544,11317.72,SUBSCRIPTION_FAILED,Bank_A,E17,P014,NETBANKING
E05041,C0527,16362.91,PAYMENT_FAILED,Bank_C,E23,P009,CARD
E05042,C0485,1248.05,INVOICE_OVERDUE,Bank_D,E11,P018,NETBANKING
E05043,C0619,22983.09,PAYMENT_FAILED,Bank_A,E42,P009,CARD
E05044,C0347,14673.75,INVOICE_OVERDUE,Bank_A,E42,P015,UPI
E05045,C0897,10454.81,CHECKOUT_ABANDONED,Bank_A,E42,P020,CARD
E05046,C0493,8317.56,CHECKOUT_ABANDONED,Bank_A,E42,P020,NETBANKING
E05047,C0819,549.23,PAYMENT_FAILED,Bank_C,E23,P014,WALLET
E05048,C0113,4995.19,SUBSCRIPTION_FAILED,Bank_A,E42,P007,NETBANKING
E05049,C0141,12262.68,SUBSCRIPTION_FAILED,Bank_A,E42,P011,UPI
E05050,C0622,2936.62,PAYMENT_FAILED,Bank_A,E42,P010,UPI
E05051,C0113,12030.75,INVOICE_OVERDUE,Bank_A,E42,P014,NETBANKING
E05052,C0491,24475.35,INVOICE_OVERDUE,Bank_A,E42,P020,NETBANKING
E05053,C0363,17671.8,CHECKOUT_ABANDONED,Bank_C,E17,P015,NETBANKING
E05054,C0568,1859.27,SUBSCRIPTION_FAILED,Bank_A,E11,P013,CARD
E05055,C0098,15154.23,SUBSCRIPTION_FAILED,Bank_C,E11,P008,CARD
E05056,C0684,13343.62,CHECKOUT_ABANDONED,Bank_C,E17,P007,UPI
E05057,C0426,20530.05,INVOICE_OVERDUE,Bank_A,E42,P013,WALLET
E05058,C0679,5604.44,INVOICE_OVERDUE,Bank_C,E42,P015,NETBANKING
E05059,C0616,3361.75,CHECKOUT_ABANDONED,Bank_C,E42,P008,CARD
E05060,C0727,5450.88,INVOICE_OVERDUE,Bank_B,E17,P015,NETBANKING
E05061,C0248,2227.77,SUBSCRIPTION_FAILED,Bank_C,E17,P002,UPI
E05062,C0823,6705.67,CHECKOUT_ABANDONED,Bank_B,E23,P009,UPI
E05063,C0323,24812.7,SUBSCRIPTION_FAILED,Bank_D,E17,P001,WALLET
E05064,C0390,12494.19,PAYMENT_FAILED,Bank_C,E11,P015,WALLET
E05065,C0364,9771.57,PAYMENT_FAILED,Bank_B,E42,P001,CARD
E05066,C0116,8195.28,INVOICE_OVERDUE,Bank_A,E17,P001,CARD
E05067,C0070,6714.34,INVOICE_OVERDUE,Bank_A,E11,P016,UPI
E05068,C0371,22515.09,CHECKOUT_ABANDONED,Bank_A,E23,P018,UPI
E05069,C0841,20862.04,CHECKOUT_ABANDONED,Bank_A,E42,P002,NETBANKING
E05070,C0408,22938.95,CHECKOUT_ABANDONED,Bank_A,E42,P005,NETBANKING
E05071,C0019,16257.61,SUBSCRIPTION_FAILED,Bank_D,E17,P003,NETBANKING
E05072,C0964,12768.44,SUBSCRIPTION_FAILED,Bank_A,E11,P012,UPI
E05073,C0331,2849.51,INVOICE_OVERDUE,Bank_D,E17,P005,CARD
E05074,C0447,19923.79,PAYMENT_FAILED,Bank_B,E17,P019,CARD
E05075,C0472,5690.6,SUBSCRIPTION_FAILED,Bank_A,E23,P016,WALLET
E05076,C0495,21168.59,CHECKOUT_ABANDONED,Bank_A,E17,P004,UPI
E05077,C0260,11226.57,PAYMENT_FAILED,Bank_B,E17,P010,CARD
E05078,C0996,3287.93,PAYMENT_FAILED,Bank_A,E42,P018,UPI
E05079,C0702,16169.96,INVOICE_OVERDUE,Bank_C,E17,P003,CARD
E05080,C0421,17809.77,INVOICE_OVERDUE,Bank_C,E23,P012,CARD
E05081,C0350,18421.96,INVOICE_OVERDUE,Bank_A,E11,P001,UPI
E05082,C0793,9367.07,PAYMENT_FAILED,Bank_D,E23,P011,WALLET
E05083,C0837,21091.66,SUBSCRIPTION_FAILED,Bank_D,E42,P018,NETBANKING
E05084,C0757,21113.25,INVOICE_OVERDUE,Bank_C,E23,P011,NETBANKING
E05085,C0221,16657.63,CHECKOUT_ABANDONED,Bank_A,E17,P019,UPI
E05086,C0445,4318.46,SUBSCRIPTION_FAILED,Bank_A,E42,P016,WALLET
E05087,C0810,14246.8,CHECKOUT_ABANDONED,Bank_A,E17,P011,UPI
E05088,C0032,4981.96,CHECKOUT_ABANDONED,Bank_C,E42,P011,WALLET
E05089,C0249,7735.19,PAYMENT_FAILED,Bank_B,E11,P003,UPI
E05090,C0836,18332.21,INVOICE_OVERDUE,Bank_A,E42,P011,NETBANKING
E05091,C0804,12055.33,INVOICE_OVERDUE,Bank_A,E42,P003,CARD
E05092,C0254,9611.85,CHECKOUT_ABANDONED,Bank_A,E42,P009,CARD
E05093,C0251,12285.01,CHECKOUT_ABANDONED,Bank_A,E23,P017,UPI
E05094,C0100,12835.81,SUBSCRIPTION_FAILED,Bank_A,E11,P007,UPI
E05095,C0798,23535.99,SUBSCRIPTION_FAILED,Bank_B,E11,P011,UPI
E05096,C0422,11983.79,SUBSCRIPTION_FAILED,Bank_B,E11,P017,WALLET
E05097,C0762,13229.32,CHECKOUT_ABANDONED,Bank_A,E23,P012,UPI
E05098,C0269,6300.17,PAYMENT_FAILED,Bank_C,E11,P006,UPI
E05099,C0249,7482.71,INVOICE_OVERDUE,Bank_A,E42,P014,WALLET
E05100,C0895,23569.84,PAYMENT_FAILED,Bank_D,E23,P005,CARD
E05101,C0685,14023.19,INVOICE_OVERDUE,Bank_A,E42,P020,CARD
E05102,C0828,19129.78,SUBSCRIPTION_FAILED,Bank_C,E23,P013,CARD
E05103,C0476,22317.31,INVOICE_OVERDUE,Bank_B,E23,P007,WALLET
E05104,C0563,16095.02,CHECKOUT_ABANDONED,Bank_A,E42,P020,UPI
E05105,C0763,4063.35,INVOICE_OVERDUE,Bank_C,E23,P010,NETBANKING
E05106,C0622,20316.66,PAYMENT_FAILED,Bank_D,E23,P005,CARD
E05107,C0365,549.5,INVOICE_OVERDUE,Bank_A,E42,P016,CARD
E05108,C0744,23954.93,INVOICE_OVERDUE,Bank_D,E11,P014,UPI
E05109,C0154,9434.33,PAYMENT_FAILED,Bank_A,E42,P003,CARD
E05110,C0351,20535.85,SUBSCRIPTION_FAILED,Bank_B,E17,P012,CARD
E05111,C0217,10998.41,INVOICE_OVERDUE,Bank_A,E42,P017,WALLET
E05112,C0089,1305.86,INVOICE_OVERDUE,Bank_D,E17,P001,NETBANKING
E05113,C0399,17129.3,INVOICE_OVERDUE,Bank_C,E23,P013,NETBANKING
E05114,C0579,21004.76,PAYMENT_FAILED,Bank_A,E23,P009,WALLET
E05115,C0809,20376.44,SUBSCRIPTION_FAILED,Bank_B,E11,P004,NETBANKING
E05116,C0912,5585.28,INVOICE_OVERDUE,Bank_C,E42,P018,NETBANKING
E05117,C0283,9501.25,SUBSCRIPTION_FAILED,Bank_C,E11,P003,CARD
E05118,C0350,20851.85,CHECKOUT_ABANDONED,Bank_C,E42,P011,WALLET
E05119,C0582,793.02,CHECKOUT_ABANDONED,Bank_B,E17,P020,UPI
E05120,C0164,8328.12,CHECKOUT_ABANDONED,Bank_A,E17,P002,UPI
E05121,C0268,22885.1,SUBSCRIPTION_FAILED,Bank_C,E11,P005,WALLET
E05122,C0340,22749.34,INVOICE_OVERDUE,Bank_A,E42,P005,UPI
E05123,C0643,17635.29,PAYMENT_FAILED,Bank_C,E42,P020,NETBANKING
E05124,C0213,5629.02,CHECKOUT_ABANDONED,Bank_B,E17,P001,NETBANKING
E05125,C0873,1528.04,INVOICE_OVERDUE,Bank_C,E17,P016,UPI
E05126,C0614,17993.68,INVOICE_OVERDUE,Bank_B,E23,P008,UPI
E05127,C0780,13800.06,SUBSCRIPTION_FAILED,Bank_D,E23,P008,WALLET
E05128,C0589,20464.85,SUBSCRIPTION_FAILED,Bank_B,E42,P012,UPI
E05129,C0356,15757.28,SUBSCRIPTION_FAILED,Bank_B,E17,P011,CARD
E05130,C0073,24308.43,INVOICE_OVERDUE,Bank_A,E42,P013,WALLET
E05131,C0724,12125.32,PAYMENT_FAILED,Bank_C,E11,P014,UPI
E05132,C0888,11227.81,CHECKOUT_ABANDONED,Bank_D,E17,P014,UPI
E05133,C0327,10826.46,CHECKOUT_ABANDONED,Bank_A,E42,P018,UPI
E05134,C0217,22012.41,SUBSCRIPTION_FAILED,Bank_D,E11,P014,WALLET
E05135,C0049,20986.23,PAYMENT_FAILED,Bank_D,E23,P014,WALLET
E05136,C0703,9894.32,CHECKOUT_ABANDONED,Bank_A,E42,P017,WALLET
E05137,C0096,15287.47,PAYMENT_FAILED,Bank_B,E23,P016,UPI
E05138,C0926,4006.97,CHECKOUT_ABANDONED,Bank_A,E23,P020,CARD
E05139,C0974,19687.34,CHECKOUT_ABANDONED,Bank_C,E11,P018,CARD
E05140,C0423,5596.52,CHECKOUT_ABANDONED,Bank_A,E17,P011,CARD
E05141,C0048,13909.5,SUBSCRIPTION_FAILED,Bank_D,E42,P019,UPI
E05142,C0539,13669.97,CHECKOUT_ABANDONED,Bank_D,E23,P004,CARD
E05143,C0592,24630.55,INVOICE_OVERDUE,Bank_C,E11,P006,NETBANKING
E05144,C0635,15806.64,CHECKOUT_ABANDONED,Bank_C,E23,P007,CARD
E05145,C0494,10840.69,INVOICE_OVERDUE,Bank_A,E11,P016,WALLET
E05146,C0148,5467.79,PAYMENT_FAILED,Bank_A,E42,P002,NETBANKING
E05147,C0573,14885.5,INVOICE_OVERDUE,Bank_D,E11,P015,UPI
E05148,C0709,15966.27,SUBSCRIPTION_FAILED,Bank_C,E23,P009,NETBANKING
E05149,C0475,24416.07,SUBSCRIPTION_FAILED,Bank_B,E23,P018,CARD
E05150,C0907,7552.7,SUBSCRIPTION_FAILED,Bank_D,E17,P003,WALLET
E05151,C0644,15695.2,SUBSCRIPTION_FAILED,Bank_B,E17,P005,CARD
E05152,C0940,23987.54,CHECKOUT_ABANDONED,Bank_B,E17,P008,WALLET
E05153,C0407,16032.36,PAYMENT_FAILED,Bank_B,E23,P017,UPI
E05154,C0573,4854.82,PAYMENT_FAILED,Bank_A,E11,P013,NETBANKING
E05155,C0861,7910.47,CHECKOUT_ABANDONED,Bank_A,E11,P019,UPI
E05156,C0852,9101.92,CHECKOUT_ABANDONED,Bank_A,E23,P013,WALLET
E05157,C0380,22760.26,INVOICE_OVERDUE,Bank_C,E23,P008,WALLET
E05158,C0266,2149.66,PAYMENT_FAILED,Bank_A,E42,P017,CARD
E05159,C0971,7594.34,SUBSCRIPTION_FAILED,Bank_D,E23,P016,CARD
E05160,C0125,21513.19,SUBSCRIPTION_FAILED,Bank_A,E42,P015,WALLET
E05161,C0576,14277.61,CHECKOUT_ABANDONED,Bank_D,E42,P013,NETBANKING
E05162,C0148,5655.88,PAYMENT_FAILED,Bank_A,E11,P020,WALLET
E05163,C0525,14448.11,SUBSCRIPTION_FAILED,Bank_A,E17,P016,CARD
E05164,C0849,13405.69,CHECKOUT_ABANDONED,Bank_C,E11,P005,UPI
E05165,C0262,23127.74,CHECKOUT_ABANDONED,Bank_C,E42,P011,WALLET
E05166,C0656,19934.77,INVOICE_OVERDUE,Bank_D,E23,P011,WALLET
E05167,C0206,10123.99,CHECKOUT_ABANDONED,Bank_A,E11,P010,UPI
E05168,C0331,9162.33,SUBSCRIPTION_FAILED,Bank_C,E17,P008,WALLET
E05169,C0263,5673.98,SUBSCRIPTION_FAILED,Bank_A,E42,P007,WALLET
E05170,C0062,8689.0,INVOICE_OVERDUE,Bank_B,E17,P012,UPI
E05171,C0903,19875.49,INVOICE_OVERDUE,Bank_A,E11,P005,CARD
E05172,C0220,15371.13,INVOICE_OVERDUE,Bank_A,E42,P002,UPI
E05173,C0399,24112.71,SUBSCRIPTION_FAILED,Bank_D,E23,P019,UPI
E05174,C0444,4871.25,SUBSCRIPTION_FAILED,Bank_A,E42,P019,WALLET
E05175,C0459,22571.5,SUBSCRIPTION_FAILED,Bank_B,E42,P005,UPI
E05176,C0405,24231.3,INVOICE_OVERDUE,Bank_B,E17,P014,NETBANKING
E05177,C0758,10137.48,PAYMENT_FAILED,Bank_B,E42,P010,UPI
E05178,C0648,7740.75,INVOICE_OVERDUE,Bank_A,E11,P017,WALLET
E05179,C0620,7489.57,INVOICE_OVERDUE,Bank_C,E23,P012,CARD
E05180,C0988,7354.64,SUBSCRIPTION_FAILED,Bank_C,E23,P017,WALLET
E05181,C0048,7439.57,CHECKOUT_ABANDONED,Bank_A,E42,P013,WALLET
E05182,C0675,5192.43,PAYMENT_FAILED,Bank_D,E11,P020,NETBANKING
E05183,C0985,2292.12,SUBSCRIPTION_FAILED,Bank_C,E23,P001,NETBANKING
E05184,C0903,5771.28,SUBSCRIPTION_FAILED,Bank_C,E17,P018,WALLET
E05185,C0589,15263.26,SUBSCRIPTION_FAILED,Bank_B,E23,P007,UPI
E05186,C0810,21057.01,SUBSCRIPTION_FAILED,Bank_A,E42,P010,NETBANKING
E05187,C0064,700.84,CHECKOUT_ABANDONED,Bank_A,E17,P006,UPI
E05188,C0427,20688.97,SUBSCRIPTION_FAILED,Bank_C,E17,P011,NETBANKING
E05189,C0162,7697.79,CHECKOUT_ABANDONED,Bank_A,E17,P015,WALLET
E05190,C0741,12812.41,SUBSCRIPTION_FAILED,Bank_C,E42,P019,UPI
E05191,C0172,11722.14,PAYMENT_FAILED,Bank_D,E17,P009,UPI
E05192,C0462,8069.52,SUBSCRIPTION_FAILED,Bank_A,E42,P010,UPI
E05193,C0643,7783.58,PAYMENT_FAILED,Bank_A,E42,P018,UPI
E05194,C0904,13769.72,PAYMENT_FAILED,Bank_D,E42,P014,NETBANKING
E05195,C0685,19836.09,PAYMENT_FAILED,Bank_A,E17,P011,NETBANKING
E05196,C0662,9564.49,PAYMENT_FAILED,Bank_B,E17,P005,WALLET
E05197,C0878,17131.38,CHECKOUT_ABANDONED,Bank_C,E17,P015,NETBANKING
E05198,C0717,18597.05,INVOICE_OVERDUE,Bank_A,E42,P020,CARD
E05199,C0633,24214.94,CHECKOUT_ABANDONED,Bank_B,E23,P010,WALLET
E05200,C0803,6709.95,PAYMENT_FAILED,Bank_C,E17,P006,WALLET
E05201,C0602,5612.0,CHECKOUT_ABANDONED,Bank_B,E42,P012,UPI
E05202,C0787,13979.93,SUBSCRIPTION_FAILED,Bank_A,E11,P002,WALLET
E05203,C0040,18481.04,INVOICE_OVERDUE,Bank_A,E42,P005,NETBANKING
E05204,C0904,8320.47,INVOICE_OVERDUE,Bank_D,E11,P018,WALLET
E05205,C0778,1453.66,SUBSCRIPTION_FAILED,Bank_B,E17,P002,CARD
E05206,C0792,2400.06,PAYMENT_FAILED,Bank_C,E42,P007,NETBANKING
E05207,C0896,4094.42,CHECKOUT_ABANDONED,Bank_D,E11,P016,CARD
E05208,C0060,15234.34,SUBSCRIPTION_FAILED,Bank_A,E23,P019,WALLET
E05209,C0062,7427.84,SUBSCRIPTION_FAILED,Bank_D,E23,P003,WALLET
E05210,C0490,11067.74,PAYMENT_FAILED,Bank_B,E17,P013,UPI
E05211,C0378,21778.99,PAYMENT_FAILED,Bank_A,E17,P017,CARD
E05212,C0312,3767.73,CHECKOUT_ABANDONED,Bank_A,E23,P014,UPI
E05213,C0314,13023.97,CHECKOUT_ABANDONED,Bank_D,E42,P008,CARD
E05214,C0144,689.24,INVOICE_OVERDUE,Bank_A,E42,P009,CARD
E05215,C0081,18489.63,SUBSCRIPTION_FAILED,Bank_A,E42,P008,CARD
E05216,C0613,23612.92,PAYMENT_FAILED,Bank_D,E17,P011,UPI
E05217,C0283,9685.18,INVOICE_OVERDUE,Bank_A,E42,P018,CARD
E05218,C0946,15029.62,INVOICE_OVERDUE,Bank_C,E11,P017,NETBANKING
E05219,C0728,1585.85,INVOICE_OVERDUE,Bank_D,E23,P008,WALLET
E05220,C0845,17345.7,CHECKOUT_ABANDONED,Bank_C,E23,P017,NETBANKING
E05221,C0895,12387.09,SUBSCRIPTION_FAILED,Bank_B,E17,P001,UPI
E05222,C0780,15643.0,PAYMENT_FAILED,Bank_C,E17,P010,CARD
E05223,C0133,20494.28,PAYMENT_FAILED,Bank_A,E42,P002,CARD
E05224,C0096,11460.47,SUBSCRIPTION_FAILED,Bank_B,E23,P005,WALLET
E05225,C0428,17830.2,SUBSCRIPTION_FAILED,Bank_A,E23,P002,CARD
E05226,C0062,6765.89,CHECKOUT_ABANDONED,Bank_A,E23,P009,CARD
E05227,C0499,10511.85,SUBSCRIPTION_FAILED,Bank_A,E42,P020,CARD
E05228,C0467,10219.86,INVOICE_OVERDUE,Bank_C,E11,P011,NETBANKING
E05229,C0739,8123.03,INVOICE_OVERDUE,Bank_D,E17,P005,CARD
E05230,C0830,17703.23,INVOICE_OVERDUE,Bank_A,E42,P002,CARD
E05231,C0747,1491.59,INVOICE_OVERDUE,Bank_A,E42,P005,UPI
E05232,C0200,16512.52,PAYMENT_FAILED,Bank_C,E17,P015,CARD
E05233,C0417,4839.54,PAYMENT_FAILED,Bank_B,E42,P001,UPI
E05234,C0854,6528.35,CHECKOUT_ABANDONED,Bank_A,E11,P007,NETBANKING
E05235,C0525,2082.91,CHECKOUT_ABANDONED,Bank_B,E17,P005,NETBANKING
E05236,C0834,6678.54,CHECKOUT_ABANDONED,Bank_A,E42,P015,CARD
E05237,C0996,11331.0,INVOICE_OVERDUE,Bank_D,E17,P005,WALLET
E05238,C0316,6337.8,CHECKOUT_ABANDONED,Bank_D,E42,P010,CARD
E05239,C0121,6954.76,CHECKOUT_ABANDONED,Bank_A,E42,P015,UPI
E05240,C0122,6314.63,CHECKOUT_ABANDONED,Bank_D,E17,P018,CARD
E05241,C0736,8365.63,SUBSCRIPTION_FAILED,Bank_D,E17,P013,NETBANKING
E05242,C0997,9659.12,CHECKOUT_ABANDONED,Bank_A,E42,P020,NETBANKING
E05243,C0561,3006.83,CHECKOUT_ABANDONED,Bank_A,E42,P014,WALLET
E05244,C0671,17082.04,CHECKOUT_ABANDONED,Bank_B,E42,P001,CARD
E05245,C0668,4473.58,CHECKOUT_ABANDONED,Bank_B,E17,P009,UPI
E05246,C0077,11922.37,INVOICE_OVERDUE,Bank_C,E11,P007,UPI
E05247,C0282,20333.31,CHECKOUT_ABANDONED,Bank_B,E11,P006,NETBANKING
E05248,C0143,8570.54,SUBSCRIPTION_FAILED,Bank_A,E42,P013,NETBANKING
E05249,C0414,14224.63,INVOICE_OVERDUE,Bank_B,E23,P001,CARD
E05250,C0025,6690.36,INVOICE_OVERDUE,Bank_D,E17,P019,UPI
E05251,C0091,10666.66,CHECKOUT_ABANDONED,Bank_D,E42,P011,UPI
E05252,C0385,10056.73,SUBSCRIPTION_FAILED,Bank_A,E23,P018,WALLET
E05253,C0733,11694.65,PAYMENT_FAILED,Bank_D,E42,P015,WALLET
E05254,C0657,17265.55,PAYMENT_FAILED,Bank_A,E11,P020,UPI
E05255,C0382,17922.7,INVOICE_OVERDUE,Bank_B,E17,P004,UPI
E05256,C0082,22397.07,INVOICE_OVERDUE,Bank_D,E17,P019,NETBANKING
E05257,C0031,11516.88,CHECKOUT_ABANDONED,Bank_A,E23,P008,WALLET
E05258,C0901,16170.17,SUBSCRIPTION_FAILED,Bank_B,E17,P008,UPI
E05259,C0916,10061.86,SUBSCRIPTION_FAILED,Bank_B,E11,P010,WALLET
E05260,C0067,7217.81,SUBSCRIPTION_FAILED,Bank_A,E42,P016,NETBANKING
E05261,C0676,11673.24,CHECKOUT_ABANDONED,Bank_D,E42,P006,CARD
E05262,C0757,15430.44,PAYMENT_FAILED,Bank_B,E23,P018,CARD
E05263,C0685,3376.18,SUBSCRIPTION_FAILED,Bank_D,E23,P014,CARD
E05264,C0250,16926.68,SUBSCRIPTION_FAILED,Bank_A,E42,P003,CARD
E05265,C0870,11297.97,PAYMENT_FAILED,Bank_A,E42,P012,NETBANKING
E05266,C0810,17273.66,SUBSCRIPTION_FAILED,Bank_D,E42,P007,CARD
E05267,C0849,15497.69,CHECKOUT_ABANDONED,Bank_B,E17,P009,CARD
E05268,C0224,21124.14,SUBSCRIPTION_FAILED,Bank_C,E23,P016,UPI
E05269,C0066,17691.15,SUBSCRIPTION_FAILED,Bank_D,E42,P010,CARD
E05270,C0456,3021.47,SUBSCRIPTION_FAILED,Bank_A,E42,P008,NETBANKING
E05271,C0052,12179.06,CHECKOUT_ABANDONED,Bank_C,E17,P019,NETBANKING
E05272,C0845,20666.6,PAYMENT_FAILED,Bank_A,E42,P014,NETBANKING
E05273,C0946,11316.76,SUBSCRIPTION_FAILED,Bank_C,E11,P019,NETBANKING
E05274,C0451,15494.92,PAYMENT_FAILED,Bank_A,E17,P006,UPI
E05275,C0685,12071.17,CHECKOUT_ABANDONED,Bank_C,E42,P018,UPI
E05276,C0298,21877.88,PAYMENT_FAILED,Bank_A,E42,P004,NETBANKING
E05277,C0733,6161.27,CHECKOUT_ABANDONED,Bank_C,E17,P016,UPI
E05278,C0432,12151.74,INVOICE_OVERDUE,Bank_A,E42,P018,CARD
E05279,C0530,17897.11,SUBSCRIPTION_FAILED,Bank_B,E17,P008,CARD
E05280,C0847,10138.33,PAYMENT_FAILED,Bank_C,E11,P019,UPI
E05281,C0886,12272.69,INVOICE_OVERDUE,Bank_B,E11,P004,NETBANKING
E05282,C0984,18156.73,CHECKOUT_ABANDONED,Bank_D,E42,P009,WALLET
E05283,C0179,24558.65,INVOICE_OVERDUE,Bank_A,E42,P020,WALLET
E05284,C0554,5005.53,CHECKOUT_ABANDONED,Bank_C,E23,P002,UPI
E05285,C0850,12863.69,SUBSCRIPTION_FAILED,Bank_A,E23,P018,WALLET
E05286,C0221,21536.47,SUBSCRIPTION_FAILED,Bank_C,E11,P016,UPI
E05287,C0659,5998.75,INVOICE_OVERDUE,Bank_A,E42,P015,NETBANKING
E05288,C0814,5783.43,SUBSCRIPTION_FAILED,Bank_B,E42,P006,UPI
E05289,C0357,12131.46,INVOICE_OVERDUE,Bank_A,E11,P010,CARD
E05290,C0092,22723.3,CHECKOUT_ABANDONED,Bank_B,E11,P003,UPI
E05291,C0131,4341.98,INVOICE_OVERDUE,Bank_C,E23,P011,UPI
E05292,C0872,14570.08,CHECKOUT_ABANDONED,Bank_C,E17,P015,UPI
E05293,C0369,21293.66,PAYMENT_FAILED,Bank_B,E17,P009,NETBANKING
E05294,C0453,17345.28,SUBSCRIPTION_FAILED,Bank_A,E42,P002,NETBANKING
E05295,C0323,3953.6,INVOICE_OVERDUE,Bank_A,E42,P014,UPI
E05296,C0515,10782.04,CHECKOUT_ABANDONED,Bank_A,E17,P019,UPI
E05297,C0147,10401.03,PAYMENT_FAILED,Bank_B,E23,P005,CARD
E05298,C0749,19889.35,PAYMENT_FAILED,Bank_C,E11,P004,UPI
E05299,C0885,11778.26,CHECKOUT_ABANDONED,Bank_A,E42,P020,WALLET
E05300,C0969,17989.54,INVOICE_OVERDUE,Bank_A,E42,P017,CARD
E05301,C0970,6114.01,CHECKOUT_ABANDONED,Bank_A,E42,P002,UPI
E05302,C0864,23768.83,CHECKOUT_ABANDONED,Bank_A,E11,P007,CARD
E05303,C0704,21975.46,PAYMENT_FAILED,Bank_D,E42,P005,NETBANKING
E05304,C0117,20353.11,SUBSCRIPTION_FAILED,Bank_C,E42,P009,NETBANKING
E05305,C0541,17889.18,SUBSCRIPTION_FAILED,Bank_A,E42,P013,CARD
E05306,C0057,797.99,INVOICE_OVERDUE,Bank_A,E42,P002,UPI
E05307,C0667,5094.89,CHECKOUT_ABANDONED,Bank_A,E42,P015,CARD
E05308,C0013,7785.85,SUBSCRIPTION_FAILED,Bank_D,E23,P001,NETBANKING
E05309,C0971,16201.81,PAYMENT_FAILED,Bank_C,E17,P011,UPI
E05310,C0614,12321.17,CHECKOUT_ABANDONED,Bank_A,E11,P005,UPI
E05311,C0837,17631.73,PAYMENT_FAILED,Bank_A,E42,P016,NETBANKING
E05312,C0113,20951.1,SUBSCRIPTION_FAILED,Bank_C,E11,P002,NETBANKING
E05313,C0684,22508.96,PAYMENT_FAILED,Bank_B,E42,P012,CARD
E05314,C0866,15560.67,PAYMENT_FAILED,Bank_C,E42,P010,WALLET
E05315,C0197,2453.6,CHECKOUT_ABANDONED,Bank_D,E42,P009,CARD
E05316,C0509,17542.12,SUBSCRIPTION_FAILED,Bank_A,E23,P018,UPI
E05317,C0916,20025.66,SUBSCRIPTION_FAILED,Bank_B,E17,P003,NETBANKING
E05318,C0185,12727.25,SUBSCRIPTION_FAILED,Bank_B,E23,P017,UPI
E05319,C0010,21902.75,INVOICE_OVERDUE,Bank_A,E42,P018,WALLET
E05320,C0202,1889.74,INVOICE_OVERDUE,Bank_A,E11,P019,WALLET
E05321,C0890,12878.81,PAYMENT_FAILED,Bank_B,E17,P019,UPI
E05322,C0214,17618.14,CHECKOUT_ABANDONED,Bank_D,E23,P011,NETBANKING
E05323,C0172,16655.84,INVOICE_OVERDUE,Bank_B,E23,P003,CARD
E05324,C0945,15333.13,SUBSCRIPTION_FAILED,Bank_D,E42,P014,UPI
E05325,C0697,19065.56,CHECKOUT_ABANDONED,Bank_B,E42,P001,NETBANKING
E05326,C0012,8025.86,SUBSCRIPTION_FAILED,Bank_B,E11,P003,WALLET
E05327,C0416,3565.09,CHECKOUT_ABANDONED,Bank_A,E42,P008,NETBANKING
E05328,C0710,15424.64,INVOICE_OVERDUE,Bank_C,E42,P004,UPI
E05329,C0777,14565.87,SUBSCRIPTION_FAILED,Bank_D,E11,P004,NETBANKING
E05330,C0999,20953.82,SUBSCRIPTION_FAILED,Bank_C,E11,P014,NETBANKING
E05331,C0806,1423.14,CHECKOUT_ABANDONED,Bank_B,E11,P003,CARD
E05332,C0216,19507.95,SUBSCRIPTION_FAILED,Bank_A,E42,P014,UPI
E05333,C0257,15133.26,INVOICE_OVERDUE,Bank_D,E23,P002,UPI
E05334,C0803,12891.61,PAYMENT_FAILED,Bank_A,E42,P013,UPI
E05335,C0474,9128.74,INVOICE_OVERDUE,Bank_A,E42,P011,WALLET
E05336,C0489,13985.44,PAYMENT_FAILED,Bank_C,E17,P020,WALLET
E05337,C0865,18834.94,CHECKOUT_ABANDONED,Bank_A,E42,P006,WALLET
E05338,C0413,20089.5,SUBSCRIPTION_FAILED,Bank_D,E11,P009,UPI
E05339,C0991,12828.94,CHECKOUT_ABANDONED,Bank_A,E42,P011,NETBANKING
E05340,C0964,16854.15,PAYMENT_FAILED,Bank_C,E11,P015,NETBANKING
E05341,C0580,18690.87,SUBSCRIPTION_FAILED,Bank_D,E23,P020,WALLET
E05342,C0319,23860.98,CHECKOUT_ABANDONED,Bank_A,E42,P012,WALLET
E05343,C0132,20413.99,INVOICE_OVERDUE,Bank_A,E23,P014,WALLET
E05344,C0605,12029.34,CHECKOUT_ABANDONED,Bank_A,E42,P019,UPI
E05345,C0842,6511.96,INVOICE_OVERDUE,Bank_A,E42,P004,NETBANKING
E05346,C0254,651.23,CHECKOUT_ABANDONED,Bank_D,E11,P015,WALLET
E05347,C0581,17740.83,PAYMENT_FAILED,Bank_D,E11,P005,UPI
E05348,C0415,23503.19,SUBSCRIPTION_FAILED,Bank_A,E42,P003,WALLET
E05349,C0419,16001.52,CHECKOUT_ABANDONED,Bank_A,E23,P014,NETBANKING
E05350,C0292,7135.06,PAYMENT_FAILED,Bank_C,E11,P004,WALLET
E05351,C0268,2373.25,INVOICE_OVERDUE,Bank_A,E11,P018,CARD
E05352,C0372,2674.47,SUBSCRIPTION_FAILED,Bank_C,E17,P015,CARD
E05353,C0899,24414.03,SUBSCRIPTION_FAILED,Bank_A,E42,P013,WALLET
E05354,C0404,9605.24,SUBSCRIPTION_FAILED,Bank_A,E17,P007,NETBANKING
E05355,C0570,22842.99,CHECKOUT_ABANDONED,Bank_D,E42,P007,NETBANKING
E05356,C0997,8768.88,INVOICE_OVERDUE,Bank_A,E11,P014,WALLET
E05357,C0640,10148.27,CHECKOUT_ABANDONED,Bank_D,E23,P020,UPI
E05358,C0097,9814.96,INVOICE_OVERDUE,Bank_C,E17,P020,WALLET
E05359,C0772,13820.3,CHECKOUT_ABANDONED,Bank_A,E17,P001,NETBANKING
E05360,C0673,6925.91,INVOICE_OVERDUE,Bank_A,E23,P007,CARD
E05361,C0452,4875.94,INVOICE_OVERDUE,Bank_D,E42,P009,UPI
E05362,C0080,9442.81,CHECKOUT_ABANDONED,Bank_C,E42,P016,UPI
E05363,C0690,5027.54,INVOICE_OVERDUE,Bank_C,E42,P009,CARD
E05364,C0129,16306.22,INVOICE_OVERDUE,Bank_D,E17,P013,WALLET
E05365,C0263,6696.96,CHECKOUT_ABANDONED,Bank_A,E42,P016,NETBANKING
E05366,C0067,4542.07,PAYMENT_FAILED,Bank_A,E17,P002,UPI
E05367,C0327,6226.08,PAYMENT_FAILED,Bank_C,E23,P004,WALLET
E05368,C0007,19584.97,PAYMENT_FAILED,Bank_A,E42,P013,NETBANKING
E05369,C0209,9555.92,PAYMENT_FAILED,Bank_B,E17,P015,NETBANKING
E05370,C0977,20208.1,CHECKOUT_ABANDONED,Bank_D,E42,P019,WALLET
E05371,C0861,4000.3,SUBSCRIPTION_FAILED,Bank_A,E42,P018,CARD
E05372,C0178,6381.73,CHECKOUT_ABANDONED,Bank_C,E17,P008,UPI
E05373,C0157,2758.9,SUBSCRIPTION_FAILED,Bank_A,E42,P013,CARD
E05374,C0293,9325.07,PAYMENT_FAILED,Bank_A,E42,P002,WALLET
E05375,C0716,24879.41,CHECKOUT_ABANDONED,Bank_B,E23,P012,CARD
E05376,C0795,1533.72,SUBSCRIPTION_FAILED,Bank_D,E23,P009,WALLET
E05377,C0360,4061.23,CHECKOUT_ABANDONED,Bank_A,E42,P003,NETBANKING
E05378,C0497,647.25,INVOICE_OVERDUE,Bank_A,E42,P005,CARD
E05379,C0216,10955.35,SUBSCRIPTION_FAILED,Bank_B,E17,P015,CARD
E05380,C0782,13771.13,SUBSCRIPTION_FAILED,Bank_A,E11,P006,UPI
E05381,C0197,7245.55,CHECKOUT_ABANDONED,Bank_A,E42,P006,UPI
E05382,C0250,13597.22,INVOICE_OVERDUE,Bank_D,E23,P002,NETBANKING
E05383,C0790,19989.92,SUBSCRIPTION_FAILED,Bank_A,E11,P003,CARD
E05384,C0286,8993.1,INVOICE_OVERDUE,Bank_D,E23,P020,UPI
E05385,C0675,1337.88,SUBSCRIPTION_FAILED,Bank_D,E17,P020,WALLET
E05386,C0462,11289.93,CHECKOUT_ABANDONED,Bank_A,E42,P003,WALLET
E05387,C0738,23438.79,PAYMENT_FAILED,Bank_A,E11,P014,WALLET
E05388,C0132,17695.4,INVOICE_OVERDUE,Bank_B,E11,P004,NETBANKING
E05389,C0485,8702.88,PAYMENT_FAILED,Bank_A,E42,P007,CARD
E05390,C0977,8935.87,INVOICE_OVERDUE,Bank_A,E42,P019,UPI
E05391,C0182,18409.94,SUBSCRIPTION_FAILED,Bank_B,E11,P006,WALLET
E05392,C0553,20599.55,CHECKOUT_ABANDONED,Bank_C,E23,P018,CARD
E05393,C0129,1497.21,INVOICE_OVERDUE,Bank_C,E17,P004,UPI
E05394,C0760,13789.6,PAYMENT_FAILED,Bank_A,E42,P014,NETBANKING
E05395,C0797,16469.42,INVOICE_OVERDUE,Bank_C,E17,P009,NETBANKING
E05396,C0341,6229.95,PAYMENT_FAILED,Bank_A,E42,P015,WALLET
E05397,C0323,7418.27,CHECKOUT_ABANDONED,Bank_A,E42,P001,UPI
E05398,C0168,18286.82,INVOICE_OVERDUE,Bank_C,E11,P010,UPI
E05399,C0060,5955.75,INVOICE_OVERDUE,Bank_B,E17,P009,NETBANKING
E05400,C0901,24275.23,CHECKOUT_ABANDONED,Bank_D,E42,P010,UPI
E05401,C0448,12486.0,SUBSCRIPTION_FAILED,Bank_A,E11,P006,UPI
E05402,C0233,12741.54,CHECKOUT_ABANDONED,Bank_C,E23,P008,WALLET
E05403,C0397,6685.35,SUBSCRIPTION_FAILED,Bank_B,E17,P010,UPI
E05404,C0684,7511.39,INVOICE_OVERDUE,Bank_C,E42,P015,UPI
E05405,C0878,5563.52,CHECKOUT_ABANDONED,Bank_D,E11,P018,WALLET
E05406,C0012,21406.69,SUBSCRIPTION_FAILED,Bank_C,E42,P018,CARD
E05407,C0947,14251.2,PAYMENT_FAILED,Bank_A,E42,P003,CARD
E05408,C0592,11269.23,CHECKOUT_ABANDONED,Bank_C,E42,P016,CARD
E05409,C0431,13315.8,PAYMENT_FAILED,Bank_C,E23,P010,CARD
E05410,C0654,5774.44,INVOICE_OVERDUE,Bank_A,E42,P003,UPI
E05411,C0823,17372.26,PAYMENT_FAILED,Bank_C,E23,P003,CARD
E05412,C0593,8278.0,PAYMENT_FAILED,Bank_A,E23,P015,WALLET
E05413,C0727,4587.37,SUBSCRIPTION_FAILED,Bank_B,E17,P017,UPI
E05414,C0039,20848.08,SUBSCRIPTION_FAILED,Bank_A,E42,P019,NETBANKING
E05415,C0456,10269.05,PAYMENT_FAILED,Bank_C,E11,P019,UPI
E05416,C0105,20780.97,CHECKOUT_ABANDONED,Bank_A,E42,P002,CARD
E05417,C0947,20527.89,CHECKOUT_ABANDONED,Bank_A,E42,P012,UPI
E05418,C0039,17850.83,INVOICE_OVERDUE,Bank_A,E42,P016,WALLET
E05419,C0436,15219.61,CHECKOUT_ABANDONED,Bank_C,E11,P011,UPI
E05420,C0955,15596.43,PAYMENT_FAILED,Bank_D,E11,P002,CARD
E05421,C0526,2025.12,SUBSCRIPTION_FAILED,Bank_B,E11,P013,CARD
E05422,C0731,3935.29,SUBSCRIPTION_FAILED,Bank_A,E42,P017,CARD
E05423,C0720,16902.82,CHECKOUT_ABANDONED,Bank_C,E23,P010,NETBANKING
E05424,C0956,6449.49,CHECKOUT_ABANDONED,Bank_D,E11,P018,NETBANKING
E05425,C0893,7433.87,SUBSCRIPTION_FAILED,Bank_B,E11,P014,WALLET
E05426,C0457,19436.82,PAYMENT_FAILED,Bank_A,E42,P003,WALLET
E05427,C0560,7919.85,CHECKOUT_ABANDONED,Bank_C,E23,P009,NETBANKING
E05428,C0394,14964.03,CHECKOUT_ABANDONED,Bank_B,E23,P004,WALLET
E05429,C0367,15308.7,PAYMENT_FAILED,Bank_B,E11,P019,CARD
E05430,C0019,6089.06,SUBSCRIPTION_FAILED,Bank_C,E17,P008,NETBANKING
E05431,C0429,15213.48,INVOICE_OVERDUE,Bank_D,E11,P015,WALLET
E05432,C0117,13773.06,PAYMENT_FAILED,Bank_C,E11,P015,NETBANKING
E05433,C0534,14997.44,CHECKOUT_ABANDONED,Bank_A,E42,P004,UPI
E05434,C0283,16417.42,PAYMENT_FAILED,Bank_C,E23,P014,CARD
E05435,C0061,16201.28,INVOICE_OVERDUE,Bank_B,E11,P017,CARD
E05436,C0912,16715.33,CHECKOUT_ABANDONED,Bank_A,E17,P001,UPI
E05437,C0028,22079.7,PAYMENT_FAILED,Bank_B,E42,P006,NETBANKING
E05438,C0325,5277.24,PAYMENT_FAILED,Bank_D,E11,P016,UPI
E05439,C0843,20823.18,INVOICE_OVERDUE,Bank_C,E23,P011,CARD
E05440,C0117,17329.5,CHECKOUT_ABANDONED,Bank_A,E17,P013,CARD
E05441,C0564,18784.7,CHECKOUT_ABANDONED,Bank_C,E11,P011,NETBANKING
E05442,C0814,19551.6,CHECKOUT_ABANDONED,Bank_D,E17,P004,NETBANKING
E05443,C0005,6132.58,INVOICE_OVERDUE,Bank_D,E11,P014,CARD
E05444,C0919,2941.91,INVOICE_OVERDUE,Bank_C,E23,P014,UPI
E05445,C0638,22631.31,CHECKOUT_ABANDONED,Bank_A,E23,P015,WALLET
E05446,C0371,2084.46,CHECKOUT_ABANDONED,Bank_D,E17,P020,CARD
E05447,C0646,7314.35,SUBSCRIPTION_FAILED,Bank_C,E17,P011,NETBANKING
E05448,C0658,20563.25,PAYMENT_FAILED,Bank_A,E11,P010,WALLET
E05449,C0602,3437.08,CHECKOUT_ABANDONED,Bank_B,E23,P018,NETBANKING
E05450,C0627,3710.54,SUBSCRIPTION_FAILED,Bank_A,E42,P010,CARD
E05451,C0359,694.77,CHECKOUT_ABANDONED,Bank_C,E23,P006,WALLET
E05452,C0690,21285.23,INVOICE_OVERDUE,Bank_A,E42,P017,NETBANKING
E05453,C0837,5527.1,INVOICE_OVERDUE,Bank_B,E23,P002,WALLET
E05454,C0841,20569.64,PAYMENT_FAILED,Bank_A,E23,P016,CARD
E05455,C0943,18953.4,INVOICE_OVERDUE,Bank_B,E23,P010,CARD
E05456,C0964,9579.67,PAYMENT_FAILED,Bank_A,E42,P011,WALLET
E05457,C0790,16755.37,PAYMENT_FAILED,Bank_D,E17,P007,UPI
E05458,C0153,4458.8,CHECKOUT_ABANDONED,Bank_B,E42,P020,NETBANKING
E05459,C0896,6142.41,SUBSCRIPTION_FAILED,Bank_A,E42,P019,WALLET
E05460,C0132,8549.8,CHECKOUT_ABANDONED,Bank_A,E23,P005,CARD
E05461,C0984,7970.15,CHECKOUT_ABANDONED,Bank_A,E42,P015,WALLET
E05462,C0591,23412.7,INVOICE_OVERDUE,Bank_A,E42,P010,CARD
E05463,C0930,23672.22,SUBSCRIPTION_FAILED,Bank_C,E17,P008,NETBANKING
E05464,C0025,22639.97,INVOICE_OVERDUE,Bank_C,E17,P011,WALLET
E05465,C0552,3529.19,PAYMENT_FAILED,Bank_A,E42,P015,CARD
E05466,C0894,16192.85,SUBSCRIPTION_FAILED,Bank_A,E42,P019,UPI
E05467,C0740,16814.71,SUBSCRIPTION_FAILED,Bank_D,E11,P019,CARD
E05468,C0165,10478.48,PAYMENT_FAILED,Bank_D,E17,P009,UPI
E05469,C0430,4286.77,PAYMENT_FAILED,Bank_A,E11,P010,NETBANKING
E05470,C0827,18518.84,INVOICE_OVERDUE,Bank_B,E42,P007,UPI
E05471,C0540,20572.66,SUBSCRIPTION_FAILED,Bank_C,E23,P008,NETBANKING
E05472,C0519,19742.45,SUBSCRIPTION_FAILED,Bank_A,E42,P005,UPI
E05473,C0014,749.88,CHECKOUT_ABANDONED,Bank_A,E23,P014,WALLET
E05474,C0308,9236.86,INVOICE_OVERDUE,Bank_A,E11,P020,NETBANKING
E05475,C0902,6539.72,INVOICE_OVERDUE,Bank_C,E11,P015,CARD
E05476,C0732,15214.99,SUBSCRIPTION_FAILED,Bank_B,E23,P014,CARD
E05477,C0129,17873.86,INVOICE_OVERDUE,Bank_C,E17,P014,NETBANKING
E05478,C0745,18901.52,SUBSCRIPTION_FAILED,Bank_B,E42,P002,CARD
E05479,C0292,21027.41,SUBSCRIPTION_FAILED,Bank_A,E23,P016,WALLET
E05480,C0350,9645.94,PAYMENT_FAILED,Bank_D,E17,P015,WALLET
E05481,C0636,5334.39,CHECKOUT_ABANDONED,Bank_A,E42,P010,UPI
E05482,C0884,21803.7,SUBSCRIPTION_FAILED,Bank_A,E42,P020,CARD
E05483,C0079,1916.36,SUBSCRIPTION_FAILED,Bank_B,E42,P012,CARD
E05484,C0858,5420.78,SUBSCRIPTION_FAILED,Bank_B,E42,P015,NETBANKING
E05485,C0895,3930.56,CHECKOUT_ABANDONED,Bank_C,E23,P016,WALLET
E05486,C0401,2785.46,CHECKOUT_ABANDONED,Bank_D,E42,P020,WALLET
E05487,C0024,22106.94,INVOICE_OVERDUE,Bank_B,E11,P010,UPI
E05488,C0484,5454.85,SUBSCRIPTION_FAILED,Bank_B,E11,P011,WALLET
E05489,C0702,23480.63,SUBSCRIPTION_FAILED,Bank_B,E11,P007,NETBANKING
E05490,C0987,16299.51,PAYMENT_FAILED,Bank_D,E11,P014,UPI
E05491,C0943,7783.17,SUBSCRIPTION_FAILED,Bank_A,E42,P002,CARD
E05492,C0250,15093.59,PAYMENT_FAILED,Bank_D,E11,P003,WALLET
E05493,C0932,20674.19,PAYMENT_FAILED,Bank_A,E42,P011,CARD
E05494,C0578,3275.32,CHECKOUT_ABANDONED,Bank_C,E23,P010,WALLET
E05495,C0216,13837.57,PAYMENT_FAILED,Bank_A,E17,P017,NETBANKING
E05496,C0243,17956.27,SUBSCRIPTION_FAILED,Bank_A,E42,P006,WALLET
E05497,C0370,16763.15,CHECKOUT_ABANDONED,Bank_D,E17,P007,WALLET
E05498,C0859,18261.54,INVOICE_OVERDUE,Bank_B,E42,P002,WALLET
E05499,C0969,10865.83,PAYMENT_FAILED,Bank_A,E42,P015,WALLET
E05500,C0131,5510.97,PAYMENT_FAILED,Bank_C,E42,P005,WALLET
E05501,C0590,5696.99,SUBSCRIPTION_FAILED,Bank_D,E17,P011,UPI
E05502,C0442,10642.3,PAYMENT_FAILED,Bank_C,E11,P006,WALLET
E05503,C0908,2193.1,SUBSCRIPTION_FAILED,Bank_C,E42,P007,CARD
E05504,C0029,4339.38,SUBSCRIPTION_FAILED,Bank_A,E42,P003,WALLET
E05505,C0934,13442.56,SUBSCRIPTION_FAILED,Bank_B,E17,P018,NETBANKING
E05506,C0587,22798.91,PAYMENT_FAILED,Bank_C,E23,P018,WALLET
E05507,C0963,17824.41,SUBSCRIPTION_FAILED,Bank_D,E11,P006,CARD
E05508,C0894,22035.76,PAYMENT_FAILED,Bank_A,E42,P005,WALLET
E05509,C0783,16905.32,INVOICE_OVERDUE,Bank_B,E17,P001,WALLET
E05510,C0845,697.65,CHECKOUT_ABANDONED,Bank_D,E42,P013,WALLET
E05511,C0684,22204.18,PAYMENT_FAILED,Bank_A,E23,P007,NETBANKING
E05512,C0517,12992.03,INVOICE_OVERDUE,Bank_A,E42,P018,WALLET
E05513,C0918,22538.01,PAYMENT_FAILED,Bank_A,E23,P019,NETBANKING
E05514,C0735,15563.71,CHECKOUT_ABANDONED,Bank_A,E42,P018,NETBANKING
E05515,C0098,13440.84,PAYMENT_FAILED,Bank_D,E11,P005,UPI
E05516,C0566,8902.31,CHECKOUT_ABANDONED,Bank_A,E42,P010,CARD
E05517,C0046,20541.3,SUBSCRIPTION_FAILED,Bank_C,E23,P005,CARD
E05518,C0868,7009.6,CHECKOUT_ABANDONED,Bank_B,E42,P012,CARD
E05519,C0088,13874.62,PAYMENT_FAILED,Bank_C,E17,P002,NETBANKING
E05520,C0695,8734.56,CHECKOUT_ABANDONED,Bank_D,E42,P005,UPI
E05521,C0713,15595.6,CHECKOUT_ABANDONED,Bank_D,E23,P018,NETBANKING
E05522,C0791,24133.81,CHECKOUT_ABANDONED,Bank_A,E17,P009,NETBANKING
E05523,C0588,4987.26,CHECKOUT_ABANDONED,Bank_D,E23,P006,NETBANKING
E05524,C0272,24221.62,CHECKOUT_ABANDONED,Bank_A,E42,P015,CARD
E05525,C0063,9162.87,SUBSCRIPTION_FAILED,Bank_B,E23,P013,CARD
E05526,C0816,10721.55,PAYMENT_FAILED,Bank_D,E42,P009,UPI
E05527,C0457,6406.51,CHECKOUT_ABANDONED,Bank_A,E42,P005,WALLET
E05528,C0369,15761.89,PAYMENT_FAILED,Bank_C,E11,P002,UPI
E05529,C0475,636.99,SUBSCRIPTION_FAILED,Bank_A,E17,P009,UPI
E05530,C0077,17134.74,PAYMENT_FAILED,Bank_A,E42,P004,WALLET
E05531,C0092,6550.02,SUBSCRIPTION_FAILED,Bank_D,E23,P019,NETBANKING
E05532,C0078,4311.79,SUBSCRIPTION_FAILED,Bank_C,E23,P001,UPI
E05533,C0458,9694.12,PAYMENT_FAILED,Bank_C,E17,P019,NETBANKING
E05534,C0211,5326.91,CHECKOUT_ABANDONED,Bank_A,E42,P014,NETBANKING
E05535,C0224,24665.8,SUBSCRIPTION_FAILED,Bank_D,E23,P011,WALLET
E05536,C0505,13474.29,CHECKOUT_ABANDONED,Bank_D,E23,P005,WALLET
E05537,C0167,5747.49,PAYMENT_FAILED,Bank_D,E17,P006,CARD
E05538,C0484,22945.64,CHECKOUT_ABANDONED,Bank_C,E42,P018,UPI
E05539,C0235,10198.27,INVOICE_OVERDUE,Bank_B,E42,P002,WALLET
E05540,C0811,21821.17,PAYMENT_FAILED,Bank_A,E42,P007,WALLET
E05541,C0897,12520.34,PAYMENT_FAILED,Bank_A,E11,P018,UPI
E05542,C0299,14874.43,PAYMENT_FAILED,Bank_A,E42,P004,CARD
E05543,C0804,2288.49,PAYMENT_FAILED,Bank_A,E42,P015,NETBANKING
E05544,C0928,10310.05,CHECKOUT_ABANDONED,Bank_B,E11,P016,CARD
E05545,C0028,17282.32,INVOICE_OVERDUE,Bank_A,E42,P013,WALLET
E05546,C0016,6528.28,CHECKOUT_ABANDONED,Bank_A,E23,P006,UPI
E05547,C0336,22879.79,PAYMENT_FAILED,Bank_A,E11,P020,WALLET
E05548,C0609,5648.15,CHECKOUT_ABANDONED,Bank_A,E42,P012,UPI
E05549,C0104,8211.5,SUBSCRIPTION_FAILED,Bank_C,E11,P012,WALLET
E05550,C0852,21334.95,PAYMENT_FAILED,Bank_C,E17,P007,WALLET
E05551,C0431,1623.6,CHECKOUT_ABANDONED,Bank_D,E23,P008,WALLET
E05552,C0638,23713.8,PAYMENT_FAILED,Bank_D,E23,P018,UPI
E05553,C0924,5284.96,CHECKOUT_ABANDONED,Bank_D,E23,P003,NETBANKING
E05554,C0396,22234.41,PAYMENT_FAILED,Bank_C,E42,P013,UPI
E05555,C0847,4788.23,PAYMENT_FAILED,Bank_C,E11,P013,WALLET
E05556,C0931,683.22,PAYMENT_FAILED,Bank_A,E42,P013,CARD
E05557,C0785,19705.2,PAYMENT_FAILED,Bank_A,E42,P014,NETBANKING
E05558,C0307,18720.13,CHECKOUT_ABANDONED,Bank_A,E42,P007,CARD
E05559,C0280,14672.79,CHECKOUT_ABANDONED,Bank_D,E23,P018,WALLET
E05560,C0321,11224.85,PAYMENT_FAILED,Bank_D,E42,P011,UPI
E05561,C0560,8183.3,CHECKOUT_ABANDONED,Bank_B,E17,P002,NETBANKING
E05562,C0726,1078.77,SUBSCRIPTION_FAILED,Bank_B,E11,P001,WALLET
E05563,C0567,18425.86,INVOICE_OVERDUE,Bank_B,E23,P010,CARD
E05564,C0514,7297.75,PAYMENT_FAILED,Bank_A,E17,P005,UPI
E05565,C0105,15048.79,CHECKOUT_ABANDONED,Bank_B,E11,P017,NETBANKING
E05566,C0390,2741.1,SUBSCRIPTION_FAILED,Bank_A,E42,P016,UPI
E05567,C0851,16157.85,SUBSCRIPTION_FAILED,Bank_B,E17,P016,UPI
E05568,C0668,12969.71,SUBSCRIPTION_FAILED,Bank_D,E11,P005,CARD
E05569,C0266,8755.44,PAYMENT_FAILED,Bank_C,E42,P020,CARD
E05570,C0083,11275.79,CHECKOUT_ABANDONED,Bank_B,E23,P011,UPI
E05571,C0720,24144.6,CHECKOUT_ABANDONED,Bank_A,E23,P018,WALLET
E05572,C0212,20220.77,SUBSCRIPTION_FAILED,Bank_A,E42,P020,NETBANKING
E05573,C0041,12034.65,PAYMENT_FAILED,Bank_D,E17,P020,UPI
E05574,C0205,13946.0,PAYMENT_FAILED,Bank_D,E23,P011,WALLET
E05575,C0795,13322.14,CHECKOUT_ABANDONED,Bank_A,E11,P018,UPI
E05576,C0443,9630.91,CHECKOUT_ABANDONED,Bank_C,E17,P011,NETBANKING
E05577,C0839,2672.99,SUBSCRIPTION_FAILED,Bank_D,E17,P012,WALLET
E05578,C0776,23708.69,PAYMENT_FAILED,Bank_A,E42,P009,WALLET
E05579,C0867,20135.58,PAYMENT_FAILED,Bank_A,E11,P012,WALLET
E05580,C0337,10369.81,PAYMENT_FAILED,Bank_A,E17,P017,WALLET
E05581,C0636,3149.64,SUBSCRIPTION_FAILED,Bank_C,E11,P005,NETBANKING
E05582,C0168,21752.48,INVOICE_OVERDUE,Bank_D,E11,P004,CARD
E05583,C0968,1973.96,CHECKOUT_ABANDONED,Bank_A,E42,P015,WALLET
E05584,C0129,12199.04,CHECKOUT_ABANDONED,Bank_D,E11,P005,UPI
E05585,C0895,23042.5,CHECKOUT_ABANDONED,Bank_D,E42,P006,UPI
E05586,C0614,14517.59,CHECKOUT_ABANDONED,Bank_A,E42,P003,NETBANKING
E05587,C0925,18043.41,CHECKOUT_ABANDONED,Bank_A,E23,P009,CARD
E05588,C0898,22797.16,INVOICE_OVERDUE,Bank_C,E42,P009,UPI
E05589,C0726,9110.22,INVOICE_OVERDUE,Bank_A,E23,P018,UPI
E05590,C0380,5115.73,SUBSCRIPTION_FAILED,Bank_A,E42,P003,UPI
E05591,C0146,6079.27,CHECKOUT_ABANDONED,Bank_A,E17,P013,CARD
E05592,C0670,15697.54,CHECKOUT_ABANDONED,Bank_D,E23,P017,NETBANKING
E05593,C0221,16703.54,SUBSCRIPTION_FAILED,Bank_A,E23,P001,CARD
E05594,C0781,13416.54,CHECKOUT_ABANDONED,Bank_A,E23,P001,NETBANKING
E05595,C0289,975.08,PAYMENT_FAILED,Bank_A,E42,P018,WALLET
E05596,C0375,21713.58,PAYMENT_FAILED,Bank_D,E17,P010,NETBANKING
E05597,C0318,24615.03,CHECKOUT_ABANDONED,Bank_C,E11,P009,UPI
E05598,C0384,7455.8,INVOICE_OVERDUE,Bank_C,E42,P006,CARD
E05599,C0448,18083.81,PAYMENT_FAILED,Bank_C,E17,P019,WALLET
E05600,C0765,11775.27,INVOICE_OVERDUE,Bank_A,E42,P002,NETBANKING
E05601,C0051,5993.85,PAYMENT_FAILED,Bank_A,E17,P003,WALLET
E05602,C0331,6224.3,CHECKOUT_ABANDONED,Bank_C,E17,P017,NETBANKING
E05603,C0685,15619.82,SUBSCRIPTION_FAILED,Bank_B,E17,P015,UPI
E05604,C0774,1497.71,INVOICE_OVERDUE,Bank_D,E23,P012,NETBANKING
E05605,C0939,8330.26,SUBSCRIPTION_FAILED,Bank_C,E42,P005,NETBANKING
E05606,C0666,10254.12,SUBSCRIPTION_FAILED,Bank_A,E42,P006,WALLET
E05607,C0853,17667.64,CHECKOUT_ABANDONED,Bank_C,E42,P017,WALLET
E05608,C0713,20514.38,PAYMENT_FAILED,Bank_A,E23,P008,CARD
E05609,C0630,20137.22,INVOICE_OVERDUE,Bank_B,E17,P006,CARD
E05610,C0691,7501.6,INVOICE_OVERDUE,Bank_A,E11,P020,CARD
E05611,C0513,22740.1,INVOICE_OVERDUE,Bank_C,E11,P001,NETBANKING
E05612,C0973,21445.68,PAYMENT_FAILED,Bank_A,E42,P018,CARD
E05613,C0085,10665.41,CHECKOUT_ABANDONED,Bank_C,E11,P008,UPI
E05614,C0297,4207.02,CHECKOUT_ABANDONED,Bank_A,E42,P008,NETBANKING
E05615,C0318,14767.09,CHECKOUT_ABANDONED,Bank_C,E11,P002,CARD
E05616,C0645,14018.94,CHECKOUT_ABANDONED,Bank_D,E42,P014,CARD
E05617,C0001,10089.49,INVOICE_OVERDUE,Bank_C,E11,P015,UPI
E05618,C0622,13778.3,CHECKOUT_ABANDONED,Bank_A,E42,P017,WALLET
E05619,C0171,19831.41,CHECKOUT_ABANDONED,Bank_A,E42,P008,CARD
E05620,C0928,10497.77,CHECKOUT_ABANDONED,Bank_D,E11,P007,UPI
E05621,C0705,13459.49,SUBSCRIPTION_FAILED,Bank_D,E42,P003,NETBANKING
E05622,C0306,14611.88,SUBSCRIPTION_FAILED,Bank_C,E42,P009,NETBANKING
E05623,C0495,2674.69,PAYMENT_FAILED,Bank_B,E23,P020,WALLET
E05624,C0995,10682.0,CHECKOUT_ABANDONED,Bank_D,E42,P006,NETBANKING
E05625,C0429,9895.23,PAYMENT_FAILED,Bank_A,E11,P002,NETBANKING
E05626,C0616,19261.36,PAYMENT_FAILED,Bank_C,E17,P008,NETBANKING
E05627,C0520,5325.89,INVOICE_OVERDUE,Bank_A,E42,P011,WALLET
E05628,C0497,8673.48,INVOICE_OVERDUE,Bank_A,E23,P006,WALLET
E05629,C0270,9021.08,CHECKOUT_ABANDONED,Bank_A,E42,P001,WALLET
E05630,C0029,5538.52,INVOICE_OVERDUE,Bank_A,E42,P002,CARD
E05631,C0570,1689.34,CHECKOUT_ABANDONED,Bank_A,E42,P012,NETBANKING
E05632,C0437,5061.31,SUBSCRIPTION_FAILED,Bank_B,E11,P014,NETBANKING
E05633,C0699,3860.46,INVOICE_OVERDUE,Bank_B,E11,P001,WALLET
E05634,C0473,4642.73,SUBSCRIPTION_FAILED,Bank_B,E42,P008,NETBANKING
E05635,C0266,8592.77,SUBSCRIPTION_FAILED,Bank_A,E42,P017,CARD
E05636,C0424,23138.0,PAYMENT_FAILED,Bank_B,E23,P004,WALLET
E05637,C0084,13858.8,INVOICE_OVERDUE,Bank_D,E11,P012,WALLET
E05638,C0403,6108.21,PAYMENT_FAILED,Bank_D,E23,P010,NETBANKING
E05639,C0546,22153.43,CHECKOUT_ABANDONED,Bank_D,E23,P017,UPI
E05640,C0587,22466.69,PAYMENT_FAILED,Bank_A,E42,P018,NETBANKING
E05641,C0147,5065.06,PAYMENT_FAILED,Bank_A,E42,P013,UPI
E05642,C0559,17923.1,INVOICE_OVERDUE,Bank_D,E17,P004,UPI
E05643,C0013,18252.26,INVOICE_OVERDUE,Bank_D,E23,P012,CARD
E05644,C0328,14019.35,CHECKOUT_ABANDONED,Bank_D,E42,P019,WALLET
E05645,C0361,3138.48,SUBSCRIPTION_FAILED,Bank_B,E17,P012,WALLET
E05646,C0506,4385.71,SUBSCRIPTION_FAILED,Bank_D,E17,P001,UPI
E05647,C0443,12233.23,INVOICE_OVERDUE,Bank_D,E42,P012,CARD
E05648,C0815,6512.63,SUBSCRIPTION_FAILED,Bank_C,E11,P006,CARD
E05649,C0039,21763.6,INVOICE_OVERDUE,Bank_A,E42,P003,CARD
E05650,C0914,17468.59,SUBSCRIPTION_FAILED,Bank_A,E42,P013,CARD
E05651,C0822,11863.96,CHECKOUT_ABANDONED,Bank_B,E23,P001,WALLET
E05652,C0895,14723.35,SUBSCRIPTION_FAILED,Bank_D,E23,P005,CARD
E05653,C0037,22417.09,INVOICE_OVERDUE,Bank_B,E42,P017,WALLET
E05654,C0749,1082.23,CHECKOUT_ABANDONED,Bank_D,E23,P011,UPI
E05655,C0968,17327.18,PAYMENT_FAILED,Bank_D,E42,P019,UPI
E05656,C0285,23723.95,SUBSCRIPTION_FAILED,Bank_B,E23,P016,CARD
E05657,C0172,1669.52,PAYMENT_FAILED,Bank_A,E23,P013,UPI
E05658,C0279,17131.01,CHECKOUT_ABANDONED,Bank_D,E11,P017,WALLET
E05659,C0794,11590.57,PAYMENT_FAILED,Bank_C,E11,P018,WALLET
E05660,C0724,3778.77,SUBSCRIPTION_FAILED,Bank_A,E23,P010,CARD
E05661,C0578,703.62,SUBSCRIPTION_FAILED,Bank_B,E23,P011,CARD
E05662,C0836,2844.05,CHECKOUT_ABANDONED,Bank_A,E42,P016,NETBANKING
E05663,C0375,24352.16,INVOICE_OVERDUE,Bank_D,E11,P005,NETBANKING
E05664,C0640,13609.51,SUBSCRIPTION_FAILED,Bank_D,E23,P009,NETBANKING
E05665,C0082,17580.23,PAYMENT_FAILED,Bank_B,E23,P012,WALLET
E05666,C0649,23293.66,INVOICE_OVERDUE,Bank_C,E11,P003,UPI
E05667,C0095,6764.92,PAYMENT_FAILED,Bank_A,E23,P001,UPI
E05668,C0290,5911.16,CHECKOUT_ABANDONED,Bank_B,E17,P003,NETBANKING
E05669,C0800,12420.82,INVOICE_OVERDUE,Bank_B,E23,P006,NETBANKING
E05670,C0699,4611.2,PAYMENT_FAILED,Bank_A,E42,P013,NETBANKING
E05671,C0776,674.09,PAYMENT_FAILED,Bank_A,E42,P002,CARD
E05672,C0435,24315.01,PAYMENT_FAILED,Bank_D,E17,P010,CARD
E05673,C0669,15675.44,PAYMENT_FAILED,Bank_B,E17,P006,WALLET
E05674,C0294,2374.48,SUBSCRIPTION_FAILED,Bank_A,E42,P002,NETBANKING
E05675,C0944,16900.0,PAYMENT_FAILED,Bank_C,E17,P008,UPI
E05676,C0879,5668.19,SUBSCRIPTION_FAILED,Bank_D,E23,P009,WALLET
E05677,C0899,23489.38,PAYMENT_FAILED,Bank_D,E17,P008,NETBANKING
E05678,C0916,16156.38,SUBSCRIPTION_FAILED,Bank_B,E11,P005,UPI
E05679,C0997,7578.07,INVOICE_OVERDUE,Bank_A,E23,P009,CARD
E05680,C0405,1826.45,INVOICE_OVERDUE,Bank_A,E17,P020,UPI
E05681,C0648,13984.74,PAYMENT_FAILED,Bank_B,E17,P012,UPI
E05682,C0171,13439.95,SUBSCRIPTION_FAILED,Bank_C,E17,P020,WALLET
E05683,C0230,18839.9,INVOICE_OVERDUE,Bank_C,E23,P008,UPI
E05684,C0919,21271.13,CHECKOUT_ABANDONED,Bank_A,E42,P004,CARD
E05685,C0061,20409.78,INVOICE_OVERDUE,Bank_A,E42,P020,WALLET
E05686,C0965,8597.8,INVOICE_OVERDUE,Bank_A,E42,P015,UPI
E05687,C0028,2107.51,INVOICE_OVERDUE,Bank_C,E17,P014,UPI
E05688,C0197,13435.07,SUBSCRIPTION_FAILED,Bank_C,E11,P009,WALLET
E05689,C0782,14864.97,PAYMENT_FAILED,Bank_B,E11,P020,WALLET
E05690,C0194,13397.56,SUBSCRIPTION_FAILED,Bank_A,E23,P011,WALLET
E05691,C0696,15063.22,PAYMENT_FAILED,Bank_B,E23,P011,UPI
E05692,C0049,2386.12,INVOICE_OVERDUE,Bank_A,E42,P010,NETBANKING
E05693,C0732,16535.09,INVOICE_OVERDUE,Bank_C,E11,P017,UPI
E05694,C0616,24071.32,INVOICE_OVERDUE,Bank_A,E42,P017,WALLET
E05695,C0664,6579.77,INVOICE_OVERDUE,Bank_C,E23,P002,CARD
E05696,C0116,8099.2,CHECKOUT_ABANDONED,Bank_C,E23,P003,WALLET
E05697,C0256,15521.48,SUBSCRIPTION_FAILED,Bank_C,E17,P013,CARD
E05698,C0869,15871.62,CHECKOUT_ABANDONED,Bank_B,E11,P016,WALLET
E05699,C0381,13068.7,INVOICE_OVERDUE,Bank_C,E42,P014,UPI
E05700,C0800,869.09,INVOICE_OVERDUE,Bank_C,E42,P020,UPI
E05701,C0417,21087.65,CHECKOUT_ABANDONED,Bank_C,E11,P001,WALLET
E05702,C0831,10943.24,CHECKOUT_ABANDONED,Bank_D,E17,P012,CARD
E05703,C0053,7083.11,SUBSCRIPTION_FAILED,Bank_A,E42,P016,CARD
E05704,C0310,5374.59,PAYMENT_FAILED,Bank_A,E42,P011,WALLET
E05705,C0689,7451.95,PAYMENT_FAILED,Bank_D,E23,P014,NETBANKING
E05706,C0131,10573.12,CHECKOUT_ABANDONED,Bank_D,E42,P016,UPI
E05707,C0210,11933.22,PAYMENT_FAILED,Bank_A,E42,P013,CARD
E05708,C0689,17086.2,PAYMENT_FAILED,Bank_D,E11,P016,WALLET
E05709,C0669,3024.99,PAYMENT_FAILED,Bank_C,E42,P018,UPI
E05710,C0025,23726.63,INVOICE_OVERDUE,Bank_C,E11,P012,NETBANKING
E05711,C0511,5602.14,CHECKOUT_ABANDONED,Bank_B,E17,P010,WALLET
E05712,C0937,15474.56,INVOICE_OVERDUE,Bank_B,E42,P010,CARD
E05713,C0738,12838.07,SUBSCRIPTION_FAILED,Bank_A,E42,P003,NETBANKING
E05714,C0427,16535.72,INVOICE_OVERDUE,Bank_A,E42,P020,NETBANKING
E05715,C0679,14369.89,SUBSCRIPTION_FAILED,Bank_C,E17,P012,WALLET
E05716,C0942,5776.39,INVOICE_OVERDUE,Bank_D,E11,P002,NETBANKING
E05717,C0205,23193.64,SUBSCRIPTION_FAILED,Bank_A,E42,P007,UPI
E05718,C0917,12169.58,INVOICE_OVERDUE,Bank_A,E11,P020,WALLET
E05719,C0348,21394.83,PAYMENT_FAILED,Bank_D,E11,P006,UPI
E05720,C0137,20212.9,SUBSCRIPTION_FAILED,Bank_C,E17,P012,WALLET
E05721,C0747,4619.02,CHECKOUT_ABANDONED,Bank_D,E17,P014,CARD
E05722,C0824,20986.59,PAYMENT_FAILED,Bank_C,E42,P006,NETBANKING
E05723,C0656,23238.63,INVOICE_OVERDUE,Bank_C,E11,P018,CARD
E05724,C0228,22909.49,SUBSCRIPTION_FAILED,Bank_D,E42,P008,CARD
E05725,C0879,18946.73,SUBSCRIPTION_FAILED,Bank_A,E17,P014,WALLET
E05726,C0955,20022.57,INVOICE_OVERDUE,Bank_B,E42,P015,UPI
E05727,C0999,3865.2,INVOICE_OVERDUE,Bank_B,E23,P016,CARD
E05728,C0697,6662.22,CHECKOUT_ABANDONED,Bank_C,E42,P014,NETBANKING
E05729,C0508,19651.54,CHECKOUT_ABANDONED,Bank_A,E42,P013,CARD
E05730,C0771,9015.99,PAYMENT_FAILED,Bank_B,E23,P011,UPI
E05731,C0264,8166.71,CHECKOUT_ABANDONED,Bank_A,E42,P012,UPI
E05732,C0311,3398.52,PAYMENT_FAILED,Bank_C,E42,P011,WALLET
E05733,C0002,20325.3,CHECKOUT_ABANDONED,Bank_D,E11,P006,UPI
E05734,C0134,23425.4,PAYMENT_FAILED,Bank_B,E23,P001,CARD
E05735,C0273,7994.12,SUBSCRIPTION_FAILED,Bank_C,E23,P008,NETBANKING
E05736,C0121,1542.54,SUBSCRIPTION_FAILED,Bank_C,E42,P012,CARD
E05737,C0027,4235.56,INVOICE_OVERDUE,Bank_C,E23,P011,CARD
E05738,C0545,15653.66,CHECKOUT_ABANDONED,Bank_B,E11,P017,UPI
E05739,C0642,14335.09,CHECKOUT_ABANDONED,Bank_A,E11,P018,UPI
E05740,C0883,14166.33,PAYMENT_FAILED,Bank_A,E42,P004,NETBANKING
E05741,C0930,7968.82,CHECKOUT_ABANDONED,Bank_C,E17,P012,NETBANKING
E05742,C0888,22849.78,CHECKOUT_ABANDONED,Bank_D,E17,P002,NETBANKING
E05743,C0562,23601.18,PAYMENT_FAILED,Bank_D,E42,P019,NETBANKING
E05744,C0790,8662.1,PAYMENT_FAILED,Bank_A,E42,P009,CARD
E05745,C0523,17624.85,CHECKOUT_ABANDONED,Bank_A,E23,P009,WALLET
E05746,C0154,1349.25,SUBSCRIPTION_FAILED,Bank_A,E17,P008,CARD
E05747,C0976,14863.78,INVOICE_OVERDUE,Bank_D,E42,P009,CARD
E05748,C0279,20990.72,PAYMENT_FAILED,Bank_B,E11,P019,WALLET
E05749,C0429,20079.3,SUBSCRIPTION_FAILED,Bank_D,E42,P016,CARD
E05750,C0377,8871.41,INVOICE_OVERDUE,Bank_A,E42,P020,WALLET
E05751,C0891,2093.46,INVOICE_OVERDUE,Bank_A,E42,P017,WALLET
E05752,C0672,6146.23,PAYMENT_FAILED,Bank_B,E42,P001,NETBANKING
E05753,C0031,11634.47,CHECKOUT_ABANDONED,Bank_C,E11,P014,CARD
E05754,C0782,1129.44,INVOICE_OVERDUE,Bank_A,E17,P011,NETBANKING
E05755,C0103,23841.52,INVOICE_OVERDUE,Bank_D,E42,P004,WALLET
E05756,C0757,7384.76,INVOICE_OVERDUE,Bank_B,E23,P009,UPI
E05757,C0029,18935.2,PAYMENT_FAILED,Bank_A,E42,P004,UPI
E05758,C0353,7613.9,SUBSCRIPTION_FAILED,Bank_C,E17,P012,WALLET
E05759,C0160,16640.66,SUBSCRIPTION_FAILED,Bank_A,E42,P014,NETBANKING
E05760,C0443,2422.37,INVOICE_OVERDUE,Bank_A,E17,P006,NETBANKING
E05761,C0005,1659.47,PAYMENT_FAILED,Bank_A,E42,P010,NETBANKING
E05762,C0321,510.76,PAYMENT_FAILED,Bank_B,E17,P017,CARD
E05763,C0830,14717.17,PAYMENT_FAILED,Bank_A,E42,P015,NETBANKING
E05764,C0061,20159.82,PAYMENT_FAILED,Bank_D,E23,P004,UPI
E05765,C0271,9591.97,INVOICE_OVERDUE,Bank_B,E11,P008,UPI
E05766,C0514,12673.6,CHECKOUT_ABANDONED,Bank_B,E42,P013,WALLET
E05767,C0424,22874.23,SUBSCRIPTION_FAILED,Bank_A,E42,P006,WALLET
E05768,C0596,19607.06,INVOICE_OVERDUE,Bank_D,E23,P012,CARD
E05769,C0032,13438.05,INVOICE_OVERDUE,Bank_A,E11,P015,WALLET
E05770,C0304,877.5,CHECKOUT_ABANDONED,Bank_B,E23,P020,WALLET
E05771,C0106,808.74,INVOICE_OVERDUE,Bank_C,E17,P019,WALLET
E05772,C0466,808.24,SUBSCRIPTION_FAILED,Bank_C,E17,P003,UPI
E05773,C0537,11182.07,CHECKOUT_ABANDONED,Bank_C,E11,P002,UPI
E05774,C0146,15729.07,PAYMENT_FAILED,Bank_B,E42,P012,UPI
E05775,C0122,3325.41,CHECKOUT_ABANDONED,Bank_D,E17,P015,NETBANKING
E05776,C0901,2622.46,CHECKOUT_ABANDONED,Bank_C,E17,P006,CARD
E05777,C0126,22076.73,INVOICE_OVERDUE,Bank_A,E42,P017,CARD
E05778,C0091,7532.36,PAYMENT_FAILED,Bank_A,E17,P008,WALLET
E05779,C0606,10416.53,CHECKOUT_ABANDONED,Bank_A,E42,P012,UPI
E05780,C0547,8748.76,PAYMENT_FAILED,Bank_D,E42,P005,WALLET
E05781,C0211,17063.03,SUBSCRIPTION_FAILED,Bank_A,E42,P019,CARD
E05782,C0427,14550.31,CHECKOUT_ABANDONED,Bank_B,E42,P007,UPI
E05783,C0137,18983.94,INVOICE_OVERDUE,Bank_A,E23,P012,WALLET
E05784,C0772,24681.15,INVOICE_OVERDUE,Bank_A,E11,P007,NETBANKING
E05785,C0518,19304.67,PAYMENT_FAILED,Bank_C,E11,P017,UPI
E05786,C0852,24225.86,INVOICE_OVERDUE,Bank_C,E42,P005,NETBANKING
E05787,C0163,15806.93,PAYMENT_FAILED,Bank_D,E17,P008,WALLET
E05788,C0511,21830.48,SUBSCRIPTION_FAILED,Bank_D,E23,P003,NETBANKING
E05789,C0094,6194.27,INVOICE_OVERDUE,Bank_C,E17,P001,WALLET
E05790,C0159,8628.54,CHECKOUT_ABANDONED,Bank_B,E42,P018,CARD
E05791,C0111,23847.46,CHECKOUT_ABANDONED,Bank_C,E17,P012,UPI
E05792,C0595,22362.52,PAYMENT_FAILED,Bank_C,E11,P019,UPI
E05793,C0864,6939.22,INVOICE_OVERDUE,Bank_C,E23,P014,UPI
E05794,C0931,17189.21,SUBSCRIPTION_FAILED,Bank_D,E17,P006,WALLET
E05795,C0308,9391.03,SUBSCRIPTION_FAILED,Bank_A,E42,P008,UPI
E05796,C0951,15887.77,CHECKOUT_ABANDONED,Bank_B,E17,P020,UPI
E05797,C0065,9665.38,CHECKOUT_ABANDONED,Bank_C,E23,P015,UPI
E05798,C0038,11997.31,INVOICE_OVERDUE,Bank_A,E42,P016,NETBANKING
E05799,C0435,13098.86,INVOICE_OVERDUE,Bank_B,E17,P004,WALLET
E05800,C0135,11917.74,INVOICE_OVERDUE,Bank_B,E42,P009,NETBANKING
E05801,C0533,24532.01,CHECKOUT_ABANDONED,Bank_B,E23,P010,CARD
E05802,C0685,1791.78,INVOICE_OVERDUE,Bank_C,E23,P009,CARD
E05803,C0563,18386.86,CHECKOUT_ABANDONED,Bank_A,E42,P011,UPI
E05804,C0728,3739.34,SUBSCRIPTION_FAILED,Bank_D,E23,P010,CARD
E05805,C0886,5111.85,CHECKOUT_ABANDONED,Bank_C,E11,P010,CARD
E05806,C0405,20530.39,PAYMENT_FAILED,Bank_D,E17,P003,NETBANKING
E05807,C0070,5358.92,CHECKOUT_ABANDONED,Bank_A,E42,P002,UPI
E05808,C0977,12679.9,SUBSCRIPTION_FAILED,Bank_A,E23,P016,WALLET
E05809,C0360,20653.26,CHECKOUT_ABANDONED,Bank_C,E42,P013,UPI
E05810,C0538,18271.66,CHECKOUT_ABANDONED,Bank_A,E42,P009,NETBANKING
E05811,C0745,19824.67,CHECKOUT_ABANDONED,Bank_A,E42,P011,WALLET
E05812,C0217,21467.48,SUBSCRIPTION_FAILED,Bank_B,E17,P014,WALLET
E05813,C0647,2395.32,CHECKOUT_ABANDONED,Bank_B,E42,P002,UPI
E05814,C0688,2586.88,PAYMENT_FAILED,Bank_A,E42,P003,UPI
E05815,C0978,22652.79,PAYMENT_FAILED,Bank_A,E42,P017,WALLET
E05816,C0531,5296.82,PAYMENT_FAILED,Bank_C,E17,P019,WALLET
E05817,C0264,11011.9,PAYMENT_FAILED,Bank_C,E17,P014,NETBANKING
E05818,C0185,5039.45,CHECKOUT_ABANDONED,Bank_A,E42,P015,UPI
E05819,C0596,9953.72,CHECKOUT_ABANDONED,Bank_B,E23,P009,NETBANKING
E05820,C0757,8409.24,PAYMENT_FAILED,Bank_C,E23,P006,UPI
E05821,C0841,12742.37,SUBSCRIPTION_FAILED,Bank_C,E42,P018,UPI
E05822,C0350,7566.09,INVOICE_OVERDUE,Bank_C,E11,P020,CARD
E05823,C0863,14362.47,SUBSCRIPTION_FAILED,Bank_A,E11,P010,WALLET
E05824,C0253,23493.77,PAYMENT_FAILED,Bank_A,E42,P002,CARD
E05825,C0032,3758.98,PAYMENT_FAILED,Bank_A,E42,P020,UPI
E05826,C0781,15639.72,CHECKOUT_ABANDONED,Bank_A,E23,P013,UPI
E05827,C0342,7045.26,INVOICE_OVERDUE,Bank_A,E23,P018,UPI
E05828,C0179,579.65,INVOICE_OVERDUE,Bank_A,E17,P016,UPI
E05829,C0266,7651.45,SUBSCRIPTION_FAILED,Bank_D,E11,P019,WALLET
E05830,C0701,21220.65,SUBSCRIPTION_FAILED,Bank_C,E11,P019,NETBANKING
E05831,C0131,6096.75,CHECKOUT_ABANDONED,Bank_B,E11,P014,UPI
E05832,C0211,19818.86,INVOICE_OVERDUE,Bank_A,E42,P016,WALLET
E05833,C0689,23659.55,CHECKOUT_ABANDONED,Bank_B,E23,P008,UPI
E05834,C0612,1289.1,CHECKOUT_ABANDONED,Bank_C,E11,P016,CARD
E05835,C0614,8260.88,INVOICE_OVERDUE,Bank_A,E42,P008,NETBANKING
E05836,C0276,2039.08,SUBSCRIPTION_FAILED,Bank_B,E23,P016,NETBANKING
E05837,C0007,18228.37,INVOICE_OVERDUE,Bank_A,E42,P014,CARD
E05838,C0649,19312.74,INVOICE_OVERDUE,Bank_A,E42,P009,CARD
E05839,C0250,3077.69,SUBSCRIPTION_FAILED,Bank_A,E42,P006,NETBANKING
E05840,C0840,22421.16,PAYMENT_FAILED,Bank_C,E17,P002,NETBANKING
E05841,C0508,15713.48,SUBSCRIPTION_FAILED,Bank_D,E23,P011,CARD
E05842,C0034,5509.97,CHECKOUT_ABANDONED,Bank_A,E11,P018,UPI
E05843,C0982,23961.15,CHECKOUT_ABANDONED,Bank_D,E42,P006,WALLET
E05844,C0675,13277.68,INVOICE_OVERDUE,Bank_A,E23,P015,WALLET
E05845,C0092,22941.11,CHECKOUT_ABANDONED,Bank_B,E11,P012,WALLET
E05846,C0795,20642.28,SUBSCRIPTION_FAILED,Bank_A,E42,P017,CARD
E05847,C0599,12278.54,SUBSCRIPTION_FAILED,Bank_A,E17,P011,NETBANKING
E05848,C0945,21655.59,SUBSCRIPTION_FAILED,Bank_A,E42,P014,NETBANKING
E05849,C0795,19762.14,PAYMENT_FAILED,Bank_D,E11,P004,CARD
E05850,C0909,733.15,CHECKOUT_ABANDONED,Bank_C,E17,P015,CARD
E05851,C0681,17612.59,SUBSCRIPTION_FAILED,Bank_A,E42,P018,UPI
E05852,C0830,2997.75,INVOICE_OVERDUE,Bank_D,E42,P012,CARD
E05853,C0699,1292.93,CHECKOUT_ABANDONED,Bank_A,E23,P009,WALLET
E05854,C0385,3402.92,INVOICE_OVERDUE,Bank_A,E42,P016,UPI
E05855,C0575,1803.4,SUBSCRIPTION_FAILED,Bank_A,E17,P005,CARD
E05856,C0632,16778.74,PAYMENT_FAILED,Bank_A,E42,P013,CARD
E05857,C0499,17049.55,INVOICE_OVERDUE,Bank_A,E23,P015,WALLET
E05858,C0426,3297.5,PAYMENT_FAILED,Bank_A,E23,P006,CARD
E05859,C0920,14668.51,INVOICE_OVERDUE,Bank_A,E17,P014,CARD
E05860,C0780,763.69,INVOICE_OVERDUE,Bank_A,E42,P019,CARD
E05861,C0422,16863.9,PAYMENT_FAILED,Bank_B,E17,P009,NETBANKING
E05862,C0188,6363.77,CHECKOUT_ABANDONED,Bank_D,E42,P012,CARD
E05863,C0635,15272.25,CHECKOUT_ABANDONED,Bank_D,E42,P016,UPI
E05864,C0213,2993.52,PAYMENT_FAILED,Bank_C,E17,P003,WALLET
E05865,C0373,24861.05,SUBSCRIPTION_FAILED,Bank_B,E23,P014,WALLET
E05866,C0862,14628.37,INVOICE_OVERDUE,Bank_D,E23,P015,NETBANKING
E05867,C0731,17094.87,SUBSCRIPTION_FAILED,Bank_B,E42,P007,WALLET
E05868,C0767,4990.72,SUBSCRIPTION_FAILED,Bank_B,E42,P001,UPI
E05869,C0724,24909.14,CHECKOUT_ABANDONED,Bank_D,E42,P008,UPI
E05870,C0258,8930.73,PAYMENT_FAILED,Bank_A,E23,P020,WALLET
E05871,C0186,23803.84,INVOICE_OVERDUE,Bank_C,E11,P003,NETBANKING
E05872,C0595,4754.3,INVOICE_OVERDUE,Bank_C,E11,P005,UPI
E05873,C0566,10153.52,CHECKOUT_ABANDONED,Bank_A,E42,P019,NETBANKING
E05874,C0167,1012.06,SUBSCRIPTION_FAILED,Bank_A,E42,P006,CARD
E05875,C0569,24637.42,SUBSCRIPTION_FAILED,Bank_B,E17,P012,NETBANKING
E05876,C0909,7805.09,INVOICE_OVERDUE,Bank_B,E42,P015,WALLET
E05877,C0824,10851.2,PAYMENT_FAILED,Bank_A,E42,P006,NETBANKING
E05878,C0947,18161.58,PAYMENT_FAILED,Bank_A,E42,P005,UPI
E05879,C0959,13278.92,CHECKOUT_ABANDONED,Bank_C,E42,P010,CARD
E05880,C0341,21064.13,SUBSCRIPTION_FAILED,Bank_A,E23,P003,CARD
E05881,C0706,13362.83,INVOICE_OVERDUE,Bank_D,E17,P010,NETBANKING
E05882,C0283,10059.62,INVOICE_OVERDUE,Bank_C,E17,P011,NETBANKING
E05883,C0235,23892.29,SUBSCRIPTION_FAILED,Bank_C,E23,P008,CARD
E05884,C0411,2921.32,INVOICE_OVERDUE,Bank_A,E17,P006,UPI
E05885,C0861,1459.34,PAYMENT_FAILED,Bank_B,E23,P007,WALLET
E05886,C0413,786.83,PAYMENT_FAILED,Bank_A,E42,P012,NETBANKING
E05887,C0636,19697.41,INVOICE_OVERDUE,Bank_A,E17,P017,UPI
E05888,C0076,13757.32,INVOICE_OVERDUE,Bank_A,E42,P010,NETBANKING
E05889,C0158,11348.52,PAYMENT_FAILED,Bank_B,E17,P004,UPI
E05890,C0628,19944.46,SUBSCRIPTION_FAILED,Bank_D,E11,P007,WALLET
E05891,C0406,4037.71,INVOICE_OVERDUE,Bank_B,E17,P013,UPI
E05892,C0334,6389.99,INVOICE_OVERDUE,Bank_A,E42,P004,NETBANKING
E05893,C0584,10503.78,CHECKOUT_ABANDONED,Bank_A,E11,P016,WALLET
E05894,C0313,4269.45,SUBSCRIPTION_FAILED,Bank_B,E17,P006,UPI
E05895,C0450,12656.19,INVOICE_OVERDUE,Bank_D,E23,P005,WALLET
E05896,C0974,534.57,INVOICE_OVERDUE,Bank_A,E11,P015,CARD
E05897,C0075,17447.6,INVOICE_OVERDUE,Bank_D,E11,P007,UPI
E05898,C0864,24928.82,SUBSCRIPTION_FAILED,Bank_A,E11,P020,UPI
E05899,C0482,4053.84,CHECKOUT_ABANDONED,Bank_A,E11,P008,CARD
E05900,C0623,16251.78,INVOICE_OVERDUE,Bank_A,E42,P005,NETBANKING
E05901,C0578,17677.88,INVOICE_OVERDUE,Bank_C,E23,P019,NETBANKING
E05902,C0949,554.83,PAYMENT_FAILED,Bank_A,E42,P020,WALLET
E05903,C0094,13682.94,INVOICE_OVERDUE,Bank_C,E23,P002,UPI
E05904,C0877,7622.23,INVOICE_OVERDUE,Bank_B,E42,P005,CARD
E05905,C0927,12555.45,CHECKOUT_ABANDONED,Bank_B,E23,P002,UPI
E05906,C0857,16922.34,SUBSCRIPTION_FAILED,Bank_D,E17,P001,WALLET
E05907,C0793,18736.41,SUBSCRIPTION_FAILED,Bank_C,E42,P020,WALLET
E05908,C0983,8473.72,PAYMENT_FAILED,Bank_D,E23,P020,NETBANKING
E05909,C0158,13597.58,PAYMENT_FAILED,Bank_A,E42,P007,WALLET
E05910,C0063,1005.48,INVOICE_OVERDUE,Bank_C,E42,P012,CARD
E05911,C0608,17636.24,CHECKOUT_ABANDONED,Bank_A,E42,P013,WALLET
E05912,C0245,24149.85,SUBSCRIPTION_FAILED,Bank_B,E17,P015,UPI
E05913,C0364,1456.3,CHECKOUT_ABANDONED,Bank_A,E23,P003,CARD
E05914,C0448,14496.51,INVOICE_OVERDUE,Bank_C,E17,P009,NETBANKING
E05915,C0873,1197.56,SUBSCRIPTION_FAILED,Bank_A,E42,P010,CARD
E05916,C0551,11467.14,PAYMENT_FAILED,Bank_A,E42,P017,CARD
E05917,C0965,7407.92,INVOICE_OVERDUE,Bank_D,E11,P004,WALLET
E05918,C0240,536.06,PAYMENT_FAILED,Bank_C,E17,P020,WALLET
E05919,C0791,23273.08,CHECKOUT_ABANDONED,Bank_D,E17,P004,CARD
E05920,C0684,19311.47,SUBSCRIPTION_FAILED,Bank_A,E42,P016,WALLET
E05921,C0142,16687.04,INVOICE_OVERDUE,Bank_A,E11,P004,CARD
E05922,C0392,8619.68,PAYMENT_FAILED,Bank_A,E42,P007,WALLET
E05923,C0746,2451.84,PAYMENT_FAILED,Bank_C,E23,P006,WALLET
E05924,C0607,3573.94,CHECKOUT_ABANDONED,Bank_B,E17,P002,WALLET
E05925,C0181,3420.47,SUBSCRIPTION_FAILED,Bank_D,E17,P011,CARD
E05926,C0908,7428.07,PAYMENT_FAILED,Bank_B,E23,P003,CARD
E05927,C0447,15208.09,PAYMENT_FAILED,Bank_B,E42,P012,WALLET
E05928,C0517,7258.45,PAYMENT_FAILED,Bank_A,E42,P002,WALLET
E05929,C0080,6170.36,PAYMENT_FAILED,Bank_B,E23,P019,CARD
E05930,C0398,19598.33,SUBSCRIPTION_FAILED,Bank_D,E42,P001,CARD
E05931,C0940,20644.58,CHECKOUT_ABANDONED,Bank_B,E17,P013,NETBANKING
E05932,C0063,5275.26,INVOICE_OVERDUE,Bank_A,E42,P017,NETBANKING
E05933,C0060,4727.02,CHECKOUT_ABANDONED,Bank_C,E42,P019,NETBANKING
E05934,C0101,12354.12,PAYMENT_FAILED,Bank_D,E17,P014,CARD
E05935,C0841,5652.41,PAYMENT_FAILED,Bank_B,E42,P001,NETBANKING
E05936,C0684,20166.65,PAYMENT_FAILED,Bank_C,E23,P012,UPI
E05937,C0676,23637.05,PAYMENT_FAILED,Bank_C,E42,P013,CARD
E05938,C0542,17365.07,INVOICE_OVERDUE,Bank_A,E42,P010,UPI
E05939,C0231,7149.39,SUBSCRIPTION_FAILED,Bank_C,E17,P002,WALLET
E05940,C0882,865.72,CHECKOUT_ABANDONED,Bank_B,E42,P003,NETBANKING
E05941,C0342,1718.76,SUBSCRIPTION_FAILED,Bank_D,E23,P012,NETBANKING
E05942,C0771,24892.61,CHECKOUT_ABANDONED,Bank_A,E42,P010,CARD
E05943,C0408,17182.84,CHECKOUT_ABANDONED,Bank_A,E17,P010,WALLET
E05944,C0660,21198.83,SUBSCRIPTION_FAILED,Bank_C,E23,P017,CARD
E05945,C0858,11552.0,CHECKOUT_ABANDONED,Bank_A,E42,P018,WALLET
E05946,C0889,14287.5,INVOICE_OVERDUE,Bank_A,E23,P011,UPI
E05947,C0397,16316.1,CHECKOUT_ABANDONED,Bank_B,E23,P015,UPI
E05948,C0785,10593.59,SUBSCRIPTION_FAILED,Bank_D,E42,P016,WALLET
E05949,C0495,18178.66,SUBSCRIPTION_FAILED,Bank_C,E42,P017,NETBANKING
E05950,C0241,20830.22,INVOICE_OVERDUE,Bank_C,E23,P007,WALLET
E05951,C0362,22107.75,SUBSCRIPTION_FAILED,Bank_A,E42,P012,UPI
E05952,C0366,23814.24,CHECKOUT_ABANDONED,Bank_A,E23,P003,WALLET
E05953,C0993,2719.54,INVOICE_OVERDUE,Bank_B,E42,P020,WALLET
E05954,C0344,1686.07,CHECKOUT_ABANDONED,Bank_A,E11,P019,UPI
E05955,C0160,10315.25,SUBSCRIPTION_FAILED,Bank_A,E42,P015,CARD
E05956,C0844,23663.13,CHECKOUT_ABANDONED,Bank_D,E11,P004,UPI
E05957,C0307,22496.54,SUBSCRIPTION_FAILED,Bank_C,E42,P011,UPI
E05958,C0690,18409.07,CHECKOUT_ABANDONED,Bank_A,E23,P019,NETBANKING
E05959,C0643,8672.64,PAYMENT_FAILED,Bank_C,E11,P004,UPI
E05960,C0536,18584.55,SUBSCRIPTION_FAILED,Bank_C,E17,P008,UPI
E05961,C0114,1364.47,PAYMENT_FAILED,Bank_B,E11,P019,CARD
E05962,C0678,6008.6,SUBSCRIPTION_FAILED,Bank_B,E23,P003,UPI
E05963,C0929,14289.91,CHECKOUT_ABANDONED,Bank_A,E42,P018,CARD
E05964,C0121,2939.64,INVOICE_OVERDUE,Bank_D,E11,P015,UPI
E05965,C0243,7682.76,PAYMENT_FAILED,Bank_A,E42,P009,WALLET
E05966,C0132,12490.72,INVOICE_OVERDUE,Bank_A,E17,P019,CARD
E05967,C0707,22357.13,CHECKOUT_ABANDONED,Bank_A,E42,P002,UPI
E05968,C0803,23115.97,PAYMENT_FAILED,Bank_D,E17,P009,CARD
E05969,C0182,10177.71,SUBSCRIPTION_FAILED,Bank_B,E23,P015,NETBANKING
E05970,C0569,6444.17,CHECKOUT_ABANDONED,Bank_B,E42,P007,WALLET
E05971,C0561,16493.27,SUBSCRIPTION_FAILED,Bank_C,E17,P009,UPI
E05972,C0187,11514.38,SUBSCRIPTION_FAILED,Bank_D,E17,P012,UPI
E05973,C0431,8929.6,INVOICE_OVERDUE,Bank_B,E42,P007,CARD
E05974,C0434,14706.2,CHECKOUT_ABANDONED,Bank_B,E17,P018,CARD
E05975,C0186,2818.36,SUBSCRIPTION_FAILED,Bank_D,E23,P011,UPI
E05976,C0724,8436.86,INVOICE_OVERDUE,Bank_A,E42,P020,UPI
E05977,C0175,11645.16,SUBSCRIPTION_FAILED,Bank_B,E42,P016,WALLET
E05978,C0109,5877.15,SUBSCRIPTION_FAILED,Bank_A,E42,P020,WALLET
E05979,C0708,9391.34,SUBSCRIPTION_FAILED,Bank_A,E42,P019,UPI
E05980,C0106,16104.51,SUBSCRIPTION_FAILED,Bank_A,E42,P006,UPI
E05981,C0114,1386.06,INVOICE_OVERDUE,Bank_B,E42,P017,UPI
E05982,C0256,8060.0,CHECKOUT_ABANDONED,Bank_C,E23,P014,CARD
E05983,C0307,20729.1,SUBSCRIPTION_FAILED,Bank_A,E23,P002,WALLET
E05984,C0157,4100.21,SUBSCRIPTION_FAILED,Bank_D,E42,P010,CARD
E05985,C0736,9263.24,INVOICE_OVERDUE,Bank_B,E11,P013,CARD
E05986,C0580,13404.69,INVOICE_OVERDUE,Bank_D,E11,P011,NETBANKING
E05987,C0121,2492.04,CHECKOUT_ABANDONED,Bank_C,E42,P015,CARD
E05988,C0150,12369.07,SUBSCRIPTION_FAILED,Bank_D,E42,P019,UPI
E05989,C0191,22430.16,CHECKOUT_ABANDONED,Bank_B,E11,P002,NETBANKING
E05990,C0509,17038.26,CHECKOUT_ABANDONED,Bank_D,E17,P016,NETBANKING
E05991,C0243,14776.36,SUBSCRIPTION_FAILED,Bank_C,E42,P014,WALLET
E05992,C0275,17395.0,CHECKOUT_ABANDONED,Bank_C,E23,P018,WALLET
E05993,C0637,20765.93,PAYMENT_FAILED,Bank_A,E42,P013,NETBANKING
E05994,C0142,23455.93,CHECKOUT_ABANDONED,Bank_A,E23,P013,CARD
E05995,C0826,20870.85,INVOICE_OVERDUE,Bank_A,E23,P015,WALLET
E05996,C0973,2753.73,CHECKOUT_ABANDONED,Bank_A,E42,P006,WALLET
E05997,C0258,2038.03,INVOICE_OVERDUE,Bank_A,E42,P011,WALLET
E05998,C0028,19075.48,CHECKOUT_ABANDONED,Bank_A,E42,P014,NETBANKING
E05999,C0115,9611.42,SUBSCRIPTION_FAILED,Bank_A,E42,P018,UPI
E06000,C0539,2383.68,PAYMENT_FAILED,Bank_A,E42,P019,CARD
E06001,C0884,20539.6,PAYMENT_FAILED,Bank_B,E42,P002,NETBANKING
E06002,C0709,11486.72,SUBSCRIPTION_FAILED,Bank_A,E42,P004,NETBANKING
E06003,C0219,6674.1,CHECKOUT_ABANDONED,Bank_B,E42,P012,WALLET
E06004,C0307,20907.11,CHECKOUT_ABANDONED,Bank_B,E23,P016,CARD
E06005,C0047,18920.8,SUBSCRIPTION_FAILED,Bank_C,E23,P010,CARD
E06006,C0351,1684.14,INVOICE_OVERDUE,Bank_B,E23,P007,NETBANKING
E06007,C0572,15031.65,INVOICE_OVERDUE,Bank_D,E17,P007,UPI
E06008,C0642,1365.38,INVOICE_OVERDUE,Bank_C,E11,P015,UPI
E06009,C0231,21682.23,SUBSCRIPTION_FAILED,Bank_A,E23,P017,WALLET
E06010,C0644,4356.87,SUBSCRIPTION_FAILED,Bank_B,E23,P008,NETBANKING
E06011,C0648,3638.07,CHECKOUT_ABANDONED,Bank_D,E42,P018,NETBANKING
E06012,C0137,6517.08,INVOICE_OVERDUE,Bank_A,E11,P005,UPI
E06013,C0807,9702.75,INVOICE_OVERDUE,Bank_B,E42,P001,WALLET
E06014,C0988,3290.21,INVOICE_OVERDUE,Bank_B,E42,P015,CARD
E06015,C0592,23297.78,CHECKOUT_ABANDONED,Bank_B,E42,P005,WALLET
E06016,C0767,3648.55,PAYMENT_FAILED,Bank_A,E17,P010,WALLET
E06017,C0750,2131.39,CHECKOUT_ABANDONED,Bank_C,E42,P009,CARD
E06018,C0939,17147.19,PAYMENT_FAILED,Bank_C,E42,P003,NETBANKING
E06019,C0133,22333.44,SUBSCRIPTION_FAILED,Bank_A,E17,P004,CARD
E06020,C0863,22340.03,INVOICE_OVERDUE,Bank_B,E23,P011,WALLET
E06021,C0589,2004.88,PAYMENT_FAILED,Bank_C,E17,P013,NETBANKING
E06022,C0430,20645.16,SUBSCRIPTION_FAILED,Bank_A,E42,P020,WALLET
E06023,C0870,19267.87,INVOICE_OVERDUE,Bank_A,E42,P008,UPI
E06024,C0563,11218.53,PAYMENT_FAILED,Bank_D,E42,P018,NETBANKING
E06025,C0051,10207.16,PAYMENT_FAILED,Bank_D,E42,P015,CARD
E06026,C0597,4341.48,INVOICE_OVERDUE,Bank_A,E42,P012,NETBANKING
E06027,C0783,8153.34,PAYMENT_FAILED,Bank_A,E42,P013,NETBANKING
E06028,C0327,23836.93,INVOICE_OVERDUE,Bank_B,E42,P007,UPI
E06029,C0199,14283.55,INVOICE_OVERDUE,Bank_A,E11,P017,CARD
E06030,C0660,12503.38,CHECKOUT_ABANDONED,Bank_C,E17,P004,WALLET
E06031,C0002,10710.42,SUBSCRIPTION_FAILED,Bank_B,E42,P018,NETBANKING
E06032,C0729,19202.03,CHECKOUT_ABANDONED,Bank_B,E42,P010,WALLET
E06033,C0282,7031.58,CHECKOUT_ABANDONED,Bank_B,E11,P018,WALLET
E06034,C0497,5703.04,PAYMENT_FAILED,Bank_B,E17,P009,NETBANKING
E06035,C0869,9226.95,SUBSCRIPTION_FAILED,Bank_D,E23,P009,WALLET
E06036,C0366,13040.06,INVOICE_OVERDUE,Bank_A,E42,P008,UPI
E06037,C0669,16956.17,PAYMENT_FAILED,Bank_A,E42,P018,WALLET
E06038,C0317,19062.03,SUBSCRIPTION_FAILED,Bank_A,E11,P003,CARD
E06039,C0365,19016.19,PAYMENT_FAILED,Bank_B,E17,P006,CARD
E06040,C0300,12299.92,CHECKOUT_ABANDONED,Bank_B,E23,P007,CARD
E06041,C0474,23480.99,SUBSCRIPTION_FAILED,Bank_A,E42,P012,WALLET
E06042,C0399,5531.81,CHECKOUT_ABANDONED,Bank_D,E23,P003,CARD
E06043,C0174,3030.84,INVOICE_OVERDUE,Bank_B,E23,P016,CARD
E06044,C0551,17855.88,SUBSCRIPTION_FAILED,Bank_B,E42,P004,CARD
E06045,C0179,21803.94,PAYMENT_FAILED,Bank_A,E17,P008,WALLET
E06046,C0551,13464.46,SUBSCRIPTION_FAILED,Bank_A,E23,P019,WALLET
E06047,C0588,15964.77,INVOICE_OVERDUE,Bank_D,E42,P017,NETBANKING
E06048,C0660,829.61,PAYMENT_FAILED,Bank_C,E11,P019,CARD
E06049,C0701,8198.04,SUBSCRIPTION_FAILED,Bank_B,E11,P005,NETBANKING
E06050,C0278,16620.9,CHECKOUT_ABANDONED,Bank_C,E23,P014,NETBANKING
E06051,C0084,9328.31,INVOICE_OVERDUE,Bank_A,E42,P008,CARD
E06052,C0717,4433.41,PAYMENT_FAILED,Bank_C,E23,P003,NETBANKING
E06053,C0570,21468.66,SUBSCRIPTION_FAILED,Bank_B,E17,P020,CARD
E06054,C0866,23495.44,INVOICE_OVERDUE,Bank_A,E17,P020,NETBANKING
E06055,C0285,4012.43,PAYMENT_FAILED,Bank_A,E42,P018,UPI
E06056,C0638,18315.0,SUBSCRIPTION_FAILED,Bank_A,E11,P018,WALLET
E06057,C0523,5897.42,PAYMENT_FAILED,Bank_C,E42,P017,NETBANKING
E06058,C0371,1915.3,CHECKOUT_ABANDONED,Bank_A,E42,P018,NETBANKING
E06059,C0933,10317.63,CHECKOUT_ABANDONED,Bank_A,E42,P005,NETBANKING
E06060,C0247,15920.93,CHECKOUT_ABANDONED,Bank_A,E42,P006,CARD
E06061,C0124,1051.44,CHECKOUT_ABANDONED,Bank_A,E42,P013,WALLET
E06062,C0747,2676.73,INVOICE_OVERDUE,Bank_A,E42,P002,WALLET
E06063,C0436,18933.59,INVOICE_OVERDUE,Bank_A,E23,P002,CARD
E06064,C0464,7061.33,INVOICE_OVERDUE,Bank_A,E17,P012,NETBANKING
E06065,C0906,7422.95,CHECKOUT_ABANDONED,Bank_B,E17,P015,NETBANKING
E06066,C0055,13373.43,CHECKOUT_ABANDONED,Bank_B,E42,P005,WALLET
E06067,C0632,13109.77,PAYMENT_FAILED,Bank_A,E42,P011,UPI
E06068,C0568,23910.76,PAYMENT_FAILED,Bank_A,E42,P010,UPI
E06069,C0701,755.64,CHECKOUT_ABANDONED,Bank_B,E17,P012,UPI
E06070,C0155,11890.35,PAYMENT_FAILED,Bank_A,E42,P014,CARD
E06071,C0201,24013.65,INVOICE_OVERDUE,Bank_C,E23,P002,CARD
E06072,C0966,1325.21,SUBSCRIPTION_FAILED,Bank_C,E11,P003,WALLET
E06073,C0362,4786.2,CHECKOUT_ABANDONED,Bank_A,E42,P020,CARD
E06074,C0450,16493.02,CHECKOUT_ABANDONED,Bank_C,E11,P012,UPI
E06075,C0403,17204.7,SUBSCRIPTION_FAILED,Bank_B,E42,P020,WALLET
E06076,C0122,6842.3,CHECKOUT_ABANDONED,Bank_A,E42,P001,WALLET
E06077,C0105,7514.71,CHECKOUT_ABANDONED,Bank_C,E17,P011,CARD
E06078,C0025,22833.91,CHECKOUT_ABANDONED,Bank_C,E23,P015,WALLET
E06079,C0052,17144.02,SUBSCRIPTION_FAILED,Bank_D,E11,P005,WALLET
E06080,C0406,15999.75,CHECKOUT_ABANDONED,Bank_D,E17,P016,NETBANKING
E06081,C0359,11182.03,PAYMENT_FAILED,Bank_A,E42,P001,WALLET
E06082,C0055,24364.82,SUBSCRIPTION_FAILED,Bank_D,E42,P012,WALLET
E06083,C0983,8929.73,INVOICE_OVERDUE,Bank_A,E23,P007,NETBANKING
E06084,C0334,10388.66,PAYMENT_FAILED,Bank_C,E23,P008,WALLET
E06085,C0401,5218.99,PAYMENT_FAILED,Bank_C,E17,P013,NETBANKING
E06086,C0632,5849.23,INVOICE_OVERDUE,Bank_C,E23,P005,UPI
E06087,C0678,8222.25,CHECKOUT_ABANDONED,Bank_A,E11,P009,NETBANKING
E06088,C0603,9021.75,SUBSCRIPTION_FAILED,Bank_A,E42,P018,UPI
E06089,C0123,18859.91,INVOICE_OVERDUE,Bank_A,E42,P017,NETBANKING
E06090,C0298,8387.66,INVOICE_OVERDUE,Bank_D,E11,P001,WALLET
E06091,C0213,5688.25,SUBSCRIPTION_FAILED,Bank_A,E42,P019,NETBANKING
E06092,C0812,9770.63,CHECKOUT_ABANDONED,Bank_D,E11,P016,UPI
E06093,C0760,18077.24,SUBSCRIPTION_FAILED,Bank_A,E23,P003,WALLET
E06094,C0915,20290.33,PAYMENT_FAILED,Bank_D,E11,P020,WALLET
E06095,C0089,6137.64,CHECKOUT_ABANDONED,Bank_A,E42,P002,CARD
E06096,C0297,16429.33,INVOICE_OVERDUE,Bank_A,E11,P016,NETBANKING
E06097,C0766,15639.4,PAYMENT_FAILED,Bank_D,E23,P004,NETBANKING
E06098,C0036,3998.41,CHECKOUT_ABANDONED,Bank_D,E42,P004,UPI
E06099,C0943,5616.92,SUBSCRIPTION_FAILED,Bank_D,E17,P007,NETBANKING
E06100,C0902,5707.01,CHECKOUT_ABANDONED,Bank_A,E17,P014,UPI
E06101,C0051,1354.34,PAYMENT_FAILED,Bank_A,E11,P017,UPI
E06102,C0799,14472.44,INVOICE_OVERDUE,Bank_A,E23,P006,UPI
E06103,C0174,13971.54,CHECKOUT_ABANDONED,Bank_B,E17,P003,UPI
E06104,C0966,3360.78,SUBSCRIPTION_FAILED,Bank_A,E42,P015,CARD
E06105,C0053,11165.85,CHECKOUT_ABANDONED,Bank_C,E23,P003,NETBANKING
E06106,C0390,6843.88,PAYMENT_FAILED,Bank_B,E17,P009,UPI
E06107,C0268,16382.28,CHECKOUT_ABANDONED,Bank_A,E23,P015,NETBANKING
E06108,C0975,18107.92,PAYMENT_FAILED,Bank_A,E42,P011,CARD
E06109,C0976,6544.16,PAYMENT_FAILED,Bank_C,E42,P018,WALLET
E06110,C0933,14022.57,INVOICE_OVERDUE,Bank_B,E23,P004,UPI
E06111,C0627,13602.56,PAYMENT_FAILED,Bank_D,E23,P013,UPI
E06112,C0588,3432.28,CHECKOUT_ABANDONED,Bank_A,E42,P010,WALLET
E06113,C0017,10927.55,CHECKOUT_ABANDONED,Bank_A,E42,P018,WALLET
E06114,C0228,21362.88,INVOICE_OVERDUE,Bank_A,E42,P016,NETBANKING
E06115,C0353,14857.06,PAYMENT_FAILED,Bank_C,E17,P010,UPI
E06116,C0702,15768.3,PAYMENT_FAILED,Bank_D,E23,P019,UPI
E06117,C0235,4389.59,INVOICE_OVERDUE,Bank_B,E23,P020,WALLET
E06118,C0479,13107.59,PAYMENT_FAILED,Bank_A,E42,P013,CARD
E06119,C0117,6728.22,PAYMENT_FAILED,Bank_C,E42,P011,NETBANKING
E06120,C0301,12133.71,INVOICE_OVERDUE,Bank_C,E23,P017,UPI
E06121,C0198,19431.48,INVOICE_OVERDUE,Bank_A,E42,P002,NETBANKING
E06122,C0214,3125.44,SUBSCRIPTION_FAILED,Bank_A,E42,P006,NETBANKING
E06123,C0818,16538.31,SUBSCRIPTION_FAILED,Bank_B,E11,P009,CARD
E06124,C0586,21037.15,CHECKOUT_ABANDONED,Bank_C,E11,P004,CARD
E06125,C0952,7928.14,PAYMENT_FAILED,Bank_A,E11,P014,UPI
E06126,C0497,1224.65,CHECKOUT_ABANDONED,Bank_C,E17,P009,UPI
E06127,C0543,13083.49,PAYMENT_FAILED,Bank_A,E17,P002,NETBANKING
E06128,C0951,19323.68,SUBSCRIPTION_FAILED,Bank_A,E42,P018,UPI
E06129,C0071,13440.71,INVOICE_OVERDUE,Bank_C,E23,P003,CARD
E06130,C0977,10428.7,SUBSCRIPTION_FAILED,Bank_C,E11,P009,NETBANKING
E06131,C0731,15686.82,CHECKOUT_ABANDONED,Bank_D,E17,P009,WALLET
E06132,C0097,9833.8,CHECKOUT_ABANDONED,Bank_A,E42,P003,CARD
E06133,C0449,19949.74,SUBSCRIPTION_FAILED,Bank_D,E23,P009,WALLET
E06134,C0259,6912.08,PAYMENT_FAILED,Bank_C,E42,P017,UPI
E06135,C0522,11986.98,INVOICE_OVERDUE,Bank_A,E17,P004,CARD
E06136,C0889,3887.49,INVOICE_OVERDUE,Bank_C,E17,P019,WALLET
E06137,C0459,13582.11,PAYMENT_FAILED,Bank_D,E17,P007,CARD
E06138,C0771,21865.66,INVOICE_OVERDUE,Bank_A,E11,P016,CARD
E06139,C0507,24113.48,PAYMENT_FAILED,Bank_A,E11,P014,UPI
E06140,C0223,656.6,SUBSCRIPTION_FAILED,Bank_A,E42,P017,NETBANKING
E06141,C0303,4533.7,PAYMENT_FAILED,Bank_D,E23,P011,NETBANKING
E06142,C0786,4422.95,PAYMENT_FAILED,Bank_A,E42,P019,WALLET
E06143,C0572,17949.77,SUBSCRIPTION_FAILED,Bank_A,E23,P020,NETBANKING
E06144,C0725,14956.32,INVOICE_OVERDUE,Bank_B,E11,P005,NETBANKING
E06145,C0090,7477.64,PAYMENT_FAILED,Bank_A,E42,P006,WALLET
E06146,C0119,16532.45,CHECKOUT_ABANDONED,Bank_A,E11,P020,NETBANKING
E06147,C0634,5051.94,INVOICE_OVERDUE,Bank_B,E23,P008,UPI
E06148,C0243,7701.91,CHECKOUT_ABANDONED,Bank_D,E23,P009,CARD
E06149,C0733,4481.8,INVOICE_OVERDUE,Bank_A,E11,P008,CARD
E06150,C0209,18127.76,SUBSCRIPTION_FAILED,Bank_B,E11,P005,WALLET
E06151,C0182,10479.65,INVOICE_OVERDUE,Bank_A,E23,P007,NETBANKING
E06152,C0578,6144.25,PAYMENT_FAILED,Bank_D,E42,P018,CARD
E06153,C0595,18749.46,SUBSCRIPTION_FAILED,Bank_B,E11,P012,WALLET
E06154,C0240,5414.45,INVOICE_OVERDUE,Bank_C,E42,P017,WALLET
E06155,C0027,14211.8,INVOICE_OVERDUE,Bank_D,E42,P012,WALLET
E06156,C0722,23154.75,SUBSCRIPTION_FAILED,Bank_C,E11,P015,WALLET
E06157,C0431,1564.51,SUBSCRIPTION_FAILED,Bank_A,E42,P012,UPI
E06158,C0540,22772.9,PAYMENT_FAILED,Bank_D,E42,P015,UPI
E06159,C0129,17591.14,INVOICE_OVERDUE,Bank_D,E23,P009,CARD
E06160,C0007,957.61,SUBSCRIPTION_FAILED,Bank_B,E17,P011,UPI
E06161,C0043,16443.41,SUBSCRIPTION_FAILED,Bank_A,E42,P012,WALLET
E06162,C0117,12293.68,SUBSCRIPTION_FAILED,Bank_C,E23,P006,UPI
E06163,C0830,9143.89,SUBSCRIPTION_FAILED,Bank_A,E42,P019,UPI
E06164,C0519,2981.99,PAYMENT_FAILED,Bank_C,E23,P019,WALLET
E06165,C0396,4450.51,CHECKOUT_ABANDONED,Bank_D,E23,P002,UPI
E06166,C0804,14016.77,INVOICE_OVERDUE,Bank_B,E11,P008,WALLET
E06167,C0979,4273.34,PAYMENT_FAILED,Bank_A,E42,P004,WALLET
E06168,C0967,9680.17,SUBSCRIPTION_FAILED,Bank_B,E42,P001,CARD
E06169,C0634,18624.7,SUBSCRIPTION_FAILED,Bank_D,E23,P018,CARD
E06170,C0908,2246.82,INVOICE_OVERDUE,Bank_D,E42,P019,WALLET
E06171,C0656,14320.56,SUBSCRIPTION_FAILED,Bank_C,E11,P018,UPI
E06172,C0171,22959.99,INVOICE_OVERDUE,Bank_B,E17,P015,WALLET
E06173,C0611,16085.07,SUBSCRIPTION_FAILED,Bank_A,E42,P008,CARD
E06174,C0716,22373.88,SUBSCRIPTION_FAILED,Bank_A,E42,P013,NETBANKING
E06175,C0526,20336.7,SUBSCRIPTION_FAILED,Bank_D,E42,P020,CARD
E06176,C0980,6508.54,CHECKOUT_ABANDONED,Bank_C,E23,P015,WALLET
E06177,C0974,15399.46,CHECKOUT_ABANDONED,Bank_D,E17,P015,CARD
E06178,C0928,15811.76,PAYMENT_FAILED,Bank_A,E42,P014,CARD
E06179,C0443,23790.8,SUBSCRIPTION_FAILED,Bank_B,E23,P015,UPI
E06180,C0648,3864.41,INVOICE_OVERDUE,Bank_A,E42,P020,NETBANKING
E06181,C0487,6820.76,PAYMENT_FAILED,Bank_A,E11,P012,CARD
E06182,C0296,18335.37,SUBSCRIPTION_FAILED,Bank_C,E23,P011,WALLET
E06183,C0983,17038.9,INVOICE_OVERDUE,Bank_C,E17,P011,NETBANKING
E06184,C0910,14425.55,CHECKOUT_ABANDONED,Bank_D,E17,P009,UPI
E06185,C0491,6269.7,PAYMENT_FAILED,Bank_C,E23,P009,WALLET
E06186,C0752,15266.09,PAYMENT_FAILED,Bank_C,E42,P017,CARD
E06187,C0831,24726.62,SUBSCRIPTION_FAILED,Bank_A,E11,P010,CARD
E06188,C0077,8979.31,CHECKOUT_ABANDONED,Bank_D,E42,P001,WALLET
E06189,C0957,20451.64,SUBSCRIPTION_FAILED,Bank_A,E42,P006,NETBANKING
E06190,C0286,17376.59,PAYMENT_FAILED,Bank_A,E11,P011,UPI
E06191,C0674,16544.17,INVOICE_OVERDUE,Bank_B,E42,P006,UPI
E06192,C0923,9618.64,CHECKOUT_ABANDONED,Bank_A,E42,P005,WALLET
E06193,C0736,12920.5,PAYMENT_FAILED,Bank_A,E42,P007,UPI
E06194,C0409,24614.38,CHECKOUT_ABANDONED,Bank_B,E23,P002,NETBANKING
E06195,C0896,15785.71,SUBSCRIPTION_FAILED,Bank_B,E17,P012,CARD
E06196,C0588,18268.78,SUBSCRIPTION_FAILED,Bank_D,E23,P010,WALLET
E06197,C0347,20188.28,PAYMENT_FAILED,Bank_D,E42,P002,NETBANKING
E06198,C0771,7134.92,PAYMENT_FAILED,Bank_B,E23,P003,NETBANKING
E06199,C0384,5198.44,INVOICE_OVERDUE,Bank_A,E23,P010,UPI
E06200,C0603,24816.26,INVOICE_OVERDUE,Bank_A,E17,P006,UPI
E06201,C0647,6356.8,INVOICE_OVERDUE,Bank_D,E42,P011,NETBANKING
E06202,C0816,4515.47,CHECKOUT_ABANDONED,Bank_A,E17,P003,NETBANKING
E06203,C0269,3167.53,SUBSCRIPTION_FAILED,Bank_D,E23,P009,WALLET
E06204,C0416,15539.21,PAYMENT_FAILED,Bank_D,E11,P018,NETBANKING
E06205,C0359,9728.17,PAYMENT_FAILED,Bank_A,E42,P009,CARD
E06206,C0246,17404.8,CHECKOUT_ABANDONED,Bank_C,E17,P001,UPI
E06207,C0341,24829.13,SUBSCRIPTION_FAILED,Bank_C,E23,P004,WALLET
E06208,C0430,23694.32,PAYMENT_FAILED,Bank_D,E23,P003,UPI
E06209,C0207,22299.93,INVOICE_OVERDUE,Bank_D,E11,P013,NETBANKING
E06210,C0370,20252.25,CHECKOUT_ABANDONED,Bank_D,E11,P011,CARD
E06211,C0361,24014.2,INVOICE_OVERDUE,Bank_A,E17,P019,UPI
E06212,C0024,8751.58,CHECKOUT_ABANDONED,Bank_A,E17,P017,CARD
E06213,C0653,4143.65,CHECKOUT_ABANDONED,Bank_A,E42,P016,NETBANKING
E06214,C0035,9855.48,SUBSCRIPTION_FAILED,Bank_A,E42,P001,UPI
E06215,C0968,15055.85,CHECKOUT_ABANDONED,Bank_D,E11,P001,NETBANKING
E06216,C0211,5499.25,SUBSCRIPTION_FAILED,Bank_A,E42,P017,UPI
E06217,C0426,1766.98,CHECKOUT_ABANDONED,Bank_C,E23,P012,UPI
E06218,C0531,20391.98,CHECKOUT_ABANDONED,Bank_C,E42,P003,NETBANKING
E06219,C0205,12911.33,CHECKOUT_ABANDONED,Bank_D,E17,P020,CARD
E06220,C0458,10164.91,SUBSCRIPTION_FAILED,Bank_B,E11,P011,UPI
E06221,C0038,10156.52,CHECKOUT_ABANDONED,Bank_A,E17,P005,NETBANKING
E06222,C0738,6458.42,SUBSCRIPTION_FAILED,Bank_B,E23,P014,UPI
E06223,C0563,19452.24,INVOICE_OVERDUE,Bank_A,E42,P016,CARD
E06224,C0567,18173.42,PAYMENT_FAILED,Bank_A,E11,P014,CARD
E06225,C0711,21068.21,INVOICE_OVERDUE,Bank_C,E11,P002,UPI
E06226,C0139,12865.33,SUBSCRIPTION_FAILED,Bank_D,E23,P012,UPI
E06227,C0852,2721.85,PAYMENT_FAILED,Bank_B,E42,P015,NETBANKING
E06228,C0176,2804.19,SUBSCRIPTION_FAILED,Bank_A,E42,P016,WALLET
E06229,C0561,20075.6,INVOICE_OVERDUE,Bank_B,E17,P014,WALLET
E06230,C0763,11627.05,CHECKOUT_ABANDONED,Bank_A,E42,P011,UPI
E06231,C0837,1397.87,CHECKOUT_ABANDONED,Bank_A,E42,P009,NETBANKING
E06232,C0011,14118.63,PAYMENT_FAILED,Bank_B,E23,P008,UPI
E06233,C0076,19571.69,INVOICE_OVERDUE,Bank_D,E23,P018,NETBANKING
E06234,C0224,19828.72,CHECKOUT_ABANDONED,Bank_D,E11,P014,CARD
E06235,C0503,23575.9,SUBSCRIPTION_FAILED,Bank_B,E23,P003,UPI
E06236,C0662,6261.99,PAYMENT_FAILED,Bank_B,E11,P005,WALLET
E06237,C0284,9623.82,CHECKOUT_ABANDONED,Bank_B,E23,P004,NETBANKING
E06238,C0174,23912.41,PAYMENT_FAILED,Bank_C,E42,P014,CARD
E06239,C0215,14811.15,INVOICE_OVERDUE,Bank_D,E42,P010,NETBANKING
E06240,C0189,21930.04,PAYMENT_FAILED,Bank_B,E17,P011,CARD
E06241,C0277,21616.68,SUBSCRIPTION_FAILED,Bank_C,E11,P019,UPI
E06242,C0048,13973.09,SUBSCRIPTION_FAILED,Bank_A,E17,P003,WALLET
E06243,C0663,23766.93,PAYMENT_FAILED,Bank_C,E23,P001,CARD
E06244,C0605,836.22,INVOICE_OVERDUE,Bank_B,E42,P002,WALLET
E06245,C0853,24867.02,INVOICE_OVERDUE,Bank_A,E42,P009,NETBANKING
E06246,C0483,7729.47,PAYMENT_FAILED,Bank_C,E17,P014,NETBANKING
E06247,C0342,5634.39,INVOICE_OVERDUE,Bank_D,E17,P001,UPI
E06248,C0392,5373.6,INVOICE_OVERDUE,Bank_B,E17,P005,CARD
E06249,C0595,1041.59,PAYMENT_FAILED,Bank_A,E42,P011,NETBANKING
E06250,C0465,21809.29,SUBSCRIPTION_FAILED,Bank_B,E23,P012,NETBANKING
E06251,C0714,23708.33,CHECKOUT_ABANDONED,Bank_A,E42,P014,NETBANKING
E06252,C0166,8967.99,SUBSCRIPTION_FAILED,Bank_B,E17,P016,NETBANKING
E06253,C0355,17266.34,PAYMENT_FAILED,Bank_B,E11,P001,CARD
E06254,C0190,547.19,SUBSCRIPTION_FAILED,Bank_B,E23,P007,WALLET
E06255,C0108,6110.47,PAYMENT_FAILED,Bank_B,E42,P003,CARD
E06256,C0947,7171.54,PAYMENT_FAILED,Bank_D,E11,P006,NETBANKING
E06257,C0811,24628.46,CHECKOUT_ABANDONED,Bank_D,E11,P012,CARD
E06258,C0760,5946.22,INVOICE_OVERDUE,Bank_B,E42,P005,UPI
E06259,C0798,19666.62,CHECKOUT_ABANDONED,Bank_B,E23,P014,NETBANKING
E06260,C0073,8400.28,INVOICE_OVERDUE,Bank_B,E17,P003,UPI
E06261,C0857,23403.76,CHECKOUT_ABANDONED,Bank_D,E42,P008,NETBANKING
E06262,C0818,1344.16,PAYMENT_FAILED,Bank_C,E23,P015,UPI
E06263,C0138,23771.36,CHECKOUT_ABANDONED,Bank_D,E42,P005,NETBANKING
E06264,C0671,7405.55,PAYMENT_FAILED,Bank_C,E11,P003,UPI
E06265,C0265,17733.93,SUBSCRIPTION_FAILED,Bank_B,E23,P003,WALLET
E06266,C0675,14492.85,PAYMENT_FAILED,Bank_A,E42,P017,CARD
E06267,C0223,1899.99,CHECKOUT_ABANDONED,Bank_C,E42,P010,WALLET
E06268,C0933,11957.28,PAYMENT_FAILED,Bank_D,E17,P010,WALLET
E06269,C0221,4085.96,CHECKOUT_ABANDONED,Bank_D,E23,P012,UPI
E06270,C0588,23007.62,CHECKOUT_ABANDONED,Bank_B,E23,P011,CARD
E06271,C0869,11011.05,SUBSCRIPTION_FAILED,Bank_C,E11,P007,UPI
E06272,C0642,15271.33,CHECKOUT_ABANDONED,Bank_C,E23,P004,CARD
E06273,C0456,2108.62,PAYMENT_FAILED,Bank_C,E17,P012,NETBANKING
E06274,C0878,11019.64,INVOICE_OVERDUE,Bank_C,E23,P006,UPI
E06275,C0692,4011.58,PAYMENT_FAILED,Bank_C,E42,P006,WALLET
E06276,C0385,11104.37,SUBSCRIPTION_FAILED,Bank_A,E11,P010,CARD
E06277,C0036,14485.54,CHECKOUT_ABANDONED,Bank_C,E42,P010,CARD
E06278,C0347,17980.51,PAYMENT_FAILED,Bank_C,E23,P016,NETBANKING
E06279,C0445,19351.01,PAYMENT_FAILED,Bank_C,E23,P009,WALLET
E06280,C0590,23779.69,SUBSCRIPTION_FAILED,Bank_C,E11,P014,NETBANKING
E06281,C0155,4646.02,INVOICE_OVERDUE,Bank_A,E17,P015,WALLET
E06282,C0763,11935.37,INVOICE_OVERDUE,Bank_A,E42,P008,NETBANKING
E06283,C0922,7267.72,SUBSCRIPTION_FAILED,Bank_A,E42,P019,WALLET
E06284,C0615,9302.18,PAYMENT_FAILED,Bank_A,E42,P001,WALLET
E06285,C0814,3715.11,PAYMENT_FAILED,Bank_D,E17,P009,NETBANKING
E06286,C0400,24601.52,INVOICE_OVERDUE,Bank_A,E42,P004,NETBANKING
E06287,C0903,21710.37,INVOICE_OVERDUE,Bank_A,E23,P003,WALLET
E06288,C0526,22497.09,PAYMENT_FAILED,Bank_B,E42,P015,CARD
E06289,C0003,15722.25,INVOICE_OVERDUE,Bank_A,E42,P012,NETBANKING
E06290,C0284,1772.27,INVOICE_OVERDUE,Bank_A,E23,P007,NETBANKING
E06291,C0698,9645.01,PAYMENT_FAILED,Bank_B,E42,P005,NETBANKING
E06292,C0555,3811.97,CHECKOUT_ABANDONED,Bank_A,E23,P019,WALLET
E06293,C0411,23047.5,SUBSCRIPTION_FAILED,Bank_C,E17,P010,WALLET
E06294,C0700,9780.98,CHECKOUT_ABANDONED,Bank_A,E17,P012,CARD
E06295,C0800,4716.27,SUBSCRIPTION_FAILED,Bank_D,E17,P015,WALLET
E06296,C0447,2770.26,PAYMENT_FAILED,Bank_D,E23,P002,WALLET
E06297,C0947,655.29,PAYMENT_FAILED,Bank_B,E17,P019,WALLET
E06298,C0587,14492.93,PAYMENT_FAILED,Bank_D,E11,P007,WALLET
E06299,C0310,6901.23,CHECKOUT_ABANDONED,Bank_A,E42,P016,NETBANKING
E06300,C0575,23420.34,PAYMENT_FAILED,Bank_A,E42,P019,NETBANKING
E06301,C0070,9860.08,INVOICE_OVERDUE,Bank_D,E17,P003,WALLET
E06302,C0625,991.7,CHECKOUT_ABANDONED,Bank_A,E42,P010,WALLET
E06303,C0030,18088.95,CHECKOUT_ABANDONED,Bank_B,E42,P013,WALLET
E06304,C0496,10254.95,INVOICE_OVERDUE,Bank_D,E17,P019,NETBANKING
E06305,C0452,15545.3,SUBSCRIPTION_FAILED,Bank_C,E17,P016,UPI
E06306,C0602,5092.2,PAYMENT_FAILED,Bank_A,E42,P010,NETBANKING
E06307,C0792,24415.86,INVOICE_OVERDUE,Bank_A,E23,P012,UPI
E06308,C0850,4915.4,INVOICE_OVERDUE,Bank_B,E42,P001,CARD
E06309,C0150,9866.67,SUBSCRIPTION_FAILED,Bank_B,E23,P004,NETBANKING
E06310,C0754,12346.88,CHECKOUT_ABANDONED,Bank_B,E42,P003,CARD
E06311,C0400,8477.55,CHECKOUT_ABANDONED,Bank_A,E42,P014,UPI
E06312,C0119,17095.38,PAYMENT_FAILED,Bank_A,E42,P016,WALLET
E06313,C0953,7746.53,INVOICE_OVERDUE,Bank_C,E42,P010,UPI
E06314,C0323,3149.41,INVOICE_OVERDUE,Bank_A,E42,P009,CARD
E06315,C0023,18889.91,SUBSCRIPTION_FAILED,Bank_B,E42,P013,WALLET
E06316,C0380,14565.88,INVOICE_OVERDUE,Bank_C,E23,P020,NETBANKING
E06317,C0110,17607.64,PAYMENT_FAILED,Bank_A,E42,P010,NETBANKING
E06318,C0189,12094.72,CHECKOUT_ABANDONED,Bank_D,E42,P010,NETBANKING
E06319,C0330,13841.85,CHECKOUT_ABANDONED,Bank_C,E23,P017,NETBANKING
E06320,C0147,23592.04,CHECKOUT_ABANDONED,Bank_A,E11,P012,UPI
E06321,C0462,7169.81,SUBSCRIPTION_FAILED,Bank_D,E17,P020,UPI
E06322,C0474,24662.21,CHECKOUT_ABANDONED,Bank_C,E17,P014,UPI
E06323,C0795,15269.72,SUBSCRIPTION_FAILED,Bank_A,E42,P019,CARD
E06324,C0707,12675.29,SUBSCRIPTION_FAILED,Bank_D,E42,P009,NETBANKING
E06325,C0635,7897.21,PAYMENT_FAILED,Bank_D,E42,P006,WALLET
E06326,C0069,16261.95,PAYMENT_FAILED,Bank_C,E42,P020,WALLET
E06327,C0682,14363.56,SUBSCRIPTION_FAILED,Bank_C,E42,P006,WALLET
E06328,C0384,1461.43,PAYMENT_FAILED,Bank_A,E42,P003,WALLET
E06329,C0265,849.66,CHECKOUT_ABANDONED,Bank_B,E17,P017,WALLET
E06330,C0448,13327.69,SUBSCRIPTION_FAILED,Bank_A,E17,P008,WALLET
E06331,C0534,11460.24,PAYMENT_FAILED,Bank_C,E42,P016,CARD
E06332,C0349,23520.79,PAYMENT_FAILED,Bank_A,E42,P013,NETBANKING
E06333,C0552,17719.61,INVOICE_OVERDUE,Bank_A,E42,P016,WALLET
E06334,C0470,16882.44,PAYMENT_FAILED,Bank_A,E42,P020,WALLET
E06335,C0857,13286.49,PAYMENT_FAILED,Bank_D,E11,P013,NETBANKING
E06336,C0686,13447.3,CHECKOUT_ABANDONED,Bank_B,E11,P016,NETBANKING
E06337,C0271,24461.93,SUBSCRIPTION_FAILED,Bank_C,E17,P005,WALLET
E06338,C0729,9962.13,CHECKOUT_ABANDONED,Bank_A,E42,P019,NETBANKING
E06339,C0559,18081.47,INVOICE_OVERDUE,Bank_D,E42,P010,WALLET
E06340,C0691,11992.19,INVOICE_OVERDUE,Bank_A,E42,P001,CARD
E06341,C0617,18055.65,SUBSCRIPTION_FAILED,Bank_A,E17,P003,UPI
E06342,C0697,16702.64,CHECKOUT_ABANDONED,Bank_A,E11,P013,UPI
E06343,C0779,8232.57,PAYMENT_FAILED,Bank_A,E17,P002,CARD
E06344,C0033,7970.35,CHECKOUT_ABANDONED,Bank_D,E11,P017,UPI
E06345,C0279,20690.35,SUBSCRIPTION_FAILED,Bank_D,E11,P006,UPI
E06346,C0176,21589.27,INVOICE_OVERDUE,Bank_A,E42,P008,CARD
E06347,C0867,7548.6,SUBSCRIPTION_FAILED,Bank_A,E42,P010,CARD
E06348,C0491,15508.22,PAYMENT_FAILED,Bank_D,E23,P007,CARD
E06349,C0898,16209.1,CHECKOUT_ABANDONED,Bank_B,E42,P015,UPI
E06350,C0433,9099.07,INVOICE_OVERDUE,Bank_B,E17,P019,NETBANKING
E06351,C0968,9175.06,INVOICE_OVERDUE,Bank_C,E17,P014,UPI
E06352,C0303,1966.65,PAYMENT_FAILED,Bank_A,E42,P005,NETBANKING
E06353,C0333,8679.48,SUBSCRIPTION_FAILED,Bank_B,E17,P017,CARD
E06354,C0930,4372.87,CHECKOUT_ABANDONED,Bank_C,E23,P014,WALLET
E06355,C0964,20154.17,INVOICE_OVERDUE,Bank_C,E11,P017,NETBANKING
E06356,C0866,13674.08,CHECKOUT_ABANDONED,Bank_A,E11,P008,NETBANKING
E06357,C0079,19573.99,SUBSCRIPTION_FAILED,Bank_B,E11,P017,WALLET
E06358,C0949,989.11,CHECKOUT_ABANDONED,Bank_D,E11,P002,UPI
E06359,C0409,10732.34,INVOICE_OVERDUE,Bank_A,E42,P017,WALLET
E06360,C0132,1729.31,SUBSCRIPTION_FAILED,Bank_B,E23,P018,NETBANKING
E06361,C0463,21725.65,PAYMENT_FAILED,Bank_A,E17,P006,NETBANKING
E06362,C0406,19075.06,PAYMENT_FAILED,Bank_C,E17,P006,WALLET
E06363,C0351,14366.2,SUBSCRIPTION_FAILED,Bank_A,E42,P019,UPI
E06364,C0191,24666.03,CHECKOUT_ABANDONED,Bank_A,E42,P018,WALLET
E06365,C0484,10587.17,INVOICE_OVERDUE,Bank_A,E42,P019,WALLET
E06366,C0703,4315.47,SUBSCRIPTION_FAILED,Bank_C,E23,P017,NETBANKING
E06367,C0656,5680.28,PAYMENT_FAILED,Bank_C,E42,P005,CARD
E06368,C0665,2251.11,CHECKOUT_ABANDONED,Bank_D,E17,P006,UPI
E06369,C0356,3973.7,CHECKOUT_ABANDONED,Bank_C,E17,P010,CARD
E06370,C0625,23612.42,SUBSCRIPTION_FAILED,Bank_A,E42,P016,NETBANKING
E06371,C0592,5633.09,INVOICE_OVERDUE,Bank_A,E17,P011,NETBANKING
E06372,C0976,22430.53,CHECKOUT_ABANDONED,Bank_A,E17,P013,CARD
E06373,C0878,13006.51,PAYMENT_FAILED,Bank_A,E42,P010,CARD
E06374,C0142,14222.84,CHECKOUT_ABANDONED,Bank_B,E42,P002,UPI
E06375,C0361,9036.18,CHECKOUT_ABANDONED,Bank_A,E42,P005,UPI
E06376,C0370,19165.82,INVOICE_OVERDUE,Bank_D,E23,P018,WALLET
E06377,C0144,17769.99,PAYMENT_FAILED,Bank_A,E42,P008,UPI
E06378,C0401,3652.04,INVOICE_OVERDUE,Bank_D,E11,P014,NETBANKING
E06379,C0009,3289.86,PAYMENT_FAILED,Bank_B,E23,P003,UPI
E06380,C0706,11467.78,PAYMENT_FAILED,Bank_B,E23,P006,NETBANKING
E06381,C0881,14251.82,INVOICE_OVERDUE,Bank_B,E17,P010,WALLET
E06382,C0927,9370.92,CHECKOUT_ABANDONED,Bank_B,E23,P003,UPI
E06383,C0169,17142.51,INVOICE_OVERDUE,Bank_C,E11,P003,NETBANKING
E06384,C0361,9910.26,INVOICE_OVERDUE,Bank_B,E23,P019,UPI
E06385,C0809,16640.43,SUBSCRIPTION_FAILED,Bank_C,E23,P016,UPI
E06386,C0955,21246.09,SUBSCRIPTION_FAILED,Bank_D,E42,P016,NETBANKING
E06387,C0655,24480.8,PAYMENT_FAILED,Bank_A,E42,P013,CARD
E06388,C0459,17701.7,INVOICE_OVERDUE,Bank_A,E42,P002,CARD
E06389,C0995,6924.74,CHECKOUT_ABANDONED,Bank_A,E42,P012,NETBANKING
E06390,C0371,11196.51,INVOICE_OVERDUE,Bank_A,E42,P015,WALLET
E06391,C0668,21006.68,SUBSCRIPTION_FAILED,Bank_D,E42,P010,UPI
E06392,C0909,15010.37,INVOICE_OVERDUE,Bank_C,E42,P020,WALLET
E06393,C0445,17642.35,INVOICE_OVERDUE,Bank_D,E23,P019,WALLET
E06394,C0280,19917.13,SUBSCRIPTION_FAILED,Bank_A,E42,P005,UPI
E06395,C0190,19549.1,INVOICE_OVERDUE,Bank_A,E17,P001,CARD
E06396,C0922,3255.34,INVOICE_OVERDUE,Bank_D,E23,P018,NETBANKING
E06397,C0803,3458.23,CHECKOUT_ABANDONED,Bank_D,E42,P002,CARD
E06398,C0252,7658.95,INVOICE_OVERDUE,Bank_A,E11,P002,CARD
E06399,C0276,5468.7,CHECKOUT_ABANDONED,Bank_A,E42,P005,WALLET
E06400,C0339,10955.06,SUBSCRIPTION_FAILED,Bank_A,E42,P015,UPI
E06401,C0009,18692.82,PAYMENT_FAILED,Bank_A,E42,P009,CARD
E06402,C0917,20823.6,INVOICE_OVERDUE,Bank_A,E42,P009,NETBANKING
E06403,C0126,23279.78,INVOICE_OVERDUE,Bank_C,E11,P002,WALLET
E06404,C0350,10697.73,SUBSCRIPTION_FAILED,Bank_A,E17,P011,CARD
E06405,C0610,11104.15,SUBSCRIPTION_FAILED,Bank_C,E17,P004,CARD
E06406,C0955,12145.31,INVOICE_OVERDUE,Bank_B,E11,P007,WALLET
E06407,C0274,4873.96,CHECKOUT_ABANDONED,Bank_B,E42,P004,WALLET
E06408,C0196,17570.96,INVOICE_OVERDUE,Bank_D,E42,P012,CARD
E06409,C0887,21261.12,PAYMENT_FAILED,Bank_C,E17,P011,NETBANKING
E06410,C0141,12376.75,PAYMENT_FAILED,Bank_A,E42,P018,NETBANKING
E06411,C0556,3912.89,PAYMENT_FAILED,Bank_C,E23,P001,NETBANKING
E06412,C0459,14514.27,CHECKOUT_ABANDONED,Bank_B,E23,P019,UPI
E06413,C0293,3038.3,PAYMENT_FAILED,Bank_A,E42,P006,CARD
E06414,C0572,6813.33,CHECKOUT_ABANDONED,Bank_D,E17,P009,WALLET
E06415,C0014,19862.38,SUBSCRIPTION_FAILED,Bank_A,E42,P020,CARD
E06416,C0704,2176.52,PAYMENT_FAILED,Bank_B,E17,P004,UPI
E06417,C0959,12154.77,PAYMENT_FAILED,Bank_C,E17,P011,NETBANKING
E06418,C0214,4843.14,CHECKOUT_ABANDONED,Bank_A,E23,P011,WALLET
E06419,C0643,19999.94,INVOICE_OVERDUE,Bank_A,E42,P009,CARD
E06420,C0762,10009.67,INVOICE_OVERDUE,Bank_A,E42,P008,NETBANKING
E06421,C0518,11202.34,PAYMENT_FAILED,Bank_C,E17,P013,CARD
E06422,C0274,7817.34,CHECKOUT_ABANDONED,Bank_B,E17,P009,CARD
E06423,C0688,7327.87,SUBSCRIPTION_FAILED,Bank_A,E42,P009,NETBANKING
E06424,C0151,5197.19,INVOICE_OVERDUE,Bank_A,E11,P001,CARD
E06425,C0148,5584.61,PAYMENT_FAILED,Bank_A,E17,P007,UPI
E06426,C0512,17284.94,CHECKOUT_ABANDONED,Bank_D,E42,P009,UPI
E06427,C0437,24317.01,SUBSCRIPTION_FAILED,Bank_B,E23,P008,WALLET
E06428,C0604,1518.73,CHECKOUT_ABANDONED,Bank_A,E42,P015,UPI
E06429,C0904,20004.17,SUBSCRIPTION_FAILED,Bank_B,E42,P003,CARD
E06430,C0281,18135.01,INVOICE_OVERDUE,Bank_D,E17,P006,CARD
E06431,C0873,1441.77,SUBSCRIPTION_FAILED,Bank_A,E42,P014,UPI
E06432,C0717,21455.69,CHECKOUT_ABANDONED,Bank_C,E42,P019,UPI
E06433,C0106,7213.58,PAYMENT_FAILED,Bank_B,E23,P008,WALLET
E06434,C0962,18447.1,PAYMENT_FAILED,Bank_B,E11,P005,CARD
E06435,C0510,632.11,SUBSCRIPTION_FAILED,Bank_A,E42,P007,NETBANKING
E06436,C0371,17758.7,INVOICE_OVERDUE,Bank_C,E23,P018,UPI
E06437,C0606,11858.68,SUBSCRIPTION_FAILED,Bank_D,E11,P018,NETBANKING
E06438,C0113,20557.83,SUBSCRIPTION_FAILED,Bank_D,E42,P018,WALLET
E06439,C0730,21783.5,INVOICE_OVERDUE,Bank_D,E11,P001,UPI
E06440,C0106,21307.99,CHECKOUT_ABANDONED,Bank_A,E42,P011,NETBANKING
E06441,C0036,14583.64,CHECKOUT_ABANDONED,Bank_A,E17,P007,NETBANKING
E06442,C0684,13524.65,PAYMENT_FAILED,Bank_C,E42,P002,NETBANKING
E06443,C0409,20052.86,PAYMENT_FAILED,Bank_A,E42,P002,NETBANKING
E06444,C0381,5595.99,CHECKOUT_ABANDONED,Bank_A,E17,P010,WALLET
E06445,C0431,12176.82,PAYMENT_FAILED,Bank_C,E17,P007,WALLET
E06446,C0058,2974.95,SUBSCRIPTION_FAILED,Bank_C,E23,P020,CARD
E06447,C0969,12813.38,PAYMENT_FAILED,Bank_B,E42,P009,UPI
E06448,C0776,4500.57,SUBSCRIPTION_FAILED,Bank_D,E17,P003,WALLET
E06449,C0161,13745.62,CHECKOUT_ABANDONED,Bank_B,E42,P016,NETBANKING
E06450,C0313,22261.57,PAYMENT_FAILED,Bank_B,E11,P004,NETBANKING
E06451,C0861,5987.0,INVOICE_OVERDUE,Bank_A,E42,P004,WALLET
E06452,C0523,22032.63,PAYMENT_FAILED,Bank_C,E11,P004,CARD
E06453,C0555,14449.35,CHECKOUT_ABANDONED,Bank_A,E42,P006,CARD
E06454,C0837,14698.18,CHECKOUT_ABANDONED,Bank_D,E23,P019,WALLET
E06455,C0649,9765.34,PAYMENT_FAILED,Bank_C,E42,P019,WALLET
E06456,C0065,12449.51,CHECKOUT_ABANDONED,Bank_B,E23,P010,CARD
E06457,C0942,23854.24,PAYMENT_FAILED,Bank_B,E11,P016,UPI
E06458,C0190,19893.32,CHECKOUT_ABANDONED,Bank_A,E11,P017,UPI
E06459,C0078,16343.16,SUBSCRIPTION_FAILED,Bank_A,E17,P012,UPI
E06460,C0776,1749.48,CHECKOUT_ABANDONED,Bank_A,E17,P002,WALLET
E06461,C0951,17309.07,PAYMENT_FAILED,Bank_C,E23,P012,UPI
E06462,C0499,1155.33,CHECKOUT_ABANDONED,Bank_A,E11,P002,CARD
E06463,C0510,8317.32,INVOICE_OVERDUE,Bank_A,E17,P018,CARD
E06464,C0126,3182.53,CHECKOUT_ABANDONED,Bank_B,E11,P012,UPI
E06465,C0073,7921.68,INVOICE_OVERDUE,Bank_A,E42,P001,UPI
E06466,C0735,17752.79,SUBSCRIPTION_FAILED,Bank_A,E11,P016,CARD
E06467,C0793,16389.58,SUBSCRIPTION_FAILED,Bank_B,E42,P013,WALLET
E06468,C0379,10295.03,INVOICE_OVERDUE,Bank_A,E42,P020,WALLET
E06469,C0126,21712.82,SUBSCRIPTION_FAILED,Bank_B,E17,P011,CARD
E06470,C0111,17394.55,PAYMENT_FAILED,Bank_C,E42,P007,NETBANKING
E06471,C0228,13622.43,SUBSCRIPTION_FAILED,Bank_A,E42,P016,NETBANKING
E06472,C0662,3809.18,CHECKOUT_ABANDONED,Bank_B,E11,P001,NETBANKING
E06473,C0756,9138.15,PAYMENT_FAILED,Bank_B,E17,P015,NETBANKING
E06474,C0055,12271.04,INVOICE_OVERDUE,Bank_D,E17,P011,NETBANKING
E06475,C0420,20790.41,INVOICE_OVERDUE,Bank_B,E42,P020,NETBANKING
E06476,C0516,16292.45,SUBSCRIPTION_FAILED,Bank_B,E17,P020,UPI
E06477,C0070,17296.07,PAYMENT_FAILED,Bank_D,E11,P013,UPI
E06478,C0113,15320.27,CHECKOUT_ABANDONED,Bank_C,E23,P006,WALLET
E06479,C0856,7602.93,PAYMENT_FAILED,Bank_C,E23,P006,UPI
E06480,C0915,4845.4,PAYMENT_FAILED,Bank_B,E17,P004,NETBANKING
E06481,C0483,1626.07,INVOICE_OVERDUE,Bank_B,E23,P019,WALLET
E06482,C0414,566.26,INVOICE_OVERDUE,Bank_A,E17,P017,CARD
E06483,C0025,23029.4,SUBSCRIPTION_FAILED,Bank_C,E42,P009,CARD
E06484,C0676,12189.55,INVOICE_OVERDUE,Bank_A,E17,P006,UPI
E06485,C0785,10369.07,CHECKOUT_ABANDONED,Bank_C,E42,P017,NETBANKING
E06486,C0984,11493.52,INVOICE_OVERDUE,Bank_A,E42,P009,NETBANKING
E06487,C0668,22574.13,SUBSCRIPTION_FAILED,Bank_B,E11,P003,UPI
E06488,C0770,24352.56,CHECKOUT_ABANDONED,Bank_C,E11,P008,WALLET
E06489,C0179,18596.44,CHECKOUT_ABANDONED,Bank_B,E42,P019,UPI
E06490,C0685,22955.72,INVOICE_OVERDUE,Bank_A,E42,P014,WALLET
E06491,C0028,7025.66,SUBSCRIPTION_FAILED,Bank_A,E17,P003,WALLET
E06492,C0697,8789.69,SUBSCRIPTION_FAILED,Bank_A,E11,P017,CARD
E06493,C0345,2197.24,INVOICE_OVERDUE,Bank_B,E11,P014,NETBANKING
E06494,C0304,3685.21,CHECKOUT_ABANDONED,Bank_B,E17,P012,CARD
E06495,C0894,1108.22,CHECKOUT_ABANDONED,Bank_A,E42,P010,CARD
E06496,C0320,3049.43,INVOICE_OVERDUE,Bank_A,E11,P009,UPI
E06497,C0537,12429.15,INVOICE_OVERDUE,Bank_A,E42,P017,UPI
E06498,C0073,11305.56,SUBSCRIPTION_FAILED,Bank_B,E17,P009,CARD
E06499,C0843,12158.98,PAYMENT_FAILED,Bank_C,E11,P018,NETBANKING
E06500,C0292,13273.54,CHECKOUT_ABANDONED,Bank_A,E23,P020,UPI
E06501,C0781,17965.11,INVOICE_OVERDUE,Bank_A,E42,P016,WALLET
E06502,C0125,23432.98,PAYMENT_FAILED,Bank_B,E11,P009,UPI
E06503,C0356,19309.83,SUBSCRIPTION_FAILED,Bank_D,E23,P007,WALLET
E06504,C0450,17863.1,INVOICE_OVERDUE,Bank_A,E42,P014,CARD
E06505,C0633,10439.79,SUBSCRIPTION_FAILED,Bank_D,E17,P013,NETBANKING
E06506,C0844,22559.13,PAYMENT_FAILED,Bank_C,E17,P008,WALLET
E06507,C0455,10350.36,CHECKOUT_ABANDONED,Bank_D,E11,P014,UPI
E06508,C0452,9957.04,SUBSCRIPTION_FAILED,Bank_D,E42,P004,CARD
E06509,C0195,18297.95,CHECKOUT_ABANDONED,Bank_B,E11,P015,NETBANKING
E06510,C0852,10109.78,PAYMENT_FAILED,Bank_A,E42,P001,CARD
E06511,C0513,18169.27,CHECKOUT_ABANDONED,Bank_A,E42,P013,UPI
E06512,C0316,11059.8,INVOICE_OVERDUE,Bank_A,E42,P017,CARD
E06513,C0429,781.69,PAYMENT_FAILED,Bank_C,E23,P017,UPI
E06514,C0119,16532.55,INVOICE_OVERDUE,Bank_A,E11,P011,NETBANKING
E06515,C0160,6632.28,SUBSCRIPTION_FAILED,Bank_B,E23,P001,UPI
E06516,C0150,20029.65,CHECKOUT_ABANDONED,Bank_C,E42,P004,UPI
E06517,C0603,19975.07,INVOICE_OVERDUE,Bank_C,E42,P004,UPI
E06518,C0011,16970.9,INVOICE_OVERDUE,Bank_B,E42,P008,CARD
E06519,C0759,24983.53,SUBSCRIPTION_FAILED,Bank_A,E42,P005,UPI
E06520,C0333,6434.17,CHECKOUT_ABANDONED,Bank_D,E17,P014,WALLET
E06521,C0597,2787.69,SUBSCRIPTION_FAILED,Bank_D,E17,P005,UPI
E06522,C0982,7920.31,PAYMENT_FAILED,Bank_A,E42,P010,UPI
E06523,C0762,21754.73,PAYMENT_FAILED,Bank_D,E11,P017,CARD
E06524,C0584,23446.68,INVOICE_OVERDUE,Bank_B,E11,P005,WALLET
E06525,C0243,13583.25,INVOICE_OVERDUE,Bank_B,E11,P008,CARD
E06526,C0045,17210.49,CHECKOUT_ABANDONED,Bank_B,E17,P002,CARD
E06527,C0464,1465.73,INVOICE_OVERDUE,Bank_D,E17,P005,CARD
E06528,C0055,11372.36,INVOICE_OVERDUE,Bank_A,E11,P019,WALLET
E06529,C0058,4077.43,INVOICE_OVERDUE,Bank_D,E23,P007,NETBANKING
E06530,C0458,13523.51,CHECKOUT_ABANDONED,Bank_B,E11,P001,UPI
E06531,C0418,12938.85,SUBSCRIPTION_FAILED,Bank_A,E23,P019,CARD
E06532,C0797,10186.29,SUBSCRIPTION_FAILED,Bank_A,E42,P011,WALLET
E06533,C0372,8345.29,CHECKOUT_ABANDONED,Bank_A,E17,P020,UPI
E06534,C0116,24475.16,SUBSCRIPTION_FAILED,Bank_D,E17,P006,UPI
E06535,C0984,18018.89,SUBSCRIPTION_FAILED,Bank_D,E23,P019,UPI
E06536,C0959,12291.21,CHECKOUT_ABANDONED,Bank_C,E17,P014,WALLET
E06537,C0289,21010.82,PAYMENT_FAILED,Bank_D,E11,P015,WALLET
E06538,C0668,20811.3,SUBSCRIPTION_FAILED,Bank_A,E42,P009,CARD
E06539,C0899,11201.31,INVOICE_OVERDUE,Bank_C,E11,P019,WALLET
E06540,C0515,1072.59,SUBSCRIPTION_FAILED,Bank_A,E42,P001,CARD
E06541,C0672,13980.85,INVOICE_OVERDUE,Bank_B,E17,P001,NETBANKING
E06542,C0862,15541.98,SUBSCRIPTION_FAILED,Bank_A,E42,P008,WALLET
E06543,C0300,5889.31,SUBSCRIPTION_FAILED,Bank_A,E17,P020,WALLET
E06544,C0965,11310.59,PAYMENT_FAILED,Bank_B,E23,P018,WALLET
E06545,C0514,21471.17,CHECKOUT_ABANDONED,Bank_B,E23,P004,WALLET
E06546,C0221,21519.94,INVOICE_OVERDUE,Bank_D,E17,P018,WALLET
E06547,C0050,24037.79,CHECKOUT_ABANDONED,Bank_A,E17,P019,NETBANKING
E06548,C0711,14210.56,CHECKOUT_ABANDONED,Bank_D,E17,P007,UPI
E06549,C0581,15615.62,INVOICE_OVERDUE,Bank_A,E11,P016,WALLET
E06550,C0668,16577.27,CHECKOUT_ABANDONED,Bank_B,E42,P010,WALLET
E06551,C0859,18409.11,CHECKOUT_ABANDONED,Bank_A,E42,P004,UPI
E06552,C0168,20336.19,SUBSCRIPTION_FAILED,Bank_B,E42,P014,WALLET
E06553,C0395,21898.03,INVOICE_OVERDUE,Bank_A,E42,P009,WALLET
E06554,C0517,13728.47,PAYMENT_FAILED,Bank_A,E42,P016,WALLET
E06555,C0172,16883.76,CHECKOUT_ABANDONED,Bank_D,E11,P006,CARD
E06556,C0891,9807.44,INVOICE_OVERDUE,Bank_A,E11,P006,CARD
E06557,C0235,1052.45,CHECKOUT_ABANDONED,Bank_B,E42,P019,CARD
E06558,C0581,4891.73,CHECKOUT_ABANDONED,Bank_B,E23,P016,UPI
E06559,C0971,2096.15,INVOICE_OVERDUE,Bank_A,E42,P004,UPI
E06560,C0683,4309.92,PAYMENT_FAILED,Bank_B,E42,P017,NETBANKING
E06561,C0858,5226.82,PAYMENT_FAILED,Bank_C,E23,P004,WALLET
E06562,C0234,2570.46,INVOICE_OVERDUE,Bank_B,E42,P018,UPI
E06563,C0388,15784.46,SUBSCRIPTION_FAILED,Bank_D,E11,P012,CARD
E06564,C0644,6666.9,SUBSCRIPTION_FAILED,Bank_A,E42,P010,WALLET
E06565,C0253,22254.08,SUBSCRIPTION_FAILED,Bank_D,E42,P019,UPI
E06566,C0661,20458.54,CHECKOUT_ABANDONED,Bank_D,E17,P013,NETBANKING
E06567,C0942,24906.63,INVOICE_OVERDUE,Bank_A,E42,P011,WALLET
E06568,C0261,12655.64,PAYMENT_FAILED,Bank_B,E17,P017,NETBANKING
E06569,C0363,7528.28,CHECKOUT_ABANDONED,Bank_B,E42,P002,NETBANKING
E06570,C0998,3590.9,INVOICE_OVERDUE,Bank_C,E17,P015,WALLET
E06571,C0238,19089.67,SUBSCRIPTION_FAILED,Bank_C,E42,P002,CARD
E06572,C0916,16722.08,PAYMENT_FAILED,Bank_C,E17,P011,WALLET
E06573,C0281,2803.66,CHECKOUT_ABANDONED,Bank_C,E42,P013,NETBANKING
E06574,C0582,20972.94,CHECKOUT_ABANDONED,Bank_A,E42,P010,UPI
E06575,C0134,8768.18,PAYMENT_FAILED,Bank_D,E23,P011,WALLET
E06576,C0358,3333.63,SUBSCRIPTION_FAILED,Bank_A,E42,P002,NETBANKING
E06577,C0953,20087.38,INVOICE_OVERDUE,Bank_A,E42,P013,UPI
E06578,C0947,14681.44,PAYMENT_FAILED,Bank_D,E11,P002,WALLET
E06579,C0982,6190.1,SUBSCRIPTION_FAILED,Bank_A,E42,P016,UPI
E06580,C0297,12252.04,CHECKOUT_ABANDONED,Bank_D,E11,P008,WALLET
E06581,C0718,2031.54,INVOICE_OVERDUE,Bank_A,E42,P020,UPI
E06582,C0253,15579.01,SUBSCRIPTION_FAILED,Bank_A,E42,P008,WALLET
E06583,C0487,23362.96,PAYMENT_FAILED,Bank_A,E11,P009,NETBANKING
E06584,C0652,1965.45,SUBSCRIPTION_FAILED,Bank_A,E17,P009,UPI
E06585,C0078,14417.5,CHECKOUT_ABANDONED,Bank_A,E42,P015,UPI
E06586,C0491,18249.48,INVOICE_OVERDUE,Bank_D,E17,P008,UPI
E06587,C0583,13663.98,INVOICE_OVERDUE,Bank_D,E17,P003,WALLET
E06588,C0553,16952.17,PAYMENT_FAILED,Bank_C,E42,P005,WALLET
E06589,C0551,17623.77,PAYMENT_FAILED,Bank_A,E42,P014,CARD
E06590,C0716,22958.01,CHECKOUT_ABANDONED,Bank_D,E23,P008,WALLET
E06591,C0298,5857.03,CHECKOUT_ABANDONED,Bank_A,E42,P012,CARD
E06592,C0186,14926.19,INVOICE_OVERDUE,Bank_A,E23,P011,UPI
E06593,C0470,21483.77,PAYMENT_FAILED,Bank_A,E17,P011,WALLET
E06594,C0818,10924.59,INVOICE_OVERDUE,Bank_B,E42,P019,CARD
E06595,C0719,10369.15,SUBSCRIPTION_FAILED,Bank_B,E11,P012,UPI
E06596,C0549,3631.83,INVOICE_OVERDUE,Bank_C,E42,P004,WALLET
E06597,C0783,7408.44,SUBSCRIPTION_FAILED,Bank_C,E11,P012,UPI
E06598,C0566,24772.01,PAYMENT_FAILED,Bank_C,E23,P020,CARD
E06599,C0217,7986.21,PAYMENT_FAILED,Bank_A,E42,P007,CARD
E06600,C0424,10410.99,CHECKOUT_ABANDONED,Bank_B,E17,P009,UPI
E06601,C0521,24375.05,CHECKOUT_ABANDONED,Bank_A,E42,P019,NETBANKING
E06602,C0510,21285.16,SUBSCRIPTION_FAILED,Bank_A,E42,P005,CARD
E06603,C0570,14892.18,INVOICE_OVERDUE,Bank_A,E42,P009,CARD
E06604,C0198,23143.25,SUBSCRIPTION_FAILED,Bank_B,E11,P016,UPI
E06605,C0014,10711.08,SUBSCRIPTION_FAILED,Bank_A,E17,P010,NETBANKING
E06606,C0390,7524.23,CHECKOUT_ABANDONED,Bank_A,E42,P006,UPI
E06607,C0048,15829.56,CHECKOUT_ABANDONED,Bank_A,E42,P010,NETBANKING
E06608,C0425,1552.05,CHECKOUT_ABANDONED,Bank_A,E42,P008,CARD
E06609,C0161,18247.76,INVOICE_OVERDUE,Bank_C,E17,P013,NETBANKING
E06610,C0969,23696.47,CHECKOUT_ABANDONED,Bank_C,E11,P011,WALLET
E06611,C0164,22228.81,INVOICE_OVERDUE,Bank_D,E23,P001,NETBANKING
E06612,C0264,15399.23,PAYMENT_FAILED,Bank_A,E42,P009,NETBANKING
E06613,C0279,2461.29,INVOICE_OVERDUE,Bank_D,E42,P017,CARD
E06614,C0711,705.17,INVOICE_OVERDUE,Bank_A,E42,P012,NETBANKING
E06615,C0500,9197.64,INVOICE_OVERDUE,Bank_A,E11,P007,WALLET
E06616,C0195,1375.94,CHECKOUT_ABANDONED,Bank_A,E42,P008,NETBANKING
E06617,C0493,20076.39,PAYMENT_FAILED,Bank_A,E42,P003,UPI
E06618,C0201,5720.02,PAYMENT_FAILED,Bank_A,E42,P020,NETBANKING
E06619,C0817,17463.28,PAYMENT_FAILED,Bank_D,E11,P011,UPI
E06620,C0860,7918.99,SUBSCRIPTION_FAILED,Bank_B,E11,P014,NETBANKING
E06621,C0828,14454.49,CHECKOUT_ABANDONED,Bank_A,E17,P015,WALLET
E06622,C0213,21599.51,CHECKOUT_ABANDONED,Bank_A,E42,P013,CARD
E06623,C0288,10856.83,PAYMENT_FAILED,Bank_D,E11,P012,NETBANKING
E06624,C0029,3859.49,INVOICE_OVERDUE,Bank_C,E17,P008,NETBANKING
E06625,C0664,14372.21,SUBSCRIPTION_FAILED,Bank_C,E23,P014,UPI
E06626,C0461,12719.15,PAYMENT_FAILED,Bank_C,E17,P011,UPI
E06627,C0726,16899.86,PAYMENT_FAILED,Bank_B,E23,P011,UPI
E06628,C0904,20177.33,PAYMENT_FAILED,Bank_B,E11,P019,WALLET
E06629,C0565,4108.61,CHECKOUT_ABANDONED,Bank_C,E42,P008,UPI
E06630,C0068,8579.8,SUBSCRIPTION_FAILED,Bank_A,E42,P010,UPI
E06631,C0548,11666.71,PAYMENT_FAILED,Bank_A,E17,P010,NETBANKING
E06632,C0011,4141.74,PAYMENT_FAILED,Bank_C,E23,P015,NETBANKING
E06633,C0076,11849.4,PAYMENT_FAILED,Bank_C,E11,P013,UPI
E06634,C0389,10374.42,PAYMENT_FAILED,Bank_C,E11,P020,NETBANKING
E06635,C0828,24285.42,INVOICE_OVERDUE,Bank_A,E42,P018,CARD
E06636,C0533,18778.39,CHECKOUT_ABANDONED,Bank_A,E17,P002,CARD
E06637,C0760,23064.34,INVOICE_OVERDUE,Bank_A,E42,P019,UPI
E06638,C0852,6744.89,SUBSCRIPTION_FAILED,Bank_A,E42,P017,CARD
E06639,C0536,7025.26,CHECKOUT_ABANDONED,Bank_C,E17,P019,CARD
E06640,C0347,22620.42,INVOICE_OVERDUE,Bank_B,E17,P015,NETBANKING
E06641,C0966,15210.34,SUBSCRIPTION_FAILED,Bank_B,E11,P006,UPI
E06642,C0588,1092.12,SUBSCRIPTION_FAILED,Bank_C,E17,P015,CARD
E06643,C0625,4587.83,PAYMENT_FAILED,Bank_D,E17,P015,WALLET
E06644,C0363,21832.29,PAYMENT_FAILED,Bank_D,E42,P004,CARD
E06645,C0891,16696.26,CHECKOUT_ABANDONED,Bank_A,E42,P018,CARD
E06646,C0965,16340.05,INVOICE_OVERDUE,Bank_A,E11,P004,WALLET
E06647,C0713,17587.06,INVOICE_OVERDUE,Bank_B,E17,P017,WALLET
E06648,C0662,3900.81,SUBSCRIPTION_FAILED,Bank_A,E23,P001,WALLET
E06649,C0652,23486.9,CHECKOUT_ABANDONED,Bank_C,E11,P005,NETBANKING
E06650,C0723,9686.71,PAYMENT_FAILED,Bank_C,E11,P020,CARD
E06651,C0436,19718.43,CHECKOUT_ABANDONED,Bank_C,E11,P009,WALLET
E06652,C0723,11946.8,SUBSCRIPTION_FAILED,Bank_B,E42,P014,UPI
E06653,C0905,22293.34,SUBSCRIPTION_FAILED,Bank_C,E11,P017,UPI
E06654,C0073,3269.41,CHECKOUT_ABANDONED,Bank_B,E11,P009,NETBANKING
E06655,C0371,2027.29,SUBSCRIPTION_FAILED,Bank_D,E42,P014,NETBANKING
E06656,C0559,2038.68,PAYMENT_FAILED,Bank_B,E23,P016,UPI
E06657,C0720,3511.28,CHECKOUT_ABANDONED,Bank_A,E11,P005,WALLET
E06658,C0853,14153.43,CHECKOUT_ABANDONED,Bank_B,E42,P011,CARD
E06659,C0684,18095.12,CHECKOUT_ABANDONED,Bank_D,E11,P018,UPI
E06660,C0006,4069.49,SUBSCRIPTION_FAILED,Bank_D,E42,P018,CARD
E06661,C0326,19016.87,INVOICE_OVERDUE,Bank_D,E23,P007,CARD
E06662,C0197,7784.99,SUBSCRIPTION_FAILED,Bank_A,E42,P009,UPI
E06663,C0743,5092.29,PAYMENT_FAILED,Bank_A,E42,P003,UPI
E06664,C0233,10103.89,PAYMENT_FAILED,Bank_C,E11,P019,NETBANKING
E06665,C0030,10695.12,SUBSCRIPTION_FAILED,Bank_A,E42,P002,WALLET
E06666,C0210,12393.86,CHECKOUT_ABANDONED,Bank_D,E17,P007,WALLET
E06667,C0607,6778.69,INVOICE_OVERDUE,Bank_A,E11,P020,NETBANKING
E06668,C0739,23857.81,INVOICE_OVERDUE,Bank_D,E42,P016,WALLET
E06669,C0476,8815.05,PAYMENT_FAILED,Bank_D,E23,P018,CARD
E06670,C0385,24978.92,CHECKOUT_ABANDONED,Bank_A,E17,P010,WALLET
E06671,C0314,13880.88,CHECKOUT_ABANDONED,Bank_A,E42,P005,WALLET
E06672,C0121,10160.81,SUBSCRIPTION_FAILED,Bank_A,E42,P014,NETBANKING
E06673,C0644,3413.06,INVOICE_OVERDUE,Bank_A,E42,P010,WALLET
E06674,C0092,11124.87,PAYMENT_FAILED,Bank_B,E42,P002,UPI
E06675,C0078,4045.02,SUBSCRIPTION_FAILED,Bank_A,E11,P020,CARD
E06676,C0158,19527.93,SUBSCRIPTION_FAILED,Bank_C,E11,P001,CARD
E06677,C0016,13676.95,SUBSCRIPTION_FAILED,Bank_A,E42,P011,UPI
E06678,C0011,3170.68,SUBSCRIPTION_FAILED,Bank_D,E17,P019,NETBANKING
E06679,C0496,19561.59,INVOICE_OVERDUE,Bank_B,E11,P002,UPI
E06680,C0844,5292.05,SUBSCRIPTION_FAILED,Bank_C,E17,P010,CARD
E06681,C0066,11366.73,CHECKOUT_ABANDONED,Bank_B,E42,P012,WALLET
E06682,C0740,18664.99,CHECKOUT_ABANDONED,Bank_C,E11,P013,UPI
E06683,C0247,11033.52,CHECKOUT_ABANDONED,Bank_D,E42,P018,CARD
E06684,C0558,16415.38,SUBSCRIPTION_FAILED,Bank_C,E42,P009,NETBANKING
E06685,C0102,18533.97,PAYMENT_FAILED,Bank_D,E11,P016,WALLET
E06686,C0424,895.22,SUBSCRIPTION_FAILED,Bank_A,E42,P008,UPI
E06687,C0710,21868.03,INVOICE_OVERDUE,Bank_C,E42,P019,WALLET
E06688,C0014,1147.91,CHECKOUT_ABANDONED,Bank_A,E42,P018,NETBANKING
E06689,C0492,7289.56,SUBSCRIPTION_FAILED,Bank_D,E11,P010,CARD
E06690,C0571,538.03,INVOICE_OVERDUE,Bank_C,E42,P017,WALLET
E06691,C0263,23574.4,PAYMENT_FAILED,Bank_D,E23,P017,CARD
E06692,C0385,20917.75,CHECKOUT_ABANDONED,Bank_A,E42,P018,CARD
E06693,C0620,14057.12,PAYMENT_FAILED,Bank_A,E11,P010,CARD
E06694,C0762,6356.87,SUBSCRIPTION_FAILED,Bank_C,E17,P005,WALLET
E06695,C0403,22010.26,INVOICE_OVERDUE,Bank_A,E17,P012,CARD
E06696,C0114,5213.41,SUBSCRIPTION_FAILED,Bank_A,E42,P002,UPI
E06697,C0714,17286.61,SUBSCRIPTION_FAILED,Bank_B,E42,P014,WALLET
E06698,C0700,17432.06,SUBSCRIPTION_FAILED,Bank_A,E23,P002,WALLET
E06699,C0132,13001.7,CHECKOUT_ABANDONED,Bank_C,E11,P018,UPI
E06700,C0160,21266.01,INVOICE_OVERDUE,Bank_A,E42,P011,UPI
E06701,C0354,17297.82,INVOICE_OVERDUE,Bank_A,E42,P007,WALLET
E06702,C0590,21376.02,PAYMENT_FAILED,Bank_A,E42,P001,UPI
E06703,C0180,2885.86,PAYMENT_FAILED,Bank_B,E11,P014,NETBANKING
E06704,C0813,18006.96,CHECKOUT_ABANDONED,Bank_A,E42,P008,UPI
E06705,C0551,16575.99,CHECKOUT_ABANDONED,Bank_A,E42,P015,CARD
E06706,C0198,20696.01,SUBSCRIPTION_FAILED,Bank_D,E17,P001,UPI
E06707,C0570,20761.97,CHECKOUT_ABANDONED,Bank_A,E42,P018,NETBANKING
E06708,C0323,23438.6,SUBSCRIPTION_FAILED,Bank_D,E17,P019,UPI
E06709,C0843,620.84,PAYMENT_FAILED,Bank_C,E23,P006,WALLET
E06710,C0213,7075.54,INVOICE_OVERDUE,Bank_B,E23,P002,WALLET
E06711,C0232,11422.83,CHECKOUT_ABANDONED,Bank_A,E42,P012,WALLET
E06712,C0873,22389.42,SUBSCRIPTION_FAILED,Bank_C,E42,P002,WALLET
E06713,C0622,10540.6,PAYMENT_FAILED,Bank_C,E42,P020,UPI
E06714,C0290,12976.64,PAYMENT_FAILED,Bank_B,E42,P011,CARD
E06715,C0318,23562.54,SUBSCRIPTION_FAILED,Bank_C,E23,P005,CARD
E06716,C0111,7227.37,PAYMENT_FAILED,Bank_D,E11,P008,WALLET
E06717,C0423,20820.9,CHECKOUT_ABANDONED,Bank_D,E17,P019,UPI
E06718,C0609,5782.24,SUBSCRIPTION_FAILED,Bank_A,E42,P018,UPI
E06719,C0672,9477.38,CHECKOUT_ABANDONED,Bank_B,E42,P015,CARD
E06720,C0518,19509.22,PAYMENT_FAILED,Bank_A,E17,P008,NETBANKING
E06721,C0380,8273.36,CHECKOUT_ABANDONED,Bank_D,E17,P013,UPI
E06722,C0002,1520.59,SUBSCRIPTION_FAILED,Bank_D,E11,P008,CARD
E06723,C0722,898.0,PAYMENT_FAILED,Bank_A,E42,P003,WALLET
E06724,C0906,6527.1,PAYMENT_FAILED,Bank_A,E42,P002,WALLET
E06725,C0909,16297.99,PAYMENT_FAILED,Bank_A,E42,P013,NETBANKING
E06726,C0875,7623.72,SUBSCRIPTION_FAILED,Bank_C,E17,P011,UPI
E06727,C0060,16814.69,SUBSCRIPTION_FAILED,Bank_A,E42,P015,UPI
E06728,C0243,3498.5,PAYMENT_FAILED,Bank_D,E23,P006,NETBANKING
E06729,C0244,17785.77,INVOICE_OVERDUE,Bank_B,E17,P006,CARD
E06730,C0942,22423.26,CHECKOUT_ABANDONED,Bank_D,E23,P006,NETBANKING
E06731,C0786,5515.19,PAYMENT_FAILED,Bank_A,E23,P006,WALLET
E06732,C0359,2977.08,CHECKOUT_ABANDONED,Bank_C,E17,P009,WALLET
E06733,C0184,16080.25,INVOICE_OVERDUE,Bank_C,E17,P010,NETBANKING
E06734,C0040,1551.61,SUBSCRIPTION_FAILED,Bank_A,E42,P013,CARD
E06735,C0759,899.82,SUBSCRIPTION_FAILED,Bank_C,E11,P009,WALLET
E06736,C0346,21519.87,INVOICE_OVERDUE,Bank_A,E11,P005,NETBANKING
E06737,C0556,20834.72,INVOICE_OVERDUE,Bank_A,E42,P012,WALLET
E06738,C0470,4484.97,SUBSCRIPTION_FAILED,Bank_D,E42,P015,UPI
E06739,C0798,3458.12,PAYMENT_FAILED,Bank_D,E42,P008,WALLET
E06740,C0169,3495.24,INVOICE_OVERDUE,Bank_A,E42,P001,UPI
E06741,C0976,6158.21,PAYMENT_FAILED,Bank_B,E17,P013,UPI
E06742,C0195,20485.49,SUBSCRIPTION_FAILED,Bank_A,E42,P017,WALLET
E06743,C0710,1252.61,CHECKOUT_ABANDONED,Bank_A,E17,P013,UPI
E06744,C0275,10944.17,INVOICE_OVERDUE,Bank_B,E23,P005,WALLET
E06745,C0717,6952.59,PAYMENT_FAILED,Bank_A,E42,P014,CARD
E06746,C0422,730.38,PAYMENT_FAILED,Bank_C,E17,P012,NETBANKING
E06747,C0351,1597.71,CHECKOUT_ABANDONED,Bank_A,E42,P009,WALLET
E06748,C0171,7525.79,INVOICE_OVERDUE,Bank_D,E11,P004,NETBANKING
E06749,C0613,16227.4,CHECKOUT_ABANDONED,Bank_C,E11,P013,NETBANKING
E06750,C0837,9356.63,CHECKOUT_ABANDONED,Bank_A,E42,P005,NETBANKING
E06751,C0837,13266.83,CHECKOUT_ABANDONED,Bank_A,E42,P006,WALLET
E06752,C0400,3339.66,PAYMENT_FAILED,Bank_C,E42,P018,UPI
E06753,C0649,8076.76,PAYMENT_FAILED,Bank_C,E17,P006,WALLET
E06754,C0366,1645.5,CHECKOUT_ABANDONED,Bank_B,E11,P014,CARD
E06755,C0017,16930.88,PAYMENT_FAILED,Bank_A,E42,P015,UPI
E06756,C0989,2377.33,PAYMENT_FAILED,Bank_C,E11,P012,CARD
E06757,C0436,17812.57,CHECKOUT_ABANDONED,Bank_B,E11,P018,CARD
E06758,C0039,6912.15,CHECKOUT_ABANDONED,Bank_C,E17,P019,NETBANKING
E06759,C0197,4650.08,INVOICE_OVERDUE,Bank_B,E23,P020,CARD
E06760,C0822,4650.1,CHECKOUT_ABANDONED,Bank_C,E11,P006,NETBANKING
E06761,C0800,10711.67,SUBSCRIPTION_FAILED,Bank_D,E11,P017,CARD
E06762,C0360,22988.62,INVOICE_OVERDUE,Bank_A,E42,P009,CARD
E06763,C0513,14056.47,CHECKOUT_ABANDONED,Bank_C,E11,P010,CARD
E06764,C0243,19976.9,PAYMENT_FAILED,Bank_C,E11,P014,NETBANKING
E06765,C0338,1079.89,CHECKOUT_ABANDONED,Bank_A,E42,P005,WALLET
E06766,C0683,22603.69,INVOICE_OVERDUE,Bank_D,E23,P004,NETBANKING
E06767,C0517,21787.91,PAYMENT_FAILED,Bank_B,E23,P013,UPI
E06768,C0961,17383.77,INVOICE_OVERDUE,Bank_C,E11,P010,UPI
E06769,C0639,5654.68,SUBSCRIPTION_FAILED,Bank_B,E17,P011,NETBANKING
E06770,C0223,8274.56,PAYMENT_FAILED,Bank_C,E42,P017,WALLET
E06771,C0376,20903.01,CHECKOUT_ABANDONED,Bank_C,E23,P016,UPI
E06772,C0156,2868.57,PAYMENT_FAILED,Bank_D,E17,P017,NETBANKING
E06773,C0243,24869.13,CHECKOUT_ABANDONED,Bank_A,E11,P006,NETBANKING
E06774,C0422,4034.14,PAYMENT_FAILED,Bank_C,E17,P004,CARD
E06775,C0241,13390.19,INVOICE_OVERDUE,Bank_D,E11,P020,UPI
E06776,C0254,5868.85,CHECKOUT_ABANDONED,Bank_A,E42,P008,WALLET
E06777,C0715,9713.17,SUBSCRIPTION_FAILED,Bank_B,E11,P007,NETBANKING
E06778,C0993,6831.63,PAYMENT_FAILED,Bank_C,E42,P016,WALLET
E06779,C0398,24399.7,SUBSCRIPTION_FAILED,Bank_D,E11,P005,CARD
E06780,C0144,9941.41,SUBSCRIPTION_FAILED,Bank_B,E42,P010,UPI
E06781,C0817,20802.1,PAYMENT_FAILED,Bank_C,E42,P001,UPI
E06782,C0523,4050.49,SUBSCRIPTION_FAILED,Bank_A,E42,P004,CARD
E06783,C0942,12272.25,INVOICE_OVERDUE,Bank_A,E42,P014,WALLET
E06784,C0255,17478.34,CHECKOUT_ABANDONED,Bank_B,E11,P010,CARD
E06785,C0944,18000.07,CHECKOUT_ABANDONED,Bank_D,E42,P018,CARD
E06786,C0505,14549.32,INVOICE_OVERDUE,Bank_B,E17,P019,CARD
E06787,C0692,15640.18,INVOICE_OVERDUE,Bank_C,E17,P015,CARD
E06788,C0553,22331.81,SUBSCRIPTION_FAILED,Bank_A,E42,P020,NETBANKING
E06789,C0159,3383.54,CHECKOUT_ABANDONED,Bank_A,E23,P017,CARD
E06790,C0696,8120.97,PAYMENT_FAILED,Bank_D,E42,P020,CARD
E06791,C0668,5533.16,INVOICE_OVERDUE,Bank_A,E11,P006,CARD
E06792,C0664,7699.76,CHECKOUT_ABANDONED,Bank_B,E42,P014,UPI
E06793,C0465,886.38,CHECKOUT_ABANDONED,Bank_D,E42,P020,NETBANKING
E06794,C0325,11637.69,PAYMENT_FAILED,Bank_A,E17,P005,NETBANKING
E06795,C0235,9049.25,INVOICE_OVERDUE,Bank_B,E42,P004,CARD
E06796,C0601,20778.84,CHECKOUT_ABANDONED,Bank_A,E42,P005,NETBANKING
E06797,C0290,4859.58,CHECKOUT_ABANDONED,Bank_A,E42,P003,UPI
E06798,C0974,17659.83,CHECKOUT_ABANDONED,Bank_B,E17,P009,WALLET
E06799,C0058,3422.34,INVOICE_OVERDUE,Bank_B,E17,P008,CARD
E06800,C0540,10105.35,SUBSCRIPTION_FAILED,Bank_C,E11,P007,NETBANKING
E06801,C0090,19592.74,SUBSCRIPTION_FAILED,Bank_C,E17,P018,UPI
E06802,C0612,24115.98,PAYMENT_FAILED,Bank_A,E17,P005,CARD
E06803,C0596,14912.47,PAYMENT_FAILED,Bank_A,E42,P011,UPI
E06804,C0094,14506.46,SUBSCRIPTION_FAILED,Bank_A,E42,P019,UPI
E06805,C0137,5641.1,SUBSCRIPTION_FAILED,Bank_B,E42,P020,CARD
E06806,C0300,19594.24,SUBSCRIPTION_FAILED,Bank_C,E23,P020,NETBANKING
E06807,C0242,17362.89,INVOICE_OVERDUE,Bank_A,E11,P008,NETBANKING
E06808,C0844,1778.4,INVOICE_OVERDUE,Bank_A,E17,P002,UPI
E06809,C0051,20435.48,INVOICE_OVERDUE,Bank_D,E11,P004,CARD
E06810,C0179,17054.61,CHECKOUT_ABANDONED,Bank_A,E42,P009,CARD
E06811,C0616,11453.74,SUBSCRIPTION_FAILED,Bank_A,E42,P004,CARD
E06812,C0576,22005.55,PAYMENT_FAILED,Bank_B,E11,P004,UPI
E06813,C0648,11128.63,SUBSCRIPTION_FAILED,Bank_C,E17,P018,UPI
E06814,C0165,6182.73,CHECKOUT_ABANDONED,Bank_A,E17,P012,NETBANKING
E06815,C0123,19012.73,PAYMENT_FAILED,Bank_A,E42,P014,NETBANKING
E06816,C0983,12021.03,SUBSCRIPTION_FAILED,Bank_D,E11,P017,NETBANKING
E06817,C0192,1199.85,CHECKOUT_ABANDONED,Bank_B,E11,P014,WALLET
E06818,C0679,13274.96,SUBSCRIPTION_FAILED,Bank_B,E23,P009,NETBANKING
E06819,C0003,13103.21,INVOICE_OVERDUE,Bank_A,E17,P014,CARD
E06820,C0321,22274.86,CHECKOUT_ABANDONED,Bank_D,E11,P019,UPI
E06821,C0104,13646.22,INVOICE_OVERDUE,Bank_C,E11,P017,UPI
E06822,C0185,17788.89,INVOICE_OVERDUE,Bank_A,E42,P009,UPI
E06823,C0036,9566.11,INVOICE_OVERDUE,Bank_A,E42,P014,UPI
E06824,C0066,18031.4,SUBSCRIPTION_FAILED,Bank_C,E17,P018,NETBANKING
E06825,C0577,13263.1,INVOICE_OVERDUE,Bank_B,E17,P011,NETBANKING
E06826,C0225,17263.33,SUBSCRIPTION_FAILED,Bank_D,E42,P008,CARD
E06827,C0241,1843.59,SUBSCRIPTION_FAILED,Bank_A,E11,P005,WALLET
E06828,C0279,10226.28,PAYMENT_FAILED,Bank_A,E11,P013,NETBANKING
E06829,C0353,4586.4,CHECKOUT_ABANDONED,Bank_B,E42,P008,CARD
E06830,C0456,4738.07,PAYMENT_FAILED,Bank_B,E42,P020,WALLET
E06831,C0986,9699.01,CHECKOUT_ABANDONED,Bank_A,E11,P006,UPI
E06832,C0204,4545.88,INVOICE_OVERDUE,Bank_A,E42,P012,CARD
E06833,C0965,14664.45,INVOICE_OVERDUE,Bank_A,E42,P005,NETBANKING
E06834,C0729,16573.67,CHECKOUT_ABANDONED,Bank_D,E11,P006,WALLET
E06835,C0189,17650.82,PAYMENT_FAILED,Bank_A,E42,P003,NETBANKING
E06836,C0826,18569.4,PAYMENT_FAILED,Bank_A,E42,P012,WALLET
E06837,C0014,23931.19,SUBSCRIPTION_FAILED,Bank_B,E17,P013,NETBANKING
E06838,C0330,1331.97,PAYMENT_FAILED,Bank_D,E42,P017,NETBANKING
E06839,C0309,5305.28,INVOICE_OVERDUE,Bank_B,E23,P002,WALLET
E06840,C0536,12074.4,SUBSCRIPTION_FAILED,Bank_A,E42,P008,CARD
E06841,C0353,19911.36,PAYMENT_FAILED,Bank_A,E17,P020,CARD
E06842,C0052,13679.26,PAYMENT_FAILED,Bank_C,E23,P002,CARD
E06843,C0318,7708.16,PAYMENT_FAILED,Bank_B,E11,P010,CARD
E06844,C0424,6190.49,SUBSCRIPTION_FAILED,Bank_D,E42,P016,WALLET
E06845,C0249,6574.13,CHECKOUT_ABANDONED,Bank_A,E42,P018,NETBANKING
E06846,C0510,17371.24,PAYMENT_FAILED,Bank_C,E17,P004,UPI
E06847,C0078,10576.61,PAYMENT_FAILED,Bank_B,E23,P014,CARD
E06848,C0338,3149.91,CHECKOUT_ABANDONED,Bank_A,E42,P018,NETBANKING
E06849,C0733,14702.69,SUBSCRIPTION_FAILED,Bank_D,E23,P018,UPI
E06850,C0061,13593.36,PAYMENT_FAILED,Bank_C,E23,P014,UPI
E06851,C0802,3421.69,PAYMENT_FAILED,Bank_C,E42,P004,WALLET
E06852,C0553,6651.4,CHECKOUT_ABANDONED,Bank_B,E11,P004,CARD
E06853,C0630,6841.65,SUBSCRIPTION_FAILED,Bank_C,E23,P012,NETBANKING
E06854,C0905,15537.51,INVOICE_OVERDUE,Bank_A,E42,P007,WALLET
E06855,C0546,8755.44,PAYMENT_FAILED,Bank_D,E17,P015,WALLET
E06856,C0066,5531.24,CHECKOUT_ABANDONED,Bank_A,E42,P008,UPI
E06857,C0339,8570.94,INVOICE_OVERDUE,Bank_A,E42,P010,UPI
E06858,C0327,21304.23,CHECKOUT_ABANDONED,Bank_B,E23,P011,NETBANKING
E06859,C0439,17759.66,INVOICE_OVERDUE,Bank_B,E42,P003,UPI
E06860,C0503,6870.62,INVOICE_OVERDUE,Bank_A,E17,P006,UPI
E06861,C0395,18111.04,INVOICE_OVERDUE,Bank_A,E42,P010,CARD
E06862,C0544,12759.99,SUBSCRIPTION_FAILED,Bank_B,E17,P013,UPI
E06863,C0734,3903.69,CHECKOUT_ABANDONED,Bank_D,E42,P018,WALLET
E06864,C0366,5328.62,INVOICE_OVERDUE,Bank_C,E11,P014,NETBANKING
E06865,C0873,20975.94,SUBSCRIPTION_FAILED,Bank_D,E17,P009,WALLET
E06866,C0169,9026.43,PAYMENT_FAILED,Bank_B,E42,P013,NETBANKING
E06867,C0682,11764.13,SUBSCRIPTION_FAILED,Bank_B,E17,P017,CARD
E06868,C0247,13778.26,PAYMENT_FAILED,Bank_B,E23,P011,WALLET
E06869,C0222,14997.56,SUBSCRIPTION_FAILED,Bank_D,E11,P014,NETBANKING
E06870,C0524,11128.01,SUBSCRIPTION_FAILED,Bank_C,E11,P017,NETBANKING
E06871,C0595,10942.29,PAYMENT_FAILED,Bank_A,E17,P002,WALLET
E06872,C0924,10547.9,INVOICE_OVERDUE,Bank_D,E11,P009,WALLET
E06873,C0730,1604.03,CHECKOUT_ABANDONED,Bank_A,E17,P009,WALLET
E06874,C0082,1475.76,SUBSCRIPTION_FAILED,Bank_D,E42,P002,WALLET
E06875,C0953,2437.64,SUBSCRIPTION_FAILED,Bank_B,E11,P013,UPI
E06876,C0647,16599.19,INVOICE_OVERDUE,Bank_A,E11,P002,NETBANKING
E06877,C0553,18778.5,SUBSCRIPTION_FAILED,Bank_C,E17,P013,UPI
E06878,C0744,9078.52,INVOICE_OVERDUE,Bank_D,E42,P011,WALLET
E06879,C0143,5209.02,INVOICE_OVERDUE,Bank_C,E11,P017,CARD
E06880,C0556,16411.01,SUBSCRIPTION_FAILED,Bank_A,E42,P017,CARD
E06881,C0082,15875.85,SUBSCRIPTION_FAILED,Bank_A,E11,P015,UPI
E06882,C0356,23068.23,SUBSCRIPTION_FAILED,Bank_A,E42,P018,WALLET
E06883,C0164,20916.02,SUBSCRIPTION_FAILED,Bank_A,E42,P011,WALLET
E06884,C0957,10922.58,CHECKOUT_ABANDONED,Bank_A,E42,P002,CARD
E06885,C0811,13447.58,SUBSCRIPTION_FAILED,Bank_C,E42,P017,CARD
E06886,C0958,20618.87,PAYMENT_FAILED,Bank_B,E23,P015,NETBANKING
E06887,C0824,1131.39,PAYMENT_FAILED,Bank_D,E11,P014,WALLET
E06888,C0135,16654.29,CHECKOUT_ABANDONED,Bank_C,E42,P004,WALLET
E06889,C0609,16602.51,CHECKOUT_ABANDONED,Bank_B,E17,P003,UPI
E06890,C0120,10012.75,INVOICE_OVERDUE,Bank_A,E23,P009,UPI
E06891,C0046,1272.71,INVOICE_OVERDUE,Bank_D,E17,P013,WALLET
E06892,C0218,23201.32,CHECKOUT_ABANDONED,Bank_D,E23,P012,WALLET
E06893,C0833,24337.68,CHECKOUT_ABANDONED,Bank_C,E11,P019,NETBANKING
E06894,C0691,20828.27,SUBSCRIPTION_FAILED,Bank_A,E42,P010,UPI
E06895,C0271,10289.52,SUBSCRIPTION_FAILED,Bank_D,E11,P014,WALLET
E06896,C0167,5819.89,INVOICE_OVERDUE,Bank_C,E42,P002,UPI
E06897,C0490,22403.74,INVOICE_OVERDUE,Bank_A,E42,P005,UPI
E06898,C0004,15766.19,SUBSCRIPTION_FAILED,Bank_A,E42,P006,UPI
E06899,C0134,7703.21,PAYMENT_FAILED,Bank_B,E11,P007,UPI
E06900,C0607,24847.47,PAYMENT_FAILED,Bank_A,E42,P001,NETBANKING
E06901,C0101,3206.43,CHECKOUT_ABANDONED,Bank_A,E23,P002,WALLET
E06902,C0270,22767.21,INVOICE_OVERDUE,Bank_B,E17,P004,CARD
E06903,C0878,1326.76,INVOICE_OVERDUE,Bank_B,E11,P018,UPI
E06904,C0656,21674.76,PAYMENT_FAILED,Bank_A,E42,P013,WALLET
E06905,C0803,17299.8,CHECKOUT_ABANDONED,Bank_B,E11,P019,UPI
E06906,C0392,22405.13,SUBSCRIPTION_FAILED,Bank_A,E11,P009,NETBANKING
E06907,C0139,18821.4,SUBSCRIPTION_FAILED,Bank_D,E11,P015,UPI
E06908,C0120,3710.58,PAYMENT_FAILED,Bank_A,E42,P019,WALLET
E06909,C0300,18542.42,SUBSCRIPTION_FAILED,Bank_D,E23,P001,UPI
E06910,C0630,11707.62,CHECKOUT_ABANDONED,Bank_D,E23,P011,WALLET
E06911,C0407,6146.25,SUBSCRIPTION_FAILED,Bank_B,E23,P007,CARD
E06912,C0980,6331.2,PAYMENT_FAILED,Bank_A,E11,P003,CARD
E06913,C0906,2701.42,PAYMENT_FAILED,Bank_D,E23,P009,NETBANKING
E06914,C0380,3465.16,PAYMENT_FAILED,Bank_D,E42,P005,NETBANKING
E06915,C0149,826.33,SUBSCRIPTION_FAILED,Bank_A,E42,P006,UPI
E06916,C0689,6302.42,PAYMENT_FAILED,Bank_A,E42,P004,NETBANKING
E06917,C0974,8225.44,PAYMENT_FAILED,Bank_A,E42,P007,CARD
E06918,C0831,17481.22,INVOICE_OVERDUE,Bank_A,E17,P019,CARD
E06919,C0600,12047.49,CHECKOUT_ABANDONED,Bank_B,E42,P005,CARD
E06920,C0768,4965.04,SUBSCRIPTION_FAILED,Bank_A,E42,P012,WALLET
E06921,C0165,762.72,CHECKOUT_ABANDONED,Bank_A,E42,P018,WALLET
E06922,C0930,17365.66,INVOICE_OVERDUE,Bank_A,E11,P011,CARD
E06923,C0296,22191.5,SUBSCRIPTION_FAILED,Bank_C,E23,P008,UPI
E06924,C0316,24280.92,CHECKOUT_ABANDONED,Bank_D,E42,P003,UPI
E06925,C0874,3897.42,SUBSCRIPTION_FAILED,Bank_D,E42,P005,WALLET
E06926,C0589,17014.53,INVOICE_OVERDUE,Bank_C,E23,P009,NETBANKING
E06927,C0369,5320.44,SUBSCRIPTION_FAILED,Bank_A,E23,P002,NETBANKING
E06928,C0128,1227.09,SUBSCRIPTION_FAILED,Bank_A,E42,P013,UPI
E06929,C0705,4157.59,CHECKOUT_ABANDONED,Bank_D,E17,P017,WALLET
E06930,C0859,3604.79,INVOICE_OVERDUE,Bank_C,E42,P015,NETBANKING
E06931,C0268,13488.29,CHECKOUT_ABANDONED,Bank_A,E23,P005,UPI
E06932,C0391,1297.98,SUBSCRIPTION_FAILED,Bank_A,E42,P020,WALLET
E06933,C0735,8319.02,PAYMENT_FAILED,Bank_D,E23,P002,CARD
E06934,C0920,24657.14,PAYMENT_FAILED,Bank_A,E11,P009,NETBANKING
E06935,C0254,11747.75,SUBSCRIPTION_FAILED,Bank_C,E42,P006,WALLET
E06936,C0873,14613.84,INVOICE_OVERDUE,Bank_C,E42,P004,UPI
E06937,C0430,24111.95,INVOICE_OVERDUE,Bank_B,E11,P010,WALLET
E06938,C0078,12514.19,CHECKOUT_ABANDONED,Bank_D,E17,P007,UPI
E06939,C0992,20395.52,CHECKOUT_ABANDONED,Bank_D,E11,P009,WALLET
E06940,C0215,20151.22,PAYMENT_FAILED,Bank_B,E17,P020,NETBANKING
E06941,C0203,4941.45,SUBSCRIPTION_FAILED,Bank_D,E17,P013,NETBANKING
E06942,C0110,24961.07,INVOICE_OVERDUE,Bank_A,E42,P015,WALLET
E06943,C0438,8390.33,SUBSCRIPTION_FAILED,Bank_A,E42,P003,WALLET
E06944,C0472,6525.91,CHECKOUT_ABANDONED,Bank_B,E42,P007,CARD
E06945,C0867,12347.04,PAYMENT_FAILED,Bank_A,E42,P015,NETBANKING
E06946,C0673,8745.1,INVOICE_OVERDUE,Bank_A,E42,P001,CARD
E06947,C0841,3568.17,INVOICE_OVERDUE,Bank_B,E23,P008,NETBANKING
E06948,C0421,17153.12,CHECKOUT_ABANDONED,Bank_B,E11,P001,WALLET
E06949,C0538,7218.76,SUBSCRIPTION_FAILED,Bank_C,E17,P008,CARD
E06950,C0720,16966.85,SUBSCRIPTION_FAILED,Bank_D,E11,P009,CARD
E06951,C0537,7983.04,CHECKOUT_ABANDONED,Bank_A,E11,P010,WALLET
E06952,C0002,16755.96,CHECKOUT_ABANDONED,Bank_C,E17,P013,UPI
E06953,C0439,19337.12,INVOICE_OVERDUE,Bank_A,E17,P019,UPI
E06954,C0457,13040.44,CHECKOUT_ABANDONED,Bank_C,E42,P010,CARD
E06955,C0512,18922.46,PAYMENT_FAILED,Bank_A,E42,P013,CARD
E06956,C0307,21018.23,PAYMENT_FAILED,Bank_A,E42,P015,CARD
E06957,C0219,14689.48,PAYMENT_FAILED,Bank_D,E17,P017,CARD
E06958,C0716,12588.69,SUBSCRIPTION_FAILED,Bank_C,E23,P001,NETBANKING
E06959,C0748,16441.45,INVOICE_OVERDUE,Bank_A,E42,P017,WALLET
E06960,C0561,3111.48,PAYMENT_FAILED,Bank_C,E42,P002,WALLET
E06961,C0565,11427.5,PAYMENT_FAILED,Bank_B,E11,P001,WALLET
E06962,C0557,11996.32,INVOICE_OVERDUE,Bank_B,E42,P008,NETBANKING
E06963,C0329,20456.09,CHECKOUT_ABANDONED,Bank_B,E17,P009,CARD
E06964,C0934,15919.26,PAYMENT_FAILED,Bank_B,E23,P006,UPI
E06965,C0263,19149.36,CHECKOUT_ABANDONED,Bank_B,E23,P005,NETBANKING
E06966,C0870,24766.82,PAYMENT_FAILED,Bank_C,E17,P013,UPI
E06967,C0776,4693.82,CHECKOUT_ABANDONED,Bank_A,E11,P011,WALLET
E06968,C0930,14296.04,SUBSCRIPTION_FAILED,Bank_B,E17,P019,WALLET
E06969,C0823,10007.07,INVOICE_OVERDUE,Bank_A,E42,P006,NETBANKING
E06970,C0141,16519.93,INVOICE_OVERDUE,Bank_C,E17,P014,CARD
E06971,C0016,16024.63,PAYMENT_FAILED,Bank_A,E42,P001,NETBANKING
E06972,C0962,5932.69,INVOICE_OVERDUE,Bank_D,E42,P001,CARD
E06973,C0257,12630.46,INVOICE_OVERDUE,Bank_A,E11,P013,CARD
E06974,C0389,3962.04,CHECKOUT_ABANDONED,Bank_B,E17,P006,NETBANKING
E06975,C0240,17177.96,CHECKOUT_ABANDONED,Bank_B,E11,P013,NETBANKING
E06976,C0266,6946.18,INVOICE_OVERDUE,Bank_C,E23,P014,WALLET
E06977,C0980,14203.59,CHECKOUT_ABANDONED,Bank_A,E42,P009,UPI
E06978,C0449,12413.68,INVOICE_OVERDUE,Bank_C,E17,P018,WALLET
E06979,C0811,5391.37,SUBSCRIPTION_FAILED,Bank_B,E42,P010,WALLET
E06980,C0047,9341.64,CHECKOUT_ABANDONED,Bank_A,E11,P017,CARD
E06981,C0327,1924.04,SUBSCRIPTION_FAILED,Bank_D,E23,P003,NETBANKING
E06982,C0730,21128.02,CHECKOUT_ABANDONED,Bank_C,E42,P006,WALLET
E06983,C0506,15139.46,INVOICE_OVERDUE,Bank_A,E23,P003,CARD
E06984,C0099,13788.06,PAYMENT_FAILED,Bank_A,E23,P006,NETBANKING
E06985,C0501,7797.16,SUBSCRIPTION_FAILED,Bank_A,E42,P010,CARD
E06986,C0164,11984.37,INVOICE_OVERDUE,Bank_B,E17,P001,WALLET
E06987,C0851,23347.09,PAYMENT_FAILED,Bank_B,E23,P015,UPI
E06988,C0348,2422.05,INVOICE_OVERDUE,Bank_B,E23,P008,NETBANKING
E06989,C0468,23318.68,CHECKOUT_ABANDONED,Bank_A,E11,P002,WALLET
E06990,C0186,17837.54,PAYMENT_FAILED,Bank_D,E42,P015,NETBANKING
E06991,C0759,14610.83,SUBSCRIPTION_FAILED,Bank_A,E17,P016,NETBANKING
E06992,C0043,6918.29,CHECKOUT_ABANDONED,Bank_B,E11,P003,CARD
E06993,C0148,21520.18,SUBSCRIPTION_FAILED,Bank_A,E17,P010,NETBANKING
E06994,C0970,20186.65,CHECKOUT_ABANDONED,Bank_D,E42,P003,NETBANKING
E06995,C0080,1325.29,INVOICE_OVERDUE,Bank_A,E42,P005,UPI
E06996,C0706,3630.56,SUBSCRIPTION_FAILED,Bank_D,E42,P019,CARD
E06997,C0703,16277.92,PAYMENT_FAILED,Bank_B,E17,P014,UPI
E06998,C0878,12382.16,INVOICE_OVERDUE,Bank_A,E42,P010,WALLET
E06999,C0099,3195.82,CHECKOUT_ABANDONED,Bank_D,E17,P019,WALLET
E07000,C0526,8950.17,CHECKOUT_ABANDONED,Bank_C,E17,P009,UPI
E07001,C0780,11215.27,CHECKOUT_ABANDONED,Bank_C,E23,P011,UPI
E07002,C0918,19895.83,CHECKOUT_ABANDONED,Bank_B,E42,P004,NETBANKING
E07003,C0079,6283.12,INVOICE_OVERDUE,Bank_C,E23,P004,NETBANKING
E07004,C0875,21984.93,PAYMENT_FAILED,Bank_B,E23,P013,UPI
E07005,C0791,5043.47,CHECKOUT_ABANDONED,Bank_C,E11,P003,WALLET
E07006,C0073,2338.44,PAYMENT_FAILED,Bank_A,E42,P015,WALLET
E07007,C0320,15178.83,PAYMENT_FAILED,Bank_A,E42,P019,NETBANKING
E07008,C0734,19606.64,SUBSCRIPTION_FAILED,Bank_C,E23,P008,WALLET
E07009,C0156,6084.8,PAYMENT_FAILED,Bank_C,E17,P011,NETBANKING
E07010,C0367,12479.41,PAYMENT_FAILED,Bank_C,E42,P016,UPI
E07011,C0106,17930.58,INVOICE_OVERDUE,Bank_A,E17,P019,CARD
E07012,C0149,21370.4,CHECKOUT_ABANDONED,Bank_D,E17,P010,CARD
E07013,C0767,22822.07,INVOICE_OVERDUE,Bank_D,E11,P013,CARD
E07014,C0698,1120.59,INVOICE_OVERDUE,Bank_B,E11,P017,UPI
E07015,C0434,15941.36,PAYMENT_FAILED,Bank_A,E42,P013,UPI
E07016,C0354,20508.72,INVOICE_OVERDUE,Bank_C,E42,P002,NETBANKING
E07017,C0894,8227.93,CHECKOUT_ABANDONED,Bank_A,E23,P009,CARD
E07018,C0419,19748.84,PAYMENT_FAILED,Bank_D,E23,P015,NETBANKING
E07019,C0188,1965.32,CHECKOUT_ABANDONED,Bank_D,E11,P006,CARD
E07020,C0144,16671.24,INVOICE_OVERDUE,Bank_C,E42,P001,UPI
E07021,C0451,21735.85,SUBSCRIPTION_FAILED,Bank_A,E42,P007,NETBANKING
E07022,C0434,13526.5,PAYMENT_FAILED,Bank_A,E42,P011,CARD
E07023,C0446,23136.67,CHECKOUT_ABANDONED,Bank_A,E42,P016,UPI
E07024,C0885,16921.29,PAYMENT_FAILED,Bank_B,E23,P012,WALLET
E07025,C0832,17865.85,PAYMENT_FAILED,Bank_C,E17,P010,WALLET
E07026,C0705,3597.9,PAYMENT_FAILED,Bank_B,E23,P012,CARD
E07027,C0631,21843.84,INVOICE_OVERDUE,Bank_D,E11,P019,WALLET
E07028,C0322,8231.94,SUBSCRIPTION_FAILED,Bank_C,E42,P014,UPI
E07029,C0861,14795.47,SUBSCRIPTION_FAILED,Bank_C,E17,P004,WALLET
E07030,C0226,7372.47,INVOICE_OVERDUE,Bank_C,E17,P002,NETBANKING
E07031,C0256,16257.08,SUBSCRIPTION_FAILED,Bank_A,E23,P015,NETBANKING
E07032,C0588,2529.23,PAYMENT_FAILED,Bank_A,E11,P009,NETBANKING
E07033,C0308,5935.89,SUBSCRIPTION_FAILED,Bank_A,E11,P013,WALLET
E07034,C0852,18468.41,INVOICE_OVERDUE,Bank_C,E23,P015,CARD
E07035,C0102,7670.8,SUBSCRIPTION_FAILED,Bank_C,E11,P020,CARD
E07036,C0135,20685.17,PAYMENT_FAILED,Bank_A,E42,P017,CARD
E07037,C0034,10405.2,CHECKOUT_ABANDONED,Bank_B,E17,P011,UPI
E07038,C0581,12090.58,PAYMENT_FAILED,Bank_D,E42,P011,UPI
E07039,C0136,11382.3,SUBSCRIPTION_FAILED,Bank_B,E11,P003,NETBANKING
E07040,C0656,5362.75,PAYMENT_FAILED,Bank_C,E11,P017,WALLET
E07041,C0739,9444.07,CHECKOUT_ABANDONED,Bank_B,E23,P015,CARD
E07042,C0944,6784.58,INVOICE_OVERDUE,Bank_A,E42,P006,WALLET
E07043,C0380,3376.88,INVOICE_OVERDUE,Bank_D,E42,P004,WALLET
E07044,C0861,6888.91,CHECKOUT_ABANDONED,Bank_C,E42,P017,NETBANKING
E07045,C0352,19058.68,CHECKOUT_ABANDONED,Bank_B,E17,P001,NETBANKING
E07046,C0134,18666.85,CHECKOUT_ABANDONED,Bank_B,E23,P001,NETBANKING
E07047,C0789,4213.23,PAYMENT_FAILED,Bank_A,E17,P013,NETBANKING
E07048,C0014,8865.95,INVOICE_OVERDUE,Bank_B,E23,P019,CARD
E07049,C0079,13240.53,SUBSCRIPTION_FAILED,Bank_C,E11,P017,WALLET
E07050,C0579,15521.44,CHECKOUT_ABANDONED,Bank_A,E42,P003,NETBANKING
E07051,C0670,19408.06,PAYMENT_FAILED,Bank_A,E42,P004,WALLET
E07052,C0966,14666.37,PAYMENT_FAILED,Bank_D,E17,P003,NETBANKING
E07053,C0941,23725.26,PAYMENT_FAILED,Bank_A,E42,P001,NETBANKING
E07054,C0483,14133.57,CHECKOUT_ABANDONED,Bank_A,E42,P018,NETBANKING
E07055,C0764,16817.84,INVOICE_OVERDUE,Bank_A,E11,P005,CARD
E07056,C0466,10303.26,INVOICE_OVERDUE,Bank_C,E42,P019,CARD
E07057,C0534,5582.33,PAYMENT_FAILED,Bank_C,E23,P008,CARD
E07058,C0358,15198.21,CHECKOUT_ABANDONED,Bank_C,E23,P017,WALLET
E07059,C0025,4517.09,SUBSCRIPTION_FAILED,Bank_A,E42,P009,CARD
E07060,C0315,21165.3,CHECKOUT_ABANDONED,Bank_B,E17,P020,UPI
E07061,C0423,11770.0,CHECKOUT_ABANDONED,Bank_D,E42,P009,NETBANKING
E07062,C0627,21258.75,CHECKOUT_ABANDONED,Bank_A,E42,P020,WALLET
E07063,C0168,18341.87,INVOICE_OVERDUE,Bank_A,E42,P020,NETBANKING
E07064,C0899,16549.11,CHECKOUT_ABANDONED,Bank_D,E42,P015,CARD
E07065,C0382,2675.71,PAYMENT_FAILED,Bank_C,E17,P004,NETBANKING
E07066,C0687,9630.11,INVOICE_OVERDUE,Bank_A,E42,P009,UPI
E07067,C0524,16434.95,INVOICE_OVERDUE,Bank_A,E42,P016,NETBANKING
E07068,C0331,9730.68,PAYMENT_FAILED,Bank_A,E17,P020,UPI
E07069,C0959,3905.89,INVOICE_OVERDUE,Bank_B,E42,P006,WALLET
E07070,C0206,10308.27,CHECKOUT_ABANDONED,Bank_A,E42,P003,NETBANKING
E07071,C0694,19801.65,INVOICE_OVERDUE,Bank_C,E23,P004,UPI
E07072,C0352,882.02,INVOICE_OVERDUE,Bank_C,E11,P014,UPI
E07073,C0353,12429.36,PAYMENT_FAILED,Bank_A,E17,P010,NETBANKING
E07074,C0752,19122.84,INVOICE_OVERDUE,Bank_B,E11,P010,NETBANKING
E07075,C0618,21185.46,CHECKOUT_ABANDONED,Bank_B,E11,P017,UPI
E07076,C0755,18669.73,SUBSCRIPTION_FAILED,Bank_C,E17,P015,WALLET
E07077,C0787,5044.24,CHECKOUT_ABANDONED,Bank_A,E17,P018,CARD
E07078,C0753,23792.53,INVOICE_OVERDUE,Bank_C,E42,P016,UPI
E07079,C0675,12350.08,SUBSCRIPTION_FAILED,Bank_A,E42,P016,CARD
E07080,C0789,7372.65,PAYMENT_FAILED,Bank_C,E11,P016,WALLET
E07081,C0209,23259.45,INVOICE_OVERDUE,Bank_A,E23,P005,NETBANKING
E07082,C0531,10689.82,PAYMENT_FAILED,Bank_B,E17,P003,CARD
E07083,C0775,10633.92,INVOICE_OVERDUE,Bank_D,E17,P016,CARD
E07084,C0695,7625.3,SUBSCRIPTION_FAILED,Bank_A,E11,P008,UPI
E07085,C0374,21941.2,SUBSCRIPTION_FAILED,Bank_B,E23,P006,CARD
E07086,C0319,8536.89,CHECKOUT_ABANDONED,Bank_A,E11,P014,WALLET
E07087,C0201,13122.27,SUBSCRIPTION_FAILED,Bank_A,E42,P018,WALLET
E07088,C0566,9932.25,INVOICE_OVERDUE,Bank_B,E17,P006,NETBANKING
E07089,C0070,16046.16,INVOICE_OVERDUE,Bank_C,E23,P015,NETBANKING
E07090,C0409,17898.58,PAYMENT_FAILED,Bank_A,E42,P018,NETBANKING
E07091,C0101,1332.63,SUBSCRIPTION_FAILED,Bank_A,E23,P009,WALLET
E07092,C0373,689.93,SUBSCRIPTION_FAILED,Bank_B,E42,P020,NETBANKING
E07093,C0032,12426.9,INVOICE_OVERDUE,Bank_A,E42,P007,NETBANKING
E07094,C0769,11457.62,INVOICE_OVERDUE,Bank_C,E11,P020,UPI
E07095,C0917,2667.44,PAYMENT_FAILED,Bank_A,E42,P019,UPI
E07096,C0546,18119.79,PAYMENT_FAILED,Bank_A,E11,P006,NETBANKING
E07097,C0794,11444.98,PAYMENT_FAILED,Bank_B,E11,P016,UPI
E07098,C0302,10571.28,PAYMENT_FAILED,Bank_A,E42,P002,WALLET
E07099,C0021,17868.02,SUBSCRIPTION_FAILED,Bank_B,E17,P007,UPI
E07100,C0520,16552.48,CHECKOUT_ABANDONED,Bank_C,E17,P004,WALLET
E07101,C0497,16397.62,CHECKOUT_ABANDONED,Bank_A,E42,P001,NETBANKING
E07102,C0156,24210.43,INVOICE_OVERDUE,Bank_A,E11,P013,CARD
E07103,C0754,1769.01,PAYMENT_FAILED,Bank_A,E17,P020,CARD
E07104,C0756,8236.66,CHECKOUT_ABANDONED,Bank_C,E17,P004,NETBANKING
E07105,C0189,813.74,CHECKOUT_ABANDONED,Bank_D,E17,P007,UPI
E07106,C0928,19185.13,SUBSCRIPTION_FAILED,Bank_C,E11,P012,UPI
E07107,C0315,9761.71,PAYMENT_FAILED,Bank_C,E42,P002,WALLET
E07108,C0918,7539.99,SUBSCRIPTION_FAILED,Bank_A,E17,P017,WALLET
E07109,C0136,6243.18,SUBSCRIPTION_FAILED,Bank_C,E11,P008,CARD
E07110,C0574,16542.21,SUBSCRIPTION_FAILED,Bank_A,E17,P007,NETBANKING
E07111,C0023,17680.72,PAYMENT_FAILED,Bank_D,E42,P020,CARD
E07112,C0140,14293.44,SUBSCRIPTION_FAILED,Bank_D,E17,P003,UPI
E07113,C0075,8640.63,SUBSCRIPTION_FAILED,Bank_A,E42,P013,CARD
E07114,C0479,10201.26,CHECKOUT_ABANDONED,Bank_A,E11,P011,NETBANKING
E07115,C0800,21204.15,PAYMENT_FAILED,Bank_A,E42,P011,WALLET
E07116,C0218,20325.01,CHECKOUT_ABANDONED,Bank_A,E42,P003,UPI
E07117,C0059,6313.38,PAYMENT_FAILED,Bank_A,E23,P007,NETBANKING
E07118,C0604,19473.95,SUBSCRIPTION_FAILED,Bank_B,E42,P013,WALLET
E07119,C0481,20438.21,SUBSCRIPTION_FAILED,Bank_A,E23,P012,UPI
E07120,C0153,17722.57,CHECKOUT_ABANDONED,Bank_A,E11,P017,NETBANKING
E07121,C0475,5476.99,PAYMENT_FAILED,Bank_B,E23,P020,UPI
E07122,C0056,23518.69,CHECKOUT_ABANDONED,Bank_C,E17,P011,UPI
E07123,C0592,24678.96,CHECKOUT_ABANDONED,Bank_D,E11,P016,NETBANKING
E07124,C0195,10023.79,SUBSCRIPTION_FAILED,Bank_A,E42,P010,UPI
E07125,C0205,15006.44,INVOICE_OVERDUE,Bank_C,E23,P010,WALLET
E07126,C0156,8959.26,INVOICE_OVERDUE,Bank_A,E42,P011,CARD
E07127,C0463,15781.81,PAYMENT_FAILED,Bank_A,E17,P010,CARD
E07128,C0352,9265.89,SUBSCRIPTION_FAILED,Bank_B,E17,P004,UPI
E07129,C0759,6622.57,INVOICE_OVERDUE,Bank_D,E11,P009,CARD
E07130,C0967,5705.03,SUBSCRIPTION_FAILED,Bank_C,E17,P010,CARD
E07131,C0301,5472.71,PAYMENT_FAILED,Bank_A,E42,P016,WALLET
E07132,C0683,13237.86,PAYMENT_FAILED,Bank_B,E42,P010,UPI
E07133,C0415,4351.29,INVOICE_OVERDUE,Bank_D,E17,P007,UPI
E07134,C0444,3185.76,SUBSCRIPTION_FAILED,Bank_C,E11,P006,UPI
E07135,C0155,10740.81,PAYMENT_FAILED,Bank_B,E17,P019,WALLET
E07136,C0544,15544.09,SUBSCRIPTION_FAILED,Bank_A,E42,P007,CARD
E07137,C0447,18037.62,SUBSCRIPTION_FAILED,Bank_A,E42,P003,WALLET
E07138,C0188,15839.16,INVOICE_OVERDUE,Bank_B,E23,P007,CARD
E07139,C0391,17705.72,CHECKOUT_ABANDONED,Bank_B,E42,P013,UPI
E07140,C0663,19061.97,CHECKOUT_ABANDONED,Bank_B,E23,P008,NETBANKING
E07141,C0262,7510.46,CHECKOUT_ABANDONED,Bank_C,E11,P013,NETBANKING
E07142,C0790,17125.22,CHECKOUT_ABANDONED,Bank_C,E17,P014,WALLET
E07143,C0713,1455.94,CHECKOUT_ABANDONED,Bank_D,E23,P013,UPI
E07144,C0093,15900.89,CHECKOUT_ABANDONED,Bank_C,E23,P013,WALLET
E07145,C0738,16328.8,CHECKOUT_ABANDONED,Bank_A,E42,P016,UPI
E07146,C0519,2013.2,INVOICE_OVERDUE,Bank_A,E11,P014,NETBANKING
E07147,C0291,13385.56,CHECKOUT_ABANDONED,Bank_A,E42,P004,CARD
E07148,C0436,5392.79,SUBSCRIPTION_FAILED,Bank_C,E17,P004,NETBANKING
E07149,C0387,8113.08,CHECKOUT_ABANDONED,Bank_A,E42,P009,CARD
E07150,C0791,19320.57,INVOICE_OVERDUE,Bank_B,E17,P010,CARD
E07151,C0165,14327.71,CHECKOUT_ABANDONED,Bank_B,E23,P010,NETBANKING
E07152,C0071,6938.64,SUBSCRIPTION_FAILED,Bank_D,E11,P009,NETBANKING
E07153,C0704,20696.66,CHECKOUT_ABANDONED,Bank_C,E42,P012,NETBANKING
E07154,C0904,5344.43,INVOICE_OVERDUE,Bank_B,E42,P015,NETBANKING
E07155,C0748,18639.38,SUBSCRIPTION_FAILED,Bank_C,E17,P009,WALLET
E07156,C0952,23626.28,INVOICE_OVERDUE,Bank_B,E11,P008,NETBANKING
E07157,C0801,1003.3,INVOICE_OVERDUE,Bank_A,E42,P011,UPI
E07158,C0945,23378.58,PAYMENT_FAILED,Bank_A,E42,P001,NETBANKING
E07159,C0375,19352.91,INVOICE_OVERDUE,Bank_A,E11,P012,WALLET
E07160,C0662,11537.09,CHECKOUT_ABANDONED,Bank_B,E17,P018,UPI
E07161,C0845,18364.35,CHECKOUT_ABANDONED,Bank_A,E23,P009,WALLET
E07162,C0319,22295.34,SUBSCRIPTION_FAILED,Bank_A,E42,P018,NETBANKING
E07163,C0297,9910.02,SUBSCRIPTION_FAILED,Bank_C,E17,P009,NETBANKING
E07164,C0470,15965.82,SUBSCRIPTION_FAILED,Bank_A,E11,P012,WALLET
E07165,C0317,24568.26,CHECKOUT_ABANDONED,Bank_B,E23,P018,WALLET
E07166,C0497,20461.55,PAYMENT_FAILED,Bank_D,E42,P008,WALLET
E07167,C0750,7190.35,INVOICE_OVERDUE,Bank_D,E23,P009,WALLET
E07168,C0162,11960.69,PAYMENT_FAILED,Bank_A,E23,P008,NETBANKING
E07169,C0997,3458.29,CHECKOUT_ABANDONED,Bank_A,E23,P006,UPI
E07170,C0091,17025.64,PAYMENT_FAILED,Bank_A,E42,P014,WALLET
E07171,C0562,24497.87,CHECKOUT_ABANDONED,Bank_D,E42,P011,CARD
E07172,C0171,22952.06,CHECKOUT_ABANDONED,Bank_C,E11,P013,NETBANKING
E07173,C0500,13950.29,SUBSCRIPTION_FAILED,Bank_A,E42,P006,NETBANKING
E07174,C0063,7795.9,CHECKOUT_ABANDONED,Bank_A,E42,P001,NETBANKING
E07175,C0367,12516.33,CHECKOUT_ABANDONED,Bank_A,E17,P016,UPI
E07176,C0662,12093.89,PAYMENT_FAILED,Bank_A,E42,P008,NETBANKING
E07177,C0421,20843.77,INVOICE_OVERDUE,Bank_B,E17,P008,WALLET
E07178,C0735,3132.2,CHECKOUT_ABANDONED,Bank_B,E23,P004,NETBANKING
E07179,C0161,7195.13,INVOICE_OVERDUE,Bank_B,E23,P017,CARD
E07180,C0425,3094.66,CHECKOUT_ABANDONED,Bank_A,E42,P016,UPI
E07181,C0674,4972.74,SUBSCRIPTION_FAILED,Bank_B,E42,P012,NETBANKING
E07182,C0127,12595.94,INVOICE_OVERDUE,Bank_A,E42,P018,WALLET
E07183,C0121,5906.37,SUBSCRIPTION_FAILED,Bank_D,E17,P013,NETBANKING
E07184,C0672,3169.92,CHECKOUT_ABANDONED,Bank_C,E11,P018,NETBANKING
E07185,C0804,15486.9,PAYMENT_FAILED,Bank_A,E42,P011,UPI
E07186,C0877,17126.12,PAYMENT_FAILED,Bank_A,E42,P012,UPI
E07187,C0068,8853.37,CHECKOUT_ABANDONED,Bank_B,E17,P008,CARD
E07188,C0182,23903.9,SUBSCRIPTION_FAILED,Bank_B,E17,P012,UPI
E07189,C0383,21479.03,SUBSCRIPTION_FAILED,Bank_B,E17,P010,NETBANKING
E07190,C0003,18634.55,INVOICE_OVERDUE,Bank_B,E23,P020,CARD
E07191,C0838,20859.42,CHECKOUT_ABANDONED,Bank_C,E42,P005,UPI
E07192,C0618,8887.13,INVOICE_OVERDUE,Bank_D,E11,P001,NETBANKING
E07193,C0037,23394.49,SUBSCRIPTION_FAILED,Bank_C,E11,P014,NETBANKING
E07194,C0517,18164.69,INVOICE_OVERDUE,Bank_C,E42,P007,CARD
E07195,C0650,5552.34,SUBSCRIPTION_FAILED,Bank_C,E23,P014,NETBANKING
E07196,C0007,4470.57,PAYMENT_FAILED,Bank_A,E23,P018,WALLET
E07197,C0138,15046.87,INVOICE_OVERDUE,Bank_A,E42,P013,CARD
E07198,C0088,11442.82,SUBSCRIPTION_FAILED,Bank_A,E42,P006,UPI
E07199,C0846,21742.61,PAYMENT_FAILED,Bank_C,E23,P009,WALLET
E07200,C0304,13171.35,SUBSCRIPTION_FAILED,Bank_A,E42,P007,CARD
E07201,C0819,3162.66,CHECKOUT_ABANDONED,Bank_A,E42,P012,UPI
E07202,C0125,4908.38,CHECKOUT_ABANDONED,Bank_C,E42,P004,NETBANKING
E07203,C0830,560.11,PAYMENT_FAILED,Bank_A,E23,P006,NETBANKING
E07204,C0087,19728.14,CHECKOUT_ABANDONED,Bank_B,E11,P003,CARD
E07205,C0655,18507.62,INVOICE_OVERDUE,Bank_A,E42,P008,WALLET
E07206,C0956,23441.43,CHECKOUT_ABANDONED,Bank_B,E23,P019,UPI
E07207,C0008,3635.93,SUBSCRIPTION_FAILED,Bank_C,E23,P019,UPI
E07208,C0050,4251.34,CHECKOUT_ABANDONED,Bank_D,E42,P017,UPI
E07209,C0427,22763.9,SUBSCRIPTION_FAILED,Bank_C,E11,P019,NETBANKING
E07210,C0337,19729.7,PAYMENT_FAILED,Bank_A,E42,P013,NETBANKING
E07211,C0324,18531.84,PAYMENT_FAILED,Bank_C,E11,P014,WALLET
E07212,C0930,16777.03,SUBSCRIPTION_FAILED,Bank_A,E42,P005,UPI
E07213,C0934,14197.13,CHECKOUT_ABANDONED,Bank_A,E17,P016,UPI
E07214,C0765,8632.58,PAYMENT_FAILED,Bank_D,E11,P018,CARD
E07215,C0008,4281.38,CHECKOUT_ABANDONED,Bank_B,E11,P001,CARD
E07216,C0993,6877.16,CHECKOUT_ABANDONED,Bank_B,E42,P009,CARD
E07217,C0978,24132.57,INVOICE_OVERDUE,Bank_A,E23,P019,NETBANKING
E07218,C0671,2433.85,CHECKOUT_ABANDONED,Bank_A,E42,P007,WALLET
E07219,C0722,18074.93,CHECKOUT_ABANDONED,Bank_D,E23,P014,CARD
E07220,C0204,23705.94,CHECKOUT_ABANDONED,Bank_A,E42,P002,UPI
E07221,C0190,819.57,PAYMENT_FAILED,Bank_A,E42,P006,WALLET
E07222,C0876,906.77,SUBSCRIPTION_FAILED,Bank_A,E42,P002,CARD
E07223,C0586,21694.79,SUBSCRIPTION_FAILED,Bank_C,E11,P013,CARD
E07224,C0110,16529.74,PAYMENT_FAILED,Bank_B,E11,P012,UPI
E07225,C0773,16881.9,INVOICE_OVERDUE,Bank_A,E23,P003,UPI
E07226,C0135,16521.2,PAYMENT_FAILED,Bank_D,E11,P017,UPI
E07227,C0034,8250.8,INVOICE_OVERDUE,Bank_A,E42,P020,NETBANKING
E07228,C0999,22459.01,CHECKOUT_ABANDONED,Bank_A,E42,P011,WALLET
E07229,C0938,22333.46,PAYMENT_FAILED,Bank_B,E17,P006,WALLET
E07230,C0405,19620.55,PAYMENT_FAILED,Bank_A,E23,P013,CARD
E07231,C0370,12705.71,SUBSCRIPTION_FAILED,Bank_D,E17,P009,NETBANKING
E07232,C0682,21079.56,PAYMENT_FAILED,Bank_D,E11,P018,CARD
E07233,C0869,21652.95,INVOICE_OVERDUE,Bank_A,E23,P006,WALLET
E07234,C0939,8181.8,INVOICE_OVERDUE,Bank_A,E42,P017,UPI
E07235,C0568,2051.84,SUBSCRIPTION_FAILED,Bank_D,E42,P003,CARD
E07236,C0360,14583.19,CHECKOUT_ABANDONED,Bank_A,E11,P008,CARD
E07237,C0772,21288.49,INVOICE_OVERDUE,Bank_A,E42,P007,WALLET
E07238,C0298,10135.49,CHECKOUT_ABANDONED,Bank_C,E42,P006,WALLET
E07239,C0165,1426.33,CHECKOUT_ABANDONED,Bank_D,E17,P011,CARD
E07240,C0469,4199.39,INVOICE_OVERDUE,Bank_C,E17,P017,CARD
E07241,C0963,21502.61,INVOICE_OVERDUE,Bank_B,E17,P016,UPI
E07242,C0979,4093.72,SUBSCRIPTION_FAILED,Bank_B,E11,P017,NETBANKING
E07243,C0415,24347.33,CHECKOUT_ABANDONED,Bank_A,E42,P013,CARD
E07244,C0705,22612.01,INVOICE_OVERDUE,Bank_C,E11,P017,CARD
E07245,C0038,23947.87,INVOICE_OVERDUE,Bank_C,E42,P010,NETBANKING
E07246,C0764,21574.87,SUBSCRIPTION_FAILED,Bank_C,E23,P017,WALLET
E07247,C0572,7409.45,INVOICE_OVERDUE,Bank_A,E11,P009,WALLET
E07248,C0495,17292.53,CHECKOUT_ABANDONED,Bank_B,E11,P009,UPI
E07249,C0179,8801.68,INVOICE_OVERDUE,Bank_D,E42,P005,UPI
E07250,C0281,20614.21,PAYMENT_FAILED,Bank_C,E23,P001,UPI
E07251,C0841,13374.73,INVOICE_OVERDUE,Bank_A,E11,P019,NETBANKING
E07252,C0008,11015.71,INVOICE_OVERDUE,Bank_A,E42,P006,NETBANKING
E07253,C0338,15004.41,PAYMENT_FAILED,Bank_C,E11,P004,WALLET
E07254,C0470,24877.33,INVOICE_OVERDUE,Bank_A,E42,P014,CARD
E07255,C0485,22126.97,INVOICE_OVERDUE,Bank_A,E42,P002,CARD
E07256,C0703,3569.2,INVOICE_OVERDUE,Bank_A,E42,P011,UPI
E07257,C0699,16153.47,SUBSCRIPTION_FAILED,Bank_D,E11,P008,CARD
E07258,C0366,19337.44,PAYMENT_FAILED,Bank_B,E17,P013,UPI
E07259,C0769,13439.28,SUBSCRIPTION_FAILED,Bank_A,E17,P016,NETBANKING
E07260,C0371,11588.55,INVOICE_OVERDUE,Bank_D,E23,P006,WALLET
E07261,C0152,15608.52,CHECKOUT_ABANDONED,Bank_C,E42,P004,WALLET
E07262,C0119,19547.85,SUBSCRIPTION_FAILED,Bank_B,E42,P015,NETBANKING
E07263,C0907,12790.07,SUBSCRIPTION_FAILED,Bank_C,E11,P004,WALLET
E07264,C0209,3440.19,SUBSCRIPTION_FAILED,Bank_A,E42,P001,UPI
E07265,C0637,3220.95,INVOICE_OVERDUE,Bank_A,E17,P008,UPI
E07266,C0071,14696.81,PAYMENT_FAILED,Bank_A,E11,P001,UPI
E07267,C0458,15597.58,PAYMENT_FAILED,Bank_C,E23,P018,NETBANKING
E07268,C0550,13909.86,INVOICE_OVERDUE,Bank_A,E42,P017,UPI
E07269,C0537,22337.26,CHECKOUT_ABANDONED,Bank_A,E23,P016,CARD
E07270,C0389,2827.75,PAYMENT_FAILED,Bank_C,E23,P020,NETBANKING
E07271,C0081,23586.59,CHECKOUT_ABANDONED,Bank_A,E11,P014,CARD
E07272,C0153,13755.97,INVOICE_OVERDUE,Bank_C,E17,P007,CARD
E07273,C0011,3753.86,INVOICE_OVERDUE,Bank_C,E11,P013,WALLET
E07274,C0174,20224.0,PAYMENT_FAILED,Bank_C,E23,P018,NETBANKING
E07275,C0900,19187.83,SUBSCRIPTION_FAILED,Bank_B,E42,P012,UPI
E07276,C0018,6691.73,PAYMENT_FAILED,Bank_A,E42,P015,UPI
E07277,C0568,22647.73,PAYMENT_FAILED,Bank_B,E23,P020,NETBANKING
E07278,C0832,11536.84,CHECKOUT_ABANDONED,Bank_A,E42,P005,WALLET
E07279,C0979,8811.55,CHECKOUT_ABANDONED,Bank_A,E42,P015,NETBANKING
E07280,C0786,18988.75,PAYMENT_FAILED,Bank_A,E23,P020,CARD
E07281,C0891,15057.66,SUBSCRIPTION_FAILED,Bank_C,E11,P018,CARD
E07282,C0031,9887.26,PAYMENT_FAILED,Bank_C,E23,P006,CARD
E07283,C0385,22153.98,PAYMENT_FAILED,Bank_C,E11,P010,WALLET
E07284,C0275,7132.89,INVOICE_OVERDUE,Bank_A,E17,P013,CARD
E07285,C0635,21564.17,SUBSCRIPTION_FAILED,Bank_A,E42,P015,WALLET
E07286,C0573,19906.5,SUBSCRIPTION_FAILED,Bank_C,E23,P012,UPI
E07287,C0501,14782.08,CHECKOUT_ABANDONED,Bank_D,E23,P013,CARD
E07288,C0577,13527.73,SUBSCRIPTION_FAILED,Bank_D,E17,P002,UPI
E07289,C0023,7084.02,INVOICE_OVERDUE,Bank_A,E42,P011,NETBANKING
E07290,C0296,16143.48,PAYMENT_FAILED,Bank_A,E42,P018,CARD
E07291,C0579,7635.65,INVOICE_OVERDUE,Bank_C,E17,P011,UPI
E07292,C0164,23651.99,INVOICE_OVERDUE,Bank_C,E11,P012,CARD
E07293,C0089,8318.18,INVOICE_OVERDUE,Bank_B,E11,P008,UPI
E07294,C0947,6606.54,SUBSCRIPTION_FAILED,Bank_B,E17,P017,WALLET
E07295,C0422,18938.3,SUBSCRIPTION_FAILED,Bank_D,E23,P013,CARD
E07296,C0181,8889.61,CHECKOUT_ABANDONED,Bank_A,E11,P014,NETBANKING
E07297,C0567,21486.71,SUBSCRIPTION_FAILED,Bank_C,E42,P020,CARD
E07298,C0102,23083.55,PAYMENT_FAILED,Bank_B,E42,P014,WALLET
E07299,C0743,5414.77,CHECKOUT_ABANDONED,Bank_B,E11,P020,NETBANKING
E07300,C0799,15819.17,PAYMENT_FAILED,Bank_D,E17,P002,WALLET
E07301,C0995,1885.75,INVOICE_OVERDUE,Bank_D,E23,P011,WALLET
E07302,C0252,10927.54,PAYMENT_FAILED,Bank_A,E42,P001,UPI
E07303,C0039,24677.29,CHECKOUT_ABANDONED,Bank_D,E11,P009,NETBANKING
E07304,C0485,15967.34,CHECKOUT_ABANDONED,Bank_A,E17,P016,CARD
E07305,C0290,8943.4,INVOICE_OVERDUE,Bank_D,E17,P004,UPI
E07306,C0395,23504.55,PAYMENT_FAILED,Bank_B,E42,P013,WALLET
E07307,C0758,6338.67,SUBSCRIPTION_FAILED,Bank_A,E17,P014,CARD
E07308,C0811,15408.36,PAYMENT_FAILED,Bank_B,E23,P005,NETBANKING
E07309,C0095,1486.63,CHECKOUT_ABANDONED,Bank_A,E23,P020,WALLET
E07310,C0214,18033.35,PAYMENT_FAILED,Bank_A,E42,P008,UPI
E07311,C0753,17091.17,SUBSCRIPTION_FAILED,Bank_A,E11,P014,WALLET
E07312,C0608,23942.08,INVOICE_OVERDUE,Bank_A,E17,P018,CARD
E07313,C0344,20397.2,INVOICE_OVERDUE,Bank_D,E42,P013,UPI
E07314,C0105,23438.37,INVOICE_OVERDUE,Bank_A,E11,P003,NETBANKING
E07315,C0313,8504.81,SUBSCRIPTION_FAILED,Bank_C,E23,P010,CARD
E07316,C0212,10038.16,CHECKOUT_ABANDONED,Bank_A,E23,P012,CARD
E07317,C0724,7119.63,SUBSCRIPTION_FAILED,Bank_A,E42,P013,CARD
E07318,C0429,2628.91,INVOICE_OVERDUE,Bank_A,E42,P013,CARD
E07319,C0019,20832.76,INVOICE_OVERDUE,Bank_D,E17,P008,NETBANKING
E07320,C0756,15008.63,SUBSCRIPTION_FAILED,Bank_A,E42,P017,UPI
E07321,C0832,18087.06,CHECKOUT_ABANDONED,Bank_A,E23,P004,UPI
E07322,C0106,5211.58,PAYMENT_FAILED,Bank_B,E42,P010,NETBANKING
E07323,C0037,15378.89,SUBSCRIPTION_FAILED,Bank_A,E42,P020,NETBANKING
E07324,C0582,3304.21,PAYMENT_FAILED,Bank_A,E23,P015,WALLET
E07325,C0089,10589.85,CHECKOUT_ABANDONED,Bank_C,E11,P005,UPI
E07326,C0934,12787.88,PAYMENT_FAILED,Bank_B,E23,P003,UPI
E07327,C0640,17691.07,INVOICE_OVERDUE,Bank_A,E42,P019,UPI
E07328,C0779,19268.24,CHECKOUT_ABANDONED,Bank_B,E17,P007,UPI
E07329,C0546,12992.66,PAYMENT_FAILED,Bank_A,E42,P001,NETBANKING
E07330,C0846,18739.91,CHECKOUT_ABANDONED,Bank_B,E17,P014,NETBANKING
E07331,C0557,23394.06,SUBSCRIPTION_FAILED,Bank_A,E42,P015,UPI
E07332,C0804,6438.28,INVOICE_OVERDUE,Bank_D,E23,P013,WALLET
E07333,C0540,5595.9,PAYMENT_FAILED,Bank_B,E11,P012,UPI
E07334,C0482,13432.9,SUBSCRIPTION_FAILED,Bank_D,E42,P014,WALLET
E07335,C0463,3363.09,SUBSCRIPTION_FAILED,Bank_B,E42,P009,NETBANKING
E07336,C0720,1017.6,PAYMENT_FAILED,Bank_A,E42,P004,CARD
E07337,C0120,21690.77,CHECKOUT_ABANDONED,Bank_B,E23,P015,NETBANKING
E07338,C0348,3530.27,PAYMENT_FAILED,Bank_B,E42,P002,WALLET
E07339,C0531,2205.1,CHECKOUT_ABANDONED,Bank_A,E23,P006,UPI
E07340,C0869,1275.19,INVOICE_OVERDUE,Bank_B,E23,P014,UPI
E07341,C0320,15750.23,PAYMENT_FAILED,Bank_C,E17,P010,WALLET
E07342,C0752,6845.28,SUBSCRIPTION_FAILED,Bank_C,E17,P007,NETBANKING
E07343,C0313,948.54,SUBSCRIPTION_FAILED,Bank_A,E42,P015,NETBANKING
E07344,C0325,23112.87,INVOICE_OVERDUE,Bank_A,E42,P018,CARD
E07345,C0002,1217.17,INVOICE_OVERDUE,Bank_B,E23,P002,CARD
E07346,C0181,16780.0,PAYMENT_FAILED,Bank_A,E42,P009,UPI
E07347,C0266,13266.72,INVOICE_OVERDUE,Bank_A,E42,P017,CARD
E07348,C0916,24345.82,SUBSCRIPTION_FAILED,Bank_A,E42,P002,UPI
E07349,C0599,5684.35,PAYMENT_FAILED,Bank_A,E11,P013,WALLET
E07350,C0795,12462.63,CHECKOUT_ABANDONED,Bank_A,E17,P014,UPI
E07351,C0115,6579.87,PAYMENT_FAILED,Bank_D,E11,P007,CARD
E07352,C0649,11233.19,INVOICE_OVERDUE,Bank_C,E11,P013,UPI
E07353,C0126,24238.49,PAYMENT_FAILED,Bank_A,E42,P008,CARD
E07354,C0630,3619.69,PAYMENT_FAILED,Bank_D,E23,P016,CARD
E07355,C0895,16004.47,SUBSCRIPTION_FAILED,Bank_A,E42,P016,CARD
E07356,C0766,18236.56,SUBSCRIPTION_FAILED,Bank_D,E42,P009,WALLET
E07357,C0963,7910.35,SUBSCRIPTION_FAILED,Bank_A,E42,P005,NETBANKING
E07358,C0668,20788.9,INVOICE_OVERDUE,Bank_D,E11,P003,WALLET
E07359,C0580,7644.79,PAYMENT_FAILED,Bank_B,E23,P012,CARD
E07360,C0632,4789.35,SUBSCRIPTION_FAILED,Bank_A,E17,P001,CARD
E07361,C0989,7920.76,CHECKOUT_ABANDONED,Bank_D,E42,P015,WALLET
E07362,C0732,1321.02,SUBSCRIPTION_FAILED,Bank_B,E42,P011,NETBANKING
E07363,C0874,18764.04,INVOICE_OVERDUE,Bank_C,E42,P014,UPI
E07364,C0565,9535.63,SUBSCRIPTION_FAILED,Bank_A,E11,P015,UPI
E07365,C0906,11972.53,CHECKOUT_ABANDONED,Bank_A,E42,P009,UPI
E07366,C0256,4831.51,SUBSCRIPTION_FAILED,Bank_A,E42,P006,CARD
E07367,C0453,22451.34,PAYMENT_FAILED,Bank_B,E11,P008,NETBANKING
E07368,C0455,16234.51,SUBSCRIPTION_FAILED,Bank_B,E11,P010,WALLET
E07369,C0014,6663.18,SUBSCRIPTION_FAILED,Bank_A,E42,P020,CARD
E07370,C0337,8086.18,SUBSCRIPTION_FAILED,Bank_C,E11,P010,NETBANKING
E07371,C0234,22881.66,INVOICE_OVERDUE,Bank_A,E11,P020,WALLET
E07372,C0175,15290.34,CHECKOUT_ABANDONED,Bank_A,E42,P004,WALLET
E07373,C0202,24163.02,INVOICE_OVERDUE,Bank_D,E42,P017,WALLET
E07374,C0726,23542.58,INVOICE_OVERDUE,Bank_C,E11,P008,UPI
E07375,C0898,16045.3,CHECKOUT_ABANDONED,Bank_B,E11,P018,CARD
E07376,C0404,23587.02,CHECKOUT_ABANDONED,Bank_B,E42,P011,WALLET
E07377,C0052,3173.5,SUBSCRIPTION_FAILED,Bank_C,E42,P016,NETBANKING
E07378,C0045,7406.37,PAYMENT_FAILED,Bank_A,E42,P018,WALLET
E07379,C0413,12395.19,INVOICE_OVERDUE,Bank_A,E42,P004,NETBANKING
E07380,C0686,16427.73,INVOICE_OVERDUE,Bank_A,E42,P005,NETBANKING
E07381,C0228,22864.46,PAYMENT_FAILED,Bank_D,E23,P006,NETBANKING
E07382,C0789,24240.79,CHECKOUT_ABANDONED,Bank_B,E17,P001,CARD
E07383,C0647,7786.41,PAYMENT_FAILED,Bank_A,E42,P010,NETBANKING
E07384,C0292,16526.82,CHECKOUT_ABANDONED,Bank_D,E42,P005,CARD
E07385,C0590,24222.64,CHECKOUT_ABANDONED,Bank_A,E42,P008,NETBANKING
E07386,C0039,24097.48,PAYMENT_FAILED,Bank_A,E11,P006,NETBANKING
E07387,C0973,9476.29,PAYMENT_FAILED,Bank_A,E42,P016,UPI
E07388,C0383,10396.92,PAYMENT_FAILED,Bank_A,E42,P004,UPI
E07389,C0187,15241.5,SUBSCRIPTION_FAILED,Bank_D,E17,P010,UPI
E07390,C0155,1046.9,PAYMENT_FAILED,Bank_A,E42,P010,WALLET
E07391,C0257,5056.65,INVOICE_OVERDUE,Bank_C,E42,P013,WALLET
E07392,C0665,5391.13,PAYMENT_FAILED,Bank_C,E42,P012,UPI
E07393,C0981,22327.82,INVOICE_OVERDUE,Bank_B,E17,P014,WALLET
E07394,C0034,4571.58,PAYMENT_FAILED,Bank_A,E42,P017,UPI
E07395,C0927,16569.06,SUBSCRIPTION_FAILED,Bank_A,E23,P009,NETBANKING
E07396,C0726,11528.16,SUBSCRIPTION_FAILED,Bank_D,E17,P019,CARD
E07397,C0200,19107.29,CHECKOUT_ABANDONED,Bank_C,E23,P011,CARD
E07398,C0130,2792.91,INVOICE_OVERDUE,Bank_D,E11,P015,UPI
E07399,C0980,2341.13,PAYMENT_FAILED,Bank_B,E42,P015,WALLET
E07400,C0998,21841.03,SUBSCRIPTION_FAILED,Bank_A,E42,P004,NETBANKING
E07401,C0914,15361.0,PAYMENT_FAILED,Bank_D,E42,P003,UPI
E07402,C0300,19985.0,PAYMENT_FAILED,Bank_A,E23,P007,UPI
E07403,C0919,5767.44,CHECKOUT_ABANDONED,Bank_D,E42,P001,NETBANKING
E07404,C0449,3255.26,SUBSCRIPTION_FAILED,Bank_D,E42,P015,WALLET
E07405,C0804,20109.86,INVOICE_OVERDUE,Bank_A,E42,P009,NETBANKING
E07406,C0065,4702.86,PAYMENT_FAILED,Bank_D,E17,P004,CARD
E07407,C0381,4345.36,PAYMENT_FAILED,Bank_B,E42,P002,NETBANKING
E07408,C0910,15815.13,SUBSCRIPTION_FAILED,Bank_A,E42,P016,UPI
E07409,C0528,20811.97,SUBSCRIPTION_FAILED,Bank_C,E42,P004,CARD
E07410,C0149,18419.44,SUBSCRIPTION_FAILED,Bank_D,E11,P019,NETBANKING
E07411,C0420,1125.09,SUBSCRIPTION_FAILED,Bank_B,E17,P008,NETBANKING
E07412,C0594,22078.68,CHECKOUT_ABANDONED,Bank_A,E42,P017,CARD
E07413,C0861,7789.25,SUBSCRIPTION_FAILED,Bank_A,E17,P016,WALLET
E07414,C0325,14567.08,PAYMENT_FAILED,Bank_C,E23,P009,UPI
E07415,C0777,19900.61,SUBSCRIPTION_FAILED,Bank_A,E42,P020,NETBANKING
E07416,C0862,21701.17,SUBSCRIPTION_FAILED,Bank_D,E11,P004,WALLET
E07417,C0904,10713.19,CHECKOUT_ABANDONED,Bank_A,E11,P019,CARD
E07418,C0105,20691.55,INVOICE_OVERDUE,Bank_D,E11,P006,WALLET
E07419,C0196,9551.39,PAYMENT_FAILED,Bank_D,E17,P010,CARD
E07420,C0508,6710.13,CHECKOUT_ABANDONED,Bank_B,E23,P012,UPI
E07421,C0969,16884.01,CHECKOUT_ABANDONED,Bank_A,E42,P009,WALLET
E07422,C0260,11522.93,PAYMENT_FAILED,Bank_A,E42,P007,NETBANKING
E07423,C0281,18196.32,INVOICE_OVERDUE,Bank_B,E23,P017,UPI
E07424,C0230,20866.6,INVOICE_OVERDUE,Bank_A,E17,P003,UPI
E07425,C0692,1369.34,PAYMENT_FAILED,Bank_B,E23,P012,WALLET
E07426,C0528,14795.22,PAYMENT_FAILED,Bank_D,E42,P005,WALLET
E07427,C0566,3563.72,INVOICE_OVERDUE,Bank_D,E42,P002,CARD
E07428,C0232,11076.74,INVOICE_OVERDUE,Bank_A,E17,P006,CARD
E07429,C1000,702.3,INVOICE_OVERDUE,Bank_D,E23,P015,NETBANKING
E07430,C0061,14619.54,PAYMENT_FAILED,Bank_B,E42,P017,CARD
E07431,C0208,5157.86,PAYMENT_FAILED,Bank_D,E42,P012,NETBANKING
E07432,C0033,24685.09,SUBSCRIPTION_FAILED,Bank_A,E42,P012,WALLET
E07433,C0859,22032.29,CHECKOUT_ABANDONED,Bank_A,E42,P013,CARD
E07434,C0073,17110.29,CHECKOUT_ABANDONED,Bank_B,E42,P012,CARD
E07435,C0210,8622.13,PAYMENT_FAILED,Bank_C,E11,P019,UPI
E07436,C0749,2762.5,SUBSCRIPTION_FAILED,Bank_D,E42,P008,CARD
E07437,C0949,12822.84,INVOICE_OVERDUE,Bank_A,E42,P002,NETBANKING
E07438,C0669,8441.92,PAYMENT_FAILED,Bank_C,E11,P011,UPI
E07439,C0857,22791.33,PAYMENT_FAILED,Bank_C,E11,P008,WALLET
E07440,C0268,1494.69,CHECKOUT_ABANDONED,Bank_D,E42,P009,UPI
E07441,C0073,3622.46,SUBSCRIPTION_FAILED,Bank_A,E42,P004,CARD
E07442,C0882,10656.2,CHECKOUT_ABANDONED,Bank_B,E23,P018,CARD
E07443,C0640,13847.29,CHECKOUT_ABANDONED,Bank_A,E42,P005,UPI
E07444,C0086,12111.87,SUBSCRIPTION_FAILED,Bank_A,E42,P012,UPI
E07445,C0033,11540.6,CHECKOUT_ABANDONED,Bank_A,E42,P016,WALLET
E07446,C0961,17085.19,INVOICE_OVERDUE,Bank_A,E42,P009,NETBANKING
E07447,C0906,7769.14,PAYMENT_FAILED,Bank_A,E42,P014,NETBANKING
E07448,C0665,10470.42,PAYMENT_FAILED,Bank_B,E11,P010,WALLET
E07449,C0941,13110.79,PAYMENT_FAILED,Bank_D,E11,P014,WALLET
E07450,C0324,9260.86,INVOICE_OVERDUE,Bank_A,E42,P005,NETBANKING
E07451,C0074,14117.88,INVOICE_OVERDUE,Bank_B,E23,P001,NETBANKING
E07452,C0809,5640.2,CHECKOUT_ABANDONED,Bank_B,E23,P006,CARD
E07453,C0099,18496.41,SUBSCRIPTION_FAILED,Bank_A,E42,P012,NETBANKING
E07454,C0613,5822.07,INVOICE_OVERDUE,Bank_A,E42,P006,CARD
E07455,C0923,10910.81,CHECKOUT_ABANDONED,Bank_A,E42,P007,UPI
E07456,C0678,16925.4,INVOICE_OVERDUE,Bank_B,E17,P012,CARD
E07457,C0894,24212.71,SUBSCRIPTION_FAILED,Bank_C,E23,P017,WALLET
E07458,C0474,14245.93,PAYMENT_FAILED,Bank_A,E42,P008,WALLET
E07459,C0482,1772.77,SUBSCRIPTION_FAILED,Bank_D,E17,P016,CARD
E07460,C0060,8462.68,INVOICE_OVERDUE,Bank_A,E17,P013,WALLET
E07461,C0913,6831.77,PAYMENT_FAILED,Bank_A,E42,P011,UPI
E07462,C0536,7564.28,PAYMENT_FAILED,Bank_D,E42,P011,CARD
E07463,C0882,8732.32,SUBSCRIPTION_FAILED,Bank_A,E42,P013,WALLET
E07464,C0225,2140.59,CHECKOUT_ABANDONED,Bank_B,E42,P014,UPI
E07465,C0973,2953.67,PAYMENT_FAILED,Bank_C,E42,P013,WALLET
E07466,C0811,5349.4,PAYMENT_FAILED,Bank_C,E23,P001,NETBANKING
E07467,C0694,15344.03,CHECKOUT_ABANDONED,Bank_A,E23,P003,UPI
E07468,C0252,20842.05,PAYMENT_FAILED,Bank_D,E17,P012,WALLET
E07469,C0434,17402.52,CHECKOUT_ABANDONED,Bank_D,E42,P013,CARD
E07470,C0320,5929.79,CHECKOUT_ABANDONED,Bank_A,E23,P006,UPI
E07471,C0912,24273.07,INVOICE_OVERDUE,Bank_A,E42,P008,NETBANKING
E07472,C0310,14926.01,SUBSCRIPTION_FAILED,Bank_D,E42,P016,WALLET
E07473,C0912,17699.88,PAYMENT_FAILED,Bank_A,E42,P017,NETBANKING
E07474,C0138,16924.86,SUBSCRIPTION_FAILED,Bank_D,E11,P017,CARD
E07475,C0789,23448.58,INVOICE_OVERDUE,Bank_B,E23,P016,UPI
E07476,C0537,6813.91,SUBSCRIPTION_FAILED,Bank_C,E17,P003,NETBANKING
E07477,C0716,22081.46,PAYMENT_FAILED,Bank_D,E11,P010,UPI
E07478,C0006,16997.37,PAYMENT_FAILED,Bank_B,E23,P013,UPI
E07479,C0091,16322.76,CHECKOUT_ABANDONED,Bank_D,E23,P012,UPI
E07480,C0163,7342.19,CHECKOUT_ABANDONED,Bank_D,E11,P011,UPI
E07481,C0329,11203.68,PAYMENT_FAILED,Bank_D,E17,P018,UPI
E07482,C0351,10886.09,INVOICE_OVERDUE,Bank_D,E11,P018,WALLET
E07483,C0528,19658.73,INVOICE_OVERDUE,Bank_B,E23,P016,NETBANKING
E07484,C0816,11005.54,INVOICE_OVERDUE,Bank_B,E23,P008,UPI
E07485,C0575,11864.45,CHECKOUT_ABANDONED,Bank_A,E42,P003,NETBANKING
E07486,C0949,4738.41,SUBSCRIPTION_FAILED,Bank_A,E11,P015,CARD
E07487,C0844,2878.79,CHECKOUT_ABANDONED,Bank_A,E42,P019,CARD
E07488,C0429,14099.82,CHECKOUT_ABANDONED,Bank_C,E42,P010,CARD
E07489,C0374,15051.31,PAYMENT_FAILED,Bank_A,E23,P014,UPI
E07490,C0630,17138.6,INVOICE_OVERDUE,Bank_D,E42,P004,NETBANKING
E07491,C0111,9914.45,PAYMENT_FAILED,Bank_C,E11,P017,CARD
E07492,C0427,24434.76,SUBSCRIPTION_FAILED,Bank_D,E17,P020,UPI
E07493,C0686,10800.57,INVOICE_OVERDUE,Bank_C,E11,P004,CARD
E07494,C0539,9115.08,CHECKOUT_ABANDONED,Bank_D,E42,P008,UPI
E07495,C0075,23063.07,INVOICE_OVERDUE,Bank_A,E42,P020,UPI
E07496,C0654,1302.97,PAYMENT_FAILED,Bank_D,E42,P007,CARD
E07497,C0083,6939.2,SUBSCRIPTION_FAILED,Bank_A,E42,P001,NETBANKING
E07498,C0768,6620.55,INVOICE_OVERDUE,Bank_D,E17,P005,WALLET
E07499,C0277,5092.63,SUBSCRIPTION_FAILED,Bank_A,E42,P004,CARD
E07500,C0996,8131.3,INVOICE_OVERDUE,Bank_A,E23,P004,NETBANKING
E07501,C0083,12583.25,PAYMENT_FAILED,Bank_B,E11,P002,CARD
E07502,C0772,13655.29,CHECKOUT_ABANDONED,Bank_A,E17,P012,WALLET
E07503,C0803,21684.87,SUBSCRIPTION_FAILED,Bank_A,E17,P008,WALLET
E07504,C0011,14172.58,PAYMENT_FAILED,Bank_A,E42,P016,NETBANKING
E07505,C0355,9610.24,PAYMENT_FAILED,Bank_A,E42,P012,WALLET
E07506,C0826,24787.97,CHECKOUT_ABANDONED,Bank_B,E23,P017,WALLET
E07507,C0039,10482.63,SUBSCRIPTION_FAILED,Bank_C,E17,P020,WALLET
E07508,C0198,14896.38,CHECKOUT_ABANDONED,Bank_B,E23,P011,WALLET
E07509,C0845,4523.03,SUBSCRIPTION_FAILED,Bank_B,E23,P010,CARD
E07510,C0784,24314.21,INVOICE_OVERDUE,Bank_B,E11,P019,NETBANKING
E07511,C0067,15504.13,SUBSCRIPTION_FAILED,Bank_A,E17,P006,NETBANKING
E07512,C0548,19824.69,PAYMENT_FAILED,Bank_D,E11,P015,CARD
E07513,C0067,5683.52,PAYMENT_FAILED,Bank_D,E17,P005,WALLET
E07514,C0892,24960.07,SUBSCRIPTION_FAILED,Bank_B,E11,P016,UPI
E07515,C0719,5890.7,SUBSCRIPTION_FAILED,Bank_A,E42,P001,NETBANKING
E07516,C0710,8641.92,INVOICE_OVERDUE,Bank_C,E23,P002,WALLET
E07517,C0349,23735.53,SUBSCRIPTION_FAILED,Bank_C,E23,P020,NETBANKING
E07518,C0138,8364.22,INVOICE_OVERDUE,Bank_C,E11,P007,WALLET
E07519,C0719,24304.75,INVOICE_OVERDUE,Bank_D,E11,P007,NETBANKING
E07520,C0933,4669.67,CHECKOUT_ABANDONED,Bank_C,E17,P020,WALLET
E07521,C0506,24408.55,INVOICE_OVERDUE,Bank_D,E42,P002,NETBANKING
E07522,C0348,21324.99,SUBSCRIPTION_FAILED,Bank_D,E17,P008,WALLET
E07523,C0261,5213.42,SUBSCRIPTION_FAILED,Bank_B,E11,P010,WALLET
E07524,C0645,18875.05,INVOICE_OVERDUE,Bank_C,E11,P017,CARD
E07525,C0713,10404.91,INVOICE_OVERDUE,Bank_B,E23,P001,CARD
E07526,C0614,9286.72,PAYMENT_FAILED,Bank_A,E42,P011,CARD
E07527,C0458,20975.52,CHECKOUT_ABANDONED,Bank_B,E42,P004,UPI
E07528,C0991,7330.71,CHECKOUT_ABANDONED,Bank_D,E17,P005,WALLET
E07529,C0904,20647.21,SUBSCRIPTION_FAILED,Bank_A,E23,P012,NETBANKING
E07530,C0819,18027.7,CHECKOUT_ABANDONED,Bank_A,E42,P020,WALLET
E07531,C0445,14726.93,INVOICE_OVERDUE,Bank_B,E17,P020,UPI
E07532,C0340,17505.55,PAYMENT_FAILED,Bank_D,E23,P003,NETBANKING
E07533,C0506,3148.52,PAYMENT_FAILED,Bank_A,E17,P006,UPI
E07534,C0112,14673.22,SUBSCRIPTION_FAILED,Bank_B,E17,P001,WALLET
E07535,C0565,15917.19,PAYMENT_FAILED,Bank_D,E17,P010,NETBANKING
E07536,C0145,2649.02,CHECKOUT_ABANDONED,Bank_C,E42,P008,CARD
E07537,C0216,24945.01,SUBSCRIPTION_FAILED,Bank_C,E42,P012,WALLET
E07538,C0687,8772.95,PAYMENT_FAILED,Bank_C,E17,P020,NETBANKING
E07539,C0781,22065.87,PAYMENT_FAILED,Bank_A,E42,P003,WALLET
E07540,C0299,19724.94,PAYMENT_FAILED,Bank_C,E23,P007,NETBANKING
E07541,C0226,7480.64,SUBSCRIPTION_FAILED,Bank_B,E23,P011,UPI
E07542,C0345,8189.61,SUBSCRIPTION_FAILED,Bank_B,E23,P001,WALLET
E07543,C0114,13169.52,SUBSCRIPTION_FAILED,Bank_A,E42,P005,UPI
E07544,C0545,1099.56,PAYMENT_FAILED,Bank_D,E17,P002,WALLET
E07545,C0105,7648.53,SUBSCRIPTION_FAILED,Bank_B,E11,P020,NETBANKING
E07546,C0944,1237.84,INVOICE_OVERDUE,Bank_C,E42,P020,NETBANKING
E07547,C0532,11492.62,PAYMENT_FAILED,Bank_C,E42,P017,CARD
E07548,C0825,13130.05,PAYMENT_FAILED,Bank_A,E42,P013,WALLET
E07549,C0195,9775.53,CHECKOUT_ABANDONED,Bank_C,E11,P012,WALLET
E07550,C0839,21270.49,SUBSCRIPTION_FAILED,Bank_D,E11,P007,WALLET
E07551,C0364,15037.1,INVOICE_OVERDUE,Bank_C,E11,P020,UPI
E07552,C0807,14672.42,PAYMENT_FAILED,Bank_D,E42,P009,NETBANKING
E07553,C0637,8412.3,INVOICE_OVERDUE,Bank_D,E42,P015,NETBANKING
E07554,C0363,18682.95,PAYMENT_FAILED,Bank_D,E11,P009,NETBANKING
E07555,C0163,9072.13,PAYMENT_FAILED,Bank_B,E17,P005,WALLET
E07556,C0574,17912.98,PAYMENT_FAILED,Bank_C,E23,P017,UPI
E07557,C0499,19143.85,INVOICE_OVERDUE,Bank_B,E17,P019,NETBANKING
E07558,C0533,19102.15,INVOICE_OVERDUE,Bank_A,E23,P002,WALLET
E07559,C0260,22467.11,SUBSCRIPTION_FAILED,Bank_D,E42,P014,UPI
E07560,C0992,17523.46,INVOICE_OVERDUE,Bank_D,E17,P018,NETBANKING
E07561,C0275,3613.51,INVOICE_OVERDUE,Bank_B,E17,P012,WALLET
E07562,C0973,4306.13,PAYMENT_FAILED,Bank_D,E23,P015,CARD
E07563,C0032,15375.14,PAYMENT_FAILED,Bank_C,E17,P013,WALLET
E07564,C0561,1895.63,SUBSCRIPTION_FAILED,Bank_B,E42,P001,WALLET
E07565,C0677,14212.21,PAYMENT_FAILED,Bank_A,E17,P011,WALLET
E07566,C0844,14599.67,CHECKOUT_ABANDONED,Bank_D,E42,P012,NETBANKING
E07567,C0905,21226.57,CHECKOUT_ABANDONED,Bank_B,E23,P017,WALLET
E07568,C0973,3781.75,CHECKOUT_ABANDONED,Bank_A,E42,P018,WALLET
E07569,C0109,21253.49,SUBSCRIPTION_FAILED,Bank_C,E23,P010,NETBANKING
E07570,C0580,21825.97,SUBSCRIPTION_FAILED,Bank_A,E42,P003,WALLET
E07571,C0461,8871.35,INVOICE_OVERDUE,Bank_A,E42,P020,CARD
E07572,C0463,18122.57,SUBSCRIPTION_FAILED,Bank_B,E17,P009,UPI
E07573,C0676,19161.51,SUBSCRIPTION_FAILED,Bank_A,E42,P004,CARD
E07574,C0768,5654.26,CHECKOUT_ABANDONED,Bank_D,E17,P003,CARD
E07575,C0212,22138.42,PAYMENT_FAILED,Bank_D,E17,P013,UPI
E07576,C0023,20870.47,PAYMENT_FAILED,Bank_A,E11,P016,UPI
E07577,C0078,13767.26,PAYMENT_FAILED,Bank_C,E23,P009,NETBANKING
E07578,C0740,9086.67,CHECKOUT_ABANDONED,Bank_B,E11,P016,CARD
E07579,C0334,20739.71,INVOICE_OVERDUE,Bank_A,E11,P003,WALLET
E07580,C0149,5164.02,INVOICE_OVERDUE,Bank_B,E42,P012,CARD
E07581,C0091,9753.68,CHECKOUT_ABANDONED,Bank_B,E23,P011,UPI
E07582,C0973,908.14,PAYMENT_FAILED,Bank_A,E42,P014,NETBANKING
E07583,C0433,18548.6,SUBSCRIPTION_FAILED,Bank_C,E11,P009,NETBANKING
E07584,C0462,9688.47,SUBSCRIPTION_FAILED,Bank_A,E42,P020,WALLET
E07585,C0139,21704.22,CHECKOUT_ABANDONED,Bank_D,E11,P015,UPI
E07586,C0292,13179.28,CHECKOUT_ABANDONED,Bank_B,E17,P009,CARD
E07587,C0966,4564.22,PAYMENT_FAILED,Bank_A,E42,P020,UPI
E07588,C0483,23721.17,INVOICE_OVERDUE,Bank_B,E11,P011,NETBANKING
E07589,C0754,19267.35,SUBSCRIPTION_FAILED,Bank_D,E42,P010,WALLET
E07590,C0657,8905.44,CHECKOUT_ABANDONED,Bank_B,E11,P010,CARD
E07591,C0164,11722.43,SUBSCRIPTION_FAILED,Bank_A,E42,P009,WALLET
E07592,C0623,4567.19,INVOICE_OVERDUE,Bank_C,E17,P004,CARD
E07593,C0151,13925.12,INVOICE_OVERDUE,Bank_A,E17,P006,UPI
E07594,C0302,9699.47,INVOICE_OVERDUE,Bank_A,E23,P018,NETBANKING
E07595,C0985,5221.82,INVOICE_OVERDUE,Bank_A,E17,P020,NETBANKING
E07596,C0187,10303.65,INVOICE_OVERDUE,Bank_C,E42,P012,WALLET
E07597,C0903,17804.1,CHECKOUT_ABANDONED,Bank_B,E23,P001,WALLET
E07598,C0709,12437.75,CHECKOUT_ABANDONED,Bank_A,E42,P011,CARD
E07599,C0821,1000.26,PAYMENT_FAILED,Bank_D,E11,P012,UPI
E07600,C0338,3479.94,INVOICE_OVERDUE,Bank_D,E17,P001,CARD
E07601,C0383,3512.23,CHECKOUT_ABANDONED,Bank_D,E17,P011,UPI
E07602,C0286,9292.98,SUBSCRIPTION_FAILED,Bank_B,E17,P015,NETBANKING
E07603,C0165,5790.57,PAYMENT_FAILED,Bank_D,E17,P002,WALLET
E07604,C0436,12122.92,SUBSCRIPTION_FAILED,Bank_A,E23,P016,UPI
E07605,C0985,19869.6,CHECKOUT_ABANDONED,Bank_C,E42,P019,NETBANKING
E07606,C0832,6543.24,PAYMENT_FAILED,Bank_A,E17,P015,NETBANKING
E07607,C0088,6564.43,CHECKOUT_ABANDONED,Bank_B,E17,P011,NETBANKING
E07608,C0213,1834.56,CHECKOUT_ABANDONED,Bank_D,E42,P013,WALLET
E07609,C0084,5441.27,PAYMENT_FAILED,Bank_D,E23,P002,CARD
E07610,C0884,9569.71,CHECKOUT_ABANDONED,Bank_A,E42,P008,WALLET
E07611,C0735,20220.9,CHECKOUT_ABANDONED,Bank_C,E23,P004,CARD
E07612,C0025,22124.1,PAYMENT_FAILED,Bank_A,E42,P004,NETBANKING
E07613,C0086,1490.91,SUBSCRIPTION_FAILED,Bank_B,E11,P012,CARD
E07614,C0106,9639.92,SUBSCRIPTION_FAILED,Bank_C,E17,P017,UPI
E07615,C0757,5474.52,PAYMENT_FAILED,Bank_A,E42,P007,WALLET
E07616,C0027,9697.19,INVOICE_OVERDUE,Bank_D,E42,P009,UPI
E07617,C0742,16149.25,INVOICE_OVERDUE,Bank_A,E42,P011,NETBANKING
E07618,C0932,16330.59,PAYMENT_FAILED,Bank_A,E11,P010,WALLET
E07619,C0699,10535.54,PAYMENT_FAILED,Bank_C,E17,P003,UPI
E07620,C0404,1773.1,INVOICE_OVERDUE,Bank_C,E11,P007,UPI
E07621,C0475,5287.11,SUBSCRIPTION_FAILED,Bank_C,E42,P004,UPI
E07622,C0152,7433.64,CHECKOUT_ABANDONED,Bank_A,E42,P013,NETBANKING
E07623,C0218,14144.39,PAYMENT_FAILED,Bank_C,E42,P015,NETBANKING
E07624,C0066,16251.44,CHECKOUT_ABANDONED,Bank_A,E42,P005,NETBANKING
E07625,C0589,7931.75,INVOICE_OVERDUE,Bank_C,E23,P019,WALLET
E07626,C0080,3578.42,INVOICE_OVERDUE,Bank_D,E23,P009,CARD
E07627,C0631,673.69,INVOICE_OVERDUE,Bank_B,E42,P019,NETBANKING
E07628,C0435,13890.8,INVOICE_OVERDUE,Bank_B,E42,P020,WALLET
E07629,C0840,5157.07,INVOICE_OVERDUE,Bank_C,E23,P009,WALLET
E07630,C0044,24496.35,INVOICE_OVERDUE,Bank_A,E42,P003,UPI
E07631,C0319,11940.68,PAYMENT_FAILED,Bank_C,E23,P013,NETBANKING
E07632,C0577,23925.0,PAYMENT_FAILED,Bank_A,E42,P018,WALLET
E07633,C0505,24266.91,CHECKOUT_ABANDONED,Bank_B,E42,P013,UPI
E07634,C0616,1006.64,INVOICE_OVERDUE,Bank_C,E11,P005,WALLET
E07635,C0401,7910.76,INVOICE_OVERDUE,Bank_D,E23,P020,NETBANKING
E07636,C0592,16190.86,PAYMENT_FAILED,Bank_A,E42,P002,WALLET
E07637,C0358,2127.79,SUBSCRIPTION_FAILED,Bank_C,E17,P008,CARD
E07638,C0658,24903.16,CHECKOUT_ABANDONED,Bank_D,E42,P017,CARD
E07639,C0172,3583.12,CHECKOUT_ABANDONED,Bank_A,E17,P019,NETBANKING
E07640,C0345,13916.31,INVOICE_OVERDUE,Bank_C,E17,P009,WALLET
E07641,C0118,7389.81,SUBSCRIPTION_FAILED,Bank_A,E11,P004,UPI
E07642,C0832,7633.37,SUBSCRIPTION_FAILED,Bank_A,E42,P019,WALLET
E07643,C0491,21960.7,SUBSCRIPTION_FAILED,Bank_B,E42,P007,WALLET
E07644,C0861,23669.6,PAYMENT_FAILED,Bank_A,E42,P006,WALLET
E07645,C0567,18909.01,PAYMENT_FAILED,Bank_C,E42,P015,NETBANKING
E07646,C0776,16752.08,SUBSCRIPTION_FAILED,Bank_A,E11,P005,CARD
E07647,C0871,19848.73,INVOICE_OVERDUE,Bank_A,E17,P015,CARD
E07648,C0608,5769.5,SUBSCRIPTION_FAILED,Bank_A,E42,P017,CARD
E07649,C0249,23971.74,INVOICE_OVERDUE,Bank_B,E23,P013,CARD
E07650,C0782,3962.1,INVOICE_OVERDUE,Bank_B,E23,P018,UPI
E07651,C0211,6532.98,INVOICE_OVERDUE,Bank_D,E11,P004,NETBANKING
E07652,C0722,11341.57,PAYMENT_FAILED,Bank_D,E11,P010,UPI
E07653,C0381,20185.25,INVOICE_OVERDUE,Bank_C,E23,P002,WALLET
E07654,C0935,4212.01,PAYMENT_FAILED,Bank_D,E42,P014,WALLET
E07655,C0180,4655.45,INVOICE_OVERDUE,Bank_C,E11,P002,UPI
E07656,C0208,16396.18,PAYMENT_FAILED,Bank_C,E17,P016,UPI
E07657,C0119,7332.03,INVOICE_OVERDUE,Bank_A,E42,P013,NETBANKING
E07658,C0885,7367.16,PAYMENT_FAILED,Bank_A,E17,P013,UPI
E07659,C0180,3559.3,CHECKOUT_ABANDONED,Bank_B,E17,P009,CARD
E07660,C0175,16897.42,SUBSCRIPTION_FAILED,Bank_A,E42,P012,NETBANKING
E07661,C0782,7784.67,CHECKOUT_ABANDONED,Bank_D,E23,P001,NETBANKING
E07662,C0510,23252.09,CHECKOUT_ABANDONED,Bank_A,E42,P020,CARD
E07663,C0747,3016.19,SUBSCRIPTION_FAILED,Bank_D,E42,P014,UPI
E07664,C0043,18853.3,INVOICE_OVERDUE,Bank_B,E11,P002,WALLET
E07665,C0863,8938.45,INVOICE_OVERDUE,Bank_B,E23,P004,UPI
E07666,C0157,17542.1,INVOICE_OVERDUE,Bank_B,E11,P013,WALLET
E07667,C0866,12067.0,SUBSCRIPTION_FAILED,Bank_C,E23,P007,WALLET
E07668,C0517,21664.43,PAYMENT_FAILED,Bank_A,E42,P018,WALLET
E07669,C0317,9011.06,PAYMENT_FAILED,Bank_B,E11,P017,CARD
E07670,C0725,12297.98,SUBSCRIPTION_FAILED,Bank_A,E42,P020,NETBANKING
E07671,C0446,15867.04,PAYMENT_FAILED,Bank_A,E42,P020,UPI
E07672,C0445,7326.97,PAYMENT_FAILED,Bank_A,E23,P014,WALLET
E07673,C0743,24538.33,CHECKOUT_ABANDONED,Bank_A,E11,P003,UPI
E07674,C0878,6209.53,SUBSCRIPTION_FAILED,Bank_D,E17,P011,UPI
E07675,C0330,8856.65,CHECKOUT_ABANDONED,Bank_C,E23,P017,WALLET
E07676,C0300,23658.1,INVOICE_OVERDUE,Bank_A,E42,P018,NETBANKING
E07677,C0436,3369.41,CHECKOUT_ABANDONED,Bank_B,E42,P002,WALLET
E07678,C0822,6522.3,PAYMENT_FAILED,Bank_D,E17,P009,UPI
E07679,C0253,13122.19,CHECKOUT_ABANDONED,Bank_D,E42,P008,WALLET
E07680,C0729,23762.03,SUBSCRIPTION_FAILED,Bank_B,E11,P016,NETBANKING
E07681,C0345,24450.86,INVOICE_OVERDUE,Bank_C,E17,P009,WALLET
E07682,C0197,5268.16,CHECKOUT_ABANDONED,Bank_B,E11,P020,WALLET
E07683,C0662,5029.54,CHECKOUT_ABANDONED,Bank_A,E42,P013,UPI
E07684,C0485,8927.13,PAYMENT_FAILED,Bank_A,E42,P004,CARD
E07685,C0692,22188.14,PAYMENT_FAILED,Bank_C,E42,P020,UPI
E07686,C0867,6326.01,SUBSCRIPTION_FAILED,Bank_C,E23,P003,WALLET
E07687,C0820,21029.19,INVOICE_OVERDUE,Bank_A,E42,P004,WALLET
E07688,C0353,8794.61,CHECKOUT_ABANDONED,Bank_A,E42,P007,WALLET
E07689,C0182,16157.78,SUBSCRIPTION_FAILED,Bank_C,E42,P009,UPI
E07690,C0634,11292.83,SUBSCRIPTION_FAILED,Bank_C,E17,P012,NETBANKING
E07691,C0059,12225.26,CHECKOUT_ABANDONED,Bank_A,E23,P007,CARD
E07692,C0802,16447.32,PAYMENT_FAILED,Bank_B,E23,P004,WALLET
E07693,C0711,10610.53,PAYMENT_FAILED,Bank_D,E23,P018,UPI
E07694,C0985,2586.5,CHECKOUT_ABANDONED,Bank_B,E23,P019,UPI
E07695,C0647,1673.83,SUBSCRIPTION_FAILED,Bank_B,E42,P018,NETBANKING
E07696,C0496,24018.85,CHECKOUT_ABANDONED,Bank_A,E17,P012,NETBANKING
E07697,C0104,14358.39,SUBSCRIPTION_FAILED,Bank_C,E17,P007,CARD
E07698,C0795,12638.7,INVOICE_OVERDUE,Bank_A,E42,P013,WALLET
E07699,C0442,10658.73,CHECKOUT_ABANDONED,Bank_B,E23,P015,WALLET
E07700,C0368,1314.94,PAYMENT_FAILED,Bank_A,E11,P002,WALLET
E07701,C0589,21669.02,INVOICE_OVERDUE,Bank_B,E23,P001,UPI
E07702,C0060,19050.73,PAYMENT_FAILED,Bank_A,E42,P006,WALLET
E07703,C0915,24045.42,INVOICE_OVERDUE,Bank_D,E42,P016,CARD
E07704,C0647,11182.93,CHECKOUT_ABANDONED,Bank_D,E23,P017,NETBANKING
E07705,C0215,14361.91,INVOICE_OVERDUE,Bank_C,E17,P008,UPI
E07706,C0271,13067.85,SUBSCRIPTION_FAILED,Bank_D,E42,P007,UPI
E07707,C0376,8566.16,INVOICE_OVERDUE,Bank_A,E42,P008,WALLET
E07708,C0884,16432.6,INVOICE_OVERDUE,Bank_C,E23,P005,CARD
E07709,C0920,9833.99,SUBSCRIPTION_FAILED,Bank_D,E17,P014,UPI
E07710,C0648,24587.63,PAYMENT_FAILED,Bank_B,E42,P020,CARD
E07711,C0470,8072.42,PAYMENT_FAILED,Bank_B,E23,P009,WALLET
E07712,C0239,21057.2,CHECKOUT_ABANDONED,Bank_D,E42,P002,CARD
E07713,C0884,23244.61,PAYMENT_FAILED,Bank_A,E23,P003,CARD
E07714,C0360,7498.52,SUBSCRIPTION_FAILED,Bank_A,E11,P014,CARD
E07715,C0034,23035.79,INVOICE_OVERDUE,Bank_A,E42,P008,UPI
E07716,C0765,24012.89,SUBSCRIPTION_FAILED,Bank_C,E23,P017,WALLET
E07717,C0732,7830.96,INVOICE_OVERDUE,Bank_C,E17,P008,WALLET
E07718,C0835,13016.45,PAYMENT_FAILED,Bank_B,E17,P005,UPI
E07719,C0985,8205.04,INVOICE_OVERDUE,Bank_A,E42,P016,WALLET
E07720,C0481,1266.9,PAYMENT_FAILED,Bank_C,E11,P017,WALLET
E07721,C0812,9087.55,INVOICE_OVERDUE,Bank_A,E42,P016,NETBANKING
E07722,C0968,24157.25,INVOICE_OVERDUE,Bank_B,E17,P005,UPI
E07723,C0744,22588.5,PAYMENT_FAILED,Bank_A,E11,P004,CARD
E07724,C0950,7220.46,INVOICE_OVERDUE,Bank_A,E23,P006,WALLET
E07725,C0686,22914.17,CHECKOUT_ABANDONED,Bank_C,E11,P008,CARD
E07726,C0792,19298.54,SUBSCRIPTION_FAILED,Bank_D,E42,P018,NETBANKING
E07727,C0225,4424.69,PAYMENT_FAILED,Bank_A,E11,P018,NETBANKING
E07728,C0796,18160.09,INVOICE_OVERDUE,Bank_C,E11,P016,UPI
E07729,C0645,13379.44,SUBSCRIPTION_FAILED,Bank_A,E42,P003,NETBANKING
E07730,C0316,24099.17,SUBSCRIPTION_FAILED,Bank_A,E17,P018,WALLET
E07731,C0029,19406.43,PAYMENT_FAILED,Bank_A,E42,P002,NETBANKING
E07732,C0438,9566.37,PAYMENT_FAILED,Bank_B,E17,P020,UPI
E07733,C0138,11844.22,SUBSCRIPTION_FAILED,Bank_C,E42,P016,WALLET
E07734,C0213,1458.13,SUBSCRIPTION_FAILED,Bank_A,E42,P016,WALLET
E07735,C0306,14149.36,CHECKOUT_ABANDONED,Bank_A,E42,P003,NETBANKING
E07736,C0822,4460.65,INVOICE_OVERDUE,Bank_C,E11,P002,WALLET
E07737,C0199,12740.07,SUBSCRIPTION_FAILED,Bank_D,E17,P001,WALLET
E07738,C0288,22134.76,PAYMENT_FAILED,Bank_B,E23,P002,NETBANKING
E07739,C0886,18906.78,SUBSCRIPTION_FAILED,Bank_A,E42,P018,CARD
E07740,C0307,24428.12,CHECKOUT_ABANDONED,Bank_D,E17,P009,UPI
E07741,C0069,7813.45,CHECKOUT_ABANDONED,Bank_A,E42,P008,NETBANKING
E07742,C0011,17155.0,INVOICE_OVERDUE,Bank_B,E17,P006,WALLET
E07743,C0731,939.56,SUBSCRIPTION_FAILED,Bank_B,E42,P018,CARD
E07744,C0188,24530.35,SUBSCRIPTION_FAILED,Bank_D,E17,P012,NETBANKING
E07745,C0620,15525.64,CHECKOUT_ABANDONED,Bank_A,E11,P016,CARD
E07746,C0659,10330.41,CHECKOUT_ABANDONED,Bank_B,E42,P009,CARD
E07747,C0431,10899.9,INVOICE_OVERDUE,Bank_B,E23,P001,CARD
E07748,C0557,8306.82,PAYMENT_FAILED,Bank_A,E11,P014,CARD
E07749,C0925,14390.69,SUBSCRIPTION_FAILED,Bank_D,E17,P015,CARD
E07750,C0205,18408.69,CHECKOUT_ABANDONED,Bank_A,E17,P012,CARD
E07751,C0227,7671.53,PAYMENT_FAILED,Bank_C,E23,P004,CARD
E07752,C0682,15808.89,SUBSCRIPTION_FAILED,Bank_A,E42,P001,CARD
E07753,C0845,23707.09,INVOICE_OVERDUE,Bank_D,E11,P006,UPI
E07754,C0635,12465.06,CHECKOUT_ABANDONED,Bank_A,E42,P017,UPI
E07755,C0085,7808.88,PAYMENT_FAILED,Bank_D,E42,P013,WALLET
E07756,C0041,14072.98,INVOICE_OVERDUE,Bank_A,E42,P003,NETBANKING
E07757,C0898,9690.43,PAYMENT_FAILED,Bank_C,E42,P014,CARD
E07758,C0360,19441.55,INVOICE_OVERDUE,Bank_C,E11,P003,CARD
E07759,C0837,14374.41,CHECKOUT_ABANDONED,Bank_C,E42,P006,WALLET
E07760,C0448,1920.98,INVOICE_OVERDUE,Bank_D,E11,P006,WALLET
E07761,C0273,23716.65,CHECKOUT_ABANDONED,Bank_D,E17,P014,NETBANKING
E07762,C0471,8936.93,CHECKOUT_ABANDONED,Bank_C,E11,P004,NETBANKING
E07763,C0283,16124.94,PAYMENT_FAILED,Bank_A,E23,P002,UPI
E07764,C0138,7322.75,PAYMENT_FAILED,Bank_C,E42,P008,NETBANKING
E07765,C0066,8278.09,SUBSCRIPTION_FAILED,Bank_B,E17,P011,NETBANKING
E07766,C0797,14889.38,INVOICE_OVERDUE,Bank_D,E23,P013,WALLET
E07767,C0617,1855.65,SUBSCRIPTION_FAILED,Bank_A,E42,P003,UPI
E07768,C0569,21766.55,SUBSCRIPTION_FAILED,Bank_A,E11,P005,NETBANKING
E07769,C0107,1027.3,PAYMENT_FAILED,Bank_A,E42,P001,CARD
E07770,C0818,7373.36,PAYMENT_FAILED,Bank_A,E42,P018,UPI
E07771,C0024,10912.55,PAYMENT_FAILED,Bank_A,E42,P003,NETBANKING
E07772,C0794,15121.4,CHECKOUT_ABANDONED,Bank_B,E42,P001,NETBANKING
E07773,C0375,20396.94,INVOICE_OVERDUE,Bank_B,E17,P018,UPI
E07774,C0363,958.39,INVOICE_OVERDUE,Bank_A,E23,P007,NETBANKING
E07775,C0843,16484.47,PAYMENT_FAILED,Bank_D,E11,P012,UPI
E07776,C0241,11611.47,CHECKOUT_ABANDONED,Bank_D,E11,P001,NETBANKING
E07777,C0452,3294.13,PAYMENT_FAILED,Bank_D,E17,P006,WALLET
E07778,C0552,4482.45,PAYMENT_FAILED,Bank_B,E42,P006,UPI
E07779,C0308,11783.27,PAYMENT_FAILED,Bank_A,E11,P009,CARD
E07780,C0167,19333.33,INVOICE_OVERDUE,Bank_A,E42,P010,CARD
E07781,C0190,12268.7,PAYMENT_FAILED,Bank_A,E42,P014,WALLET
E07782,C0715,15059.25,SUBSCRIPTION_FAILED,Bank_A,E17,P020,UPI
E07783,C0891,23958.39,SUBSCRIPTION_FAILED,Bank_B,E11,P012,WALLET
E07784,C0805,17805.77,SUBSCRIPTION_FAILED,Bank_C,E11,P013,NETBANKING
E07785,C0389,15543.08,PAYMENT_FAILED,Bank_D,E23,P018,NETBANKING
E07786,C0936,14882.85,PAYMENT_FAILED,Bank_B,E17,P008,UPI
E07787,C0993,24682.1,PAYMENT_FAILED,Bank_A,E42,P013,NETBANKING
E07788,C0721,20601.92,INVOICE_OVERDUE,Bank_D,E42,P014,UPI
E07789,C0849,2643.14,SUBSCRIPTION_FAILED,Bank_D,E17,P012,WALLET
E07790,C0215,21013.01,PAYMENT_FAILED,Bank_D,E11,P014,NETBANKING
E07791,C0211,15723.73,SUBSCRIPTION_FAILED,Bank_A,E42,P010,CARD
E07792,C0114,1900.73,SUBSCRIPTION_FAILED,Bank_A,E11,P017,UPI
E07793,C0068,5765.87,INVOICE_OVERDUE,Bank_B,E11,P018,WALLET
E07794,C0184,21629.06,PAYMENT_FAILED,Bank_C,E11,P006,CARD
E07795,C0832,22559.66,CHECKOUT_ABANDONED,Bank_B,E23,P020,UPI
E07796,C0040,23158.22,PAYMENT_FAILED,Bank_A,E42,P019,UPI
E07797,C0167,17661.75,CHECKOUT_ABANDONED,Bank_A,E42,P012,CARD
E07798,C0888,6991.59,CHECKOUT_ABANDONED,Bank_C,E17,P016,NETBANKING
E07799,C0137,7131.33,SUBSCRIPTION_FAILED,Bank_A,E42,P002,WALLET
E07800,C0001,4771.53,PAYMENT_FAILED,Bank_A,E42,P009,WALLET
E07801,C0350,18253.71,INVOICE_OVERDUE,Bank_D,E11,P007,CARD
E07802,C0227,4971.14,INVOICE_OVERDUE,Bank_B,E11,P005,UPI
E07803,C0242,905.98,SUBSCRIPTION_FAILED,Bank_A,E42,P001,NETBANKING
E07804,C0458,790.3,PAYMENT_FAILED,Bank_D,E11,P016,CARD
E07805,C0123,16829.91,PAYMENT_FAILED,Bank_B,E42,P007,NETBANKING
E07806,C0855,5411.22,INVOICE_OVERDUE,Bank_B,E23,P013,CARD
E07807,C0088,6537.84,PAYMENT_FAILED,Bank_A,E42,P013,NETBANKING
E07808,C0353,23172.71,SUBSCRIPTION_FAILED,Bank_D,E11,P004,WALLET
E07809,C0678,18083.51,CHECKOUT_ABANDONED,Bank_A,E42,P006,CARD
E07810,C0389,18468.77,SUBSCRIPTION_FAILED,Bank_B,E17,P015,WALLET
E07811,C0902,15252.28,CHECKOUT_ABANDONED,Bank_A,E42,P004,CARD
E07812,C0191,8426.53,PAYMENT_FAILED,Bank_C,E23,P001,NETBANKING
E07813,C0074,11060.08,CHECKOUT_ABANDONED,Bank_A,E42,P015,WALLET
E07814,C0552,16336.83,PAYMENT_FAILED,Bank_A,E42,P012,UPI
E07815,C0918,23390.1,SUBSCRIPTION_FAILED,Bank_C,E23,P014,CARD
E07816,C0413,11468.14,CHECKOUT_ABANDONED,Bank_C,E42,P004,NETBANKING
E07817,C0526,12692.4,PAYMENT_FAILED,Bank_C,E17,P001,NETBANKING
E07818,C0880,3327.05,CHECKOUT_ABANDONED,Bank_B,E17,P012,UPI
E07819,C0885,1035.14,SUBSCRIPTION_FAILED,Bank_B,E11,P011,NETBANKING
E07820,C0880,7187.11,SUBSCRIPTION_FAILED,Bank_A,E23,P008,CARD
E07821,C0051,18267.46,PAYMENT_FAILED,Bank_A,E42,P016,WALLET
E07822,C0476,24993.91,INVOICE_OVERDUE,Bank_C,E42,P009,UPI
E07823,C0444,14607.99,PAYMENT_FAILED,Bank_B,E17,P013,WALLET
E07824,C0860,12352.76,PAYMENT_FAILED,Bank_D,E42,P014,NETBANKING
E07825,C0530,23053.77,PAYMENT_FAILED,Bank_C,E17,P011,WALLET
E07826,C0053,1115.92,INVOICE_OVERDUE,Bank_D,E23,P019,CARD
E07827,C0254,21100.95,CHECKOUT_ABANDONED,Bank_A,E23,P005,NETBANKING
E07828,C0908,2950.51,PAYMENT_FAILED,Bank_B,E17,P008,CARD
E07829,C0669,5476.59,INVOICE_OVERDUE,Bank_D,E23,P011,NETBANKING
E07830,C0252,11709.44,CHECKOUT_ABANDONED,Bank_B,E17,P006,CARD
E07831,C0789,23440.31,SUBSCRIPTION_FAILED,Bank_A,E42,P014,WALLET
E07832,C0370,11080.67,SUBSCRIPTION_FAILED,Bank_C,E42,P012,UPI
E07833,C0625,14519.65,INVOICE_OVERDUE,Bank_B,E11,P015,NETBANKING
E07834,C0794,20805.34,PAYMENT_FAILED,Bank_D,E11,P001,CARD
E07835,C0718,9866.52,CHECKOUT_ABANDONED,Bank_B,E17,P004,CARD
E07836,C0880,3447.55,INVOICE_OVERDUE,Bank_B,E17,P016,WALLET
E07837,C0765,8850.48,CHECKOUT_ABANDONED,Bank_A,E42,P003,UPI
E07838,C0218,9924.78,PAYMENT_FAILED,Bank_C,E42,P011,CARD
E07839,C0277,16185.32,PAYMENT_FAILED,Bank_A,E42,P012,NETBANKING
E07840,C0058,17682.86,SUBSCRIPTION_FAILED,Bank_A,E23,P010,NETBANKING
E07841,C0575,2822.82,SUBSCRIPTION_FAILED,Bank_A,E42,P014,CARD
E07842,C0565,4839.82,SUBSCRIPTION_FAILED,Bank_C,E17,P008,UPI
E07843,C0744,3881.47,CHECKOUT_ABANDONED,Bank_A,E17,P004,WALLET
E07844,C0324,8888.58,INVOICE_OVERDUE,Bank_D,E17,P008,CARD
E07845,C0499,22292.22,PAYMENT_FAILED,Bank_D,E23,P020,NETBANKING
E07846,C0254,21746.77,INVOICE_OVERDUE,Bank_B,E23,P020,NETBANKING
E07847,C0862,22532.38,CHECKOUT_ABANDONED,Bank_B,E42,P009,CARD
E07848,C0541,8784.34,INVOICE_OVERDUE,Bank_A,E42,P004,CARD
E07849,C0017,6094.99,INVOICE_OVERDUE,Bank_D,E42,P002,UPI
E07850,C0968,18887.1,PAYMENT_FAILED,Bank_A,E42,P007,CARD
E07851,C0430,3486.7,PAYMENT_FAILED,Bank_B,E11,P007,UPI
E07852,C0050,12384.08,CHECKOUT_ABANDONED,Bank_B,E11,P010,CARD
E07853,C0418,19102.93,INVOICE_OVERDUE,Bank_C,E23,P009,CARD
E07854,C0132,15201.48,PAYMENT_FAILED,Bank_B,E17,P008,NETBANKING
E07855,C0733,8736.47,SUBSCRIPTION_FAILED,Bank_D,E42,P017,UPI
E07856,C0901,4385.66,INVOICE_OVERDUE,Bank_D,E17,P006,WALLET
E07857,C0338,1643.99,SUBSCRIPTION_FAILED,Bank_A,E42,P004,NETBANKING
E07858,C0799,8307.16,CHECKOUT_ABANDONED,Bank_A,E23,P013,NETBANKING
E07859,C0171,6517.2,PAYMENT_FAILED,Bank_C,E17,P006,CARD
E07860,C0368,12376.4,PAYMENT_FAILED,Bank_A,E42,P016,CARD
E07861,C0313,15517.13,PAYMENT_FAILED,Bank_B,E42,P020,UPI
E07862,C0136,18179.74,PAYMENT_FAILED,Bank_A,E42,P008,NETBANKING
E07863,C0603,672.83,SUBSCRIPTION_FAILED,Bank_A,E42,P004,WALLET
E07864,C0725,5579.29,INVOICE_OVERDUE,Bank_C,E11,P013,CARD
E07865,C0667,4128.29,SUBSCRIPTION_FAILED,Bank_D,E23,P007,CARD
E07866,C0105,16507.6,PAYMENT_FAILED,Bank_B,E17,P011,NETBANKING
E07867,C0796,24134.93,CHECKOUT_ABANDONED,Bank_A,E42,P015,UPI
E07868,C0959,10539.2,SUBSCRIPTION_FAILED,Bank_A,E17,P016,NETBANKING
E07869,C0997,12811.92,INVOICE_OVERDUE,Bank_C,E17,P005,NETBANKING
E07870,C0122,8831.81,INVOICE_OVERDUE,Bank_B,E17,P014,WALLET
E07871,C0798,11818.26,SUBSCRIPTION_FAILED,Bank_A,E23,P013,CARD
E07872,C0135,22288.0,SUBSCRIPTION_FAILED,Bank_B,E23,P012,NETBANKING
E07873,C0335,4045.39,PAYMENT_FAILED,Bank_C,E17,P019,WALLET
E07874,C0114,14647.43,INVOICE_OVERDUE,Bank_A,E17,P013,WALLET
E07875,C0630,1880.7,PAYMENT_FAILED,Bank_D,E23,P012,WALLET
E07876,C0348,959.8,INVOICE_OVERDUE,Bank_B,E23,P016,UPI
E07877,C0604,9800.61,CHECKOUT_ABANDONED,Bank_C,E17,P002,UPI
E07878,C0378,23013.51,INVOICE_OVERDUE,Bank_A,E42,P002,WALLET
E07879,C0198,24848.41,PAYMENT_FAILED,Bank_D,E17,P019,WALLET
E07880,C0709,8158.44,SUBSCRIPTION_FAILED,Bank_A,E42,P005,CARD
E07881,C0733,12315.41,INVOICE_OVERDUE,Bank_A,E42,P012,UPI
E07882,C0293,11263.55,PAYMENT_FAILED,Bank_B,E17,P004,UPI
E07883,C0780,4572.02,INVOICE_OVERDUE,Bank_D,E42,P013,CARD
E07884,C0622,19730.41,CHECKOUT_ABANDONED,Bank_D,E42,P017,NETBANKING
E07885,C0778,22445.47,INVOICE_OVERDUE,Bank_A,E23,P002,WALLET
E07886,C0260,22750.94,INVOICE_OVERDUE,Bank_A,E17,P019,UPI
E07887,C0384,6660.98,INVOICE_OVERDUE,Bank_A,E17,P014,UPI
E07888,C0231,17269.0,PAYMENT_FAILED,Bank_A,E42,P013,UPI
E07889,C0498,13427.05,SUBSCRIPTION_FAILED,Bank_A,E42,P011,CARD
E07890,C0929,23405.93,SUBSCRIPTION_FAILED,Bank_C,E11,P007,NETBANKING
E07891,C0369,13186.89,PAYMENT_FAILED,Bank_D,E11,P007,UPI
E07892,C0451,11554.66,PAYMENT_FAILED,Bank_A,E42,P006,CARD
E07893,C0169,11877.06,PAYMENT_FAILED,Bank_A,E17,P011,WALLET
E07894,C0859,7695.11,PAYMENT_FAILED,Bank_D,E17,P014,CARD
E07895,C0012,21249.18,PAYMENT_FAILED,Bank_A,E42,P002,WALLET
E07896,C0866,7061.49,CHECKOUT_ABANDONED,Bank_A,E42,P009,WALLET
E07897,C0291,21176.81,INVOICE_OVERDUE,Bank_B,E11,P020,UPI
E07898,C0822,18674.35,INVOICE_OVERDUE,Bank_D,E23,P020,NETBANKING
E07899,C0412,11920.69,CHECKOUT_ABANDONED,Bank_A,E17,P018,NETBANKING
E07900,C0357,17370.66,PAYMENT_FAILED,Bank_C,E42,P005,NETBANKING
E07901,C0716,10174.65,SUBSCRIPTION_FAILED,Bank_C,E23,P006,CARD
E07902,C0519,14585.55,SUBSCRIPTION_FAILED,Bank_B,E23,P009,UPI
E07903,C0769,23299.66,SUBSCRIPTION_FAILED,Bank_D,E11,P005,CARD
E07904,C0943,22747.99,INVOICE_OVERDUE,Bank_B,E11,P018,WALLET
E07905,C0352,21408.72,INVOICE_OVERDUE,Bank_B,E42,P005,CARD
E07906,C0593,23319.82,PAYMENT_FAILED,Bank_A,E42,P007,NETBANKING
E07907,C0467,3270.52,CHECKOUT_ABANDONED,Bank_B,E42,P008,CARD
E07908,C0796,7762.81,CHECKOUT_ABANDONED,Bank_A,E42,P012,UPI
E07909,C0046,13306.74,CHECKOUT_ABANDONED,Bank_A,E42,P009,WALLET
E07910,C0694,24698.09,INVOICE_OVERDUE,Bank_A,E42,P009,CARD
E07911,C0965,13537.73,INVOICE_OVERDUE,Bank_A,E17,P001,NETBANKING
E07912,C0001,12887.81,SUBSCRIPTION_FAILED,Bank_A,E42,P003,UPI
E07913,C0771,21609.57,PAYMENT_FAILED,Bank_D,E11,P016,WALLET
E07914,C0707,12583.03,SUBSCRIPTION_FAILED,Bank_C,E11,P006,NETBANKING
E07915,C0659,18563.65,CHECKOUT_ABANDONED,Bank_A,E42,P010,WALLET
E07916,C0244,9694.6,SUBSCRIPTION_FAILED,Bank_A,E23,P009,CARD
E07917,C0271,10236.0,CHECKOUT_ABANDONED,Bank_A,E23,P004,NETBANKING
E07918,C0827,15193.27,CHECKOUT_ABANDONED,Bank_D,E11,P016,CARD
E07919,C0948,22533.87,INVOICE_OVERDUE,Bank_B,E17,P005,NETBANKING
E07920,C0443,1913.94,CHECKOUT_ABANDONED,Bank_D,E23,P003,UPI
E07921,C0574,17507.22,CHECKOUT_ABANDONED,Bank_B,E17,P019,NETBANKING
E07922,C0349,5901.85,CHECKOUT_ABANDONED,Bank_A,E42,P013,UPI
E07923,C0039,9523.68,INVOICE_OVERDUE,Bank_B,E17,P020,CARD
E07924,C0922,2256.75,CHECKOUT_ABANDONED,Bank_A,E23,P014,UPI
E07925,C0300,12528.57,PAYMENT_FAILED,Bank_A,E23,P015,UPI
E07926,C0608,18342.79,INVOICE_OVERDUE,Bank_D,E11,P020,NETBANKING
E07927,C0315,7712.45,PAYMENT_FAILED,Bank_A,E42,P002,CARD
E07928,C0195,18765.28,CHECKOUT_ABANDONED,Bank_B,E42,P012,WALLET
E07929,C0027,4299.05,PAYMENT_FAILED,Bank_B,E17,P014,CARD
E07930,C0768,12698.83,CHECKOUT_ABANDONED,Bank_B,E23,P012,NETBANKING
E07931,C0184,11882.86,SUBSCRIPTION_FAILED,Bank_D,E17,P020,UPI
E07932,C0856,21250.33,INVOICE_OVERDUE,Bank_A,E17,P006,NETBANKING
E07933,C0345,18355.54,CHECKOUT_ABANDONED,Bank_D,E11,P009,CARD
E07934,C0093,3601.66,PAYMENT_FAILED,Bank_A,E42,P018,WALLET
E07935,C0276,8260.09,PAYMENT_FAILED,Bank_B,E17,P008,CARD
E07936,C0845,23427.12,INVOICE_OVERDUE,Bank_B,E11,P002,NETBANKING
E07937,C0726,22488.37,INVOICE_OVERDUE,Bank_B,E23,P012,UPI
E07938,C0751,7902.25,SUBSCRIPTION_FAILED,Bank_A,E17,P016,UPI
E07939,C0451,8227.53,CHECKOUT_ABANDONED,Bank_C,E17,P004,CARD
E07940,C0317,8312.82,PAYMENT_FAILED,Bank_D,E23,P003,WALLET
E07941,C0882,3170.41,CHECKOUT_ABANDONED,Bank_D,E17,P002,UPI
E07942,C0812,10741.91,SUBSCRIPTION_FAILED,Bank_B,E17,P007,CARD
E07943,C0367,6317.47,PAYMENT_FAILED,Bank_A,E42,P015,UPI
E07944,C0170,13740.16,PAYMENT_FAILED,Bank_D,E11,P005,WALLET
E07945,C0718,1271.54,INVOICE_OVERDUE,Bank_B,E42,P009,UPI
E07946,C0694,24451.85,PAYMENT_FAILED,Bank_D,E17,P001,WALLET
E07947,C0340,22634.27,CHECKOUT_ABANDONED,Bank_A,E42,P019,WALLET
E07948,C0785,16450.41,CHECKOUT_ABANDONED,Bank_B,E42,P003,CARD
E07949,C0665,15326.64,PAYMENT_FAILED,Bank_B,E42,P015,NETBANKING
E07950,C0881,16201.41,SUBSCRIPTION_FAILED,Bank_A,E42,P020,NETBANKING
E07951,C0696,6310.32,SUBSCRIPTION_FAILED,Bank_A,E23,P009,CARD
E07952,C0214,22075.03,PAYMENT_FAILED,Bank_A,E11,P019,CARD
E07953,C0093,21645.24,SUBSCRIPTION_FAILED,Bank_D,E11,P017,CARD
E07954,C0108,12371.87,SUBSCRIPTION_FAILED,Bank_A,E42,P017,NETBANKING
E07955,C0311,18577.89,SUBSCRIPTION_FAILED,Bank_A,E42,P003,UPI
E07956,C0513,21748.22,CHECKOUT_ABANDONED,Bank_A,E42,P016,UPI
E07957,C0647,8607.6,PAYMENT_FAILED,Bank_A,E42,P011,CARD
E07958,C0663,2685.95,CHECKOUT_ABANDONED,Bank_A,E42,P009,CARD
E07959,C0910,4843.24,INVOICE_OVERDUE,Bank_A,E11,P011,UPI
E07960,C0151,12115.88,CHECKOUT_ABANDONED,Bank_C,E42,P012,UPI
E07961,C0634,10950.18,CHECKOUT_ABANDONED,Bank_C,E11,P019,CARD
E07962,C0547,4713.19,PAYMENT_FAILED,Bank_B,E42,P016,WALLET
E07963,C0451,2028.49,PAYMENT_FAILED,Bank_A,E42,P017,UPI
E07964,C0724,18140.62,CHECKOUT_ABANDONED,Bank_A,E42,P003,NETBANKING
E07965,C0521,11754.82,SUBSCRIPTION_FAILED,Bank_B,E23,P015,NETBANKING
E07966,C0109,19660.79,PAYMENT_FAILED,Bank_D,E42,P012,NETBANKING
E07967,C0945,14258.74,PAYMENT_FAILED,Bank_A,E42,P012,NETBANKING
E07968,C0281,5719.98,CHECKOUT_ABANDONED,Bank_C,E17,P004,WALLET
E07969,C0593,15746.41,SUBSCRIPTION_FAILED,Bank_D,E42,P002,CARD
E07970,C0016,20370.11,SUBSCRIPTION_FAILED,Bank_A,E23,P018,NETBANKING
E07971,C0008,19581.02,PAYMENT_FAILED,Bank_A,E42,P002,NETBANKING
E07972,C0318,12332.02,INVOICE_OVERDUE,Bank_B,E42,P012,NETBANKING
E07973,C0477,1945.24,SUBSCRIPTION_FAILED,Bank_A,E42,P016,NETBANKING
E07974,C0574,24392.46,CHECKOUT_ABANDONED,Bank_A,E23,P004,UPI
E07975,C0350,2407.47,INVOICE_OVERDUE,Bank_A,E42,P010,NETBANKING
E07976,C0286,9661.46,CHECKOUT_ABANDONED,Bank_B,E17,P016,CARD
E07977,C0568,9896.46,CHECKOUT_ABANDONED,Bank_C,E17,P013,UPI
E07978,C0784,11757.76,CHECKOUT_ABANDONED,Bank_A,E17,P006,UPI
E07979,C0481,13561.78,CHECKOUT_ABANDONED,Bank_D,E11,P007,NETBANKING
E07980,C0901,11870.7,SUBSCRIPTION_FAILED,Bank_C,E42,P006,WALLET
E07981,C0507,11782.23,SUBSCRIPTION_FAILED,Bank_C,E11,P018,NETBANKING
E07982,C0361,11360.29,PAYMENT_FAILED,Bank_A,E42,P010,CARD
E07983,C0816,6801.4,CHECKOUT_ABANDONED,Bank_B,E11,P001,WALLET
E07984,C0854,19141.05,CHECKOUT_ABANDONED,Bank_A,E17,P012,CARD
E07985,C0879,750.51,CHECKOUT_ABANDONED,Bank_A,E42,P006,NETBANKING
E07986,C0337,24178.12,CHECKOUT_ABANDONED,Bank_C,E11,P010,WALLET
E07987,C0181,15442.84,PAYMENT_FAILED,Bank_D,E17,P020,UPI
E07988,C0644,10518.21,SUBSCRIPTION_FAILED,Bank_B,E17,P003,WALLET
E07989,C0757,23536.51,PAYMENT_FAILED,Bank_A,E11,P002,CARD
E07990,C0604,23559.66,INVOICE_OVERDUE,Bank_B,E23,P019,NETBANKING
E07991,C1000,6297.23,SUBSCRIPTION_FAILED,Bank_A,E42,P014,WALLET
E07992,C0887,15309.26,INVOICE_OVERDUE,Bank_C,E17,P019,WALLET
E07993,C0804,24747.35,SUBSCRIPTION_FAILED,Bank_D,E42,P002,WALLET
E07994,C0065,20698.91,PAYMENT_FAILED,Bank_A,E23,P017,UPI
E07995,C0430,22682.24,CHECKOUT_ABANDONED,Bank_B,E11,P014,UPI
E07996,C0887,9182.88,SUBSCRIPTION_FAILED,Bank_A,E42,P011,NETBANKING
E07997,C0224,2096.76,INVOICE_OVERDUE,Bank_A,E42,P015,UPI
E07998,C0362,17638.43,PAYMENT_FAILED,Bank_A,E42,P014,NETBANKING
E07999,C0570,22781.34,INVOICE_OVERDUE,Bank_B,E42,P020,WALLET
E08000,C0521,18174.25,INVOICE_OVERDUE,Bank_C,E11,P006,UPI
E08001,C0327,2103.74,SUBSCRIPTION_FAILED,Bank_A,E42,P020,CARD
E08002,C0151,4615.17,PAYMENT_FAILED,Bank_A,E42,P001,CARD
E08003,C0319,19513.82,SUBSCRIPTION_FAILED,Bank_A,E42,P013,NETBANKING
E08004,C0689,7530.44,PAYMENT_FAILED,Bank_D,E11,P017,CARD
E08005,C0650,22738.49,CHECKOUT_ABANDONED,Bank_A,E42,P012,UPI
E08006,C0487,14187.2,INVOICE_OVERDUE,Bank_C,E23,P017,UPI
E08007,C0770,17744.28,SUBSCRIPTION_FAILED,Bank_C,E11,P017,NETBANKING
E08008,C0047,20644.73,INVOICE_OVERDUE,Bank_A,E11,P016,NETBANKING
E08009,C0617,12107.84,SUBSCRIPTION_FAILED,Bank_A,E42,P012,NETBANKING
E08010,C0286,20368.38,CHECKOUT_ABANDONED,Bank_D,E17,P017,NETBANKING
E08011,C0120,2364.51,INVOICE_OVERDUE,Bank_A,E17,P005,UPI
E08012,C0631,8943.08,CHECKOUT_ABANDONED,Bank_D,E42,P017,UPI
E08013,C0321,4176.32,PAYMENT_FAILED,Bank_B,E17,P014,WALLET
E08014,C0950,4260.65,CHECKOUT_ABANDONED,Bank_D,E17,P013,NETBANKING
E08015,C0772,1185.8,INVOICE_OVERDUE,Bank_C,E23,P005,WALLET
E08016,C0272,20929.5,CHECKOUT_ABANDONED,Bank_B,E42,P013,UPI
E08017,C0287,11170.63,CHECKOUT_ABANDONED,Bank_B,E17,P019,NETBANKING
E08018,C0942,15690.64,CHECKOUT_ABANDONED,Bank_B,E23,P004,CARD
E08019,C0527,13431.77,PAYMENT_FAILED,Bank_A,E42,P019,NETBANKING
E08020,C0283,22198.8,CHECKOUT_ABANDONED,Bank_A,E42,P002,NETBANKING
E08021,C0955,20013.66,CHECKOUT_ABANDONED,Bank_D,E42,P012,CARD
E08022,C0275,7867.45,CHECKOUT_ABANDONED,Bank_D,E11,P020,UPI
E08023,C0251,13691.62,INVOICE_OVERDUE,Bank_A,E42,P014,UPI
E08024,C0163,18935.58,PAYMENT_FAILED,Bank_B,E23,P011,CARD
E08025,C0483,23856.6,PAYMENT_FAILED,Bank_B,E23,P013,NETBANKING
E08026,C0886,4506.57,SUBSCRIPTION_FAILED,Bank_A,E42,P011,CARD
E08027,C0064,17042.92,CHECKOUT_ABANDONED,Bank_A,E42,P018,NETBANKING
E08028,C0845,20009.06,CHECKOUT_ABANDONED,Bank_A,E42,P020,NETBANKING
E08029,C0154,8954.8,PAYMENT_FAILED,Bank_A,E17,P007,WALLET
E08030,C0478,3529.71,SUBSCRIPTION_FAILED,Bank_A,E42,P008,CARD
E08031,C0576,856.2,INVOICE_OVERDUE,Bank_B,E11,P018,NETBANKING
E08032,C0161,15428.49,SUBSCRIPTION_FAILED,Bank_D,E11,P017,NETBANKING
E08033,C0406,8305.12,SUBSCRIPTION_FAILED,Bank_A,E11,P012,WALLET
E08034,C0232,14555.38,CHECKOUT_ABANDONED,Bank_C,E11,P002,WALLET
E08035,C0773,3158.81,PAYMENT_FAILED,Bank_A,E42,P019,NETBANKING
E08036,C0576,22561.16,PAYMENT_FAILED,Bank_B,E23,P001,UPI
E08037,C0222,3971.61,PAYMENT_FAILED,Bank_D,E42,P015,NETBANKING
E08038,C0692,9823.12,INVOICE_OVERDUE,Bank_B,E17,P003,CARD
E08039,C0591,6016.35,SUBSCRIPTION_FAILED,Bank_A,E42,P011,NETBANKING
E08040,C0836,6398.14,PAYMENT_FAILED,Bank_D,E42,P012,UPI
E08041,C0505,16263.35,SUBSCRIPTION_FAILED,Bank_A,E42,P018,CARD
E08042,C0784,20639.22,SUBSCRIPTION_FAILED,Bank_C,E17,P006,UPI
E08043,C0546,11951.78,INVOICE_OVERDUE,Bank_D,E17,P001,UPI
E08044,C0472,1856.07,SUBSCRIPTION_FAILED,Bank_A,E42,P001,UPI
E08045,C0052,19135.56,PAYMENT_FAILED,Bank_D,E11,P017,CARD
E08046,C0829,23269.56,CHECKOUT_ABANDONED,Bank_A,E11,P013,WALLET
E08047,C0119,21188.2,PAYMENT_FAILED,Bank_A,E11,P006,NETBANKING
E08048,C0077,8819.33,SUBSCRIPTION_FAILED,Bank_A,E42,P007,UPI
E08049,C0679,15146.25,CHECKOUT_ABANDONED,Bank_D,E42,P016,NETBANKING
E08050,C0186,10388.25,SUBSCRIPTION_FAILED,Bank_A,E42,P005,UPI
E08051,C0285,10962.88,SUBSCRIPTION_FAILED,Bank_A,E42,P003,NETBANKING
E08052,C0519,21056.94,CHECKOUT_ABANDONED,Bank_D,E11,P003,NETBANKING
E08053,C0585,12969.48,CHECKOUT_ABANDONED,Bank_A,E17,P011,UPI
E08054,C0665,18027.53,CHECKOUT_ABANDONED,Bank_A,E11,P019,UPI
E08055,C0673,21471.16,CHECKOUT_ABANDONED,Bank_A,E42,P009,UPI
E08056,C0066,15848.6,SUBSCRIPTION_FAILED,Bank_A,E42,P009,CARD
E08057,C0445,7036.99,SUBSCRIPTION_FAILED,Bank_C,E42,P010,WALLET
E08058,C0825,20092.84,PAYMENT_FAILED,Bank_A,E11,P012,UPI
E08059,C0926,13961.9,CHECKOUT_ABANDONED,Bank_A,E17,P020,WALLET
E08060,C0311,15965.35,PAYMENT_FAILED,Bank_A,E42,P010,WALLET
E08061,C0112,1112.77,SUBSCRIPTION_FAILED,Bank_A,E42,P003,CARD
E08062,C0927,9699.39,CHECKOUT_ABANDONED,Bank_A,E42,P019,WALLET
E08063,C0329,16194.12,PAYMENT_FAILED,Bank_C,E42,P009,UPI
E08064,C0465,21486.7,CHECKOUT_ABANDONED,Bank_B,E11,P012,WALLET
E08065,C0423,10818.61,PAYMENT_FAILED,Bank_C,E42,P004,WALLET
E08066,C0976,8546.1,SUBSCRIPTION_FAILED,Bank_C,E11,P016,NETBANKING
E08067,C0756,8444.81,SUBSCRIPTION_FAILED,Bank_D,E11,P001,CARD
E08068,C0506,9208.41,PAYMENT_FAILED,Bank_A,E42,P007,CARD
E08069,C0183,19218.86,SUBSCRIPTION_FAILED,Bank_C,E11,P013,UPI
E08070,C0383,22736.08,PAYMENT_FAILED,Bank_A,E42,P016,CARD
E08071,C0916,4696.6,SUBSCRIPTION_FAILED,Bank_C,E23,P018,WALLET
E08072,C0700,8228.6,CHECKOUT_ABANDONED,Bank_B,E17,P003,WALLET
E08073,C0041,24844.03,SUBSCRIPTION_FAILED,Bank_A,E42,P014,CARD
E08074,C0818,9576.45,PAYMENT_FAILED,Bank_A,E17,P015,WALLET
E08075,C0107,4890.79,CHECKOUT_ABANDONED,Bank_D,E23,P020,WALLET
E08076,C0394,16395.77,INVOICE_OVERDUE,Bank_B,E11,P010,UPI
E08077,C0308,2200.25,PAYMENT_FAILED,Bank_A,E17,P002,CARD
E08078,C0330,17656.99,SUBSCRIPTION_FAILED,Bank_D,E42,P004,UPI
E08079,C0470,6597.27,INVOICE_OVERDUE,Bank_D,E11,P018,UPI
E08080,C0304,1561.28,SUBSCRIPTION_FAILED,Bank_A,E42,P011,UPI
E08081,C0273,4130.54,SUBSCRIPTION_FAILED,Bank_C,E17,P017,CARD
E08082,C0002,14240.97,SUBSCRIPTION_FAILED,Bank_A,E42,P002,CARD
E08083,C0391,21239.56,PAYMENT_FAILED,Bank_D,E42,P017,WALLET
E08084,C0616,1499.02,INVOICE_OVERDUE,Bank_C,E17,P013,WALLET
E08085,C0545,18522.68,SUBSCRIPTION_FAILED,Bank_A,E23,P020,UPI
E08086,C0276,18970.86,PAYMENT_FAILED,Bank_C,E17,P018,WALLET
E08087,C0343,24810.05,INVOICE_OVERDUE,Bank_D,E42,P018,WALLET
E08088,C0327,17656.99,PAYMENT_FAILED,Bank_D,E17,P014,CARD
E08089,C0772,18719.47,CHECKOUT_ABANDONED,Bank_C,E23,P005,CARD
E08090,C0834,3062.29,INVOICE_OVERDUE,Bank_A,E42,P009,WALLET
E08091,C0288,6832.73,SUBSCRIPTION_FAILED,Bank_B,E11,P012,CARD
E08092,C0657,18801.15,SUBSCRIPTION_FAILED,Bank_B,E42,P004,NETBANKING
E08093,C0589,14025.22,CHECKOUT_ABANDONED,Bank_B,E23,P011,NETBANKING
E08094,C0491,10023.46,CHECKOUT_ABANDONED,Bank_A,E11,P015,WALLET
E08095,C0967,4356.24,CHECKOUT_ABANDONED,Bank_A,E11,P010,WALLET
E08096,C0162,17872.82,PAYMENT_FAILED,Bank_C,E11,P020,CARD
E08097,C0145,12791.9,CHECKOUT_ABANDONED,Bank_A,E23,P014,WALLET
E08098,C0853,15800.12,SUBSCRIPTION_FAILED,Bank_A,E23,P006,WALLET
E08099,C0912,18461.98,INVOICE_OVERDUE,Bank_C,E23,P004,CARD
E08100,C0756,17879.05,INVOICE_OVERDUE,Bank_A,E42,P017,UPI
E08101,C0036,6600.29,INVOICE_OVERDUE,Bank_A,E42,P017,UPI
E08102,C0915,21033.94,SUBSCRIPTION_FAILED,Bank_D,E42,P009,CARD
E08103,C0307,17572.11,PAYMENT_FAILED,Bank_B,E17,P005,CARD
E08104,C0428,2155.23,INVOICE_OVERDUE,Bank_A,E42,P003,NETBANKING
E08105,C0514,16760.94,PAYMENT_FAILED,Bank_B,E42,P011,UPI
E08106,C0251,22319.28,PAYMENT_FAILED,Bank_A,E42,P010,NETBANKING
E08107,C0148,22578.04,CHECKOUT_ABANDONED,Bank_D,E17,P001,UPI
E08108,C0863,23032.52,INVOICE_OVERDUE,Bank_C,E17,P011,UPI
E08109,C0335,6339.11,CHECKOUT_ABANDONED,Bank_D,E23,P014,NETBANKING
E08110,C0145,1084.38,INVOICE_OVERDUE,Bank_C,E17,P018,NETBANKING
E08111,C0829,8932.74,SUBSCRIPTION_FAILED,Bank_D,E17,P004,NETBANKING
E08112,C0667,11604.23,PAYMENT_FAILED,Bank_A,E42,P015,WALLET
E08113,C0664,8060.4,PAYMENT_FAILED,Bank_D,E42,P014,NETBANKING
E08114,C0133,11748.73,PAYMENT_FAILED,Bank_A,E42,P012,WALLET
E08115,C0550,12342.34,PAYMENT_FAILED,Bank_A,E42,P001,UPI
E08116,C0618,11427.11,SUBSCRIPTION_FAILED,Bank_C,E42,P010,CARD
E08117,C0600,16904.04,CHECKOUT_ABANDONED,Bank_D,E23,P019,NETBANKING
E08118,C0807,4345.44,CHECKOUT_ABANDONED,Bank_B,E23,P018,UPI
E08119,C0637,15546.36,INVOICE_OVERDUE,Bank_D,E11,P018,WALLET
E08120,C0682,4332.33,INVOICE_OVERDUE,Bank_A,E23,P001,NETBANKING
E08121,C0197,7247.9,CHECKOUT_ABANDONED,Bank_C,E23,P002,WALLET
E08122,C0322,20246.93,SUBSCRIPTION_FAILED,Bank_A,E42,P013,CARD
E08123,C0619,2379.59,PAYMENT_FAILED,Bank_B,E23,P020,CARD
E08124,C0483,16627.5,SUBSCRIPTION_FAILED,Bank_C,E17,P007,UPI
E08125,C0330,16914.72,SUBSCRIPTION_FAILED,Bank_D,E23,P017,NETBANKING
E08126,C0600,19007.11,INVOICE_OVERDUE,Bank_A,E42,P012,CARD
E08127,C0655,3477.65,PAYMENT_FAILED,Bank_A,E17,P017,NETBANKING
E08128,C0803,21161.02,PAYMENT_FAILED,Bank_A,E42,P015,WALLET
E08129,C0126,2785.87,CHECKOUT_ABANDONED,Bank_D,E42,P017,UPI
E08130,C0688,5144.43,PAYMENT_FAILED,Bank_A,E17,P001,UPI
E08131,C0891,9096.48,SUBSCRIPTION_FAILED,Bank_B,E17,P011,NETBANKING
E08132,C0600,7167.8,INVOICE_OVERDUE,Bank_A,E42,P012,NETBANKING
E08133,C0915,21202.76,PAYMENT_FAILED,Bank_B,E11,P018,CARD
E08134,C0725,11305.48,PAYMENT_FAILED,Bank_D,E17,P008,UPI
E08135,C0160,3385.87,INVOICE_OVERDUE,Bank_A,E11,P020,WALLET
E08136,C0899,22943.2,SUBSCRIPTION_FAILED,Bank_D,E11,P005,UPI
E08137,C0420,24521.51,INVOICE_OVERDUE,Bank_C,E11,P007,NETBANKING
E08138,C0608,10552.6,SUBSCRIPTION_FAILED,Bank_C,E42,P008,UPI
E08139,C0644,9772.77,PAYMENT_FAILED,Bank_D,E11,P016,WALLET
E08140,C0110,17295.16,SUBSCRIPTION_FAILED,Bank_A,E17,P017,CARD
E08141,C0214,19347.08,CHECKOUT_ABANDONED,Bank_C,E42,P005,NETBANKING
E08142,C0949,7324.76,PAYMENT_FAILED,Bank_C,E17,P004,NETBANKING
E08143,C0924,20277.0,INVOICE_OVERDUE,Bank_B,E42,P016,WALLET
E08144,C0755,14193.48,PAYMENT_FAILED,Bank_A,E23,P017,NETBANKING
E08145,C0998,15070.17,SUBSCRIPTION_FAILED,Bank_B,E23,P011,CARD
E08146,C0130,18568.87,INVOICE_OVERDUE,Bank_A,E42,P010,WALLET
E08147,C0127,15142.85,INVOICE_OVERDUE,Bank_A,E17,P011,WALLET
E08148,C0929,14270.03,CHECKOUT_ABANDONED,Bank_A,E42,P010,WALLET
E08149,C0247,12894.35,SUBSCRIPTION_FAILED,Bank_D,E42,P018,CARD
E08150,C0665,18959.19,SUBSCRIPTION_FAILED,Bank_C,E23,P002,UPI
E08151,C0370,11440.56,INVOICE_OVERDUE,Bank_B,E42,P011,CARD
E08152,C0391,17435.58,INVOICE_OVERDUE,Bank_A,E42,P009,WALLET
E08153,C0718,23113.37,INVOICE_OVERDUE,Bank_B,E23,P012,CARD
E08154,C0610,5495.43,CHECKOUT_ABANDONED,Bank_B,E42,P002,NETBANKING
E08155,C0002,18808.37,INVOICE_OVERDUE,Bank_A,E11,P004,CARD
E08156,C0822,7104.38,INVOICE_OVERDUE,Bank_A,E42,P014,WALLET
E08157,C0219,1181.21,INVOICE_OVERDUE,Bank_B,E11,P015,UPI
E08158,C0097,17646.01,INVOICE_OVERDUE,Bank_C,E23,P007,CARD
E08159,C0399,12435.49,CHECKOUT_ABANDONED,Bank_C,E11,P005,WALLET
E08160,C0449,16700.81,INVOICE_OVERDUE,Bank_A,E11,P013,NETBANKING
E08161,C0319,15686.18,SUBSCRIPTION_FAILED,Bank_B,E17,P010,NETBANKING
E08162,C0291,11646.51,INVOICE_OVERDUE,Bank_A,E17,P017,NETBANKING
E08163,C0486,21423.7,SUBSCRIPTION_FAILED,Bank_A,E11,P001,NETBANKING
E08164,C0893,24083.03,CHECKOUT_ABANDONED,Bank_C,E11,P006,UPI
E08165,C0557,9230.23,INVOICE_OVERDUE,Bank_B,E11,P004,WALLET
E08166,C0423,7526.77,INVOICE_OVERDUE,Bank_A,E11,P016,UPI
E08167,C0298,16572.35,PAYMENT_FAILED,Bank_C,E23,P014,CARD
E08168,C0242,2952.35,SUBSCRIPTION_FAILED,Bank_D,E23,P013,NETBANKING
E08169,C0636,7313.5,CHECKOUT_ABANDONED,Bank_A,E11,P016,NETBANKING
E08170,C0047,8816.26,PAYMENT_FAILED,Bank_A,E23,P014,UPI
E08171,C0758,21519.44,CHECKOUT_ABANDONED,Bank_B,E42,P015,CARD
E08172,C0678,21518.24,PAYMENT_FAILED,Bank_A,E42,P020,CARD
E08173,C0327,13231.82,CHECKOUT_ABANDONED,Bank_D,E42,P013,NETBANKING
E08174,C0450,7157.77,SUBSCRIPTION_FAILED,Bank_B,E23,P001,UPI
E08175,C0575,16886.88,CHECKOUT_ABANDONED,Bank_B,E11,P017,UPI
E08176,C0899,14774.21,PAYMENT_FAILED,Bank_C,E17,P017,UPI
E08177,C0802,3757.93,PAYMENT_FAILED,Bank_D,E42,P020,WALLET
E08178,C0390,4446.7,CHECKOUT_ABANDONED,Bank_C,E23,P012,WALLET
E08179,C0204,4768.19,SUBSCRIPTION_FAILED,Bank_D,E17,P004,CARD
E08180,C0532,7664.9,CHECKOUT_ABANDONED,Bank_D,E17,P004,UPI
E08181,C0821,22594.68,INVOICE_OVERDUE,Bank_A,E23,P017,CARD
E08182,C0971,5127.98,SUBSCRIPTION_FAILED,Bank_D,E23,P010,WALLET
E08183,C0176,21557.44,INVOICE_OVERDUE,Bank_B,E11,P014,CARD
E08184,C0941,12242.57,INVOICE_OVERDUE,Bank_A,E23,P014,UPI
E08185,C0652,24853.69,SUBSCRIPTION_FAILED,Bank_D,E17,P014,CARD
E08186,C0087,21978.06,INVOICE_OVERDUE,Bank_B,E23,P002,UPI
E08187,C0661,6135.76,CHECKOUT_ABANDONED,Bank_D,E42,P016,UPI
E08188,C0693,18954.67,INVOICE_OVERDUE,Bank_A,E17,P008,UPI
E08189,C0948,21554.81,CHECKOUT_ABANDONED,Bank_A,E42,P002,UPI
E08190,C0837,17481.97,SUBSCRIPTION_FAILED,Bank_C,E42,P006,UPI
E08191,C0894,14009.3,SUBSCRIPTION_FAILED,Bank_D,E42,P018,WALLET
E08192,C0149,5909.0,SUBSCRIPTION_FAILED,Bank_A,E23,P006,WALLET
E08193,C0823,15051.6,INVOICE_OVERDUE,Bank_D,E11,P006,WALLET
E08194,C0144,4473.9,PAYMENT_FAILED,Bank_D,E17,P005,NETBANKING
E08195,C0542,18855.71,CHECKOUT_ABANDONED,Bank_B,E17,P009,UPI
E08196,C0045,6494.43,CHECKOUT_ABANDONED,Bank_A,E42,P001,CARD
E08197,C0691,3298.27,SUBSCRIPTION_FAILED,Bank_C,E11,P013,UPI
E08198,C0225,15083.56,INVOICE_OVERDUE,Bank_A,E17,P019,UPI
E08199,C0695,19473.68,SUBSCRIPTION_FAILED,Bank_A,E11,P020,NETBANKING
E08200,C0321,4162.74,SUBSCRIPTION_FAILED,Bank_B,E11,P006,CARD
E08201,C0251,10006.83,CHECKOUT_ABANDONED,Bank_C,E17,P007,CARD
E08202,C0758,1393.6,INVOICE_OVERDUE,Bank_B,E42,P017,NETBANKING
E08203,C0982,21430.04,CHECKOUT_ABANDONED,Bank_C,E42,P010,UPI
E08204,C0397,16002.88,PAYMENT_FAILED,Bank_A,E42,P005,UPI
E08205,C0984,15304.19,CHECKOUT_ABANDONED,Bank_C,E23,P007,NETBANKING
E08206,C0345,20330.35,PAYMENT_FAILED,Bank_A,E23,P004,NETBANKING
E08207,C0921,17234.29,CHECKOUT_ABANDONED,Bank_D,E11,P020,CARD
E08208,C0078,17751.46,INVOICE_OVERDUE,Bank_C,E11,P018,UPI
E08209,C0614,12950.15,INVOICE_OVERDUE,Bank_D,E42,P007,NETBANKING
E08210,C0423,9690.8,PAYMENT_FAILED,Bank_D,E11,P016,UPI
E08211,C0356,9786.33,CHECKOUT_ABANDONED,Bank_C,E11,P018,NETBANKING
E08212,C0290,19291.41,INVOICE_OVERDUE,Bank_C,E17,P013,NETBANKING
E08213,C0397,15845.21,CHECKOUT_ABANDONED,Bank_B,E11,P019,UPI
E08214,C0472,18428.41,SUBSCRIPTION_FAILED,Bank_D,E23,P009,CARD
E08215,C0051,1569.25,PAYMENT_FAILED,Bank_A,E23,P012,NETBANKING
E08216,C0905,8803.42,PAYMENT_FAILED,Bank_A,E23,P001,UPI
E08217,C0447,4742.85,SUBSCRIPTION_FAILED,Bank_B,E17,P012,NETBANKING
E08218,C0304,22237.24,SUBSCRIPTION_FAILED,Bank_A,E17,P010,CARD
E08219,C0939,10922.05,CHECKOUT_ABANDONED,Bank_D,E42,P002,NETBANKING
E08220,C0953,6889.15,CHECKOUT_ABANDONED,Bank_C,E17,P014,WALLET
E08221,C0288,12281.39,INVOICE_OVERDUE,Bank_B,E17,P019,WALLET
E08222,C0935,23353.81,INVOICE_OVERDUE,Bank_C,E42,P020,WALLET
E08223,C0069,8398.22,SUBSCRIPTION_FAILED,Bank_A,E42,P015,NETBANKING
E08224,C0710,1875.81,CHECKOUT_ABANDONED,Bank_C,E17,P013,UPI
E08225,C0869,17283.99,CHECKOUT_ABANDONED,Bank_A,E42,P011,CARD
E08226,C0774,16057.64,SUBSCRIPTION_FAILED,Bank_B,E11,P006,NETBANKING
E08227,C0601,3310.51,SUBSCRIPTION_FAILED,Bank_C,E42,P001,NETBANKING
E08228,C0670,24008.33,CHECKOUT_ABANDONED,Bank_A,E42,P005,UPI
E08229,C0497,10970.81,PAYMENT_FAILED,Bank_C,E17,P011,CARD
E08230,C0293,2352.9,INVOICE_OVERDUE,Bank_B,E11,P013,WALLET
E08231,C0047,12652.28,SUBSCRIPTION_FAILED,Bank_D,E11,P013,UPI
E08232,C0034,5416.25,SUBSCRIPTION_FAILED,Bank_B,E17,P003,WALLET
E08233,C0888,3541.54,SUBSCRIPTION_FAILED,Bank_C,E23,P012,CARD
E08234,C0755,8631.5,SUBSCRIPTION_FAILED,Bank_B,E23,P016,UPI
E08235,C0464,18745.54,CHECKOUT_ABANDONED,Bank_A,E42,P008,CARD
E08236,C0900,20919.61,SUBSCRIPTION_FAILED,Bank_C,E17,P008,CARD
E08237,C0388,19617.16,INVOICE_OVERDUE,Bank_A,E42,P008,NETBANKING
E08238,C0287,10752.27,INVOICE_OVERDUE,Bank_A,E42,P002,UPI
E08239,C0358,4227.41,CHECKOUT_ABANDONED,Bank_B,E11,P013,UPI
E08240,C0877,1240.09,CHECKOUT_ABANDONED,Bank_B,E42,P007,NETBANKING
E08241,C0091,12331.0,INVOICE_OVERDUE,Bank_D,E11,P006,WALLET
E08242,C0458,12877.19,PAYMENT_FAILED,Bank_A,E42,P018,UPI
E08243,C0025,23371.89,CHECKOUT_ABANDONED,Bank_A,E42,P006,CARD
E08244,C0477,12115.38,INVOICE_OVERDUE,Bank_A,E42,P014,NETBANKING
E08245,C0800,22946.09,CHECKOUT_ABANDONED,Bank_C,E11,P005,WALLET
E08246,C0795,24179.3,SUBSCRIPTION_FAILED,Bank_B,E42,P004,NETBANKING
E08247,C0702,812.21,SUBSCRIPTION_FAILED,Bank_B,E23,P010,NETBANKING
E08248,C0680,7483.13,SUBSCRIPTION_FAILED,Bank_A,E42,P011,UPI
E08249,C0117,18423.57,SUBSCRIPTION_FAILED,Bank_A,E42,P008,WALLET
E08250,C0305,12704.84,SUBSCRIPTION_FAILED,Bank_C,E23,P017,UPI
E08251,C0247,8540.34,INVOICE_OVERDUE,Bank_B,E11,P010,NETBANKING
E08252,C0262,10167.24,SUBSCRIPTION_FAILED,Bank_A,E11,P004,UPI
E08253,C0292,17822.04,PAYMENT_FAILED,Bank_D,E17,P007,UPI
E08254,C0099,3420.32,CHECKOUT_ABANDONED,Bank_A,E42,P016,NETBANKING
E08255,C0702,7797.07,CHECKOUT_ABANDONED,Bank_D,E17,P012,UPI
E08256,C0324,3260.73,PAYMENT_FAILED,Bank_D,E11,P007,WALLET
E08257,C0165,3546.18,CHECKOUT_ABANDONED,Bank_B,E11,P018,WALLET
E08258,C0939,17156.47,SUBSCRIPTION_FAILED,Bank_A,E42,P017,WALLET
E08259,C0814,4980.2,PAYMENT_FAILED,Bank_B,E11,P018,CARD
E08260,C0067,2994.35,SUBSCRIPTION_FAILED,Bank_A,E23,P014,NETBANKING
E08261,C0060,16117.38,PAYMENT_FAILED,Bank_A,E11,P008,NETBANKING
E08262,C0200,24299.69,INVOICE_OVERDUE,Bank_B,E11,P018,WALLET
E08263,C0623,24928.36,PAYMENT_FAILED,Bank_D,E11,P007,UPI
E08264,C0466,3332.16,CHECKOUT_ABANDONED,Bank_D,E11,P001,WALLET
E08265,C0074,21614.03,CHECKOUT_ABANDONED,Bank_B,E23,P003,NETBANKING
E08266,C0715,20919.23,SUBSCRIPTION_FAILED,Bank_D,E17,P018,UPI
E08267,C0579,19778.04,INVOICE_OVERDUE,Bank_D,E17,P004,NETBANKING
E08268,C0498,19513.66,PAYMENT_FAILED,Bank_B,E23,P011,UPI
E08269,C0273,22837.14,INVOICE_OVERDUE,Bank_C,E42,P015,WALLET
E08270,C0618,11496.75,PAYMENT_FAILED,Bank_D,E11,P008,NETBANKING
E08271,C0851,904.32,INVOICE_OVERDUE,Bank_A,E42,P001,CARD
E08272,C0726,7647.71,CHECKOUT_ABANDONED,Bank_B,E11,P015,UPI
E08273,C0636,17530.63,INVOICE_OVERDUE,Bank_A,E17,P015,CARD
E08274,C0586,15090.75,INVOICE_OVERDUE,Bank_D,E17,P015,UPI
E08275,C0581,13975.91,PAYMENT_FAILED,Bank_C,E23,P014,WALLET
E08276,C0348,10603.38,PAYMENT_FAILED,Bank_B,E23,P006,CARD
E08277,C0462,21977.54,PAYMENT_FAILED,Bank_A,E42,P009,UPI
E08278,C0439,7917.17,SUBSCRIPTION_FAILED,Bank_D,E17,P011,WALLET
E08279,C0900,24235.41,CHECKOUT_ABANDONED,Bank_B,E17,P012,UPI
E08280,C0455,5710.64,SUBSCRIPTION_FAILED,Bank_C,E11,P005,WALLET
E08281,C0905,11691.11,PAYMENT_FAILED,Bank_C,E11,P004,WALLET
E08282,C0613,23777.16,CHECKOUT_ABANDONED,Bank_B,E11,P009,NETBANKING
E08283,C0981,18138.47,CHECKOUT_ABANDONED,Bank_B,E17,P017,WALLET
E08284,C0895,1951.07,SUBSCRIPTION_FAILED,Bank_A,E42,P001,CARD
E08285,C0617,9480.47,CHECKOUT_ABANDONED,Bank_D,E42,P012,CARD
E08286,C0865,4691.04,SUBSCRIPTION_FAILED,Bank_B,E17,P007,WALLET
E08287,C0596,14698.03,PAYMENT_FAILED,Bank_A,E23,P010,UPI
E08288,C0740,15918.13,PAYMENT_FAILED,Bank_D,E11,P010,CARD
E08289,C0190,14041.98,SUBSCRIPTION_FAILED,Bank_D,E17,P015,CARD
E08290,C0808,10472.58,INVOICE_OVERDUE,Bank_C,E23,P016,UPI
E08291,C0906,24586.87,SUBSCRIPTION_FAILED,Bank_D,E17,P006,CARD
E08292,C0181,11896.89,SUBSCRIPTION_FAILED,Bank_B,E23,P006,UPI
E08293,C0663,12334.74,SUBSCRIPTION_FAILED,Bank_A,E11,P017,CARD
E08294,C0861,19757.89,SUBSCRIPTION_FAILED,Bank_B,E42,P002,UPI
E08295,C0965,10913.71,INVOICE_OVERDUE,Bank_C,E23,P011,NETBANKING
E08296,C0286,8880.16,SUBSCRIPTION_FAILED,Bank_A,E42,P005,NETBANKING
E08297,C0668,20631.08,INVOICE_OVERDUE,Bank_D,E42,P005,UPI
E08298,C0924,3240.98,CHECKOUT_ABANDONED,Bank_A,E17,P010,UPI
E08299,C0623,5344.92,INVOICE_OVERDUE,Bank_C,E42,P002,CARD
E08300,C0305,6888.89,CHECKOUT_ABANDONED,Bank_D,E23,P017,NETBANKING
E08301,C0633,19690.72,INVOICE_OVERDUE,Bank_C,E23,P020,CARD
E08302,C0126,12516.6,INVOICE_OVERDUE,Bank_A,E42,P009,CARD
E08303,C0328,20698.97,INVOICE_OVERDUE,Bank_C,E23,P007,NETBANKING
E08304,C0533,18661.45,CHECKOUT_ABANDONED,Bank_C,E17,P017,CARD
E08305,C0914,12341.8,CHECKOUT_ABANDONED,Bank_D,E17,P001,UPI
E08306,C0837,10063.82,INVOICE_OVERDUE,Bank_D,E11,P012,UPI
E08307,C0678,23013.05,PAYMENT_FAILED,Bank_A,E17,P010,NETBANKING
E08308,C0596,12597.41,INVOICE_OVERDUE,Bank_B,E11,P010,NETBANKING
E08309,C0253,11749.94,SUBSCRIPTION_FAILED,Bank_B,E17,P010,WALLET
E08310,C0367,4407.28,PAYMENT_FAILED,Bank_A,E42,P017,NETBANKING
E08311,C0462,4850.0,CHECKOUT_ABANDONED,Bank_A,E17,P005,NETBANKING
E08312,C0465,21644.18,SUBSCRIPTION_FAILED,Bank_A,E42,P001,WALLET
E08313,C0096,14343.02,PAYMENT_FAILED,Bank_D,E11,P001,WALLET
E08314,C0292,7577.87,INVOICE_OVERDUE,Bank_B,E11,P003,NETBANKING
E08315,C0084,16864.96,CHECKOUT_ABANDONED,Bank_A,E17,P013,UPI
E08316,C0244,9283.78,CHECKOUT_ABANDONED,Bank_C,E17,P010,CARD
E08317,C0354,5963.64,INVOICE_OVERDUE,Bank_C,E42,P011,NETBANKING
E08318,C0068,15798.18,PAYMENT_FAILED,Bank_A,E42,P003,CARD
E08319,C0447,10124.16,INVOICE_OVERDUE,Bank_B,E17,P016,UPI
E08320,C0714,6801.49,CHECKOUT_ABANDONED,Bank_A,E42,P015,NETBANKING
E08321,C0132,24670.64,PAYMENT_FAILED,Bank_A,E42,P020,NETBANKING
E08322,C0723,2865.77,PAYMENT_FAILED,Bank_D,E23,P004,WALLET
E08323,C0813,11673.09,SUBSCRIPTION_FAILED,Bank_D,E11,P012,CARD
E08324,C0354,5898.68,INVOICE_OVERDUE,Bank_A,E42,P002,WALLET
E08325,C0828,14784.91,CHECKOUT_ABANDONED,Bank_A,E17,P012,WALLET
E08326,C0130,5290.98,SUBSCRIPTION_FAILED,Bank_B,E11,P010,WALLET
E08327,C0259,8760.79,CHECKOUT_ABANDONED,Bank_A,E42,P004,WALLET
E08328,C0409,18414.3,PAYMENT_FAILED,Bank_C,E17,P016,UPI
E08329,C0048,23072.72,CHECKOUT_ABANDONED,Bank_C,E42,P020,UPI
E08330,C0013,8823.38,INVOICE_OVERDUE,Bank_D,E42,P005,NETBANKING
E08331,C0171,9729.96,CHECKOUT_ABANDONED,Bank_C,E42,P014,WALLET
E08332,C0135,15436.93,PAYMENT_FAILED,Bank_D,E42,P007,WALLET
E08333,C0190,18711.52,INVOICE_OVERDUE,Bank_D,E17,P014,NETBANKING
E08334,C0545,22870.44,SUBSCRIPTION_FAILED,Bank_A,E23,P001,CARD
E08335,C0546,4343.1,CHECKOUT_ABANDONED,Bank_A,E42,P012,WALLET
E08336,C0525,2550.81,PAYMENT_FAILED,Bank_C,E42,P001,WALLET
E08337,C0704,17655.13,INVOICE_OVERDUE,Bank_A,E42,P014,WALLET
E08338,C0418,12340.26,CHECKOUT_ABANDONED,Bank_A,E23,P017,WALLET
E08339,C0214,1294.93,INVOICE_OVERDUE,Bank_A,E42,P006,WALLET
E08340,C0134,13889.27,CHECKOUT_ABANDONED,Bank_C,E23,P020,WALLET
E08341,C0799,5294.66,SUBSCRIPTION_FAILED,Bank_A,E42,P001,WALLET
E08342,C0183,16633.29,CHECKOUT_ABANDONED,Bank_C,E23,P018,CARD
E08343,C0310,8927.15,PAYMENT_FAILED,Bank_A,E42,P002,NETBANKING
E08344,C0926,21685.62,CHECKOUT_ABANDONED,Bank_D,E23,P003,WALLET
E08345,C0391,6055.82,PAYMENT_FAILED,Bank_A,E42,P020,NETBANKING
E08346,C0727,6718.6,PAYMENT_FAILED,Bank_D,E17,P015,NETBANKING
E08347,C0731,21935.79,SUBSCRIPTION_FAILED,Bank_A,E17,P015,CARD
E08348,C0595,21538.69,SUBSCRIPTION_FAILED,Bank_A,E42,P015,NETBANKING
E08349,C0390,12705.7,PAYMENT_FAILED,Bank_A,E42,P004,UPI
E08350,C0804,21319.71,INVOICE_OVERDUE,Bank_C,E17,P012,UPI
E08351,C0856,17370.02,PAYMENT_FAILED,Bank_B,E42,P018,WALLET
E08352,C0742,19788.09,SUBSCRIPTION_FAILED,Bank_C,E42,P020,CARD
E08353,C0554,20462.91,PAYMENT_FAILED,Bank_A,E11,P005,UPI
E08354,C0726,24063.91,PAYMENT_FAILED,Bank_C,E11,P009,UPI
E08355,C0195,634.29,CHECKOUT_ABANDONED,Bank_A,E23,P004,NETBANKING
E08356,C0798,18806.63,CHECKOUT_ABANDONED,Bank_C,E17,P018,WALLET
E08357,C0183,23133.41,CHECKOUT_ABANDONED,Bank_A,E42,P009,NETBANKING
E08358,C0448,6799.14,SUBSCRIPTION_FAILED,Bank_A,E42,P019,NETBANKING
E08359,C0885,15865.13,SUBSCRIPTION_FAILED,Bank_A,E42,P016,UPI
E08360,C0661,16071.83,SUBSCRIPTION_FAILED,Bank_B,E11,P020,CARD
E08361,C0512,2212.76,CHECKOUT_ABANDONED,Bank_A,E42,P003,WALLET
E08362,C0603,3991.88,PAYMENT_FAILED,Bank_A,E17,P015,UPI
E08363,C0806,17157.45,PAYMENT_FAILED,Bank_C,E23,P015,CARD
E08364,C0335,4968.0,PAYMENT_FAILED,Bank_B,E17,P014,WALLET
E08365,C0067,6515.82,SUBSCRIPTION_FAILED,Bank_D,E23,P012,CARD
E08366,C0115,12125.8,INVOICE_OVERDUE,Bank_D,E11,P009,WALLET
E08367,C0415,2386.37,INVOICE_OVERDUE,Bank_A,E42,P007,UPI
E08368,C0276,3483.18,INVOICE_OVERDUE,Bank_A,E11,P014,NETBANKING
E08369,C0125,24496.93,CHECKOUT_ABANDONED,Bank_C,E23,P007,NETBANKING
E08370,C0163,9995.86,CHECKOUT_ABANDONED,Bank_D,E23,P004,CARD
E08371,C0578,23401.73,CHECKOUT_ABANDONED,Bank_A,E17,P020,WALLET
E08372,C0644,10073.82,SUBSCRIPTION_FAILED,Bank_C,E42,P007,UPI
E08373,C0274,22668.15,INVOICE_OVERDUE,Bank_D,E11,P019,NETBANKING
E08374,C0035,16486.73,SUBSCRIPTION_FAILED,Bank_A,E23,P010,WALLET
E08375,C0173,2419.85,INVOICE_OVERDUE,Bank_C,E11,P010,WALLET
E08376,C0788,2315.98,PAYMENT_FAILED,Bank_A,E42,P019,UPI
E08377,C0251,5777.79,INVOICE_OVERDUE,Bank_A,E42,P019,WALLET
E08378,C0286,24957.04,SUBSCRIPTION_FAILED,Bank_C,E42,P002,WALLET
E08379,C0637,14376.36,SUBSCRIPTION_FAILED,Bank_C,E23,P017,NETBANKING
E08380,C0758,15339.91,CHECKOUT_ABANDONED,Bank_B,E17,P019,NETBANKING
E08381,C0584,11518.3,INVOICE_OVERDUE,Bank_B,E17,P009,CARD
E08382,C0558,22780.3,INVOICE_OVERDUE,Bank_B,E23,P013,UPI
E08383,C0678,3777.25,PAYMENT_FAILED,Bank_C,E17,P003,CARD
E08384,C0331,23944.05,SUBSCRIPTION_FAILED,Bank_B,E42,P013,WALLET
E08385,C0509,22443.42,SUBSCRIPTION_FAILED,Bank_A,E17,P005,UPI
E08386,C0135,7995.38,CHECKOUT_ABANDONED,Bank_D,E42,P014,UPI
E08387,C0030,13266.76,INVOICE_OVERDUE,Bank_A,E11,P003,WALLET
E08388,C0596,6007.24,CHECKOUT_ABANDONED,Bank_D,E42,P020,UPI
E08389,C0016,12847.82,CHECKOUT_ABANDONED,Bank_A,E42,P013,UPI
E08390,C0344,4346.03,CHECKOUT_ABANDONED,Bank_A,E42,P018,NETBANKING
E08391,C0382,20348.47,CHECKOUT_ABANDONED,Bank_A,E11,P009,UPI
E08392,C0288,24665.83,SUBSCRIPTION_FAILED,Bank_B,E11,P007,CARD
E08393,C0561,2281.45,CHECKOUT_ABANDONED,Bank_B,E42,P018,NETBANKING
E08394,C0898,13678.74,INVOICE_OVERDUE,Bank_B,E11,P011,WALLET
E08395,C0287,21617.1,SUBSCRIPTION_FAILED,Bank_B,E23,P017,NETBANKING
E08396,C0316,4019.39,INVOICE_OVERDUE,Bank_D,E11,P004,NETBANKING
E08397,C0013,9169.48,PAYMENT_FAILED,Bank_A,E17,P020,NETBANKING
E08398,C0229,4080.99,INVOICE_OVERDUE,Bank_B,E23,P012,NETBANKING
E08399,C0447,9494.41,INVOICE_OVERDUE,Bank_A,E42,P017,CARD
E08400,C0663,16416.55,CHECKOUT_ABANDONED,Bank_D,E42,P017,CARD
E08401,C0963,8884.85,SUBSCRIPTION_FAILED,Bank_A,E42,P010,NETBANKING
E08402,C0650,22738.74,INVOICE_OVERDUE,Bank_A,E42,P009,WALLET
E08403,C0611,18527.25,CHECKOUT_ABANDONED,Bank_A,E42,P014,NETBANKING
E08404,C0336,17269.16,SUBSCRIPTION_FAILED,Bank_D,E23,P020,UPI
E08405,C0861,15729.49,CHECKOUT_ABANDONED,Bank_D,E23,P005,UPI
E08406,C0346,9051.66,SUBSCRIPTION_FAILED,Bank_B,E23,P009,NETBANKING
E08407,C0736,22257.47,PAYMENT_FAILED,Bank_A,E42,P003,UPI
E08408,C0226,14749.88,PAYMENT_FAILED,Bank_C,E17,P010,CARD
E08409,C0003,1835.74,CHECKOUT_ABANDONED,Bank_A,E42,P005,CARD
E08410,C0593,8896.38,INVOICE_OVERDUE,Bank_C,E11,P016,WALLET
E08411,C0686,15096.28,SUBSCRIPTION_FAILED,Bank_A,E17,P007,NETBANKING
E08412,C0117,10780.96,CHECKOUT_ABANDONED,Bank_A,E11,P006,UPI
E08413,C0896,15846.48,CHECKOUT_ABANDONED,Bank_A,E17,P001,NETBANKING
E08414,C0835,7235.6,SUBSCRIPTION_FAILED,Bank_C,E17,P011,UPI
E08415,C0972,6701.25,INVOICE_OVERDUE,Bank_A,E23,P015,UPI
E08416,C0781,3984.2,PAYMENT_FAILED,Bank_A,E11,P012,WALLET
E08417,C0171,1580.05,CHECKOUT_ABANDONED,Bank_A,E23,P002,CARD
E08418,C0446,10889.82,INVOICE_OVERDUE,Bank_C,E23,P005,CARD
E08419,C0156,12828.38,CHECKOUT_ABANDONED,Bank_C,E23,P010,NETBANKING
E08420,C0657,2611.16,PAYMENT_FAILED,Bank_C,E42,P019,NETBANKING
E08421,C0209,23952.52,CHECKOUT_ABANDONED,Bank_A,E42,P015,UPI
E08422,C0127,23533.99,CHECKOUT_ABANDONED,Bank_A,E42,P014,WALLET
E08423,C0121,15157.07,INVOICE_OVERDUE,Bank_B,E11,P002,NETBANKING
E08424,C0819,2993.69,PAYMENT_FAILED,Bank_D,E42,P017,CARD
E08425,C0201,22912.77,INVOICE_OVERDUE,Bank_B,E23,P003,NETBANKING
E08426,C0569,14406.65,PAYMENT_FAILED,Bank_A,E17,P020,UPI
E08427,C0905,13326.41,SUBSCRIPTION_FAILED,Bank_A,E42,P019,NETBANKING
E08428,C0038,17928.1,SUBSCRIPTION_FAILED,Bank_C,E42,P008,UPI
E08429,C0573,8291.46,CHECKOUT_ABANDONED,Bank_D,E42,P017,UPI
E08430,C0375,9968.33,INVOICE_OVERDUE,Bank_B,E42,P012,WALLET
E08431,C0648,14861.94,CHECKOUT_ABANDONED,Bank_D,E42,P019,CARD
E08432,C0921,6223.23,SUBSCRIPTION_FAILED,Bank_C,E11,P015,NETBANKING
E08433,C0531,17462.9,CHECKOUT_ABANDONED,Bank_B,E42,P010,UPI
E08434,C0584,7870.18,CHECKOUT_ABANDONED,Bank_A,E17,P013,WALLET
E08435,C0340,7335.37,CHECKOUT_ABANDONED,Bank_D,E17,P012,UPI
E08436,C0602,6589.25,INVOICE_OVERDUE,Bank_C,E11,P018,CARD
E08437,C0939,10845.37,INVOICE_OVERDUE,Bank_D,E17,P008,UPI
E08438,C0455,12367.59,PAYMENT_FAILED,Bank_C,E17,P012,UPI
E08439,C0356,4491.78,PAYMENT_FAILED,Bank_D,E42,P008,UPI
E08440,C0903,15071.76,INVOICE_OVERDUE,Bank_A,E42,P004,NETBANKING
E08441,C0553,12541.22,SUBSCRIPTION_FAILED,Bank_B,E17,P005,CARD
E08442,C0237,2850.7,PAYMENT_FAILED,Bank_B,E17,P017,NETBANKING
E08443,C0554,3315.39,CHECKOUT_ABANDONED,Bank_D,E11,P003,UPI
E08444,C0902,20017.47,INVOICE_OVERDUE,Bank_A,E17,P004,NETBANKING
E08445,C0867,7378.03,SUBSCRIPTION_FAILED,Bank_C,E11,P002,CARD
E08446,C0655,3710.92,INVOICE_OVERDUE,Bank_C,E23,P011,UPI
E08447,C0173,23667.05,CHECKOUT_ABANDONED,Bank_A,E42,P007,NETBANKING
E08448,C0068,8488.33,CHECKOUT_ABANDONED,Bank_A,E42,P013,NETBANKING
E08449,C0960,13698.02,INVOICE_OVERDUE,Bank_A,E42,P016,NETBANKING
E08450,C0793,10539.24,PAYMENT_FAILED,Bank_B,E11,P002,CARD
E08451,C0776,15354.36,INVOICE_OVERDUE,Bank_A,E11,P018,UPI
E08452,C0844,22564.63,PAYMENT_FAILED,Bank_A,E42,P003,CARD
E08453,C0573,20795.47,SUBSCRIPTION_FAILED,Bank_A,E42,P014,WALLET
E08454,C0776,18824.77,SUBSCRIPTION_FAILED,Bank_A,E23,P013,NETBANKING
E08455,C0003,22682.34,SUBSCRIPTION_FAILED,Bank_B,E23,P012,WALLET
E08456,C0621,2567.43,INVOICE_OVERDUE,Bank_A,E11,P001,UPI
E08457,C0951,24562.51,SUBSCRIPTION_FAILED,Bank_B,E11,P020,WALLET
E08458,C0570,16218.62,PAYMENT_FAILED,Bank_C,E11,P008,WALLET
E08459,C0243,16915.58,SUBSCRIPTION_FAILED,Bank_A,E11,P003,WALLET
E08460,C0323,8851.77,INVOICE_OVERDUE,Bank_D,E23,P003,CARD
E08461,C0056,19646.29,PAYMENT_FAILED,Bank_A,E42,P015,WALLET
E08462,C0474,5975.58,PAYMENT_FAILED,Bank_D,E42,P007,WALLET
E08463,C0780,9897.55,SUBSCRIPTION_FAILED,Bank_B,E17,P011,UPI
E08464,C0993,4409.41,INVOICE_OVERDUE,Bank_B,E11,P012,WALLET
E08465,C0652,15365.53,SUBSCRIPTION_FAILED,Bank_B,E23,P017,UPI
E08466,C0576,9079.19,CHECKOUT_ABANDONED,Bank_A,E42,P009,UPI
E08467,C0711,23760.05,CHECKOUT_ABANDONED,Bank_D,E42,P008,CARD
E08468,C0347,21142.93,INVOICE_OVERDUE,Bank_B,E23,P007,WALLET
E08469,C0159,16551.97,INVOICE_OVERDUE,Bank_A,E23,P001,UPI
E08470,C0812,3897.52,CHECKOUT_ABANDONED,Bank_A,E23,P014,CARD
E08471,C0151,10980.67,SUBSCRIPTION_FAILED,Bank_A,E42,P011,WALLET
E08472,C0675,17439.76,CHECKOUT_ABANDONED,Bank_B,E17,P012,UPI
E08473,C0643,8856.62,CHECKOUT_ABANDONED,Bank_C,E23,P008,WALLET
E08474,C0316,11108.39,INVOICE_OVERDUE,Bank_B,E17,P004,UPI
E08475,C0819,8953.79,INVOICE_OVERDUE,Bank_A,E17,P020,CARD
E08476,C0775,22192.78,SUBSCRIPTION_FAILED,Bank_A,E17,P015,UPI
E08477,C0893,24007.19,CHECKOUT_ABANDONED,Bank_A,E42,P002,UPI
E08478,C0311,22037.46,PAYMENT_FAILED,Bank_B,E42,P001,CARD
E08479,C0764,14788.37,CHECKOUT_ABANDONED,Bank_B,E23,P018,CARD
E08480,C0222,13957.21,PAYMENT_FAILED,Bank_B,E23,P006,CARD
E08481,C0376,19922.6,SUBSCRIPTION_FAILED,Bank_A,E42,P002,CARD
E08482,C0638,16797.53,CHECKOUT_ABANDONED,Bank_A,E42,P009,CARD
E08483,C0148,4989.3,PAYMENT_FAILED,Bank_D,E42,P020,NETBANKING
E08484,C0644,6448.56,INVOICE_OVERDUE,Bank_C,E42,P001,NETBANKING
E08485,C0393,2440.82,INVOICE_OVERDUE,Bank_A,E42,P010,WALLET
E08486,C0030,8621.41,INVOICE_OVERDUE,Bank_C,E23,P018,WALLET
E08487,C0367,15041.78,PAYMENT_FAILED,Bank_A,E42,P013,NETBANKING
E08488,C0957,17301.7,PAYMENT_FAILED,Bank_C,E11,P007,CARD
E08489,C0297,8048.04,SUBSCRIPTION_FAILED,Bank_A,E42,P008,UPI
E08490,C0903,1257.88,CHECKOUT_ABANDONED,Bank_C,E11,P011,NETBANKING
E08491,C0423,761.27,CHECKOUT_ABANDONED,Bank_A,E17,P008,WALLET
E08492,C0576,8194.92,INVOICE_OVERDUE,Bank_A,E11,P016,WALLET
E08493,C0331,8944.81,INVOICE_OVERDUE,Bank_A,E42,P003,UPI
E08494,C0350,1041.51,CHECKOUT_ABANDONED,Bank_D,E17,P002,UPI
E08495,C0286,10437.41,PAYMENT_FAILED,Bank_B,E42,P002,WALLET
E08496,C0431,12249.94,CHECKOUT_ABANDONED,Bank_A,E17,P017,CARD
E08497,C0419,1770.95,CHECKOUT_ABANDONED,Bank_C,E23,P011,NETBANKING
E08498,C0620,12467.47,SUBSCRIPTION_FAILED,Bank_B,E23,P008,CARD
E08499,C0126,14045.01,PAYMENT_FAILED,Bank_D,E17,P019,CARD
E08500,C0587,14118.29,PAYMENT_FAILED,Bank_D,E23,P010,UPI
E08501,C0852,6490.84,INVOICE_OVERDUE,Bank_A,E42,P011,UPI
E08502,C0206,24933.8,SUBSCRIPTION_FAILED,Bank_D,E11,P013,CARD
E08503,C0645,23050.83,INVOICE_OVERDUE,Bank_A,E17,P013,WALLET
E08504,C0618,15321.59,SUBSCRIPTION_FAILED,Bank_B,E17,P007,NETBANKING
E08505,C0275,13224.59,INVOICE_OVERDUE,Bank_C,E11,P005,CARD
E08506,C0499,2093.78,PAYMENT_FAILED,Bank_C,E23,P013,UPI
E08507,C0977,23287.18,CHECKOUT_ABANDONED,Bank_A,E42,P017,WALLET
E08508,C0896,18168.17,INVOICE_OVERDUE,Bank_C,E11,P003,UPI
E08509,C0172,20088.44,INVOICE_OVERDUE,Bank_D,E42,P008,NETBANKING
E08510,C0087,22349.21,CHECKOUT_ABANDONED,Bank_A,E42,P005,UPI
E08511,C0222,13273.26,PAYMENT_FAILED,Bank_C,E42,P009,UPI
E08512,C0874,19464.05,PAYMENT_FAILED,Bank_B,E42,P002,NETBANKING
E08513,C0008,8120.56,CHECKOUT_ABANDONED,Bank_B,E11,P005,WALLET
E08514,C0882,16916.33,CHECKOUT_ABANDONED,Bank_B,E42,P015,UPI
E08515,C0202,6587.94,INVOICE_OVERDUE,Bank_B,E11,P003,CARD
E08516,C0321,20719.25,PAYMENT_FAILED,Bank_B,E11,P003,WALLET
E08517,C0303,24356.43,CHECKOUT_ABANDONED,Bank_C,E17,P004,NETBANKING
E08518,C0265,14683.76,INVOICE_OVERDUE,Bank_C,E11,P020,UPI
E08519,C0204,2463.8,PAYMENT_FAILED,Bank_A,E11,P002,UPI
E08520,C0862,15041.92,INVOICE_OVERDUE,Bank_D,E17,P008,CARD
E08521,C0364,7416.41,CHECKOUT_ABANDONED,Bank_B,E23,P018,UPI
E08522,C0448,15591.64,CHECKOUT_ABANDONED,Bank_C,E17,P001,UPI
E08523,C0574,12965.56,INVOICE_OVERDUE,Bank_A,E17,P006,UPI
E08524,C0318,772.95,PAYMENT_FAILED,Bank_C,E42,P012,CARD
E08525,C0108,9830.39,CHECKOUT_ABANDONED,Bank_B,E17,P018,UPI
E08526,C0600,22866.59,SUBSCRIPTION_FAILED,Bank_B,E42,P004,NETBANKING
E08527,C0471,22001.32,CHECKOUT_ABANDONED,Bank_C,E11,P010,NETBANKING
E08528,C0214,12589.64,SUBSCRIPTION_FAILED,Bank_B,E23,P007,UPI
E08529,C0534,20347.84,PAYMENT_FAILED,Bank_A,E42,P018,CARD
E08530,C0149,15526.56,PAYMENT_FAILED,Bank_C,E42,P013,NETBANKING
E08531,C0825,12954.99,SUBSCRIPTION_FAILED,Bank_D,E17,P018,UPI
E08532,C0432,4594.32,SUBSCRIPTION_FAILED,Bank_D,E11,P004,CARD
E08533,C0429,4764.26,SUBSCRIPTION_FAILED,Bank_C,E42,P007,CARD
E08534,C0999,17340.4,INVOICE_OVERDUE,Bank_A,E42,P003,UPI
E08535,C0302,3830.96,CHECKOUT_ABANDONED,Bank_C,E11,P005,WALLET
E08536,C0024,18568.72,PAYMENT_FAILED,Bank_A,E42,P016,NETBANKING
E08537,C0983,14704.46,PAYMENT_FAILED,Bank_B,E42,P008,NETBANKING
E08538,C0282,15301.85,PAYMENT_FAILED,Bank_A,E17,P011,CARD
E08539,C0032,945.71,SUBSCRIPTION_FAILED,Bank_C,E11,P009,UPI
E08540,C0816,18779.67,CHECKOUT_ABANDONED,Bank_B,E23,P011,CARD
E08541,C0193,6948.9,CHECKOUT_ABANDONED,Bank_B,E23,P009,WALLET
E08542,C0960,789.31,CHECKOUT_ABANDONED,Bank_B,E11,P013,UPI
E08543,C0400,23280.19,PAYMENT_FAILED,Bank_C,E42,P020,UPI
E08544,C0688,9049.04,CHECKOUT_ABANDONED,Bank_C,E17,P010,UPI
E08545,C0350,20540.1,CHECKOUT_ABANDONED,Bank_D,E17,P020,CARD
E08546,C0766,16086.8,INVOICE_OVERDUE,Bank_B,E23,P014,CARD
E08547,C0974,18794.9,CHECKOUT_ABANDONED,Bank_B,E23,P015,NETBANKING
E08548,C0330,2308.47,CHECKOUT_ABANDONED,Bank_B,E42,P014,NETBANKING
E08549,C0167,24749.64,INVOICE_OVERDUE,Bank_A,E42,P003,NETBANKING
E08550,C0552,12429.03,CHECKOUT_ABANDONED,Bank_B,E42,P015,WALLET
E08551,C0697,13874.61,CHECKOUT_ABANDONED,Bank_D,E17,P020,CARD
E08552,C0938,16170.18,SUBSCRIPTION_FAILED,Bank_C,E42,P002,WALLET
E08553,C0039,663.87,SUBSCRIPTION_FAILED,Bank_C,E23,P016,WALLET
E08554,C0865,3397.94,INVOICE_OVERDUE,Bank_D,E17,P008,CARD
E08555,C0163,16133.82,SUBSCRIPTION_FAILED,Bank_A,E42,P014,NETBANKING
E08556,C0565,4343.95,PAYMENT_FAILED,Bank_A,E23,P007,UPI
E08557,C0886,19639.76,PAYMENT_FAILED,Bank_C,E17,P017,UPI
E08558,C0901,14559.48,SUBSCRIPTION_FAILED,Bank_A,E42,P009,NETBANKING
E08559,C0909,18173.4,CHECKOUT_ABANDONED,Bank_A,E42,P002,CARD
E08560,C0636,21966.64,CHECKOUT_ABANDONED,Bank_C,E17,P008,WALLET
E08561,C0085,22974.7,SUBSCRIPTION_FAILED,Bank_A,E17,P011,NETBANKING
E08562,C0684,14122.69,SUBSCRIPTION_FAILED,Bank_A,E42,P015,NETBANKING
E08563,C0997,6768.12,PAYMENT_FAILED,Bank_A,E23,P006,CARD
E08564,C0358,10721.55,PAYMENT_FAILED,Bank_A,E42,P010,UPI
E08565,C0059,16726.94,INVOICE_OVERDUE,Bank_A,E42,P014,CARD
E08566,C0446,24661.53,SUBSCRIPTION_FAILED,Bank_B,E42,P013,CARD
E08567,C0606,9866.82,INVOICE_OVERDUE,Bank_B,E11,P019,NETBANKING
E08568,C0682,6597.11,SUBSCRIPTION_FAILED,Bank_A,E42,P018,WALLET
E08569,C0726,6032.81,PAYMENT_FAILED,Bank_A,E42,P013,UPI
E08570,C0856,23869.5,INVOICE_OVERDUE,Bank_A,E42,P018,NETBANKING
E08571,C0054,8731.62,INVOICE_OVERDUE,Bank_C,E11,P019,CARD
E08572,C0609,22942.11,INVOICE_OVERDUE,Bank_A,E42,P009,CARD
E08573,C0821,11462.46,CHECKOUT_ABANDONED,Bank_C,E23,P009,NETBANKING
E08574,C0523,4195.13,CHECKOUT_ABANDONED,Bank_C,E23,P020,WALLET
E08575,C0733,14280.26,INVOICE_OVERDUE,Bank_C,E23,P005,CARD
E08576,C0228,16800.86,PAYMENT_FAILED,Bank_D,E42,P007,NETBANKING
E08577,C0203,2842.22,INVOICE_OVERDUE,Bank_A,E11,P016,UPI
E08578,C0392,713.41,CHECKOUT_ABANDONED,Bank_A,E42,P019,NETBANKING
E08579,C0666,1348.53,PAYMENT_FAILED,Bank_A,E42,P002,NETBANKING
E08580,C0050,8732.98,PAYMENT_FAILED,Bank_B,E42,P001,CARD
E08581,C0444,20317.37,CHECKOUT_ABANDONED,Bank_B,E42,P020,NETBANKING
E08582,C0801,22226.59,CHECKOUT_ABANDONED,Bank_C,E11,P006,NETBANKING
E08583,C0916,22164.28,SUBSCRIPTION_FAILED,Bank_D,E17,P012,CARD
E08584,C0538,6213.11,CHECKOUT_ABANDONED,Bank_B,E11,P019,CARD
E08585,C0480,6129.12,PAYMENT_FAILED,Bank_B,E23,P016,NETBANKING
E08586,C0770,8620.41,CHECKOUT_ABANDONED,Bank_A,E42,P009,UPI
E08587,C0908,5677.0,CHECKOUT_ABANDONED,Bank_A,E17,P012,WALLET
E08588,C0372,7805.67,SUBSCRIPTION_FAILED,Bank_C,E23,P006,NETBANKING
E08589,C0762,15306.24,SUBSCRIPTION_FAILED,Bank_D,E42,P016,UPI
E08590,C0217,5359.82,PAYMENT_FAILED,Bank_D,E11,P004,NETBANKING
E08591,C0506,12398.86,INVOICE_OVERDUE,Bank_B,E17,P013,NETBANKING
E08592,C0384,16430.93,SUBSCRIPTION_FAILED,Bank_A,E11,P017,CARD
E08593,C0664,18197.65,INVOICE_OVERDUE,Bank_B,E17,P004,WALLET
E08594,C0744,17024.09,SUBSCRIPTION_FAILED,Bank_C,E42,P001,WALLET
E08595,C0547,8912.16,PAYMENT_FAILED,Bank_B,E42,P002,WALLET
E08596,C0336,19104.27,PAYMENT_FAILED,Bank_A,E42,P009,CARD
E08597,C0800,21754.06,PAYMENT_FAILED,Bank_A,E23,P006,NETBANKING
E08598,C0174,8823.87,SUBSCRIPTION_FAILED,Bank_A,E11,P008,UPI
E08599,C0366,2743.71,INVOICE_OVERDUE,Bank_A,E42,P002,NETBANKING
E08600,C0110,4850.57,SUBSCRIPTION_FAILED,Bank_A,E17,P015,UPI
E08601,C0525,9803.74,PAYMENT_FAILED,Bank_A,E42,P017,WALLET
E08602,C0189,19919.8,CHECKOUT_ABANDONED,Bank_B,E11,P001,NETBANKING
E08603,C0158,3392.65,CHECKOUT_ABANDONED,Bank_A,E17,P011,NETBANKING
E08604,C0227,18270.69,PAYMENT_FAILED,Bank_B,E42,P006,WALLET
E08605,C0172,2331.18,PAYMENT_FAILED,Bank_D,E42,P016,WALLET
E08606,C0479,13729.38,PAYMENT_FAILED,Bank_A,E11,P003,UPI
E08607,C0316,3954.75,INVOICE_OVERDUE,Bank_C,E42,P001,WALLET
E08608,C0306,17105.0,CHECKOUT_ABANDONED,Bank_C,E11,P019,CARD
E08609,C0662,11612.89,SUBSCRIPTION_FAILED,Bank_B,E17,P005,CARD
E08610,C0575,2530.28,SUBSCRIPTION_FAILED,Bank_A,E42,P006,WALLET
E08611,C0814,1049.59,INVOICE_OVERDUE,Bank_A,E42,P002,UPI
E08612,C0719,16938.96,CHECKOUT_ABANDONED,Bank_B,E11,P004,UPI
E08613,C0656,9685.37,CHECKOUT_ABANDONED,Bank_C,E11,P009,NETBANKING
E08614,C0187,15313.33,SUBSCRIPTION_FAILED,Bank_D,E23,P011,CARD
E08615,C0162,11560.67,SUBSCRIPTION_FAILED,Bank_D,E42,P020,CARD
E08616,C0989,20754.42,CHECKOUT_ABANDONED,Bank_C,E17,P002,NETBANKING
E08617,C0992,6014.77,INVOICE_OVERDUE,Bank_C,E11,P018,WALLET
E08618,C0745,5455.8,CHECKOUT_ABANDONED,Bank_C,E17,P004,WALLET
E08619,C0760,7390.43,CHECKOUT_ABANDONED,Bank_A,E42,P001,WALLET
E08620,C0730,24250.45,INVOICE_OVERDUE,Bank_A,E23,P013,WALLET
E08621,C0980,836.15,PAYMENT_FAILED,Bank_A,E42,P011,UPI
E08622,C0436,20107.1,SUBSCRIPTION_FAILED,Bank_A,E42,P007,UPI
E08623,C0049,20680.82,CHECKOUT_ABANDONED,Bank_A,E42,P007,WALLET
E08624,C0081,18068.51,CHECKOUT_ABANDONED,Bank_C,E11,P013,WALLET
E08625,C0849,19309.81,INVOICE_OVERDUE,Bank_C,E42,P001,NETBANKING
E08626,C0127,5016.94,CHECKOUT_ABANDONED,Bank_A,E42,P019,CARD
E08627,C0190,11787.7,SUBSCRIPTION_FAILED,Bank_A,E23,P007,NETBANKING
E08628,C0567,12484.28,INVOICE_OVERDUE,Bank_A,E17,P019,WALLET
E08629,C0866,7226.79,SUBSCRIPTION_FAILED,Bank_B,E42,P017,CARD
E08630,C0771,21383.06,CHECKOUT_ABANDONED,Bank_A,E42,P001,UPI
E08631,C0251,7030.85,PAYMENT_FAILED,Bank_B,E11,P007,NETBANKING
E08632,C0544,22225.49,SUBSCRIPTION_FAILED,Bank_C,E23,P001,NETBANKING
E08633,C0577,19208.28,PAYMENT_FAILED,Bank_C,E17,P018,CARD
E08634,C0516,7272.88,CHECKOUT_ABANDONED,Bank_A,E23,P014,CARD
E08635,C0476,5330.03,PAYMENT_FAILED,Bank_D,E11,P016,CARD
E08636,C0652,8127.71,SUBSCRIPTION_FAILED,Bank_D,E23,P007,NETBANKING
E08637,C0055,6293.8,CHECKOUT_ABANDONED,Bank_A,E42,P003,NETBANKING
E08638,C0846,16059.32,SUBSCRIPTION_FAILED,Bank_D,E11,P019,UPI
E08639,C0934,22933.23,CHECKOUT_ABANDONED,Bank_A,E42,P020,NETBANKING
E08640,C0118,21967.88,INVOICE_OVERDUE,Bank_A,E23,P007,CARD
E08641,C0641,9584.17,CHECKOUT_ABANDONED,Bank_C,E17,P009,WALLET
E08642,C0334,15807.32,PAYMENT_FAILED,Bank_D,E11,P007,WALLET
E08643,C0538,24685.07,INVOICE_OVERDUE,Bank_C,E23,P011,NETBANKING
E08644,C0814,22370.51,INVOICE_OVERDUE,Bank_A,E42,P002,UPI
E08645,C0188,18742.89,PAYMENT_FAILED,Bank_A,E42,P016,WALLET
E08646,C0731,2175.85,PAYMENT_FAILED,Bank_C,E42,P008,CARD
E08647,C0523,6572.32,INVOICE_OVERDUE,Bank_C,E42,P014,NETBANKING
E08648,C0554,19500.91,PAYMENT_FAILED,Bank_A,E42,P018,WALLET
E08649,C0457,5008.08,PAYMENT_FAILED,Bank_D,E17,P016,UPI
E08650,C0443,10001.42,CHECKOUT_ABANDONED,Bank_D,E42,P001,WALLET
E08651,C0803,11976.22,PAYMENT_FAILED,Bank_B,E11,P005,WALLET
E08652,C0694,17879.0,PAYMENT_FAILED,Bank_B,E23,P011,CARD
E08653,C0237,24401.83,INVOICE_OVERDUE,Bank_A,E42,P001,NETBANKING
E08654,C0861,22947.32,SUBSCRIPTION_FAILED,Bank_B,E23,P017,WALLET
E08655,C0731,18553.72,PAYMENT_FAILED,Bank_B,E17,P003,WALLET
E08656,C0054,8793.72,CHECKOUT_ABANDONED,Bank_D,E17,P016,UPI
E08657,C0320,15585.96,CHECKOUT_ABANDONED,Bank_B,E23,P001,CARD
E08658,C0074,7530.91,PAYMENT_FAILED,Bank_B,E23,P002,UPI
E08659,C0210,8201.11,SUBSCRIPTION_FAILED,Bank_D,E23,P014,NETBANKING
E08660,C0621,12945.62,CHECKOUT_ABANDONED,Bank_A,E23,P018,NETBANKING
E08661,C0280,22857.51,PAYMENT_FAILED,Bank_B,E17,P012,WALLET
E08662,C0541,14573.64,CHECKOUT_ABANDONED,Bank_C,E23,P001,WALLET
E08663,C0196,23767.86,PAYMENT_FAILED,Bank_B,E11,P014,NETBANKING
E08664,C0646,18208.12,SUBSCRIPTION_FAILED,Bank_A,E42,P008,UPI
E08665,C0428,3670.91,CHECKOUT_ABANDONED,Bank_A,E23,P011,CARD
E08666,C0007,19082.15,CHECKOUT_ABANDONED,Bank_B,E42,P020,NETBANKING
E08667,C0520,10926.11,INVOICE_OVERDUE,Bank_D,E17,P003,NETBANKING
E08668,C0980,1143.43,SUBSCRIPTION_FAILED,Bank_B,E23,P019,NETBANKING
E08669,C0579,21740.4,SUBSCRIPTION_FAILED,Bank_D,E17,P016,WALLET
E08670,C0313,23034.77,CHECKOUT_ABANDONED,Bank_B,E23,P012,WALLET
E08671,C0076,18427.59,SUBSCRIPTION_FAILED,Bank_D,E23,P002,WALLET
E08672,C0505,6433.34,PAYMENT_FAILED,Bank_B,E42,P020,NETBANKING
E08673,C0638,6463.57,SUBSCRIPTION_FAILED,Bank_A,E23,P006,UPI
E08674,C0314,16860.11,PAYMENT_FAILED,Bank_D,E11,P008,NETBANKING
E08675,C0426,24605.76,SUBSCRIPTION_FAILED,Bank_A,E42,P020,NETBANKING
E08676,C0617,17978.9,CHECKOUT_ABANDONED,Bank_A,E42,P001,WALLET
E08677,C0934,23469.26,INVOICE_OVERDUE,Bank_A,E42,P009,UPI
E08678,C0970,21444.1,PAYMENT_FAILED,Bank_D,E42,P016,WALLET
E08679,C0573,13746.66,CHECKOUT_ABANDONED,Bank_C,E17,P007,NETBANKING
E08680,C0599,1887.45,PAYMENT_FAILED,Bank_C,E11,P003,CARD
E08681,C0028,2039.47,INVOICE_OVERDUE,Bank_C,E23,P011,WALLET
E08682,C0913,21773.17,INVOICE_OVERDUE,Bank_A,E17,P002,WALLET
E08683,C0184,21648.71,PAYMENT_FAILED,Bank_A,E42,P019,CARD
E08684,C0909,6914.67,SUBSCRIPTION_FAILED,Bank_C,E17,P011,NETBANKING
E08685,C0995,20075.64,SUBSCRIPTION_FAILED,Bank_C,E42,P001,WALLET
E08686,C0632,16395.52,PAYMENT_FAILED,Bank_A,E42,P011,WALLET
E08687,C0892,13733.91,CHECKOUT_ABANDONED,Bank_A,E42,P017,UPI
E08688,C0454,18945.44,INVOICE_OVERDUE,Bank_B,E23,P006,UPI
E08689,C0219,17736.23,PAYMENT_FAILED,Bank_D,E23,P019,UPI
E08690,C0113,7895.89,PAYMENT_FAILED,Bank_D,E17,P011,CARD
E08691,C0566,17747.14,SUBSCRIPTION_FAILED,Bank_C,E23,P011,CARD
E08692,C0513,16634.09,INVOICE_OVERDUE,Bank_A,E17,P020,NETBANKING
E08693,C0512,11866.71,SUBSCRIPTION_FAILED,Bank_A,E23,P020,NETBANKING
E08694,C0703,19378.78,INVOICE_OVERDUE,Bank_C,E23,P014,NETBANKING
E08695,C0996,12014.78,SUBSCRIPTION_FAILED,Bank_D,E11,P010,WALLET
E08696,C0104,19313.92,PAYMENT_FAILED,Bank_D,E23,P012,UPI
E08697,C0926,13367.74,CHECKOUT_ABANDONED,Bank_A,E42,P015,CARD
E08698,C0549,14178.69,INVOICE_OVERDUE,Bank_D,E23,P002,CARD
E08699,C0451,23063.08,INVOICE_OVERDUE,Bank_B,E23,P010,NETBANKING
E08700,C0252,14684.77,INVOICE_OVERDUE,Bank_D,E11,P015,NETBANKING
E08701,C0289,24296.8,PAYMENT_FAILED,Bank_A,E42,P013,CARD
E08702,C0383,22994.05,INVOICE_OVERDUE,Bank_A,E11,P017,CARD
E08703,C0445,4167.04,PAYMENT_FAILED,Bank_A,E42,P010,NETBANKING
E08704,C0513,4183.96,SUBSCRIPTION_FAILED,Bank_A,E17,P016,NETBANKING
E08705,C0884,3009.2,PAYMENT_FAILED,Bank_B,E42,P013,WALLET
E08706,C0447,734.93,PAYMENT_FAILED,Bank_D,E23,P017,CARD
E08707,C0038,24259.7,PAYMENT_FAILED,Bank_C,E23,P002,WALLET
E08708,C0502,10708.27,INVOICE_OVERDUE,Bank_A,E11,P012,NETBANKING
E08709,C0195,11721.56,SUBSCRIPTION_FAILED,Bank_A,E11,P004,CARD
E08710,C0880,20509.52,INVOICE_OVERDUE,Bank_B,E11,P020,UPI
E08711,C0411,5304.32,CHECKOUT_ABANDONED,Bank_D,E17,P008,UPI
E08712,C0802,653.22,CHECKOUT_ABANDONED,Bank_A,E23,P015,WALLET
E08713,C0350,13436.91,CHECKOUT_ABANDONED,Bank_A,E23,P001,CARD
E08714,C0295,13680.71,CHECKOUT_ABANDONED,Bank_A,E23,P010,CARD
E08715,C0099,14792.54,SUBSCRIPTION_FAILED,Bank_C,E11,P007,UPI
E08716,C0723,12954.78,PAYMENT_FAILED,Bank_C,E23,P007,NETBANKING
E08717,C0544,23581.79,SUBSCRIPTION_FAILED,Bank_A,E42,P004,CARD
E08718,C0552,16675.22,CHECKOUT_ABANDONED,Bank_A,E11,P004,NETBANKING
E08719,C0308,4492.41,CHECKOUT_ABANDONED,Bank_A,E11,P010,NETBANKING
E08720,C0480,3391.85,INVOICE_OVERDUE,Bank_A,E23,P005,UPI
E08721,C0620,21627.89,CHECKOUT_ABANDONED,Bank_D,E11,P007,WALLET
E08722,C0425,20340.7,SUBSCRIPTION_FAILED,Bank_B,E23,P001,UPI
E08723,C0026,21729.22,SUBSCRIPTION_FAILED,Bank_D,E17,P014,UPI
E08724,C0544,528.7,CHECKOUT_ABANDONED,Bank_A,E11,P018,WALLET
E08725,C0068,6926.4,CHECKOUT_ABANDONED,Bank_A,E11,P012,WALLET
E08726,C0302,7731.63,CHECKOUT_ABANDONED,Bank_C,E17,P018,WALLET
E08727,C0522,12990.41,PAYMENT_FAILED,Bank_D,E42,P002,UPI
E08728,C0487,17409.05,SUBSCRIPTION_FAILED,Bank_A,E42,P013,UPI
E08729,C0188,7629.57,SUBSCRIPTION_FAILED,Bank_A,E23,P009,UPI
E08730,C0818,17288.16,PAYMENT_FAILED,Bank_C,E23,P014,NETBANKING
E08731,C0806,13310.23,CHECKOUT_ABANDONED,Bank_D,E42,P014,NETBANKING
E08732,C0708,6665.67,SUBSCRIPTION_FAILED,Bank_D,E11,P013,CARD
E08733,C0189,24254.58,INVOICE_OVERDUE,Bank_A,E23,P013,NETBANKING
E08734,C0050,20203.51,PAYMENT_FAILED,Bank_A,E42,P008,UPI
E08735,C0363,24658.69,SUBSCRIPTION_FAILED,Bank_A,E42,P017,NETBANKING
E08736,C0929,12254.66,CHECKOUT_ABANDONED,Bank_D,E17,P015,UPI
E08737,C0278,11413.35,INVOICE_OVERDUE,Bank_A,E42,P018,WALLET
E08738,C0622,23732.56,PAYMENT_FAILED,Bank_D,E42,P003,NETBANKING
E08739,C0056,16323.24,SUBSCRIPTION_FAILED,Bank_C,E11,P014,UPI
E08740,C0105,3284.51,CHECKOUT_ABANDONED,Bank_A,E42,P014,WALLET
E08741,C0567,10352.53,PAYMENT_FAILED,Bank_C,E17,P002,WALLET
E08742,C0100,21995.22,PAYMENT_FAILED,Bank_A,E42,P011,UPI
E08743,C0933,5331.05,SUBSCRIPTION_FAILED,Bank_D,E17,P020,CARD
E08744,C0154,14503.83,CHECKOUT_ABANDONED,Bank_A,E42,P012,WALLET
E08745,C0334,1502.51,INVOICE_OVERDUE,Bank_B,E11,P010,NETBANKING
E08746,C0041,5284.94,INVOICE_OVERDUE,Bank_B,E42,P016,UPI
E08747,C0522,9170.99,PAYMENT_FAILED,Bank_C,E23,P001,WALLET
E08748,C0064,15784.01,PAYMENT_FAILED,Bank_A,E23,P017,NETBANKING
E08749,C0326,12676.4,SUBSCRIPTION_FAILED,Bank_D,E17,P019,UPI
E08750,C0976,22438.34,SUBSCRIPTION_FAILED,Bank_A,E42,P012,CARD
E08751,C0294,13717.36,CHECKOUT_ABANDONED,Bank_A,E42,P020,CARD
E08752,C0739,10358.17,CHECKOUT_ABANDONED,Bank_A,E23,P005,NETBANKING
E08753,C0165,8751.48,INVOICE_OVERDUE,Bank_B,E11,P017,UPI
E08754,C0395,17374.31,INVOICE_OVERDUE,Bank_A,E17,P014,UPI
E08755,C0727,8398.41,CHECKOUT_ABANDONED,Bank_D,E11,P010,CARD
E08756,C0618,18810.55,INVOICE_OVERDUE,Bank_A,E42,P014,CARD
E08757,C0891,19937.78,PAYMENT_FAILED,Bank_B,E42,P009,UPI
E08758,C0290,4903.94,SUBSCRIPTION_FAILED,Bank_D,E11,P011,WALLET
E08759,C0347,23146.89,CHECKOUT_ABANDONED,Bank_C,E17,P001,WALLET
E08760,C0476,11100.26,CHECKOUT_ABANDONED,Bank_D,E17,P009,WALLET
E08761,C0262,21099.25,INVOICE_OVERDUE,Bank_B,E17,P003,WALLET
E08762,C0007,2616.04,CHECKOUT_ABANDONED,Bank_D,E23,P010,NETBANKING
E08763,C0913,21490.39,INVOICE_OVERDUE,Bank_D,E23,P013,NETBANKING
E08764,C0572,2993.48,CHECKOUT_ABANDONED,Bank_C,E17,P020,WALLET
E08765,C0941,6371.78,PAYMENT_FAILED,Bank_B,E11,P004,NETBANKING
E08766,C0556,7584.22,CHECKOUT_ABANDONED,Bank_C,E42,P020,UPI
E08767,C0729,24726.9,INVOICE_OVERDUE,Bank_C,E42,P010,CARD
E08768,C0240,17884.96,PAYMENT_FAILED,Bank_C,E42,P005,WALLET
E08769,C0224,4247.18,SUBSCRIPTION_FAILED,Bank_A,E42,P005,UPI
E08770,C0379,23853.81,SUBSCRIPTION_FAILED,Bank_A,E42,P014,CARD
E08771,C0400,23154.56,CHECKOUT_ABANDONED,Bank_C,E42,P003,WALLET
E08772,C0958,10488.63,INVOICE_OVERDUE,Bank_A,E42,P018,NETBANKING
E08773,C0285,8258.55,PAYMENT_FAILED,Bank_C,E23,P011,UPI
E08774,C0497,19659.12,PAYMENT_FAILED,Bank_A,E42,P001,UPI
E08775,C0646,8415.69,CHECKOUT_ABANDONED,Bank_B,E17,P009,UPI
E08776,C0318,6003.73,PAYMENT_FAILED,Bank_A,E23,P016,UPI
E08777,C0931,4378.14,CHECKOUT_ABANDONED,Bank_A,E17,P008,UPI
E08778,C0008,18521.46,SUBSCRIPTION_FAILED,Bank_A,E42,P004,WALLET
E08779,C0015,9655.95,INVOICE_OVERDUE,Bank_B,E17,P003,UPI
E08780,C0404,24244.61,INVOICE_OVERDUE,Bank_A,E42,P019,NETBANKING
E08781,C0391,3021.26,CHECKOUT_ABANDONED,Bank_C,E42,P008,NETBANKING
E08782,C0050,5559.13,CHECKOUT_ABANDONED,Bank_A,E23,P012,CARD
E08783,C0426,8557.84,PAYMENT_FAILED,Bank_A,E42,P015,CARD
E08784,C0776,24829.89,INVOICE_OVERDUE,Bank_B,E17,P018,UPI
E08785,C0111,5282.96,SUBSCRIPTION_FAILED,Bank_A,E42,P012,CARD
E08786,C0507,21941.03,SUBSCRIPTION_FAILED,Bank_B,E23,P014,NETBANKING
E08787,C0491,1348.12,INVOICE_OVERDUE,Bank_A,E42,P009,CARD
E08788,C0120,10902.79,INVOICE_OVERDUE,Bank_B,E17,P008,WALLET
E08789,C0957,19587.73,CHECKOUT_ABANDONED,Bank_A,E17,P019,UPI
E08790,C0615,5245.29,CHECKOUT_ABANDONED,Bank_D,E23,P009,WALLET
E08791,C0657,22777.57,PAYMENT_FAILED,Bank_C,E17,P004,UPI
E08792,C0261,1618.92,PAYMENT_FAILED,Bank_A,E11,P016,NETBANKING
E08793,C0848,10606.9,PAYMENT_FAILED,Bank_D,E23,P008,WALLET
E08794,C0212,7517.11,PAYMENT_FAILED,Bank_B,E23,P020,WALLET
E08795,C0049,6748.72,CHECKOUT_ABANDONED,Bank_D,E23,P008,UPI
E08796,C0187,10291.88,INVOICE_OVERDUE,Bank_B,E11,P013,CARD
E08797,C0169,6406.83,PAYMENT_FAILED,Bank_D,E23,P019,UPI
E08798,C0263,5898.23,PAYMENT_FAILED,Bank_D,E11,P008,NETBANKING
E08799,C0053,21567.47,PAYMENT_FAILED,Bank_A,E17,P016,CARD
E08800,C0463,10973.07,PAYMENT_FAILED,Bank_B,E23,P018,NETBANKING
E08801,C0214,14603.67,INVOICE_OVERDUE,Bank_B,E42,P020,NETBANKING
E08802,C0262,3199.14,CHECKOUT_ABANDONED,Bank_B,E17,P018,WALLET
E08803,C0378,16154.67,INVOICE_OVERDUE,Bank_A,E42,P010,CARD
E08804,C0681,5197.67,SUBSCRIPTION_FAILED,Bank_A,E17,P018,CARD
E08805,C0295,14467.7,CHECKOUT_ABANDONED,Bank_C,E17,P012,WALLET
E08806,C0963,16780.53,PAYMENT_FAILED,Bank_A,E42,P015,CARD
E08807,C0043,13776.24,INVOICE_OVERDUE,Bank_C,E42,P006,CARD
E08808,C0033,19780.37,SUBSCRIPTION_FAILED,Bank_D,E42,P016,CARD
E08809,C0684,12454.08,CHECKOUT_ABANDONED,Bank_B,E11,P008,WALLET
E08810,C0136,9067.18,CHECKOUT_ABANDONED,Bank_A,E11,P004,CARD
E08811,C0583,13881.55,CHECKOUT_ABANDONED,Bank_A,E23,P009,NETBANKING
E08812,C0311,7100.82,INVOICE_OVERDUE,Bank_A,E42,P019,WALLET
E08813,C0673,9779.5,INVOICE_OVERDUE,Bank_D,E11,P013,CARD
E08814,C0638,8097.5,SUBSCRIPTION_FAILED,Bank_D,E23,P017,WALLET
E08815,C0575,13543.58,PAYMENT_FAILED,Bank_C,E42,P016,UPI
E08816,C0885,15520.64,SUBSCRIPTION_FAILED,Bank_A,E17,P008,NETBANKING
E08817,C0754,1231.8,SUBSCRIPTION_FAILED,Bank_A,E42,P016,WALLET
E08818,C0582,2725.91,SUBSCRIPTION_FAILED,Bank_C,E11,P013,NETBANKING
E08819,C0028,10609.12,PAYMENT_FAILED,Bank_D,E17,P007,NETBANKING
E08820,C0696,21547.98,SUBSCRIPTION_FAILED,Bank_A,E23,P016,WALLET
E08821,C0440,18021.29,SUBSCRIPTION_FAILED,Bank_A,E42,P010,WALLET
E08822,C0191,20988.01,INVOICE_OVERDUE,Bank_B,E42,P009,NETBANKING
E08823,C0382,24897.5,INVOICE_OVERDUE,Bank_D,E17,P006,WALLET
E08824,C0661,4971.82,PAYMENT_FAILED,Bank_A,E17,P015,CARD
E08825,C0506,14399.86,CHECKOUT_ABANDONED,Bank_A,E42,P016,UPI
E08826,C0261,21700.68,INVOICE_OVERDUE,Bank_D,E42,P018,WALLET
E08827,C0579,14148.61,SUBSCRIPTION_FAILED,Bank_A,E42,P006,CARD
E08828,C0920,17397.57,SUBSCRIPTION_FAILED,Bank_A,E17,P020,UPI
E08829,C0650,6259.72,PAYMENT_FAILED,Bank_A,E42,P020,UPI
E08830,C0579,3675.75,INVOICE_OVERDUE,Bank_A,E42,P001,NETBANKING
E08831,C0997,1595.74,PAYMENT_FAILED,Bank_A,E42,P005,CARD
E08832,C0027,4657.94,SUBSCRIPTION_FAILED,Bank_B,E11,P001,UPI
E08833,C0226,17163.71,SUBSCRIPTION_FAILED,Bank_A,E42,P010,UPI
E08834,C0867,12837.32,CHECKOUT_ABANDONED,Bank_C,E11,P001,UPI
E08835,C0784,24629.82,CHECKOUT_ABANDONED,Bank_C,E17,P013,CARD
E08836,C0904,21622.01,INVOICE_OVERDUE,Bank_D,E42,P001,CARD
E08837,C0907,19032.27,INVOICE_OVERDUE,Bank_C,E42,P010,WALLET
E08838,C0084,8268.97,SUBSCRIPTION_FAILED,Bank_C,E42,P005,UPI
E08839,C0976,11718.96,SUBSCRIPTION_FAILED,Bank_A,E17,P004,UPI
E08840,C0956,11744.8,SUBSCRIPTION_FAILED,Bank_A,E42,P002,UPI
E08841,C0247,4340.06,INVOICE_OVERDUE,Bank_C,E42,P014,WALLET
E08842,C0847,10128.87,SUBSCRIPTION_FAILED,Bank_A,E11,P016,UPI
E08843,C0215,11514.68,PAYMENT_FAILED,Bank_B,E42,P008,NETBANKING
E08844,C0778,15551.11,PAYMENT_FAILED,Bank_B,E23,P015,UPI
E08845,C0673,14752.02,SUBSCRIPTION_FAILED,Bank_D,E42,P006,WALLET
E08846,C0140,18857.17,CHECKOUT_ABANDONED,Bank_A,E42,P015,CARD
E08847,C0337,9853.28,PAYMENT_FAILED,Bank_C,E17,P019,CARD
E08848,C0188,22230.14,INVOICE_OVERDUE,Bank_A,E42,P011,UPI
E08849,C0901,15568.97,PAYMENT_FAILED,Bank_B,E11,P016,CARD
E08850,C0742,20087.12,SUBSCRIPTION_FAILED,Bank_A,E11,P003,UPI
E08851,C0486,6040.94,INVOICE_OVERDUE,Bank_D,E11,P018,WALLET
E08852,C0742,5919.85,CHECKOUT_ABANDONED,Bank_A,E42,P011,WALLET
E08853,C0296,8102.82,INVOICE_OVERDUE,Bank_A,E42,P012,CARD
E08854,C0238,18351.95,SUBSCRIPTION_FAILED,Bank_D,E11,P019,NETBANKING
E08855,C0011,3574.48,CHECKOUT_ABANDONED,Bank_C,E17,P005,UPI
E08856,C0910,749.3,PAYMENT_FAILED,Bank_A,E42,P009,WALLET
E08857,C0833,16198.47,CHECKOUT_ABANDONED,Bank_D,E23,P007,CARD
E08858,C0040,13303.18,SUBSCRIPTION_FAILED,Bank_B,E42,P016,NETBANKING
E08859,C0400,21517.26,PAYMENT_FAILED,Bank_B,E23,P009,NETBANKING
E08860,C0067,13025.48,PAYMENT_FAILED,Bank_C,E17,P015,NETBANKING
E08861,C0927,8681.22,CHECKOUT_ABANDONED,Bank_C,E23,P020,CARD
E08862,C0643,10033.3,INVOICE_OVERDUE,Bank_A,E11,P014,WALLET
E08863,C0415,2580.02,CHECKOUT_ABANDONED,Bank_D,E17,P016,WALLET
E08864,C0584,5889.8,INVOICE_OVERDUE,Bank_A,E42,P019,CARD
E08865,C0712,14865.66,SUBSCRIPTION_FAILED,Bank_A,E11,P002,UPI
E08866,C0476,16709.64,CHECKOUT_ABANDONED,Bank_C,E23,P010,CARD
E08867,C0411,24049.47,SUBSCRIPTION_FAILED,Bank_B,E23,P011,CARD
E08868,C0247,1327.03,INVOICE_OVERDUE,Bank_C,E23,P010,CARD
E08869,C0296,10647.87,SUBSCRIPTION_FAILED,Bank_D,E23,P013,NETBANKING
E08870,C0263,1517.47,INVOICE_OVERDUE,Bank_A,E42,P018,UPI
E08871,C0084,16282.95,CHECKOUT_ABANDONED,Bank_A,E42,P013,UPI
E08872,C0971,24860.94,CHECKOUT_ABANDONED,Bank_D,E42,P014,WALLET
E08873,C0518,9940.53,INVOICE_OVERDUE,Bank_D,E11,P014,CARD
E08874,C0379,17686.88,PAYMENT_FAILED,Bank_A,E42,P010,WALLET
E08875,C0760,7882.78,PAYMENT_FAILED,Bank_A,E42,P014,CARD
E08876,C0360,24760.14,SUBSCRIPTION_FAILED,Bank_A,E17,P019,NETBANKING
E08877,C0443,10643.61,SUBSCRIPTION_FAILED,Bank_A,E17,P007,CARD
E08878,C0677,8927.81,INVOICE_OVERDUE,Bank_A,E42,P001,CARD
E08879,C0333,14521.68,CHECKOUT_ABANDONED,Bank_A,E42,P019,NETBANKING
E08880,C0013,4394.23,CHECKOUT_ABANDONED,Bank_D,E23,P001,UPI
E08881,C0937,7265.85,CHECKOUT_ABANDONED,Bank_A,E42,P007,UPI
E08882,C0378,24245.81,SUBSCRIPTION_FAILED,Bank_C,E11,P009,WALLET
E08883,C0836,21580.39,CHECKOUT_ABANDONED,Bank_A,E42,P011,WALLET
E08884,C0721,24692.15,CHECKOUT_ABANDONED,Bank_A,E42,P012,UPI
E08885,C0877,1202.62,SUBSCRIPTION_FAILED,Bank_B,E23,P008,CARD
E08886,C0851,17051.77,INVOICE_OVERDUE,Bank_A,E42,P016,CARD
E08887,C0554,6714.8,SUBSCRIPTION_FAILED,Bank_B,E11,P014,CARD
E08888,C0369,14360.31,CHECKOUT_ABANDONED,Bank_D,E42,P007,CARD
E08889,C0503,1972.2,SUBSCRIPTION_FAILED,Bank_D,E11,P018,WALLET
E08890,C0282,9981.13,INVOICE_OVERDUE,Bank_A,E17,P020,WALLET
E08891,C0228,14386.26,CHECKOUT_ABANDONED,Bank_B,E23,P019,CARD
E08892,C0846,2870.69,INVOICE_OVERDUE,Bank_A,E42,P014,CARD
E08893,C0783,4236.84,SUBSCRIPTION_FAILED,Bank_D,E23,P005,NETBANKING
E08894,C0328,6139.81,PAYMENT_FAILED,Bank_D,E17,P001,CARD
E08895,C0362,3796.31,CHECKOUT_ABANDONED,Bank_C,E42,P015,WALLET
E08896,C0360,11357.31,PAYMENT_FAILED,Bank_A,E17,P015,UPI
E08897,C0495,5419.97,SUBSCRIPTION_FAILED,Bank_C,E23,P016,UPI
E08898,C0450,23956.05,CHECKOUT_ABANDONED,Bank_B,E11,P017,NETBANKING
E08899,C0856,18116.91,SUBSCRIPTION_FAILED,Bank_A,E11,P004,CARD
E08900,C0244,15583.57,SUBSCRIPTION_FAILED,Bank_C,E17,P014,CARD
E08901,C0952,22369.53,CHECKOUT_ABANDONED,Bank_A,E42,P008,UPI
E08902,C0085,12497.5,CHECKOUT_ABANDONED,Bank_A,E42,P008,UPI
E08903,C0783,1475.63,SUBSCRIPTION_FAILED,Bank_A,E11,P010,CARD
E08904,C0364,19295.71,PAYMENT_FAILED,Bank_D,E23,P012,WALLET
E08905,C0398,10792.13,PAYMENT_FAILED,Bank_D,E11,P001,CARD
E08906,C0436,8064.26,INVOICE_OVERDUE,Bank_C,E23,P002,WALLET
E08907,C0529,23510.19,CHECKOUT_ABANDONED,Bank_A,E42,P011,UPI
E08908,C0998,20417.33,SUBSCRIPTION_FAILED,Bank_D,E17,P016,UPI
E08909,C0798,2746.91,INVOICE_OVERDUE,Bank_A,E42,P013,UPI
E08910,C0019,16560.64,SUBSCRIPTION_FAILED,Bank_A,E17,P019,NETBANKING
E08911,C0237,3622.38,INVOICE_OVERDUE,Bank_A,E42,P017,UPI
E08912,C0763,14681.67,SUBSCRIPTION_FAILED,Bank_A,E42,P013,NETBANKING
E08913,C0254,10206.15,INVOICE_OVERDUE,Bank_D,E17,P020,WALLET
E08914,C0032,24272.93,INVOICE_OVERDUE,Bank_A,E23,P011,UPI
E08915,C0481,20890.57,SUBSCRIPTION_FAILED,Bank_A,E42,P020,UPI
E08916,C0668,3352.38,PAYMENT_FAILED,Bank_D,E42,P017,NETBANKING
E08917,C0330,20467.21,INVOICE_OVERDUE,Bank_A,E42,P004,WALLET
E08918,C0681,9086.51,CHECKOUT_ABANDONED,Bank_A,E42,P005,CARD
E08919,C0394,20571.65,CHECKOUT_ABANDONED,Bank_C,E11,P018,UPI
E08920,C0253,20125.85,SUBSCRIPTION_FAILED,Bank_A,E42,P010,UPI
E08921,C0944,23188.32,CHECKOUT_ABANDONED,Bank_D,E42,P013,UPI
E08922,C0433,990.98,CHECKOUT_ABANDONED,Bank_B,E11,P001,NETBANKING
E08923,C0608,17300.42,CHECKOUT_ABANDONED,Bank_A,E42,P018,CARD
E08924,C0864,2724.15,SUBSCRIPTION_FAILED,Bank_D,E11,P005,NETBANKING
E08925,C0550,24076.43,SUBSCRIPTION_FAILED,Bank_A,E17,P003,CARD
E08926,C0700,11600.95,PAYMENT_FAILED,Bank_A,E42,P006,WALLET
E08927,C0198,18024.27,CHECKOUT_ABANDONED,Bank_C,E42,P019,NETBANKING
E08928,C0276,5129.65,SUBSCRIPTION_FAILED,Bank_B,E23,P001,NETBANKING
E08929,C0357,24655.96,SUBSCRIPTION_FAILED,Bank_A,E42,P011,CARD
E08930,C0487,17469.52,PAYMENT_FAILED,Bank_A,E42,P005,WALLET
E08931,C0179,4496.83,PAYMENT_FAILED,Bank_C,E42,P019,NETBANKING
E08932,C0772,3029.04,INVOICE_OVERDUE,Bank_C,E11,P003,UPI
E08933,C0592,13474.84,INVOICE_OVERDUE,Bank_D,E42,P012,NETBANKING
E08934,C0702,6516.07,CHECKOUT_ABANDONED,Bank_D,E17,P006,CARD
E08935,C0249,17973.85,CHECKOUT_ABANDONED,Bank_A,E42,P004,CARD
E08936,C0508,3223.67,SUBSCRIPTION_FAILED,Bank_C,E11,P017,UPI
E08937,C0177,3495.33,PAYMENT_FAILED,Bank_C,E42,P011,UPI
E08938,C0531,20074.1,INVOICE_OVERDUE,Bank_B,E42,P005,CARD
E08939,C0548,12720.19,INVOICE_OVERDUE,Bank_C,E42,P016,UPI
E08940,C0264,13279.72,CHECKOUT_ABANDONED,Bank_B,E42,P016,CARD
E08941,C0410,22746.75,SUBSCRIPTION_FAILED,Bank_C,E23,P003,CARD
E08942,C0509,17433.25,PAYMENT_FAILED,Bank_D,E23,P003,WALLET
E08943,C0894,21000.58,INVOICE_OVERDUE,Bank_C,E17,P013,WALLET
E08944,C0374,19461.67,INVOICE_OVERDUE,Bank_B,E17,P017,CARD
E08945,C0734,3908.88,SUBSCRIPTION_FAILED,Bank_A,E17,P005,WALLET
E08946,C0595,2464.02,CHECKOUT_ABANDONED,Bank_A,E42,P018,WALLET
E08947,C0001,15877.55,INVOICE_OVERDUE,Bank_D,E11,P003,UPI
E08948,C0850,5999.5,SUBSCRIPTION_FAILED,Bank_D,E17,P003,WALLET
E08949,C0969,7597.33,CHECKOUT_ABANDONED,Bank_A,E42,P017,NETBANKING
E08950,C0945,13140.9,INVOICE_OVERDUE,Bank_C,E23,P013,WALLET
E08951,C0211,13762.22,PAYMENT_FAILED,Bank_A,E42,P005,UPI
E08952,C0891,21067.64,INVOICE_OVERDUE,Bank_C,E23,P008,CARD
E08953,C0570,18572.69,CHECKOUT_ABANDONED,Bank_A,E42,P001,CARD
E08954,C0507,15844.73,INVOICE_OVERDUE,Bank_A,E11,P008,CARD
E08955,C0211,21241.52,PAYMENT_FAILED,Bank_C,E11,P009,WALLET
E08956,C0242,3201.34,CHECKOUT_ABANDONED,Bank_A,E42,P015,WALLET
E08957,C0458,2455.29,SUBSCRIPTION_FAILED,Bank_A,E42,P015,WALLET
E08958,C0146,1416.03,CHECKOUT_ABANDONED,Bank_A,E11,P017,CARD
E08959,C0957,12300.76,SUBSCRIPTION_FAILED,Bank_D,E23,P018,NETBANKING
E08960,C0123,13511.51,PAYMENT_FAILED,Bank_B,E11,P002,CARD
E08961,C0076,6137.74,PAYMENT_FAILED,Bank_A,E42,P003,NETBANKING
E08962,C0937,18041.14,SUBSCRIPTION_FAILED,Bank_A,E23,P019,CARD
E08963,C0548,14779.45,SUBSCRIPTION_FAILED,Bank_D,E17,P016,UPI
E08964,C0671,8940.09,CHECKOUT_ABANDONED,Bank_A,E23,P014,CARD
E08965,C0163,2155.14,CHECKOUT_ABANDONED,Bank_B,E17,P001,WALLET
E08966,C0283,11098.8,PAYMENT_FAILED,Bank_C,E17,P009,NETBANKING
E08967,C0718,21045.0,PAYMENT_FAILED,Bank_A,E42,P004,UPI
E08968,C0898,2785.73,PAYMENT_FAILED,Bank_B,E23,P010,UPI
E08969,C0882,18670.74,CHECKOUT_ABANDONED,Bank_B,E23,P012,CARD
E08970,C0074,5957.93,PAYMENT_FAILED,Bank_B,E11,P003,WALLET
E08971,C0262,17108.37,INVOICE_OVERDUE,Bank_A,E42,P006,UPI
E08972,C0733,19683.41,SUBSCRIPTION_FAILED,Bank_B,E42,P008,UPI
E08973,C0255,11484.38,CHECKOUT_ABANDONED,Bank_A,E42,P013,WALLET
E08974,C0338,5546.79,PAYMENT_FAILED,Bank_A,E17,P008,CARD
E08975,C0574,23828.18,CHECKOUT_ABANDONED,Bank_B,E42,P007,WALLET
E08976,C0185,23554.05,PAYMENT_FAILED,Bank_D,E23,P001,CARD
E08977,C0021,19999.29,PAYMENT_FAILED,Bank_A,E23,P004,WALLET
E08978,C0423,1407.43,INVOICE_OVERDUE,Bank_D,E23,P010,WALLET
E08979,C0893,6927.13,CHECKOUT_ABANDONED,Bank_A,E42,P015,CARD
E08980,C0362,1599.52,PAYMENT_FAILED,Bank_C,E17,P017,CARD
E08981,C0040,2841.19,SUBSCRIPTION_FAILED,Bank_B,E11,P007,NETBANKING
E08982,C0533,23701.61,CHECKOUT_ABANDONED,Bank_B,E17,P009,WALLET
E08983,C0600,21863.5,PAYMENT_FAILED,Bank_C,E17,P004,WALLET
E08984,C0759,17009.94,CHECKOUT_ABANDONED,Bank_B,E11,P012,WALLET
E08985,C0535,20618.26,INVOICE_OVERDUE,Bank_C,E23,P008,CARD
E08986,C0294,9643.02,PAYMENT_FAILED,Bank_D,E42,P001,UPI
E08987,C0664,14508.44,PAYMENT_FAILED,Bank_D,E23,P010,CARD
E08988,C0887,10592.78,INVOICE_OVERDUE,Bank_B,E23,P003,CARD
E08989,C0524,13240.15,SUBSCRIPTION_FAILED,Bank_B,E42,P018,NETBANKING
E08990,C0665,4323.46,CHECKOUT_ABANDONED,Bank_D,E17,P019,UPI
E08991,C0801,2129.74,SUBSCRIPTION_FAILED,Bank_D,E23,P010,UPI
E08992,C0901,23529.78,PAYMENT_FAILED,Bank_C,E23,P005,WALLET
E08993,C0902,14498.4,SUBSCRIPTION_FAILED,Bank_C,E23,P013,WALLET
E08994,C0449,18946.8,SUBSCRIPTION_FAILED,Bank_A,E42,P007,NETBANKING
E08995,C0362,3908.54,SUBSCRIPTION_FAILED,Bank_D,E17,P014,CARD
E08996,C0881,1569.66,CHECKOUT_ABANDONED,Bank_B,E17,P002,CARD
E08997,C0316,21958.5,SUBSCRIPTION_FAILED,Bank_A,E42,P017,CARD
E08998,C0937,11255.61,CHECKOUT_ABANDONED,Bank_D,E17,P016,WALLET
E08999,C0612,10721.14,INVOICE_OVERDUE,Bank_A,E42,P015,UPI
E09000,C0064,14222.22,CHECKOUT_ABANDONED,Bank_D,E23,P012,CARD
E09001,C0440,22973.37,INVOICE_OVERDUE,Bank_D,E23,P003,WALLET
E09002,C0012,12161.31,INVOICE_OVERDUE,Bank_A,E42,P019,WALLET
E09003,C0534,1916.95,CHECKOUT_ABANDONED,Bank_A,E42,P020,WALLET
E09004,C0701,5401.43,PAYMENT_FAILED,Bank_B,E23,P002,CARD
E09005,C0988,24679.01,CHECKOUT_ABANDONED,Bank_D,E11,P005,NETBANKING
E09006,C0469,19652.68,PAYMENT_FAILED,Bank_C,E42,P010,NETBANKING
E09007,C0819,24887.78,SUBSCRIPTION_FAILED,Bank_A,E42,P013,NETBANKING
E09008,C0121,22082.01,SUBSCRIPTION_FAILED,Bank_D,E42,P006,WALLET
E09009,C0502,18139.19,SUBSCRIPTION_FAILED,Bank_D,E42,P019,NETBANKING
E09010,C0257,21071.35,CHECKOUT_ABANDONED,Bank_B,E17,P001,UPI
E09011,C0536,21894.45,INVOICE_OVERDUE,Bank_A,E23,P001,CARD
E09012,C0598,18892.72,SUBSCRIPTION_FAILED,Bank_A,E42,P002,WALLET
E09013,C0368,6026.93,CHECKOUT_ABANDONED,Bank_A,E11,P009,CARD
E09014,C0965,18118.04,PAYMENT_FAILED,Bank_C,E17,P020,CARD
E09015,C0315,19804.54,PAYMENT_FAILED,Bank_D,E42,P014,NETBANKING
E09016,C0703,6243.1,INVOICE_OVERDUE,Bank_C,E42,P007,CARD
E09017,C0658,21524.15,PAYMENT_FAILED,Bank_A,E17,P010,CARD
E09018,C0067,24670.36,SUBSCRIPTION_FAILED,Bank_B,E11,P009,CARD
E09019,C0908,19844.74,CHECKOUT_ABANDONED,Bank_A,E42,P016,WALLET
E09020,C0088,4787.92,SUBSCRIPTION_FAILED,Bank_A,E23,P001,UPI
E09021,C0998,16418.38,PAYMENT_FAILED,Bank_B,E11,P018,UPI
E09022,C0636,763.59,INVOICE_OVERDUE,Bank_A,E42,P005,NETBANKING
E09023,C0362,12373.44,PAYMENT_FAILED,Bank_B,E42,P016,WALLET
E09024,C0947,11074.6,SUBSCRIPTION_FAILED,Bank_A,E42,P009,CARD
E09025,C0346,20703.17,INVOICE_OVERDUE,Bank_D,E23,P015,WALLET
E09026,C0645,19728.88,PAYMENT_FAILED,Bank_C,E42,P017,NETBANKING
E09027,C0554,16998.16,SUBSCRIPTION_FAILED,Bank_B,E42,P008,WALLET
E09028,C0769,16365.9,SUBSCRIPTION_FAILED,Bank_A,E11,P010,NETBANKING
E09029,C0524,7105.59,PAYMENT_FAILED,Bank_A,E11,P014,NETBANKING
E09030,C0133,1973.46,CHECKOUT_ABANDONED,Bank_A,E42,P007,WALLET
E09031,C0770,16738.18,INVOICE_OVERDUE,Bank_A,E42,P005,NETBANKING
E09032,C0997,1666.12,CHECKOUT_ABANDONED,Bank_B,E11,P008,NETBANKING
E09033,C0631,14810.07,CHECKOUT_ABANDONED,Bank_C,E17,P005,CARD
E09034,C0570,21507.78,INVOICE_OVERDUE,Bank_C,E11,P016,WALLET
E09035,C0856,14617.01,CHECKOUT_ABANDONED,Bank_A,E42,P009,NETBANKING
E09036,C0227,8444.24,PAYMENT_FAILED,Bank_B,E23,P007,WALLET
E09037,C0399,2072.4,CHECKOUT_ABANDONED,Bank_D,E42,P005,UPI
E09038,C0295,21519.62,PAYMENT_FAILED,Bank_A,E17,P017,CARD
E09039,C0121,8234.1,INVOICE_OVERDUE,Bank_A,E42,P020,UPI
E09040,C0831,10947.43,CHECKOUT_ABANDONED,Bank_C,E17,P005,NETBANKING
E09041,C0272,13513.8,INVOICE_OVERDUE,Bank_A,E17,P010,NETBANKING
E09042,C0659,5019.98,INVOICE_OVERDUE,Bank_C,E23,P006,NETBANKING
E09043,C0125,6087.01,SUBSCRIPTION_FAILED,Bank_A,E23,P003,WALLET
E09044,C0780,6096.7,PAYMENT_FAILED,Bank_D,E23,P006,NETBANKING
E09045,C0951,20301.4,CHECKOUT_ABANDONED,Bank_C,E23,P002,WALLET
E09046,C0851,20296.16,CHECKOUT_ABANDONED,Bank_C,E11,P006,UPI
E09047,C0736,6344.18,PAYMENT_FAILED,Bank_A,E42,P016,NETBANKING
E09048,C0893,6516.73,CHECKOUT_ABANDONED,Bank_A,E23,P013,CARD
E09049,C0595,3322.99,SUBSCRIPTION_FAILED,Bank_D,E23,P017,NETBANKING
E09050,C0258,4090.29,INVOICE_OVERDUE,Bank_C,E17,P009,WALLET
E09051,C0817,6403.62,CHECKOUT_ABANDONED,Bank_C,E17,P015,CARD
E09052,C0561,2697.82,CHECKOUT_ABANDONED,Bank_C,E11,P011,NETBANKING
E09053,C0443,23408.2,SUBSCRIPTION_FAILED,Bank_A,E11,P009,UPI
E09054,C0381,1866.46,INVOICE_OVERDUE,Bank_A,E11,P018,NETBANKING
E09055,C0544,2940.9,INVOICE_OVERDUE,Bank_C,E11,P006,NETBANKING
E09056,C0778,13093.78,PAYMENT_FAILED,Bank_C,E17,P003,CARD
E09057,C0171,20575.15,INVOICE_OVERDUE,Bank_B,E11,P002,UPI
E09058,C0193,4534.82,INVOICE_OVERDUE,Bank_A,E42,P007,NETBANKING
E09059,C0507,9649.06,SUBSCRIPTION_FAILED,Bank_A,E23,P019,CARD
E09060,C0479,23831.34,SUBSCRIPTION_FAILED,Bank_D,E42,P005,UPI
E09061,C0779,2228.67,CHECKOUT_ABANDONED,Bank_D,E17,P002,NETBANKING
E09062,C0586,23725.79,CHECKOUT_ABANDONED,Bank_B,E11,P008,NETBANKING
E09063,C0920,10925.05,INVOICE_OVERDUE,Bank_B,E11,P013,UPI
E09064,C0701,5090.4,PAYMENT_FAILED,Bank_D,E42,P009,NETBANKING
E09065,C0246,6157.26,INVOICE_OVERDUE,Bank_A,E42,P007,WALLET
E09066,C0164,7718.18,PAYMENT_FAILED,Bank_B,E17,P010,CARD
E09067,C0420,9090.45,CHECKOUT_ABANDONED,Bank_B,E11,P017,WALLET
E09068,C0393,4224.65,INVOICE_OVERDUE,Bank_B,E23,P007,CARD
E09069,C0286,11516.97,INVOICE_OVERDUE,Bank_A,E42,P003,NETBANKING
E09070,C0904,22130.12,INVOICE_OVERDUE,Bank_A,E11,P005,NETBANKING
E09071,C0448,13026.1,INVOICE_OVERDUE,Bank_A,E42,P007,NETBANKING
E09072,C0246,12950.84,CHECKOUT_ABANDONED,Bank_A,E42,P015,CARD
E09073,C0915,5405.15,SUBSCRIPTION_FAILED,Bank_A,E11,P019,UPI
E09074,C0965,9493.98,SUBSCRIPTION_FAILED,Bank_A,E42,P011,CARD
E09075,C0041,729.46,CHECKOUT_ABANDONED,Bank_D,E17,P015,WALLET
E09076,C0936,1084.87,SUBSCRIPTION_FAILED,Bank_A,E11,P004,WALLET
E09077,C0437,10159.18,SUBSCRIPTION_FAILED,Bank_A,E11,P011,CARD
E09078,C0770,8095.43,PAYMENT_FAILED,Bank_D,E17,P018,WALLET
E09079,C0742,12989.93,SUBSCRIPTION_FAILED,Bank_B,E42,P020,WALLET
E09080,C0065,16268.35,INVOICE_OVERDUE,Bank_C,E17,P018,UPI
E09081,C0959,8447.52,PAYMENT_FAILED,Bank_A,E42,P013,WALLET
E09082,C0145,15676.03,SUBSCRIPTION_FAILED,Bank_B,E23,P017,NETBANKING
E09083,C0342,21340.51,INVOICE_OVERDUE,Bank_A,E42,P013,UPI
E09084,C0977,19236.13,INVOICE_OVERDUE,Bank_A,E42,P018,CARD
E09085,C0614,17759.96,SUBSCRIPTION_FAILED,Bank_A,E42,P001,NETBANKING
E09086,C0426,8711.32,PAYMENT_FAILED,Bank_A,E42,P010,CARD
E09087,C0491,13655.85,SUBSCRIPTION_FAILED,Bank_B,E17,P011,NETBANKING
E09088,C0682,20044.81,CHECKOUT_ABANDONED,Bank_A,E42,P017,CARD
E09089,C0031,13412.86,PAYMENT_FAILED,Bank_A,E42,P013,WALLET
E09090,C0849,22449.86,INVOICE_OVERDUE,Bank_D,E11,P003,UPI
E09091,C0161,2554.25,SUBSCRIPTION_FAILED,Bank_A,E42,P006,CARD
E09092,C0330,17547.17,SUBSCRIPTION_FAILED,Bank_A,E42,P008,NETBANKING
E09093,C0712,19052.71,CHECKOUT_ABANDONED,Bank_A,E11,P007,CARD
E09094,C0092,24982.74,SUBSCRIPTION_FAILED,Bank_D,E23,P018,WALLET
E09095,C0824,24960.92,SUBSCRIPTION_FAILED,Bank_A,E42,P019,WALLET
E09096,C0578,8231.83,PAYMENT_FAILED,Bank_D,E23,P013,WALLET
E09097,C0228,5875.64,INVOICE_OVERDUE,Bank_C,E11,P005,NETBANKING
E09098,C0923,13306.42,SUBSCRIPTION_FAILED,Bank_B,E42,P011,UPI
E09099,C0690,13444.85,SUBSCRIPTION_FAILED,Bank_A,E42,P015,UPI
E09100,C0275,18512.74,SUBSCRIPTION_FAILED,Bank_B,E17,P013,NETBANKING
E09101,C0202,8692.52,INVOICE_OVERDUE,Bank_B,E42,P017,UPI
E09102,C0236,22712.31,CHECKOUT_ABANDONED,Bank_C,E11,P008,UPI
E09103,C0021,3112.73,SUBSCRIPTION_FAILED,Bank_A,E11,P008,NETBANKING
E09104,C0891,13324.16,SUBSCRIPTION_FAILED,Bank_C,E17,P004,WALLET
E09105,C0820,10272.25,SUBSCRIPTION_FAILED,Bank_A,E42,P012,NETBANKING
E09106,C0282,8566.03,PAYMENT_FAILED,Bank_C,E11,P016,WALLET
E09107,C0413,22928.25,SUBSCRIPTION_FAILED,Bank_A,E42,P004,CARD
E09108,C0558,24442.55,CHECKOUT_ABANDONED,Bank_D,E42,P001,CARD
E09109,C0591,13330.75,INVOICE_OVERDUE,Bank_C,E17,P013,CARD
E09110,C0248,19364.94,PAYMENT_FAILED,Bank_B,E11,P012,CARD
E09111,C0774,3257.43,INVOICE_OVERDUE,Bank_C,E23,P003,CARD
E09112,C0128,24833.14,SUBSCRIPTION_FAILED,Bank_B,E17,P017,WALLET
E09113,C0029,1416.48,SUBSCRIPTION_FAILED,Bank_A,E42,P006,CARD
E09114,C0849,3323.75,INVOICE_OVERDUE,Bank_D,E23,P003,WALLET
E09115,C0164,12810.44,SUBSCRIPTION_FAILED,Bank_A,E42,P005,CARD
E09116,C0969,19752.56,INVOICE_OVERDUE,Bank_A,E42,P016,WALLET
E09117,C0807,10055.89,SUBSCRIPTION_FAILED,Bank_A,E42,P001,NETBANKING
E09118,C0474,10349.29,SUBSCRIPTION_FAILED,Bank_A,E11,P020,CARD
E09119,C0654,21992.24,SUBSCRIPTION_FAILED,Bank_C,E11,P005,NETBANKING
E09120,C0133,24444.47,PAYMENT_FAILED,Bank_B,E11,P012,UPI
E09121,C0581,14125.95,CHECKOUT_ABANDONED,Bank_B,E11,P004,UPI
E09122,C0343,21022.28,SUBSCRIPTION_FAILED,Bank_C,E11,P011,NETBANKING
E09123,C0395,16566.13,SUBSCRIPTION_FAILED,Bank_A,E23,P017,CARD
E09124,C0675,16705.04,SUBSCRIPTION_FAILED,Bank_A,E42,P018,WALLET
E09125,C0476,14317.63,INVOICE_OVERDUE,Bank_B,E17,P017,NETBANKING
E09126,C0312,6526.42,INVOICE_OVERDUE,Bank_A,E23,P018,WALLET
E09127,C0996,11388.22,CHECKOUT_ABANDONED,Bank_B,E23,P017,UPI
E09128,C0296,1801.23,INVOICE_OVERDUE,Bank_C,E42,P012,WALLET
E09129,C0426,19977.72,INVOICE_OVERDUE,Bank_C,E23,P014,CARD
E09130,C0287,4079.48,INVOICE_OVERDUE,Bank_A,E23,P005,NETBANKING
E09131,C0109,3044.2,CHECKOUT_ABANDONED,Bank_D,E23,P020,NETBANKING
E09132,C0837,3318.35,INVOICE_OVERDUE,Bank_C,E23,P015,NETBANKING
E09133,C0027,22957.81,CHECKOUT_ABANDONED,Bank_A,E42,P014,CARD
E09134,C0559,14781.52,PAYMENT_FAILED,Bank_A,E17,P013,UPI
E09135,C0444,515.14,CHECKOUT_ABANDONED,Bank_C,E11,P008,UPI
E09136,C0719,5692.86,PAYMENT_FAILED,Bank_A,E23,P018,UPI
E09137,C0439,19604.4,PAYMENT_FAILED,Bank_A,E42,P015,NETBANKING
E09138,C0975,20269.42,PAYMENT_FAILED,Bank_A,E42,P003,CARD
E09139,C0643,1587.71,SUBSCRIPTION_FAILED,Bank_A,E11,P003,CARD
E09140,C0441,17785.93,SUBSCRIPTION_FAILED,Bank_A,E42,P007,CARD
E09141,C0989,18243.77,CHECKOUT_ABANDONED,Bank_A,E11,P017,UPI
E09142,C0470,7939.18,SUBSCRIPTION_FAILED,Bank_B,E23,P019,WALLET
E09143,C0359,12190.18,INVOICE_OVERDUE,Bank_C,E23,P008,CARD
E09144,C0919,11975.46,PAYMENT_FAILED,Bank_A,E42,P002,NETBANKING
E09145,C0019,6494.77,SUBSCRIPTION_FAILED,Bank_A,E42,P006,NETBANKING
E09146,C0384,15764.69,CHECKOUT_ABANDONED,Bank_C,E17,P019,CARD
E09147,C0225,14340.84,CHECKOUT_ABANDONED,Bank_A,E42,P011,WALLET
E09148,C0453,686.99,SUBSCRIPTION_FAILED,Bank_A,E42,P003,WALLET
E09149,C0640,23412.57,CHECKOUT_ABANDONED,Bank_A,E42,P011,UPI
E09150,C0495,20763.95,INVOICE_OVERDUE,Bank_A,E42,P003,CARD
E09151,C0282,12824.69,SUBSCRIPTION_FAILED,Bank_C,E42,P009,WALLET
E09152,C0074,23061.24,PAYMENT_FAILED,Bank_B,E17,P017,NETBANKING
E09153,C0607,24709.98,INVOICE_OVERDUE,Bank_B,E23,P017,CARD
E09154,C1000,8526.93,SUBSCRIPTION_FAILED,Bank_D,E23,P013,WALLET
E09155,C0075,16329.13,PAYMENT_FAILED,Bank_D,E42,P013,UPI
E09156,C0128,19442.46,SUBSCRIPTION_FAILED,Bank_C,E17,P019,UPI
E09157,C0657,1051.47,PAYMENT_FAILED,Bank_A,E42,P004,WALLET
E09158,C0679,10964.64,PAYMENT_FAILED,Bank_D,E11,P008,NETBANKING
E09159,C0320,2964.83,PAYMENT_FAILED,Bank_B,E17,P013,UPI
E09160,C0287,8180.4,SUBSCRIPTION_FAILED,Bank_B,E17,P003,NETBANKING
E09161,C0681,3113.77,INVOICE_OVERDUE,Bank_D,E23,P020,UPI
E09162,C0209,6057.22,CHECKOUT_ABANDONED,Bank_C,E11,P018,UPI
E09163,C0342,19040.29,INVOICE_OVERDUE,Bank_A,E42,P006,NETBANKING
E09164,C0461,6308.17,PAYMENT_FAILED,Bank_A,E42,P016,NETBANKING
E09165,C0942,19744.38,INVOICE_OVERDUE,Bank_B,E11,P020,WALLET
E09166,C0535,17939.47,CHECKOUT_ABANDONED,Bank_B,E23,P006,NETBANKING
E09167,C0189,5563.4,CHECKOUT_ABANDONED,Bank_D,E23,P020,WALLET
E09168,C0377,3911.64,INVOICE_OVERDUE,Bank_A,E11,P011,UPI
E09169,C0645,1506.69,CHECKOUT_ABANDONED,Bank_D,E11,P015,UPI
E09170,C0983,24410.8,PAYMENT_FAILED,Bank_D,E23,P011,WALLET
E09171,C0706,9254.81,CHECKOUT_ABANDONED,Bank_A,E17,P009,CARD
E09172,C0593,21455.58,SUBSCRIPTION_FAILED,Bank_C,E23,P003,NETBANKING
E09173,C0390,23676.62,INVOICE_OVERDUE,Bank_B,E42,P006,NETBANKING
E09174,C0449,23570.67,CHECKOUT_ABANDONED,Bank_A,E11,P018,WALLET
E09175,C0111,19557.83,CHECKOUT_ABANDONED,Bank_B,E11,P007,NETBANKING
E09176,C0696,22880.11,INVOICE_OVERDUE,Bank_C,E42,P001,NETBANKING
E09177,C0626,12162.59,PAYMENT_FAILED,Bank_A,E42,P003,UPI
E09178,C0364,6200.36,CHECKOUT_ABANDONED,Bank_B,E17,P009,CARD
E09179,C0289,20033.0,SUBSCRIPTION_FAILED,Bank_D,E17,P017,WALLET
E09180,C0220,9352.47,SUBSCRIPTION_FAILED,Bank_D,E42,P017,CARD
E09181,C0093,9760.16,CHECKOUT_ABANDONED,Bank_B,E23,P004,NETBANKING
E09182,C0123,5016.43,PAYMENT_FAILED,Bank_B,E23,P004,UPI
E09183,C0669,8401.62,SUBSCRIPTION_FAILED,Bank_B,E17,P009,NETBANKING
E09184,C0511,23442.19,INVOICE_OVERDUE,Bank_C,E42,P009,WALLET
E09185,C0405,24949.76,CHECKOUT_ABANDONED,Bank_A,E42,P007,NETBANKING
E09186,C0365,20465.0,CHECKOUT_ABANDONED,Bank_D,E23,P001,NETBANKING
E09187,C0601,15911.69,CHECKOUT_ABANDONED,Bank_C,E17,P014,CARD
E09188,C0300,15510.37,CHECKOUT_ABANDONED,Bank_A,E42,P011,CARD
E09189,C0319,16044.47,SUBSCRIPTION_FAILED,Bank_A,E42,P009,UPI
E09190,C0775,9483.05,PAYMENT_FAILED,Bank_D,E42,P015,UPI
E09191,C0366,6756.31,CHECKOUT_ABANDONED,Bank_D,E17,P017,NETBANKING
E09192,C0719,895.67,INVOICE_OVERDUE,Bank_A,E42,P009,UPI
E09193,C0890,19773.03,CHECKOUT_ABANDONED,Bank_D,E17,P012,NETBANKING
E09194,C0597,4968.99,PAYMENT_FAILED,Bank_C,E23,P013,NETBANKING
E09195,C0185,7652.6,SUBSCRIPTION_FAILED,Bank_C,E17,P006,UPI
E09196,C0173,14556.3,PAYMENT_FAILED,Bank_A,E23,P010,UPI
E09197,C0297,5539.49,SUBSCRIPTION_FAILED,Bank_C,E42,P006,NETBANKING
E09198,C0773,11905.01,SUBSCRIPTION_FAILED,Bank_B,E42,P011,UPI
E09199,C0857,22687.06,INVOICE_OVERDUE,Bank_B,E23,P009,CARD
E09200,C0298,19534.64,CHECKOUT_ABANDONED,Bank_D,E17,P020,UPI
E09201,C0477,22312.5,CHECKOUT_ABANDONED,Bank_A,E23,P010,CARD
E09202,C0517,2202.0,CHECKOUT_ABANDONED,Bank_B,E17,P013,NETBANKING
E09203,C0839,12119.71,CHECKOUT_ABANDONED,Bank_B,E42,P015,NETBANKING
E09204,C0070,15593.05,SUBSCRIPTION_FAILED,Bank_C,E42,P004,CARD
E09205,C0945,14184.38,CHECKOUT_ABANDONED,Bank_A,E11,P011,CARD
E09206,C0397,22588.11,SUBSCRIPTION_FAILED,Bank_D,E42,P006,CARD
E09207,C0236,8822.9,PAYMENT_FAILED,Bank_D,E17,P018,UPI
E09208,C0889,16391.04,INVOICE_OVERDUE,Bank_A,E23,P007,WALLET
E09209,C0781,16917.97,SUBSCRIPTION_FAILED,Bank_C,E42,P020,WALLET
E09210,C0958,21211.48,CHECKOUT_ABANDONED,Bank_A,E42,P016,NETBANKING
E09211,C0369,19747.71,PAYMENT_FAILED,Bank_A,E11,P019,UPI
E09212,C0030,7960.03,CHECKOUT_ABANDONED,Bank_A,E42,P011,NETBANKING
E09213,C0527,16906.63,CHECKOUT_ABANDONED,Bank_B,E42,P007,UPI
E09214,C0033,10214.52,SUBSCRIPTION_FAILED,Bank_A,E42,P013,CARD
E09215,C0727,23401.09,PAYMENT_FAILED,Bank_A,E42,P013,CARD
E09216,C0376,19491.6,INVOICE_OVERDUE,Bank_D,E17,P004,WALLET
E09217,C0371,2446.96,INVOICE_OVERDUE,Bank_A,E42,P004,NETBANKING
E09218,C0569,18226.3,INVOICE_OVERDUE,Bank_A,E42,P007,CARD
E09219,C0716,1583.58,INVOICE_OVERDUE,Bank_D,E23,P003,CARD
E09220,C0014,19878.58,CHECKOUT_ABANDONED,Bank_C,E11,P005,UPI
E09221,C0237,22642.56,CHECKOUT_ABANDONED,Bank_B,E17,P011,NETBANKING
E09222,C0955,10862.41,INVOICE_OVERDUE,Bank_B,E42,P007,NETBANKING
E09223,C0450,7937.11,INVOICE_OVERDUE,Bank_C,E42,P012,NETBANKING
E09224,C0574,15921.48,SUBSCRIPTION_FAILED,Bank_A,E42,P018,CARD
E09225,C0039,2802.3,SUBSCRIPTION_FAILED,Bank_A,E42,P006,WALLET
E09226,C0937,9822.7,SUBSCRIPTION_FAILED,Bank_A,E42,P013,CARD
E09227,C0969,6949.05,CHECKOUT_ABANDONED,Bank_C,E23,P011,WALLET
E09228,C0515,4461.29,CHECKOUT_ABANDONED,Bank_C,E11,P017,CARD
E09229,C0298,5722.09,INVOICE_OVERDUE,Bank_A,E11,P005,CARD
E09230,C0526,19342.51,PAYMENT_FAILED,Bank_C,E23,P011,UPI
E09231,C0295,13410.76,SUBSCRIPTION_FAILED,Bank_A,E42,P004,WALLET
E09232,C0724,7730.91,CHECKOUT_ABANDONED,Bank_C,E17,P019,WALLET
E09233,C0823,1043.84,CHECKOUT_ABANDONED,Bank_A,E42,P015,NETBANKING
E09234,C0905,11579.51,INVOICE_OVERDUE,Bank_C,E17,P016,NETBANKING
E09235,C0605,19710.03,PAYMENT_FAILED,Bank_A,E17,P011,UPI
E09236,C0607,15815.56,CHECKOUT_ABANDONED,Bank_A,E23,P008,WALLET
E09237,C0806,18995.48,SUBSCRIPTION_FAILED,Bank_A,E17,P008,CARD
E09238,C0806,13051.84,CHECKOUT_ABANDONED,Bank_A,E42,P013,CARD
E09239,C0710,11596.83,INVOICE_OVERDUE,Bank_A,E11,P005,CARD
E09240,C0857,20538.03,SUBSCRIPTION_FAILED,Bank_A,E42,P019,UPI
E09241,C0738,3798.92,CHECKOUT_ABANDONED,Bank_C,E42,P010,NETBANKING
E09242,C0151,3471.24,INVOICE_OVERDUE,Bank_A,E42,P008,CARD
E09243,C0075,21855.1,INVOICE_OVERDUE,Bank_A,E42,P005,WALLET
E09244,C0121,11886.45,PAYMENT_FAILED,Bank_D,E23,P002,NETBANKING
E09245,C0438,2970.57,PAYMENT_FAILED,Bank_B,E42,P002,NETBANKING
E09246,C0044,24778.65,SUBSCRIPTION_FAILED,Bank_C,E17,P008,UPI
E09247,C0059,20593.31,INVOICE_OVERDUE,Bank_B,E42,P005,UPI
E09248,C0065,24471.32,PAYMENT_FAILED,Bank_A,E11,P008,NETBANKING
E09249,C0743,23243.01,PAYMENT_FAILED,Bank_C,E23,P020,UPI
E09250,C0125,759.69,INVOICE_OVERDUE,Bank_B,E17,P003,WALLET
E09251,C0442,1632.49,INVOICE_OVERDUE,Bank_B,E42,P015,CARD
E09252,C0367,18958.87,PAYMENT_FAILED,Bank_C,E11,P007,NETBANKING
E09253,C0957,15935.85,SUBSCRIPTION_FAILED,Bank_A,E42,P016,WALLET
E09254,C0071,4362.81,PAYMENT_FAILED,Bank_A,E42,P009,WALLET
E09255,C0621,1922.85,CHECKOUT_ABANDONED,Bank_A,E42,P020,NETBANKING
E09256,C0881,24708.85,PAYMENT_FAILED,Bank_A,E42,P018,WALLET
E09257,C0345,24117.06,PAYMENT_FAILED,Bank_B,E42,P003,WALLET
E09258,C0921,2076.19,SUBSCRIPTION_FAILED,Bank_C,E42,P015,WALLET
E09259,C0679,7209.72,PAYMENT_FAILED,Bank_C,E42,P007,UPI
E09260,C0153,14105.52,CHECKOUT_ABANDONED,Bank_C,E42,P016,WALLET
E09261,C0057,22286.59,PAYMENT_FAILED,Bank_C,E11,P020,UPI
E09262,C0155,20265.42,INVOICE_OVERDUE,Bank_A,E42,P011,NETBANKING
E09263,C0889,24212.01,CHECKOUT_ABANDONED,Bank_A,E42,P018,UPI
E09264,C0536,20213.22,PAYMENT_FAILED,Bank_A,E42,P009,UPI
E09265,C0827,10282.33,PAYMENT_FAILED,Bank_A,E17,P003,CARD
E09266,C0873,14828.01,INVOICE_OVERDUE,Bank_C,E17,P003,UPI
E09267,C0215,1313.1,PAYMENT_FAILED,Bank_B,E23,P012,NETBANKING
E09268,C0624,21099.29,SUBSCRIPTION_FAILED,Bank_A,E42,P010,CARD
E09269,C0832,23807.27,PAYMENT_FAILED,Bank_A,E42,P010,NETBANKING
E09270,C0671,5413.9,CHECKOUT_ABANDONED,Bank_D,E42,P013,NETBANKING
E09271,C0817,22569.18,PAYMENT_FAILED,Bank_C,E42,P002,CARD
E09272,C0743,21991.84,INVOICE_OVERDUE,Bank_B,E23,P012,UPI
E09273,C0843,7605.08,INVOICE_OVERDUE,Bank_C,E42,P010,CARD
E09274,C0613,11458.69,SUBSCRIPTION_FAILED,Bank_B,E11,P011,WALLET
E09275,C0170,21693.56,PAYMENT_FAILED,Bank_B,E11,P008,UPI
E09276,C0557,13066.02,CHECKOUT_ABANDONED,Bank_D,E42,P001,NETBANKING
E09277,C0003,16168.55,PAYMENT_FAILED,Bank_B,E11,P016,CARD
E09278,C0708,12435.66,PAYMENT_FAILED,Bank_C,E17,P020,NETBANKING
E09279,C0907,8575.01,CHECKOUT_ABANDONED,Bank_A,E42,P001,CARD
E09280,C0518,5951.31,CHECKOUT_ABANDONED,Bank_A,E42,P014,NETBANKING
E09281,C0894,5197.18,INVOICE_OVERDUE,Bank_A,E42,P009,UPI
E09282,C0094,5400.54,CHECKOUT_ABANDONED,Bank_B,E17,P020,CARD
E09283,C0435,3873.0,INVOICE_OVERDUE,Bank_A,E42,P007,WALLET
E09284,C0441,21544.78,SUBSCRIPTION_FAILED,Bank_D,E11,P014,UPI
E09285,C0537,4036.2,SUBSCRIPTION_FAILED,Bank_A,E11,P002,WALLET
E09286,C0421,17357.55,SUBSCRIPTION_FAILED,Bank_B,E42,P005,WALLET
E09287,C0451,6139.83,INVOICE_OVERDUE,Bank_A,E42,P010,NETBANKING
E09288,C0080,13648.58,PAYMENT_FAILED,Bank_A,E17,P018,UPI
E09289,C0739,13697.69,INVOICE_OVERDUE,Bank_C,E11,P001,CARD
E09290,C0966,8704.75,INVOICE_OVERDUE,Bank_A,E11,P004,UPI
E09291,C0660,13363.18,SUBSCRIPTION_FAILED,Bank_D,E42,P019,WALLET
E09292,C0662,7766.97,INVOICE_OVERDUE,Bank_A,E11,P009,NETBANKING
E09293,C0031,13798.87,CHECKOUT_ABANDONED,Bank_C,E11,P001,WALLET
E09294,C0007,6617.44,CHECKOUT_ABANDONED,Bank_A,E42,P004,WALLET
E09295,C0714,12266.3,INVOICE_OVERDUE,Bank_A,E17,P011,CARD
E09296,C0764,976.37,SUBSCRIPTION_FAILED,Bank_A,E42,P013,UPI
E09297,C0943,12179.93,PAYMENT_FAILED,Bank_B,E17,P015,UPI
E09298,C0557,13010.02,INVOICE_OVERDUE,Bank_B,E17,P009,WALLET
E09299,C0405,11484.64,INVOICE_OVERDUE,Bank_C,E23,P019,WALLET
E09300,C0049,23659.26,INVOICE_OVERDUE,Bank_D,E42,P001,WALLET
E09301,C0985,3008.32,PAYMENT_FAILED,Bank_D,E11,P017,UPI
E09302,C0573,13333.51,CHECKOUT_ABANDONED,Bank_A,E11,P010,CARD
E09303,C0387,22486.05,INVOICE_OVERDUE,Bank_A,E42,P007,UPI
E09304,C0837,5679.15,CHECKOUT_ABANDONED,Bank_A,E17,P013,UPI
E09305,C0271,23253.49,CHECKOUT_ABANDONED,Bank_B,E23,P002,UPI
E09306,C0414,20554.45,INVOICE_OVERDUE,Bank_D,E23,P018,CARD
E09307,C0090,16047.99,INVOICE_OVERDUE,Bank_A,E42,P008,WALLET
E09308,C0648,24357.24,PAYMENT_FAILED,Bank_A,E17,P006,NETBANKING
E09309,C0490,18332.78,CHECKOUT_ABANDONED,Bank_A,E11,P020,CARD
E09310,C0164,18589.82,PAYMENT_FAILED,Bank_C,E17,P019,WALLET
E09311,C0374,3431.12,PAYMENT_FAILED,Bank_B,E42,P013,NETBANKING
E09312,C0962,17280.85,INVOICE_OVERDUE,Bank_C,E11,P018,WALLET
E09313,C0042,9879.81,SUBSCRIPTION_FAILED,Bank_A,E17,P003,NETBANKING
E09314,C0412,14631.4,SUBSCRIPTION_FAILED,Bank_A,E42,P010,WALLET
E09315,C0239,3567.36,SUBSCRIPTION_FAILED,Bank_A,E42,P004,WALLET
E09316,C0841,8481.59,CHECKOUT_ABANDONED,Bank_A,E42,P008,WALLET
E09317,C0609,24713.28,SUBSCRIPTION_FAILED,Bank_A,E42,P003,UPI
E09318,C0434,13109.2,PAYMENT_FAILED,Bank_B,E17,P020,NETBANKING
E09319,C0114,9942.97,INVOICE_OVERDUE,Bank_D,E11,P015,UPI
E09320,C0635,24775.17,PAYMENT_FAILED,Bank_A,E42,P004,CARD
E09321,C0016,14574.31,INVOICE_OVERDUE,Bank_A,E42,P014,NETBANKING
E09322,C0778,16629.5,CHECKOUT_ABANDONED,Bank_A,E23,P016,WALLET
E09323,C0865,17963.47,INVOICE_OVERDUE,Bank_A,E42,P017,NETBANKING
E09324,C0058,22152.62,SUBSCRIPTION_FAILED,Bank_A,E42,P020,NETBANKING
E09325,C0443,19199.61,SUBSCRIPTION_FAILED,Bank_D,E23,P010,UPI
E09326,C0232,15662.46,PAYMENT_FAILED,Bank_A,E11,P020,UPI
E09327,C0216,10791.81,PAYMENT_FAILED,Bank_B,E23,P020,NETBANKING
E09328,C0951,23335.98,SUBSCRIPTION_FAILED,Bank_D,E42,P013,CARD
E09329,C0181,7435.85,CHECKOUT_ABANDONED,Bank_A,E17,P001,CARD
E09330,C0620,13684.84,PAYMENT_FAILED,Bank_D,E17,P004,CARD
E09331,C0490,11989.01,INVOICE_OVERDUE,Bank_C,E42,P009,CARD
E09332,C0464,9720.98,INVOICE_OVERDUE,Bank_B,E17,P001,CARD
E09333,C0495,14511.21,PAYMENT_FAILED,Bank_A,E42,P001,UPI
E09334,C0955,10512.1,SUBSCRIPTION_FAILED,Bank_B,E11,P018,UPI
E09335,C0388,10307.47,SUBSCRIPTION_FAILED,Bank_B,E42,P007,UPI
E09336,C0348,19730.31,CHECKOUT_ABANDONED,Bank_C,E42,P009,WALLET
E09337,C0799,19300.55,PAYMENT_FAILED,Bank_B,E23,P013,UPI
E09338,C0311,5545.35,INVOICE_OVERDUE,Bank_A,E42,P015,CARD
E09339,C0684,16346.63,CHECKOUT_ABANDONED,Bank_B,E23,P013,WALLET
E09340,C0253,7163.52,PAYMENT_FAILED,Bank_D,E23,P014,CARD
E09341,C0221,10501.2,CHECKOUT_ABANDONED,Bank_D,E17,P016,UPI
E09342,C0876,14807.8,CHECKOUT_ABANDONED,Bank_A,E11,P003,CARD
E09343,C0843,18902.26,PAYMENT_FAILED,Bank_A,E42,P013,WALLET
E09344,C0676,17888.47,PAYMENT_FAILED,Bank_D,E11,P007,WALLET
E09345,C0997,23281.7,PAYMENT_FAILED,Bank_D,E42,P010,WALLET
E09346,C0800,22284.38,PAYMENT_FAILED,Bank_A,E42,P020,UPI
E09347,C0075,7854.11,PAYMENT_FAILED,Bank_A,E23,P009,NETBANKING
E09348,C0358,5412.15,SUBSCRIPTION_FAILED,Bank_B,E11,P017,WALLET
E09349,C0005,11431.46,SUBSCRIPTION_FAILED,Bank_A,E42,P001,WALLET
E09350,C0387,17733.43,CHECKOUT_ABANDONED,Bank_D,E23,P014,WALLET
E09351,C0419,6411.22,SUBSCRIPTION_FAILED,Bank_D,E17,P002,WALLET
E09352,C0014,4254.67,CHECKOUT_ABANDONED,Bank_C,E17,P015,UPI
E09353,C0920,9808.39,INVOICE_OVERDUE,Bank_A,E42,P018,NETBANKING
E09354,C0224,20830.28,PAYMENT_FAILED,Bank_A,E23,P012,UPI
E09355,C0254,10335.41,PAYMENT_FAILED,Bank_C,E23,P009,UPI
E09356,C0052,12522.32,SUBSCRIPTION_FAILED,Bank_A,E42,P011,CARD
E09357,C0911,20215.82,INVOICE_OVERDUE,Bank_B,E11,P001,WALLET
E09358,C0313,6673.16,CHECKOUT_ABANDONED,Bank_A,E23,P019,NETBANKING
E09359,C0122,24326.48,CHECKOUT_ABANDONED,Bank_A,E17,P020,WALLET
E09360,C0839,8332.31,CHECKOUT_ABANDONED,Bank_B,E11,P002,CARD
E09361,C0173,3036.24,PAYMENT_FAILED,Bank_C,E23,P016,NETBANKING
E09362,C0038,20308.64,CHECKOUT_ABANDONED,Bank_A,E42,P011,CARD
E09363,C0592,4111.55,PAYMENT_FAILED,Bank_C,E23,P019,UPI
E09364,C0448,23963.18,INVOICE_OVERDUE,Bank_D,E17,P009,UPI
E09365,C0388,20942.71,SUBSCRIPTION_FAILED,Bank_D,E42,P015,NETBANKING
E09366,C0895,11948.85,CHECKOUT_ABANDONED,Bank_B,E23,P008,CARD
E09367,C0507,7284.46,INVOICE_OVERDUE,Bank_A,E42,P017,UPI
E09368,C0319,8655.35,PAYMENT_FAILED,Bank_A,E17,P018,UPI
E09369,C0854,15561.61,INVOICE_OVERDUE,Bank_D,E23,P006,CARD
E09370,C0130,18635.46,INVOICE_OVERDUE,Bank_B,E42,P009,NETBANKING
E09371,C0547,21716.15,CHECKOUT_ABANDONED,Bank_C,E11,P001,UPI
E09372,C0983,21471.85,INVOICE_OVERDUE,Bank_B,E23,P014,CARD
E09373,C0020,21009.64,CHECKOUT_ABANDONED,Bank_D,E23,P008,NETBANKING
E09374,C0791,19056.78,PAYMENT_FAILED,Bank_D,E17,P012,WALLET
E09375,C0434,23844.81,CHECKOUT_ABANDONED,Bank_A,E17,P004,NETBANKING
E09376,C0223,7201.48,PAYMENT_FAILED,Bank_D,E11,P002,CARD
E09377,C0684,23853.92,CHECKOUT_ABANDONED,Bank_C,E11,P007,WALLET
E09378,C0359,20515.22,INVOICE_OVERDUE,Bank_C,E11,P005,UPI
E09379,C0185,16873.44,CHECKOUT_ABANDONED,Bank_C,E23,P007,WALLET
E09380,C0310,12620.63,INVOICE_OVERDUE,Bank_A,E23,P016,CARD
E09381,C0475,1469.83,SUBSCRIPTION_FAILED,Bank_B,E11,P006,WALLET
E09382,C0151,10844.91,SUBSCRIPTION_FAILED,Bank_B,E11,P004,NETBANKING
E09383,C0349,8045.71,PAYMENT_FAILED,Bank_A,E42,P017,CARD
E09384,C0826,4685.76,SUBSCRIPTION_FAILED,Bank_D,E23,P014,NETBANKING
E09385,C0623,20426.29,SUBSCRIPTION_FAILED,Bank_B,E42,P011,WALLET
E09386,C0755,3821.01,PAYMENT_FAILED,Bank_D,E11,P002,NETBANKING
E09387,C0042,15943.0,INVOICE_OVERDUE,Bank_B,E17,P018,CARD
E09388,C0885,12379.16,INVOICE_OVERDUE,Bank_D,E23,P002,UPI
E09389,C0338,3584.66,SUBSCRIPTION_FAILED,Bank_A,E23,P019,UPI
E09390,C0391,21604.54,PAYMENT_FAILED,Bank_A,E42,P011,UPI
E09391,C0947,5652.42,INVOICE_OVERDUE,Bank_C,E42,P015,UPI
E09392,C0173,9742.91,PAYMENT_FAILED,Bank_B,E23,P007,UPI
E09393,C0626,12440.15,SUBSCRIPTION_FAILED,Bank_B,E23,P015,CARD
E09394,C0441,19317.18,SUBSCRIPTION_FAILED,Bank_C,E42,P017,NETBANKING
E09395,C0163,10158.49,PAYMENT_FAILED,Bank_C,E42,P008,NETBANKING
E09396,C0302,7089.48,CHECKOUT_ABANDONED,Bank_A,E23,P003,NETBANKING
E09397,C0125,23458.19,CHECKOUT_ABANDONED,Bank_C,E23,P009,WALLET
E09398,C0551,17308.87,CHECKOUT_ABANDONED,Bank_B,E11,P005,NETBANKING
E09399,C0119,18154.28,INVOICE_OVERDUE,Bank_A,E42,P010,CARD
E09400,C0672,888.21,SUBSCRIPTION_FAILED,Bank_A,E42,P004,NETBANKING
E09401,C0028,24915.33,SUBSCRIPTION_FAILED,Bank_C,E11,P015,NETBANKING
E09402,C0526,3090.66,SUBSCRIPTION_FAILED,Bank_C,E11,P001,WALLET
E09403,C0651,14246.26,INVOICE_OVERDUE,Bank_B,E42,P016,WALLET
E09404,C0022,18984.37,PAYMENT_FAILED,Bank_D,E23,P019,CARD
E09405,C0687,17921.9,INVOICE_OVERDUE,Bank_A,E23,P009,UPI
E09406,C0919,13487.2,INVOICE_OVERDUE,Bank_A,E23,P017,NETBANKING
E09407,C0944,21435.87,INVOICE_OVERDUE,Bank_A,E42,P011,WALLET
E09408,C0628,2561.19,CHECKOUT_ABANDONED,Bank_A,E11,P017,CARD
E09409,C0778,6772.76,INVOICE_OVERDUE,Bank_C,E23,P011,UPI
E09410,C0693,8965.65,INVOICE_OVERDUE,Bank_C,E23,P003,UPI
E09411,C0630,3473.25,CHECKOUT_ABANDONED,Bank_A,E42,P009,CARD
E09412,C0393,21512.99,CHECKOUT_ABANDONED,Bank_C,E23,P001,NETBANKING
E09413,C0235,1181.15,CHECKOUT_ABANDONED,Bank_D,E11,P013,NETBANKING
E09414,C0775,4095.12,CHECKOUT_ABANDONED,Bank_A,E42,P004,CARD
E09415,C0715,24505.45,CHECKOUT_ABANDONED,Bank_C,E11,P013,WALLET
E09416,C0732,15322.51,INVOICE_OVERDUE,Bank_D,E23,P010,NETBANKING
E09417,C0375,8379.39,SUBSCRIPTION_FAILED,Bank_A,E42,P002,CARD
E09418,C0556,1322.0,INVOICE_OVERDUE,Bank_A,E23,P005,WALLET
E09419,C0033,21355.38,PAYMENT_FAILED,Bank_A,E42,P002,WALLET
E09420,C0658,14064.29,PAYMENT_FAILED,Bank_A,E42,P018,WALLET
E09421,C0771,21944.54,SUBSCRIPTION_FAILED,Bank_A,E17,P012,WALLET
E09422,C0500,13120.33,PAYMENT_FAILED,Bank_A,E42,P004,WALLET
E09423,C0753,8365.58,CHECKOUT_ABANDONED,Bank_A,E11,P008,NETBANKING
E09424,C0159,7714.0,PAYMENT_FAILED,Bank_A,E42,P013,WALLET
E09425,C0616,15983.37,PAYMENT_FAILED,Bank_D,E11,P008,CARD
E09426,C0445,12767.55,CHECKOUT_ABANDONED,Bank_D,E23,P002,NETBANKING
E09427,C0456,15112.73,PAYMENT_FAILED,Bank_D,E11,P010,UPI
E09428,C0312,19430.28,INVOICE_OVERDUE,Bank_A,E11,P016,UPI
E09429,C0723,13202.9,INVOICE_OVERDUE,Bank_A,E23,P009,WALLET
E09430,C0045,19461.49,PAYMENT_FAILED,Bank_A,E42,P010,CARD
E09431,C0281,10415.07,SUBSCRIPTION_FAILED,Bank_B,E42,P017,UPI
E09432,C0936,17924.72,SUBSCRIPTION_FAILED,Bank_A,E11,P018,UPI
E09433,C0045,24808.25,INVOICE_OVERDUE,Bank_A,E23,P005,CARD
E09434,C0718,15285.85,INVOICE_OVERDUE,Bank_B,E11,P005,CARD
E09435,C0051,18517.93,INVOICE_OVERDUE,Bank_B,E42,P016,UPI
E09436,C0657,12360.71,CHECKOUT_ABANDONED,Bank_B,E42,P015,WALLET
E09437,C0358,812.16,SUBSCRIPTION_FAILED,Bank_A,E42,P002,CARD
E09438,C0448,24040.77,SUBSCRIPTION_FAILED,Bank_C,E11,P004,NETBANKING
E09439,C0555,12094.95,INVOICE_OVERDUE,Bank_A,E42,P007,NETBANKING
E09440,C0883,12143.68,INVOICE_OVERDUE,Bank_A,E42,P004,UPI
E09441,C0634,1351.88,INVOICE_OVERDUE,Bank_A,E42,P020,CARD
E09442,C0925,19860.33,PAYMENT_FAILED,Bank_D,E42,P009,UPI
E09443,C0954,13415.95,PAYMENT_FAILED,Bank_A,E17,P016,UPI
E09444,C0232,17179.11,INVOICE_OVERDUE,Bank_D,E42,P003,CARD
E09445,C0873,1670.64,CHECKOUT_ABANDONED,Bank_A,E11,P017,UPI
E09446,C0489,4073.88,INVOICE_OVERDUE,Bank_C,E23,P007,NETBANKING
E09447,C0929,8847.57,PAYMENT_FAILED,Bank_C,E11,P006,WALLET
E09448,C0995,15358.32,INVOICE_OVERDUE,Bank_A,E42,P004,WALLET
E09449,C0088,21543.61,CHECKOUT_ABANDONED,Bank_A,E11,P009,CARD
E09450,C0287,15583.22,PAYMENT_FAILED,Bank_D,E23,P019,WALLET
E09451,C0481,14465.78,CHECKOUT_ABANDONED,Bank_B,E17,P001,CARD
E09452,C0003,23013.88,CHECKOUT_ABANDONED,Bank_A,E42,P002,UPI
E09453,C0930,13409.2,CHECKOUT_ABANDONED,Bank_B,E42,P001,WALLET
E09454,C0835,16939.42,SUBSCRIPTION_FAILED,Bank_D,E17,P002,CARD
E09455,C0950,16092.75,CHECKOUT_ABANDONED,Bank_D,E42,P014,NETBANKING
E09456,C0742,15486.36,INVOICE_OVERDUE,Bank_B,E23,P019,UPI
E09457,C0680,12349.27,PAYMENT_FAILED,Bank_A,E42,P001,WALLET
E09458,C0661,19422.24,SUBSCRIPTION_FAILED,Bank_C,E42,P019,CARD
E09459,C0195,13521.41,SUBSCRIPTION_FAILED,Bank_B,E17,P006,WALLET
E09460,C0393,1064.67,PAYMENT_FAILED,Bank_A,E42,P018,CARD
E09461,C0408,5751.53,CHECKOUT_ABANDONED,Bank_A,E42,P006,CARD
E09462,C0658,15518.95,PAYMENT_FAILED,Bank_D,E23,P020,UPI
E09463,C0424,19734.81,INVOICE_OVERDUE,Bank_A,E17,P007,CARD
E09464,C0443,11420.55,SUBSCRIPTION_FAILED,Bank_A,E17,P014,NETBANKING
E09465,C0943,5764.46,INVOICE_OVERDUE,Bank_D,E17,P018,WALLET
E09466,C0195,24184.71,SUBSCRIPTION_FAILED,Bank_B,E42,P011,CARD
E09467,C0193,24508.46,SUBSCRIPTION_FAILED,Bank_D,E23,P008,UPI
E09468,C0029,16730.49,INVOICE_OVERDUE,Bank_C,E42,P016,UPI
E09469,C0941,4692.37,INVOICE_OVERDUE,Bank_C,E23,P012,CARD
E09470,C0060,17355.52,SUBSCRIPTION_FAILED,Bank_A,E17,P010,UPI
E09471,C0528,9292.94,CHECKOUT_ABANDONED,Bank_D,E17,P002,CARD
E09472,C0615,7547.68,SUBSCRIPTION_FAILED,Bank_C,E23,P004,NETBANKING
E09473,C0707,5111.4,INVOICE_OVERDUE,Bank_A,E23,P009,WALLET
E09474,C0998,6003.42,INVOICE_OVERDUE,Bank_A,E42,P012,CARD
E09475,C0215,14457.09,CHECKOUT_ABANDONED,Bank_C,E23,P013,WALLET
E09476,C0960,15019.22,INVOICE_OVERDUE,Bank_C,E23,P015,NETBANKING
E09477,C0434,2870.09,INVOICE_OVERDUE,Bank_A,E42,P004,CARD
E09478,C0763,12365.81,INVOICE_OVERDUE,Bank_A,E42,P016,CARD
E09479,C0742,13639.18,SUBSCRIPTION_FAILED,Bank_A,E42,P003,UPI
E09480,C0573,17443.07,PAYMENT_FAILED,Bank_A,E42,P018,WALLET
E09481,C0167,3477.86,PAYMENT_FAILED,Bank_D,E11,P019,CARD
E09482,C0708,6272.91,CHECKOUT_ABANDONED,Bank_C,E17,P019,NETBANKING
E09483,C0021,9038.49,INVOICE_OVERDUE,Bank_A,E42,P007,NETBANKING
E09484,C0125,12413.9,CHECKOUT_ABANDONED,Bank_A,E42,P006,WALLET
E09485,C0051,2136.39,PAYMENT_FAILED,Bank_C,E11,P006,WALLET
E09486,C0541,5152.52,CHECKOUT_ABANDONED,Bank_D,E23,P015,UPI
E09487,C0979,4857.16,INVOICE_OVERDUE,Bank_A,E42,P018,WALLET
E09488,C0813,8699.56,PAYMENT_FAILED,Bank_B,E17,P002,CARD
E09489,C0217,23508.91,CHECKOUT_ABANDONED,Bank_C,E11,P007,UPI
E09490,C0607,22822.87,INVOICE_OVERDUE,Bank_A,E11,P011,NETBANKING
E09491,C0381,12001.73,INVOICE_OVERDUE,Bank_C,E42,P002,UPI
E09492,C0508,16680.36,SUBSCRIPTION_FAILED,Bank_B,E17,P011,NETBANKING
E09493,C0361,5892.12,CHECKOUT_ABANDONED,Bank_C,E11,P009,UPI
E09494,C0618,10520.97,CHECKOUT_ABANDONED,Bank_A,E17,P013,WALLET
E09495,C0111,3626.54,SUBSCRIPTION_FAILED,Bank_A,E42,P020,UPI
E09496,C0401,9164.11,INVOICE_OVERDUE,Bank_A,E23,P009,WALLET
E09497,C0970,14945.99,INVOICE_OVERDUE,Bank_A,E11,P001,CARD
E09498,C0063,4609.23,SUBSCRIPTION_FAILED,Bank_A,E42,P006,CARD
E09499,C0461,2590.38,INVOICE_OVERDUE,Bank_A,E42,P007,UPI
E09500,C0202,12485.82,CHECKOUT_ABANDONED,Bank_C,E11,P006,NETBANKING
E09501,C0097,9228.92,CHECKOUT_ABANDONED,Bank_C,E17,P009,CARD
E09502,C0142,5577.63,SUBSCRIPTION_FAILED,Bank_A,E42,P005,CARD
E09503,C0566,24626.32,PAYMENT_FAILED,Bank_A,E23,P005,WALLET
E09504,C0246,5063.92,PAYMENT_FAILED,Bank_A,E11,P018,CARD
E09505,C0995,2367.82,CHECKOUT_ABANDONED,Bank_B,E42,P014,UPI
E09506,C0938,20188.42,INVOICE_OVERDUE,Bank_D,E17,P001,WALLET
E09507,C0302,17165.38,PAYMENT_FAILED,Bank_B,E42,P007,WALLET
E09508,C0507,12094.49,PAYMENT_FAILED,Bank_D,E23,P012,NETBANKING
E09509,C0221,4674.61,INVOICE_OVERDUE,Bank_A,E42,P017,NETBANKING
E09510,C0796,17272.21,INVOICE_OVERDUE,Bank_B,E23,P015,CARD
E09511,C0290,1322.55,CHECKOUT_ABANDONED,Bank_B,E42,P008,CARD
E09512,C0532,1763.65,CHECKOUT_ABANDONED,Bank_A,E42,P019,WALLET
E09513,C0303,22400.89,PAYMENT_FAILED,Bank_D,E17,P017,UPI
E09514,C0663,20491.13,INVOICE_OVERDUE,Bank_C,E42,P015,NETBANKING
E09515,C0384,24394.75,INVOICE_OVERDUE,Bank_D,E17,P011,UPI
E09516,C0135,21605.82,INVOICE_OVERDUE,Bank_B,E42,P011,NETBANKING
E09517,C0512,17617.56,SUBSCRIPTION_FAILED,Bank_C,E42,P004,NETBANKING
E09518,C0990,24459.19,PAYMENT_FAILED,Bank_A,E42,P020,WALLET
E09519,C0411,7689.83,PAYMENT_FAILED,Bank_A,E42,P016,UPI
E09520,C0813,11228.82,CHECKOUT_ABANDONED,Bank_A,E42,P017,CARD
E09521,C0748,22337.66,INVOICE_OVERDUE,Bank_C,E23,P016,CARD
E09522,C0375,22000.89,CHECKOUT_ABANDONED,Bank_C,E42,P018,CARD
E09523,C0401,12820.71,CHECKOUT_ABANDONED,Bank_A,E11,P008,NETBANKING
E09524,C0694,13989.55,PAYMENT_FAILED,Bank_D,E23,P011,CARD
E09525,C0229,21824.53,PAYMENT_FAILED,Bank_C,E23,P013,WALLET
E09526,C0200,1714.71,CHECKOUT_ABANDONED,Bank_C,E11,P014,WALLET
E09527,C0443,22422.3,CHECKOUT_ABANDONED,Bank_A,E42,P017,CARD
E09528,C0667,19157.21,SUBSCRIPTION_FAILED,Bank_B,E11,P010,CARD
E09529,C0396,18309.63,CHECKOUT_ABANDONED,Bank_D,E11,P015,NETBANKING
E09530,C0419,6777.14,INVOICE_OVERDUE,Bank_C,E42,P006,UPI
E09531,C0982,24250.27,INVOICE_OVERDUE,Bank_A,E42,P017,CARD
E09532,C0704,8634.49,CHECKOUT_ABANDONED,Bank_B,E23,P020,NETBANKING
E09533,C0618,21761.66,INVOICE_OVERDUE,Bank_A,E23,P019,NETBANKING
E09534,C0108,14655.67,PAYMENT_FAILED,Bank_A,E17,P016,CARD
E09535,C0822,7658.16,CHECKOUT_ABANDONED,Bank_D,E17,P003,NETBANKING
E09536,C0848,8632.43,INVOICE_OVERDUE,Bank_A,E11,P002,CARD
E09537,C0692,9211.63,PAYMENT_FAILED,Bank_B,E11,P012,CARD
E09538,C0923,16662.78,SUBSCRIPTION_FAILED,Bank_B,E11,P005,CARD
E09539,C0824,16981.34,INVOICE_OVERDUE,Bank_A,E42,P012,WALLET
E09540,C0888,23679.13,SUBSCRIPTION_FAILED,Bank_B,E17,P014,NETBANKING
E09541,C0844,10624.39,CHECKOUT_ABANDONED,Bank_D,E42,P010,WALLET
E09542,C0816,20699.56,CHECKOUT_ABANDONED,Bank_C,E17,P007,NETBANKING
E09543,C0804,3587.69,SUBSCRIPTION_FAILED,Bank_C,E11,P015,UPI
E09544,C0502,4119.98,SUBSCRIPTION_FAILED,Bank_A,E11,P016,CARD
E09545,C0653,12844.04,SUBSCRIPTION_FAILED,Bank_B,E23,P013,CARD
E09546,C0028,9241.71,INVOICE_OVERDUE,Bank_C,E17,P008,UPI
E09547,C0086,5462.8,SUBSCRIPTION_FAILED,Bank_D,E42,P001,NETBANKING
E09548,C0409,11306.37,PAYMENT_FAILED,Bank_D,E42,P013,UPI
E09549,C0160,6969.35,CHECKOUT_ABANDONED,Bank_A,E23,P005,CARD
E09550,C0181,5308.84,CHECKOUT_ABANDONED,Bank_C,E42,P002,WALLET
E09551,C0943,7138.78,PAYMENT_FAILED,Bank_A,E42,P008,CARD
E09552,C0336,12747.01,CHECKOUT_ABANDONED,Bank_B,E11,P008,WALLET
E09553,C0997,17832.61,INVOICE_OVERDUE,Bank_A,E23,P020,WALLET
E09554,C0072,6295.55,INVOICE_OVERDUE,Bank_A,E11,P006,UPI
E09555,C0971,3942.85,PAYMENT_FAILED,Bank_C,E11,P002,WALLET
E09556,C0040,9496.27,SUBSCRIPTION_FAILED,Bank_A,E17,P004,CARD
E09557,C0562,3572.34,PAYMENT_FAILED,Bank_C,E42,P006,WALLET
E09558,C0377,16876.78,PAYMENT_FAILED,Bank_D,E17,P003,NETBANKING
E09559,C0706,9137.61,CHECKOUT_ABANDONED,Bank_B,E23,P017,WALLET
E09560,C0668,5035.93,INVOICE_OVERDUE,Bank_C,E42,P005,UPI
E09561,C0523,21688.01,PAYMENT_FAILED,Bank_A,E11,P009,NETBANKING
E09562,C0470,17685.44,CHECKOUT_ABANDONED,Bank_D,E17,P017,UPI
E09563,C0079,13185.93,PAYMENT_FAILED,Bank_A,E11,P014,CARD
E09564,C0500,8228.3,PAYMENT_FAILED,Bank_B,E23,P003,CARD
E09565,C0431,18612.94,INVOICE_OVERDUE,Bank_B,E23,P001,NETBANKING
E09566,C0766,11766.41,CHECKOUT_ABANDONED,Bank_C,E42,P009,UPI
E09567,C0058,8822.18,SUBSCRIPTION_FAILED,Bank_A,E42,P011,NETBANKING
E09568,C0802,3653.8,CHECKOUT_ABANDONED,Bank_A,E42,P001,WALLET
E09569,C0816,9787.65,SUBSCRIPTION_FAILED,Bank_D,E23,P014,CARD
E09570,C0014,19483.09,CHECKOUT_ABANDONED,Bank_B,E23,P004,NETBANKING
E09571,C0317,10455.0,CHECKOUT_ABANDONED,Bank_D,E42,P003,UPI
E09572,C0109,16963.48,PAYMENT_FAILED,Bank_C,E17,P003,CARD
E09573,C0304,573.59,SUBSCRIPTION_FAILED,Bank_A,E23,P012,UPI
E09574,C0923,4685.83,CHECKOUT_ABANDONED,Bank_B,E23,P016,WALLET
E09575,C0394,24055.3,PAYMENT_FAILED,Bank_D,E23,P005,NETBANKING
E09576,C0812,17347.01,CHECKOUT_ABANDONED,Bank_A,E42,P005,WALLET
E09577,C0768,24141.87,PAYMENT_FAILED,Bank_B,E17,P015,UPI
E09578,C0433,7792.48,SUBSCRIPTION_FAILED,Bank_A,E42,P016,NETBANKING
E09579,C0175,18284.91,PAYMENT_FAILED,Bank_A,E17,P014,CARD
E09580,C0515,12354.05,SUBSCRIPTION_FAILED,Bank_A,E42,P018,WALLET
E09581,C0443,4943.49,SUBSCRIPTION_FAILED,Bank_A,E42,P008,UPI
E09582,C0761,23878.1,PAYMENT_FAILED,Bank_A,E17,P002,WALLET
E09583,C0246,17089.23,SUBSCRIPTION_FAILED,Bank_B,E42,P010,NETBANKING
E09584,C0490,11127.88,CHECKOUT_ABANDONED,Bank_D,E11,P017,UPI
E09585,C0372,2202.73,CHECKOUT_ABANDONED,Bank_A,E42,P015,WALLET
E09586,C0298,2774.24,INVOICE_OVERDUE,Bank_A,E17,P003,CARD
E09587,C0227,512.86,SUBSCRIPTION_FAILED,Bank_D,E11,P019,CARD
E09588,C0244,5219.78,PAYMENT_FAILED,Bank_A,E42,P012,UPI
E09589,C0235,8646.95,CHECKOUT_ABANDONED,Bank_D,E17,P002,CARD
E09590,C0486,2895.92,PAYMENT_FAILED,Bank_B,E42,P017,CARD
E09591,C0150,14640.16,PAYMENT_FAILED,Bank_C,E17,P003,NETBANKING
E09592,C0914,22028.55,INVOICE_OVERDUE,Bank_A,E42,P010,UPI
E09593,C0771,20958.09,PAYMENT_FAILED,Bank_A,E42,P017,WALLET
E09594,C0191,24468.55,INVOICE_OVERDUE,Bank_B,E42,P003,WALLET
E09595,C0504,10540.87,INVOICE_OVERDUE,Bank_A,E42,P011,NETBANKING
E09596,C0118,20780.75,INVOICE_OVERDUE,Bank_C,E17,P005,CARD
E09597,C0586,10245.28,SUBSCRIPTION_FAILED,Bank_A,E42,P014,WALLET
E09598,C0655,16791.23,SUBSCRIPTION_FAILED,Bank_A,E17,P019,NETBANKING
E09599,C0565,21198.49,CHECKOUT_ABANDONED,Bank_B,E42,P020,CARD
E09600,C0477,17061.24,PAYMENT_FAILED,Bank_A,E42,P002,WALLET
E09601,C0413,6041.61,INVOICE_OVERDUE,Bank_B,E17,P004,CARD
E09602,C0215,5176.17,CHECKOUT_ABANDONED,Bank_A,E17,P019,WALLET
E09603,C0499,19827.52,PAYMENT_FAILED,Bank_A,E23,P018,CARD
E09604,C0387,17856.67,PAYMENT_FAILED,Bank_C,E11,P007,CARD
E09605,C0471,7293.12,SUBSCRIPTION_FAILED,Bank_A,E42,P003,WALLET
E09606,C0121,17751.9,INVOICE_OVERDUE,Bank_B,E42,P019,UPI
E09607,C0584,8862.45,INVOICE_OVERDUE,Bank_B,E11,P016,CARD
E09608,C0961,10053.38,SUBSCRIPTION_FAILED,Bank_A,E42,P011,CARD
E09609,C0881,14089.57,INVOICE_OVERDUE,Bank_D,E23,P008,NETBANKING
E09610,C0727,3631.25,INVOICE_OVERDUE,Bank_A,E23,P020,UPI
E09611,C0165,6034.08,PAYMENT_FAILED,Bank_A,E23,P004,NETBANKING
E09612,C0571,14842.69,SUBSCRIPTION_FAILED,Bank_B,E11,P015,UPI
E09613,C0255,1722.07,INVOICE_OVERDUE,Bank_D,E42,P009,UPI
E09614,C0188,8819.06,CHECKOUT_ABANDONED,Bank_D,E17,P006,CARD
E09615,C0452,17232.06,CHECKOUT_ABANDONED,Bank_C,E23,P017,CARD
E09616,C0752,5715.34,PAYMENT_FAILED,Bank_D,E17,P020,UPI
E09617,C0780,19764.24,INVOICE_OVERDUE,Bank_A,E17,P008,CARD
E09618,C0007,24556.41,SUBSCRIPTION_FAILED,Bank_A,E42,P002,NETBANKING
E09619,C0942,1976.65,CHECKOUT_ABANDONED,Bank_D,E11,P018,WALLET
E09620,C0999,23824.04,CHECKOUT_ABANDONED,Bank_A,E11,P002,WALLET
E09621,C0698,8525.07,INVOICE_OVERDUE,Bank_A,E11,P016,NETBANKING
E09622,C0190,3390.4,SUBSCRIPTION_FAILED,Bank_A,E17,P009,WALLET
E09623,C0172,4332.51,INVOICE_OVERDUE,Bank_C,E17,P005,UPI
E09624,C0558,6981.08,INVOICE_OVERDUE,Bank_B,E17,P004,NETBANKING
E09625,C0852,10688.45,PAYMENT_FAILED,Bank_C,E42,P020,UPI
E09626,C0826,7040.81,INVOICE_OVERDUE,Bank_A,E11,P005,NETBANKING
E09627,C0236,23559.91,INVOICE_OVERDUE,Bank_B,E17,P002,CARD
E09628,C0663,7701.38,CHECKOUT_ABANDONED,Bank_A,E23,P004,WALLET
E09629,C0118,23895.88,CHECKOUT_ABANDONED,Bank_A,E42,P004,WALLET
E09630,C0820,13254.56,PAYMENT_FAILED,Bank_C,E11,P002,WALLET
E09631,C0371,23294.27,PAYMENT_FAILED,Bank_A,E42,P003,WALLET
E09632,C0990,21550.29,PAYMENT_FAILED,Bank_B,E17,P018,CARD
E09633,C0705,4008.03,CHECKOUT_ABANDONED,Bank_B,E23,P020,NETBANKING
E09634,C0395,11833.73,INVOICE_OVERDUE,Bank_D,E23,P016,WALLET
E09635,C0480,18419.49,CHECKOUT_ABANDONED,Bank_C,E17,P016,CARD
E09636,C0364,15138.21,CHECKOUT_ABANDONED,Bank_C,E23,P007,WALLET
E09637,C0258,24875.71,INVOICE_OVERDUE,Bank_C,E23,P017,WALLET
E09638,C0205,13621.26,PAYMENT_FAILED,Bank_D,E17,P017,CARD
E09639,C0334,13811.07,PAYMENT_FAILED,Bank_D,E17,P018,UPI
E09640,C0005,3125.94,SUBSCRIPTION_FAILED,Bank_B,E23,P012,WALLET
E09641,C0719,10358.07,INVOICE_OVERDUE,Bank_A,E11,P020,UPI
E09642,C0637,14425.65,PAYMENT_FAILED,Bank_A,E42,P006,CARD
E09643,C0904,18796.99,INVOICE_OVERDUE,Bank_C,E17,P005,WALLET
E09644,C0065,19045.84,CHECKOUT_ABANDONED,Bank_C,E23,P008,NETBANKING
E09645,C0699,1123.74,INVOICE_OVERDUE,Bank_C,E11,P008,NETBANKING
E09646,C0231,22501.1,SUBSCRIPTION_FAILED,Bank_A,E23,P003,WALLET
E09647,C0082,20403.94,PAYMENT_FAILED,Bank_D,E11,P018,WALLET
E09648,C0670,13566.3,SUBSCRIPTION_FAILED,Bank_A,E42,P005,CARD
E09649,C0847,12314.72,SUBSCRIPTION_FAILED,Bank_D,E17,P008,WALLET
E09650,C0961,15162.49,PAYMENT_FAILED,Bank_B,E17,P014,CARD
E09651,C0318,2652.83,INVOICE_OVERDUE,Bank_A,E42,P003,CARD
E09652,C0446,4236.65,INVOICE_OVERDUE,Bank_A,E42,P014,UPI
E09653,C0908,2893.0,CHECKOUT_ABANDONED,Bank_B,E23,P015,WALLET
E09654,C0368,7204.45,PAYMENT_FAILED,Bank_C,E11,P013,NETBANKING
E09655,C0525,17143.64,SUBSCRIPTION_FAILED,Bank_C,E17,P013,UPI
E09656,C0305,24949.98,CHECKOUT_ABANDONED,Bank_D,E23,P014,CARD
E09657,C0460,19319.45,SUBSCRIPTION_FAILED,Bank_B,E42,P016,CARD
E09658,C0255,15905.29,SUBSCRIPTION_FAILED,Bank_A,E42,P010,WALLET
E09659,C0978,12623.78,PAYMENT_FAILED,Bank_D,E11,P015,WALLET
E09660,C0985,10890.81,CHECKOUT_ABANDONED,Bank_B,E42,P015,NETBANKING
E09661,C0346,23770.98,SUBSCRIPTION_FAILED,Bank_A,E11,P017,UPI
E09662,C0053,14459.99,INVOICE_OVERDUE,Bank_A,E11,P016,CARD
E09663,C0111,12764.16,CHECKOUT_ABANDONED,Bank_A,E42,P009,WALLET
E09664,C0123,6817.66,PAYMENT_FAILED,Bank_C,E17,P011,NETBANKING
E09665,C0042,9301.78,PAYMENT_FAILED,Bank_A,E42,P020,UPI
E09666,C0771,20188.29,CHECKOUT_ABANDONED,Bank_A,E23,P002,WALLET
E09667,C0711,8950.71,PAYMENT_FAILED,Bank_C,E17,P020,CARD
E09668,C0193,18977.95,CHECKOUT_ABANDONED,Bank_D,E11,P006,UPI
E09669,C0958,17275.21,CHECKOUT_ABANDONED,Bank_C,E11,P012,WALLET
E09670,C0042,753.29,INVOICE_OVERDUE,Bank_A,E11,P008,NETBANKING
E09671,C0042,7165.96,PAYMENT_FAILED,Bank_D,E17,P004,UPI
E09672,C0277,24664.37,PAYMENT_FAILED,Bank_A,E23,P012,CARD
E09673,C0946,17650.53,SUBSCRIPTION_FAILED,Bank_D,E17,P019,UPI
E09674,C0772,24139.02,SUBSCRIPTION_FAILED,Bank_D,E17,P013,CARD
E09675,C0552,5422.01,SUBSCRIPTION_FAILED,Bank_D,E42,P008,CARD
E09676,C0095,11855.36,SUBSCRIPTION_FAILED,Bank_A,E42,P010,WALLET
E09677,C0443,19331.13,SUBSCRIPTION_FAILED,Bank_D,E11,P017,WALLET
E09678,C0064,11524.11,INVOICE_OVERDUE,Bank_D,E11,P010,NETBANKING
E09679,C0072,22290.99,CHECKOUT_ABANDONED,Bank_A,E17,P010,UPI
E09680,C0453,8048.12,INVOICE_OVERDUE,Bank_A,E11,P010,WALLET
E09681,C0690,17726.98,CHECKOUT_ABANDONED,Bank_C,E11,P004,CARD
E09682,C0638,10397.43,PAYMENT_FAILED,Bank_C,E11,P008,NETBANKING
E09683,C0337,2005.05,PAYMENT_FAILED,Bank_A,E42,P020,WALLET
E09684,C0402,18355.97,PAYMENT_FAILED,Bank_C,E42,P005,WALLET
E09685,C0291,20671.85,CHECKOUT_ABANDONED,Bank_A,E42,P010,NETBANKING
E09686,C0383,18600.05,SUBSCRIPTION_FAILED,Bank_D,E17,P017,NETBANKING
E09687,C0961,6327.41,CHECKOUT_ABANDONED,Bank_A,E42,P003,CARD
E09688,C0496,9020.69,PAYMENT_FAILED,Bank_A,E42,P016,UPI
E09689,C0362,21003.76,PAYMENT_FAILED,Bank_D,E42,P013,UPI
E09690,C0080,19870.8,PAYMENT_FAILED,Bank_D,E42,P003,CARD
E09691,C0602,14349.86,CHECKOUT_ABANDONED,Bank_D,E17,P018,NETBANKING
E09692,C0249,8345.3,INVOICE_OVERDUE,Bank_B,E42,P018,NETBANKING
E09693,C0867,16242.27,INVOICE_OVERDUE,Bank_A,E42,P019,UPI
E09694,C0064,20203.91,CHECKOUT_ABANDONED,Bank_A,E11,P008,NETBANKING
E09695,C0678,24533.64,INVOICE_OVERDUE,Bank_A,E42,P019,NETBANKING
E09696,C0433,22690.28,PAYMENT_FAILED,Bank_B,E42,P003,CARD
E09697,C0585,12909.6,CHECKOUT_ABANDONED,Bank_A,E42,P002,UPI
E09698,C0073,7238.05,PAYMENT_FAILED,Bank_D,E23,P009,NETBANKING
E09699,C0792,17597.52,CHECKOUT_ABANDONED,Bank_A,E42,P009,NETBANKING
E09700,C0197,23487.58,INVOICE_OVERDUE,Bank_B,E11,P010,CARD
E09701,C0325,21902.23,PAYMENT_FAILED,Bank_A,E23,P002,NETBANKING
E09702,C0702,17102.24,CHECKOUT_ABANDONED,Bank_D,E42,P013,WALLET
E09703,C0442,6051.35,SUBSCRIPTION_FAILED,Bank_D,E23,P003,WALLET
E09704,C0054,14101.8,PAYMENT_FAILED,Bank_A,E11,P002,NETBANKING
E09705,C0197,19991.94,INVOICE_OVERDUE,Bank_C,E17,P001,NETBANKING
E09706,C0516,2493.01,PAYMENT_FAILED,Bank_C,E17,P005,UPI
E09707,C0104,5160.14,INVOICE_OVERDUE,Bank_C,E42,P005,NETBANKING
E09708,C0367,2459.7,CHECKOUT_ABANDONED,Bank_B,E23,P009,CARD
E09709,C0990,22678.55,CHECKOUT_ABANDONED,Bank_A,E42,P018,WALLET
E09710,C0110,2570.46,INVOICE_OVERDUE,Bank_B,E11,P001,WALLET
E09711,C0590,20393.48,SUBSCRIPTION_FAILED,Bank_D,E11,P001,UPI
E09712,C0839,5639.35,INVOICE_OVERDUE,Bank_D,E11,P003,CARD
E09713,C0176,22596.34,PAYMENT_FAILED,Bank_D,E17,P007,NETBANKING
E09714,C0425,20269.8,PAYMENT_FAILED,Bank_A,E42,P019,WALLET
E09715,C0985,19459.38,CHECKOUT_ABANDONED,Bank_B,E11,P014,NETBANKING
E09716,C0903,13291.04,PAYMENT_FAILED,Bank_A,E42,P016,WALLET
E09717,C0636,6484.01,PAYMENT_FAILED,Bank_C,E42,P012,UPI
E09718,C0821,14145.04,INVOICE_OVERDUE,Bank_A,E42,P017,NETBANKING
E09719,C0788,18971.41,PAYMENT_FAILED,Bank_D,E11,P020,CARD
E09720,C0047,3652.16,CHECKOUT_ABANDONED,Bank_A,E11,P015,CARD
E09721,C0381,7655.63,SUBSCRIPTION_FAILED,Bank_B,E23,P010,NETBANKING
E09722,C0305,5421.93,CHECKOUT_ABANDONED,Bank_D,E42,P009,UPI
E09723,C0260,6447.61,INVOICE_OVERDUE,Bank_D,E42,P010,UPI
E09724,C0382,5262.75,SUBSCRIPTION_FAILED,Bank_D,E23,P012,NETBANKING
E09725,C0511,20285.76,CHECKOUT_ABANDONED,Bank_C,E42,P005,WALLET
E09726,C0015,13006.86,SUBSCRIPTION_FAILED,Bank_A,E42,P002,UPI
E09727,C0399,11779.73,INVOICE_OVERDUE,Bank_D,E42,P005,CARD
E09728,C0946,17169.88,SUBSCRIPTION_FAILED,Bank_A,E42,P018,NETBANKING
E09729,C0881,5311.68,INVOICE_OVERDUE,Bank_A,E42,P007,CARD
E09730,C0417,24716.24,CHECKOUT_ABANDONED,Bank_D,E42,P004,WALLET
E09731,C0130,2598.81,SUBSCRIPTION_FAILED,Bank_D,E17,P012,UPI
E09732,C0647,1843.91,PAYMENT_FAILED,Bank_A,E42,P002,NETBANKING
E09733,C0417,3135.55,PAYMENT_FAILED,Bank_B,E17,P019,UPI
E09734,C0684,16965.27,PAYMENT_FAILED,Bank_C,E11,P012,WALLET
E09735,C0228,19153.67,SUBSCRIPTION_FAILED,Bank_A,E17,P005,CARD
E09736,C0401,12608.85,INVOICE_OVERDUE,Bank_B,E23,P003,WALLET
E09737,C0107,20372.61,INVOICE_OVERDUE,Bank_C,E17,P007,NETBANKING
E09738,C0220,3820.98,CHECKOUT_ABANDONED,Bank_A,E23,P006,NETBANKING
E09739,C0642,7371.35,INVOICE_OVERDUE,Bank_A,E23,P008,CARD
E09740,C0878,23831.04,CHECKOUT_ABANDONED,Bank_B,E17,P016,UPI
E09741,C0601,11422.27,CHECKOUT_ABANDONED,Bank_D,E42,P017,UPI
E09742,C0075,8931.12,SUBSCRIPTION_FAILED,Bank_B,E11,P007,CARD
E09743,C0225,9639.02,CHECKOUT_ABANDONED,Bank_A,E11,P016,CARD
E09744,C0998,9299.97,SUBSCRIPTION_FAILED,Bank_C,E23,P007,NETBANKING
E09745,C0958,20665.71,PAYMENT_FAILED,Bank_A,E42,P004,WALLET
E09746,C0197,9624.52,SUBSCRIPTION_FAILED,Bank_B,E42,P001,UPI
E09747,C0620,20490.26,SUBSCRIPTION_FAILED,Bank_A,E17,P009,WALLET
E09748,C0907,17641.76,SUBSCRIPTION_FAILED,Bank_A,E42,P020,WALLET
E09749,C0006,21318.85,PAYMENT_FAILED,Bank_D,E42,P012,NETBANKING
E09750,C0763,15943.27,PAYMENT_FAILED,Bank_C,E17,P006,CARD
E09751,C0668,16166.14,CHECKOUT_ABANDONED,Bank_C,E17,P014,CARD
E09752,C0450,20171.81,SUBSCRIPTION_FAILED,Bank_B,E17,P020,UPI
E09753,C0274,2665.7,SUBSCRIPTION_FAILED,Bank_A,E42,P007,WALLET
E09754,C0808,23064.55,SUBSCRIPTION_FAILED,Bank_B,E17,P002,NETBANKING
E09755,C0054,14607.22,SUBSCRIPTION_FAILED,Bank_C,E42,P014,CARD
E09756,C0219,6902.87,PAYMENT_FAILED,Bank_A,E11,P003,CARD
E09757,C0703,22736.15,PAYMENT_FAILED,Bank_A,E17,P020,CARD
E09758,C0824,24494.08,INVOICE_OVERDUE,Bank_A,E42,P013,UPI
E09759,C0413,7593.73,INVOICE_OVERDUE,Bank_C,E11,P006,WALLET
E09760,C0935,18044.75,CHECKOUT_ABANDONED,Bank_A,E23,P006,UPI
E09761,C0066,1971.7,INVOICE_OVERDUE,Bank_A,E42,P006,CARD
E09762,C0799,15852.8,CHECKOUT_ABANDONED,Bank_A,E42,P016,WALLET
E09763,C0872,24800.98,INVOICE_OVERDUE,Bank_D,E23,P003,CARD
E09764,C0616,1159.03,PAYMENT_FAILED,Bank_A,E42,P008,CARD
E09765,C0636,18261.24,INVOICE_OVERDUE,Bank_C,E23,P014,NETBANKING
E09766,C0244,18960.74,SUBSCRIPTION_FAILED,Bank_B,E11,P013,WALLET
E09767,C0847,20266.11,SUBSCRIPTION_FAILED,Bank_C,E17,P014,CARD
E09768,C0867,4675.48,SUBSCRIPTION_FAILED,Bank_D,E23,P012,UPI
E09769,C0718,16519.61,PAYMENT_FAILED,Bank_A,E42,P007,CARD
E09770,C0329,17997.6,SUBSCRIPTION_FAILED,Bank_A,E42,P006,CARD
E09771,C0183,12578.65,INVOICE_OVERDUE,Bank_A,E42,P012,UPI
E09772,C0125,7091.61,CHECKOUT_ABANDONED,Bank_A,E42,P020,UPI
E09773,C0204,22491.83,INVOICE_OVERDUE,Bank_D,E23,P018,NETBANKING
E09774,C0614,3454.19,INVOICE_OVERDUE,Bank_B,E42,P015,WALLET
E09775,C0834,15497.39,INVOICE_OVERDUE,Bank_D,E11,P006,NETBANKING
E09776,C0080,14921.73,PAYMENT_FAILED,Bank_A,E23,P010,NETBANKING
E09777,C0698,21427.33,INVOICE_OVERDUE,Bank_D,E11,P014,NETBANKING
E09778,C0803,11107.16,CHECKOUT_ABANDONED,Bank_A,E42,P011,UPI
E09779,C0797,13927.55,INVOICE_OVERDUE,Bank_C,E23,P019,NETBANKING
E09780,C0616,22972.53,SUBSCRIPTION_FAILED,Bank_A,E11,P008,WALLET
E09781,C0350,22345.19,CHECKOUT_ABANDONED,Bank_A,E17,P007,WALLET
E09782,C0179,5129.55,CHECKOUT_ABANDONED,Bank_C,E23,P008,WALLET
E09783,C0207,21024.12,PAYMENT_FAILED,Bank_D,E17,P003,CARD
E09784,C0571,4391.55,CHECKOUT_ABANDONED,Bank_B,E11,P020,CARD
E09785,C0410,22834.2,INVOICE_OVERDUE,Bank_D,E42,P005,UPI
E09786,C0061,20186.6,INVOICE_OVERDUE,Bank_C,E42,P006,CARD
E09787,C0007,19822.59,INVOICE_OVERDUE,Bank_D,E11,P009,WALLET
E09788,C0633,22578.52,PAYMENT_FAILED,Bank_B,E42,P009,NETBANKING
E09789,C0111,20010.94,CHECKOUT_ABANDONED,Bank_C,E11,P009,UPI
E09790,C0478,1940.94,PAYMENT_FAILED,Bank_D,E42,P012,CARD
E09791,C0818,4404.83,CHECKOUT_ABANDONED,Bank_B,E23,P020,CARD
E09792,C0727,20479.08,PAYMENT_FAILED,Bank_C,E42,P017,CARD
E09793,C0716,12935.04,SUBSCRIPTION_FAILED,Bank_D,E11,P007,NETBANKING
E09794,C0270,14982.22,INVOICE_OVERDUE,Bank_A,E23,P019,NETBANKING
E09795,C0896,10858.57,INVOICE_OVERDUE,Bank_D,E11,P019,WALLET
E09796,C0009,22833.32,SUBSCRIPTION_FAILED,Bank_D,E11,P006,UPI
E09797,C0548,3917.94,PAYMENT_FAILED,Bank_A,E11,P004,NETBANKING
E09798,C0792,8212.74,CHECKOUT_ABANDONED,Bank_A,E11,P009,NETBANKING
E09799,C0502,20816.17,CHECKOUT_ABANDONED,Bank_A,E23,P002,UPI
E09800,C0281,7691.24,INVOICE_OVERDUE,Bank_A,E42,P020,UPI
E09801,C0455,2002.59,INVOICE_OVERDUE,Bank_A,E42,P010,WALLET
E09802,C0145,22469.89,SUBSCRIPTION_FAILED,Bank_B,E23,P009,NETBANKING
E09803,C0463,9328.39,INVOICE_OVERDUE,Bank_D,E42,P007,UPI
E09804,C0894,10131.76,PAYMENT_FAILED,Bank_D,E17,P003,NETBANKING
E09805,C0205,11291.49,INVOICE_OVERDUE,Bank_C,E23,P017,UPI
E09806,C0460,18174.88,CHECKOUT_ABANDONED,Bank_A,E17,P001,WALLET
E09807,C0219,7834.37,INVOICE_OVERDUE,Bank_A,E42,P010,UPI
E09808,C0333,13128.94,CHECKOUT_ABANDONED,Bank_C,E11,P002,WALLET
E09809,C0382,22574.59,SUBSCRIPTION_FAILED,Bank_B,E11,P010,CARD
E09810,C0874,8222.66,SUBSCRIPTION_FAILED,Bank_D,E23,P004,WALLET
E09811,C0721,11821.55,INVOICE_OVERDUE,Bank_B,E11,P016,NETBANKING
E09812,C0654,12969.39,SUBSCRIPTION_FAILED,Bank_A,E23,P020,WALLET
E09813,C0580,15058.5,PAYMENT_FAILED,Bank_A,E42,P008,UPI
E09814,C0307,5643.76,INVOICE_OVERDUE,Bank_C,E42,P008,UPI
E09815,C0583,16246.56,INVOICE_OVERDUE,Bank_C,E11,P019,WALLET
E09816,C0362,6108.8,INVOICE_OVERDUE,Bank_C,E11,P006,NETBANKING
E09817,C0662,14992.51,PAYMENT_FAILED,Bank_B,E11,P008,UPI
E09818,C0834,17475.44,PAYMENT_FAILED,Bank_C,E11,P018,CARD
E09819,C0128,8125.8,INVOICE_OVERDUE,Bank_D,E42,P012,UPI
E09820,C0462,22170.5,SUBSCRIPTION_FAILED,Bank_A,E17,P010,UPI
E09821,C0718,24557.2,SUBSCRIPTION_FAILED,Bank_A,E42,P019,UPI
E09822,C0343,16399.59,INVOICE_OVERDUE,Bank_A,E42,P009,WALLET
E09823,C0845,7332.93,PAYMENT_FAILED,Bank_A,E23,P002,NETBANKING
E09824,C0308,9227.05,INVOICE_OVERDUE,Bank_A,E11,P003,NETBANKING
E09825,C0038,20244.05,SUBSCRIPTION_FAILED,Bank_A,E42,P017,UPI
E09826,C0643,2192.83,INVOICE_OVERDUE,Bank_B,E42,P005,UPI
E09827,C0237,19528.51,SUBSCRIPTION_FAILED,Bank_D,E11,P014,WALLET
E09828,C0542,13393.01,CHECKOUT_ABANDONED,Bank_A,E42,P006,WALLET
E09829,C0257,1340.52,PAYMENT_FAILED,Bank_A,E42,P015,WALLET
E09830,C0474,12684.83,INVOICE_OVERDUE,Bank_C,E42,P007,UPI
E09831,C0940,18332.7,PAYMENT_FAILED,Bank_D,E17,P004,UPI
E09832,C0767,13905.28,PAYMENT_FAILED,Bank_C,E11,P014,NETBANKING
E09833,C0293,24913.76,INVOICE_OVERDUE,Bank_C,E42,P003,UPI
E09834,C0314,8664.28,CHECKOUT_ABANDONED,Bank_A,E23,P012,UPI
E09835,C0765,7314.82,INVOICE_OVERDUE,Bank_D,E11,P002,CARD
E09836,C0260,12897.03,PAYMENT_FAILED,Bank_B,E17,P004,WALLET
E09837,C0516,5324.72,PAYMENT_FAILED,Bank_C,E11,P010,NETBANKING
E09838,C0123,20257.39,PAYMENT_FAILED,Bank_A,E42,P009,CARD
E09839,C0268,12865.14,PAYMENT_FAILED,Bank_A,E42,P014,NETBANKING
E09840,C0843,11727.65,SUBSCRIPTION_FAILED,Bank_A,E42,P003,WALLET
E09841,C0443,23112.08,SUBSCRIPTION_FAILED,Bank_A,E42,P005,NETBANKING
E09842,C0031,7850.42,INVOICE_OVERDUE,Bank_B,E17,P002,NETBANKING
E09843,C0487,567.56,CHECKOUT_ABANDONED,Bank_A,E42,P002,WALLET
E09844,C0021,21656.98,INVOICE_OVERDUE,Bank_A,E17,P014,CARD
E09845,C0606,17320.3,SUBSCRIPTION_FAILED,Bank_B,E23,P007,WALLET
E09846,C0939,14188.62,CHECKOUT_ABANDONED,Bank_B,E42,P006,CARD
E09847,C0233,899.78,CHECKOUT_ABANDONED,Bank_B,E11,P006,WALLET
E09848,C0278,9144.81,INVOICE_OVERDUE,Bank_A,E42,P017,CARD
E09849,C0036,3564.14,PAYMENT_FAILED,Bank_A,E42,P018,CARD
E09850,C0744,5832.79,SUBSCRIPTION_FAILED,Bank_C,E23,P010,NETBANKING
E09851,C0460,10161.05,SUBSCRIPTION_FAILED,Bank_A,E42,P001,NETBANKING
E09852,C0451,17774.62,CHECKOUT_ABANDONED,Bank_C,E11,P012,UPI
E09853,C0131,17354.59,CHECKOUT_ABANDONED,Bank_D,E23,P013,CARD
E09854,C0704,22078.19,INVOICE_OVERDUE,Bank_C,E42,P013,NETBANKING
E09855,C0027,5664.71,INVOICE_OVERDUE,Bank_D,E11,P002,WALLET
E09856,C0338,23708.82,SUBSCRIPTION_FAILED,Bank_A,E42,P010,WALLET
E09857,C0687,23633.12,CHECKOUT_ABANDONED,Bank_C,E42,P017,WALLET
E09858,C0175,24663.68,INVOICE_OVERDUE,Bank_C,E23,P019,WALLET
E09859,C0984,17371.7,INVOICE_OVERDUE,Bank_A,E42,P004,CARD
E09860,C0210,14920.94,SUBSCRIPTION_FAILED,Bank_C,E17,P011,CARD
E09861,C0806,16250.43,CHECKOUT_ABANDONED,Bank_A,E42,P015,CARD
E09862,C0570,9044.78,INVOICE_OVERDUE,Bank_B,E17,P002,CARD
E09863,C0209,12157.24,PAYMENT_FAILED,Bank_C,E23,P010,NETBANKING
E09864,C0349,872.96,CHECKOUT_ABANDONED,Bank_B,E17,P017,NETBANKING
E09865,C0285,21282.76,INVOICE_OVERDUE,Bank_B,E11,P017,NETBANKING
E09866,C0796,11386.83,PAYMENT_FAILED,Bank_A,E42,P012,WALLET
E09867,C0746,10451.58,SUBSCRIPTION_FAILED,Bank_C,E17,P002,CARD
E09868,C0472,1218.16,INVOICE_OVERDUE,Bank_D,E17,P018,NETBANKING
E09869,C0407,13273.56,PAYMENT_FAILED,Bank_D,E23,P003,NETBANKING
E09870,C0920,15587.59,SUBSCRIPTION_FAILED,Bank_A,E42,P010,UPI
E09871,C0071,21549.14,CHECKOUT_ABANDONED,Bank_B,E11,P015,UPI
E09872,C0108,15846.89,CHECKOUT_ABANDONED,Bank_D,E42,P011,NETBANKING
E09873,C0721,14923.05,PAYMENT_FAILED,Bank_C,E23,P015,WALLET
E09874,C0751,21199.98,INVOICE_OVERDUE,Bank_D,E42,P011,WALLET
E09875,C0896,21749.0,SUBSCRIPTION_FAILED,Bank_A,E42,P014,UPI
E09876,C0704,1706.11,SUBSCRIPTION_FAILED,Bank_D,E17,P009,NETBANKING
E09877,C0761,15053.05,PAYMENT_FAILED,Bank_A,E42,P017,WALLET
E09878,C0985,971.98,INVOICE_OVERDUE,Bank_A,E42,P005,CARD
E09879,C0951,1120.25,CHECKOUT_ABANDONED,Bank_A,E17,P010,CARD
E09880,C0386,10969.46,SUBSCRIPTION_FAILED,Bank_C,E17,P006,NETBANKING
E09881,C0826,21143.43,SUBSCRIPTION_FAILED,Bank_C,E23,P014,WALLET
E09882,C0807,19227.69,PAYMENT_FAILED,Bank_D,E17,P014,NETBANKING
E09883,C0928,24467.09,SUBSCRIPTION_FAILED,Bank_B,E17,P009,UPI
E09884,C0075,21169.81,SUBSCRIPTION_FAILED,Bank_D,E11,P013,NETBANKING
E09885,C0121,24456.42,PAYMENT_FAILED,Bank_C,E17,P011,UPI
E09886,C0719,16713.22,CHECKOUT_ABANDONED,Bank_B,E23,P013,NETBANKING
E09887,C0269,6004.89,SUBSCRIPTION_FAILED,Bank_A,E42,P006,CARD
E09888,C0211,10619.78,PAYMENT_FAILED,Bank_D,E17,P002,UPI
E09889,C0388,5922.75,INVOICE_OVERDUE,Bank_D,E11,P011,WALLET
E09890,C0844,9301.5,SUBSCRIPTION_FAILED,Bank_C,E23,P011,WALLET
E09891,C0703,5245.51,PAYMENT_FAILED,Bank_D,E17,P010,NETBANKING
E09892,C0878,21209.31,CHECKOUT_ABANDONED,Bank_B,E17,P020,WALLET
E09893,C0634,3057.29,PAYMENT_FAILED,Bank_B,E11,P020,UPI
E09894,C0544,7891.18,PAYMENT_FAILED,Bank_C,E23,P001,UPI
E09895,C0846,12780.9,SUBSCRIPTION_FAILED,Bank_A,E42,P010,WALLET
E09896,C0071,21937.51,CHECKOUT_ABANDONED,Bank_A,E42,P014,CARD
E09897,C0298,21428.5,PAYMENT_FAILED,Bank_D,E17,P001,CARD
E09898,C0827,9101.99,PAYMENT_FAILED,Bank_C,E17,P020,WALLET
E09899,C0204,6597.61,PAYMENT_FAILED,Bank_D,E11,P009,NETBANKING
E09900,C0005,11644.59,PAYMENT_FAILED,Bank_A,E42,P002,CARD
E09901,C0499,6420.5,INVOICE_OVERDUE,Bank_B,E42,P001,UPI
E09902,C0794,5345.4,PAYMENT_FAILED,Bank_B,E11,P004,NETBANKING
E09903,C0975,17714.95,CHECKOUT_ABANDONED,Bank_B,E23,P001,WALLET
E09904,C0475,13906.03,SUBSCRIPTION_FAILED,Bank_A,E11,P018,CARD
E09905,C0035,12474.71,CHECKOUT_ABANDONED,Bank_C,E42,P016,CARD
E09906,C0106,16646.41,CHECKOUT_ABANDONED,Bank_D,E23,P008,WALLET
E09907,C0188,14450.22,SUBSCRIPTION_FAILED,Bank_D,E23,P015,CARD
E09908,C0840,16500.31,INVOICE_OVERDUE,Bank_D,E11,P020,NETBANKING
E09909,C0623,12970.52,INVOICE_OVERDUE,Bank_A,E42,P013,CARD
E09910,C0598,10642.79,INVOICE_OVERDUE,Bank_C,E42,P014,CARD
E09911,C0100,15649.42,CHECKOUT_ABANDONED,Bank_A,E42,P019,UPI
E09912,C0204,12473.81,SUBSCRIPTION_FAILED,Bank_C,E23,P008,CARD
E09913,C0422,13129.85,SUBSCRIPTION_FAILED,Bank_A,E17,P004,CARD
E09914,C0589,878.32,SUBSCRIPTION_FAILED,Bank_B,E42,P010,WALLET
E09915,C0124,12457.22,PAYMENT_FAILED,Bank_C,E23,P001,WALLET
E09916,C0224,3145.42,PAYMENT_FAILED,Bank_C,E17,P010,CARD
E09917,C0663,15373.75,PAYMENT_FAILED,Bank_D,E17,P019,UPI
E09918,C0642,7962.24,INVOICE_OVERDUE,Bank_D,E23,P008,UPI
E09919,C0351,24177.68,CHECKOUT_ABANDONED,Bank_A,E23,P007,UPI
E09920,C0651,4845.23,PAYMENT_FAILED,Bank_C,E23,P003,UPI
E09921,C0591,10892.48,INVOICE_OVERDUE,Bank_C,E11,P013,WALLET
E09922,C0224,3971.25,PAYMENT_FAILED,Bank_A,E17,P003,UPI
E09923,C0853,1944.78,CHECKOUT_ABANDONED,Bank_C,E23,P004,UPI
E09924,C0756,732.31,INVOICE_OVERDUE,Bank_A,E11,P007,NETBANKING
E09925,C0275,16515.17,CHECKOUT_ABANDONED,Bank_A,E23,P011,WALLET
E09926,C0808,23478.19,INVOICE_OVERDUE,Bank_B,E23,P001,NETBANKING
E09927,C0548,553.81,SUBSCRIPTION_FAILED,Bank_D,E23,P004,WALLET
E09928,C0421,13213.95,PAYMENT_FAILED,Bank_A,E42,P015,UPI
E09929,C0615,3950.68,SUBSCRIPTION_FAILED,Bank_B,E17,P011,CARD
E09930,C0425,8985.81,PAYMENT_FAILED,Bank_C,E42,P004,WALLET
E09931,C0337,2946.92,PAYMENT_FAILED,Bank_A,E11,P018,WALLET
E09932,C0723,22307.57,SUBSCRIPTION_FAILED,Bank_A,E42,P016,CARD
E09933,C0812,19618.45,SUBSCRIPTION_FAILED,Bank_A,E42,P018,UPI
E09934,C0065,6495.82,CHECKOUT_ABANDONED,Bank_B,E17,P011,NETBANKING
E09935,C0331,8545.87,PAYMENT_FAILED,Bank_A,E11,P020,WALLET
E09936,C0863,15002.75,SUBSCRIPTION_FAILED,Bank_C,E23,P001,CARD
E09937,C0006,648.38,SUBSCRIPTION_FAILED,Bank_D,E42,P010,CARD
E09938,C0696,24202.52,CHECKOUT_ABANDONED,Bank_A,E42,P009,UPI
E09939,C0938,24474.89,INVOICE_OVERDUE,Bank_B,E42,P013,CARD
E09940,C0641,9412.13,PAYMENT_FAILED,Bank_B,E17,P012,WALLET
E09941,C0250,5312.91,CHECKOUT_ABANDONED,Bank_C,E11,P018,WALLET
E09942,C0511,7041.42,PAYMENT_FAILED,Bank_D,E42,P003,CARD
E09943,C0658,22896.64,PAYMENT_FAILED,Bank_A,E42,P005,CARD
E09944,C0082,2184.91,PAYMENT_FAILED,Bank_C,E11,P010,NETBANKING
E09945,C0203,1373.59,CHECKOUT_ABANDONED,Bank_C,E17,P016,NETBANKING
E09946,C0922,23880.25,CHECKOUT_ABANDONED,Bank_A,E23,P013,CARD
E09947,C0539,14170.57,CHECKOUT_ABANDONED,Bank_C,E42,P014,NETBANKING
E09948,C0215,23947.07,SUBSCRIPTION_FAILED,Bank_D,E42,P006,CARD
E09949,C0536,20020.51,CHECKOUT_ABANDONED,Bank_D,E17,P018,UPI
E09950,C0075,14678.44,INVOICE_OVERDUE,Bank_A,E17,P003,NETBANKING
E09951,C0946,22182.62,PAYMENT_FAILED,Bank_C,E17,P001,WALLET
E09952,C0016,4510.79,INVOICE_OVERDUE,Bank_D,E23,P015,CARD
E09953,C0193,2159.38,INVOICE_OVERDUE,Bank_D,E23,P014,CARD
E09954,C0711,887.23,CHECKOUT_ABANDONED,Bank_D,E11,P002,WALLET
E09955,C0577,6009.32,INVOICE_OVERDUE,Bank_C,E17,P017,NETBANKING
E09956,C0715,4130.34,INVOICE_OVERDUE,Bank_A,E23,P004,WALLET
E09957,C0998,4275.52,CHECKOUT_ABANDONED,Bank_C,E23,P020,WALLET
E09958,C0556,1016.47,INVOICE_OVERDUE,Bank_A,E42,P020,NETBANKING
E09959,C0564,23010.09,SUBSCRIPTION_FAILED,Bank_A,E42,P013,WALLET
E09960,C0640,20002.94,PAYMENT_FAILED,Bank_A,E42,P001,NETBANKING
E09961,C0623,18921.25,CHECKOUT_ABANDONED,Bank_A,E42,P013,UPI
E09962,C0257,7806.01,PAYMENT_FAILED,Bank_B,E11,P010,CARD
E09963,C0972,19342.92,PAYMENT_FAILED,Bank_C,E11,P015,WALLET
E09964,C0373,24274.85,SUBSCRIPTION_FAILED,Bank_C,E17,P001,WALLET
E09965,C0232,18939.32,PAYMENT_FAILED,Bank_C,E23,P015,UPI
E09966,C0373,3275.23,CHECKOUT_ABANDONED,Bank_B,E23,P013,UPI
E09967,C0941,17765.58,PAYMENT_FAILED,Bank_A,E42,P011,UPI
E09968,C0171,23005.43,CHECKOUT_ABANDONED,Bank_C,E11,P017,WALLET
E09969,C0822,793.18,CHECKOUT_ABANDONED,Bank_B,E42,P014,UPI
E09970,C0831,7757.36,CHECKOUT_ABANDONED,Bank_C,E42,P012,CARD
E09971,C0094,5228.07,SUBSCRIPTION_FAILED,Bank_A,E42,P008,WALLET
E09972,C0096,23612.17,SUBSCRIPTION_FAILED,Bank_D,E23,P006,NETBANKING
E09973,C0843,575.53,INVOICE_OVERDUE,Bank_A,E42,P015,NETBANKING
E09974,C0733,9639.31,PAYMENT_FAILED,Bank_C,E11,P008,CARD
E09975,C0596,18372.44,CHECKOUT_ABANDONED,Bank_A,E11,P001,NETBANKING
E09976,C0210,10302.21,CHECKOUT_ABANDONED,Bank_B,E17,P013,NETBANKING
E09977,C0147,5555.52,SUBSCRIPTION_FAILED,Bank_A,E42,P006,WALLET
E09978,C0420,10320.53,PAYMENT_FAILED,Bank_A,E17,P018,UPI
E09979,C0346,14198.41,PAYMENT_FAILED,Bank_C,E23,P020,NETBANKING
E09980,C0170,6227.87,CHECKOUT_ABANDONED,Bank_A,E17,P008,CARD
E09981,C0800,9230.14,PAYMENT_FAILED,Bank_A,E17,P012,NETBANKING
E09982,C0158,1040.07,PAYMENT_FAILED,Bank_A,E42,P012,WALLET
E09983,C0039,10472.75,SUBSCRIPTION_FAILED,Bank_C,E11,P002,CARD
E09984,C0333,2969.73,SUBSCRIPTION_FAILED,Bank_A,E42,P003,WALLET
E09985,C0609,12715.2,PAYMENT_FAILED,Bank_C,E42,P004,NETBANKING
E09986,C0287,10230.47,CHECKOUT_ABANDONED,Bank_C,E17,P014,WALLET
E09987,C0285,11503.88,INVOICE_OVERDUE,Bank_B,E17,P003,UPI
E09988,C0054,2095.16,INVOICE_OVERDUE,Bank_B,E11,P006,WALLET
E09989,C0141,19799.12,CHECKOUT_ABANDONED,Bank_A,E42,P017,CARD
E09990,C0140,18275.15,SUBSCRIPTION_FAILED,Bank_D,E42,P004,NETBANKING
E09991,C0794,5876.45,SUBSCRIPTION_FAILED,Bank_A,E42,P002,WALLET
E09992,C0538,17491.37,PAYMENT_FAILED,Bank_A,E42,P003,WALLET
E09993,C0059,16593.75,CHECKOUT_ABANDONED,Bank_B,E17,P004,UPI
E09994,C0746,7673.92,SUBSCRIPTION_FAILED,Bank_A,E42,P014,UPI
E09995,C0838,17738.01,CHECKOUT_ABANDONED,Bank_D,E23,P020,UPI
E09996,C0685,22982.5,CHECKOUT_ABANDONED,Bank_C,E42,P011,UPI
E09997,C0002,16516.79,CHECKOUT_ABANDONED,Bank_A,E11,P012,WALLET
E09998,C0312,14915.47,SUBSCRIPTION_FAILED,Bank_C,E17,P017,NETBANKING
E09999,C0401,21655.1,SUBSCRIPTION_FAILED,Bank_C,E23,P003,NETBANKING
E10000,C0446,9879.1,INVOICE_OVERDUE,Bank_A,E42,P005,WALLET
E10001,C0054,1483.33,PAYMENT_FAILED,Bank_B,E11,P015,NETBANKING
E10002,C0778,7043.79,CHECKOUT_ABANDONED,Bank_C,E42,P005,UPI
E10003,C0478,17617.9,INVOICE_OVERDUE,Bank_B,E11,P001,CARD
E10004,C0141,17199.85,CHECKOUT_ABANDONED,Bank_B,E11,P011,WALLET
E10005,C0001,14256.98,PAYMENT_FAILED,Bank_B,E11,P015,NETBANKING
E10006,C0663,8492.95,PAYMENT_FAILED,Bank_A,E11,P004,WALLET
E10007,C0479,19243.39,CHECKOUT_ABANDONED,Bank_A,E42,P016,WALLET
E10008,C0944,9259.97,CHECKOUT_ABANDONED,Bank_D,E17,P003,UPI
E10009,C0519,5883.67,CHECKOUT_ABANDONED,Bank_B,E11,P012,UPI
E10010,C0598,22118.09,SUBSCRIPTION_FAILED,Bank_C,E17,P004,CARD
E10011,C0013,18263.71,CHECKOUT_ABANDONED,Bank_A,E42,P004,CARD
E10012,C0261,3067.4,SUBSCRIPTION_FAILED,Bank_D,E42,P005,WALLET
E10013,C0621,8261.28,CHECKOUT_ABANDONED,Bank_C,E23,P017,NETBANKING
E10014,C0234,1119.51,PAYMENT_FAILED,Bank_A,E42,P001,WALLET
E10015,C0740,8297.64,CHECKOUT_ABANDONED,Bank_A,E11,P019,NETBANKING
E10016,C0772,11833.85,PAYMENT_FAILED,Bank_B,E23,P018,UPI
E10017,C0462,8745.99,CHECKOUT_ABANDONED,Bank_B,E23,P007,WALLET
E10018,C0898,11499.29,INVOICE_OVERDUE,Bank_A,E17,P018,NETBANKING
E10019,C0465,17568.93,CHECKOUT_ABANDONED,Bank_A,E11,P019,UPI
E10020,C0460,6154.04,INVOICE_OVERDUE,Bank_B,E11,P020,CARD
E10021,C0534,20202.13,SUBSCRIPTION_FAILED,Bank_B,E23,P005,NETBANKING
E10022,C0759,3158.28,CHECKOUT_ABANDONED,Bank_A,E23,P013,CARD
E10023,C0493,11041.49,CHECKOUT_ABANDONED,Bank_A,E42,P020,CARD
E10024,C0653,23468.71,INVOICE_OVERDUE,Bank_D,E11,P002,UPI
E10025,C0451,22589.39,SUBSCRIPTION_FAILED,Bank_B,E23,P019,WALLET
E10026,C0373,3096.62,SUBSCRIPTION_FAILED,Bank_C,E11,P018,UPI
E10027,C0465,10991.49,PAYMENT_FAILED,Bank_D,E17,P010,WALLET
E10028,C0349,16594.01,SUBSCRIPTION_FAILED,Bank_B,E17,P002,CARD
E10029,C0570,20498.61,SUBSCRIPTION_FAILED,Bank_C,E23,P006,NETBANKING
E10030,C0085,15149.02,CHECKOUT_ABANDONED,Bank_D,E11,P011,CARD
E10031,C0604,10125.51,SUBSCRIPTION_FAILED,Bank_D,E42,P009,CARD
E10032,C0437,4271.14,CHECKOUT_ABANDONED,Bank_A,E11,P007,NETBANKING
E10033,C0995,17616.66,SUBSCRIPTION_FAILED,Bank_C,E23,P008,NETBANKING
E10034,C0109,24085.41,PAYMENT_FAILED,Bank_A,E11,P006,UPI
E10035,C0001,23152.16,PAYMENT_FAILED,Bank_A,E42,P003,NETBANKING
E10036,C0243,5740.78,CHECKOUT_ABANDONED,Bank_B,E11,P009,CARD
E10037,C0545,20626.61,CHECKOUT_ABANDONED,Bank_A,E42,P014,UPI
E10038,C0804,7487.35,PAYMENT_FAILED,Bank_A,E11,P001,CARD
E10039,C0448,20752.25,INVOICE_OVERDUE,Bank_B,E42,P003,CARD
E10040,C0113,1944.62,CHECKOUT_ABANDONED,Bank_B,E23,P005,CARD
E10041,C0282,16052.04,SUBSCRIPTION_FAILED,Bank_B,E23,P008,WALLET
E10042,C0675,2928.5,SUBSCRIPTION_FAILED,Bank_A,E23,P010,WALLET
E10043,C0636,11925.08,SUBSCRIPTION_FAILED,Bank_A,E42,P014,NETBANKING
E10044,C0162,16225.22,SUBSCRIPTION_FAILED,Bank_A,E42,P006,WALLET
E10045,C0470,23684.12,PAYMENT_FAILED,Bank_A,E42,P016,WALLET
E10046,C0007,11230.76,CHECKOUT_ABANDONED,Bank_A,E42,P013,CARD
E10047,C0973,12820.78,PAYMENT_FAILED,Bank_D,E17,P002,NETBANKING
E10048,C0896,23713.76,CHECKOUT_ABANDONED,Bank_C,E17,P004,UPI
E10049,C0922,18980.41,PAYMENT_FAILED,Bank_D,E23,P010,WALLET
E10050,C0622,4274.83,INVOICE_OVERDUE,Bank_D,E17,P017,CARD
E10051,C0917,18523.12,SUBSCRIPTION_FAILED,Bank_A,E17,P016,UPI
E10052,C0396,22402.63,PAYMENT_FAILED,Bank_C,E23,P014,UPI
E10053,C0578,11521.96,SUBSCRIPTION_FAILED,Bank_C,E42,P018,WALLET
E10054,C0727,3755.35,CHECKOUT_ABANDONED,Bank_C,E23,P008,NETBANKING
E10055,C0269,4396.6,INVOICE_OVERDUE,Bank_D,E11,P008,CARD
E10056,C0785,7672.77,CHECKOUT_ABANDONED,Bank_D,E17,P006,WALLET
E10057,C0045,14000.23,CHECKOUT_ABANDONED,Bank_A,E11,P017,WALLET
E10058,C0987,15972.52,SUBSCRIPTION_FAILED,Bank_C,E23,P012,UPI
E10059,C0305,16845.01,INVOICE_OVERDUE,Bank_A,E42,P009,WALLET
E10060,C0602,10853.72,PAYMENT_FAILED,Bank_D,E17,P011,WALLET
E10061,C0937,20063.06,INVOICE_OVERDUE,Bank_A,E42,P015,NETBANKING
E10062,C0884,20046.39,CHECKOUT_ABANDONED,Bank_A,E11,P006,NETBANKING
E10063,C0688,23743.97,INVOICE_OVERDUE,Bank_D,E42,P010,NETBANKING
E10064,C0299,21542.99,CHECKOUT_ABANDONED,Bank_B,E11,P009,WALLET
E10065,C0517,24451.89,PAYMENT_FAILED,Bank_A,E42,P006,CARD
E10066,C0205,17340.65,PAYMENT_FAILED,Bank_C,E42,P016,UPI
E10067,C0774,20198.0,CHECKOUT_ABANDONED,Bank_C,E23,P020,NETBANKING
E10068,C0088,6139.16,CHECKOUT_ABANDONED,Bank_C,E42,P009,UPI
E10069,C0710,9476.31,PAYMENT_FAILED,Bank_D,E17,P020,WALLET
E10070,C0434,12360.47,PAYMENT_FAILED,Bank_B,E11,P010,NETBANKING
E10071,C0734,12304.78,INVOICE_OVERDUE,Bank_A,E42,P008,UPI
E10072,C0618,18319.2,PAYMENT_FAILED,Bank_D,E11,P004,NETBANKING
E10073,C0730,21079.05,INVOICE_OVERDUE,Bank_A,E11,P004,CARD
E10074,C0024,2313.01,PAYMENT_FAILED,Bank_B,E11,P012,WALLET
E10075,C0604,12576.25,SUBSCRIPTION_FAILED,Bank_A,E42,P013,CARD
E10076,C0446,16133.87,PAYMENT_FAILED,Bank_A,E42,P015,UPI
E10077,C0456,17161.59,INVOICE_OVERDUE,Bank_A,E42,P004,WALLET
E10078,C0310,11911.31,PAYMENT_FAILED,Bank_A,E42,P008,NETBANKING
E10079,C0475,20472.11,INVOICE_OVERDUE,Bank_C,E11,P014,WALLET
E10080,C0526,4324.41,PAYMENT_FAILED,Bank_A,E42,P015,UPI
E10081,C0158,13662.37,INVOICE_OVERDUE,Bank_A,E11,P009,WALLET
E10082,C0503,13664.83,PAYMENT_FAILED,Bank_C,E11,P014,NETBANKING
E10083,C0563,21672.7,PAYMENT_FAILED,Bank_C,E17,P020,CARD
E10084,C0081,6179.19,INVOICE_OVERDUE,Bank_A,E11,P020,CARD
E10085,C0661,12893.93,PAYMENT_FAILED,Bank_A,E23,P002,CARD
E10086,C0350,21167.57,SUBSCRIPTION_FAILED,Bank_C,E17,P003,NETBANKING
E10087,C0563,21658.88,PAYMENT_FAILED,Bank_C,E11,P016,UPI
E10088,C0883,14197.98,PAYMENT_FAILED,Bank_A,E42,P016,CARD
E10089,C0657,7590.03,SUBSCRIPTION_FAILED,Bank_A,E23,P019,UPI
E10090,C0887,4020.34,INVOICE_OVERDUE,Bank_B,E17,P004,CARD
E10091,C0261,24182.52,PAYMENT_FAILED,Bank_A,E42,P005,NETBANKING
E10092,C0931,20632.65,PAYMENT_FAILED,Bank_A,E23,P011,UPI
E10093,C0365,16932.65,INVOICE_OVERDUE,Bank_D,E23,P011,UPI
E10094,C0551,15182.24,PAYMENT_FAILED,Bank_A,E42,P003,UPI
E10095,C0275,8506.57,INVOICE_OVERDUE,Bank_C,E42,P015,WALLET
E10096,C0922,19849.72,PAYMENT_FAILED,Bank_C,E42,P003,NETBANKING
E10097,C0258,5217.35,CHECKOUT_ABANDONED,Bank_A,E42,P018,CARD
E10098,C0431,1728.0,INVOICE_OVERDUE,Bank_C,E11,P018,WALLET
E10099,C0215,644.23,SUBSCRIPTION_FAILED,Bank_B,E11,P009,NETBANKING
E10100,C0894,22735.35,CHECKOUT_ABANDONED,Bank_D,E42,P016,CARD
E10101,C0476,9747.53,SUBSCRIPTION_FAILED,Bank_D,E42,P015,WALLET
E10102,C0094,17318.17,CHECKOUT_ABANDONED,Bank_A,E11,P020,UPI
E10103,C0431,969.68,SUBSCRIPTION_FAILED,Bank_A,E42,P016,WALLET
E10104,C0647,4401.3,INVOICE_OVERDUE,Bank_B,E23,P009,CARD
E10105,C0562,3020.79,PAYMENT_FAILED,Bank_D,E42,P004,NETBANKING
E10106,C0846,20213.2,PAYMENT_FAILED,Bank_A,E23,P007,CARD
E10107,C0556,6135.36,CHECKOUT_ABANDONED,Bank_D,E17,P018,UPI
E10108,C0490,2246.19,PAYMENT_FAILED,Bank_A,E42,P007,NETBANKING
E10109,C0275,18614.63,CHECKOUT_ABANDONED,Bank_A,E23,P012,NETBANKING
E10110,C0174,10407.69,INVOICE_OVERDUE,Bank_C,E23,P009,NETBANKING
E10111,C0208,17604.92,INVOICE_OVERDUE,Bank_A,E17,P012,WALLET
E10112,C0040,11915.34,INVOICE_OVERDUE,Bank_A,E42,P017,WALLET
E10113,C0585,9547.51,CHECKOUT_ABANDONED,Bank_D,E23,P008,UPI
E10114,C0123,10338.94,SUBSCRIPTION_FAILED,Bank_D,E17,P018,CARD
E10115,C0585,3238.69,INVOICE_OVERDUE,Bank_B,E11,P008,NETBANKING
E10116,C0954,17548.83,CHECKOUT_ABANDONED,Bank_D,E11,P016,NETBANKING
E10117,C0786,19107.91,CHECKOUT_ABANDONED,Bank_B,E11,P020,UPI
E10118,C0627,6023.97,CHECKOUT_ABANDONED,Bank_C,E23,P002,NETBANKING
E10119,C0353,17927.96,CHECKOUT_ABANDONED,Bank_D,E11,P005,NETBANKING
E10120,C0945,22725.99,INVOICE_OVERDUE,Bank_C,E17,P014,UPI
E10121,C0474,22083.52,CHECKOUT_ABANDONED,Bank_C,E23,P010,CARD
E10122,C0516,11551.69,INVOICE_OVERDUE,Bank_C,E11,P010,UPI
E10123,C0008,20433.47,INVOICE_OVERDUE,Bank_A,E42,P001,UPI
E10124,C0161,10089.06,SUBSCRIPTION_FAILED,Bank_D,E23,P018,CARD
E10125,C0586,20202.94,INVOICE_OVERDUE,Bank_D,E42,P017,WALLET
E10126,C0675,14587.73,PAYMENT_FAILED,Bank_C,E42,P004,CARD
E10127,C0055,19549.58,INVOICE_OVERDUE,Bank_A,E42,P011,NETBANKING
E10128,C0656,5165.66,PAYMENT_FAILED,Bank_B,E11,P014,WALLET
E10129,C0360,15756.18,INVOICE_OVERDUE,Bank_A,E11,P004,CARD
E10130,C0612,11057.54,SUBSCRIPTION_FAILED,Bank_A,E42,P004,WALLET
E10131,C0356,994.58,PAYMENT_FAILED,Bank_C,E17,P015,CARD
E10132,C0304,23605.55,CHECKOUT_ABANDONED,Bank_B,E23,P013,CARD
E10133,C0282,20917.27,CHECKOUT_ABANDONED,Bank_A,E23,P016,CARD
E10134,C0306,6880.36,SUBSCRIPTION_FAILED,Bank_A,E42,P007,CARD
E10135,C0939,6674.74,SUBSCRIPTION_FAILED,Bank_A,E42,P004,WALLET
E10136,C0333,917.13,CHECKOUT_ABANDONED,Bank_D,E23,P004,WALLET
E10137,C0057,21484.07,PAYMENT_FAILED,Bank_A,E42,P009,NETBANKING
E10138,C0714,19977.29,PAYMENT_FAILED,Bank_C,E11,P012,WALLET
E10139,C0959,9883.98,SUBSCRIPTION_FAILED,Bank_C,E23,P017,NETBANKING
E10140,C0146,23148.3,PAYMENT_FAILED,Bank_A,E17,P003,NETBANKING
E10141,C0684,23432.11,INVOICE_OVERDUE,Bank_A,E42,P008,WALLET
E10142,C0026,4642.31,CHECKOUT_ABANDONED,Bank_A,E42,P020,UPI
E10143,C0059,19711.22,SUBSCRIPTION_FAILED,Bank_B,E23,P002,CARD
E10144,C0256,6297.18,SUBSCRIPTION_FAILED,Bank_D,E17,P013,UPI
E10145,C0442,16038.8,INVOICE_OVERDUE,Bank_A,E42,P020,WALLET
E10146,C0825,4758.84,SUBSCRIPTION_FAILED,Bank_A,E42,P014,UPI
E10147,C0537,17219.27,SUBSCRIPTION_FAILED,Bank_A,E42,P008,NETBANKING
E10148,C0634,10257.74,INVOICE_OVERDUE,Bank_C,E11,P010,WALLET
E10149,C0960,10507.27,SUBSCRIPTION_FAILED,Bank_B,E11,P008,WALLET
E10150,C0882,8824.87,SUBSCRIPTION_FAILED,Bank_A,E11,P003,UPI
E10151,C0281,14684.51,SUBSCRIPTION_FAILED,Bank_A,E42,P002,NETBANKING
E10152,C0002,5818.93,CHECKOUT_ABANDONED,Bank_A,E11,P019,CARD
E10153,C0251,20810.54,PAYMENT_FAILED,Bank_A,E42,P015,WALLET
E10154,C0068,16367.32,SUBSCRIPTION_FAILED,Bank_B,E42,P001,WALLET
E10155,C0591,14072.96,PAYMENT_FAILED,Bank_B,E23,P003,WALLET
E10156,C0953,13922.65,INVOICE_OVERDUE,Bank_A,E23,P002,NETBANKING
E10157,C0569,21029.69,CHECKOUT_ABANDONED,Bank_A,E11,P020,CARD
E10158,C0957,2188.46,CHECKOUT_ABANDONED,Bank_A,E42,P012,WALLET
E10159,C0908,22950.72,CHECKOUT_ABANDONED,Bank_C,E17,P001,CARD
E10160,C0395,9690.34,CHECKOUT_ABANDONED,Bank_A,E11,P018,CARD
E10161,C0472,18200.37,CHECKOUT_ABANDONED,Bank_A,E42,P017,UPI
E10162,C0783,20005.56,CHECKOUT_ABANDONED,Bank_A,E42,P011,UPI
E10163,C0661,19866.92,PAYMENT_FAILED,Bank_A,E23,P005,WALLET
E10164,C0084,8420.86,SUBSCRIPTION_FAILED,Bank_B,E42,P015,NETBANKING
E10165,C0335,13636.32,PAYMENT_FAILED,Bank_C,E17,P016,UPI
E10166,C0997,11131.42,CHECKOUT_ABANDONED,Bank_A,E11,P007,NETBANKING
E10167,C0247,3987.63,SUBSCRIPTION_FAILED,Bank_C,E17,P012,CARD
E10168,C0189,1360.95,INVOICE_OVERDUE,Bank_A,E42,P005,NETBANKING
E10169,C0569,9711.39,PAYMENT_FAILED,Bank_B,E11,P020,UPI
E10170,C0514,3388.82,INVOICE_OVERDUE,Bank_B,E42,P017,NETBANKING
E10171,C0017,13523.05,INVOICE_OVERDUE,Bank_D,E23,P012,WALLET
E10172,C0724,5885.72,CHECKOUT_ABANDONED,Bank_C,E17,P015,UPI
E10173,C0135,24014.8,PAYMENT_FAILED,Bank_A,E42,P016,WALLET
E10174,C0113,3185.08,PAYMENT_FAILED,Bank_B,E11,P018,CARD
E10175,C0350,15364.19,INVOICE_OVERDUE,Bank_A,E42,P001,WALLET
E10176,C0459,19185.5,SUBSCRIPTION_FAILED,Bank_B,E42,P011,WALLET
E10177,C0712,12390.69,PAYMENT_FAILED,Bank_B,E42,P020,UPI
E10178,C0302,2980.62,SUBSCRIPTION_FAILED,Bank_A,E42,P003,NETBANKING
E10179,C0379,13092.34,INVOICE_OVERDUE,Bank_C,E17,P011,CARD
E10180,C0898,18011.22,SUBSCRIPTION_FAILED,Bank_A,E42,P009,NETBANKING
E10181,C0032,22218.11,CHECKOUT_ABANDONED,Bank_C,E11,P019,NETBANKING
E10182,C0650,2535.35,PAYMENT_FAILED,Bank_A,E42,P009,UPI
E10183,C0396,3187.06,CHECKOUT_ABANDONED,Bank_D,E17,P006,UPI
E10184,C0707,17969.87,PAYMENT_FAILED,Bank_B,E17,P014,WALLET
E10185,C0337,20510.82,SUBSCRIPTION_FAILED,Bank_A,E17,P016,UPI
E10186,C0439,1890.23,INVOICE_OVERDUE,Bank_B,E11,P004,UPI
E10187,C0311,11368.44,CHECKOUT_ABANDONED,Bank_A,E17,P020,NETBANKING
E10188,C0487,22314.06,SUBSCRIPTION_FAILED,Bank_D,E17,P020,NETBANKING
E10189,C0186,24744.02,SUBSCRIPTION_FAILED,Bank_D,E17,P009,UPI
E10190,C0245,15035.76,PAYMENT_FAILED,Bank_D,E23,P005,CARD
E10191,C0613,22125.51,INVOICE_OVERDUE,Bank_A,E42,P002,NETBANKING
E10192,C0305,10295.19,INVOICE_OVERDUE,Bank_A,E42,P004,NETBANKING
E10193,C0669,10222.13,PAYMENT_FAILED,Bank_A,E11,P020,UPI
E10194,C0381,8760.61,INVOICE_OVERDUE,Bank_A,E42,P007,NETBANKING
E10195,C0265,15842.25,SUBSCRIPTION_FAILED,Bank_A,E42,P014,UPI
E10196,C0641,11463.39,SUBSCRIPTION_FAILED,Bank_A,E17,P005,NETBANKING
E10197,C0452,9229.24,CHECKOUT_ABANDONED,Bank_A,E42,P017,NETBANKING
E10198,C0238,6074.16,SUBSCRIPTION_FAILED,Bank_B,E17,P011,NETBANKING
E10199,C0260,16051.48,SUBSCRIPTION_FAILED,Bank_A,E11,P017,WALLET
E10200,C0961,16744.03,CHECKOUT_ABANDONED,Bank_B,E23,P004,UPI
E10201,C0939,8712.17,SUBSCRIPTION_FAILED,Bank_C,E11,P019,NETBANKING
E10202,C0538,1749.43,CHECKOUT_ABANDONED,Bank_B,E11,P002,CARD
E10203,C0878,19843.34,INVOICE_OVERDUE,Bank_B,E11,P018,NETBANKING
E10204,C0955,2713.66,SUBSCRIPTION_FAILED,Bank_C,E11,P016,NETBANKING
E10205,C0444,20691.34,CHECKOUT_ABANDONED,Bank_B,E23,P007,NETBANKING
E10206,C0760,2933.16,INVOICE_OVERDUE,Bank_A,E11,P004,WALLET
E10207,C0771,24659.43,SUBSCRIPTION_FAILED,Bank_A,E42,P017,CARD
E10208,C0857,13757.6,INVOICE_OVERDUE,Bank_B,E17,P015,UPI
E10209,C0758,10004.56,SUBSCRIPTION_FAILED,Bank_A,E17,P007,WALLET
E10210,C0844,2524.63,CHECKOUT_ABANDONED,Bank_D,E42,P017,NETBANKING
E10211,C0480,2069.23,SUBSCRIPTION_FAILED,Bank_D,E23,P011,UPI
E10212,C0680,22453.67,INVOICE_OVERDUE,Bank_B,E42,P019,WALLET
E10213,C0379,8763.25,INVOICE_OVERDUE,Bank_A,E42,P003,UPI
E10214,C0153,18722.53,SUBSCRIPTION_FAILED,Bank_B,E17,P002,WALLET
E10215,C0275,24356.74,PAYMENT_FAILED,Bank_B,E17,P020,CARD
E10216,C0448,21257.89,CHECKOUT_ABANDONED,Bank_A,E11,P010,NETBANKING
E10217,C0077,14277.34,PAYMENT_FAILED,Bank_A,E11,P018,CARD
E10218,C0119,19687.84,SUBSCRIPTION_FAILED,Bank_B,E11,P003,CARD
E10219,C0227,1369.05,CHECKOUT_ABANDONED,Bank_D,E11,P009,WALLET
E10220,C0635,11966.84,CHECKOUT_ABANDONED,Bank_D,E23,P001,UPI
E10221,C0723,6218.82,PAYMENT_FAILED,Bank_C,E23,P020,WALLET
E10222,C0229,3060.69,SUBSCRIPTION_FAILED,Bank_B,E42,P019,NETBANKING
E10223,C0409,20363.87,INVOICE_OVERDUE,Bank_A,E17,P020,WALLET
E10224,C0314,8768.15,INVOICE_OVERDUE,Bank_D,E11,P018,CARD
E10225,C0282,1842.09,CHECKOUT_ABANDONED,Bank_A,E11,P007,UPI
E10226,C0730,5650.8,CHECKOUT_ABANDONED,Bank_B,E11,P006,UPI
E10227,C0779,18424.7,SUBSCRIPTION_FAILED,Bank_D,E23,P019,NETBANKING
E10228,C0211,13713.63,SUBSCRIPTION_FAILED,Bank_D,E42,P020,UPI
E10229,C0940,6823.67,INVOICE_OVERDUE,Bank_D,E23,P017,CARD
E10230,C0365,15512.79,SUBSCRIPTION_FAILED,Bank_A,E42,P007,WALLET
E10231,C0733,23203.19,SUBSCRIPTION_FAILED,Bank_A,E42,P018,WALLET
E10232,C0905,10785.71,INVOICE_OVERDUE,Bank_A,E42,P006,WALLET
E10233,C0356,8253.01,INVOICE_OVERDUE,Bank_D,E42,P017,CARD
E10234,C0123,20810.53,CHECKOUT_ABANDONED,Bank_A,E42,P003,NETBANKING
E10235,C0395,17779.06,INVOICE_OVERDUE,Bank_A,E42,P016,WALLET
E10236,C0263,17810.83,PAYMENT_FAILED,Bank_A,E42,P012,CARD
E10237,C0173,13472.31,INVOICE_OVERDUE,Bank_C,E23,P018,CARD
E10238,C0180,6376.23,INVOICE_OVERDUE,Bank_C,E17,P010,WALLET
E10239,C0417,2131.68,SUBSCRIPTION_FAILED,Bank_B,E11,P003,WALLET
E10240,C0369,10352.45,INVOICE_OVERDUE,Bank_C,E23,P015,NETBANKING
E10241,C0633,12824.58,PAYMENT_FAILED,Bank_B,E42,P004,WALLET
E10242,C0574,16912.74,SUBSCRIPTION_FAILED,Bank_A,E17,P013,NETBANKING
E10243,C0047,4792.23,PAYMENT_FAILED,Bank_A,E17,P015,CARD
E10244,C0123,19553.12,PAYMENT_FAILED,Bank_D,E23,P017,UPI
E10245,C0582,2308.83,PAYMENT_FAILED,Bank_C,E11,P017,NETBANKING
E10246,C0362,17810.03,SUBSCRIPTION_FAILED,Bank_B,E42,P019,CARD
E10247,C0269,1186.67,PAYMENT_FAILED,Bank_A,E11,P010,CARD
E10248,C0175,17043.26,CHECKOUT_ABANDONED,Bank_B,E17,P006,NETBANKING
E10249,C0980,16385.21,INVOICE_OVERDUE,Bank_C,E17,P013,WALLET
E10250,C0397,21575.86,INVOICE_OVERDUE,Bank_A,E42,P011,CARD
E10251,C0975,21878.47,CHECKOUT_ABANDONED,Bank_D,E42,P015,CARD
E10252,C0280,11111.01,INVOICE_OVERDUE,Bank_B,E11,P011,NETBANKING
E10253,C0429,7411.61,INVOICE_OVERDUE,Bank_B,E23,P015,NETBANKING
E10254,C0373,22721.47,CHECKOUT_ABANDONED,Bank_D,E17,P018,WALLET
E10255,C0368,18055.48,SUBSCRIPTION_FAILED,Bank_D,E23,P019,UPI
E10256,C0799,3057.01,INVOICE_OVERDUE,Bank_A,E11,P018,CARD
E10257,C0018,12644.79,CHECKOUT_ABANDONED,Bank_C,E23,P017,NETBANKING
E10258,C0162,19632.24,CHECKOUT_ABANDONED,Bank_B,E23,P013,WALLET
E10259,C0707,20815.28,CHECKOUT_ABANDONED,Bank_A,E11,P012,NETBANKING
E10260,C0971,1059.07,CHECKOUT_ABANDONED,Bank_D,E11,P013,WALLET
E10261,C0552,5747.34,CHECKOUT_ABANDONED,Bank_D,E17,P017,UPI
E10262,C0174,4107.86,PAYMENT_FAILED,Bank_C,E42,P001,CARD
E10263,C0787,2998.42,INVOICE_OVERDUE,Bank_D,E23,P004,WALLET
E10264,C0570,19290.05,INVOICE_OVERDUE,Bank_A,E42,P009,NETBANKING
E10265,C0709,3761.29,CHECKOUT_ABANDONED,Bank_D,E17,P008,CARD
E10266,C0174,18168.9,INVOICE_OVERDUE,Bank_B,E11,P006,NETBANKING
E10267,C0043,11877.99,INVOICE_OVERDUE,Bank_A,E42,P005,UPI
E10268,C0027,8739.46,INVOICE_OVERDUE,Bank_A,E42,P010,WALLET
E10269,C0967,5577.97,INVOICE_OVERDUE,Bank_A,E42,P011,WALLET
E10270,C0822,16333.15,INVOICE_OVERDUE,Bank_B,E17,P015,NETBANKING
E10271,C0449,9239.38,SUBSCRIPTION_FAILED,Bank_A,E23,P018,WALLET
E10272,C0147,1429.05,SUBSCRIPTION_FAILED,Bank_B,E17,P008,NETBANKING
E10273,C0968,16071.11,INVOICE_OVERDUE,Bank_A,E23,P012,WALLET
E10274,C0194,21547.12,PAYMENT_FAILED,Bank_B,E11,P010,CARD
E10275,C0352,8557.85,SUBSCRIPTION_FAILED,Bank_A,E42,P008,CARD
E10276,C0563,1813.13,INVOICE_OVERDUE,Bank_D,E42,P003,UPI
E10277,C0166,5222.61,PAYMENT_FAILED,Bank_C,E42,P019,WALLET
E10278,C0990,3824.27,INVOICE_OVERDUE,Bank_B,E23,P002,NETBANKING
E10279,C0820,5568.44,PAYMENT_FAILED,Bank_B,E11,P020,NETBANKING
E10280,C0050,23435.7,INVOICE_OVERDUE,Bank_B,E23,P014,UPI
E10281,C0408,18558.72,PAYMENT_FAILED,Bank_A,E23,P014,WALLET
E10282,C0145,13457.5,SUBSCRIPTION_FAILED,Bank_A,E11,P003,WALLET
E10283,C0683,9979.69,INVOICE_OVERDUE,Bank_A,E11,P002,CARD
E10284,C0095,10842.02,PAYMENT_FAILED,Bank_D,E42,P008,UPI
E10285,C0385,11144.09,INVOICE_OVERDUE,Bank_C,E17,P007,UPI
E10286,C0851,23452.95,PAYMENT_FAILED,Bank_C,E11,P017,UPI
E10287,C0546,526.09,PAYMENT_FAILED,Bank_B,E23,P015,UPI
E10288,C0942,8074.03,SUBSCRIPTION_FAILED,Bank_D,E17,P003,UPI
E10289,C0410,15954.37,CHECKOUT_ABANDONED,Bank_D,E17,P015,NETBANKING
E10290,C0109,24430.92,CHECKOUT_ABANDONED,Bank_A,E42,P009,NETBANKING
E10291,C0688,20401.08,PAYMENT_FAILED,Bank_A,E42,P004,NETBANKING
E10292,C0873,17223.1,CHECKOUT_ABANDONED,Bank_C,E23,P005,UPI
E10293,C0911,9489.41,CHECKOUT_ABANDONED,Bank_C,E11,P018,UPI
E10294,C0002,10973.5,INVOICE_OVERDUE,Bank_A,E42,P016,UPI
E10295,C0592,15861.39,PAYMENT_FAILED,Bank_A,E42,P015,CARD
E10296,C0245,5961.44,SUBSCRIPTION_FAILED,Bank_A,E17,P019,WALLET
E10297,C0763,5008.4,PAYMENT_FAILED,Bank_C,E17,P001,CARD
E10298,C0430,8711.02,CHECKOUT_ABANDONED,Bank_A,E42,P012,WALLET
E10299,C0661,22089.76,PAYMENT_FAILED,Bank_C,E23,P014,CARD
E10300,C0802,3810.92,INVOICE_OVERDUE,Bank_A,E42,P015,UPI
E10301,C0616,11190.58,SUBSCRIPTION_FAILED,Bank_A,E11,P013,CARD
E10302,C0535,15971.6,PAYMENT_FAILED,Bank_C,E17,P007,CARD
E10303,C0209,5719.29,CHECKOUT_ABANDONED,Bank_A,E42,P011,NETBANKING
E10304,C0260,3271.75,SUBSCRIPTION_FAILED,Bank_D,E42,P004,UPI
E10305,C0794,15781.59,PAYMENT_FAILED,Bank_A,E11,P012,NETBANKING
E10306,C0511,13620.44,CHECKOUT_ABANDONED,Bank_C,E42,P011,UPI
E10307,C0249,9886.39,INVOICE_OVERDUE,Bank_A,E42,P020,CARD
E10308,C0874,16298.82,SUBSCRIPTION_FAILED,Bank_C,E17,P017,WALLET
E10309,C0632,19585.21,PAYMENT_FAILED,Bank_C,E11,P015,CARD
E10310,C0645,907.47,INVOICE_OVERDUE,Bank_A,E23,P014,CARD
E10311,C0394,19789.19,INVOICE_OVERDUE,Bank_C,E17,P002,WALLET
E10312,C0149,24033.75,CHECKOUT_ABANDONED,Bank_B,E42,P007,UPI
E10313,C0240,17411.48,INVOICE_OVERDUE,Bank_A,E42,P016,WALLET
E10314,C0082,4807.79,SUBSCRIPTION_FAILED,Bank_B,E17,P004,NETBANKING
E10315,C0836,18329.22,INVOICE_OVERDUE,Bank_B,E23,P006,NETBANKING
E10316,C0688,1290.54,PAYMENT_FAILED,Bank_A,E42,P014,CARD
E10317,C0459,11960.53,SUBSCRIPTION_FAILED,Bank_A,E23,P017,UPI
E10318,C0293,21813.38,PAYMENT_FAILED,Bank_B,E17,P015,UPI
E10319,C0654,20652.26,SUBSCRIPTION_FAILED,Bank_C,E23,P004,CARD
E10320,C0878,20378.07,CHECKOUT_ABANDONED,Bank_A,E42,P003,WALLET
E10321,C0313,5962.94,CHECKOUT_ABANDONED,Bank_A,E11,P001,NETBANKING
E10322,C0875,12158.62,CHECKOUT_ABANDONED,Bank_C,E42,P018,CARD
E10323,C0107,2339.08,SUBSCRIPTION_FAILED,Bank_A,E17,P017,WALLET
E10324,C0106,24453.95,SUBSCRIPTION_FAILED,Bank_A,E42,P008,NETBANKING
E10325,C0446,12658.45,PAYMENT_FAILED,Bank_B,E11,P010,CARD
E10326,C0325,19388.95,INVOICE_OVERDUE,Bank_C,E17,P019,CARD
E10327,C0025,16753.59,CHECKOUT_ABANDONED,Bank_A,E42,P020,WALLET
E10328,C0929,11290.31,CHECKOUT_ABANDONED,Bank_A,E42,P009,NETBANKING
E10329,C0068,19383.8,CHECKOUT_ABANDONED,Bank_C,E11,P005,UPI
E10330,C0845,9507.61,SUBSCRIPTION_FAILED,Bank_A,E42,P020,WALLET
E10331,C0900,20986.51,SUBSCRIPTION_FAILED,Bank_A,E42,P012,UPI
E10332,C0402,9227.02,PAYMENT_FAILED,Bank_A,E42,P001,NETBANKING
E10333,C0407,21589.68,PAYMENT_FAILED,Bank_A,E42,P015,NETBANKING
E10334,C0882,15211.56,SUBSCRIPTION_FAILED,Bank_C,E23,P004,UPI
E10335,C0892,20761.56,INVOICE_OVERDUE,Bank_B,E17,P006,CARD
E10336,C0213,5593.76,CHECKOUT_ABANDONED,Bank_A,E42,P010,UPI
E10337,C0177,11674.79,PAYMENT_FAILED,Bank_C,E17,P005,WALLET
E10338,C0560,1364.92,PAYMENT_FAILED,Bank_A,E42,P008,NETBANKING
E10339,C0302,16109.5,PAYMENT_FAILED,Bank_A,E11,P014,WALLET
E10340,C0962,20393.12,SUBSCRIPTION_FAILED,Bank_D,E11,P020,WALLET
E10341,C0103,13493.12,CHECKOUT_ABANDONED,Bank_C,E23,P003,WALLET
E10342,C0930,14196.3,CHECKOUT_ABANDONED,Bank_A,E42,P008,UPI
E10343,C0419,12620.79,PAYMENT_FAILED,Bank_A,E42,P016,UPI
E10344,C0920,6439.4,CHECKOUT_ABANDONED,Bank_D,E42,P009,CARD
E10345,C0604,10636.61,SUBSCRIPTION_FAILED,Bank_D,E42,P007,WALLET
E10346,C0052,19372.34,INVOICE_OVERDUE,Bank_C,E23,P006,NETBANKING
E10347,C0344,2529.06,SUBSCRIPTION_FAILED,Bank_D,E17,P008,WALLET
E10348,C0543,14954.02,SUBSCRIPTION_FAILED,Bank_A,E17,P018,WALLET
E10349,C0405,8291.66,INVOICE_OVERDUE,Bank_C,E17,P015,UPI
E10350,C0258,24318.13,INVOICE_OVERDUE,Bank_B,E11,P012,NETBANKING
E10351,C0432,1187.25,SUBSCRIPTION_FAILED,Bank_A,E17,P012,CARD
E10352,C0132,23558.2,PAYMENT_FAILED,Bank_A,E42,P012,NETBANKING
E10353,C0704,17374.86,INVOICE_OVERDUE,Bank_A,E23,P007,NETBANKING
E10354,C0821,21301.04,SUBSCRIPTION_FAILED,Bank_D,E42,P011,UPI
E10355,C0063,22824.61,SUBSCRIPTION_FAILED,Bank_C,E11,P015,CARD
E10356,C0660,5229.0,PAYMENT_FAILED,Bank_A,E42,P019,CARD
E10357,C0633,23354.01,CHECKOUT_ABANDONED,Bank_D,E23,P004,CARD
E10358,C0938,20827.62,INVOICE_OVERDUE,Bank_B,E42,P014,UPI
E10359,C0218,17516.99,SUBSCRIPTION_FAILED,Bank_B,E17,P018,CARD
E10360,C0779,17951.29,PAYMENT_FAILED,Bank_B,E42,P014,CARD
E10361,C0561,15161.36,CHECKOUT_ABANDONED,Bank_B,E23,P017,UPI
E10362,C0805,2636.42,SUBSCRIPTION_FAILED,Bank_C,E23,P007,CARD
E10363,C0622,23356.57,INVOICE_OVERDUE,Bank_B,E23,P012,UPI
E10364,C0344,6258.0,PAYMENT_FAILED,Bank_A,E42,P017,CARD
E10365,C0302,16025.7,SUBSCRIPTION_FAILED,Bank_A,E23,P003,UPI
E10366,C0783,15346.93,PAYMENT_FAILED,Bank_A,E42,P007,NETBANKING
E10367,C0051,1866.46,CHECKOUT_ABANDONED,Bank_D,E42,P007,NETBANKING
E10368,C0937,10187.99,SUBSCRIPTION_FAILED,Bank_D,E17,P001,CARD
E10369,C0868,18928.07,SUBSCRIPTION_FAILED,Bank_A,E42,P018,WALLET
E10370,C0367,17190.78,PAYMENT_FAILED,Bank_A,E11,P012,UPI
E10371,C0625,21517.76,CHECKOUT_ABANDONED,Bank_A,E42,P010,WALLET
E10372,C0281,7003.9,CHECKOUT_ABANDONED,Bank_C,E23,P001,UPI
E10373,C0074,22518.93,CHECKOUT_ABANDONED,Bank_C,E11,P015,CARD
E10374,C0436,2353.12,SUBSCRIPTION_FAILED,Bank_A,E11,P005,UPI
E10375,C0484,13337.85,PAYMENT_FAILED,Bank_A,E23,P017,UPI
E10376,C0729,3319.99,SUBSCRIPTION_FAILED,Bank_A,E42,P001,UPI
E10377,C0261,17717.8,PAYMENT_FAILED,Bank_B,E23,P010,UPI
E10378,C0831,11181.23,INVOICE_OVERDUE,Bank_C,E42,P019,NETBANKING
E10379,C0353,13381.55,SUBSCRIPTION_FAILED,Bank_A,E42,P019,CARD
E10380,C0939,20671.6,INVOICE_OVERDUE,Bank_C,E17,P018,UPI
E10381,C0405,12557.76,SUBSCRIPTION_FAILED,Bank_A,E42,P001,WALLET
E10382,C0557,10326.69,INVOICE_OVERDUE,Bank_A,E17,P009,WALLET
E10383,C0176,15537.89,INVOICE_OVERDUE,Bank_C,E17,P012,NETBANKING
E10384,C0933,23894.95,INVOICE_OVERDUE,Bank_A,E23,P003,NETBANKING
E10385,C0509,2602.13,INVOICE_OVERDUE,Bank_C,E11,P009,WALLET
E10386,C0897,15287.07,SUBSCRIPTION_FAILED,Bank_A,E42,P010,WALLET
E10387,C0520,781.36,SUBSCRIPTION_FAILED,Bank_A,E42,P015,WALLET
E10388,C0301,10189.54,CHECKOUT_ABANDONED,Bank_B,E11,P019,WALLET
E10389,C0802,20851.16,INVOICE_OVERDUE,Bank_D,E11,P013,UPI
E10390,C0506,14130.33,SUBSCRIPTION_FAILED,Bank_B,E17,P009,CARD
E10391,C0989,9162.03,PAYMENT_FAILED,Bank_D,E42,P001,UPI
E10392,C0476,21255.47,PAYMENT_FAILED,Bank_B,E11,P015,NETBANKING
E10393,C0845,8191.58,INVOICE_OVERDUE,Bank_B,E42,P017,WALLET
E10394,C0708,8146.04,SUBSCRIPTION_FAILED,Bank_C,E23,P019,UPI
E10395,C0203,6307.38,INVOICE_OVERDUE,Bank_A,E11,P020,CARD
E10396,C0635,22902.46,CHECKOUT_ABANDONED,Bank_A,E42,P014,CARD
E10397,C0139,1169.04,SUBSCRIPTION_FAILED,Bank_B,E17,P005,CARD
E10398,C0020,21348.89,PAYMENT_FAILED,Bank_C,E42,P011,WALLET
E10399,C0623,24565.59,INVOICE_OVERDUE,Bank_D,E17,P007,CARD
E10400,C0178,12943.28,PAYMENT_FAILED,Bank_D,E11,P011,UPI
E10401,C0803,3383.41,PAYMENT_FAILED,Bank_A,E23,P005,CARD
E10402,C0004,4079.01,PAYMENT_FAILED,Bank_C,E23,P014,NETBANKING
E10403,C0594,6129.15,SUBSCRIPTION_FAILED,Bank_C,E42,P011,UPI
E10404,C0563,20689.52,CHECKOUT_ABANDONED,Bank_A,E42,P004,NETBANKING
E10405,C0072,20573.52,INVOICE_OVERDUE,Bank_B,E23,P004,NETBANKING
E10406,C0014,18376.79,CHECKOUT_ABANDONED,Bank_C,E42,P011,UPI
E10407,C0735,6628.21,INVOICE_OVERDUE,Bank_A,E23,P002,CARD
E10408,C0216,1877.69,SUBSCRIPTION_FAILED,Bank_D,E23,P011,NETBANKING
E10409,C0235,18882.98,PAYMENT_FAILED,Bank_D,E17,P014,WALLET
E10410,C0742,12036.69,INVOICE_OVERDUE,Bank_A,E17,P008,WALLET
E10411,C0028,2861.62,INVOICE_OVERDUE,Bank_A,E42,P015,CARD
E10412,C0220,859.8,SUBSCRIPTION_FAILED,Bank_A,E42,P011,NETBANKING
E10413,C0550,18282.67,PAYMENT_FAILED,Bank_B,E23,P020,UPI
E10414,C0180,22114.4,CHECKOUT_ABANDONED,Bank_C,E23,P003,WALLET
E10415,C0175,19797.1,CHECKOUT_ABANDONED,Bank_B,E11,P009,UPI
E10416,C0462,12516.47,SUBSCRIPTION_FAILED,Bank_A,E42,P019,NETBANKING
E10417,C0995,14887.3,CHECKOUT_ABANDONED,Bank_C,E11,P006,UPI
E10418,C0279,23454.04,PAYMENT_FAILED,Bank_A,E11,P007,WALLET
E10419,C0653,17554.57,INVOICE_OVERDUE,Bank_D,E11,P001,UPI
E10420,C0975,15710.47,SUBSCRIPTION_FAILED,Bank_A,E42,P015,NETBANKING
E10421,C0045,23446.5,PAYMENT_FAILED,Bank_A,E42,P006,NETBANKING
E10422,C0477,20207.68,INVOICE_OVERDUE,Bank_A,E42,P009,CARD
E10423,C0546,6453.76,INVOICE_OVERDUE,Bank_A,E42,P015,NETBANKING
E10424,C0794,21507.02,PAYMENT_FAILED,Bank_B,E17,P017,UPI
E10425,C0834,17676.9,INVOICE_OVERDUE,Bank_B,E23,P009,UPI
E10426,C0947,23931.09,PAYMENT_FAILED,Bank_C,E17,P002,CARD
E10427,C0362,20235.84,CHECKOUT_ABANDONED,Bank_A,E17,P019,WALLET
E10428,C0927,19014.73,INVOICE_OVERDUE,Bank_C,E23,P001,WALLET
E10429,C0938,18409.57,CHECKOUT_ABANDONED,Bank_A,E42,P003,CARD
E10430,C0561,16952.0,CHECKOUT_ABANDONED,Bank_A,E42,P011,WALLET
E10431,C0126,16835.55,INVOICE_OVERDUE,Bank_C,E17,P008,WALLET
E10432,C0299,14175.48,PAYMENT_FAILED,Bank_A,E42,P001,CARD
E10433,C0741,24669.13,PAYMENT_FAILED,Bank_A,E42,P015,NETBANKING
E10434,C0269,15358.44,SUBSCRIPTION_FAILED,Bank_B,E11,P014,CARD
E10435,C0193,23180.49,PAYMENT_FAILED,Bank_D,E23,P009,CARD
E10436,C0336,5058.25,CHECKOUT_ABANDONED,Bank_C,E11,P017,NETBANKING
E10437,C0284,8501.82,SUBSCRIPTION_FAILED,Bank_A,E11,P004,NETBANKING
E10438,C0159,6548.74,SUBSCRIPTION_FAILED,Bank_A,E42,P001,NETBANKING
E10439,C0342,1293.72,CHECKOUT_ABANDONED,Bank_C,E42,P020,NETBANKING
E10440,C0902,2380.81,SUBSCRIPTION_FAILED,Bank_A,E42,P007,WALLET
E10441,C0235,5499.68,INVOICE_OVERDUE,Bank_A,E42,P013,WALLET
E10442,C0510,8244.17,PAYMENT_FAILED,Bank_D,E11,P004,NETBANKING
E10443,C0466,9993.43,CHECKOUT_ABANDONED,Bank_A,E42,P013,WALLET
E10444,C0143,3563.66,CHECKOUT_ABANDONED,Bank_A,E42,P017,UPI
E10445,C0004,17274.52,CHECKOUT_ABANDONED,Bank_A,E42,P002,CARD
E10446,C0211,8646.47,CHECKOUT_ABANDONED,Bank_B,E11,P010,UPI
E10447,C0977,5387.05,INVOICE_OVERDUE,Bank_C,E11,P020,UPI
E10448,C0471,24818.32,PAYMENT_FAILED,Bank_D,E42,P005,WALLET
E10449,C0984,5900.01,INVOICE_OVERDUE,Bank_A,E11,P020,NETBANKING
E10450,C0222,24854.05,SUBSCRIPTION_FAILED,Bank_C,E11,P018,CARD
E10451,C0615,21752.7,INVOICE_OVERDUE,Bank_A,E42,P002,NETBANKING
E10452,C0673,23515.28,CHECKOUT_ABANDONED,Bank_A,E42,P014,NETBANKING
E10453,C0838,12893.14,INVOICE_OVERDUE,Bank_B,E11,P012,WALLET
E10454,C0686,2470.24,SUBSCRIPTION_FAILED,Bank_A,E42,P020,CARD
E10455,C0038,22133.7,PAYMENT_FAILED,Bank_C,E23,P006,NETBANKING
E10456,C0622,1416.01,INVOICE_OVERDUE,Bank_B,E11,P016,NETBANKING
E10457,C0559,1624.02,CHECKOUT_ABANDONED,Bank_A,E11,P015,WALLET
E10458,C0674,18750.11,CHECKOUT_ABANDONED,Bank_D,E11,P019,UPI
E10459,C0639,7517.21,PAYMENT_FAILED,Bank_B,E42,P011,CARD
E10460,C0359,8556.55,SUBSCRIPTION_FAILED,Bank_D,E11,P006,NETBANKING
E10461,C0951,570.87,INVOICE_OVERDUE,Bank_C,E23,P004,UPI
E10462,C0981,1637.2,SUBSCRIPTION_FAILED,Bank_B,E17,P014,UPI
E10463,C0485,7682.98,INVOICE_OVERDUE,Bank_A,E11,P014,WALLET
E10464,C0016,6934.18,INVOICE_OVERDUE,Bank_A,E42,P019,CARD
E10465,C0319,12538.63,CHECKOUT_ABANDONED,Bank_A,E42,P004,CARD
E10466,C0563,1267.77,PAYMENT_FAILED,Bank_A,E42,P001,CARD
E10467,C0654,13613.42,CHECKOUT_ABANDONED,Bank_B,E11,P017,UPI
E10468,C0972,6766.87,CHECKOUT_ABANDONED,Bank_B,E11,P005,CARD
E10469,C0355,22072.66,SUBSCRIPTION_FAILED,Bank_C,E42,P006,UPI
E10470,C0951,2298.79,PAYMENT_FAILED,Bank_C,E42,P017,UPI
E10471,C0577,8634.43,PAYMENT_FAILED,Bank_A,E17,P015,CARD
E10472,C0806,4188.54,SUBSCRIPTION_FAILED,Bank_C,E17,P007,NETBANKING
E10473,C0165,9192.54,PAYMENT_FAILED,Bank_A,E42,P017,CARD
E10474,C0483,9152.03,CHECKOUT_ABANDONED,Bank_B,E42,P018,UPI
E10475,C0877,3618.09,PAYMENT_FAILED,Bank_C,E23,P008,WALLET
E10476,C0309,7866.09,INVOICE_OVERDUE,Bank_A,E42,P016,CARD
E10477,C0033,12037.23,PAYMENT_FAILED,Bank_A,E23,P012,NETBANKING
E10478,C0066,23344.67,PAYMENT_FAILED,Bank_B,E17,P011,NETBANKING
E10479,C0550,19210.73,PAYMENT_FAILED,Bank_A,E11,P001,UPI
E10480,C0872,1010.67,SUBSCRIPTION_FAILED,Bank_C,E17,P007,CARD
E10481,C0555,5715.28,CHECKOUT_ABANDONED,Bank_D,E11,P012,WALLET
E10482,C0591,11175.44,PAYMENT_FAILED,Bank_A,E23,P020,NETBANKING
E10483,C0084,3679.66,CHECKOUT_ABANDONED,Bank_D,E17,P008,CARD
E10484,C0628,6300.72,CHECKOUT_ABANDONED,Bank_C,E11,P001,WALLET
E10485,C0690,4751.24,CHECKOUT_ABANDONED,Bank_A,E42,P004,UPI
E10486,C0248,18621.81,SUBSCRIPTION_FAILED,Bank_A,E42,P008,NETBANKING
E10487,C0944,13720.25,SUBSCRIPTION_FAILED,Bank_B,E11,P014,NETBANKING
E10488,C0689,19590.58,SUBSCRIPTION_FAILED,Bank_A,E42,P014,NETBANKING
E10489,C0108,5986.34,INVOICE_OVERDUE,Bank_A,E17,P002,WALLET
E10490,C0206,3428.21,CHECKOUT_ABANDONED,Bank_A,E23,P013,WALLET
E10491,C0337,14470.81,CHECKOUT_ABANDONED,Bank_A,E42,P011,NETBANKING
E10492,C0539,22858.41,CHECKOUT_ABANDONED,Bank_B,E42,P011,CARD
E10493,C0113,1063.36,INVOICE_OVERDUE,Bank_C,E11,P014,UPI
E10494,C0031,16664.87,INVOICE_OVERDUE,Bank_A,E42,P005,CARD
E10495,C0030,20690.61,CHECKOUT_ABANDONED,Bank_B,E17,P016,WALLET
E10496,C0504,10206.59,INVOICE_OVERDUE,Bank_A,E42,P014,UPI
E10497,C0029,7799.66,SUBSCRIPTION_FAILED,Bank_A,E42,P003,UPI
E10498,C0857,18196.82,CHECKOUT_ABANDONED,Bank_B,E23,P010,NETBANKING
E10499,C0610,20403.43,INVOICE_OVERDUE,Bank_A,E11,P013,WALLET
E10500,C0818,24366.49,SUBSCRIPTION_FAILED,Bank_A,E42,P015,UPI
E10501,C0838,3233.99,SUBSCRIPTION_FAILED,Bank_A,E17,P004,WALLET
E10502,C0146,19239.9,CHECKOUT_ABANDONED,Bank_B,E17,P007,UPI
E10503,C0372,21423.65,INVOICE_OVERDUE,Bank_D,E42,P001,WALLET
E10504,C0155,11748.25,SUBSCRIPTION_FAILED,Bank_D,E23,P015,CARD
E10505,C0230,4208.8,INVOICE_OVERDUE,Bank_D,E23,P019,NETBANKING
E10506,C0742,11435.45,SUBSCRIPTION_FAILED,Bank_B,E42,P009,WALLET
E10507,C0910,16779.75,SUBSCRIPTION_FAILED,Bank_D,E17,P003,WALLET
E10508,C0206,23669.16,SUBSCRIPTION_FAILED,Bank_D,E23,P016,NETBANKING
E10509,C0770,12536.6,PAYMENT_FAILED,Bank_C,E11,P006,CARD
E10510,C0181,8269.19,INVOICE_OVERDUE,Bank_C,E17,P016,UPI
E10511,C0743,1898.81,INVOICE_OVERDUE,Bank_A,E42,P014,CARD
E10512,C0874,9147.62,INVOICE_OVERDUE,Bank_A,E23,P005,NETBANKING
E10513,C0115,6981.37,INVOICE_OVERDUE,Bank_A,E42,P010,CARD
E10514,C0951,9048.7,INVOICE_OVERDUE,Bank_D,E42,P015,NETBANKING
E10515,C0734,1178.08,INVOICE_OVERDUE,Bank_A,E42,P011,CARD
E10516,C0040,10171.78,INVOICE_OVERDUE,Bank_A,E42,P009,NETBANKING
E10517,C0244,2518.99,PAYMENT_FAILED,Bank_C,E17,P011,NETBANKING
E10518,C0211,20731.86,INVOICE_OVERDUE,Bank_D,E23,P005,NETBANKING
E10519,C0207,18387.95,CHECKOUT_ABANDONED,Bank_A,E17,P008,CARD
E10520,C0472,5496.81,PAYMENT_FAILED,Bank_A,E42,P020,UPI
E10521,C0733,15388.57,SUBSCRIPTION_FAILED,Bank_D,E11,P001,CARD
E10522,C0513,4223.86,CHECKOUT_ABANDONED,Bank_A,E42,P012,WALLET
E10523,C0781,2999.19,PAYMENT_FAILED,Bank_A,E42,P018,UPI
E10524,C0654,7541.98,CHECKOUT_ABANDONED,Bank_B,E23,P014,NETBANKING
E10525,C0359,11759.8,CHECKOUT_ABANDONED,Bank_A,E42,P005,CARD
E10526,C0466,24974.12,PAYMENT_FAILED,Bank_C,E11,P013,WALLET
E10527,C0592,934.47,INVOICE_OVERDUE,Bank_D,E23,P011,UPI
E10528,C0441,17102.73,INVOICE_OVERDUE,Bank_A,E42,P020,UPI
E10529,C0622,24374.09,SUBSCRIPTION_FAILED,Bank_A,E42,P017,CARD
E10530,C0328,4752.76,SUBSCRIPTION_FAILED,Bank_A,E42,P009,UPI
E10531,C0110,795.86,PAYMENT_FAILED,Bank_A,E42,P011,UPI
E10532,C0666,19015.71,CHECKOUT_ABANDONED,Bank_B,E17,P009,CARD
E10533,C0122,19380.56,PAYMENT_FAILED,Bank_B,E17,P003,NETBANKING
E10534,C0977,5338.29,PAYMENT_FAILED,Bank_A,E42,P011,UPI
E10535,C0397,9846.92,SUBSCRIPTION_FAILED,Bank_B,E17,P020,NETBANKING
E10536,C0161,10078.48,PAYMENT_FAILED,Bank_D,E17,P008,NETBANKING
E10537,C0073,4750.52,INVOICE_OVERDUE,Bank_B,E11,P020,WALLET
E10538,C0938,9215.69,INVOICE_OVERDUE,Bank_B,E17,P017,WALLET
E10539,C0686,12131.5,SUBSCRIPTION_FAILED,Bank_C,E42,P002,UPI
E10540,C0674,21241.01,SUBSCRIPTION_FAILED,Bank_D,E42,P009,UPI
E10541,C0394,18957.01,CHECKOUT_ABANDONED,Bank_B,E17,P010,WALLET
E10542,C0599,16599.15,CHECKOUT_ABANDONED,Bank_B,E11,P001,NETBANKING
E10543,C0029,4762.25,CHECKOUT_ABANDONED,Bank_B,E23,P018,WALLET
E10544,C0048,11141.53,CHECKOUT_ABANDONED,Bank_B,E17,P017,NETBANKING
E10545,C0323,5317.29,SUBSCRIPTION_FAILED,Bank_D,E11,P016,WALLET
E10546,C0305,5389.91,CHECKOUT_ABANDONED,Bank_A,E42,P020,UPI
E10547,C0815,21759.56,SUBSCRIPTION_FAILED,Bank_D,E17,P019,NETBANKING
E10548,C0519,9400.85,PAYMENT_FAILED,Bank_C,E42,P001,UPI
E10549,C0043,19891.85,PAYMENT_FAILED,Bank_A,E42,P014,WALLET
E10550,C0580,11878.79,PAYMENT_FAILED,Bank_C,E17,P017,UPI
E10551,C0026,20827.91,PAYMENT_FAILED,Bank_A,E42,P010,WALLET
E10552,C0009,517.99,INVOICE_OVERDUE,Bank_C,E42,P013,NETBANKING
E10553,C0760,13119.31,SUBSCRIPTION_FAILED,Bank_A,E42,P007,NETBANKING
E10554,C0532,15245.67,SUBSCRIPTION_FAILED,Bank_C,E11,P009,CARD
E10555,C0785,23369.15,INVOICE_OVERDUE,Bank_C,E42,P016,CARD
E10556,C0127,24758.53,SUBSCRIPTION_FAILED,Bank_D,E23,P015,WALLET
E10557,C0023,5430.5,INVOICE_OVERDUE,Bank_C,E11,P015,CARD
E10558,C0558,18779.34,SUBSCRIPTION_FAILED,Bank_D,E17,P017,CARD
E10559,C0753,5614.6,CHECKOUT_ABANDONED,Bank_A,E42,P015,NETBANKING
E10560,C0469,2940.73,CHECKOUT_ABANDONED,Bank_A,E42,P013,WALLET
E10561,C0516,12894.8,SUBSCRIPTION_FAILED,Bank_C,E42,P017,NETBANKING
E10562,C0749,9095.48,PAYMENT_FAILED,Bank_A,E11,P011,WALLET
E10563,C0936,17948.48,INVOICE_OVERDUE,Bank_D,E23,P009,CARD
E10564,C0986,20814.56,SUBSCRIPTION_FAILED,Bank_C,E23,P005,CARD
E10565,C0067,5209.41,CHECKOUT_ABANDONED,Bank_B,E11,P010,WALLET
E10566,C0450,13053.42,PAYMENT_FAILED,Bank_A,E42,P005,UPI
E10567,C0320,12762.2,PAYMENT_FAILED,Bank_D,E11,P009,WALLET
E10568,C0460,2968.16,INVOICE_OVERDUE,Bank_C,E42,P008,NETBANKING
E10569,C0688,24541.77,INVOICE_OVERDUE,Bank_A,E42,P006,CARD
E10570,C0217,16348.86,INVOICE_OVERDUE,Bank_A,E42,P006,NETBANKING
E10571,C0449,13104.86,PAYMENT_FAILED,Bank_C,E17,P007,CARD
E10572,C0473,10625.64,INVOICE_OVERDUE,Bank_D,E42,P005,NETBANKING
E10573,C0156,9641.39,PAYMENT_FAILED,Bank_A,E42,P015,WALLET
E10574,C0702,8107.42,CHECKOUT_ABANDONED,Bank_D,E11,P008,NETBANKING
E10575,C0756,656.48,INVOICE_OVERDUE,Bank_D,E17,P013,WALLET
E10576,C0819,19666.62,CHECKOUT_ABANDONED,Bank_B,E17,P018,NETBANKING
E10577,C0646,21293.96,CHECKOUT_ABANDONED,Bank_A,E42,P020,UPI
E10578,C0756,17587.25,PAYMENT_FAILED,Bank_A,E42,P016,WALLET
E10579,C0218,6551.98,CHECKOUT_ABANDONED,Bank_C,E42,P011,CARD
E10580,C0128,12950.38,INVOICE_OVERDUE,Bank_C,E42,P015,NETBANKING
E10581,C0394,15230.72,PAYMENT_FAILED,Bank_C,E17,P007,NETBANKING
E10582,C0817,14671.19,INVOICE_OVERDUE,Bank_B,E11,P011,WALLET
E10583,C0766,20820.28,INVOICE_OVERDUE,Bank_A,E42,P011,WALLET
E10584,C0812,12139.92,SUBSCRIPTION_FAILED,Bank_B,E42,P004,NETBANKING
E10585,C0424,19765.91,PAYMENT_FAILED,Bank_A,E23,P017,NETBANKING
E10586,C0982,9759.89,INVOICE_OVERDUE,Bank_A,E42,P006,NETBANKING
E10587,C0554,18045.43,CHECKOUT_ABANDONED,Bank_D,E42,P007,CARD
E10588,C0143,9978.06,INVOICE_OVERDUE,Bank_C,E11,P012,NETBANKING
E10589,C0594,3303.04,INVOICE_OVERDUE,Bank_B,E17,P006,CARD
E10590,C0446,702.83,PAYMENT_FAILED,Bank_B,E17,P003,CARD
E10591,C0346,4308.09,SUBSCRIPTION_FAILED,Bank_D,E23,P012,UPI
E10592,C0284,3813.84,INVOICE_OVERDUE,Bank_A,E42,P015,NETBANKING
E10593,C0196,20400.37,CHECKOUT_ABANDONED,Bank_B,E42,P014,CARD
E10594,C0868,22821.54,PAYMENT_FAILED,Bank_D,E23,P009,NETBANKING
E10595,C0579,9563.35,PAYMENT_FAILED,Bank_D,E11,P020,CARD
E10596,C0884,16524.63,CHECKOUT_ABANDONED,Bank_C,E17,P016,WALLET
E10597,C0866,7705.97,INVOICE_OVERDUE,Bank_A,E42,P001,CARD
E10598,C0294,23749.47,SUBSCRIPTION_FAILED,Bank_C,E11,P018,UPI
E10599,C0294,16057.03,INVOICE_OVERDUE,Bank_D,E17,P020,CARD
E10600,C0523,9598.87,INVOICE_OVERDUE,Bank_C,E17,P010,CARD
E10601,C0578,870.69,INVOICE_OVERDUE,Bank_C,E42,P011,NETBANKING
E10602,C0073,9990.51,SUBSCRIPTION_FAILED,Bank_C,E11,P003,CARD
E10603,C0665,1943.65,SUBSCRIPTION_FAILED,Bank_B,E11,P001,WALLET
E10604,C0605,5757.28,SUBSCRIPTION_FAILED,Bank_A,E17,P004,UPI
E10605,C0135,1046.35,CHECKOUT_ABANDONED,Bank_A,E17,P004,WALLET
E10606,C0025,10014.1,PAYMENT_FAILED,Bank_B,E11,P007,NETBANKING
E10607,C0862,2606.08,PAYMENT_FAILED,Bank_B,E11,P012,WALLET
E10608,C0126,21570.15,PAYMENT_FAILED,Bank_A,E42,P009,WALLET
E10609,C0413,9021.98,SUBSCRIPTION_FAILED,Bank_B,E11,P004,UPI
E10610,C0457,10845.55,PAYMENT_FAILED,Bank_A,E42,P019,NETBANKING
E10611,C1000,23700.03,CHECKOUT_ABANDONED,Bank_B,E23,P010,UPI
E10612,C0090,1668.54,INVOICE_OVERDUE,Bank_B,E23,P014,NETBANKING
E10613,C0012,16038.92,SUBSCRIPTION_FAILED,Bank_C,E23,P003,WALLET
E10614,C0404,15787.34,CHECKOUT_ABANDONED,Bank_D,E23,P009,NETBANKING
E10615,C0355,3019.03,CHECKOUT_ABANDONED,Bank_B,E11,P006,WALLET
E10616,C0451,16368.33,CHECKOUT_ABANDONED,Bank_C,E23,P017,WALLET
E10617,C0856,1933.34,CHECKOUT_ABANDONED,Bank_A,E42,P001,CARD
E10618,C0884,18363.95,INVOICE_OVERDUE,Bank_B,E42,P010,WALLET
E10619,C0101,18508.8,PAYMENT_FAILED,Bank_A,E42,P006,CARD
E10620,C0514,4217.28,INVOICE_OVERDUE,Bank_D,E17,P018,NETBANKING
E10621,C0735,3459.49,PAYMENT_FAILED,Bank_A,E42,P007,CARD
E10622,C0659,7979.96,INVOICE_OVERDUE,Bank_C,E23,P017,WALLET
E10623,C0008,9591.61,INVOICE_OVERDUE,Bank_A,E42,P009,CARD
E10624,C0726,7119.72,SUBSCRIPTION_FAILED,Bank_A,E17,P004,WALLET
E10625,C0270,8242.98,INVOICE_OVERDUE,Bank_A,E42,P005,UPI
E10626,C0516,24057.47,CHECKOUT_ABANDONED,Bank_A,E42,P010,NETBANKING
E10627,C0756,8798.87,CHECKOUT_ABANDONED,Bank_B,E42,P012,UPI
E10628,C0316,7600.38,INVOICE_OVERDUE,Bank_A,E42,P002,CARD
E10629,C0148,5858.84,PAYMENT_FAILED,Bank_C,E11,P015,UPI
E10630,C0197,5085.93,INVOICE_OVERDUE,Bank_A,E42,P012,NETBANKING
E10631,C0395,9663.53,SUBSCRIPTION_FAILED,Bank_A,E17,P002,CARD
E10632,C0315,9610.01,INVOICE_OVERDUE,Bank_B,E11,P011,WALLET
E10633,C0513,5130.11,SUBSCRIPTION_FAILED,Bank_B,E42,P002,CARD
E10634,C0800,21936.78,INVOICE_OVERDUE,Bank_A,E17,P013,WALLET
E10635,C0296,2502.1,SUBSCRIPTION_FAILED,Bank_A,E42,P014,UPI
E10636,C0021,10263.74,PAYMENT_FAILED,Bank_A,E11,P007,WALLET
E10637,C0446,12907.14,SUBSCRIPTION_FAILED,Bank_D,E17,P009,NETBANKING
E10638,C0449,11631.0,INVOICE_OVERDUE,Bank_B,E11,P020,WALLET
E10639,C0271,14516.6,PAYMENT_FAILED,Bank_C,E23,P011,UPI
E10640,C0847,7214.81,CHECKOUT_ABANDONED,Bank_A,E42,P001,UPI
E10641,C0875,21757.78,CHECKOUT_ABANDONED,Bank_A,E42,P009,NETBANKING
E10642,C0223,2232.08,SUBSCRIPTION_FAILED,Bank_B,E11,P017,WALLET
E10643,C0071,7653.52,INVOICE_OVERDUE,Bank_C,E11,P004,CARD
E10644,C0191,7509.49,SUBSCRIPTION_FAILED,Bank_A,E42,P017,NETBANKING
E10645,C0422,19331.04,PAYMENT_FAILED,Bank_A,E42,P015,CARD
E10646,C0256,15526.46,CHECKOUT_ABANDONED,Bank_A,E42,P003,NETBANKING
E10647,C0255,17086.35,CHECKOUT_ABANDONED,Bank_C,E17,P017,CARD
E10648,C0067,22678.4,CHECKOUT_ABANDONED,Bank_A,E42,P013,WALLET
E10649,C0429,6314.3,SUBSCRIPTION_FAILED,Bank_D,E17,P011,NETBANKING
E10650,C0476,3267.43,CHECKOUT_ABANDONED,Bank_C,E23,P006,NETBANKING
E10651,C0923,22905.95,INVOICE_OVERDUE,Bank_A,E42,P008,UPI
E10652,C0878,19050.4,INVOICE_OVERDUE,Bank_A,E11,P017,CARD
E10653,C0190,18493.68,INVOICE_OVERDUE,Bank_A,E42,P004,WALLET
E10654,C0337,3528.53,INVOICE_OVERDUE,Bank_B,E11,P014,WALLET
E10655,C0654,2548.38,INVOICE_OVERDUE,Bank_A,E42,P014,NETBANKING
E10656,C0581,4218.6,PAYMENT_FAILED,Bank_D,E23,P010,NETBANKING
E10657,C0601,21524.66,PAYMENT_FAILED,Bank_D,E42,P018,WALLET
E10658,C0639,711.53,CHECKOUT_ABANDONED,Bank_B,E17,P005,WALLET
E10659,C0425,19902.5,INVOICE_OVERDUE,Bank_C,E11,P014,NETBANKING
E10660,C0041,12886.76,CHECKOUT_ABANDONED,Bank_A,E11,P017,UPI
E10661,C0928,15749.21,INVOICE_OVERDUE,Bank_A,E23,P009,WALLET
E10662,C0135,18132.03,INVOICE_OVERDUE,Bank_B,E11,P010,CARD
E10663,C0546,6084.32,INVOICE_OVERDUE,Bank_C,E42,P006,UPI
E10664,C0859,13014.18,INVOICE_OVERDUE,Bank_B,E42,P007,UPI
E10665,C0034,20314.75,PAYMENT_FAILED,Bank_D,E23,P006,CARD
E10666,C0501,7831.6,PAYMENT_FAILED,Bank_B,E17,P007,NETBANKING
E10667,C0671,18828.33,SUBSCRIPTION_FAILED,Bank_A,E11,P001,UPI
E10668,C0013,7201.44,CHECKOUT_ABANDONED,Bank_B,E17,P012,WALLET
E10669,C0750,18373.1,SUBSCRIPTION_FAILED,Bank_D,E17,P019,WALLET
E10670,C0464,10171.19,INVOICE_OVERDUE,Bank_A,E42,P011,NETBANKING
E10671,C0784,24892.98,INVOICE_OVERDUE,Bank_D,E42,P012,WALLET
E10672,C0060,6713.83,PAYMENT_FAILED,Bank_C,E11,P016,NETBANKING
E10673,C0084,17170.77,SUBSCRIPTION_FAILED,Bank_C,E23,P004,UPI
E10674,C0658,3609.49,PAYMENT_FAILED,Bank_C,E11,P011,NETBANKING
E10675,C0017,4421.15,SUBSCRIPTION_FAILED,Bank_D,E42,P005,UPI
E10676,C0661,4171.46,INVOICE_OVERDUE,Bank_B,E42,P001,NETBANKING
E10677,C0352,24924.07,INVOICE_OVERDUE,Bank_D,E23,P006,UPI
E10678,C0615,9871.39,CHECKOUT_ABANDONED,Bank_B,E17,P016,NETBANKING
E10679,C0978,680.88,CHECKOUT_ABANDONED,Bank_A,E42,P016,UPI
E10680,C0364,13036.76,SUBSCRIPTION_FAILED,Bank_A,E42,P018,CARD
E10681,C0861,5100.31,CHECKOUT_ABANDONED,Bank_D,E11,P005,WALLET
E10682,C0170,1339.36,CHECKOUT_ABANDONED,Bank_A,E42,P017,CARD
E10683,C0002,4149.82,CHECKOUT_ABANDONED,Bank_B,E17,P008,CARD
E10684,C0618,4045.45,PAYMENT_FAILED,Bank_A,E11,P002,CARD
E10685,C0129,6198.3,INVOICE_OVERDUE,Bank_D,E17,P014,UPI
E10686,C0727,15447.31,INVOICE_OVERDUE,Bank_C,E17,P010,UPI
E10687,C0557,8272.54,PAYMENT_FAILED,Bank_B,E42,P011,CARD
E10688,C0409,6147.68,INVOICE_OVERDUE,Bank_A,E23,P002,NETBANKING
E10689,C0180,10374.68,CHECKOUT_ABANDONED,Bank_A,E23,P013,NETBANKING
E10690,C0534,13153.49,PAYMENT_FAILED,Bank_C,E42,P003,NETBANKING
E10691,C0820,1102.06,PAYMENT_FAILED,Bank_B,E23,P015,UPI
E10692,C0944,15001.63,PAYMENT_FAILED,Bank_C,E42,P020,NETBANKING
E10693,C0848,3237.02,INVOICE_OVERDUE,Bank_A,E42,P005,NETBANKING
E10694,C0428,8247.14,INVOICE_OVERDUE,Bank_A,E42,P005,NETBANKING
E10695,C0477,4206.86,PAYMENT_FAILED,Bank_A,E42,P016,UPI
E10696,C0130,15647.46,PAYMENT_FAILED,Bank_B,E42,P006,CARD
E10697,C0482,7509.64,SUBSCRIPTION_FAILED,Bank_D,E23,P018,UPI
E10698,C0389,5912.96,SUBSCRIPTION_FAILED,Bank_D,E17,P006,WALLET
E10699,C0153,19105.59,PAYMENT_FAILED,Bank_A,E42,P014,WALLET
E10700,C0347,14531.55,CHECKOUT_ABANDONED,Bank_D,E23,P003,WALLET
E10701,C0869,7153.11,SUBSCRIPTION_FAILED,Bank_D,E23,P015,WALLET
E10702,C0503,3165.39,SUBSCRIPTION_FAILED,Bank_C,E23,P006,CARD
E10703,C0628,21780.05,PAYMENT_FAILED,Bank_C,E42,P002,CARD
E10704,C0849,19834.31,PAYMENT_FAILED,Bank_C,E23,P019,CARD
E10705,C0814,23122.5,SUBSCRIPTION_FAILED,Bank_A,E42,P009,NETBANKING
E10706,C0286,4387.98,CHECKOUT_ABANDONED,Bank_B,E11,P014,WALLET
E10707,C0564,4091.83,PAYMENT_FAILED,Bank_A,E17,P005,NETBANKING
E10708,C0131,4470.28,PAYMENT_FAILED,Bank_B,E23,P013,CARD
E10709,C0055,7762.07,INVOICE_OVERDUE,Bank_D,E23,P003,NETBANKING
E10710,C0808,3431.59,CHECKOUT_ABANDONED,Bank_B,E11,P020,WALLET
E10711,C0789,17849.1,SUBSCRIPTION_FAILED,Bank_B,E42,P017,NETBANKING
E10712,C0502,5711.84,SUBSCRIPTION_FAILED,Bank_A,E42,P001,CARD
E10713,C0794,11958.45,SUBSCRIPTION_FAILED,Bank_A,E42,P017,WALLET
E10714,C0426,6166.48,CHECKOUT_ABANDONED,Bank_D,E42,P019,CARD
E10715,C0080,2766.24,INVOICE_OVERDUE,Bank_C,E17,P002,CARD
E10716,C0017,7529.13,SUBSCRIPTION_FAILED,Bank_A,E42,P019,UPI
E10717,C0961,14692.76,INVOICE_OVERDUE,Bank_A,E42,P015,UPI
E10718,C0255,9604.76,PAYMENT_FAILED,Bank_B,E42,P010,NETBANKING
E10719,C0984,10348.37,PAYMENT_FAILED,Bank_D,E23,P012,UPI
E10720,C0704,3170.17,SUBSCRIPTION_FAILED,Bank_C,E17,P015,CARD
E10721,C0169,22263.67,CHECKOUT_ABANDONED,Bank_A,E23,P018,CARD
E10722,C0169,17534.01,PAYMENT_FAILED,Bank_D,E23,P010,WALLET
E10723,C0079,7877.42,PAYMENT_FAILED,Bank_A,E17,P001,NETBANKING
E10724,C0666,2137.32,SUBSCRIPTION_FAILED,Bank_C,E23,P013,WALLET
E10725,C0097,4055.18,INVOICE_OVERDUE,Bank_B,E42,P013,CARD
E10726,C0644,5692.47,PAYMENT_FAILED,Bank_A,E42,P004,NETBANKING
E10727,C0476,18855.89,PAYMENT_FAILED,Bank_D,E11,P004,UPI
E10728,C0990,4128.3,SUBSCRIPTION_FAILED,Bank_B,E23,P002,NETBANKING
E10729,C0005,3431.64,INVOICE_OVERDUE,Bank_A,E17,P006,NETBANKING
E10730,C0712,6202.49,PAYMENT_FAILED,Bank_A,E23,P015,UPI
E10731,C0361,12962.25,SUBSCRIPTION_FAILED,Bank_C,E23,P016,UPI
E10732,C0405,4277.24,CHECKOUT_ABANDONED,Bank_C,E17,P006,UPI
E10733,C0327,6615.86,PAYMENT_FAILED,Bank_D,E17,P014,CARD
E10734,C0380,17390.1,CHECKOUT_ABANDONED,Bank_C,E11,P019,CARD
E10735,C0114,12658.49,INVOICE_OVERDUE,Bank_D,E42,P014,WALLET
E10736,C0704,20983.45,CHECKOUT_ABANDONED,Bank_A,E42,P011,NETBANKING
E10737,C0062,1203.91,INVOICE_OVERDUE,Bank_B,E23,P018,WALLET
E10738,C0632,8463.39,INVOICE_OVERDUE,Bank_C,E11,P004,WALLET
E10739,C0139,1936.7,SUBSCRIPTION_FAILED,Bank_A,E23,P019,UPI
E10740,C0165,16649.42,INVOICE_OVERDUE,Bank_B,E11,P015,NETBANKING
E10741,C0050,16595.94,PAYMENT_FAILED,Bank_B,E17,P014,WALLET
E10742,C0258,15921.06,CHECKOUT_ABANDONED,Bank_A,E42,P006,CARD
E10743,C0441,15987.12,CHECKOUT_ABANDONED,Bank_A,E42,P017,UPI
E10744,C0445,19671.01,SUBSCRIPTION_FAILED,Bank_D,E23,P010,CARD
E10745,C0390,5552.98,INVOICE_OVERDUE,Bank_D,E23,P003,CARD
E10746,C0197,6263.06,CHECKOUT_ABANDONED,Bank_A,E23,P019,WALLET
E10747,C0267,15149.18,INVOICE_OVERDUE,Bank_A,E42,P012,WALLET
E10748,C0946,11330.03,CHECKOUT_ABANDONED,Bank_D,E42,P001,NETBANKING
E10749,C0989,12131.37,PAYMENT_FAILED,Bank_B,E42,P004,UPI
E10750,C0314,3980.37,SUBSCRIPTION_FAILED,Bank_D,E17,P017,NETBANKING
E10751,C0729,880.2,INVOICE_OVERDUE,Bank_B,E23,P010,CARD
E10752,C0683,23217.65,INVOICE_OVERDUE,Bank_A,E42,P017,NETBANKING
E10753,C0413,10671.95,PAYMENT_FAILED,Bank_C,E42,P018,CARD
E10754,C0128,15632.43,CHECKOUT_ABANDONED,Bank_D,E42,P006,CARD
E10755,C0668,4457.07,SUBSCRIPTION_FAILED,Bank_C,E23,P011,WALLET
E10756,C0952,10696.58,PAYMENT_FAILED,Bank_A,E42,P015,UPI
E10757,C0908,13392.02,INVOICE_OVERDUE,Bank_C,E42,P012,UPI
E10758,C0292,11583.67,INVOICE_OVERDUE,Bank_A,E17,P012,WALLET
E10759,C0837,24393.07,INVOICE_OVERDUE,Bank_C,E23,P016,WALLET
E10760,C0317,14467.07,SUBSCRIPTION_FAILED,Bank_A,E23,P015,WALLET
E10761,C0466,9196.18,CHECKOUT_ABANDONED,Bank_A,E42,P009,WALLET
E10762,C0717,16206.28,INVOICE_OVERDUE,Bank_A,E42,P017,CARD
E10763,C0201,5457.74,PAYMENT_FAILED,Bank_B,E11,P010,CARD
E10764,C0993,5312.52,INVOICE_OVERDUE,Bank_D,E42,P018,NETBANKING
E10765,C0399,1178.16,INVOICE_OVERDUE,Bank_D,E42,P014,WALLET
E10766,C0548,23300.28,PAYMENT_FAILED,Bank_D,E11,P009,CARD
E10767,C0747,6229.89,CHECKOUT_ABANDONED,Bank_B,E23,P005,NETBANKING
E10768,C0429,18154.17,CHECKOUT_ABANDONED,Bank_A,E23,P003,WALLET
E10769,C0227,9740.07,PAYMENT_FAILED,Bank_A,E42,P002,CARD
E10770,C0300,16079.92,SUBSCRIPTION_FAILED,Bank_A,E11,P001,UPI
E10771,C0839,1198.9,CHECKOUT_ABANDONED,Bank_B,E11,P012,CARD
E10772,C0912,17323.64,INVOICE_OVERDUE,Bank_B,E42,P007,WALLET
E10773,C0164,23570.0,INVOICE_OVERDUE,Bank_A,E42,P009,CARD
E10774,C0579,15995.81,CHECKOUT_ABANDONED,Bank_B,E23,P011,CARD
E10775,C0133,16903.73,PAYMENT_FAILED,Bank_A,E11,P013,WALLET
E10776,C0812,4751.35,CHECKOUT_ABANDONED,Bank_A,E42,P001,WALLET
E10777,C0352,13244.35,CHECKOUT_ABANDONED,Bank_B,E42,P004,UPI
E10778,C0279,19078.74,PAYMENT_FAILED,Bank_D,E42,P002,NETBANKING
E10779,C0891,4233.22,SUBSCRIPTION_FAILED,Bank_A,E23,P011,WALLET
E10780,C0752,20279.15,SUBSCRIPTION_FAILED,Bank_B,E23,P011,UPI
E10781,C0700,18157.97,INVOICE_OVERDUE,Bank_B,E17,P002,NETBANKING
E10782,C0791,7325.65,SUBSCRIPTION_FAILED,Bank_B,E11,P004,NETBANKING
E10783,C0829,22885.01,PAYMENT_FAILED,Bank_B,E42,P017,NETBANKING
E10784,C0979,9137.17,SUBSCRIPTION_FAILED,Bank_B,E23,P017,WALLET
E10785,C0390,1511.12,CHECKOUT_ABANDONED,Bank_A,E42,P013,UPI
E10786,C0103,3576.9,CHECKOUT_ABANDONED,Bank_C,E17,P017,CARD
E10787,C0504,709.83,INVOICE_OVERDUE,Bank_A,E42,P006,CARD
E10788,C0851,4112.8,SUBSCRIPTION_FAILED,Bank_A,E42,P007,CARD
E10789,C0981,1730.6,INVOICE_OVERDUE,Bank_B,E23,P017,CARD
E10790,C0964,23381.29,CHECKOUT_ABANDONED,Bank_A,E42,P017,NETBANKING
E10791,C0138,11714.95,CHECKOUT_ABANDONED,Bank_B,E23,P004,NETBANKING
E10792,C0087,20837.58,CHECKOUT_ABANDONED,Bank_C,E17,P015,CARD
E10793,C0466,8231.13,CHECKOUT_ABANDONED,Bank_C,E17,P020,WALLET
E10794,C0236,1130.83,PAYMENT_FAILED,Bank_D,E23,P010,WALLET
E10795,C0181,17340.79,INVOICE_OVERDUE,Bank_A,E42,P016,UPI
E10796,C0657,20224.62,INVOICE_OVERDUE,Bank_D,E11,P007,WALLET
E10797,C0882,2127.31,CHECKOUT_ABANDONED,Bank_C,E17,P015,UPI
E10798,C0551,8738.23,CHECKOUT_ABANDONED,Bank_B,E23,P008,NETBANKING
E10799,C0263,18129.23,INVOICE_OVERDUE,Bank_A,E42,P020,NETBANKING
E10800,C0694,16217.37,INVOICE_OVERDUE,Bank_C,E17,P001,CARD
E10801,C0905,11444.96,PAYMENT_FAILED,Bank_D,E42,P007,NETBANKING
E10802,C0690,8888.7,SUBSCRIPTION_FAILED,Bank_A,E11,P007,WALLET
E10803,C0091,16494.82,SUBSCRIPTION_FAILED,Bank_A,E42,P006,CARD
E10804,C0874,17657.13,PAYMENT_FAILED,Bank_A,E42,P018,WALLET
E10805,C0092,21982.76,SUBSCRIPTION_FAILED,Bank_C,E23,P010,CARD
E10806,C0573,19005.47,INVOICE_OVERDUE,Bank_D,E17,P013,WALLET
E10807,C0939,4636.91,PAYMENT_FAILED,Bank_D,E42,P013,NETBANKING
E10808,C0882,11270.06,SUBSCRIPTION_FAILED,Bank_B,E11,P010,CARD
E10809,C0125,15278.64,INVOICE_OVERDUE,Bank_D,E42,P014,UPI
E10810,C0336,8768.87,SUBSCRIPTION_FAILED,Bank_D,E23,P015,WALLET
E10811,C0476,10316.38,SUBSCRIPTION_FAILED,Bank_B,E17,P018,NETBANKING
E10812,C0020,9787.63,SUBSCRIPTION_FAILED,Bank_A,E17,P003,CARD
E10813,C0492,21657.37,INVOICE_OVERDUE,Bank_D,E17,P011,CARD
E10814,C0205,23722.86,INVOICE_OVERDUE,Bank_D,E11,P019,CARD
E10815,C0227,10490.12,PAYMENT_FAILED,Bank_A,E42,P013,UPI
E10816,C0623,1019.67,SUBSCRIPTION_FAILED,Bank_A,E23,P006,UPI
E10817,C0614,22375.12,PAYMENT_FAILED,Bank_A,E42,P011,NETBANKING
E10818,C0576,20366.38,CHECKOUT_ABANDONED,Bank_A,E42,P006,WALLET
E10819,C0399,11369.62,INVOICE_OVERDUE,Bank_A,E17,P002,UPI
E10820,C0538,24673.66,CHECKOUT_ABANDONED,Bank_D,E23,P006,WALLET
E10821,C0808,11415.95,CHECKOUT_ABANDONED,Bank_D,E17,P004,CARD
E10822,C0767,16983.47,PAYMENT_FAILED,Bank_C,E23,P015,CARD
E10823,C0463,2873.46,INVOICE_OVERDUE,Bank_C,E17,P008,CARD
E10824,C0659,23006.48,INVOICE_OVERDUE,Bank_B,E11,P009,NETBANKING
E10825,C0442,12633.48,PAYMENT_FAILED,Bank_C,E17,P009,UPI
E10826,C0080,16145.76,PAYMENT_FAILED,Bank_A,E42,P012,CARD
E10827,C0695,4624.55,CHECKOUT_ABANDONED,Bank_A,E17,P001,CARD
E10828,C0728,3198.04,CHECKOUT_ABANDONED,Bank_A,E42,P004,NETBANKING
E10829,C0278,868.55,INVOICE_OVERDUE,Bank_B,E23,P003,UPI
E10830,C0767,15431.7,PAYMENT_FAILED,Bank_D,E11,P015,UPI
E10831,C0142,17822.09,CHECKOUT_ABANDONED,Bank_D,E42,P013,WALLET
E10832,C0091,24072.7,INVOICE_OVERDUE,Bank_C,E11,P008,UPI
E10833,C0281,6294.34,CHECKOUT_ABANDONED,Bank_D,E42,P009,WALLET
E10834,C0708,21324.42,PAYMENT_FAILED,Bank_A,E23,P013,CARD
E10835,C0477,14341.06,SUBSCRIPTION_FAILED,Bank_C,E11,P007,WALLET
E10836,C0693,14865.22,SUBSCRIPTION_FAILED,Bank_C,E42,P009,UPI
E10837,C0104,24932.31,SUBSCRIPTION_FAILED,Bank_B,E42,P001,NETBANKING
E10838,C0308,4397.97,INVOICE_OVERDUE,Bank_C,E23,P020,CARD
E10839,C0679,15166.18,PAYMENT_FAILED,Bank_A,E42,P006,WALLET
E10840,C0302,10316.35,CHECKOUT_ABANDONED,Bank_D,E42,P009,CARD
E10841,C0844,14098.61,INVOICE_OVERDUE,Bank_C,E11,P003,UPI
E10842,C0419,16833.41,SUBSCRIPTION_FAILED,Bank_D,E17,P019,NETBANKING
E10843,C0729,2261.45,INVOICE_OVERDUE,Bank_C,E42,P003,CARD
E10844,C0327,5250.86,CHECKOUT_ABANDONED,Bank_A,E42,P010,CARD
E10845,C0541,16355.65,PAYMENT_FAILED,Bank_C,E11,P020,UPI
E10846,C0569,11712.9,INVOICE_OVERDUE,Bank_D,E11,P006,WALLET
E10847,C0388,18874.0,SUBSCRIPTION_FAILED,Bank_D,E11,P020,NETBANKING
E10848,C0326,5419.57,SUBSCRIPTION_FAILED,Bank_D,E17,P011,UPI
E10849,C0291,20325.43,INVOICE_OVERDUE,Bank_C,E11,P007,NETBANKING
E10850,C0173,11254.55,PAYMENT_FAILED,Bank_A,E42,P016,CARD
E10851,C0760,18151.27,INVOICE_OVERDUE,Bank_C,E11,P005,NETBANKING
E10852,C0075,7386.71,PAYMENT_FAILED,Bank_B,E17,P010,CARD
E10853,C0283,24259.28,SUBSCRIPTION_FAILED,Bank_A,E11,P009,NETBANKING
E10854,C0054,18377.64,PAYMENT_FAILED,Bank_A,E42,P016,CARD
E10855,C0510,8862.61,CHECKOUT_ABANDONED,Bank_A,E42,P020,CARD
E10856,C0652,1231.3,PAYMENT_FAILED,Bank_B,E42,P001,CARD
E10857,C0063,687.68,SUBSCRIPTION_FAILED,Bank_C,E17,P008,NETBANKING
E10858,C0427,23582.33,CHECKOUT_ABANDONED,Bank_A,E23,P010,CARD
E10859,C0926,20313.35,INVOICE_OVERDUE,Bank_A,E42,P008,UPI
E10860,C0948,11793.07,PAYMENT_FAILED,Bank_A,E42,P003,CARD
E10861,C0190,17327.87,SUBSCRIPTION_FAILED,Bank_B,E11,P009,WALLET
E10862,C0426,4293.25,INVOICE_OVERDUE,Bank_C,E17,P019,CARD
E10863,C0446,19858.85,PAYMENT_FAILED,Bank_D,E17,P011,UPI
E10864,C0549,17331.18,PAYMENT_FAILED,Bank_A,E17,P015,NETBANKING
E10865,C0851,4705.32,SUBSCRIPTION_FAILED,Bank_C,E42,P013,NETBANKING
E10866,C0762,17562.1,CHECKOUT_ABANDONED,Bank_C,E17,P002,UPI
E10867,C0491,24330.98,PAYMENT_FAILED,Bank_D,E42,P008,WALLET
E10868,C0706,4350.35,PAYMENT_FAILED,Bank_A,E42,P009,NETBANKING
E10869,C0681,18489.03,INVOICE_OVERDUE,Bank_B,E11,P008,CARD
E10870,C0498,4020.75,PAYMENT_FAILED,Bank_A,E42,P020,UPI
E10871,C0461,5526.6,CHECKOUT_ABANDONED,Bank_A,E17,P005,WALLET
E10872,C0312,11141.07,PAYMENT_FAILED,Bank_A,E42,P010,WALLET
E10873,C0018,9270.38,CHECKOUT_ABANDONED,Bank_D,E17,P013,NETBANKING
E10874,C0545,9226.08,SUBSCRIPTION_FAILED,Bank_D,E42,P013,CARD
E10875,C0270,8314.45,INVOICE_OVERDUE,Bank_A,E17,P014,NETBANKING
E10876,C0626,10791.09,SUBSCRIPTION_FAILED,Bank_A,E42,P002,CARD
E10877,C0939,6780.12,CHECKOUT_ABANDONED,Bank_A,E42,P009,NETBANKING
E10878,C0715,16383.17,PAYMENT_FAILED,Bank_C,E42,P014,NETBANKING
E10879,C0127,11788.4,PAYMENT_FAILED,Bank_B,E17,P005,NETBANKING
E10880,C0355,24408.3,PAYMENT_FAILED,Bank_C,E42,P010,NETBANKING
E10881,C0474,24338.55,INVOICE_OVERDUE,Bank_C,E11,P005,NETBANKING
E10882,C0073,6654.44,CHECKOUT_ABANDONED,Bank_D,E17,P006,CARD
E10883,C0970,5395.59,SUBSCRIPTION_FAILED,Bank_B,E23,P018,WALLET
E10884,C0970,8212.84,CHECKOUT_ABANDONED,Bank_C,E11,P006,WALLET
E10885,C0181,16016.5,PAYMENT_FAILED,Bank_A,E42,P008,UPI
E10886,C0318,5024.37,INVOICE_OVERDUE,Bank_A,E23,P009,CARD
E10887,C0279,9007.97,CHECKOUT_ABANDONED,Bank_D,E11,P008,UPI
E10888,C0369,24751.1,INVOICE_OVERDUE,Bank_D,E17,P017,NETBANKING
E10889,C0467,23565.1,SUBSCRIPTION_FAILED,Bank_A,E42,P018,CARD
E10890,C0204,18500.03,CHECKOUT_ABANDONED,Bank_C,E11,P003,WALLET
E10891,C0316,12253.62,INVOICE_OVERDUE,Bank_A,E42,P016,UPI
E10892,C0370,5731.14,CHECKOUT_ABANDONED,Bank_A,E42,P016,NETBANKING
E10893,C0121,23344.39,INVOICE_OVERDUE,Bank_A,E42,P001,UPI
E10894,C0697,19882.25,SUBSCRIPTION_FAILED,Bank_A,E11,P009,WALLET
E10895,C0917,2118.7,PAYMENT_FAILED,Bank_C,E17,P019,CARD
E10896,C0185,14239.69,CHECKOUT_ABANDONED,Bank_D,E42,P010,WALLET
E10897,C0387,4643.22,INVOICE_OVERDUE,Bank_D,E23,P014,UPI
E10898,C0001,11963.07,SUBSCRIPTION_FAILED,Bank_A,E42,P012,UPI
E10899,C0081,12037.33,PAYMENT_FAILED,Bank_B,E23,P005,UPI
E10900,C0701,15501.05,PAYMENT_FAILED,Bank_A,E42,P003,CARD
E10901,C0051,1641.94,SUBSCRIPTION_FAILED,Bank_B,E11,P003,WALLET
E10902,C0510,1506.67,PAYMENT_FAILED,Bank_C,E11,P014,WALLET
E10903,C0621,20287.22,CHECKOUT_ABANDONED,Bank_D,E42,P007,CARD
E10904,C0755,16272.62,CHECKOUT_ABANDONED,Bank_A,E17,P009,NETBANKING
E10905,C0587,13418.81,SUBSCRIPTION_FAILED,Bank_C,E11,P010,NETBANKING
E10906,C0799,5169.65,CHECKOUT_ABANDONED,Bank_A,E11,P004,NETBANKING
E10907,C0997,17364.47,INVOICE_OVERDUE,Bank_A,E42,P016,WALLET
E10908,C0005,14143.56,SUBSCRIPTION_FAILED,Bank_A,E23,P004,CARD
E10909,C0870,2291.14,PAYMENT_FAILED,Bank_A,E42,P001,UPI
E10910,C0640,24327.26,CHECKOUT_ABANDONED,Bank_B,E23,P003,NETBANKING
E10911,C0233,22040.88,CHECKOUT_ABANDONED,Bank_A,E42,P017,CARD
E10912,C0479,21301.83,PAYMENT_FAILED,Bank_D,E11,P013,WALLET
E10913,C0395,14174.11,PAYMENT_FAILED,Bank_B,E23,P010,CARD
E10914,C0484,4558.39,SUBSCRIPTION_FAILED,Bank_B,E17,P009,WALLET
E10915,C0915,19650.43,INVOICE_OVERDUE,Bank_B,E11,P001,CARD
E10916,C0843,5430.33,INVOICE_OVERDUE,Bank_A,E42,P006,CARD
E10917,C0126,20517.26,CHECKOUT_ABANDONED,Bank_C,E23,P018,WALLET
E10918,C0288,16131.45,INVOICE_OVERDUE,Bank_B,E11,P018,WALLET
E10919,C0407,12059.34,PAYMENT_FAILED,Bank_A,E42,P015,UPI
E10920,C0937,7754.55,PAYMENT_FAILED,Bank_D,E17,P007,UPI
E10921,C0651,10152.65,CHECKOUT_ABANDONED,Bank_D,E23,P010,NETBANKING
E10922,C0690,7653.99,CHECKOUT_ABANDONED,Bank_A,E42,P006,CARD
E10923,C0347,12271.43,CHECKOUT_ABANDONED,Bank_B,E17,P017,UPI
E10924,C0682,8384.94,SUBSCRIPTION_FAILED,Bank_A,E42,P020,WALLET
E10925,C0819,20389.12,INVOICE_OVERDUE,Bank_A,E42,P007,WALLET
E10926,C0381,23925.26,CHECKOUT_ABANDONED,Bank_C,E11,P001,WALLET
E10927,C0691,15014.69,CHECKOUT_ABANDONED,Bank_C,E17,P006,UPI
E10928,C0955,3318.74,SUBSCRIPTION_FAILED,Bank_B,E42,P010,UPI
E10929,C0934,6129.94,CHECKOUT_ABANDONED,Bank_B,E42,P005,UPI
E10930,C0784,1886.31,INVOICE_OVERDUE,Bank_D,E23,P004,NETBANKING
E10931,C0973,3030.19,PAYMENT_FAILED,Bank_B,E23,P011,NETBANKING
E10932,C0751,19835.66,INVOICE_OVERDUE,Bank_A,E42,P010,CARD
E10933,C0198,18967.81,SUBSCRIPTION_FAILED,Bank_C,E42,P018,CARD
E10934,C0519,11905.91,SUBSCRIPTION_FAILED,Bank_A,E42,P013,UPI
E10935,C0504,6640.41,SUBSCRIPTION_FAILED,Bank_A,E42,P017,NETBANKING
E10936,C0879,24788.33,SUBSCRIPTION_FAILED,Bank_C,E11,P005,WALLET
E10937,C0938,21949.32,SUBSCRIPTION_FAILED,Bank_A,E23,P008,UPI
E10938,C0045,5772.47,SUBSCRIPTION_FAILED,Bank_A,E42,P019,CARD
E10939,C0220,2502.29,PAYMENT_FAILED,Bank_D,E17,P008,UPI
E10940,C0712,7607.33,PAYMENT_FAILED,Bank_A,E11,P017,UPI
E10941,C0690,17224.36,PAYMENT_FAILED,Bank_C,E23,P001,NETBANKING
E10942,C0907,5799.76,CHECKOUT_ABANDONED,Bank_A,E42,P015,WALLET
E10943,C0701,16469.28,PAYMENT_FAILED,Bank_C,E17,P007,NETBANKING
E10944,C0564,24140.53,INVOICE_OVERDUE,Bank_D,E23,P005,UPI
E10945,C0024,24770.6,INVOICE_OVERDUE,Bank_B,E17,P017,WALLET
E10946,C0532,14780.67,CHECKOUT_ABANDONED,Bank_C,E11,P008,UPI
E10947,C0440,10646.54,CHECKOUT_ABANDONED,Bank_A,E11,P003,UPI
E10948,C0342,16159.34,PAYMENT_FAILED,Bank_C,E23,P009,CARD
E10949,C0950,16629.83,INVOICE_OVERDUE,Bank_C,E11,P019,UPI
E10950,C0634,8382.85,SUBSCRIPTION_FAILED,Bank_A,E42,P011,UPI
E10951,C0063,22317.39,INVOICE_OVERDUE,Bank_B,E17,P020,CARD
E10952,C0688,10556.28,CHECKOUT_ABANDONED,Bank_A,E11,P018,WALLET
E10953,C0532,2325.83,CHECKOUT_ABANDONED,Bank_A,E42,P014,WALLET
E10954,C0593,20916.19,INVOICE_OVERDUE,Bank_A,E17,P014,UPI
E10955,C0870,1510.24,CHECKOUT_ABANDONED,Bank_D,E42,P016,UPI
E10956,C0052,15951.54,INVOICE_OVERDUE,Bank_A,E11,P011,CARD
E10957,C0811,4502.14,PAYMENT_FAILED,Bank_B,E17,P002,UPI
E10958,C0448,24049.72,PAYMENT_FAILED,Bank_A,E42,P020,CARD
E10959,C0468,14487.67,SUBSCRIPTION_FAILED,Bank_D,E11,P009,UPI
E10960,C0342,17793.9,SUBSCRIPTION_FAILED,Bank_C,E42,P001,WALLET
E10961,C0819,23303.15,CHECKOUT_ABANDONED,Bank_A,E17,P018,WALLET
E10962,C0165,20750.01,CHECKOUT_ABANDONED,Bank_B,E11,P015,NETBANKING
E10963,C0028,3738.29,SUBSCRIPTION_FAILED,Bank_B,E42,P003,UPI
E10964,C0956,2587.64,INVOICE_OVERDUE,Bank_B,E11,P004,CARD
E10965,C0559,6553.98,PAYMENT_FAILED,Bank_C,E42,P001,CARD
E10966,C0688,20467.18,INVOICE_OVERDUE,Bank_B,E17,P015,CARD
E10967,C0210,15310.48,INVOICE_OVERDUE,Bank_C,E11,P018,CARD
E10968,C0208,15121.28,SUBSCRIPTION_FAILED,Bank_C,E17,P002,NETBANKING
E10969,C0877,1699.5,CHECKOUT_ABANDONED,Bank_D,E23,P004,UPI
E10970,C0942,21730.22,SUBSCRIPTION_FAILED,Bank_B,E11,P010,UPI
E10971,C0231,10378.84,CHECKOUT_ABANDONED,Bank_A,E23,P018,UPI
E10972,C0447,15013.07,CHECKOUT_ABANDONED,Bank_C,E17,P005,UPI
E10973,C0348,6691.59,INVOICE_OVERDUE,Bank_A,E42,P009,CARD
E10974,C0053,7550.59,SUBSCRIPTION_FAILED,Bank_D,E23,P002,WALLET
E10975,C0011,4016.97,PAYMENT_FAILED,Bank_C,E42,P020,CARD
E10976,C0514,24766.93,CHECKOUT_ABANDONED,Bank_A,E23,P004,UPI
E10977,C0914,9275.25,SUBSCRIPTION_FAILED,Bank_C,E17,P018,CARD
E10978,C0376,20032.58,PAYMENT_FAILED,Bank_A,E11,P003,CARD
E10979,C0590,7551.24,SUBSCRIPTION_FAILED,Bank_A,E42,P003,CARD
E10980,C0707,21520.05,PAYMENT_FAILED,Bank_A,E23,P010,NETBANKING
E10981,C0616,5815.37,PAYMENT_FAILED,Bank_A,E23,P015,WALLET
E10982,C0786,7654.87,SUBSCRIPTION_FAILED,Bank_D,E42,P016,WALLET
E10983,C0145,9738.98,PAYMENT_FAILED,Bank_A,E42,P006,WALLET
E10984,C0950,18384.37,SUBSCRIPTION_FAILED,Bank_C,E11,P016,UPI
E10985,C0949,24082.54,CHECKOUT_ABANDONED,Bank_A,E42,P011,UPI
E10986,C0497,22614.96,SUBSCRIPTION_FAILED,Bank_B,E23,P019,CARD
E10987,C0162,17299.95,SUBSCRIPTION_FAILED,Bank_D,E42,P010,CARD
E10988,C0473,15100.06,SUBSCRIPTION_FAILED,Bank_A,E11,P006,UPI
E10989,C0918,18019.68,PAYMENT_FAILED,Bank_C,E42,P007,UPI
E10990,C0036,24375.88,SUBSCRIPTION_FAILED,Bank_C,E23,P012,CARD
E10991,C0643,669.61,SUBSCRIPTION_FAILED,Bank_A,E42,P007,UPI
E10992,C0300,5885.51,PAYMENT_FAILED,Bank_A,E42,P016,UPI
E10993,C0099,2079.89,PAYMENT_FAILED,Bank_A,E42,P019,NETBANKING
E10994,C0341,11599.21,SUBSCRIPTION_FAILED,Bank_B,E11,P006,WALLET
E10995,C0949,6284.15,PAYMENT_FAILED,Bank_B,E42,P007,CARD
E10996,C0917,12084.08,INVOICE_OVERDUE,Bank_D,E23,P002,WALLET
E10997,C0272,1603.73,SUBSCRIPTION_FAILED,Bank_A,E42,P008,CARD
E10998,C0754,1808.05,INVOICE_OVERDUE,Bank_D,E23,P012,CARD
E10999,C0135,15243.36,INVOICE_OVERDUE,Bank_B,E11,P017,WALLET
E11000,C0024,12699.55,SUBSCRIPTION_FAILED,Bank_A,E42,P011,UPI
E11001,C0240,23931.95,PAYMENT_FAILED,Bank_C,E42,P010,NETBANKING
E11002,C0240,5458.08,CHECKOUT_ABANDONED,Bank_C,E42,P009,CARD
E11003,C0850,21241.31,CHECKOUT_ABANDONED,Bank_A,E42,P005,CARD
E11004,C0267,15405.12,CHECKOUT_ABANDONED,Bank_A,E42,P017,UPI
E11005,C0796,17937.68,SUBSCRIPTION_FAILED,Bank_B,E23,P001,CARD
E11006,C0703,8944.65,SUBSCRIPTION_FAILED,Bank_A,E42,P005,CARD
E11007,C0977,4242.15,SUBSCRIPTION_FAILED,Bank_A,E42,P005,UPI
E11008,C0478,11202.88,INVOICE_OVERDUE,Bank_D,E42,P017,WALLET
E11009,C0128,10922.2,SUBSCRIPTION_FAILED,Bank_B,E42,P020,NETBANKING
E11010,C0395,9150.08,SUBSCRIPTION_FAILED,Bank_C,E23,P007,CARD
E11011,C0861,11428.86,INVOICE_OVERDUE,Bank_D,E42,P013,NETBANKING
E11012,C0587,19128.94,PAYMENT_FAILED,Bank_D,E11,P013,WALLET
E11013,C0995,24648.5,SUBSCRIPTION_FAILED,Bank_B,E23,P018,CARD
E11014,C0815,13160.31,PAYMENT_FAILED,Bank_A,E42,P017,WALLET
E11015,C0931,18205.42,INVOICE_OVERDUE,Bank_A,E17,P008,WALLET
E11016,C0116,5785.47,CHECKOUT_ABANDONED,Bank_B,E42,P009,UPI
E11017,C0673,2839.52,PAYMENT_FAILED,Bank_A,E17,P012,UPI
E11018,C0168,7020.88,CHECKOUT_ABANDONED,Bank_B,E42,P017,NETBANKING
E11019,C0955,7262.84,CHECKOUT_ABANDONED,Bank_A,E11,P008,CARD
E11020,C0909,4991.97,SUBSCRIPTION_FAILED,Bank_A,E17,P010,WALLET
E11021,C0207,22910.4,INVOICE_OVERDUE,Bank_B,E17,P012,UPI
E11022,C0556,13565.61,SUBSCRIPTION_FAILED,Bank_C,E23,P013,CARD
E11023,C0271,2697.49,SUBSCRIPTION_FAILED,Bank_A,E17,P007,UPI
E11024,C0418,8373.3,INVOICE_OVERDUE,Bank_C,E42,P011,NETBANKING
E11025,C0981,21747.62,INVOICE_OVERDUE,Bank_A,E42,P009,UPI
E11026,C0382,2655.85,INVOICE_OVERDUE,Bank_A,E11,P011,WALLET
E11027,C0584,5840.19,INVOICE_OVERDUE,Bank_A,E42,P006,WALLET
E11028,C0236,6315.7,SUBSCRIPTION_FAILED,Bank_A,E42,P014,NETBANKING
E11029,C0887,15447.09,CHECKOUT_ABANDONED,Bank_A,E17,P017,CARD
E11030,C0905,6709.87,SUBSCRIPTION_FAILED,Bank_D,E17,P016,UPI
E11031,C0054,11016.41,PAYMENT_FAILED,Bank_B,E42,P013,NETBANKING
E11032,C0532,5908.11,INVOICE_OVERDUE,Bank_B,E11,P009,CARD
E11033,C0707,13611.45,CHECKOUT_ABANDONED,Bank_A,E42,P015,NETBANKING
E11034,C0026,4703.26,CHECKOUT_ABANDONED,Bank_B,E42,P018,NETBANKING
E11035,C0429,12306.61,SUBSCRIPTION_FAILED,Bank_B,E17,P004,CARD
E11036,C0658,22139.45,CHECKOUT_ABANDONED,Bank_A,E42,P012,WALLET
E11037,C0335,2068.22,SUBSCRIPTION_FAILED,Bank_A,E23,P014,CARD
E11038,C0348,20648.39,PAYMENT_FAILED,Bank_D,E17,P012,WALLET
E11039,C0909,23359.38,PAYMENT_FAILED,Bank_B,E23,P019,WALLET
E11040,C0383,7313.77,PAYMENT_FAILED,Bank_C,E23,P004,WALLET
E11041,C0838,20904.56,SUBSCRIPTION_FAILED,Bank_D,E42,P014,CARD
E11042,C0787,9194.87,INVOICE_OVERDUE,Bank_C,E42,P015,CARD
E11043,C0906,17759.72,PAYMENT_FAILED,Bank_D,E17,P018,UPI
E11044,C0303,15503.33,SUBSCRIPTION_FAILED,Bank_C,E42,P008,NETBANKING
E11045,C0835,11063.95,INVOICE_OVERDUE,Bank_A,E17,P006,NETBANKING
E11046,C0370,6167.17,PAYMENT_FAILED,Bank_A,E42,P018,UPI
E11047,C0800,20947.36,INVOICE_OVERDUE,Bank_C,E42,P009,UPI
E11048,C0483,23574.42,INVOICE_OVERDUE,Bank_B,E23,P016,NETBANKING
E11049,C0188,12360.44,SUBSCRIPTION_FAILED,Bank_C,E42,P010,NETBANKING
E11050,C0336,5262.07,PAYMENT_FAILED,Bank_A,E42,P020,NETBANKING
E11051,C0557,10700.95,SUBSCRIPTION_FAILED,Bank_C,E42,P003,WALLET
E11052,C0663,12943.17,SUBSCRIPTION_FAILED,Bank_A,E42,P009,NETBANKING
E11053,C0318,22154.28,CHECKOUT_ABANDONED,Bank_C,E11,P011,WALLET
E11054,C0179,13405.01,INVOICE_OVERDUE,Bank_B,E17,P008,CARD
E11055,C0630,8845.05,CHECKOUT_ABANDONED,Bank_B,E17,P003,NETBANKING
E11056,C0457,7568.86,INVOICE_OVERDUE,Bank_D,E17,P014,NETBANKING
E11057,C0862,5550.79,CHECKOUT_ABANDONED,Bank_B,E11,P004,WALLET
E11058,C0569,5227.89,PAYMENT_FAILED,Bank_D,E42,P001,CARD
E11059,C0733,10587.08,PAYMENT_FAILED,Bank_A,E42,P019,NETBANKING
E11060,C0674,8177.0,SUBSCRIPTION_FAILED,Bank_D,E42,P001,NETBANKING
E11061,C0201,13855.34,SUBSCRIPTION_FAILED,Bank_A,E23,P011,NETBANKING
E11062,C0531,19541.58,INVOICE_OVERDUE,Bank_C,E23,P014,CARD
E11063,C0437,8977.86,CHECKOUT_ABANDONED,Bank_D,E23,P009,UPI
E11064,C0032,23216.48,CHECKOUT_ABANDONED,Bank_A,E42,P015,WALLET
E11065,C0673,6242.89,INVOICE_OVERDUE,Bank_D,E17,P014,NETBANKING
E11066,C0372,21548.4,PAYMENT_FAILED,Bank_D,E42,P011,WALLET
E11067,C0619,1321.85,INVOICE_OVERDUE,Bank_A,E11,P003,NETBANKING
E11068,C0478,14366.27,SUBSCRIPTION_FAILED,Bank_A,E11,P006,UPI
E11069,C0803,23831.66,SUBSCRIPTION_FAILED,Bank_A,E42,P015,CARD
E11070,C0580,13391.43,PAYMENT_FAILED,Bank_C,E42,P017,CARD
E11071,C0328,8652.87,PAYMENT_FAILED,Bank_B,E17,P013,UPI
E11072,C0074,9578.7,SUBSCRIPTION_FAILED,Bank_B,E23,P007,CARD
E11073,C0686,18816.28,CHECKOUT_ABANDONED,Bank_C,E42,P002,CARD
E11074,C0979,10894.13,INVOICE_OVERDUE,Bank_C,E23,P006,UPI
E11075,C0241,2743.68,INVOICE_OVERDUE,Bank_C,E11,P010,UPI
E11076,C0844,2952.14,CHECKOUT_ABANDONED,Bank_B,E11,P007,CARD
E11077,C0405,2678.41,CHECKOUT_ABANDONED,Bank_D,E42,P018,CARD
E11078,C0092,18214.93,INVOICE_OVERDUE,Bank_B,E23,P018,WALLET
E11079,C0126,2421.62,PAYMENT_FAILED,Bank_A,E42,P015,UPI
E11080,C0660,18643.65,PAYMENT_FAILED,Bank_C,E17,P019,UPI
E11081,C0101,11222.79,CHECKOUT_ABANDONED,Bank_A,E42,P009,CARD
E11082,C0744,10350.5,INVOICE_OVERDUE,Bank_A,E42,P015,WALLET
E11083,C0552,9180.17,CHECKOUT_ABANDONED,Bank_B,E17,P004,WALLET
E11084,C0065,11831.99,SUBSCRIPTION_FAILED,Bank_A,E23,P018,NETBANKING
E11085,C0142,17798.2,INVOICE_OVERDUE,Bank_A,E23,P020,WALLET
E11086,C0069,23062.68,CHECKOUT_ABANDONED,Bank_A,E42,P003,UPI
E11087,C0852,11767.23,INVOICE_OVERDUE,Bank_A,E42,P013,WALLET
E11088,C0349,5696.96,SUBSCRIPTION_FAILED,Bank_B,E11,P005,NETBANKING
E11089,C0800,5663.74,CHECKOUT_ABANDONED,Bank_C,E11,P001,WALLET
E11090,C0462,4568.53,CHECKOUT_ABANDONED,Bank_A,E17,P007,UPI
E11091,C0755,6291.42,INVOICE_OVERDUE,Bank_A,E11,P006,UPI
E11092,C0449,20060.44,INVOICE_OVERDUE,Bank_A,E42,P005,NETBANKING
E11093,C0922,12335.53,INVOICE_OVERDUE,Bank_A,E17,P019,WALLET
E11094,C0325,22884.61,SUBSCRIPTION_FAILED,Bank_C,E42,P002,NETBANKING
E11095,C0581,5451.61,CHECKOUT_ABANDONED,Bank_C,E23,P016,NETBANKING
E11096,C0913,18941.89,PAYMENT_FAILED,Bank_B,E11,P015,NETBANKING
E11097,C0607,9698.46,INVOICE_OVERDUE,Bank_D,E23,P008,NETBANKING
E11098,C0013,23643.73,INVOICE_OVERDUE,Bank_B,E11,P012,WALLET
E11099,C0649,18688.64,CHECKOUT_ABANDONED,Bank_C,E42,P018,CARD
E11100,C0596,11792.57,INVOICE_OVERDUE,Bank_A,E42,P010,UPI
E11101,C0507,971.9,PAYMENT_FAILED,Bank_C,E42,P002,UPI
E11102,C0850,10989.11,PAYMENT_FAILED,Bank_B,E42,P019,UPI
E11103,C0806,22883.38,CHECKOUT_ABANDONED,Bank_A,E42,P016,NETBANKING
E11104,C0530,3233.17,PAYMENT_FAILED,Bank_A,E42,P002,NETBANKING
E11105,C0883,8304.77,CHECKOUT_ABANDONED,Bank_A,E17,P016,WALLET
E11106,C0915,17382.0,CHECKOUT_ABANDONED,Bank_B,E23,P009,WALLET
E11107,C0407,1285.55,SUBSCRIPTION_FAILED,Bank_A,E23,P001,NETBANKING
E11108,C0548,6299.25,SUBSCRIPTION_FAILED,Bank_A,E42,P005,NETBANKING
E11109,C0611,9118.72,CHECKOUT_ABANDONED,Bank_A,E42,P011,NETBANKING
E11110,C0159,9657.54,PAYMENT_FAILED,Bank_D,E17,P005,CARD
E11111,C0944,10222.78,INVOICE_OVERDUE,Bank_A,E42,P012,NETBANKING
E11112,C0801,4280.39,INVOICE_OVERDUE,Bank_C,E11,P014,UPI
E11113,C0479,2613.72,CHECKOUT_ABANDONED,Bank_B,E17,P003,WALLET
E11114,C0133,12106.01,PAYMENT_FAILED,Bank_C,E23,P011,UPI
E11115,C0247,20674.08,CHECKOUT_ABANDONED,Bank_A,E42,P017,NETBANKING
E11116,C0343,24863.31,CHECKOUT_ABANDONED,Bank_A,E11,P005,WALLET
E11117,C0955,15910.55,SUBSCRIPTION_FAILED,Bank_D,E42,P017,UPI
E11118,C0310,12153.7,PAYMENT_FAILED,Bank_D,E42,P018,UPI
E11119,C0577,8055.78,SUBSCRIPTION_FAILED,Bank_C,E42,P015,NETBANKING
E11120,C0759,7706.58,CHECKOUT_ABANDONED,Bank_C,E42,P014,CARD
E11121,C0705,2585.25,SUBSCRIPTION_FAILED,Bank_A,E23,P015,NETBANKING
E11122,C0146,19039.1,CHECKOUT_ABANDONED,Bank_C,E17,P009,CARD
E11123,C0961,10964.48,PAYMENT_FAILED,Bank_C,E23,P003,NETBANKING
E11124,C0640,6316.33,CHECKOUT_ABANDONED,Bank_A,E42,P017,CARD
E11125,C0718,12402.69,PAYMENT_FAILED,Bank_A,E42,P012,NETBANKING
E11126,C0230,13850.48,PAYMENT_FAILED,Bank_A,E11,P009,UPI
E11127,C0940,17441.53,SUBSCRIPTION_FAILED,Bank_A,E42,P010,NETBANKING
E11128,C0684,675.75,INVOICE_OVERDUE,Bank_A,E42,P006,CARD
E11129,C0542,23440.05,SUBSCRIPTION_FAILED,Bank_C,E17,P001,NETBANKING
E11130,C0629,2395.89,CHECKOUT_ABANDONED,Bank_A,E17,P002,CARD
E11131,C0933,24848.06,PAYMENT_FAILED,Bank_A,E11,P012,WALLET
E11132,C0998,3703.63,PAYMENT_FAILED,Bank_A,E42,P006,UPI
E11133,C0267,15341.71,INVOICE_OVERDUE,Bank_A,E42,P018,NETBANKING
E11134,C0181,7046.13,SUBSCRIPTION_FAILED,Bank_D,E42,P004,NETBANKING
E11135,C0677,19579.71,CHECKOUT_ABANDONED,Bank_B,E17,P002,UPI
E11136,C0641,15960.71,PAYMENT_FAILED,Bank_A,E23,P006,UPI
E11137,C0196,21160.74,CHECKOUT_ABANDONED,Bank_D,E17,P014,WALLET
E11138,C0062,13246.07,PAYMENT_FAILED,Bank_A,E17,P010,UPI
E11139,C0717,7177.31,INVOICE_OVERDUE,Bank_A,E17,P020,NETBANKING
E11140,C0905,8543.11,SUBSCRIPTION_FAILED,Bank_A,E42,P015,UPI
E11141,C0965,19158.39,SUBSCRIPTION_FAILED,Bank_D,E11,P014,WALLET
E11142,C0978,13255.67,CHECKOUT_ABANDONED,Bank_B,E23,P009,NETBANKING
E11143,C0753,24034.62,CHECKOUT_ABANDONED,Bank_C,E17,P017,NETBANKING
E11144,C0629,8671.11,PAYMENT_FAILED,Bank_A,E17,P011,NETBANKING
E11145,C0412,8268.89,CHECKOUT_ABANDONED,Bank_A,E42,P013,WALLET
E11146,C0817,11988.14,CHECKOUT_ABANDONED,Bank_D,E42,P015,CARD
E11147,C0063,8454.56,PAYMENT_FAILED,Bank_B,E42,P003,WALLET
E11148,C0818,2806.92,SUBSCRIPTION_FAILED,Bank_A,E23,P003,NETBANKING
E11149,C0699,16084.33,SUBSCRIPTION_FAILED,Bank_C,E17,P009,NETBANKING
E11150,C0081,14185.44,PAYMENT_FAILED,Bank_A,E42,P016,UPI
E11151,C0625,23053.7,INVOICE_OVERDUE,Bank_B,E23,P017,CARD
E11152,C0230,16276.88,INVOICE_OVERDUE,Bank_A,E42,P019,CARD
E11153,C0283,21327.74,PAYMENT_FAILED,Bank_D,E11,P006,UPI
E11154,C0238,2607.84,SUBSCRIPTION_FAILED,Bank_C,E17,P006,NETBANKING
E11155,C0382,24280.51,INVOICE_OVERDUE,Bank_C,E23,P006,NETBANKING
E11156,C0137,6419.81,SUBSCRIPTION_FAILED,Bank_D,E23,P012,NETBANKING
E11157,C0614,19964.9,INVOICE_OVERDUE,Bank_A,E42,P016,CARD
E11158,C0489,15537.34,INVOICE_OVERDUE,Bank_C,E11,P011,NETBANKING
E11159,C0651,3036.17,PAYMENT_FAILED,Bank_B,E11,P016,UPI
E11160,C0764,16228.8,PAYMENT_FAILED,Bank_A,E42,P001,NETBANKING
E11161,C0163,13316.27,INVOICE_OVERDUE,Bank_A,E17,P001,UPI
E11162,C0307,11410.43,CHECKOUT_ABANDONED,Bank_A,E42,P017,CARD
E11163,C0907,5572.7,SUBSCRIPTION_FAILED,Bank_D,E42,P010,UPI
E11164,C0063,6798.52,CHECKOUT_ABANDONED,Bank_A,E17,P019,CARD
E11165,C0716,1153.08,SUBSCRIPTION_FAILED,Bank_A,E42,P002,WALLET
E11166,C0642,4899.92,CHECKOUT_ABANDONED,Bank_B,E17,P011,NETBANKING
E11167,C0227,15504.36,SUBSCRIPTION_FAILED,Bank_A,E42,P017,UPI
E11168,C0424,24325.46,SUBSCRIPTION_FAILED,Bank_B,E42,P011,NETBANKING
E11169,C0170,11724.43,CHECKOUT_ABANDONED,Bank_A,E17,P011,NETBANKING
E11170,C0638,17175.89,CHECKOUT_ABANDONED,Bank_D,E17,P003,CARD
E11171,C0730,1377.17,INVOICE_OVERDUE,Bank_D,E42,P013,CARD
E11172,C0471,11297.07,PAYMENT_FAILED,Bank_D,E23,P005,NETBANKING
E11173,C0156,4533.93,SUBSCRIPTION_FAILED,Bank_C,E42,P020,NETBANKING
E11174,C0148,10141.71,CHECKOUT_ABANDONED,Bank_B,E23,P019,WALLET
E11175,C0810,14379.76,CHECKOUT_ABANDONED,Bank_C,E11,P007,NETBANKING
E11176,C0492,9527.3,SUBSCRIPTION_FAILED,Bank_D,E42,P020,CARD
E11177,C0817,13077.5,CHECKOUT_ABANDONED,Bank_A,E23,P011,NETBANKING
E11178,C0749,11873.0,CHECKOUT_ABANDONED,Bank_C,E23,P005,UPI
E11179,C0815,4155.51,INVOICE_OVERDUE,Bank_B,E42,P001,NETBANKING
E11180,C0524,13760.0,SUBSCRIPTION_FAILED,Bank_C,E17,P017,NETBANKING
E11181,C0462,23480.0,SUBSCRIPTION_FAILED,Bank_A,E42,P008,CARD
E11182,C0730,15097.46,CHECKOUT_ABANDONED,Bank_D,E23,P004,WALLET
E11183,C0484,8856.93,CHECKOUT_ABANDONED,Bank_B,E42,P014,CARD
E11184,C0759,4066.71,SUBSCRIPTION_FAILED,Bank_D,E23,P012,NETBANKING
E11185,C0224,4460.77,CHECKOUT_ABANDONED,Bank_A,E42,P019,NETBANKING
E11186,C0070,21081.25,CHECKOUT_ABANDONED,Bank_A,E42,P006,CARD
E11187,C0648,14316.98,INVOICE_OVERDUE,Bank_A,E42,P012,NETBANKING
E11188,C0069,5357.02,SUBSCRIPTION_FAILED,Bank_A,E42,P008,CARD
E11189,C0267,4186.54,CHECKOUT_ABANDONED,Bank_D,E17,P012,NETBANKING
E11190,C0022,22683.25,INVOICE_OVERDUE,Bank_A,E17,P012,WALLET
E11191,C0130,9619.38,INVOICE_OVERDUE,Bank_C,E42,P015,CARD
E11192,C0550,24029.58,CHECKOUT_ABANDONED,Bank_C,E17,P020,NETBANKING
E11193,C0545,7794.58,PAYMENT_FAILED,Bank_A,E42,P014,CARD
E11194,C0057,2232.2,INVOICE_OVERDUE,Bank_D,E23,P015,CARD
E11195,C0406,14188.8,INVOICE_OVERDUE,Bank_B,E23,P007,NETBANKING
E11196,C0991,22594.16,PAYMENT_FAILED,Bank_B,E23,P009,UPI
E11197,C0723,13797.86,PAYMENT_FAILED,Bank_A,E42,P002,WALLET
E11198,C0567,18899.51,SUBSCRIPTION_FAILED,Bank_B,E23,P007,UPI
E11199,C0412,16146.62,CHECKOUT_ABANDONED,Bank_C,E17,P016,NETBANKING
E11200,C0981,24485.91,SUBSCRIPTION_FAILED,Bank_A,E42,P011,UPI
E11201,C0303,1239.06,SUBSCRIPTION_FAILED,Bank_A,E42,P015,NETBANKING
E11202,C0041,17257.91,CHECKOUT_ABANDONED,Bank_A,E42,P007,UPI
E11203,C0913,22377.05,CHECKOUT_ABANDONED,Bank_B,E42,P016,UPI
E11204,C0535,4544.63,INVOICE_OVERDUE,Bank_A,E17,P020,UPI
E11205,C0730,14266.63,PAYMENT_FAILED,Bank_C,E17,P007,WALLET
E11206,C0195,9612.26,SUBSCRIPTION_FAILED,Bank_D,E17,P019,NETBANKING
E11207,C0537,8444.14,CHECKOUT_ABANDONED,Bank_B,E11,P019,WALLET
E11208,C0660,10006.34,CHECKOUT_ABANDONED,Bank_D,E23,P014,NETBANKING
E11209,C0415,9884.09,PAYMENT_FAILED,Bank_D,E11,P011,NETBANKING
E11210,C0734,17076.04,CHECKOUT_ABANDONED,Bank_D,E42,P018,CARD
E11211,C0159,13539.32,SUBSCRIPTION_FAILED,Bank_A,E42,P018,WALLET
E11212,C0467,11641.21,INVOICE_OVERDUE,Bank_A,E42,P008,UPI
E11213,C0379,668.97,SUBSCRIPTION_FAILED,Bank_C,E11,P018,WALLET
E11214,C0494,17085.17,INVOICE_OVERDUE,Bank_D,E23,P007,WALLET
E11215,C0156,23664.09,PAYMENT_FAILED,Bank_C,E11,P007,WALLET
E11216,C0349,23139.28,PAYMENT_FAILED,Bank_D,E11,P016,UPI
E11217,C0500,13993.44,SUBSCRIPTION_FAILED,Bank_A,E42,P015,WALLET
E11218,C0658,10005.85,INVOICE_OVERDUE,Bank_A,E42,P005,UPI
E11219,C0849,21252.4,INVOICE_OVERDUE,Bank_A,E42,P005,WALLET
E11220,C0916,11541.06,CHECKOUT_ABANDONED,Bank_A,E23,P017,WALLET
E11221,C0922,15653.58,SUBSCRIPTION_FAILED,Bank_A,E42,P014,NETBANKING
E11222,C0449,3742.46,INVOICE_OVERDUE,Bank_B,E42,P013,UPI
E11223,C0749,17393.36,PAYMENT_FAILED,Bank_A,E42,P005,UPI
E11224,C0399,23235.11,PAYMENT_FAILED,Bank_D,E17,P013,NETBANKING
E11225,C0439,16384.06,PAYMENT_FAILED,Bank_A,E42,P014,CARD
E11226,C0213,9954.32,INVOICE_OVERDUE,Bank_A,E42,P020,NETBANKING
E11227,C0729,1884.32,INVOICE_OVERDUE,Bank_C,E11,P006,CARD
E11228,C0998,13320.8,CHECKOUT_ABANDONED,Bank_C,E23,P019,WALLET
E11229,C0639,9529.82,INVOICE_OVERDUE,Bank_D,E17,P004,WALLET
E11230,C0033,16360.62,SUBSCRIPTION_FAILED,Bank_A,E42,P002,CARD
E11231,C0874,18937.03,SUBSCRIPTION_FAILED,Bank_B,E23,P014,NETBANKING
E11232,C0308,18277.86,INVOICE_OVERDUE,Bank_C,E17,P010,WALLET
E11233,C0050,11927.56,CHECKOUT_ABANDONED,Bank_C,E42,P006,NETBANKING
E11234,C0257,15523.37,PAYMENT_FAILED,Bank_B,E42,P012,UPI
E11235,C0492,22026.29,INVOICE_OVERDUE,Bank_A,E42,P004,NETBANKING
E11236,C0711,11353.85,INVOICE_OVERDUE,Bank_C,E17,P004,NETBANKING
E11237,C0416,8780.91,INVOICE_OVERDUE,Bank_D,E23,P016,NETBANKING
E11238,C0424,8099.42,PAYMENT_FAILED,Bank_B,E42,P012,NETBANKING
E11239,C0196,6206.19,CHECKOUT_ABANDONED,Bank_A,E42,P006,NETBANKING
E11240,C0293,10382.99,CHECKOUT_ABANDONED,Bank_A,E42,P009,UPI
E11241,C0392,10728.44,SUBSCRIPTION_FAILED,Bank_D,E23,P016,NETBANKING
E11242,C0306,8186.66,INVOICE_OVERDUE,Bank_D,E17,P012,WALLET
E11243,C0425,3322.57,CHECKOUT_ABANDONED,Bank_C,E42,P018,UPI
E11244,C0262,15064.63,CHECKOUT_ABANDONED,Bank_A,E42,P018,NETBANKING
E11245,C0610,5307.01,PAYMENT_FAILED,Bank_D,E42,P020,UPI
E11246,C0441,23951.71,CHECKOUT_ABANDONED,Bank_C,E11,P005,UPI
E11247,C0309,23485.07,INVOICE_OVERDUE,Bank_A,E42,P003,UPI
E11248,C0534,6780.98,CHECKOUT_ABANDONED,Bank_D,E11,P016,WALLET
E11249,C0155,15897.54,CHECKOUT_ABANDONED,Bank_A,E23,P017,NETBANKING
E11250,C0309,14507.09,CHECKOUT_ABANDONED,Bank_C,E11,P020,WALLET
E11251,C0187,15251.57,CHECKOUT_ABANDONED,Bank_A,E42,P017,WALLET
E11252,C0691,21953.59,PAYMENT_FAILED,Bank_A,E42,P018,CARD
E11253,C0117,6755.32,INVOICE_OVERDUE,Bank_D,E42,P002,UPI
E11254,C0093,23975.39,CHECKOUT_ABANDONED,Bank_A,E42,P002,WALLET
E11255,C0144,15375.66,INVOICE_OVERDUE,Bank_A,E42,P019,WALLET
E11256,C0191,6420.58,INVOICE_OVERDUE,Bank_C,E23,P019,UPI
E11257,C0258,11172.66,SUBSCRIPTION_FAILED,Bank_A,E42,P014,NETBANKING
E11258,C0392,10184.67,SUBSCRIPTION_FAILED,Bank_D,E23,P017,NETBANKING
E11259,C0207,21528.47,CHECKOUT_ABANDONED,Bank_C,E17,P019,CARD
E11260,C0249,6703.79,INVOICE_OVERDUE,Bank_A,E42,P012,UPI
E11261,C0652,20511.8,INVOICE_OVERDUE,Bank_C,E11,P007,UPI
E11262,C0566,10465.8,INVOICE_OVERDUE,Bank_A,E42,P017,UPI
E11263,C0549,17919.81,SUBSCRIPTION_FAILED,Bank_D,E42,P015,NETBANKING
E11264,C0968,2546.95,PAYMENT_FAILED,Bank_A,E42,P007,UPI
E11265,C0071,18851.17,SUBSCRIPTION_FAILED,Bank_C,E17,P014,CARD
E11266,C0725,15775.49,PAYMENT_FAILED,Bank_B,E17,P016,UPI
E11267,C0465,15557.3,INVOICE_OVERDUE,Bank_C,E42,P018,NETBANKING
E11268,C0063,4647.37,PAYMENT_FAILED,Bank_D,E42,P012,NETBANKING
E11269,C0042,7803.04,INVOICE_OVERDUE,Bank_C,E11,P006,CARD
E11270,C0938,18342.74,CHECKOUT_ABANDONED,Bank_B,E17,P013,WALLET
E11271,C0539,19211.49,SUBSCRIPTION_FAILED,Bank_D,E11,P014,CARD
E11272,C0363,23929.48,SUBSCRIPTION_FAILED,Bank_A,E42,P011,NETBANKING
E11273,C0241,8900.51,SUBSCRIPTION_FAILED,Bank_D,E23,P014,WALLET
E11274,C0240,8960.34,PAYMENT_FAILED,Bank_A,E42,P006,NETBANKING
E11275,C0565,19599.62,SUBSCRIPTION_FAILED,Bank_A,E17,P010,WALLET
E11276,C0915,2108.39,PAYMENT_FAILED,Bank_B,E23,P013,NETBANKING
E11277,C0324,21948.41,SUBSCRIPTION_FAILED,Bank_A,E42,P005,UPI
E11278,C0139,20048.91,PAYMENT_FAILED,Bank_C,E42,P005,NETBANKING
E11279,C0008,23380.43,INVOICE_OVERDUE,Bank_C,E17,P019,UPI
E11280,C0560,22265.11,INVOICE_OVERDUE,Bank_D,E42,P015,CARD
E11281,C0802,22797.72,SUBSCRIPTION_FAILED,Bank_D,E23,P016,CARD
E11282,C0207,2455.56,PAYMENT_FAILED,Bank_B,E17,P019,WALLET
E11283,C0333,22387.03,CHECKOUT_ABANDONED,Bank_A,E42,P004,UPI
E11284,C0801,5200.26,CHECKOUT_ABANDONED,Bank_A,E42,P008,UPI
E11285,C0825,16842.7,CHECKOUT_ABANDONED,Bank_B,E11,P006,NETBANKING
E11286,C0734,16672.02,INVOICE_OVERDUE,Bank_B,E23,P016,NETBANKING
E11287,C0491,11103.18,CHECKOUT_ABANDONED,Bank_A,E42,P005,CARD
E11288,C0550,21424.72,CHECKOUT_ABANDONED,Bank_D,E42,P012,UPI
E11289,C0121,7862.5,SUBSCRIPTION_FAILED,Bank_A,E42,P010,CARD
E11290,C0617,16004.74,PAYMENT_FAILED,Bank_A,E23,P015,WALLET
E11291,C0737,1385.19,CHECKOUT_ABANDONED,Bank_A,E11,P003,UPI
E11292,C0940,13554.25,INVOICE_OVERDUE,Bank_B,E42,P004,WALLET
E11293,C0312,14519.24,PAYMENT_FAILED,Bank_A,E42,P003,NETBANKING
E11294,C0085,2936.63,PAYMENT_FAILED,Bank_A,E42,P020,WALLET
E11295,C0736,11335.77,SUBSCRIPTION_FAILED,Bank_C,E11,P003,UPI
E11296,C0576,15749.02,PAYMENT_FAILED,Bank_B,E23,P018,WALLET
E11297,C0645,1989.51,INVOICE_OVERDUE,Bank_A,E42,P016,WALLET
E11298,C0685,5554.97,PAYMENT_FAILED,Bank_A,E23,P009,WALLET
E11299,C0279,7173.25,PAYMENT_FAILED,Bank_B,E17,P015,NETBANKING
E11300,C0830,17074.05,INVOICE_OVERDUE,Bank_D,E11,P016,UPI
E11301,C0581,16679.7,INVOICE_OVERDUE,Bank_A,E42,P008,UPI
E11302,C0442,11891.51,PAYMENT_FAILED,Bank_A,E42,P020,NETBANKING
E11303,C0834,16393.19,CHECKOUT_ABANDONED,Bank_B,E23,P010,UPI
E11304,C0634,14226.13,PAYMENT_FAILED,Bank_C,E42,P001,WALLET
E11305,C0697,16641.18,PAYMENT_FAILED,Bank_A,E42,P020,UPI
E11306,C0529,14915.07,INVOICE_OVERDUE,Bank_B,E11,P019,CARD
E11307,C0328,936.13,PAYMENT_FAILED,Bank_B,E23,P002,WALLET
E11308,C0192,7372.19,CHECKOUT_ABANDONED,Bank_A,E11,P016,WALLET
E11309,C0766,12825.94,CHECKOUT_ABANDONED,Bank_B,E17,P004,CARD
E11310,C0543,13356.08,CHECKOUT_ABANDONED,Bank_B,E42,P016,WALLET
E11311,C0499,2482.96,SUBSCRIPTION_FAILED,Bank_D,E17,P016,UPI
E11312,C0453,23847.83,PAYMENT_FAILED,Bank_C,E42,P011,NETBANKING
E11313,C0011,24070.08,INVOICE_OVERDUE,Bank_C,E11,P007,CARD
E11314,C0257,11549.56,PAYMENT_FAILED,Bank_C,E23,P018,UPI
E11315,C0800,16417.22,CHECKOUT_ABANDONED,Bank_A,E42,P020,CARD
E11316,C0643,1194.28,CHECKOUT_ABANDONED,Bank_A,E42,P005,CARD
E11317,C0244,21813.67,CHECKOUT_ABANDONED,Bank_A,E42,P012,UPI
E11318,C0611,13389.03,INVOICE_OVERDUE,Bank_B,E11,P003,CARD
E11319,C0034,6665.25,CHECKOUT_ABANDONED,Bank_D,E11,P009,CARD
E11320,C0916,2691.4,SUBSCRIPTION_FAILED,Bank_B,E11,P009,CARD
E11321,C0864,19054.01,SUBSCRIPTION_FAILED,Bank_B,E17,P019,UPI
E11322,C0558,9312.37,CHECKOUT_ABANDONED,Bank_C,E23,P005,UPI
E11323,C0216,22705.41,SUBSCRIPTION_FAILED,Bank_D,E11,P001,NETBANKING
E11324,C0648,20832.28,PAYMENT_FAILED,Bank_D,E23,P020,WALLET
E11325,C0524,20682.45,PAYMENT_FAILED,Bank_A,E11,P009,WALLET
E11326,C0683,8232.25,SUBSCRIPTION_FAILED,Bank_A,E42,P013,UPI
E11327,C0188,3650.39,PAYMENT_FAILED,Bank_A,E42,P020,UPI
E11328,C0935,6343.2,CHECKOUT_ABANDONED,Bank_B,E17,P017,UPI
E11329,C0527,18987.71,INVOICE_OVERDUE,Bank_A,E11,P020,CARD
E11330,C0041,728.51,SUBSCRIPTION_FAILED,Bank_D,E23,P001,CARD
E11331,C0375,23196.51,PAYMENT_FAILED,Bank_C,E11,P005,CARD
E11332,C0583,13494.74,PAYMENT_FAILED,Bank_C,E11,P011,WALLET
E11333,C0988,22168.19,INVOICE_OVERDUE,Bank_A,E42,P013,UPI
E11334,C0989,14390.7,INVOICE_OVERDUE,Bank_D,E42,P016,WALLET
E11335,C0775,14856.86,INVOICE_OVERDUE,Bank_A,E23,P018,UPI
E11336,C0526,12494.65,SUBSCRIPTION_FAILED,Bank_A,E11,P001,NETBANKING
E11337,C0863,14726.54,SUBSCRIPTION_FAILED,Bank_B,E42,P015,NETBANKING
E11338,C0928,14594.16,CHECKOUT_ABANDONED,Bank_A,E42,P014,WALLET
E11339,C0107,14903.69,SUBSCRIPTION_FAILED,Bank_A,E11,P010,WALLET
E11340,C0736,8556.2,PAYMENT_FAILED,Bank_D,E23,P003,CARD
E11341,C0055,4580.58,CHECKOUT_ABANDONED,Bank_A,E42,P014,UPI
E11342,C0180,23840.93,PAYMENT_FAILED,Bank_C,E23,P005,CARD
E11343,C0776,19677.52,SUBSCRIPTION_FAILED,Bank_C,E42,P020,NETBANKING
E11344,C0941,12650.78,INVOICE_OVERDUE,Bank_D,E23,P017,NETBANKING
E11345,C0680,15066.47,PAYMENT_FAILED,Bank_C,E11,P015,UPI
E11346,C0078,19207.87,SUBSCRIPTION_FAILED,Bank_B,E11,P001,NETBANKING
E11347,C0002,16392.45,PAYMENT_FAILED,Bank_C,E11,P007,WALLET
E11348,C0308,22580.1,SUBSCRIPTION_FAILED,Bank_B,E17,P015,WALLET
E11349,C0445,19875.93,CHECKOUT_ABANDONED,Bank_A,E42,P015,UPI
E11350,C0685,5796.47,INVOICE_OVERDUE,Bank_A,E23,P017,CARD
E11351,C0476,8168.5,INVOICE_OVERDUE,Bank_A,E42,P013,NETBANKING
E11352,C0474,8822.14,CHECKOUT_ABANDONED,Bank_B,E11,P011,UPI
E11353,C0665,12375.3,SUBSCRIPTION_FAILED,Bank_A,E11,P002,NETBANKING
E11354,C0965,24893.48,INVOICE_OVERDUE,Bank_A,E42,P010,NETBANKING
E11355,C0196,1039.42,CHECKOUT_ABANDONED,Bank_A,E17,P016,CARD
E11356,C0793,7910.07,PAYMENT_FAILED,Bank_C,E42,P001,UPI
E11357,C0155,5334.06,CHECKOUT_ABANDONED,Bank_D,E42,P012,CARD
E11358,C0458,21656.59,SUBSCRIPTION_FAILED,Bank_B,E23,P019,NETBANKING
E11359,C0587,15471.44,PAYMENT_FAILED,Bank_A,E11,P011,CARD
E11360,C0461,20439.96,PAYMENT_FAILED,Bank_A,E42,P013,WALLET
E11361,C0130,23695.6,INVOICE_OVERDUE,Bank_A,E23,P001,NETBANKING
E11362,C0930,5794.92,CHECKOUT_ABANDONED,Bank_B,E11,P019,UPI
E11363,C0771,3662.48,SUBSCRIPTION_FAILED,Bank_B,E11,P005,UPI
E11364,C0219,5785.17,PAYMENT_FAILED,Bank_B,E11,P017,WALLET
E11365,C0813,3408.95,PAYMENT_FAILED,Bank_B,E42,P014,NETBANKING
E11366,C0575,20958.96,INVOICE_OVERDUE,Bank_C,E23,P002,CARD
E11367,C0298,19051.63,INVOICE_OVERDUE,Bank_B,E42,P005,UPI
E11368,C0764,10529.88,SUBSCRIPTION_FAILED,Bank_A,E42,P006,WALLET
E11369,C0729,16120.22,INVOICE_OVERDUE,Bank_A,E42,P013,NETBANKING
E11370,C0984,24878.65,SUBSCRIPTION_FAILED,Bank_D,E23,P009,WALLET
E11371,C0263,13230.67,SUBSCRIPTION_FAILED,Bank_A,E42,P015,WALLET
E11372,C0928,20722.21,CHECKOUT_ABANDONED,Bank_C,E23,P001,UPI
E11373,C0005,4020.0,CHECKOUT_ABANDONED,Bank_C,E17,P019,UPI
E11374,C0681,9232.9,SUBSCRIPTION_FAILED,Bank_B,E42,P020,WALLET
E11375,C0107,17734.22,INVOICE_OVERDUE,Bank_A,E42,P015,UPI
E11376,C0013,7969.1,PAYMENT_FAILED,Bank_D,E23,P014,NETBANKING
E11377,C0682,17168.72,SUBSCRIPTION_FAILED,Bank_A,E42,P014,UPI
E11378,C0046,23558.71,CHECKOUT_ABANDONED,Bank_D,E42,P015,WALLET
E11379,C0561,15685.08,CHECKOUT_ABANDONED,Bank_A,E17,P010,NETBANKING
E11380,C0837,6777.46,PAYMENT_FAILED,Bank_D,E17,P002,WALLET
E11381,C0175,24259.94,CHECKOUT_ABANDONED,Bank_A,E42,P018,UPI
E11382,C0646,24676.55,INVOICE_OVERDUE,Bank_B,E23,P004,CARD
E11383,C0282,23689.68,SUBSCRIPTION_FAILED,Bank_D,E23,P015,UPI
E11384,C0745,17462.42,PAYMENT_FAILED,Bank_A,E23,P015,CARD
E11385,C0245,3590.58,CHECKOUT_ABANDONED,Bank_A,E42,P013,UPI
E11386,C0383,2519.34,INVOICE_OVERDUE,Bank_D,E42,P017,NETBANKING
E11387,C0985,3789.63,SUBSCRIPTION_FAILED,Bank_B,E23,P002,NETBANKING
E11388,C0804,22226.95,INVOICE_OVERDUE,Bank_C,E42,P020,WALLET
E11389,C0438,2171.04,CHECKOUT_ABANDONED,Bank_C,E23,P015,UPI
E11390,C0334,19070.73,INVOICE_OVERDUE,Bank_B,E42,P008,UPI
E11391,C0810,6834.35,CHECKOUT_ABANDONED,Bank_A,E42,P002,CARD
E11392,C0397,17851.76,SUBSCRIPTION_FAILED,Bank_C,E17,P013,UPI
E11393,C0014,13096.45,SUBSCRIPTION_FAILED,Bank_B,E42,P013,WALLET
E11394,C0020,3489.53,INVOICE_OVERDUE,Bank_A,E42,P013,WALLET
E11395,C0311,22207.95,PAYMENT_FAILED,Bank_A,E17,P014,CARD
E11396,C0674,2616.98,SUBSCRIPTION_FAILED,Bank_A,E17,P003,NETBANKING
E11397,C0722,4213.25,CHECKOUT_ABANDONED,Bank_A,E11,P018,UPI
E11398,C0497,8876.37,PAYMENT_FAILED,Bank_B,E11,P010,WALLET
E11399,C0310,3646.2,SUBSCRIPTION_FAILED,Bank_B,E17,P010,NETBANKING
E11400,C0467,22650.92,SUBSCRIPTION_FAILED,Bank_A,E11,P005,UPI
E11401,C0579,19234.79,CHECKOUT_ABANDONED,Bank_D,E11,P001,NETBANKING
E11402,C0940,10783.68,INVOICE_OVERDUE,Bank_B,E23,P002,CARD
E11403,C0573,5824.32,SUBSCRIPTION_FAILED,Bank_A,E42,P001,CARD
E11404,C0531,16247.83,CHECKOUT_ABANDONED,Bank_D,E23,P009,WALLET
E11405,C0361,17953.11,INVOICE_OVERDUE,Bank_A,E17,P011,WALLET
E11406,C0653,20838.66,CHECKOUT_ABANDONED,Bank_B,E17,P013,WALLET
E11407,C0400,1268.74,INVOICE_OVERDUE,Bank_D,E23,P014,WALLET
E11408,C0043,15330.51,SUBSCRIPTION_FAILED,Bank_C,E11,P012,NETBANKING
E11409,C0211,3366.74,INVOICE_OVERDUE,Bank_A,E42,P008,CARD
E11410,C0232,10491.84,PAYMENT_FAILED,Bank_C,E42,P020,NETBANKING
E11411,C0448,22417.59,CHECKOUT_ABANDONED,Bank_A,E11,P016,UPI
E11412,C0100,13559.87,PAYMENT_FAILED,Bank_B,E11,P005,CARD
E11413,C0484,8904.71,CHECKOUT_ABANDONED,Bank_A,E42,P007,CARD
E11414,C0293,5129.6,SUBSCRIPTION_FAILED,Bank_B,E23,P007,UPI
E11415,C0164,16285.18,PAYMENT_FAILED,Bank_D,E17,P019,WALLET
E11416,C0932,8353.15,PAYMENT_FAILED,Bank_A,E42,P004,WALLET
E11417,C0319,17768.66,SUBSCRIPTION_FAILED,Bank_A,E11,P012,CARD
E11418,C0925,14842.02,INVOICE_OVERDUE,Bank_B,E42,P012,NETBANKING
E11419,C0966,8946.42,SUBSCRIPTION_FAILED,Bank_B,E42,P017,NETBANKING
E11420,C0682,24772.37,INVOICE_OVERDUE,Bank_D,E42,P016,WALLET
E11421,C0639,21202.49,PAYMENT_FAILED,Bank_B,E11,P011,CARD
E11422,C0293,19503.9,PAYMENT_FAILED,Bank_D,E23,P005,NETBANKING
E11423,C0892,22320.3,SUBSCRIPTION_FAILED,Bank_A,E42,P015,UPI
E11424,C0962,20193.73,CHECKOUT_ABANDONED,Bank_D,E42,P006,CARD
E11425,C0610,2539.09,CHECKOUT_ABANDONED,Bank_C,E17,P008,CARD
E11426,C0143,24494.34,CHECKOUT_ABANDONED,Bank_A,E17,P001,CARD
E11427,C0032,17768.59,SUBSCRIPTION_FAILED,Bank_D,E11,P018,NETBANKING
E11428,C0837,12790.17,CHECKOUT_ABANDONED,Bank_A,E17,P018,CARD
E11429,C0812,22086.61,INVOICE_OVERDUE,Bank_A,E42,P019,UPI
E11430,C0921,19442.96,SUBSCRIPTION_FAILED,Bank_B,E42,P012,UPI
E11431,C0876,5148.85,CHECKOUT_ABANDONED,Bank_D,E42,P020,NETBANKING
E11432,C0579,11490.8,INVOICE_OVERDUE,Bank_D,E11,P003,UPI
E11433,C0543,9346.1,PAYMENT_FAILED,Bank_B,E11,P003,WALLET
E11434,C0951,23104.91,PAYMENT_FAILED,Bank_C,E23,P007,NETBANKING
E11435,C0604,12697.68,SUBSCRIPTION_FAILED,Bank_D,E11,P004,NETBANKING
E11436,C0004,6021.65,PAYMENT_FAILED,Bank_D,E11,P017,CARD
E11437,C0641,22384.95,CHECKOUT_ABANDONED,Bank_A,E42,P019,WALLET
E11438,C0191,2714.73,CHECKOUT_ABANDONED,Bank_A,E42,P008,CARD
E11439,C0081,9415.85,INVOICE_OVERDUE,Bank_A,E23,P016,UPI
E11440,C0002,4309.86,PAYMENT_FAILED,Bank_D,E23,P014,WALLET
E11441,C0969,3050.89,CHECKOUT_ABANDONED,Bank_C,E23,P008,NETBANKING
E11442,C0780,10270.25,PAYMENT_FAILED,Bank_A,E42,P014,NETBANKING
E11443,C0947,7659.4,INVOICE_OVERDUE,Bank_B,E17,P009,UPI
E11444,C0520,24043.45,CHECKOUT_ABANDONED,Bank_D,E23,P018,NETBANKING
E11445,C0578,10264.43,CHECKOUT_ABANDONED,Bank_C,E17,P004,WALLET
E11446,C0610,5209.07,INVOICE_OVERDUE,Bank_B,E11,P008,NETBANKING
E11447,C0636,11190.84,CHECKOUT_ABANDONED,Bank_D,E23,P017,NETBANKING
E11448,C0296,3716.91,SUBSCRIPTION_FAILED,Bank_A,E42,P008,NETBANKING
E11449,C0910,8851.97,CHECKOUT_ABANDONED,Bank_B,E11,P018,NETBANKING
E11450,C0348,9383.81,INVOICE_OVERDUE,Bank_D,E23,P012,CARD
E11451,C0673,20393.34,SUBSCRIPTION_FAILED,Bank_A,E11,P003,NETBANKING
E11452,C0528,21397.6,CHECKOUT_ABANDONED,Bank_B,E17,P020,CARD
E11453,C0703,24278.37,SUBSCRIPTION_FAILED,Bank_C,E23,P006,UPI
E11454,C0233,15670.51,CHECKOUT_ABANDONED,Bank_D,E42,P011,UPI
E11455,C0608,24593.2,INVOICE_OVERDUE,Bank_D,E23,P019,WALLET
E11456,C0742,1109.43,PAYMENT_FAILED,Bank_A,E42,P017,WALLET
E11457,C0457,3713.62,SUBSCRIPTION_FAILED,Bank_A,E42,P005,CARD
E11458,C0565,9694.77,INVOICE_OVERDUE,Bank_A,E42,P010,UPI
E11459,C0309,15598.31,SUBSCRIPTION_FAILED,Bank_B,E23,P006,NETBANKING
E11460,C0117,1382.14,PAYMENT_FAILED,Bank_A,E17,P019,WALLET
E11461,C0330,13548.91,PAYMENT_FAILED,Bank_C,E17,P014,NETBANKING
E11462,C0489,10070.16,INVOICE_OVERDUE,Bank_C,E11,P006,WALLET
E11463,C0747,24717.06,INVOICE_OVERDUE,Bank_D,E23,P019,WALLET
E11464,C0555,2443.35,SUBSCRIPTION_FAILED,Bank_A,E23,P003,NETBANKING
E11465,C0384,19240.64,SUBSCRIPTION_FAILED,Bank_D,E23,P012,UPI
E11466,C0380,12643.59,SUBSCRIPTION_FAILED,Bank_D,E42,P013,WALLET
E11467,C0580,16082.03,PAYMENT_FAILED,Bank_C,E17,P013,WALLET
E11468,C0044,16039.86,PAYMENT_FAILED,Bank_D,E11,P010,NETBANKING
E11469,C0145,18437.25,CHECKOUT_ABANDONED,Bank_A,E17,P001,WALLET
E11470,C0296,8131.1,PAYMENT_FAILED,Bank_B,E11,P016,UPI
E11471,C0188,8868.26,CHECKOUT_ABANDONED,Bank_B,E11,P012,WALLET
E11472,C0516,16438.03,SUBSCRIPTION_FAILED,Bank_D,E23,P012,NETBANKING
E11473,C0302,13918.78,SUBSCRIPTION_FAILED,Bank_A,E42,P009,UPI
E11474,C0297,12461.94,PAYMENT_FAILED,Bank_A,E42,P013,NETBANKING
E11475,C0276,21009.21,SUBSCRIPTION_FAILED,Bank_A,E11,P003,CARD
E11476,C0731,11750.66,INVOICE_OVERDUE,Bank_A,E42,P016,WALLET
E11477,C0826,8934.72,INVOICE_OVERDUE,Bank_C,E42,P012,CARD
E11478,C0778,16768.3,CHECKOUT_ABANDONED,Bank_B,E23,P002,CARD
E11479,C0814,16832.99,SUBSCRIPTION_FAILED,Bank_B,E11,P002,CARD
E11480,C0281,7370.96,SUBSCRIPTION_FAILED,Bank_A,E42,P012,CARD
E11481,C0367,14244.53,SUBSCRIPTION_FAILED,Bank_A,E23,P010,UPI
E11482,C0873,6760.96,CHECKOUT_ABANDONED,Bank_A,E42,P003,UPI
E11483,C0518,15272.25,CHECKOUT_ABANDONED,Bank_D,E17,P020,UPI
E11484,C0674,13496.41,PAYMENT_FAILED,Bank_D,E23,P009,WALLET
E11485,C0113,8474.17,PAYMENT_FAILED,Bank_A,E23,P020,UPI
E11486,C0134,17577.58,PAYMENT_FAILED,Bank_B,E42,P006,NETBANKING
E11487,C0734,15063.4,INVOICE_OVERDUE,Bank_A,E23,P019,NETBANKING
E11488,C0768,9182.1,PAYMENT_FAILED,Bank_D,E11,P005,CARD
E11489,C0359,1008.01,CHECKOUT_ABANDONED,Bank_D,E23,P005,UPI
E11490,C0512,19394.33,SUBSCRIPTION_FAILED,Bank_C,E42,P018,CARD
E11491,C0060,2950.48,CHECKOUT_ABANDONED,Bank_A,E11,P007,CARD
E11492,C0778,24006.08,CHECKOUT_ABANDONED,Bank_D,E11,P012,WALLET
E11493,C0996,9572.51,SUBSCRIPTION_FAILED,Bank_A,E23,P002,UPI
E11494,C0861,15839.26,PAYMENT_FAILED,Bank_B,E17,P013,NETBANKING
E11495,C0262,17756.43,INVOICE_OVERDUE,Bank_A,E17,P011,WALLET
E11496,C0141,7873.33,INVOICE_OVERDUE,Bank_A,E11,P010,CARD
E11497,C0752,16625.86,INVOICE_OVERDUE,Bank_A,E42,P015,WALLET
E11498,C0052,4465.17,SUBSCRIPTION_FAILED,Bank_B,E23,P002,WALLET
E11499,C0944,4503.67,CHECKOUT_ABANDONED,Bank_D,E17,P004,UPI
E11500,C0244,15862.35,PAYMENT_FAILED,Bank_B,E11,P018,UPI
E11501,C0012,9210.53,CHECKOUT_ABANDONED,Bank_D,E23,P010,UPI
E11502,C0951,22489.53,CHECKOUT_ABANDONED,Bank_B,E17,P003,CARD
E11503,C0686,4450.29,PAYMENT_FAILED,Bank_A,E42,P007,CARD
E11504,C0801,17420.15,SUBSCRIPTION_FAILED,Bank_B,E17,P001,WALLET
E11505,C0156,6057.05,PAYMENT_FAILED,Bank_D,E17,P007,UPI
E11506,C0752,21829.87,CHECKOUT_ABANDONED,Bank_A,E42,P013,CARD
E11507,C0250,12641.7,INVOICE_OVERDUE,Bank_B,E11,P004,NETBANKING
E11508,C0299,24511.14,INVOICE_OVERDUE,Bank_C,E23,P004,WALLET
E11509,C0798,13323.33,SUBSCRIPTION_FAILED,Bank_A,E11,P018,NETBANKING
E11510,C0870,10430.83,SUBSCRIPTION_FAILED,Bank_D,E42,P015,WALLET
E11511,C0251,4861.43,SUBSCRIPTION_FAILED,Bank_A,E42,P002,CARD
E11512,C0274,14655.74,INVOICE_OVERDUE,Bank_C,E42,P014,NETBANKING
E11513,C0071,5423.09,PAYMENT_FAILED,Bank_D,E17,P003,WALLET
E11514,C0834,9775.22,INVOICE_OVERDUE,Bank_A,E17,P009,CARD
E11515,C0184,2080.06,CHECKOUT_ABANDONED,Bank_A,E11,P017,WALLET
E11516,C0324,18834.65,SUBSCRIPTION_FAILED,Bank_C,E11,P013,UPI
E11517,C0462,9644.7,PAYMENT_FAILED,Bank_C,E17,P018,NETBANKING
E11518,C0223,2719.2,CHECKOUT_ABANDONED,Bank_C,E17,P001,WALLET
E11519,C0296,17507.19,PAYMENT_FAILED,Bank_A,E42,P002,UPI
E11520,C0523,21424.51,PAYMENT_FAILED,Bank_B,E17,P001,CARD
E11521,C0739,20109.26,INVOICE_OVERDUE,Bank_A,E42,P008,NETBANKING
E11522,C0312,20731.58,PAYMENT_FAILED,Bank_A,E42,P010,NETBANKING
E11523,C0303,14018.55,PAYMENT_FAILED,Bank_D,E11,P018,UPI
E11524,C0243,2088.2,SUBSCRIPTION_FAILED,Bank_C,E23,P009,CARD
E11525,C0372,7382.88,SUBSCRIPTION_FAILED,Bank_D,E17,P018,NETBANKING
E11526,C0340,14443.17,PAYMENT_FAILED,Bank_C,E17,P020,CARD
E11527,C0763,8194.39,INVOICE_OVERDUE,Bank_B,E23,P014,CARD
E11528,C0848,20657.47,INVOICE_OVERDUE,Bank_A,E42,P002,CARD
E11529,C0905,5050.11,SUBSCRIPTION_FAILED,Bank_D,E11,P019,UPI
E11530,C0769,22143.26,SUBSCRIPTION_FAILED,Bank_A,E42,P010,WALLET
E11531,C0240,9533.8,SUBSCRIPTION_FAILED,Bank_D,E23,P020,UPI
E11532,C0952,11995.44,CHECKOUT_ABANDONED,Bank_B,E17,P003,CARD
E11533,C0919,10505.52,PAYMENT_FAILED,Bank_A,E23,P004,UPI
E11534,C0948,5574.41,PAYMENT_FAILED,Bank_B,E17,P014,WALLET
E11535,C0760,9343.23,PAYMENT_FAILED,Bank_A,E23,P006,WALLET
E11536,C0131,9414.87,CHECKOUT_ABANDONED,Bank_B,E11,P011,CARD
E11537,C0087,14220.18,PAYMENT_FAILED,Bank_C,E17,P010,WALLET
E11538,C0733,9967.21,INVOICE_OVERDUE,Bank_C,E42,P013,UPI
E11539,C0885,12895.42,INVOICE_OVERDUE,Bank_D,E42,P008,UPI
E11540,C0374,10543.37,PAYMENT_FAILED,Bank_A,E42,P009,NETBANKING
E11541,C0793,2597.63,PAYMENT_FAILED,Bank_A,E11,P016,CARD
E11542,C0177,22849.08,CHECKOUT_ABANDONED,Bank_B,E17,P011,WALLET
E11543,C0174,4354.43,SUBSCRIPTION_FAILED,Bank_B,E23,P020,WALLET
E11544,C0248,18094.34,PAYMENT_FAILED,Bank_C,E42,P017,UPI
E11545,C0191,4254.36,SUBSCRIPTION_FAILED,Bank_A,E11,P013,UPI
E11546,C0357,576.08,INVOICE_OVERDUE,Bank_A,E17,P011,CARD
E11547,C0476,6655.37,SUBSCRIPTION_FAILED,Bank_D,E17,P004,WALLET
E11548,C0276,2240.31,SUBSCRIPTION_FAILED,Bank_A,E42,P008,WALLET
E11549,C0412,24596.55,CHECKOUT_ABANDONED,Bank_B,E42,P003,CARD
E11550,C0142,2212.06,PAYMENT_FAILED,Bank_B,E23,P005,WALLET
E11551,C0334,5967.93,CHECKOUT_ABANDONED,Bank_B,E11,P017,WALLET
E11552,C0677,11184.3,CHECKOUT_ABANDONED,Bank_A,E42,P013,NETBANKING
E11553,C0149,17568.6,INVOICE_OVERDUE,Bank_A,E42,P007,CARD
E11554,C0312,3378.76,INVOICE_OVERDUE,Bank_B,E11,P020,NETBANKING
E11555,C0957,8097.77,CHECKOUT_ABANDONED,Bank_B,E42,P012,WALLET
E11556,C0507,12648.7,PAYMENT_FAILED,Bank_D,E11,P002,CARD
E11557,C0645,14187.97,SUBSCRIPTION_FAILED,Bank_A,E42,P019,CARD
E11558,C0123,3138.12,PAYMENT_FAILED,Bank_D,E23,P004,NETBANKING
E11559,C0322,4853.25,SUBSCRIPTION_FAILED,Bank_B,E17,P003,NETBANKING
E11560,C0067,4094.96,SUBSCRIPTION_FAILED,Bank_B,E11,P007,WALLET
E11561,C0045,9109.43,CHECKOUT_ABANDONED,Bank_A,E42,P019,CARD
E11562,C0225,9039.02,CHECKOUT_ABANDONED,Bank_D,E17,P006,UPI
E11563,C0549,9380.07,CHECKOUT_ABANDONED,Bank_D,E11,P011,NETBANKING
E11564,C0990,15860.3,INVOICE_OVERDUE,Bank_B,E17,P016,WALLET
E11565,C0005,20540.49,PAYMENT_FAILED,Bank_A,E42,P007,UPI
E11566,C0912,6811.57,SUBSCRIPTION_FAILED,Bank_B,E11,P003,WALLET
E11567,C0764,7141.02,PAYMENT_FAILED,Bank_A,E17,P014,UPI
E11568,C0605,11844.71,SUBSCRIPTION_FAILED,Bank_C,E23,P005,NETBANKING
E11569,C0746,12287.21,INVOICE_OVERDUE,Bank_D,E23,P011,UPI
E11570,C0915,22034.23,CHECKOUT_ABANDONED,Bank_B,E42,P014,UPI
E11571,C0791,12619.16,PAYMENT_FAILED,Bank_D,E17,P001,CARD
E11572,C0655,20756.16,SUBSCRIPTION_FAILED,Bank_B,E17,P003,WALLET
E11573,C0062,14454.96,CHECKOUT_ABANDONED,Bank_B,E42,P003,NETBANKING
E11574,C0295,21047.5,PAYMENT_FAILED,Bank_A,E42,P003,WALLET
E11575,C0199,22112.43,INVOICE_OVERDUE,Bank_C,E42,P008,NETBANKING
E11576,C0932,14045.34,SUBSCRIPTION_FAILED,Bank_D,E11,P013,WALLET
E11577,C0652,5711.85,PAYMENT_FAILED,Bank_A,E17,P011,WALLET
E11578,C0549,12233.86,CHECKOUT_ABANDONED,Bank_B,E17,P001,CARD
E11579,C0874,10347.7,CHECKOUT_ABANDONED,Bank_A,E42,P011,NETBANKING
E11580,C0184,14167.8,CHECKOUT_ABANDONED,Bank_A,E42,P010,NETBANKING
E11581,C0986,22952.11,PAYMENT_FAILED,Bank_A,E42,P008,CARD
E11582,C0409,9055.32,CHECKOUT_ABANDONED,Bank_A,E42,P014,UPI
E11583,C0177,24347.27,SUBSCRIPTION_FAILED,Bank_D,E42,P009,WALLET
E11584,C0279,24575.15,PAYMENT_FAILED,Bank_D,E23,P017,CARD
E11585,C0930,1596.24,SUBSCRIPTION_FAILED,Bank_A,E42,P018,NETBANKING
E11586,C0242,23438.29,SUBSCRIPTION_FAILED,Bank_C,E23,P001,UPI
E11587,C0220,11222.79,INVOICE_OVERDUE,Bank_A,E42,P007,NETBANKING
E11588,C0307,2719.26,INVOICE_OVERDUE,Bank_C,E23,P004,UPI
E11589,C0602,23961.42,CHECKOUT_ABANDONED,Bank_B,E17,P018,UPI
E11590,C0675,10159.94,PAYMENT_FAILED,Bank_C,E42,P002,CARD
E11591,C0333,13221.3,PAYMENT_FAILED,Bank_A,E23,P017,UPI
E11592,C0579,23162.04,INVOICE_OVERDUE,Bank_D,E23,P017,UPI
E11593,C0622,21928.89,CHECKOUT_ABANDONED,Bank_D,E23,P001,UPI
E11594,C0969,22075.54,CHECKOUT_ABANDONED,Bank_D,E23,P019,UPI
E11595,C0475,8089.3,CHECKOUT_ABANDONED,Bank_D,E11,P012,CARD
E11596,C0585,4784.7,SUBSCRIPTION_FAILED,Bank_A,E42,P011,NETBANKING
E11597,C0453,18414.11,SUBSCRIPTION_FAILED,Bank_A,E42,P013,WALLET
E11598,C0168,24901.65,INVOICE_OVERDUE,Bank_A,E42,P005,CARD
E11599,C0913,17061.41,CHECKOUT_ABANDONED,Bank_B,E17,P001,NETBANKING
E11600,C0641,12832.16,CHECKOUT_ABANDONED,Bank_B,E11,P010,CARD
E11601,C0229,20026.02,INVOICE_OVERDUE,Bank_C,E42,P002,UPI
E11602,C0912,9590.17,PAYMENT_FAILED,Bank_D,E42,P001,WALLET
E11603,C0689,16424.9,PAYMENT_FAILED,Bank_C,E23,P001,UPI
E11604,C0038,1612.43,CHECKOUT_ABANDONED,Bank_A,E42,P002,WALLET
E11605,C0372,8251.04,CHECKOUT_ABANDONED,Bank_A,E42,P001,CARD
E11606,C0362,9864.11,SUBSCRIPTION_FAILED,Bank_A,E42,P019,CARD
E11607,C0415,1568.62,INVOICE_OVERDUE,Bank_B,E42,P011,CARD
E11608,C0541,24576.27,CHECKOUT_ABANDONED,Bank_D,E17,P002,NETBANKING
E11609,C0050,12119.28,INVOICE_OVERDUE,Bank_D,E23,P005,CARD
E11610,C0434,9563.55,SUBSCRIPTION_FAILED,Bank_D,E42,P016,CARD
E11611,C0428,22555.46,CHECKOUT_ABANDONED,Bank_C,E11,P007,CARD
E11612,C0656,14158.07,SUBSCRIPTION_FAILED,Bank_D,E17,P015,UPI
E11613,C0337,3402.07,PAYMENT_FAILED,Bank_B,E11,P009,CARD
E11614,C0411,15701.34,SUBSCRIPTION_FAILED,Bank_A,E23,P013,WALLET
E11615,C0460,1208.99,CHECKOUT_ABANDONED,Bank_A,E42,P004,WALLET
E11616,C0056,23643.64,PAYMENT_FAILED,Bank_C,E42,P002,CARD
E11617,C0189,2432.75,SUBSCRIPTION_FAILED,Bank_D,E11,P003,UPI
E11618,C0212,23302.45,SUBSCRIPTION_FAILED,Bank_D,E11,P001,CARD
E11619,C0134,6249.3,CHECKOUT_ABANDONED,Bank_C,E23,P019,CARD
E11620,C0781,3114.46,CHECKOUT_ABANDONED,Bank_B,E17,P007,UPI
E11621,C0651,6566.95,SUBSCRIPTION_FAILED,Bank_A,E17,P012,WALLET
E11622,C0274,10449.25,CHECKOUT_ABANDONED,Bank_A,E42,P006,WALLET
E11623,C0792,9780.8,CHECKOUT_ABANDONED,Bank_A,E42,P016,CARD
E11624,C0386,19727.77,PAYMENT_FAILED,Bank_A,E23,P014,NETBANKING
E11625,C0673,21552.77,PAYMENT_FAILED,Bank_D,E42,P003,UPI
E11626,C0968,15640.71,CHECKOUT_ABANDONED,Bank_A,E42,P015,CARD
E11627,C0701,2353.79,CHECKOUT_ABANDONED,Bank_A,E11,P011,WALLET
E11628,C0554,10448.73,CHECKOUT_ABANDONED,Bank_B,E23,P017,CARD
E11629,C0756,6557.03,PAYMENT_FAILED,Bank_C,E42,P013,UPI
E11630,C0583,12244.98,INVOICE_OVERDUE,Bank_D,E23,P014,CARD
E11631,C0524,9449.03,SUBSCRIPTION_FAILED,Bank_B,E42,P002,NETBANKING
E11632,C0806,15420.64,SUBSCRIPTION_FAILED,Bank_A,E42,P013,NETBANKING
E11633,C0176,848.35,CHECKOUT_ABANDONED,Bank_B,E23,P004,WALLET
E11634,C0863,17232.62,INVOICE_OVERDUE,Bank_D,E11,P010,WALLET
E11635,C0202,19126.0,CHECKOUT_ABANDONED,Bank_A,E11,P014,UPI
E11636,C0288,7459.43,PAYMENT_FAILED,Bank_D,E23,P020,NETBANKING
E11637,C0946,6284.08,INVOICE_OVERDUE,Bank_A,E42,P020,CARD
E11638,C0489,13809.91,SUBSCRIPTION_FAILED,Bank_B,E23,P016,UPI
E11639,C0372,17533.51,PAYMENT_FAILED,Bank_A,E23,P011,NETBANKING
E11640,C0125,7585.7,INVOICE_OVERDUE,Bank_C,E11,P016,CARD
E11641,C0984,24119.62,INVOICE_OVERDUE,Bank_C,E17,P009,NETBANKING
E11642,C0865,5895.63,PAYMENT_FAILED,Bank_A,E23,P016,NETBANKING
E11643,C0906,20181.12,CHECKOUT_ABANDONED,Bank_B,E17,P015,NETBANKING
E11644,C0053,23618.4,INVOICE_OVERDUE,Bank_D,E23,P008,NETBANKING
E11645,C0107,4102.87,INVOICE_OVERDUE,Bank_B,E42,P015,CARD
E11646,C0267,13559.62,INVOICE_OVERDUE,Bank_C,E23,P002,CARD
E11647,C0556,14983.7,PAYMENT_FAILED,Bank_C,E17,P002,NETBANKING
E11648,C0270,8780.52,SUBSCRIPTION_FAILED,Bank_D,E23,P016,UPI
E11649,C0259,13001.24,CHECKOUT_ABANDONED,Bank_A,E42,P005,CARD
E11650,C0044,14959.94,PAYMENT_FAILED,Bank_B,E17,P015,UPI
E11651,C0665,14647.52,PAYMENT_FAILED,Bank_A,E42,P015,NETBANKING
E11652,C0242,4477.17,CHECKOUT_ABANDONED,Bank_C,E42,P015,NETBANKING
E11653,C0945,21404.89,PAYMENT_FAILED,Bank_A,E42,P015,UPI
E11654,C0591,7564.52,CHECKOUT_ABANDONED,Bank_D,E11,P001,CARD
E11655,C0503,18545.22,PAYMENT_FAILED,Bank_B,E23,P011,WALLET
E11656,C0079,23149.79,PAYMENT_FAILED,Bank_B,E23,P005,UPI
E11657,C0910,20101.47,CHECKOUT_ABANDONED,Bank_A,E17,P018,CARD
E11658,C0276,22178.79,SUBSCRIPTION_FAILED,Bank_C,E17,P016,CARD
E11659,C0057,5051.64,INVOICE_OVERDUE,Bank_A,E42,P010,WALLET
E11660,C0721,4801.23,SUBSCRIPTION_FAILED,Bank_D,E17,P018,UPI
E11661,C0141,20448.85,INVOICE_OVERDUE,Bank_D,E42,P004,CARD
E11662,C0105,15495.57,SUBSCRIPTION_FAILED,Bank_A,E42,P012,CARD
E11663,C0189,18097.55,INVOICE_OVERDUE,Bank_A,E42,P002,WALLET
E11664,C0491,14075.57,SUBSCRIPTION_FAILED,Bank_A,E23,P019,NETBANKING
E11665,C0346,22768.93,CHECKOUT_ABANDONED,Bank_D,E42,P005,WALLET
E11666,C0721,5727.52,SUBSCRIPTION_FAILED,Bank_B,E11,P010,NETBANKING
E11667,C0726,6417.11,INVOICE_OVERDUE,Bank_C,E23,P012,NETBANKING
E11668,C0677,12807.6,PAYMENT_FAILED,Bank_A,E11,P016,NETBANKING
E11669,C0994,16282.64,PAYMENT_FAILED,Bank_C,E23,P001,CARD
E11670,C0421,17761.93,PAYMENT_FAILED,Bank_D,E23,P007,UPI
E11671,C0942,21212.83,PAYMENT_FAILED,Bank_B,E11,P017,CARD
E11672,C0401,10545.69,PAYMENT_FAILED,Bank_B,E23,P015,CARD
E11673,C0377,11144.31,PAYMENT_FAILED,Bank_D,E17,P020,WALLET
E11674,C0084,3093.5,PAYMENT_FAILED,Bank_A,E11,P006,NETBANKING
E11675,C0462,9788.72,CHECKOUT_ABANDONED,Bank_A,E42,P004,NETBANKING
E11676,C0522,20068.04,INVOICE_OVERDUE,Bank_D,E42,P004,WALLET
E11677,C0239,8683.92,SUBSCRIPTION_FAILED,Bank_D,E11,P012,CARD
E11678,C1000,12028.07,SUBSCRIPTION_FAILED,Bank_D,E11,P019,WALLET
E11679,C0398,14601.68,PAYMENT_FAILED,Bank_C,E42,P004,WALLET
E11680,C0413,6397.04,SUBSCRIPTION_FAILED,Bank_D,E17,P009,UPI
E11681,C0016,7089.24,PAYMENT_FAILED,Bank_B,E23,P009,NETBANKING
E11682,C0559,7971.6,SUBSCRIPTION_FAILED,Bank_D,E42,P005,UPI
E11683,C0552,21885.45,PAYMENT_FAILED,Bank_D,E23,P018,WALLET
E11684,C0079,20679.22,SUBSCRIPTION_FAILED,Bank_C,E23,P020,UPI
E11685,C0141,1386.91,INVOICE_OVERDUE,Bank_C,E11,P003,CARD
E11686,C0015,7230.3,CHECKOUT_ABANDONED,Bank_A,E42,P003,UPI
E11687,C0200,19781.84,SUBSCRIPTION_FAILED,Bank_B,E17,P006,NETBANKING
E11688,C0011,1804.38,CHECKOUT_ABANDONED,Bank_C,E17,P014,WALLET
E11689,C0440,5033.09,INVOICE_OVERDUE,Bank_B,E17,P001,CARD
E11690,C0892,8840.3,SUBSCRIPTION_FAILED,Bank_C,E23,P017,UPI
E11691,C0543,3420.13,INVOICE_OVERDUE,Bank_D,E23,P004,CARD
E11692,C0737,10480.61,SUBSCRIPTION_FAILED,Bank_A,E23,P015,CARD
E11693,C0717,12103.24,PAYMENT_FAILED,Bank_A,E11,P002,NETBANKING
E11694,C0979,8958.62,SUBSCRIPTION_FAILED,Bank_A,E17,P002,WALLET
E11695,C0306,7688.11,INVOICE_OVERDUE,Bank_A,E42,P015,NETBANKING
E11696,C0747,8683.53,SUBSCRIPTION_FAILED,Bank_B,E42,P014,NETBANKING
E11697,C0220,24049.32,SUBSCRIPTION_FAILED,Bank_C,E23,P012,WALLET
E11698,C0756,10321.23,INVOICE_OVERDUE,Bank_A,E42,P004,CARD
E11699,C0168,22995.73,INVOICE_OVERDUE,Bank_D,E17,P016,UPI
E11700,C0625,12533.28,SUBSCRIPTION_FAILED,Bank_D,E42,P019,UPI
E11701,C0890,22929.37,SUBSCRIPTION_FAILED,Bank_B,E11,P005,CARD
E11702,C0682,3223.6,INVOICE_OVERDUE,Bank_D,E23,P001,UPI
E11703,C0433,12259.29,PAYMENT_FAILED,Bank_D,E11,P001,UPI
E11704,C0594,8088.64,INVOICE_OVERDUE,Bank_B,E11,P008,CARD
E11705,C0729,11131.56,CHECKOUT_ABANDONED,Bank_A,E42,P016,NETBANKING
E11706,C0459,6677.24,PAYMENT_FAILED,Bank_A,E42,P014,NETBANKING
E11707,C0140,2048.91,CHECKOUT_ABANDONED,Bank_B,E42,P013,CARD
E11708,C0517,4884.18,INVOICE_OVERDUE,Bank_B,E17,P014,UPI
E11709,C0477,1505.41,CHECKOUT_ABANDONED,Bank_A,E42,P010,WALLET
E11710,C0132,2234.71,SUBSCRIPTION_FAILED,Bank_C,E17,P010,NETBANKING
E11711,C0155,22384.96,CHECKOUT_ABANDONED,Bank_C,E42,P016,WALLET
E11712,C0499,5838.41,PAYMENT_FAILED,Bank_B,E42,P006,UPI
E11713,C0088,8349.98,INVOICE_OVERDUE,Bank_C,E17,P010,CARD
E11714,C0371,18910.56,SUBSCRIPTION_FAILED,Bank_D,E42,P019,CARD
E11715,C0158,22165.56,PAYMENT_FAILED,Bank_A,E42,P007,WALLET
E11716,C0062,10640.67,SUBSCRIPTION_FAILED,Bank_C,E23,P012,NETBANKING
E11717,C0719,18095.56,INVOICE_OVERDUE,Bank_A,E42,P006,UPI
E11718,C0158,13480.57,SUBSCRIPTION_FAILED,Bank_A,E11,P011,UPI
E11719,C0227,8292.43,PAYMENT_FAILED,Bank_C,E17,P002,UPI
E11720,C0749,24500.22,SUBSCRIPTION_FAILED,Bank_A,E23,P015,UPI
E11721,C0745,22056.96,CHECKOUT_ABANDONED,Bank_C,E17,P004,UPI
E11722,C0476,12205.8,SUBSCRIPTION_FAILED,Bank_A,E42,P018,NETBANKING
E11723,C0350,24902.86,PAYMENT_FAILED,Bank_B,E11,P004,CARD
E11724,C0173,8388.26,SUBSCRIPTION_FAILED,Bank_D,E23,P005,NETBANKING
E11725,C0707,24396.46,SUBSCRIPTION_FAILED,Bank_B,E17,P004,CARD
E11726,C0769,13152.15,INVOICE_OVERDUE,Bank_B,E23,P006,UPI
E11727,C0489,7924.18,SUBSCRIPTION_FAILED,Bank_D,E23,P015,NETBANKING
E11728,C0755,3628.22,INVOICE_OVERDUE,Bank_C,E17,P004,WALLET
E11729,C0959,12252.86,CHECKOUT_ABANDONED,Bank_A,E42,P008,UPI
E11730,C0570,18615.97,SUBSCRIPTION_FAILED,Bank_D,E23,P001,NETBANKING
E11731,C0078,2731.11,SUBSCRIPTION_FAILED,Bank_A,E42,P010,WALLET
E11732,C0089,16853.65,PAYMENT_FAILED,Bank_D,E17,P016,NETBANKING
E11733,C0609,16843.36,INVOICE_OVERDUE,Bank_A,E17,P014,CARD
E11734,C0797,11413.89,INVOICE_OVERDUE,Bank_C,E42,P014,UPI
E11735,C0335,14297.36,CHECKOUT_ABANDONED,Bank_A,E23,P003,WALLET
E11736,C0775,7889.29,SUBSCRIPTION_FAILED,Bank_C,E23,P007,UPI
E11737,C0672,1206.57,CHECKOUT_ABANDONED,Bank_D,E17,P005,UPI
E11738,C0067,7210.46,CHECKOUT_ABANDONED,Bank_B,E23,P010,NETBANKING
E11739,C0883,10666.7,CHECKOUT_ABANDONED,Bank_A,E42,P009,CARD
E11740,C0913,13367.81,CHECKOUT_ABANDONED,Bank_A,E42,P016,NETBANKING
E11741,C0798,4037.03,PAYMENT_FAILED,Bank_A,E11,P009,WALLET
E11742,C0779,3341.0,PAYMENT_FAILED,Bank_A,E42,P008,UPI
E11743,C0857,14917.36,INVOICE_OVERDUE,Bank_C,E11,P003,CARD
E11744,C0360,21671.8,INVOICE_OVERDUE,Bank_D,E42,P003,UPI
E11745,C0203,4597.83,PAYMENT_FAILED,Bank_C,E11,P006,CARD
E11746,C0361,11958.3,INVOICE_OVERDUE,Bank_C,E42,P007,WALLET
E11747,C0594,6819.22,INVOICE_OVERDUE,Bank_A,E42,P002,CARD
E11748,C0186,2998.02,SUBSCRIPTION_FAILED,Bank_A,E42,P007,NETBANKING
E11749,C0517,14386.92,SUBSCRIPTION_FAILED,Bank_B,E11,P010,UPI
E11750,C0565,13533.2,SUBSCRIPTION_FAILED,Bank_A,E42,P014,WALLET
E11751,C0715,3180.45,CHECKOUT_ABANDONED,Bank_A,E42,P018,UPI
E11752,C0993,23432.66,CHECKOUT_ABANDONED,Bank_A,E23,P010,UPI
E11753,C0558,16375.14,SUBSCRIPTION_FAILED,Bank_D,E42,P003,NETBANKING
E11754,C0615,21425.12,PAYMENT_FAILED,Bank_A,E42,P004,NETBANKING
E11755,C0449,7923.1,SUBSCRIPTION_FAILED,Bank_A,E42,P014,CARD
E11756,C0938,3047.53,PAYMENT_FAILED,Bank_B,E23,P015,UPI
E11757,C0671,3590.69,CHECKOUT_ABANDONED,Bank_C,E42,P017,CARD
E11758,C0026,8727.81,CHECKOUT_ABANDONED,Bank_B,E17,P005,UPI
E11759,C0545,5109.48,INVOICE_OVERDUE,Bank_C,E42,P011,WALLET
E11760,C0618,22914.55,PAYMENT_FAILED,Bank_A,E23,P004,CARD
E11761,C0215,4820.44,PAYMENT_FAILED,Bank_C,E23,P004,UPI
E11762,C0528,5459.82,PAYMENT_FAILED,Bank_A,E42,P020,WALLET
E11763,C0474,7127.3,INVOICE_OVERDUE,Bank_D,E11,P018,NETBANKING
E11764,C0609,16311.59,CHECKOUT_ABANDONED,Bank_A,E11,P002,WALLET
E11765,C0002,14126.08,INVOICE_OVERDUE,Bank_A,E11,P013,UPI
E11766,C0216,7737.66,PAYMENT_FAILED,Bank_A,E42,P001,CARD
E11767,C0043,24455.58,INVOICE_OVERDUE,Bank_C,E11,P013,CARD
E11768,C0794,18712.8,INVOICE_OVERDUE,Bank_A,E17,P006,WALLET
E11769,C0947,17218.17,PAYMENT_FAILED,Bank_A,E42,P011,WALLET
E11770,C0698,12083.54,SUBSCRIPTION_FAILED,Bank_A,E42,P007,CARD
E11771,C0046,22374.45,PAYMENT_FAILED,Bank_D,E17,P011,NETBANKING
E11772,C0154,21592.05,PAYMENT_FAILED,Bank_A,E23,P012,UPI
E11773,C0848,12605.98,PAYMENT_FAILED,Bank_A,E42,P004,WALLET
E11774,C0964,24295.5,CHECKOUT_ABANDONED,Bank_D,E42,P012,UPI
E11775,C0072,24310.8,CHECKOUT_ABANDONED,Bank_C,E11,P008,NETBANKING
E11776,C0046,24118.03,CHECKOUT_ABANDONED,Bank_C,E11,P007,UPI
E11777,C0627,3756.73,INVOICE_OVERDUE,Bank_D,E23,P007,WALLET
E11778,C0548,18524.59,INVOICE_OVERDUE,Bank_C,E17,P007,NETBANKING
E11779,C0117,3584.14,SUBSCRIPTION_FAILED,Bank_D,E23,P017,UPI
E11780,C0990,20694.51,CHECKOUT_ABANDONED,Bank_B,E11,P003,CARD
E11781,C0829,23449.75,INVOICE_OVERDUE,Bank_A,E42,P015,WALLET
E11782,C0624,22372.78,SUBSCRIPTION_FAILED,Bank_A,E42,P010,CARD
E11783,C0045,22446.59,SUBSCRIPTION_FAILED,Bank_A,E42,P017,UPI
E11784,C0826,19927.44,SUBSCRIPTION_FAILED,Bank_B,E11,P016,WALLET
E11785,C0487,18402.43,SUBSCRIPTION_FAILED,Bank_C,E11,P007,WALLET
E11786,C0340,13298.88,CHECKOUT_ABANDONED,Bank_A,E42,P011,UPI
E11787,C0389,24284.01,CHECKOUT_ABANDONED,Bank_B,E11,P003,UPI
E11788,C0130,22234.2,INVOICE_OVERDUE,Bank_A,E42,P020,WALLET
E11789,C0902,6389.33,SUBSCRIPTION_FAILED,Bank_A,E42,P002,WALLET
E11790,C0335,5984.71,CHECKOUT_ABANDONED,Bank_A,E42,P010,UPI
E11791,C0118,11985.3,INVOICE_OVERDUE,Bank_A,E42,P003,NETBANKING
E11792,C0087,12127.36,PAYMENT_FAILED,Bank_A,E17,P010,WALLET
E11793,C0358,3088.34,PAYMENT_FAILED,Bank_C,E17,P011,NETBANKING
E11794,C0545,1203.56,SUBSCRIPTION_FAILED,Bank_C,E17,P013,WALLET
E11795,C0077,24911.01,CHECKOUT_ABANDONED,Bank_B,E42,P006,NETBANKING
E11796,C0160,2450.44,INVOICE_OVERDUE,Bank_C,E42,P005,UPI
E11797,C0900,13313.35,PAYMENT_FAILED,Bank_D,E23,P014,WALLET
E11798,C0155,19403.1,INVOICE_OVERDUE,Bank_C,E23,P016,UPI
E11799,C0754,1271.82,SUBSCRIPTION_FAILED,Bank_D,E42,P016,CARD
E11800,C0834,9704.78,SUBSCRIPTION_FAILED,Bank_D,E17,P018,NETBANKING
E11801,C0329,20676.89,INVOICE_OVERDUE,Bank_A,E42,P007,CARD
E11802,C0090,11741.78,SUBSCRIPTION_FAILED,Bank_D,E42,P012,UPI
E11803,C0507,6385.76,CHECKOUT_ABANDONED,Bank_D,E23,P015,UPI
E11804,C0278,23224.48,PAYMENT_FAILED,Bank_A,E11,P017,UPI
E11805,C0804,736.53,CHECKOUT_ABANDONED,Bank_B,E11,P016,UPI
E11806,C0593,7681.6,SUBSCRIPTION_FAILED,Bank_C,E23,P017,CARD
E11807,C0975,20926.05,CHECKOUT_ABANDONED,Bank_D,E17,P012,NETBANKING
E11808,C0488,22894.18,PAYMENT_FAILED,Bank_C,E42,P013,CARD
E11809,C0318,7697.04,PAYMENT_FAILED,Bank_C,E42,P008,NETBANKING
E11810,C0591,15693.15,CHECKOUT_ABANDONED,Bank_A,E42,P015,WALLET
E11811,C0086,18224.62,PAYMENT_FAILED,Bank_B,E17,P012,UPI
E11812,C0602,18533.68,CHECKOUT_ABANDONED,Bank_B,E17,P011,UPI
E11813,C0346,4530.1,INVOICE_OVERDUE,Bank_A,E23,P018,CARD
E11814,C0453,14340.52,CHECKOUT_ABANDONED,Bank_A,E42,P020,CARD
E11815,C0146,16090.45,SUBSCRIPTION_FAILED,Bank_B,E23,P003,UPI
E11816,C0584,9349.99,PAYMENT_FAILED,Bank_C,E17,P003,NETBANKING
E11817,C0079,6067.6,PAYMENT_FAILED,Bank_B,E23,P011,UPI
E11818,C0170,12627.62,SUBSCRIPTION_FAILED,Bank_B,E42,P010,WALLET
E11819,C0593,8164.19,PAYMENT_FAILED,Bank_A,E42,P008,NETBANKING
E11820,C0789,12966.77,PAYMENT_FAILED,Bank_C,E42,P010,UPI
E11821,C0896,23177.54,PAYMENT_FAILED,Bank_B,E23,P004,UPI
E11822,C0983,23657.1,INVOICE_OVERDUE,Bank_D,E17,P010,WALLET
E11823,C0402,19261.05,INVOICE_OVERDUE,Bank_B,E11,P010,UPI
E11824,C0119,1483.18,PAYMENT_FAILED,Bank_B,E42,P002,UPI
E11825,C0135,9772.37,PAYMENT_FAILED,Bank_B,E11,P012,NETBANKING
E11826,C0158,23643.03,SUBSCRIPTION_FAILED,Bank_B,E11,P005,WALLET
E11827,C0968,16255.56,CHECKOUT_ABANDONED,Bank_D,E11,P013,NETBANKING
E11828,C0728,24965.54,CHECKOUT_ABANDONED,Bank_A,E42,P009,NETBANKING
E11829,C0760,7281.35,CHECKOUT_ABANDONED,Bank_B,E17,P007,NETBANKING
E11830,C0856,17840.29,PAYMENT_FAILED,Bank_A,E42,P016,NETBANKING
E11831,C0370,13335.19,INVOICE_OVERDUE,Bank_A,E23,P013,NETBANKING
E11832,C0635,19742.47,CHECKOUT_ABANDONED,Bank_A,E42,P017,CARD
E11833,C0520,19928.3,CHECKOUT_ABANDONED,Bank_C,E17,P005,CARD
E11834,C0583,22151.75,PAYMENT_FAILED,Bank_A,E42,P012,UPI
E11835,C0225,20608.54,CHECKOUT_ABANDONED,Bank_A,E42,P001,WALLET
E11836,C0630,23375.16,INVOICE_OVERDUE,Bank_A,E42,P014,NETBANKING
E11837,C0437,14580.7,INVOICE_OVERDUE,Bank_C,E11,P008,UPI
E11838,C0206,11008.17,INVOICE_OVERDUE,Bank_B,E42,P017,NETBANKING
E11839,C0347,9724.82,PAYMENT_FAILED,Bank_D,E11,P012,NETBANKING
E11840,C0312,1025.39,PAYMENT_FAILED,Bank_D,E11,P017,CARD
E11841,C0943,5805.1,INVOICE_OVERDUE,Bank_B,E23,P016,CARD
E11842,C0632,20744.55,CHECKOUT_ABANDONED,Bank_A,E11,P001,UPI
E11843,C0877,12260.15,INVOICE_OVERDUE,Bank_A,E42,P005,NETBANKING
E11844,C0676,17384.93,PAYMENT_FAILED,Bank_C,E11,P010,CARD
E11845,C0820,20447.03,CHECKOUT_ABANDONED,Bank_A,E42,P016,WALLET
E11846,C0554,23208.67,CHECKOUT_ABANDONED,Bank_D,E42,P016,WALLET
E11847,C0736,24237.9,SUBSCRIPTION_FAILED,Bank_A,E42,P006,CARD
E11848,C0387,8795.91,PAYMENT_FAILED,Bank_C,E11,P020,NETBANKING
E11849,C0459,9438.15,INVOICE_OVERDUE,Bank_D,E23,P005,UPI
E11850,C0602,11068.22,PAYMENT_FAILED,Bank_B,E23,P014,WALLET
E11851,C0186,23697.04,SUBSCRIPTION_FAILED,Bank_B,E23,P007,UPI
E11852,C0339,4215.7,INVOICE_OVERDUE,Bank_B,E42,P007,NETBANKING
E11853,C0011,14482.23,CHECKOUT_ABANDONED,Bank_C,E42,P001,WALLET
E11854,C0350,17326.03,SUBSCRIPTION_FAILED,Bank_D,E11,P005,CARD
E11855,C0295,11521.33,INVOICE_OVERDUE,Bank_A,E42,P001,UPI
E11856,C0388,17932.3,SUBSCRIPTION_FAILED,Bank_B,E42,P005,UPI
E11857,C0233,20825.33,SUBSCRIPTION_FAILED,Bank_D,E23,P001,CARD
E11858,C0010,7236.39,INVOICE_OVERDUE,Bank_B,E42,P011,UPI
E11859,C0607,19674.24,CHECKOUT_ABANDONED,Bank_D,E23,P020,UPI
E11860,C0281,11695.0,SUBSCRIPTION_FAILED,Bank_A,E42,P004,UPI
E11861,C0953,945.13,SUBSCRIPTION_FAILED,Bank_C,E23,P018,CARD
E11862,C0841,22953.05,SUBSCRIPTION_FAILED,Bank_A,E11,P010,CARD
E11863,C0020,8301.4,SUBSCRIPTION_FAILED,Bank_B,E17,P014,WALLET
E11864,C0908,19699.17,SUBSCRIPTION_FAILED,Bank_A,E23,P020,WALLET
E11865,C0924,13349.74,PAYMENT_FAILED,Bank_A,E11,P018,UPI
E11866,C0763,6754.42,INVOICE_OVERDUE,Bank_A,E23,P009,UPI
E11867,C0323,22032.8,PAYMENT_FAILED,Bank_D,E23,P020,WALLET
E11868,C0552,4327.33,PAYMENT_FAILED,Bank_A,E23,P003,WALLET
E11869,C0899,1863.76,INVOICE_OVERDUE,Bank_A,E42,P008,WALLET
E11870,C0507,23428.54,CHECKOUT_ABANDONED,Bank_C,E17,P014,CARD
E11871,C0410,9821.0,SUBSCRIPTION_FAILED,Bank_D,E11,P018,WALLET
E11872,C0147,22018.29,INVOICE_OVERDUE,Bank_D,E42,P008,WALLET
E11873,C0015,13135.78,CHECKOUT_ABANDONED,Bank_A,E17,P016,WALLET
E11874,C0659,15814.87,PAYMENT_FAILED,Bank_B,E11,P003,WALLET
E11875,C0386,20334.27,INVOICE_OVERDUE,Bank_D,E17,P013,WALLET
E11876,C0583,631.03,SUBSCRIPTION_FAILED,Bank_A,E11,P013,WALLET
E11877,C0579,19619.48,PAYMENT_FAILED,Bank_A,E11,P002,NETBANKING
E11878,C0476,11657.54,CHECKOUT_ABANDONED,Bank_C,E17,P010,WALLET
E11879,C0863,15714.53,INVOICE_OVERDUE,Bank_A,E11,P013,UPI
E11880,C0858,1998.04,CHECKOUT_ABANDONED,Bank_D,E42,P014,NETBANKING
E11881,C0579,2776.54,PAYMENT_FAILED,Bank_A,E42,P011,WALLET
E11882,C0784,13070.95,SUBSCRIPTION_FAILED,Bank_A,E17,P006,WALLET
E11883,C0974,5990.84,INVOICE_OVERDUE,Bank_C,E23,P008,NETBANKING
E11884,C0403,5063.74,PAYMENT_FAILED,Bank_B,E11,P003,CARD
E11885,C0382,23022.95,INVOICE_OVERDUE,Bank_A,E42,P006,UPI
E11886,C0038,2766.49,PAYMENT_FAILED,Bank_A,E42,P019,UPI
E11887,C0459,23490.92,CHECKOUT_ABANDONED,Bank_B,E23,P018,UPI
E11888,C0953,20416.3,INVOICE_OVERDUE,Bank_A,E17,P015,NETBANKING
E11889,C0968,1445.5,CHECKOUT_ABANDONED,Bank_A,E42,P007,CARD
E11890,C0906,5358.08,PAYMENT_FAILED,Bank_C,E11,P016,CARD
E11891,C0887,23336.29,CHECKOUT_ABANDONED,Bank_D,E42,P006,NETBANKING
E11892,C0971,21260.71,PAYMENT_FAILED,Bank_D,E42,P001,WALLET
E11893,C0149,1516.96,CHECKOUT_ABANDONED,Bank_A,E42,P012,WALLET
E11894,C0500,4695.93,CHECKOUT_ABANDONED,Bank_A,E42,P005,CARD
E11895,C0194,9448.04,INVOICE_OVERDUE,Bank_B,E11,P019,NETBANKING
E11896,C0034,21672.52,INVOICE_OVERDUE,Bank_D,E11,P017,WALLET
E11897,C0409,23089.52,PAYMENT_FAILED,Bank_B,E17,P019,WALLET
E11898,C0490,4732.55,PAYMENT_FAILED,Bank_D,E17,P014,UPI
E11899,C0783,12749.6,PAYMENT_FAILED,Bank_C,E23,P004,UPI
E11900,C0083,18519.53,PAYMENT_FAILED,Bank_A,E42,P019,CARD
E11901,C0178,22383.69,CHECKOUT_ABANDONED,Bank_C,E23,P018,CARD
E11902,C0568,3654.31,CHECKOUT_ABANDONED,Bank_C,E23,P004,CARD
E11903,C0882,14958.87,SUBSCRIPTION_FAILED,Bank_A,E23,P018,NETBANKING
E11904,C0370,3653.52,INVOICE_OVERDUE,Bank_B,E11,P011,UPI
E11905,C0598,7785.11,SUBSCRIPTION_FAILED,Bank_A,E42,P003,NETBANKING
E11906,C0654,23391.62,INVOICE_OVERDUE,Bank_D,E11,P020,UPI
E11907,C0580,8752.97,PAYMENT_FAILED,Bank_C,E11,P007,CARD
E11908,C0619,12967.32,CHECKOUT_ABANDONED,Bank_A,E11,P010,CARD
E11909,C0905,11291.74,PAYMENT_FAILED,Bank_A,E17,P006,WALLET
E11910,C0587,21707.46,SUBSCRIPTION_FAILED,Bank_C,E17,P017,NETBANKING
E11911,C0176,23103.0,INVOICE_OVERDUE,Bank_A,E11,P019,UPI
E11912,C0842,12377.2,PAYMENT_FAILED,Bank_D,E11,P016,CARD
E11913,C0749,18595.29,INVOICE_OVERDUE,Bank_A,E42,P010,WALLET
E11914,C0325,9052.17,SUBSCRIPTION_FAILED,Bank_A,E23,P006,WALLET
E11915,C0767,8692.48,PAYMENT_FAILED,Bank_B,E17,P014,CARD
E11916,C0919,20885.41,INVOICE_OVERDUE,Bank_C,E11,P002,WALLET
E11917,C0418,19177.4,INVOICE_OVERDUE,Bank_C,E11,P006,CARD
E11918,C0234,11261.15,PAYMENT_FAILED,Bank_B,E17,P008,WALLET
E11919,C0188,597.82,PAYMENT_FAILED,Bank_C,E42,P017,UPI
E11920,C0298,5744.4,CHECKOUT_ABANDONED,Bank_D,E17,P008,NETBANKING
E11921,C0426,20751.28,SUBSCRIPTION_FAILED,Bank_C,E17,P003,UPI
E11922,C0039,9194.85,INVOICE_OVERDUE,Bank_A,E11,P018,CARD
E11923,C0232,8330.96,CHECKOUT_ABANDONED,Bank_C,E17,P002,CARD
E11924,C0782,20835.0,PAYMENT_FAILED,Bank_C,E11,P011,UPI
E11925,C0012,11907.71,INVOICE_OVERDUE,Bank_B,E17,P015,WALLET
E11926,C0116,15961.9,SUBSCRIPTION_FAILED,Bank_D,E11,P008,CARD
E11927,C0372,13058.3,INVOICE_OVERDUE,Bank_D,E23,P019,WALLET
E11928,C0081,12563.31,SUBSCRIPTION_FAILED,Bank_A,E42,P011,NETBANKING
E11929,C0079,14813.98,PAYMENT_FAILED,Bank_C,E17,P006,WALLET
E11930,C0090,16047.58,CHECKOUT_ABANDONED,Bank_A,E42,P008,NETBANKING
E11931,C0330,4203.18,INVOICE_OVERDUE,Bank_D,E11,P015,WALLET
E11932,C0089,22192.74,INVOICE_OVERDUE,Bank_B,E17,P009,WALLET
E11933,C0262,5012.05,PAYMENT_FAILED,Bank_C,E42,P008,UPI
E11934,C0587,12730.97,PAYMENT_FAILED,Bank_B,E42,P008,UPI
E11935,C0874,6484.32,INVOICE_OVERDUE,Bank_C,E23,P006,NETBANKING
E11936,C0533,17189.08,PAYMENT_FAILED,Bank_C,E11,P006,UPI
E11937,C0404,6291.84,PAYMENT_FAILED,Bank_B,E17,P016,CARD
E11938,C0627,23364.0,PAYMENT_FAILED,Bank_C,E17,P013,CARD
E11939,C0319,12538.3,CHECKOUT_ABANDONED,Bank_A,E42,P005,WALLET
E11940,C0011,20149.93,SUBSCRIPTION_FAILED,Bank_D,E23,P019,NETBANKING
E11941,C0649,15734.58,PAYMENT_FAILED,Bank_A,E23,P011,UPI
E11942,C0734,11403.58,PAYMENT_FAILED,Bank_A,E42,P016,NETBANKING
E11943,C0661,7853.38,SUBSCRIPTION_FAILED,Bank_D,E11,P007,CARD
E11944,C0093,6552.71,INVOICE_OVERDUE,Bank_D,E11,P019,WALLET
E11945,C0257,20579.35,INVOICE_OVERDUE,Bank_A,E42,P006,NETBANKING
E11946,C0683,21837.2,SUBSCRIPTION_FAILED,Bank_B,E42,P005,NETBANKING
E11947,C0067,22105.65,SUBSCRIPTION_FAILED,Bank_B,E42,P011,WALLET
E11948,C0230,15319.41,CHECKOUT_ABANDONED,Bank_A,E42,P011,WALLET
E11949,C0390,23593.55,PAYMENT_FAILED,Bank_C,E11,P005,NETBANKING
E11950,C0081,19175.13,PAYMENT_FAILED,Bank_B,E42,P002,WALLET
E11951,C0067,11979.81,SUBSCRIPTION_FAILED,Bank_B,E17,P015,CARD
E11952,C0294,1810.22,INVOICE_OVERDUE,Bank_B,E42,P004,WALLET
E11953,C0252,7928.21,PAYMENT_FAILED,Bank_C,E23,P001,NETBANKING
E11954,C0315,5903.39,PAYMENT_FAILED,Bank_A,E42,P010,CARD
E11955,C0899,16559.11,CHECKOUT_ABANDONED,Bank_B,E11,P015,CARD
E11956,C0564,13657.28,INVOICE_OVERDUE,Bank_A,E42,P010,NETBANKING
E11957,C0169,18496.44,CHECKOUT_ABANDONED,Bank_A,E42,P006,NETBANKING
E11958,C0195,19960.66,PAYMENT_FAILED,Bank_A,E42,P019,WALLET
E11959,C0349,15818.89,PAYMENT_FAILED,Bank_A,E42,P017,UPI
E11960,C0112,4747.27,CHECKOUT_ABANDONED,Bank_D,E23,P006,CARD
E11961,C0149,22830.51,INVOICE_OVERDUE,Bank_A,E42,P010,NETBANKING
E11962,C0250,7796.85,SUBSCRIPTION_FAILED,Bank_C,E11,P011,NETBANKING
E11963,C0996,4106.29,CHECKOUT_ABANDONED,Bank_B,E11,P014,WALLET
E11964,C0019,11931.54,CHECKOUT_ABANDONED,Bank_B,E17,P015,NETBANKING
E11965,C0110,11930.52,CHECKOUT_ABANDONED,Bank_C,E23,P003,CARD
E11966,C0426,7913.35,CHECKOUT_ABANDONED,Bank_C,E17,P016,WALLET
E11967,C0718,6699.4,PAYMENT_FAILED,Bank_A,E42,P019,UPI
E11968,C0270,523.39,SUBSCRIPTION_FAILED,Bank_A,E17,P004,UPI
E11969,C0461,4073.76,SUBSCRIPTION_FAILED,Bank_C,E11,P014,UPI
E11970,C0764,22993.88,INVOICE_OVERDUE,Bank_C,E17,P004,CARD
E11971,C0306,11622.25,SUBSCRIPTION_FAILED,Bank_A,E42,P011,WALLET
E11972,C0072,7088.59,CHECKOUT_ABANDONED,Bank_D,E11,P006,WALLET
E11973,C0971,2764.55,CHECKOUT_ABANDONED,Bank_C,E17,P007,NETBANKING
E11974,C0674,17471.86,INVOICE_OVERDUE,Bank_B,E23,P010,NETBANKING
E11975,C0791,1030.98,CHECKOUT_ABANDONED,Bank_B,E42,P020,UPI
E11976,C0310,15272.89,SUBSCRIPTION_FAILED,Bank_A,E23,P004,CARD
E11977,C0694,21608.39,PAYMENT_FAILED,Bank_A,E42,P013,CARD
E11978,C0687,4807.18,SUBSCRIPTION_FAILED,Bank_A,E42,P007,NETBANKING
E11979,C0064,13408.35,SUBSCRIPTION_FAILED,Bank_C,E23,P003,UPI
E11980,C0802,6428.26,PAYMENT_FAILED,Bank_D,E11,P006,CARD
E11981,C0634,18483.12,PAYMENT_FAILED,Bank_A,E11,P015,UPI
E11982,C0631,21709.27,PAYMENT_FAILED,Bank_A,E42,P003,CARD
E11983,C0298,1725.56,SUBSCRIPTION_FAILED,Bank_B,E42,P011,WALLET
E11984,C0200,2463.6,INVOICE_OVERDUE,Bank_A,E42,P002,CARD
E11985,C0999,17018.37,CHECKOUT_ABANDONED,Bank_A,E11,P017,CARD
E11986,C0411,3912.57,CHECKOUT_ABANDONED,Bank_B,E17,P016,NETBANKING
E11987,C0681,5507.02,SUBSCRIPTION_FAILED,Bank_D,E17,P008,UPI
E11988,C0403,10483.62,INVOICE_OVERDUE,Bank_A,E42,P006,CARD
E11989,C0076,7990.45,SUBSCRIPTION_FAILED,Bank_D,E11,P002,CARD
E11990,C0558,8539.4,SUBSCRIPTION_FAILED,Bank_C,E17,P012,CARD
E11991,C0262,21974.94,SUBSCRIPTION_FAILED,Bank_D,E42,P012,CARD
E11992,C0672,12248.07,SUBSCRIPTION_FAILED,Bank_A,E17,P019,WALLET
E11993,C0712,10203.8,PAYMENT_FAILED,Bank_A,E42,P015,UPI
E11994,C0565,1613.46,INVOICE_OVERDUE,Bank_C,E42,P020,NETBANKING
E11995,C0799,14787.68,INVOICE_OVERDUE,Bank_B,E17,P010,UPI
E11996,C0547,8314.52,SUBSCRIPTION_FAILED,Bank_B,E42,P017,NETBANKING
E11997,C0292,18539.73,PAYMENT_FAILED,Bank_B,E11,P015,NETBANKING
E11998,C0945,11596.88,CHECKOUT_ABANDONED,Bank_A,E42,P009,WALLET
E11999,C0545,12921.6,INVOICE_OVERDUE,Bank_D,E11,P013,CARD
E12000,C0386,16831.53,CHECKOUT_ABANDONED,Bank_C,E17,P009,UPI
E12001,C0203,1909.85,SUBSCRIPTION_FAILED,Bank_A,E42,P016,WALLET
E12002,C0353,21942.81,SUBSCRIPTION_FAILED,Bank_A,E42,P013,CARD
E12003,C0316,12820.14,CHECKOUT_ABANDONED,Bank_A,E42,P014,WALLET
E12004,C0683,14257.92,SUBSCRIPTION_FAILED,Bank_A,E23,P001,UPI
E12005,C0463,6344.4,PAYMENT_FAILED,Bank_D,E42,P012,NETBANKING
E12006,C0678,3761.2,CHECKOUT_ABANDONED,Bank_A,E23,P009,CARD
E12007,C0668,8734.29,SUBSCRIPTION_FAILED,Bank_A,E11,P013,WALLET
E12008,C0579,22713.02,INVOICE_OVERDUE,Bank_A,E42,P016,CARD
E12009,C0962,14680.08,PAYMENT_FAILED,Bank_A,E17,P015,NETBANKING
E12010,C0288,8516.76,SUBSCRIPTION_FAILED,Bank_D,E11,P016,UPI
E12011,C0993,7560.99,SUBSCRIPTION_FAILED,Bank_B,E23,P017,WALLET
E12012,C0262,12696.3,CHECKOUT_ABANDONED,Bank_D,E17,P004,NETBANKING
E12013,C0181,10598.69,CHECKOUT_ABANDONED,Bank_D,E42,P017,CARD
E12014,C0819,18261.57,CHECKOUT_ABANDONED,Bank_C,E17,P004,WALLET
E12015,C0401,5871.78,PAYMENT_FAILED,Bank_C,E42,P020,UPI
E12016,C0569,870.99,CHECKOUT_ABANDONED,Bank_A,E42,P015,CARD
E12017,C0060,6446.81,PAYMENT_FAILED,Bank_A,E42,P004,CARD
E12018,C0847,5702.62,SUBSCRIPTION_FAILED,Bank_D,E42,P004,CARD
E12019,C0941,5696.49,CHECKOUT_ABANDONED,Bank_D,E42,P017,WALLET
E12020,C0488,14630.82,CHECKOUT_ABANDONED,Bank_A,E23,P019,UPI
E12021,C0728,10889.65,PAYMENT_FAILED,Bank_B,E11,P010,CARD
E12022,C0005,19284.58,CHECKOUT_ABANDONED,Bank_A,E17,P001,CARD
E12023,C0066,1849.5,INVOICE_OVERDUE,Bank_A,E23,P018,NETBANKING
E12024,C0960,18860.01,PAYMENT_FAILED,Bank_C,E11,P007,UPI
E12025,C0470,24805.02,SUBSCRIPTION_FAILED,Bank_C,E17,P017,CARD
E12026,C0419,23440.79,INVOICE_OVERDUE,Bank_D,E11,P007,NETBANKING
E12027,C0895,2930.66,SUBSCRIPTION_FAILED,Bank_A,E17,P014,CARD
E12028,C0009,9547.52,SUBSCRIPTION_FAILED,Bank_D,E11,P015,CARD
E12029,C0178,24528.39,CHECKOUT_ABANDONED,Bank_B,E42,P018,NETBANKING
E12030,C0555,5867.55,CHECKOUT_ABANDONED,Bank_C,E42,P002,WALLET
E12031,C0877,17998.97,SUBSCRIPTION_FAILED,Bank_A,E17,P016,UPI
E12032,C0534,23573.28,INVOICE_OVERDUE,Bank_A,E42,P001,CARD
E12033,C0618,21259.29,SUBSCRIPTION_FAILED,Bank_C,E23,P001,NETBANKING
E12034,C0699,21743.88,SUBSCRIPTION_FAILED,Bank_A,E42,P016,NETBANKING
E12035,C0515,23522.69,SUBSCRIPTION_FAILED,Bank_B,E17,P011,WALLET
E12036,C0028,9050.84,PAYMENT_FAILED,Bank_B,E17,P004,WALLET
E12037,C0201,14899.64,INVOICE_OVERDUE,Bank_D,E11,P017,UPI
E12038,C0976,24005.28,PAYMENT_FAILED,Bank_B,E42,P002,WALLET
E12039,C0445,11211.81,CHECKOUT_ABANDONED,Bank_D,E42,P004,WALLET
E12040,C0066,12615.51,SUBSCRIPTION_FAILED,Bank_C,E42,P014,CARD
E12041,C0838,3708.66,PAYMENT_FAILED,Bank_A,E23,P015,CARD
E12042,C0532,1558.37,INVOICE_OVERDUE,Bank_A,E17,P015,WALLET
E12043,C0030,13583.46,INVOICE_OVERDUE,Bank_B,E42,P007,NETBANKING
E12044,C0583,1474.65,PAYMENT_FAILED,Bank_A,E11,P005,UPI
E12045,C0131,11032.79,CHECKOUT_ABANDONED,Bank_A,E17,P004,NETBANKING
E12046,C0689,21642.82,CHECKOUT_ABANDONED,Bank_A,E23,P011,UPI
E12047,C0255,14788.86,INVOICE_OVERDUE,Bank_B,E23,P017,WALLET
E12048,C0274,16643.94,INVOICE_OVERDUE,Bank_D,E17,P013,WALLET
E12049,C0099,13526.57,PAYMENT_FAILED,Bank_B,E42,P005,UPI
E12050,C0145,9056.77,PAYMENT_FAILED,Bank_A,E42,P018,UPI
E12051,C0991,3941.93,CHECKOUT_ABANDONED,Bank_B,E23,P017,CARD
E12052,C0924,12060.16,CHECKOUT_ABANDONED,Bank_B,E17,P004,UPI
E12053,C0341,9996.14,INVOICE_OVERDUE,Bank_C,E11,P017,NETBANKING
E12054,C0281,21271.57,INVOICE_OVERDUE,Bank_A,E42,P011,CARD
E12055,C0611,14476.22,CHECKOUT_ABANDONED,Bank_B,E42,P016,UPI
E12056,C0484,9989.96,SUBSCRIPTION_FAILED,Bank_A,E42,P002,WALLET
E12057,C0198,22034.46,CHECKOUT_ABANDONED,Bank_B,E11,P015,NETBANKING
E12058,C0357,8310.45,CHECKOUT_ABANDONED,Bank_B,E11,P003,UPI
E12059,C0677,23305.09,CHECKOUT_ABANDONED,Bank_C,E42,P019,WALLET
E12060,C0650,22936.46,PAYMENT_FAILED,Bank_B,E42,P009,NETBANKING
E12061,C0325,23594.98,PAYMENT_FAILED,Bank_C,E42,P013,CARD
E12062,C0221,10312.3,SUBSCRIPTION_FAILED,Bank_A,E42,P011,UPI
E12063,C0355,3648.26,CHECKOUT_ABANDONED,Bank_B,E23,P012,UPI
E12064,C0933,22331.61,SUBSCRIPTION_FAILED,Bank_A,E17,P016,CARD
E12065,C0880,20275.66,SUBSCRIPTION_FAILED,Bank_D,E11,P001,UPI
E12066,C0158,2854.86,INVOICE_OVERDUE,Bank_D,E23,P014,CARD
E12067,C0816,20218.07,INVOICE_OVERDUE,Bank_A,E17,P017,UPI
E12068,C0879,12903.6,CHECKOUT_ABANDONED,Bank_B,E23,P016,NETBANKING
E12069,C0071,18801.59,PAYMENT_FAILED,Bank_A,E23,P011,UPI
E12070,C0929,11045.24,CHECKOUT_ABANDONED,Bank_C,E11,P005,UPI
E12071,C0751,3996.08,INVOICE_OVERDUE,Bank_C,E11,P019,UPI
E12072,C0815,5094.09,PAYMENT_FAILED,Bank_B,E17,P004,NETBANKING
E12073,C0954,1047.55,INVOICE_OVERDUE,Bank_A,E11,P003,NETBANKING
E12074,C0184,24244.75,CHECKOUT_ABANDONED,Bank_C,E17,P007,NETBANKING
E12075,C0187,14516.21,INVOICE_OVERDUE,Bank_D,E11,P004,NETBANKING
E12076,C0335,22711.94,PAYMENT_FAILED,Bank_C,E23,P017,NETBANKING
E12077,C0881,24659.49,PAYMENT_FAILED,Bank_A,E42,P014,WALLET
E12078,C0555,8380.98,SUBSCRIPTION_FAILED,Bank_D,E17,P007,CARD
E12079,C0075,18754.36,SUBSCRIPTION_FAILED,Bank_A,E42,P019,WALLET
E12080,C0233,23395.4,PAYMENT_FAILED,Bank_D,E23,P009,NETBANKING
E12081,C0203,9835.61,PAYMENT_FAILED,Bank_B,E23,P016,NETBANKING
E12082,C0754,14135.76,SUBSCRIPTION_FAILED,Bank_A,E11,P013,NETBANKING
E12083,C0630,1818.89,INVOICE_OVERDUE,Bank_A,E23,P001,CARD
E12084,C0086,12031.3,SUBSCRIPTION_FAILED,Bank_A,E23,P013,UPI
E12085,C0633,4680.51,PAYMENT_FAILED,Bank_A,E42,P008,CARD
E12086,C0385,24502.91,CHECKOUT_ABANDONED,Bank_D,E23,P002,CARD
E12087,C0166,9747.32,SUBSCRIPTION_FAILED,Bank_A,E42,P013,NETBANKING
E12088,C0387,3140.9,CHECKOUT_ABANDONED,Bank_C,E42,P017,WALLET
E12089,C0873,20303.19,PAYMENT_FAILED,Bank_B,E11,P011,NETBANKING
E12090,C0249,19326.71,PAYMENT_FAILED,Bank_A,E42,P018,WALLET
E12091,C0002,6234.5,SUBSCRIPTION_FAILED,Bank_C,E23,P008,WALLET
E12092,C0528,1840.06,CHECKOUT_ABANDONED,Bank_D,E42,P010,CARD
E12093,C0859,22510.77,PAYMENT_FAILED,Bank_A,E23,P015,NETBANKING
E12094,C0844,8773.22,SUBSCRIPTION_FAILED,Bank_C,E17,P011,WALLET
E12095,C0969,12920.69,SUBSCRIPTION_FAILED,Bank_C,E17,P003,NETBANKING
E12096,C0626,17521.19,CHECKOUT_ABANDONED,Bank_A,E17,P008,NETBANKING
E12097,C0590,11147.61,INVOICE_OVERDUE,Bank_A,E11,P005,UPI
E12098,C0310,2498.7,PAYMENT_FAILED,Bank_B,E23,P010,NETBANKING
E12099,C0590,17311.09,SUBSCRIPTION_FAILED,Bank_C,E17,P013,NETBANKING
E12100,C0018,13153.21,PAYMENT_FAILED,Bank_A,E23,P013,WALLET
E12101,C0415,23276.59,PAYMENT_FAILED,Bank_A,E11,P014,UPI
E12102,C0297,3306.29,SUBSCRIPTION_FAILED,Bank_A,E17,P009,WALLET
E12103,C0608,16292.73,SUBSCRIPTION_FAILED,Bank_B,E42,P004,CARD
E12104,C0303,18810.85,SUBSCRIPTION_FAILED,Bank_C,E23,P020,CARD
E12105,C0455,23699.74,CHECKOUT_ABANDONED,Bank_B,E17,P002,NETBANKING
E12106,C0665,14859.61,SUBSCRIPTION_FAILED,Bank_D,E42,P003,NETBANKING
E12107,C0437,22261.08,CHECKOUT_ABANDONED,Bank_D,E11,P004,WALLET
E12108,C0855,13884.74,SUBSCRIPTION_FAILED,Bank_C,E23,P008,UPI
E12109,C0333,16126.28,SUBSCRIPTION_FAILED,Bank_C,E11,P016,WALLET
E12110,C0165,2752.05,INVOICE_OVERDUE,Bank_B,E23,P010,CARD
E12111,C0111,3822.7,SUBSCRIPTION_FAILED,Bank_D,E11,P006,WALLET
E12112,C0676,21152.83,CHECKOUT_ABANDONED,Bank_B,E23,P011,UPI
E12113,C0862,19575.0,PAYMENT_FAILED,Bank_A,E42,P016,UPI
E12114,C0380,3895.2,PAYMENT_FAILED,Bank_B,E42,P007,NETBANKING
E12115,C0720,24829.24,SUBSCRIPTION_FAILED,Bank_D,E11,P010,UPI
E12116,C0097,13945.79,INVOICE_OVERDUE,Bank_B,E42,P014,UPI
E12117,C0650,22282.08,INVOICE_OVERDUE,Bank_A,E42,P005,NETBANKING
E12118,C0100,21860.59,SUBSCRIPTION_FAILED,Bank_A,E42,P002,NETBANKING
E12119,C0383,3664.32,CHECKOUT_ABANDONED,Bank_D,E17,P009,WALLET
E12120,C0579,14538.25,INVOICE_OVERDUE,Bank_A,E42,P002,UPI
E12121,C0123,10333.68,PAYMENT_FAILED,Bank_C,E42,P008,WALLET
E12122,C0048,612.51,SUBSCRIPTION_FAILED,Bank_D,E42,P011,WALLET
E12123,C0584,18714.54,INVOICE_OVERDUE,Bank_D,E42,P018,CARD
E12124,C0790,8345.7,CHECKOUT_ABANDONED,Bank_C,E17,P004,WALLET
E12125,C0029,15137.56,SUBSCRIPTION_FAILED,Bank_A,E42,P002,UPI
E12126,C0871,10197.96,PAYMENT_FAILED,Bank_A,E11,P019,UPI
E12127,C0646,6603.24,CHECKOUT_ABANDONED,Bank_D,E42,P005,CARD
E12128,C0167,4674.2,CHECKOUT_ABANDONED,Bank_A,E11,P007,NETBANKING
E12129,C0701,23813.27,CHECKOUT_ABANDONED,Bank_B,E11,P005,UPI
E12130,C0025,13177.69,CHECKOUT_ABANDONED,Bank_A,E42,P012,NETBANKING
E12131,C0740,8109.79,INVOICE_OVERDUE,Bank_C,E42,P011,WALLET
E12132,C0610,14837.65,CHECKOUT_ABANDONED,Bank_A,E42,P008,UPI
E12133,C0958,2907.82,CHECKOUT_ABANDONED,Bank_C,E23,P008,UPI
E12134,C0864,8739.44,SUBSCRIPTION_FAILED,Bank_B,E23,P004,WALLET
E12135,C0514,1500.85,SUBSCRIPTION_FAILED,Bank_C,E11,P014,WALLET
E12136,C0548,16689.95,CHECKOUT_ABANDONED,Bank_D,E42,P007,CARD
E12137,C0347,6510.46,SUBSCRIPTION_FAILED,Bank_A,E42,P018,NETBANKING
E12138,C0741,21862.5,PAYMENT_FAILED,Bank_A,E42,P014,UPI
E12139,C0164,18443.89,SUBSCRIPTION_FAILED,Bank_A,E42,P007,NETBANKING
E12140,C0596,8247.44,PAYMENT_FAILED,Bank_D,E42,P008,NETBANKING
E12141,C0716,16826.9,CHECKOUT_ABANDONED,Bank_A,E23,P001,NETBANKING
E12142,C0098,11200.84,SUBSCRIPTION_FAILED,Bank_B,E11,P008,CARD
E12143,C0455,17695.19,INVOICE_OVERDUE,Bank_A,E42,P002,WALLET
E12144,C0541,2482.33,CHECKOUT_ABANDONED,Bank_B,E42,P005,WALLET
E12145,C0238,4875.57,PAYMENT_FAILED,Bank_D,E42,P006,WALLET
E12146,C0573,10558.02,INVOICE_OVERDUE,Bank_A,E42,P012,NETBANKING
E12147,C0477,14623.63,CHECKOUT_ABANDONED,Bank_D,E42,P015,CARD
E12148,C0997,22260.72,PAYMENT_FAILED,Bank_C,E23,P012,CARD
E12149,C0111,20640.34,CHECKOUT_ABANDONED,Bank_C,E17,P015,NETBANKING
E12150,C0237,20988.05,INVOICE_OVERDUE,Bank_D,E42,P003,UPI
E12151,C0892,10822.55,PAYMENT_FAILED,Bank_C,E11,P014,UPI
E12152,C0789,8297.61,SUBSCRIPTION_FAILED,Bank_D,E42,P019,UPI
E12153,C0351,10223.83,PAYMENT_FAILED,Bank_A,E42,P016,CARD
E12154,C0353,2391.45,INVOICE_OVERDUE,Bank_B,E17,P009,WALLET
E12155,C0012,13966.69,PAYMENT_FAILED,Bank_B,E11,P006,NETBANKING
E12156,C0583,773.04,SUBSCRIPTION_FAILED,Bank_A,E11,P003,UPI
E12157,C0316,18133.72,CHECKOUT_ABANDONED,Bank_C,E11,P017,UPI
E12158,C0139,24660.26,INVOICE_OVERDUE,Bank_B,E11,P020,WALLET
E12159,C0138,8096.67,INVOICE_OVERDUE,Bank_A,E42,P002,WALLET
E12160,C0535,19167.27,INVOICE_OVERDUE,Bank_A,E42,P003,WALLET
E12161,C0855,5133.11,SUBSCRIPTION_FAILED,Bank_B,E42,P004,CARD
E12162,C0556,15447.66,CHECKOUT_ABANDONED,Bank_A,E42,P014,CARD
E12163,C0811,14540.2,CHECKOUT_ABANDONED,Bank_D,E23,P007,UPI
E12164,C0607,22696.71,PAYMENT_FAILED,Bank_D,E11,P011,WALLET
E12165,C0535,18463.68,CHECKOUT_ABANDONED,Bank_D,E11,P008,NETBANKING
E12166,C0771,17804.58,CHECKOUT_ABANDONED,Bank_A,E42,P001,UPI
E12167,C0785,6667.79,SUBSCRIPTION_FAILED,Bank_A,E23,P006,NETBANKING
E12168,C0705,13235.73,PAYMENT_FAILED,Bank_A,E42,P002,NETBANKING
E12169,C0395,14604.01,INVOICE_OVERDUE,Bank_A,E42,P019,CARD
E12170,C0677,13986.29,PAYMENT_FAILED,Bank_B,E23,P015,CARD
E12171,C0490,20373.34,INVOICE_OVERDUE,Bank_C,E23,P012,NETBANKING
E12172,C0481,22220.2,CHECKOUT_ABANDONED,Bank_A,E23,P006,UPI
E12173,C0551,13106.88,INVOICE_OVERDUE,Bank_A,E42,P019,WALLET
E12174,C0883,11694.64,INVOICE_OVERDUE,Bank_B,E17,P011,CARD
E12175,C0986,16548.48,CHECKOUT_ABANDONED,Bank_C,E17,P018,WALLET
E12176,C0869,10256.27,SUBSCRIPTION_FAILED,Bank_B,E23,P002,CARD
E12177,C0516,23973.06,CHECKOUT_ABANDONED,Bank_B,E17,P009,UPI
E12178,C0218,23374.94,CHECKOUT_ABANDONED,Bank_B,E42,P002,WALLET
E12179,C0865,9903.05,SUBSCRIPTION_FAILED,Bank_B,E23,P020,UPI
E12180,C0503,5138.08,INVOICE_OVERDUE,Bank_D,E23,P020,NETBANKING
E12181,C0585,15732.69,PAYMENT_FAILED,Bank_A,E17,P007,UPI
E12182,C0867,8162.72,INVOICE_OVERDUE,Bank_B,E17,P002,NETBANKING
E12183,C0747,16777.76,CHECKOUT_ABANDONED,Bank_B,E11,P017,WALLET
E12184,C0669,10436.43,CHECKOUT_ABANDONED,Bank_B,E17,P020,WALLET
E12185,C0281,2543.78,INVOICE_OVERDUE,Bank_A,E42,P018,CARD
E12186,C0571,1315.0,PAYMENT_FAILED,Bank_B,E23,P001,NETBANKING
E12187,C0694,5431.01,SUBSCRIPTION_FAILED,Bank_A,E17,P009,WALLET
E12188,C0428,11564.44,PAYMENT_FAILED,Bank_C,E42,P004,NETBANKING
E12189,C0926,23909.52,CHECKOUT_ABANDONED,Bank_B,E23,P016,NETBANKING
E12190,C0625,8427.46,PAYMENT_FAILED,Bank_A,E23,P001,UPI
E12191,C0936,14123.51,SUBSCRIPTION_FAILED,Bank_A,E17,P011,WALLET
E12192,C0553,14305.44,PAYMENT_FAILED,Bank_D,E23,P004,NETBANKING
E12193,C0249,4011.11,SUBSCRIPTION_FAILED,Bank_A,E42,P007,CARD
E12194,C0448,14393.33,INVOICE_OVERDUE,Bank_B,E17,P003,CARD
E12195,C0473,7871.94,CHECKOUT_ABANDONED,Bank_A,E42,P009,CARD
E12196,C0278,4602.73,CHECKOUT_ABANDONED,Bank_A,E17,P012,NETBANKING
E12197,C0075,22303.69,CHECKOUT_ABANDONED,Bank_D,E17,P009,NETBANKING
E12198,C0138,23938.11,SUBSCRIPTION_FAILED,Bank_B,E11,P010,CARD
E12199,C0422,10629.62,PAYMENT_FAILED,Bank_A,E42,P004,CARD
E12200,C0608,7702.4,PAYMENT_FAILED,Bank_A,E42,P006,CARD
E12201,C0639,16901.33,INVOICE_OVERDUE,Bank_A,E42,P007,CARD
E12202,C0965,19201.68,CHECKOUT_ABANDONED,Bank_C,E11,P019,WALLET
E12203,C0116,22789.92,PAYMENT_FAILED,Bank_A,E42,P009,CARD
E12204,C0655,3979.89,SUBSCRIPTION_FAILED,Bank_C,E42,P001,WALLET
E12205,C0916,10282.52,CHECKOUT_ABANDONED,Bank_A,E11,P012,CARD
E12206,C0448,9658.01,PAYMENT_FAILED,Bank_D,E42,P009,CARD
E12207,C0278,2751.54,SUBSCRIPTION_FAILED,Bank_A,E42,P017,UPI
E12208,C0699,22644.84,SUBSCRIPTION_FAILED,Bank_B,E17,P008,UPI
E12209,C0760,14884.91,CHECKOUT_ABANDONED,Bank_B,E11,P001,UPI
E12210,C0036,18469.61,INVOICE_OVERDUE,Bank_C,E42,P014,CARD
E12211,C0520,786.34,SUBSCRIPTION_FAILED,Bank_C,E11,P007,CARD
E12212,C0013,2700.39,INVOICE_OVERDUE,Bank_C,E11,P015,WALLET
E12213,C0968,4959.14,SUBSCRIPTION_FAILED,Bank_D,E11,P005,UPI
E12214,C0446,10729.03,PAYMENT_FAILED,Bank_C,E17,P020,NETBANKING
E12215,C0091,2665.93,SUBSCRIPTION_FAILED,Bank_C,E11,P008,WALLET
E12216,C0463,2907.23,PAYMENT_FAILED,Bank_A,E17,P010,WALLET
E12217,C0142,6905.78,SUBSCRIPTION_FAILED,Bank_D,E23,P014,NETBANKING
E12218,C0917,20429.69,SUBSCRIPTION_FAILED,Bank_A,E42,P018,WALLET
E12219,C0211,23401.1,SUBSCRIPTION_FAILED,Bank_C,E17,P006,NETBANKING
E12220,C0567,19569.33,PAYMENT_FAILED,Bank_A,E42,P007,WALLET
E12221,C0888,21805.54,INVOICE_OVERDUE,Bank_C,E42,P004,UPI
E12222,C0263,13156.38,PAYMENT_FAILED,Bank_A,E42,P012,WALLET
E12223,C0908,24040.53,SUBSCRIPTION_FAILED,Bank_B,E23,P013,NETBANKING
E12224,C0460,11490.79,INVOICE_OVERDUE,Bank_C,E23,P008,WALLET
E12225,C0897,8530.89,INVOICE_OVERDUE,Bank_A,E42,P006,CARD
E12226,C0480,12637.76,PAYMENT_FAILED,Bank_A,E11,P007,WALLET
E12227,C0778,2717.54,CHECKOUT_ABANDONED,Bank_D,E11,P002,CARD
E12228,C0661,17893.68,CHECKOUT_ABANDONED,Bank_C,E23,P020,UPI
E12229,C0580,10449.04,SUBSCRIPTION_FAILED,Bank_C,E11,P010,CARD
E12230,C0897,20230.48,CHECKOUT_ABANDONED,Bank_B,E23,P010,CARD
E12231,C0827,4613.24,INVOICE_OVERDUE,Bank_B,E23,P010,WALLET
E12232,C0390,18351.86,PAYMENT_FAILED,Bank_B,E23,P013,WALLET
E12233,C0566,4726.47,INVOICE_OVERDUE,Bank_A,E42,P014,UPI
E12234,C0540,13676.31,SUBSCRIPTION_FAILED,Bank_B,E23,P002,UPI
E12235,C0206,5689.02,CHECKOUT_ABANDONED,Bank_D,E11,P013,WALLET
E12236,C0915,18934.96,SUBSCRIPTION_FAILED,Bank_A,E42,P011,WALLET
E12237,C0558,18099.12,PAYMENT_FAILED,Bank_A,E23,P013,NETBANKING
E12238,C0802,10201.21,CHECKOUT_ABANDONED,Bank_A,E11,P016,UPI
E12239,C0746,8078.47,INVOICE_OVERDUE,Bank_A,E42,P010,CARD
E12240,C0216,5756.08,INVOICE_OVERDUE,Bank_C,E42,P011,CARD
E12241,C0323,17395.04,PAYMENT_FAILED,Bank_D,E23,P013,CARD
E12242,C0745,6015.45,PAYMENT_FAILED,Bank_A,E42,P002,NETBANKING
E12243,C0597,1433.02,INVOICE_OVERDUE,Bank_C,E17,P019,NETBANKING
E12244,C0153,10921.39,SUBSCRIPTION_FAILED,Bank_B,E23,P012,CARD
E12245,C0305,23622.74,PAYMENT_FAILED,Bank_A,E42,P013,WALLET
E12246,C0940,5454.43,PAYMENT_FAILED,Bank_C,E23,P011,UPI
E12247,C0027,9100.37,INVOICE_OVERDUE,Bank_D,E42,P009,UPI
E12248,C0116,22441.6,INVOICE_OVERDUE,Bank_A,E42,P008,WALLET
E12249,C0108,17800.9,CHECKOUT_ABANDONED,Bank_B,E42,P002,CARD
E12250,C0360,5260.67,PAYMENT_FAILED,Bank_A,E23,P013,NETBANKING
E12251,C0332,24752.06,SUBSCRIPTION_FAILED,Bank_D,E17,P004,WALLET
E12252,C0952,20586.8,SUBSCRIPTION_FAILED,Bank_D,E11,P017,NETBANKING
E12253,C0988,20300.63,PAYMENT_FAILED,Bank_A,E11,P003,UPI
E12254,C0504,8952.76,PAYMENT_FAILED,Bank_A,E42,P019,UPI
E12255,C0381,8796.92,INVOICE_OVERDUE,Bank_B,E42,P017,UPI
E12256,C0097,13448.03,INVOICE_OVERDUE,Bank_C,E23,P003,NETBANKING
E12257,C0768,10864.86,CHECKOUT_ABANDONED,Bank_B,E17,P020,CARD
E12258,C0512,5163.98,CHECKOUT_ABANDONED,Bank_A,E42,P004,NETBANKING
E12259,C0765,8699.94,PAYMENT_FAILED,Bank_A,E42,P016,CARD
E12260,C0957,13978.87,CHECKOUT_ABANDONED,Bank_B,E23,P012,WALLET
E12261,C0691,980.77,SUBSCRIPTION_FAILED,Bank_B,E23,P003,UPI
E12262,C0990,13978.34,PAYMENT_FAILED,Bank_A,E42,P017,NETBANKING
E12263,C0776,14439.8,INVOICE_OVERDUE,Bank_B,E42,P001,CARD
E12264,C0325,19582.19,INVOICE_OVERDUE,Bank_A,E42,P016,UPI
E12265,C0717,18286.42,SUBSCRIPTION_FAILED,Bank_D,E17,P017,NETBANKING
E12266,C0056,13239.59,SUBSCRIPTION_FAILED,Bank_D,E17,P009,NETBANKING
E12267,C0784,19941.6,CHECKOUT_ABANDONED,Bank_D,E42,P011,CARD
E12268,C0941,5241.34,CHECKOUT_ABANDONED,Bank_A,E17,P020,NETBANKING
E12269,C0400,17747.31,PAYMENT_FAILED,Bank_C,E17,P015,CARD
E12270,C0297,10544.81,INVOICE_OVERDUE,Bank_B,E17,P008,NETBANKING
E12271,C0991,14204.36,PAYMENT_FAILED,Bank_C,E17,P016,NETBANKING
E12272,C0396,19875.12,CHECKOUT_ABANDONED,Bank_D,E23,P010,NETBANKING
E12273,C0480,11404.06,CHECKOUT_ABANDONED,Bank_B,E42,P009,NETBANKING
E12274,C0522,541.94,PAYMENT_FAILED,Bank_D,E17,P017,WALLET
E12275,C0410,24004.89,SUBSCRIPTION_FAILED,Bank_A,E42,P011,WALLET
E12276,C0188,21257.16,INVOICE_OVERDUE,Bank_D,E17,P020,NETBANKING
E12277,C0510,24669.07,SUBSCRIPTION_FAILED,Bank_D,E23,P017,NETBANKING
E12278,C0853,10589.18,PAYMENT_FAILED,Bank_D,E17,P003,WALLET
E12279,C0282,19113.23,CHECKOUT_ABANDONED,Bank_C,E23,P020,UPI
E12280,C0429,11052.98,INVOICE_OVERDUE,Bank_A,E11,P005,NETBANKING
E12281,C0400,8706.92,CHECKOUT_ABANDONED,Bank_C,E11,P014,CARD
E12282,C0579,17934.9,CHECKOUT_ABANDONED,Bank_D,E17,P014,WALLET
E12283,C0787,24751.0,INVOICE_OVERDUE,Bank_D,E23,P020,UPI
E12284,C0730,14622.94,SUBSCRIPTION_FAILED,Bank_B,E23,P014,CARD
E12285,C0645,19041.81,PAYMENT_FAILED,Bank_A,E11,P005,NETBANKING
E12286,C0960,5028.61,PAYMENT_FAILED,Bank_B,E11,P007,CARD
E12287,C0434,3616.83,CHECKOUT_ABANDONED,Bank_A,E11,P009,CARD
E12288,C0731,6644.56,PAYMENT_FAILED,Bank_B,E11,P017,UPI
E12289,C0580,5989.75,PAYMENT_FAILED,Bank_B,E23,P004,WALLET
E12290,C0081,9395.33,CHECKOUT_ABANDONED,Bank_C,E23,P001,UPI
E12291,C0096,4069.04,CHECKOUT_ABANDONED,Bank_C,E23,P010,NETBANKING
E12292,C0227,22339.36,SUBSCRIPTION_FAILED,Bank_A,E23,P011,NETBANKING
E12293,C0807,24484.69,CHECKOUT_ABANDONED,Bank_C,E42,P003,WALLET
E12294,C0341,23651.07,SUBSCRIPTION_FAILED,Bank_D,E11,P003,CARD
E12295,C0824,23135.97,PAYMENT_FAILED,Bank_A,E11,P009,CARD
E12296,C0813,11120.07,CHECKOUT_ABANDONED,Bank_B,E11,P012,CARD
E12297,C0870,19240.6,PAYMENT_FAILED,Bank_D,E17,P007,CARD
E12298,C0872,24598.35,PAYMENT_FAILED,Bank_A,E17,P020,UPI
E12299,C0367,1141.18,PAYMENT_FAILED,Bank_D,E11,P013,NETBANKING
E12300,C0518,23864.2,SUBSCRIPTION_FAILED,Bank_D,E23,P015,NETBANKING
E12301,C0404,12658.9,INVOICE_OVERDUE,Bank_D,E42,P006,NETBANKING
E12302,C0441,6736.52,SUBSCRIPTION_FAILED,Bank_A,E42,P009,WALLET
E12303,C0436,20200.75,SUBSCRIPTION_FAILED,Bank_D,E17,P003,CARD
E12304,C0024,12130.03,SUBSCRIPTION_FAILED,Bank_A,E42,P008,UPI
E12305,C0307,11984.8,SUBSCRIPTION_FAILED,Bank_C,E23,P002,CARD
E12306,C0718,22366.59,INVOICE_OVERDUE,Bank_D,E11,P001,WALLET
E12307,C0698,3749.11,PAYMENT_FAILED,Bank_C,E17,P019,CARD
E12308,C0788,23876.82,SUBSCRIPTION_FAILED,Bank_C,E42,P019,UPI
E12309,C0574,1269.14,CHECKOUT_ABANDONED,Bank_B,E42,P019,CARD
E12310,C0718,3718.61,INVOICE_OVERDUE,Bank_B,E42,P015,WALLET
E12311,C0044,11131.35,PAYMENT_FAILED,Bank_D,E17,P005,UPI
E12312,C0677,16128.72,PAYMENT_FAILED,Bank_A,E42,P006,WALLET
E12313,C0287,18957.38,PAYMENT_FAILED,Bank_B,E17,P016,UPI
E12314,C0167,15483.35,SUBSCRIPTION_FAILED,Bank_B,E23,P015,CARD
E12315,C0777,1173.71,CHECKOUT_ABANDONED,Bank_D,E11,P002,NETBANKING
E12316,C0861,19541.92,INVOICE_OVERDUE,Bank_B,E11,P020,CARD
E12317,C0695,22317.69,SUBSCRIPTION_FAILED,Bank_B,E11,P012,CARD
E12318,C0745,20564.77,CHECKOUT_ABANDONED,Bank_B,E17,P010,UPI
E12319,C0320,5894.71,CHECKOUT_ABANDONED,Bank_A,E23,P011,UPI
E12320,C0578,21699.76,INVOICE_OVERDUE,Bank_B,E11,P009,WALLET
E12321,C0048,3761.35,CHECKOUT_ABANDONED,Bank_C,E11,P010,UPI
E12322,C0868,23953.54,CHECKOUT_ABANDONED,Bank_A,E42,P002,UPI
E12323,C0092,2349.25,INVOICE_OVERDUE,Bank_D,E23,P006,UPI
E12324,C0620,24908.53,SUBSCRIPTION_FAILED,Bank_A,E42,P009,UPI
E12325,C0919,14386.97,INVOICE_OVERDUE,Bank_A,E42,P014,WALLET
E12326,C0235,22851.43,PAYMENT_FAILED,Bank_A,E17,P019,NETBANKING
E12327,C0347,22543.85,PAYMENT_FAILED,Bank_D,E42,P017,UPI
E12328,C0012,20202.84,INVOICE_OVERDUE,Bank_D,E17,P015,CARD
E12329,C0347,10726.85,CHECKOUT_ABANDONED,Bank_A,E42,P010,NETBANKING
E12330,C0703,15388.19,SUBSCRIPTION_FAILED,Bank_B,E42,P012,CARD
E12331,C0795,3532.83,PAYMENT_FAILED,Bank_A,E17,P011,CARD
E12332,C0671,11203.01,INVOICE_OVERDUE,Bank_D,E17,P015,CARD
E12333,C0729,21699.39,SUBSCRIPTION_FAILED,Bank_D,E17,P006,WALLET
E12334,C0520,11885.28,SUBSCRIPTION_FAILED,Bank_B,E17,P020,NETBANKING
E12335,C0041,22053.57,CHECKOUT_ABANDONED,Bank_D,E17,P001,CARD
E12336,C0845,7887.42,CHECKOUT_ABANDONED,Bank_A,E23,P018,CARD
E12337,C0942,23182.6,SUBSCRIPTION_FAILED,Bank_D,E17,P019,NETBANKING
E12338,C0357,12634.8,INVOICE_OVERDUE,Bank_C,E42,P018,NETBANKING
E12339,C0313,7247.7,CHECKOUT_ABANDONED,Bank_D,E17,P016,UPI
E12340,C0368,5705.04,PAYMENT_FAILED,Bank_A,E42,P002,UPI
E12341,C0963,11485.2,INVOICE_OVERDUE,Bank_D,E23,P014,NETBANKING
E12342,C0878,22194.82,PAYMENT_FAILED,Bank_A,E42,P009,NETBANKING
E12343,C0143,9424.01,SUBSCRIPTION_FAILED,Bank_D,E17,P020,NETBANKING
E12344,C0241,22828.95,PAYMENT_FAILED,Bank_C,E42,P003,WALLET
E12345,C0013,16088.59,PAYMENT_FAILED,Bank_A,E42,P017,WALLET
E12346,C0502,8440.04,CHECKOUT_ABANDONED,Bank_A,E42,P002,NETBANKING
E12347,C0776,5641.63,CHECKOUT_ABANDONED,Bank_C,E42,P020,CARD
E12348,C0510,6514.02,PAYMENT_FAILED,Bank_B,E17,P010,CARD
E12349,C0050,11789.23,INVOICE_OVERDUE,Bank_A,E42,P009,CARD
E12350,C0158,7079.48,INVOICE_OVERDUE,Bank_B,E17,P011,UPI
E12351,C0843,10007.3,SUBSCRIPTION_FAILED,Bank_A,E42,P002,CARD
E12352,C0017,18714.63,SUBSCRIPTION_FAILED,Bank_C,E11,P011,NETBANKING
E12353,C0071,1941.15,SUBSCRIPTION_FAILED,Bank_C,E11,P018,WALLET
E12354,C0020,14795.04,CHECKOUT_ABANDONED,Bank_B,E23,P005,NETBANKING
E12355,C0244,5811.12,INVOICE_OVERDUE,Bank_C,E23,P012,UPI
E12356,C0372,4717.78,SUBSCRIPTION_FAILED,Bank_B,E23,P003,CARD
E12357,C0306,11562.01,INVOICE_OVERDUE,Bank_C,E11,P002,UPI
E12358,C0803,17426.44,SUBSCRIPTION_FAILED,Bank_A,E23,P006,WALLET
E12359,C0184,7899.51,INVOICE_OVERDUE,Bank_C,E23,P019,UPI
E12360,C0410,3167.38,PAYMENT_FAILED,Bank_D,E17,P018,UPI
E12361,C0709,5677.39,INVOICE_OVERDUE,Bank_B,E11,P006,WALLET
E12362,C0859,15332.69,PAYMENT_FAILED,Bank_A,E42,P013,CARD
E12363,C0258,1616.03,SUBSCRIPTION_FAILED,Bank_D,E11,P001,WALLET
E12364,C0394,7877.74,PAYMENT_FAILED,Bank_A,E17,P012,WALLET
E12365,C0588,19738.16,PAYMENT_FAILED,Bank_D,E23,P015,NETBANKING
E12366,C0916,8309.09,CHECKOUT_ABANDONED,Bank_A,E17,P015,WALLET
E12367,C0369,9676.03,PAYMENT_FAILED,Bank_A,E17,P009,CARD
E12368,C0389,19935.43,PAYMENT_FAILED,Bank_A,E42,P002,CARD
E12369,C0224,11011.7,PAYMENT_FAILED,Bank_A,E42,P009,NETBANKING
E12370,C0928,9033.36,SUBSCRIPTION_FAILED,Bank_D,E23,P002,NETBANKING
E12371,C0680,24682.06,CHECKOUT_ABANDONED,Bank_B,E17,P007,CARD
E12372,C0198,2338.33,SUBSCRIPTION_FAILED,Bank_B,E11,P002,CARD
E12373,C0563,22114.39,SUBSCRIPTION_FAILED,Bank_A,E42,P016,NETBANKING
E12374,C0277,4585.36,SUBSCRIPTION_FAILED,Bank_A,E42,P004,UPI
E12375,C0906,1610.09,INVOICE_OVERDUE,Bank_C,E17,P004,UPI
E12376,C0689,24186.53,PAYMENT_FAILED,Bank_D,E42,P016,WALLET
E12377,C0309,22099.4,SUBSCRIPTION_FAILED,Bank_A,E42,P007,WALLET
E12378,C0413,2803.45,SUBSCRIPTION_FAILED,Bank_B,E11,P005,CARD
E12379,C0921,667.28,SUBSCRIPTION_FAILED,Bank_A,E23,P006,NETBANKING
E12380,C0770,8412.9,CHECKOUT_ABANDONED,Bank_A,E42,P004,CARD
E12381,C0550,19508.26,PAYMENT_FAILED,Bank_A,E42,P018,CARD
E12382,C0612,12174.49,PAYMENT_FAILED,Bank_A,E42,P002,NETBANKING
E12383,C0045,4387.98,PAYMENT_FAILED,Bank_B,E17,P012,CARD
E12384,C0452,9058.67,CHECKOUT_ABANDONED,Bank_A,E42,P003,CARD
E12385,C0884,15887.42,CHECKOUT_ABANDONED,Bank_A,E42,P011,CARD
E12386,C0126,10414.34,INVOICE_OVERDUE,Bank_A,E42,P006,NETBANKING
E12387,C0446,11579.08,INVOICE_OVERDUE,Bank_C,E17,P017,UPI
E12388,C0095,23964.77,SUBSCRIPTION_FAILED,Bank_C,E23,P016,WALLET
E12389,C0626,15890.31,INVOICE_OVERDUE,Bank_A,E42,P009,UPI
E12390,C0023,19102.43,SUBSCRIPTION_FAILED,Bank_A,E11,P014,NETBANKING
E12391,C0069,19520.47,PAYMENT_FAILED,Bank_B,E42,P012,WALLET
E12392,C0606,20121.84,PAYMENT_FAILED,Bank_C,E17,P006,NETBANKING
E12393,C0056,17087.97,CHECKOUT_ABANDONED,Bank_C,E23,P014,UPI
E12394,C0788,17709.34,INVOICE_OVERDUE,Bank_A,E42,P003,UPI
E12395,C0892,4843.52,SUBSCRIPTION_FAILED,Bank_D,E17,P012,WALLET
E12396,C0187,24705.55,CHECKOUT_ABANDONED,Bank_A,E17,P005,UPI
E12397,C0952,6185.14,CHECKOUT_ABANDONED,Bank_A,E42,P006,WALLET
E12398,C0327,6860.9,SUBSCRIPTION_FAILED,Bank_D,E17,P006,NETBANKING
E12399,C0663,4146.07,PAYMENT_FAILED,Bank_C,E11,P010,WALLET
E12400,C0477,22202.67,PAYMENT_FAILED,Bank_A,E11,P017,WALLET
E12401,C0289,3185.28,PAYMENT_FAILED,Bank_A,E23,P001,CARD
E12402,C0425,8818.16,CHECKOUT_ABANDONED,Bank_D,E42,P008,CARD
E12403,C0910,24279.05,SUBSCRIPTION_FAILED,Bank_A,E42,P002,CARD
E12404,C0199,5407.39,INVOICE_OVERDUE,Bank_B,E11,P014,WALLET
E12405,C0679,15939.87,SUBSCRIPTION_FAILED,Bank_A,E11,P007,WALLET
E12406,C0666,18904.04,INVOICE_OVERDUE,Bank_C,E17,P001,WALLET
E12407,C0179,22544.14,INVOICE_OVERDUE,Bank_A,E11,P001,CARD
E12408,C0196,827.7,CHECKOUT_ABANDONED,Bank_A,E23,P003,CARD
E12409,C0078,12324.05,INVOICE_OVERDUE,Bank_D,E23,P003,NETBANKING
E12410,C0122,11495.82,PAYMENT_FAILED,Bank_A,E11,P019,WALLET
E12411,C0770,17227.81,INVOICE_OVERDUE,Bank_C,E23,P007,NETBANKING
E12412,C0812,16734.7,PAYMENT_FAILED,Bank_D,E17,P013,UPI
E12413,C0658,18492.79,CHECKOUT_ABANDONED,Bank_C,E42,P014,NETBANKING
E12414,C0290,14572.68,INVOICE_OVERDUE,Bank_B,E23,P008,NETBANKING
E12415,C0522,20271.48,PAYMENT_FAILED,Bank_D,E42,P010,CARD
E12416,C0012,15522.76,INVOICE_OVERDUE,Bank_B,E11,P015,UPI
E12417,C0629,15773.77,CHECKOUT_ABANDONED,Bank_A,E42,P015,UPI
E12418,C0704,22331.03,CHECKOUT_ABANDONED,Bank_B,E17,P011,WALLET
E12419,C0699,14564.34,CHECKOUT_ABANDONED,Bank_D,E23,P009,NETBANKING
E12420,C0939,23056.33,PAYMENT_FAILED,Bank_B,E17,P014,WALLET
E12421,C0699,4129.04,INVOICE_OVERDUE,Bank_B,E42,P011,CARD
E12422,C0741,11300.32,SUBSCRIPTION_FAILED,Bank_B,E23,P002,CARD
E12423,C0324,13392.14,PAYMENT_FAILED,Bank_D,E11,P005,WALLET
E12424,C0758,8615.96,PAYMENT_FAILED,Bank_A,E17,P008,UPI
E12425,C0479,22722.42,PAYMENT_FAILED,Bank_B,E42,P001,WALLET
E12426,C0230,13684.54,INVOICE_OVERDUE,Bank_A,E42,P020,WALLET
E12427,C0802,2471.37,SUBSCRIPTION_FAILED,Bank_B,E42,P009,WALLET
E12428,C0988,24866.41,CHECKOUT_ABANDONED,Bank_A,E42,P002,CARD
E12429,C0631,17143.78,PAYMENT_FAILED,Bank_D,E11,P012,CARD
E12430,C0106,1669.92,INVOICE_OVERDUE,Bank_B,E42,P006,UPI
E12431,C0510,22757.51,INVOICE_OVERDUE,Bank_A,E42,P007,WALLET
E12432,C0578,8259.92,PAYMENT_FAILED,Bank_C,E11,P015,WALLET
E12433,C0043,4103.92,PAYMENT_FAILED,Bank_A,E42,P013,CARD
E12434,C0086,23756.66,INVOICE_OVERDUE,Bank_B,E11,P016,UPI
E12435,C0369,18671.66,PAYMENT_FAILED,Bank_D,E17,P015,WALLET
E12436,C0607,7174.6,CHECKOUT_ABANDONED,Bank_D,E42,P011,NETBANKING
E12437,C0049,4996.37,INVOICE_OVERDUE,Bank_D,E11,P008,WALLET
E12438,C0101,5124.17,SUBSCRIPTION_FAILED,Bank_A,E42,P005,CARD
E12439,C0251,15833.51,INVOICE_OVERDUE,Bank_D,E17,P013,UPI
E12440,C0413,3004.1,INVOICE_OVERDUE,Bank_A,E42,P018,WALLET
E12441,C0694,13497.94,CHECKOUT_ABANDONED,Bank_C,E23,P004,WALLET
E12442,C0779,5751.21,PAYMENT_FAILED,Bank_C,E23,P018,WALLET
E12443,C0814,2153.9,SUBSCRIPTION_FAILED,Bank_C,E42,P019,WALLET
E12444,C0970,13455.72,INVOICE_OVERDUE,Bank_C,E11,P002,WALLET
E12445,C0172,20624.2,SUBSCRIPTION_FAILED,Bank_B,E17,P013,CARD
E12446,C0823,24606.63,PAYMENT_FAILED,Bank_D,E23,P013,WALLET
E12447,C0045,20027.85,CHECKOUT_ABANDONED,Bank_A,E42,P001,UPI
E12448,C0761,20501.86,CHECKOUT_ABANDONED,Bank_D,E17,P017,CARD
E12449,C0481,21826.96,SUBSCRIPTION_FAILED,Bank_A,E42,P009,UPI
E12450,C0797,22564.93,SUBSCRIPTION_FAILED,Bank_B,E11,P011,WALLET
E12451,C0854,15748.61,CHECKOUT_ABANDONED,Bank_C,E17,P018,WALLET
E12452,C0369,20296.98,SUBSCRIPTION_FAILED,Bank_B,E42,P007,UPI
E12453,C0269,17288.27,SUBSCRIPTION_FAILED,Bank_D,E42,P008,NETBANKING
E12454,C0584,887.69,INVOICE_OVERDUE,Bank_C,E11,P004,CARD
E12455,C0113,7277.22,INVOICE_OVERDUE,Bank_A,E42,P012,UPI
E12456,C0665,17379.75,CHECKOUT_ABANDONED,Bank_A,E42,P014,NETBANKING
E12457,C0019,15538.0,INVOICE_OVERDUE,Bank_B,E23,P020,NETBANKING
E12458,C0600,24732.97,CHECKOUT_ABANDONED,Bank_A,E42,P012,WALLET
E12459,C0307,19137.39,PAYMENT_FAILED,Bank_B,E17,P013,NETBANKING
E12460,C0705,1778.27,INVOICE_OVERDUE,Bank_A,E42,P013,CARD
E12461,C0289,5562.27,PAYMENT_FAILED,Bank_A,E42,P009,NETBANKING
E12462,C0845,16340.93,PAYMENT_FAILED,Bank_C,E42,P004,UPI
E12463,C0494,24212.01,CHECKOUT_ABANDONED,Bank_D,E23,P017,NETBANKING
E12464,C0867,21113.37,INVOICE_OVERDUE,Bank_A,E42,P015,WALLET
E12465,C0813,5900.59,CHECKOUT_ABANDONED,Bank_C,E11,P012,WALLET
E12466,C0432,16270.17,PAYMENT_FAILED,Bank_C,E17,P008,WALLET
E12467,C0267,9380.41,CHECKOUT_ABANDONED,Bank_C,E42,P010,NETBANKING
E12468,C0690,12293.53,INVOICE_OVERDUE,Bank_A,E42,P019,UPI
E12469,C0797,22532.99,CHECKOUT_ABANDONED,Bank_C,E23,P018,CARD
E12470,C0211,22667.41,SUBSCRIPTION_FAILED,Bank_D,E23,P018,NETBANKING
E12471,C0275,11645.39,CHECKOUT_ABANDONED,Bank_D,E17,P007,CARD
E12472,C0395,7716.65,PAYMENT_FAILED,Bank_A,E42,P020,CARD
E12473,C0925,8511.4,SUBSCRIPTION_FAILED,Bank_A,E42,P004,CARD
E12474,C0245,6161.61,CHECKOUT_ABANDONED,Bank_B,E42,P007,CARD
E12475,C0939,14527.47,CHECKOUT_ABANDONED,Bank_A,E23,P019,WALLET
E12476,C0575,648.03,SUBSCRIPTION_FAILED,Bank_B,E42,P015,CARD
E12477,C0207,17407.72,INVOICE_OVERDUE,Bank_A,E42,P011,WALLET
E12478,C0312,1580.52,INVOICE_OVERDUE,Bank_A,E11,P013,WALLET
E12479,C0820,745.7,SUBSCRIPTION_FAILED,Bank_A,E42,P018,NETBANKING
E12480,C0184,6853.82,PAYMENT_FAILED,Bank_D,E42,P006,CARD
E12481,C0766,20076.34,SUBSCRIPTION_FAILED,Bank_A,E17,P008,UPI
E12482,C0534,13652.33,CHECKOUT_ABANDONED,Bank_C,E11,P008,CARD
E12483,C0499,6920.45,CHECKOUT_ABANDONED,Bank_A,E42,P010,WALLET
E12484,C0136,24079.13,CHECKOUT_ABANDONED,Bank_A,E17,P007,WALLET
E12485,C0863,13481.08,SUBSCRIPTION_FAILED,Bank_A,E42,P013,UPI
E12486,C0638,18224.99,SUBSCRIPTION_FAILED,Bank_A,E42,P009,WALLET
E12487,C0848,19377.32,INVOICE_OVERDUE,Bank_B,E42,P017,UPI
E12488,C0427,14062.13,SUBSCRIPTION_FAILED,Bank_B,E17,P011,UPI
E12489,C0289,24973.49,CHECKOUT_ABANDONED,Bank_C,E17,P008,UPI
E12490,C0458,9755.74,SUBSCRIPTION_FAILED,Bank_D,E42,P008,CARD
E12491,C0852,638.6,PAYMENT_FAILED,Bank_D,E11,P013,UPI
E12492,C0871,19464.52,PAYMENT_FAILED,Bank_D,E23,P008,NETBANKING
E12493,C0548,10282.97,PAYMENT_FAILED,Bank_C,E23,P005,WALLET
E12494,C0602,3466.7,SUBSCRIPTION_FAILED,Bank_B,E11,P011,WALLET
E12495,C0606,19566.5,INVOICE_OVERDUE,Bank_A,E42,P014,NETBANKING
E12496,C0323,21025.07,INVOICE_OVERDUE,Bank_D,E23,P016,WALLET
E12497,C0877,1886.03,CHECKOUT_ABANDONED,Bank_A,E17,P010,CARD
E12498,C0745,19984.17,SUBSCRIPTION_FAILED,Bank_B,E17,P015,WALLET
E12499,C0564,20264.78,SUBSCRIPTION_FAILED,Bank_A,E42,P004,CARD
E12500,C0108,9663.06,INVOICE_OVERDUE,Bank_A,E42,P009,NETBANKING
E12501,C0158,23129.55,SUBSCRIPTION_FAILED,Bank_A,E17,P002,UPI
E12502,C0660,8057.0,CHECKOUT_ABANDONED,Bank_D,E17,P019,WALLET
E12503,C0268,24312.45,PAYMENT_FAILED,Bank_D,E42,P010,UPI
E12504,C0522,14621.71,CHECKOUT_ABANDONED,Bank_C,E23,P005,NETBANKING
E12505,C0183,13788.72,SUBSCRIPTION_FAILED,Bank_C,E42,P020,WALLET
E12506,C0653,10036.95,INVOICE_OVERDUE,Bank_C,E17,P013,UPI
E12507,C0986,18917.97,SUBSCRIPTION_FAILED,Bank_A,E42,P017,NETBANKING
E12508,C0048,15832.19,SUBSCRIPTION_FAILED,Bank_A,E11,P020,CARD
E12509,C0541,8876.11,CHECKOUT_ABANDONED,Bank_A,E11,P004,WALLET
E12510,C0620,8356.03,CHECKOUT_ABANDONED,Bank_A,E42,P012,UPI
E12511,C0252,15953.32,SUBSCRIPTION_FAILED,Bank_A,E42,P002,WALLET
E12512,C0708,4994.71,PAYMENT_FAILED,Bank_D,E23,P008,UPI
E12513,C0190,5154.6,SUBSCRIPTION_FAILED,Bank_C,E42,P003,NETBANKING
E12514,C0716,24371.33,PAYMENT_FAILED,Bank_D,E11,P013,WALLET
E12515,C0980,23240.9,CHECKOUT_ABANDONED,Bank_B,E11,P006,UPI
E12516,C0386,12442.98,INVOICE_OVERDUE,Bank_A,E42,P003,WALLET
E12517,C0824,5877.66,PAYMENT_FAILED,Bank_B,E23,P015,UPI
E12518,C0889,9191.53,CHECKOUT_ABANDONED,Bank_A,E42,P007,NETBANKING
E12519,C0651,5453.44,INVOICE_OVERDUE,Bank_B,E23,P016,NETBANKING
E12520,C0736,4903.84,INVOICE_OVERDUE,Bank_A,E17,P011,WALLET
E12521,C0681,8842.85,SUBSCRIPTION_FAILED,Bank_A,E11,P001,WALLET
E12522,C0399,14532.19,PAYMENT_FAILED,Bank_D,E11,P009,UPI
E12523,C0193,14334.1,SUBSCRIPTION_FAILED,Bank_B,E11,P019,WALLET
E12524,C0620,22303.67,PAYMENT_FAILED,Bank_A,E42,P016,WALLET
E12525,C0531,19822.82,CHECKOUT_ABANDONED,Bank_A,E42,P020,UPI
E12526,C0335,4408.88,INVOICE_OVERDUE,Bank_D,E11,P001,UPI
E12527,C0063,3379.34,INVOICE_OVERDUE,Bank_D,E11,P004,UPI
E12528,C0962,20589.91,INVOICE_OVERDUE,Bank_D,E23,P012,NETBANKING
E12529,C0188,22356.26,PAYMENT_FAILED,Bank_C,E42,P008,UPI
E12530,C0675,16583.5,CHECKOUT_ABANDONED,Bank_C,E17,P008,NETBANKING
E12531,C0572,11608.72,INVOICE_OVERDUE,Bank_A,E42,P014,UPI
E12532,C0073,12583.63,PAYMENT_FAILED,Bank_B,E11,P009,WALLET
E12533,C0893,1783.22,SUBSCRIPTION_FAILED,Bank_D,E17,P008,NETBANKING
E12534,C0430,12206.15,SUBSCRIPTION_FAILED,Bank_C,E11,P017,CARD
E12535,C0483,24585.09,INVOICE_OVERDUE,Bank_D,E42,P013,WALLET
E12536,C0033,2529.21,PAYMENT_FAILED,Bank_C,E11,P020,CARD
E12537,C0732,1548.93,INVOICE_OVERDUE,Bank_A,E17,P015,CARD
E12538,C0337,11391.31,CHECKOUT_ABANDONED,Bank_C,E42,P003,NETBANKING
E12539,C0860,15261.48,CHECKOUT_ABANDONED,Bank_A,E42,P006,CARD
E12540,C0171,2689.17,SUBSCRIPTION_FAILED,Bank_C,E23,P016,UPI
E12541,C0560,7779.7,CHECKOUT_ABANDONED,Bank_C,E23,P008,WALLET
E12542,C0249,16114.85,INVOICE_OVERDUE,Bank_C,E42,P015,CARD
E12543,C0163,10840.43,PAYMENT_FAILED,Bank_D,E42,P014,CARD
E12544,C0025,7326.73,CHECKOUT_ABANDONED,Bank_D,E23,P020,NETBANKING
E12545,C0132,23454.11,CHECKOUT_ABANDONED,Bank_D,E17,P012,NETBANKING
E12546,C0575,16425.5,SUBSCRIPTION_FAILED,Bank_C,E11,P006,WALLET
E12547,C0396,21291.74,SUBSCRIPTION_FAILED,Bank_A,E42,P019,CARD
E12548,C0216,17399.09,SUBSCRIPTION_FAILED,Bank_D,E11,P006,NETBANKING
E12549,C0529,9678.33,SUBSCRIPTION_FAILED,Bank_C,E42,P006,WALLET
E12550,C0290,12088.36,INVOICE_OVERDUE,Bank_D,E11,P008,CARD
E12551,C0473,22833.1,SUBSCRIPTION_FAILED,Bank_C,E42,P009,WALLET
E12552,C0198,20549.42,SUBSCRIPTION_FAILED,Bank_B,E11,P017,UPI
E12553,C0990,17592.2,INVOICE_OVERDUE,Bank_C,E11,P003,CARD
E12554,C0186,7669.45,CHECKOUT_ABANDONED,Bank_A,E42,P001,WALLET
E12555,C0579,24318.42,CHECKOUT_ABANDONED,Bank_B,E42,P015,WALLET
E12556,C0450,3323.91,CHECKOUT_ABANDONED,Bank_A,E23,P003,NETBANKING
E12557,C0033,3673.68,INVOICE_OVERDUE,Bank_A,E42,P001,NETBANKING
E12558,C0122,1606.56,CHECKOUT_ABANDONED,Bank_A,E42,P008,UPI
E12559,C0191,8199.95,PAYMENT_FAILED,Bank_B,E42,P001,WALLET
E12560,C0679,16217.97,INVOICE_OVERDUE,Bank_B,E17,P017,NETBANKING
E12561,C0659,17885.88,INVOICE_OVERDUE,Bank_A,E11,P017,WALLET
E12562,C0804,21451.09,INVOICE_OVERDUE,Bank_D,E11,P006,CARD
E12563,C0085,13669.24,PAYMENT_FAILED,Bank_B,E23,P018,UPI
E12564,C0911,1236.93,PAYMENT_FAILED,Bank_A,E23,P017,CARD
E12565,C0902,23652.65,INVOICE_OVERDUE,Bank_D,E42,P020,WALLET
E12566,C0433,6040.76,SUBSCRIPTION_FAILED,Bank_A,E42,P003,NETBANKING
E12567,C0143,22170.93,PAYMENT_FAILED,Bank_C,E11,P020,WALLET
E12568,C0764,21041.85,PAYMENT_FAILED,Bank_A,E42,P019,WALLET
E12569,C0062,14436.44,SUBSCRIPTION_FAILED,Bank_D,E11,P012,WALLET
E12570,C0150,11247.39,PAYMENT_FAILED,Bank_A,E42,P018,UPI
E12571,C0256,4331.12,PAYMENT_FAILED,Bank_A,E42,P002,NETBANKING
E12572,C0715,17538.88,SUBSCRIPTION_FAILED,Bank_A,E11,P004,UPI
E12573,C0383,17760.11,PAYMENT_FAILED,Bank_A,E42,P010,CARD
E12574,C0544,22952.73,SUBSCRIPTION_FAILED,Bank_B,E11,P011,CARD
E12575,C0094,22420.96,CHECKOUT_ABANDONED,Bank_D,E11,P012,NETBANKING
E12576,C0320,1212.4,INVOICE_OVERDUE,Bank_A,E11,P016,WALLET
E12577,C0995,9054.27,CHECKOUT_ABANDONED,Bank_B,E23,P019,CARD
E12578,C0912,4320.97,SUBSCRIPTION_FAILED,Bank_A,E42,P016,NETBANKING
E12579,C0303,18974.49,PAYMENT_FAILED,Bank_A,E42,P014,CARD
E12580,C0146,751.32,INVOICE_OVERDUE,Bank_A,E42,P012,UPI
E12581,C0840,14780.43,INVOICE_OVERDUE,Bank_A,E42,P001,CARD
E12582,C0986,15452.56,PAYMENT_FAILED,Bank_C,E11,P018,CARD
E12583,C0958,1355.79,SUBSCRIPTION_FAILED,Bank_A,E42,P013,CARD
E12584,C0060,19273.45,SUBSCRIPTION_FAILED,Bank_A,E42,P004,WALLET
E12585,C0899,20598.7,CHECKOUT_ABANDONED,Bank_B,E42,P010,UPI
E12586,C0193,12824.53,SUBSCRIPTION_FAILED,Bank_D,E17,P008,CARD
E12587,C0312,2477.82,SUBSCRIPTION_FAILED,Bank_C,E17,P015,WALLET
E12588,C0711,17482.09,INVOICE_OVERDUE,Bank_A,E11,P012,WALLET
E12589,C0806,15215.31,SUBSCRIPTION_FAILED,Bank_C,E42,P020,NETBANKING
E12590,C0740,20500.27,CHECKOUT_ABANDONED,Bank_A,E17,P018,NETBANKING
E12591,C0429,6186.92,SUBSCRIPTION_FAILED,Bank_B,E11,P020,CARD
E12592,C0790,21106.06,INVOICE_OVERDUE,Bank_B,E23,P005,CARD
E12593,C0740,18521.47,CHECKOUT_ABANDONED,Bank_A,E42,P013,CARD
E12594,C0332,8736.18,PAYMENT_FAILED,Bank_B,E17,P015,UPI
E12595,C0371,12041.29,PAYMENT_FAILED,Bank_B,E42,P002,WALLET
E12596,C0214,22201.51,PAYMENT_FAILED,Bank_C,E17,P010,CARD
E12597,C0337,830.77,CHECKOUT_ABANDONED,Bank_A,E11,P003,NETBANKING
E12598,C0529,14775.75,CHECKOUT_ABANDONED,Bank_A,E42,P007,WALLET
E12599,C0429,12643.83,SUBSCRIPTION_FAILED,Bank_C,E17,P007,UPI
E12600,C0699,13530.52,PAYMENT_FAILED,Bank_A,E42,P002,UPI
E12601,C0435,1006.5,INVOICE_OVERDUE,Bank_B,E17,P008,UPI
E12602,C0235,6508.48,SUBSCRIPTION_FAILED,Bank_C,E42,P020,CARD
E12603,C0867,9193.32,SUBSCRIPTION_FAILED,Bank_A,E23,P011,NETBANKING
E12604,C0995,6945.25,PAYMENT_FAILED,Bank_C,E42,P012,NETBANKING
E12605,C0626,22277.86,CHECKOUT_ABANDONED,Bank_A,E42,P019,CARD
E12606,C0672,13544.45,CHECKOUT_ABANDONED,Bank_D,E23,P012,UPI
E12607,C0264,1894.65,INVOICE_OVERDUE,Bank_C,E42,P005,NETBANKING
E12608,C0463,5808.21,PAYMENT_FAILED,Bank_B,E42,P006,CARD
E12609,C0359,6505.93,PAYMENT_FAILED,Bank_A,E11,P002,UPI
E12610,C0203,20463.26,INVOICE_OVERDUE,Bank_B,E17,P018,UPI
E12611,C0517,4903.09,SUBSCRIPTION_FAILED,Bank_D,E23,P012,CARD
E12612,C0761,15466.39,CHECKOUT_ABANDONED,Bank_A,E42,P010,WALLET
E12613,C0030,24716.92,PAYMENT_FAILED,Bank_A,E42,P017,WALLET
E12614,C0611,14144.34,PAYMENT_FAILED,Bank_C,E11,P002,WALLET
E12615,C0994,22885.86,CHECKOUT_ABANDONED,Bank_B,E23,P013,CARD
E12616,C0501,6578.08,INVOICE_OVERDUE,Bank_D,E17,P016,CARD
E12617,C0039,20260.79,INVOICE_OVERDUE,Bank_A,E42,P012,CARD
E12618,C0452,6622.79,CHECKOUT_ABANDONED,Bank_C,E11,P011,UPI
E12619,C0717,14756.85,PAYMENT_FAILED,Bank_A,E42,P008,CARD
E12620,C0619,11133.38,INVOICE_OVERDUE,Bank_D,E42,P020,WALLET
E12621,C0581,6274.96,INVOICE_OVERDUE,Bank_A,E17,P010,UPI
E12622,C0450,24487.53,INVOICE_OVERDUE,Bank_A,E23,P004,WALLET
E12623,C0268,14390.76,SUBSCRIPTION_FAILED,Bank_A,E23,P012,CARD
E12624,C0121,823.79,INVOICE_OVERDUE,Bank_A,E42,P016,WALLET
E12625,C0045,18379.4,PAYMENT_FAILED,Bank_D,E23,P012,NETBANKING
E12626,C0873,3080.64,CHECKOUT_ABANDONED,Bank_A,E42,P005,WALLET
E12627,C0855,4720.21,CHECKOUT_ABANDONED,Bank_A,E42,P014,NETBANKING
E12628,C0207,9147.86,SUBSCRIPTION_FAILED,Bank_D,E42,P016,UPI
E12629,C0070,24562.63,PAYMENT_FAILED,Bank_A,E11,P010,CARD
E12630,C0764,5843.64,SUBSCRIPTION_FAILED,Bank_C,E23,P007,UPI
E12631,C0254,23160.08,PAYMENT_FAILED,Bank_A,E23,P002,CARD
E12632,C0833,23376.03,INVOICE_OVERDUE,Bank_C,E17,P019,NETBANKING
E12633,C0798,5563.13,SUBSCRIPTION_FAILED,Bank_D,E42,P015,UPI
E12634,C0455,18944.5,CHECKOUT_ABANDONED,Bank_A,E11,P006,UPI
E12635,C0849,20337.69,PAYMENT_FAILED,Bank_A,E42,P002,NETBANKING
E12636,C0655,8159.93,CHECKOUT_ABANDONED,Bank_A,E42,P012,NETBANKING
E12637,C0120,12230.71,PAYMENT_FAILED,Bank_A,E23,P016,WALLET
E12638,C0869,17694.13,SUBSCRIPTION_FAILED,Bank_C,E17,P009,CARD
E12639,C0905,16039.36,CHECKOUT_ABANDONED,Bank_B,E42,P004,CARD
E12640,C0197,5956.84,INVOICE_OVERDUE,Bank_C,E23,P003,NETBANKING
E12641,C0524,13331.42,SUBSCRIPTION_FAILED,Bank_C,E11,P020,WALLET
E12642,C0488,1770.6,CHECKOUT_ABANDONED,Bank_D,E11,P004,CARD
E12643,C0393,21580.38,PAYMENT_FAILED,Bank_A,E42,P004,UPI
E12644,C0331,24439.04,SUBSCRIPTION_FAILED,Bank_B,E11,P004,NETBANKING
E12645,C0167,1229.34,CHECKOUT_ABANDONED,Bank_C,E11,P003,NETBANKING
E12646,C0031,12488.01,PAYMENT_FAILED,Bank_B,E17,P017,NETBANKING
E12647,C0972,3981.42,PAYMENT_FAILED,Bank_C,E23,P020,WALLET
E12648,C0816,5185.96,INVOICE_OVERDUE,Bank_B,E11,P016,NETBANKING
E12649,C0393,3740.48,PAYMENT_FAILED,Bank_A,E42,P010,UPI
E12650,C0622,10298.27,INVOICE_OVERDUE,Bank_A,E17,P011,WALLET
E12651,C0199,10424.02,PAYMENT_FAILED,Bank_D,E23,P014,UPI
E12652,C0121,5078.88,SUBSCRIPTION_FAILED,Bank_A,E42,P020,UPI
E12653,C0183,24329.33,INVOICE_OVERDUE,Bank_C,E23,P018,NETBANKING
E12654,C0704,2484.8,PAYMENT_FAILED,Bank_A,E23,P020,UPI
E12655,C0285,2993.0,SUBSCRIPTION_FAILED,Bank_C,E23,P017,NETBANKING
E12656,C0262,23320.32,PAYMENT_FAILED,Bank_D,E11,P007,NETBANKING
E12657,C0813,18428.83,SUBSCRIPTION_FAILED,Bank_A,E23,P015,WALLET
E12658,C0678,16979.18,INVOICE_OVERDUE,Bank_A,E11,P015,CARD
E12659,C0437,19769.71,PAYMENT_FAILED,Bank_A,E11,P018,UPI
E12660,C0345,18512.9,SUBSCRIPTION_FAILED,Bank_D,E42,P005,NETBANKING
E12661,C0149,10971.16,CHECKOUT_ABANDONED,Bank_A,E17,P020,UPI
E12662,C0541,13701.01,PAYMENT_FAILED,Bank_D,E42,P011,WALLET
E12663,C0541,24741.39,CHECKOUT_ABANDONED,Bank_C,E11,P010,NETBANKING
E12664,C0129,20355.58,PAYMENT_FAILED,Bank_D,E11,P006,UPI
E12665,C0584,18111.32,PAYMENT_FAILED,Bank_B,E23,P002,CARD
E12666,C0966,23643.05,CHECKOUT_ABANDONED,Bank_A,E42,P009,NETBANKING
E12667,C0727,11511.22,PAYMENT_FAILED,Bank_D,E17,P007,CARD
E12668,C0659,17087.1,INVOICE_OVERDUE,Bank_A,E42,P018,NETBANKING
E12669,C0373,6285.12,INVOICE_OVERDUE,Bank_C,E42,P002,NETBANKING
E12670,C0617,13206.65,PAYMENT_FAILED,Bank_A,E42,P020,NETBANKING
E12671,C0513,24009.78,CHECKOUT_ABANDONED,Bank_B,E23,P019,NETBANKING
E12672,C0623,23861.77,INVOICE_OVERDUE,Bank_C,E42,P004,CARD
E12673,C0415,9668.94,CHECKOUT_ABANDONED,Bank_B,E11,P001,NETBANKING
E12674,C0393,16612.14,SUBSCRIPTION_FAILED,Bank_A,E42,P009,UPI
E12675,C0919,6946.79,CHECKOUT_ABANDONED,Bank_A,E42,P020,NETBANKING
E12676,C0943,545.01,INVOICE_OVERDUE,Bank_A,E23,P014,NETBANKING
E12677,C0756,23258.79,CHECKOUT_ABANDONED,Bank_A,E17,P017,CARD
E12678,C0724,23424.49,PAYMENT_FAILED,Bank_B,E17,P017,WALLET
E12679,C0780,11695.3,INVOICE_OVERDUE,Bank_A,E17,P007,UPI
E12680,C0669,1354.32,PAYMENT_FAILED,Bank_B,E42,P008,CARD
E12681,C0453,16211.98,SUBSCRIPTION_FAILED,Bank_A,E23,P008,WALLET
E12682,C0304,22028.79,INVOICE_OVERDUE,Bank_C,E17,P001,UPI
E12683,C0565,15160.69,CHECKOUT_ABANDONED,Bank_C,E42,P004,UPI
E12684,C0342,19464.96,INVOICE_OVERDUE,Bank_C,E42,P005,CARD
E12685,C0455,19622.09,PAYMENT_FAILED,Bank_B,E17,P020,UPI
E12686,C0106,22799.87,SUBSCRIPTION_FAILED,Bank_B,E42,P016,CARD
E12687,C0051,16895.15,PAYMENT_FAILED,Bank_C,E11,P005,CARD
E12688,C0600,15804.72,SUBSCRIPTION_FAILED,Bank_A,E42,P016,NETBANKING
E12689,C0770,21473.2,CHECKOUT_ABANDONED,Bank_A,E42,P008,UPI
E12690,C0446,18994.79,PAYMENT_FAILED,Bank_D,E11,P009,CARD
E12691,C0248,22731.53,SUBSCRIPTION_FAILED,Bank_C,E42,P017,UPI
E12692,C0721,22798.46,INVOICE_OVERDUE,Bank_A,E23,P012,WALLET
E12693,C1000,15346.62,PAYMENT_FAILED,Bank_A,E23,P020,WALLET
E12694,C0093,7692.14,CHECKOUT_ABANDONED,Bank_B,E17,P017,NETBANKING
E12695,C0962,7224.07,INVOICE_OVERDUE,Bank_A,E42,P014,WALLET
E12696,C0075,4577.39,CHECKOUT_ABANDONED,Bank_D,E17,P015,NETBANKING
E12697,C0081,16815.83,INVOICE_OVERDUE,Bank_C,E23,P009,CARD
E12698,C0204,5823.07,PAYMENT_FAILED,Bank_D,E11,P013,WALLET
E12699,C0028,1748.27,PAYMENT_FAILED,Bank_C,E23,P012,WALLET
E12700,C0753,11590.54,SUBSCRIPTION_FAILED,Bank_D,E11,P012,WALLET
E12701,C0046,17212.22,SUBSCRIPTION_FAILED,Bank_C,E42,P010,UPI
E12702,C0254,18262.23,SUBSCRIPTION_FAILED,Bank_D,E23,P003,WALLET
E12703,C0178,3381.78,CHECKOUT_ABANDONED,Bank_B,E23,P020,NETBANKING
E12704,C0405,1243.95,PAYMENT_FAILED,Bank_A,E42,P015,NETBANKING
E12705,C0994,13564.4,INVOICE_OVERDUE,Bank_A,E23,P010,WALLET
E12706,C0360,4931.31,PAYMENT_FAILED,Bank_D,E11,P019,CARD
E12707,C0603,21325.66,CHECKOUT_ABANDONED,Bank_A,E42,P019,NETBANKING
E12708,C0368,12393.12,SUBSCRIPTION_FAILED,Bank_B,E23,P019,NETBANKING
E12709,C0201,21695.94,INVOICE_OVERDUE,Bank_D,E23,P015,UPI
E12710,C0593,8257.79,SUBSCRIPTION_FAILED,Bank_C,E23,P010,NETBANKING
E12711,C0532,9375.29,CHECKOUT_ABANDONED,Bank_A,E42,P014,CARD
E12712,C0881,19603.32,SUBSCRIPTION_FAILED,Bank_B,E11,P013,UPI
E12713,C0081,10876.38,INVOICE_OVERDUE,Bank_A,E17,P016,CARD
E12714,C0088,8949.88,CHECKOUT_ABANDONED,Bank_C,E17,P014,UPI
E12715,C0748,21525.05,PAYMENT_FAILED,Bank_C,E42,P011,WALLET
E12716,C0116,13733.87,SUBSCRIPTION_FAILED,Bank_A,E42,P015,WALLET
E12717,C0458,22568.38,INVOICE_OVERDUE,Bank_A,E23,P007,CARD
E12718,C0839,22808.69,INVOICE_OVERDUE,Bank_A,E42,P003,NETBANKING
E12719,C0381,24422.24,PAYMENT_FAILED,Bank_A,E11,P011,CARD
E12720,C0073,19402.57,PAYMENT_FAILED,Bank_D,E17,P008,UPI
E12721,C0133,19740.29,INVOICE_OVERDUE,Bank_A,E42,P002,CARD
E12722,C0104,19192.88,INVOICE_OVERDUE,Bank_A,E42,P009,NETBANKING
E12723,C0126,23066.23,INVOICE_OVERDUE,Bank_A,E11,P016,NETBANKING
E12724,C0706,12677.73,CHECKOUT_ABANDONED,Bank_A,E42,P014,NETBANKING
E12725,C0220,8473.91,CHECKOUT_ABANDONED,Bank_C,E23,P011,CARD
E12726,C0578,15635.72,PAYMENT_FAILED,Bank_A,E11,P005,CARD
E12727,C0403,16530.07,SUBSCRIPTION_FAILED,Bank_D,E42,P008,CARD
E12728,C0241,11161.92,INVOICE_OVERDUE,Bank_A,E23,P011,WALLET
E12729,C0162,18727.86,INVOICE_OVERDUE,Bank_A,E17,P006,CARD
E12730,C0979,5993.14,CHECKOUT_ABANDONED,Bank_D,E17,P013,WALLET
E12731,C0116,20372.18,SUBSCRIPTION_FAILED,Bank_B,E23,P014,UPI
E12732,C0191,9987.76,SUBSCRIPTION_FAILED,Bank_A,E42,P005,NETBANKING
E12733,C0684,3369.81,INVOICE_OVERDUE,Bank_D,E11,P013,CARD
E12734,C0514,14746.73,CHECKOUT_ABANDONED,Bank_C,E11,P017,CARD
E12735,C0888,17988.05,SUBSCRIPTION_FAILED,Bank_C,E23,P007,CARD
E12736,C0245,14360.45,INVOICE_OVERDUE,Bank_A,E42,P002,UPI
E12737,C0206,1147.96,SUBSCRIPTION_FAILED,Bank_A,E42,P011,UPI
E12738,C0058,2063.17,CHECKOUT_ABANDONED,Bank_B,E11,P008,WALLET
E12739,C0080,22159.91,PAYMENT_FAILED,Bank_D,E42,P002,UPI
E12740,C0084,4700.24,CHECKOUT_ABANDONED,Bank_B,E17,P014,UPI
E12741,C0219,16816.56,PAYMENT_FAILED,Bank_D,E23,P004,CARD
E12742,C0947,21551.99,INVOICE_OVERDUE,Bank_C,E42,P003,WALLET
E12743,C0478,560.66,PAYMENT_FAILED,Bank_C,E11,P018,UPI
E12744,C0242,3067.96,PAYMENT_FAILED,Bank_C,E42,P001,NETBANKING
E12745,C0558,14224.27,PAYMENT_FAILED,Bank_A,E42,P003,UPI
E12746,C0152,24274.02,SUBSCRIPTION_FAILED,Bank_C,E11,P019,NETBANKING
E12747,C0731,14122.62,PAYMENT_FAILED,Bank_C,E23,P009,WALLET
E12748,C0301,5971.14,INVOICE_OVERDUE,Bank_A,E23,P018,UPI
E12749,C0024,12341.34,CHECKOUT_ABANDONED,Bank_B,E42,P013,UPI
E12750,C0713,1415.51,SUBSCRIPTION_FAILED,Bank_D,E11,P001,WALLET
E12751,C0214,17896.81,PAYMENT_FAILED,Bank_A,E23,P008,UPI
E12752,C0615,3021.66,SUBSCRIPTION_FAILED,Bank_A,E42,P015,CARD
E12753,C0326,4211.27,PAYMENT_FAILED,Bank_A,E42,P015,CARD
E12754,C0516,18973.44,INVOICE_OVERDUE,Bank_C,E42,P020,NETBANKING
E12755,C0707,9656.12,PAYMENT_FAILED,Bank_D,E11,P005,UPI
E12756,C0530,615.65,CHECKOUT_ABANDONED,Bank_A,E42,P006,WALLET
E12757,C0702,6310.83,PAYMENT_FAILED,Bank_D,E11,P011,WALLET
E12758,C0041,19940.35,CHECKOUT_ABANDONED,Bank_C,E17,P019,CARD
E12759,C0255,18333.97,PAYMENT_FAILED,Bank_A,E42,P008,UPI
E12760,C0783,24443.73,INVOICE_OVERDUE,Bank_B,E23,P010,CARD
E12761,C0699,19582.32,SUBSCRIPTION_FAILED,Bank_D,E42,P002,NETBANKING
E12762,C0475,22120.92,CHECKOUT_ABANDONED,Bank_A,E17,P015,WALLET
E12763,C0680,18482.62,PAYMENT_FAILED,Bank_C,E17,P020,WALLET
E12764,C0446,11485.84,INVOICE_OVERDUE,Bank_B,E17,P015,UPI
E12765,C0973,13776.08,CHECKOUT_ABANDONED,Bank_A,E42,P015,CARD
E12766,C0949,2240.64,INVOICE_OVERDUE,Bank_B,E42,P005,WALLET
E12767,C0193,14545.95,PAYMENT_FAILED,Bank_A,E23,P019,CARD
E12768,C0316,21772.27,CHECKOUT_ABANDONED,Bank_A,E11,P009,UPI
E12769,C0870,13775.29,INVOICE_OVERDUE,Bank_A,E17,P003,NETBANKING
E12770,C0325,19065.84,INVOICE_OVERDUE,Bank_C,E11,P004,NETBANKING
E12771,C0280,19429.83,INVOICE_OVERDUE,Bank_A,E42,P014,UPI
E12772,C0285,22805.79,INVOICE_OVERDUE,Bank_D,E42,P015,UPI
E12773,C0806,9277.44,SUBSCRIPTION_FAILED,Bank_A,E42,P014,CARD
E12774,C0290,14231.28,INVOICE_OVERDUE,Bank_D,E23,P003,CARD
E12775,C0914,16592.21,SUBSCRIPTION_FAILED,Bank_D,E11,P012,NETBANKING
E12776,C0387,5112.43,INVOICE_OVERDUE,Bank_D,E17,P003,WALLET
E12777,C0693,9127.63,CHECKOUT_ABANDONED,Bank_A,E42,P005,NETBANKING
E12778,C0133,17082.34,PAYMENT_FAILED,Bank_A,E42,P004,NETBANKING
E12779,C0258,4420.38,SUBSCRIPTION_FAILED,Bank_D,E17,P012,WALLET
E12780,C0054,8679.73,PAYMENT_FAILED,Bank_A,E42,P014,CARD
E12781,C0763,6907.97,PAYMENT_FAILED,Bank_D,E11,P009,NETBANKING
E12782,C0411,22427.47,SUBSCRIPTION_FAILED,Bank_D,E17,P009,UPI
E12783,C0039,10619.7,SUBSCRIPTION_FAILED,Bank_A,E17,P018,UPI
E12784,C0387,14797.1,SUBSCRIPTION_FAILED,Bank_D,E17,P003,WALLET
E12785,C0973,7353.9,PAYMENT_FAILED,Bank_C,E11,P004,UPI
E12786,C0614,21857.44,PAYMENT_FAILED,Bank_B,E17,P020,CARD
E12787,C0049,5983.99,SUBSCRIPTION_FAILED,Bank_D,E11,P011,NETBANKING
E12788,C0904,5665.02,CHECKOUT_ABANDONED,Bank_B,E11,P014,CARD
E12789,C0510,6984.52,CHECKOUT_ABANDONED,Bank_A,E17,P002,WALLET
E12790,C0578,15013.87,SUBSCRIPTION_FAILED,Bank_B,E23,P015,CARD
E12791,C0357,24746.72,SUBSCRIPTION_FAILED,Bank_D,E11,P013,UPI
E12792,C0385,22178.49,SUBSCRIPTION_FAILED,Bank_C,E42,P020,CARD
E12793,C0815,9891.95,SUBSCRIPTION_FAILED,Bank_D,E17,P003,WALLET
E12794,C0973,21459.33,SUBSCRIPTION_FAILED,Bank_D,E42,P016,UPI
E12795,C0490,6399.05,CHECKOUT_ABANDONED,Bank_B,E17,P011,NETBANKING
E12796,C0799,1643.63,INVOICE_OVERDUE,Bank_C,E23,P018,NETBANKING
E12797,C0461,17910.72,SUBSCRIPTION_FAILED,Bank_C,E42,P017,WALLET
E12798,C0834,16091.5,CHECKOUT_ABANDONED,Bank_A,E17,P013,WALLET
E12799,C0673,12428.66,PAYMENT_FAILED,Bank_D,E23,P020,UPI
E12800,C0411,5508.52,SUBSCRIPTION_FAILED,Bank_C,E17,P010,WALLET
E12801,C0710,6076.42,SUBSCRIPTION_FAILED,Bank_A,E42,P020,WALLET
E12802,C0544,23521.63,SUBSCRIPTION_FAILED,Bank_C,E11,P015,NETBANKING
E12803,C0478,9477.68,INVOICE_OVERDUE,Bank_D,E42,P020,WALLET
E12804,C0431,2102.88,PAYMENT_FAILED,Bank_A,E42,P011,UPI
E12805,C0446,1555.79,SUBSCRIPTION_FAILED,Bank_A,E42,P003,WALLET
E12806,C0537,17751.9,PAYMENT_FAILED,Bank_D,E23,P020,NETBANKING
E12807,C0658,23109.19,SUBSCRIPTION_FAILED,Bank_A,E11,P014,CARD
E12808,C0372,8384.06,INVOICE_OVERDUE,Bank_A,E11,P001,CARD
E12809,C0834,9340.52,CHECKOUT_ABANDONED,Bank_A,E23,P015,UPI
E12810,C0872,7341.62,CHECKOUT_ABANDONED,Bank_A,E23,P015,UPI
E12811,C0716,23545.46,SUBSCRIPTION_FAILED,Bank_A,E42,P007,WALLET
E12812,C0852,24786.47,INVOICE_OVERDUE,Bank_C,E11,P015,CARD
E12813,C0579,16287.36,CHECKOUT_ABANDONED,Bank_B,E23,P011,UPI
E12814,C0041,19475.44,PAYMENT_FAILED,Bank_C,E17,P012,NETBANKING
E12815,C0886,12010.07,PAYMENT_FAILED,Bank_D,E17,P009,UPI
E12816,C0286,15704.55,PAYMENT_FAILED,Bank_A,E42,P005,NETBANKING
E12817,C0350,22917.2,PAYMENT_FAILED,Bank_A,E23,P018,UPI
E12818,C0333,3604.3,PAYMENT_FAILED,Bank_A,E42,P018,CARD
E12819,C0238,10093.55,CHECKOUT_ABANDONED,Bank_D,E42,P009,NETBANKING
E12820,C0049,3212.28,INVOICE_OVERDUE,Bank_B,E11,P011,UPI
E12821,C0637,9442.1,PAYMENT_FAILED,Bank_A,E17,P015,CARD
E12822,C0784,1480.16,CHECKOUT_ABANDONED,Bank_D,E11,P017,WALLET
E12823,C0397,18779.9,CHECKOUT_ABANDONED,Bank_D,E11,P009,CARD
E12824,C0958,14108.46,INVOICE_OVERDUE,Bank_A,E42,P006,NETBANKING
E12825,C0838,15859.99,SUBSCRIPTION_FAILED,Bank_A,E11,P011,CARD
E12826,C0948,22325.35,SUBSCRIPTION_FAILED,Bank_A,E42,P012,CARD
E12827,C0110,12047.78,INVOICE_OVERDUE,Bank_B,E42,P012,UPI
E12828,C0589,10970.12,CHECKOUT_ABANDONED,Bank_A,E23,P016,CARD
E12829,C0628,8435.84,INVOICE_OVERDUE,Bank_B,E23,P010,UPI
E12830,C0734,14684.81,CHECKOUT_ABANDONED,Bank_D,E23,P008,NETBANKING
E12831,C0854,17088.54,INVOICE_OVERDUE,Bank_A,E11,P015,NETBANKING
E12832,C0204,19918.93,CHECKOUT_ABANDONED,Bank_D,E17,P005,NETBANKING
E12833,C0450,1721.3,INVOICE_OVERDUE,Bank_A,E42,P012,CARD
E12834,C0519,11144.23,SUBSCRIPTION_FAILED,Bank_A,E42,P006,WALLET
E12835,C0781,12077.26,CHECKOUT_ABANDONED,Bank_A,E17,P016,NETBANKING
E12836,C0438,4093.8,PAYMENT_FAILED,Bank_C,E17,P010,NETBANKING
E12837,C0564,9425.73,INVOICE_OVERDUE,Bank_B,E42,P018,NETBANKING
E12838,C0133,5233.63,CHECKOUT_ABANDONED,Bank_A,E42,P001,CARD
E12839,C0262,19890.35,INVOICE_OVERDUE,Bank_B,E17,P018,UPI
E12840,C0518,13841.15,CHECKOUT_ABANDONED,Bank_A,E42,P009,WALLET
E12841,C0207,13519.2,PAYMENT_FAILED,Bank_D,E42,P011,NETBANKING
E12842,C0264,15476.5,PAYMENT_FAILED,Bank_A,E23,P019,CARD
E12843,C0714,18695.42,SUBSCRIPTION_FAILED,Bank_A,E42,P014,UPI
E12844,C0133,4798.6,PAYMENT_FAILED,Bank_C,E42,P010,NETBANKING
E12845,C0459,15250.14,SUBSCRIPTION_FAILED,Bank_A,E42,P002,UPI
E12846,C0827,9659.22,CHECKOUT_ABANDONED,Bank_D,E17,P006,UPI
E12847,C0560,1642.77,SUBSCRIPTION_FAILED,Bank_A,E42,P003,NETBANKING
E12848,C0563,11307.41,SUBSCRIPTION_FAILED,Bank_C,E11,P008,WALLET
E12849,C0540,5721.58,PAYMENT_FAILED,Bank_C,E11,P014,CARD
E12850,C0018,17986.69,INVOICE_OVERDUE,Bank_B,E17,P010,CARD
E12851,C0169,10654.76,INVOICE_OVERDUE,Bank_C,E42,P016,CARD
E12852,C0051,7840.84,INVOICE_OVERDUE,Bank_B,E42,P017,UPI
E12853,C0211,13740.9,SUBSCRIPTION_FAILED,Bank_D,E42,P014,CARD
E12854,C0845,1819.27,INVOICE_OVERDUE,Bank_D,E23,P002,CARD
E12855,C0923,21267.32,SUBSCRIPTION_FAILED,Bank_A,E17,P014,NETBANKING
E12856,C0528,13122.73,PAYMENT_FAILED,Bank_A,E42,P019,CARD
E12857,C0720,22898.37,PAYMENT_FAILED,Bank_A,E23,P018,NETBANKING
E12858,C0526,6205.63,PAYMENT_FAILED,Bank_A,E42,P020,WALLET
E12859,C0786,19206.63,SUBSCRIPTION_FAILED,Bank_D,E17,P004,UPI
E12860,C0061,17054.97,PAYMENT_FAILED,Bank_A,E42,P006,WALLET
E12861,C0767,5889.12,INVOICE_OVERDUE,Bank_A,E42,P011,UPI
E12862,C0222,12777.21,CHECKOUT_ABANDONED,Bank_C,E17,P014,NETBANKING
E12863,C0735,1173.79,INVOICE_OVERDUE,Bank_C,E11,P008,UPI
E12864,C0603,16915.34,CHECKOUT_ABANDONED,Bank_A,E17,P011,NETBANKING
E12865,C0069,2449.58,CHECKOUT_ABANDONED,Bank_A,E42,P020,WALLET
E12866,C0838,22018.34,CHECKOUT_ABANDONED,Bank_D,E42,P003,CARD
E12867,C0428,14229.42,CHECKOUT_ABANDONED,Bank_A,E42,P007,WALLET
E12868,C0502,22975.26,INVOICE_OVERDUE,Bank_D,E23,P008,UPI
E12869,C0716,1678.61,PAYMENT_FAILED,Bank_A,E17,P013,NETBANKING
E12870,C0924,16631.26,CHECKOUT_ABANDONED,Bank_A,E42,P007,NETBANKING
E12871,C0722,11372.39,SUBSCRIPTION_FAILED,Bank_B,E11,P019,NETBANKING
E12872,C0343,14413.46,PAYMENT_FAILED,Bank_D,E42,P004,WALLET
E12873,C0585,24356.57,CHECKOUT_ABANDONED,Bank_A,E42,P020,WALLET
E12874,C0811,21506.09,PAYMENT_FAILED,Bank_A,E42,P016,NETBANKING
E12875,C0934,1347.33,CHECKOUT_ABANDONED,Bank_A,E42,P006,NETBANKING
E12876,C0762,16618.72,PAYMENT_FAILED,Bank_B,E42,P009,WALLET
E12877,C0655,14335.44,PAYMENT_FAILED,Bank_A,E23,P017,WALLET
E12878,C0537,8686.33,PAYMENT_FAILED,Bank_A,E11,P018,UPI
E12879,C0231,18069.86,CHECKOUT_ABANDONED,Bank_A,E17,P002,CARD
E12880,C0742,16342.57,CHECKOUT_ABANDONED,Bank_B,E11,P003,CARD
E12881,C0495,20398.37,INVOICE_OVERDUE,Bank_A,E23,P006,UPI
E12882,C0860,22424.52,PAYMENT_FAILED,Bank_C,E11,P008,CARD
E12883,C0057,19754.65,CHECKOUT_ABANDONED,Bank_C,E11,P020,CARD
E12884,C0965,1065.67,PAYMENT_FAILED,Bank_B,E17,P015,UPI
E12885,C0834,15982.34,CHECKOUT_ABANDONED,Bank_A,E23,P003,UPI
E12886,C0136,10903.68,SUBSCRIPTION_FAILED,Bank_B,E23,P015,NETBANKING
E12887,C0956,4602.71,PAYMENT_FAILED,Bank_A,E17,P011,WALLET
E12888,C0029,8876.19,INVOICE_OVERDUE,Bank_A,E17,P018,WALLET
E12889,C0876,1881.42,SUBSCRIPTION_FAILED,Bank_A,E42,P003,NETBANKING
E12890,C0907,16115.65,PAYMENT_FAILED,Bank_C,E11,P007,WALLET
E12891,C0502,3239.01,PAYMENT_FAILED,Bank_D,E17,P019,UPI
E12892,C0538,23282.24,CHECKOUT_ABANDONED,Bank_A,E23,P011,UPI
E12893,C0476,16248.5,CHECKOUT_ABANDONED,Bank_A,E23,P017,CARD
E12894,C0091,3787.9,CHECKOUT_ABANDONED,Bank_A,E11,P006,UPI
E12895,C0897,1862.79,PAYMENT_FAILED,Bank_D,E17,P012,WALLET
E12896,C0266,19163.7,PAYMENT_FAILED,Bank_B,E23,P019,NETBANKING
E12897,C0146,20883.69,SUBSCRIPTION_FAILED,Bank_A,E42,P015,NETBANKING
E12898,C0326,19001.76,SUBSCRIPTION_FAILED,Bank_A,E42,P018,WALLET
E12899,C0664,19797.79,INVOICE_OVERDUE,Bank_A,E11,P013,UPI
E12900,C0722,4718.14,INVOICE_OVERDUE,Bank_A,E11,P016,WALLET
E12901,C0779,7169.33,PAYMENT_FAILED,Bank_A,E42,P015,CARD
E12902,C0749,7244.5,CHECKOUT_ABANDONED,Bank_A,E42,P012,UPI
E12903,C0094,20660.43,PAYMENT_FAILED,Bank_C,E17,P016,NETBANKING
E12904,C0424,17905.1,INVOICE_OVERDUE,Bank_B,E17,P009,WALLET
E12905,C0890,15134.83,PAYMENT_FAILED,Bank_A,E17,P001,NETBANKING
E12906,C0840,12329.77,INVOICE_OVERDUE,Bank_A,E42,P009,NETBANKING
E12907,C0034,15831.69,SUBSCRIPTION_FAILED,Bank_A,E42,P005,CARD
E12908,C0005,4713.08,CHECKOUT_ABANDONED,Bank_B,E23,P011,CARD
E12909,C0826,20939.92,CHECKOUT_ABANDONED,Bank_A,E42,P006,WALLET
E12910,C0687,14916.6,INVOICE_OVERDUE,Bank_B,E42,P011,NETBANKING
E12911,C0587,1136.0,SUBSCRIPTION_FAILED,Bank_D,E42,P014,UPI
E12912,C0824,9694.82,PAYMENT_FAILED,Bank_A,E23,P017,CARD
E12913,C0211,15389.09,SUBSCRIPTION_FAILED,Bank_A,E11,P016,WALLET
E12914,C0723,23643.6,PAYMENT_FAILED,Bank_A,E17,P011,WALLET
E12915,C0344,11145.82,SUBSCRIPTION_FAILED,Bank_D,E11,P013,WALLET
E12916,C0010,8231.56,CHECKOUT_ABANDONED,Bank_A,E11,P007,CARD
E12917,C0467,6699.34,CHECKOUT_ABANDONED,Bank_D,E42,P001,NETBANKING
E12918,C0901,17033.12,SUBSCRIPTION_FAILED,Bank_A,E42,P020,NETBANKING
E12919,C0213,2979.4,PAYMENT_FAILED,Bank_A,E23,P010,WALLET
E12920,C0419,16552.12,SUBSCRIPTION_FAILED,Bank_C,E42,P009,CARD
E12921,C0325,13319.92,CHECKOUT_ABANDONED,Bank_B,E42,P014,NETBANKING
E12922,C0201,20131.15,PAYMENT_FAILED,Bank_B,E42,P016,NETBANKING
E12923,C0562,19209.43,SUBSCRIPTION_FAILED,Bank_C,E42,P011,NETBANKING
E12924,C0001,20870.6,PAYMENT_FAILED,Bank_C,E17,P008,CARD
E12925,C0019,12560.12,SUBSCRIPTION_FAILED,Bank_C,E17,P020,UPI
E12926,C0537,13076.94,CHECKOUT_ABANDONED,Bank_A,E11,P006,NETBANKING
E12927,C0527,4874.32,PAYMENT_FAILED,Bank_A,E42,P016,CARD
E12928,C0846,20941.57,CHECKOUT_ABANDONED,Bank_A,E42,P009,NETBANKING
E12929,C0235,11512.57,CHECKOUT_ABANDONED,Bank_D,E11,P006,WALLET
E12930,C0818,24132.22,INVOICE_OVERDUE,Bank_A,E42,P020,CARD
E12931,C0129,11220.07,INVOICE_OVERDUE,Bank_B,E17,P014,CARD
E12932,C0938,21486.22,PAYMENT_FAILED,Bank_C,E23,P007,WALLET
E12933,C0117,4369.86,INVOICE_OVERDUE,Bank_C,E23,P019,NETBANKING
E12934,C0212,13415.01,CHECKOUT_ABANDONED,Bank_C,E23,P014,WALLET
E12935,C0393,12276.2,CHECKOUT_ABANDONED,Bank_C,E23,P011,WALLET
E12936,C0369,5381.53,PAYMENT_FAILED,Bank_B,E42,P020,NETBANKING
E12937,C0188,1520.29,PAYMENT_FAILED,Bank_D,E23,P019,UPI
E12938,C0568,1399.48,SUBSCRIPTION_FAILED,Bank_D,E11,P012,CARD
E12939,C0676,14537.04,INVOICE_OVERDUE,Bank_A,E42,P001,NETBANKING
E12940,C0100,5650.17,PAYMENT_FAILED,Bank_A,E42,P009,UPI
E12941,C0372,8423.12,PAYMENT_FAILED,Bank_C,E11,P019,WALLET
E12942,C0145,9477.99,CHECKOUT_ABANDONED,Bank_B,E23,P008,UPI
E12943,C0859,12660.9,SUBSCRIPTION_FAILED,Bank_A,E23,P012,NETBANKING
E12944,C0749,6741.39,INVOICE_OVERDUE,Bank_A,E23,P001,CARD
E12945,C0137,6816.15,SUBSCRIPTION_FAILED,Bank_D,E11,P007,NETBANKING
E12946,C0419,10795.17,PAYMENT_FAILED,Bank_C,E17,P003,UPI
E12947,C0667,24389.84,SUBSCRIPTION_FAILED,Bank_A,E42,P009,WALLET
E12948,C0987,21870.6,PAYMENT_FAILED,Bank_A,E42,P008,UPI
E12949,C0853,22225.86,PAYMENT_FAILED,Bank_C,E11,P001,NETBANKING
E12950,C0051,22196.78,INVOICE_OVERDUE,Bank_C,E42,P012,WALLET
E12951,C0630,3988.92,PAYMENT_FAILED,Bank_D,E42,P007,WALLET
E12952,C0674,7513.76,CHECKOUT_ABANDONED,Bank_B,E42,P005,NETBANKING
E12953,C0104,6847.48,SUBSCRIPTION_FAILED,Bank_A,E11,P017,CARD
E12954,C0518,4511.07,CHECKOUT_ABANDONED,Bank_B,E11,P012,WALLET
E12955,C0897,21210.32,PAYMENT_FAILED,Bank_A,E11,P017,NETBANKING
E12956,C0364,23910.16,SUBSCRIPTION_FAILED,Bank_A,E42,P006,WALLET
E12957,C0141,14539.64,CHECKOUT_ABANDONED,Bank_C,E17,P017,WALLET
E12958,C0315,14285.52,INVOICE_OVERDUE,Bank_C,E17,P016,WALLET
E12959,C0197,8038.77,PAYMENT_FAILED,Bank_C,E42,P005,NETBANKING
E12960,C0234,22082.83,INVOICE_OVERDUE,Bank_C,E23,P020,WALLET
E12961,C0197,14502.48,CHECKOUT_ABANDONED,Bank_A,E23,P011,UPI
E12962,C0870,15594.58,CHECKOUT_ABANDONED,Bank_C,E23,P014,NETBANKING
E12963,C0405,4234.43,PAYMENT_FAILED,Bank_A,E11,P007,WALLET
E12964,C0158,4817.84,CHECKOUT_ABANDONED,Bank_A,E42,P008,CARD
E12965,C0919,19251.07,INVOICE_OVERDUE,Bank_A,E42,P017,WALLET
E12966,C0499,12165.59,PAYMENT_FAILED,Bank_C,E11,P010,CARD
E12967,C0508,23994.89,PAYMENT_FAILED,Bank_B,E17,P015,WALLET
E12968,C0385,2692.19,CHECKOUT_ABANDONED,Bank_C,E23,P019,CARD
E12969,C0678,20184.16,CHECKOUT_ABANDONED,Bank_A,E11,P020,UPI
E12970,C0462,12688.32,SUBSCRIPTION_FAILED,Bank_B,E17,P014,WALLET
E12971,C0745,22906.54,INVOICE_OVERDUE,Bank_A,E17,P006,CARD
E12972,C0216,8809.14,PAYMENT_FAILED,Bank_A,E42,P015,NETBANKING
E12973,C0323,11006.91,PAYMENT_FAILED,Bank_A,E42,P019,NETBANKING
E12974,C0298,11078.73,PAYMENT_FAILED,Bank_A,E42,P005,WALLET
E12975,C0180,2037.24,INVOICE_OVERDUE,Bank_A,E23,P012,NETBANKING
E12976,C0305,22701.29,SUBSCRIPTION_FAILED,Bank_D,E17,P010,NETBANKING
E12977,C0634,23713.41,SUBSCRIPTION_FAILED,Bank_D,E42,P010,CARD
E12978,C0814,15051.77,PAYMENT_FAILED,Bank_A,E11,P008,NETBANKING
E12979,C0296,19732.67,SUBSCRIPTION_FAILED,Bank_B,E23,P018,WALLET
E12980,C0417,6491.58,PAYMENT_FAILED,Bank_D,E11,P007,WALLET
E12981,C0242,5346.74,CHECKOUT_ABANDONED,Bank_A,E42,P007,WALLET
E12982,C0213,685.53,PAYMENT_FAILED,Bank_D,E42,P005,CARD
E12983,C0892,23408.01,PAYMENT_FAILED,Bank_A,E42,P002,CARD
E12984,C0711,11369.59,PAYMENT_FAILED,Bank_B,E23,P013,UPI
E12985,C0778,12196.16,INVOICE_OVERDUE,Bank_B,E42,P013,CARD
E12986,C0576,13754.14,CHECKOUT_ABANDONED,Bank_D,E17,P012,CARD
E12987,C0378,21518.95,PAYMENT_FAILED,Bank_D,E17,P016,WALLET
E12988,C0115,19880.24,INVOICE_OVERDUE,Bank_A,E42,P012,NETBANKING
E12989,C0329,11335.6,INVOICE_OVERDUE,Bank_B,E11,P010,CARD
E12990,C0425,8208.13,CHECKOUT_ABANDONED,Bank_A,E17,P002,UPI
E12991,C0103,22435.35,SUBSCRIPTION_FAILED,Bank_A,E42,P002,WALLET
E12992,C0854,4223.93,INVOICE_OVERDUE,Bank_A,E42,P006,UPI
E12993,C0245,9359.75,CHECKOUT_ABANDONED,Bank_A,E42,P010,UPI
E12994,C0276,13069.32,SUBSCRIPTION_FAILED,Bank_C,E42,P011,NETBANKING
E12995,C0562,8649.04,PAYMENT_FAILED,Bank_A,E11,P018,WALLET
E12996,C0260,24941.29,INVOICE_OVERDUE,Bank_A,E42,P020,NETBANKING
E12997,C0179,16510.61,PAYMENT_FAILED,Bank_C,E17,P015,CARD
E12998,C0297,18024.53,SUBSCRIPTION_FAILED,Bank_D,E23,P016,UPI
E12999,C0615,5365.12,INVOICE_OVERDUE,Bank_A,E42,P003,UPI
E13000,C0109,23472.73,SUBSCRIPTION_FAILED,Bank_D,E17,P006,CARD
E13001,C0583,14621.81,PAYMENT_FAILED,Bank_B,E23,P015,NETBANKING
E13002,C0214,2614.22,SUBSCRIPTION_FAILED,Bank_D,E23,P007,WALLET
E13003,C0770,6146.64,PAYMENT_FAILED,Bank_D,E42,P002,WALLET
E13004,C0955,11674.53,CHECKOUT_ABANDONED,Bank_C,E23,P002,NETBANKING
E13005,C0698,13357.88,CHECKOUT_ABANDONED,Bank_B,E11,P011,WALLET
E13006,C0061,23516.1,SUBSCRIPTION_FAILED,Bank_A,E42,P008,NETBANKING
E13007,C0974,661.07,INVOICE_OVERDUE,Bank_D,E17,P007,UPI
E13008,C0331,18330.26,SUBSCRIPTION_FAILED,Bank_D,E42,P012,CARD
E13009,C0099,14591.02,INVOICE_OVERDUE,Bank_D,E17,P008,CARD
E13010,C0892,1826.35,INVOICE_OVERDUE,Bank_D,E11,P016,UPI
E13011,C0763,12251.6,CHECKOUT_ABANDONED,Bank_B,E23,P009,UPI
E13012,C0184,21853.4,CHECKOUT_ABANDONED,Bank_C,E42,P012,UPI
E13013,C0405,7457.77,SUBSCRIPTION_FAILED,Bank_C,E23,P001,WALLET
E13014,C0838,16290.81,SUBSCRIPTION_FAILED,Bank_A,E17,P002,CARD
E13015,C0248,5593.8,SUBSCRIPTION_FAILED,Bank_A,E42,P013,UPI
E13016,C0455,18321.19,INVOICE_OVERDUE,Bank_D,E11,P017,NETBANKING
E13017,C0265,3013.21,CHECKOUT_ABANDONED,Bank_A,E42,P003,CARD
E13018,C0295,21631.11,INVOICE_OVERDUE,Bank_A,E23,P015,WALLET
E13019,C0410,23130.05,PAYMENT_FAILED,Bank_A,E42,P013,CARD
E13020,C0360,775.27,INVOICE_OVERDUE,Bank_C,E17,P002,NETBANKING
E13021,C0953,12436.71,PAYMENT_FAILED,Bank_C,E11,P020,CARD
E13022,C0170,20890.36,PAYMENT_FAILED,Bank_C,E42,P014,NETBANKING
E13023,C0011,6688.29,SUBSCRIPTION_FAILED,Bank_B,E23,P006,NETBANKING
E13024,C0227,8487.97,INVOICE_OVERDUE,Bank_B,E17,P017,UPI
E13025,C0081,1190.96,CHECKOUT_ABANDONED,Bank_B,E17,P007,WALLET
E13026,C0750,19894.27,INVOICE_OVERDUE,Bank_A,E42,P010,CARD
E13027,C0627,3491.05,PAYMENT_FAILED,Bank_C,E17,P012,NETBANKING
E13028,C0585,15028.76,CHECKOUT_ABANDONED,Bank_D,E17,P007,CARD
E13029,C0533,10542.91,INVOICE_OVERDUE,Bank_D,E23,P014,CARD
E13030,C0361,5014.81,INVOICE_OVERDUE,Bank_A,E23,P016,NETBANKING
E13031,C0959,15149.57,SUBSCRIPTION_FAILED,Bank_A,E42,P012,UPI
E13032,C0158,24325.84,INVOICE_OVERDUE,Bank_C,E23,P020,CARD
E13033,C0212,10241.48,CHECKOUT_ABANDONED,Bank_A,E11,P015,NETBANKING
E13034,C0672,18219.05,CHECKOUT_ABANDONED,Bank_A,E23,P005,CARD
E13035,C0336,1290.21,PAYMENT_FAILED,Bank_A,E42,P016,UPI
E13036,C0818,3644.19,INVOICE_OVERDUE,Bank_A,E42,P018,NETBANKING
E13037,C0796,8814.6,INVOICE_OVERDUE,Bank_A,E42,P020,CARD
E13038,C0619,6674.46,SUBSCRIPTION_FAILED,Bank_A,E17,P013,CARD
E13039,C0958,19661.9,CHECKOUT_ABANDONED,Bank_D,E17,P001,NETBANKING
E13040,C0866,13007.88,SUBSCRIPTION_FAILED,Bank_A,E42,P019,UPI
E13041,C0965,9769.12,CHECKOUT_ABANDONED,Bank_D,E17,P015,WALLET
E13042,C0183,14567.44,CHECKOUT_ABANDONED,Bank_A,E42,P017,UPI
E13043,C1000,16668.25,PAYMENT_FAILED,Bank_C,E23,P018,CARD
E13044,C0369,1575.43,CHECKOUT_ABANDONED,Bank_A,E42,P010,CARD
E13045,C0279,4881.3,SUBSCRIPTION_FAILED,Bank_C,E17,P020,WALLET
E13046,C0473,6297.27,PAYMENT_FAILED,Bank_B,E42,P006,WALLET
E13047,C0238,9270.98,INVOICE_OVERDUE,Bank_A,E17,P013,CARD
E13048,C0863,3218.65,PAYMENT_FAILED,Bank_B,E11,P005,CARD
E13049,C0544,676.61,INVOICE_OVERDUE,Bank_C,E23,P015,WALLET
E13050,C0289,2212.72,PAYMENT_FAILED,Bank_A,E42,P007,CARD
E13051,C0802,22135.35,PAYMENT_FAILED,Bank_A,E42,P018,WALLET
E13052,C0684,9932.09,PAYMENT_FAILED,Bank_C,E11,P005,NETBANKING
E13053,C0021,19430.06,INVOICE_OVERDUE,Bank_D,E17,P016,CARD
E13054,C0094,19256.31,CHECKOUT_ABANDONED,Bank_A,E17,P006,CARD
E13055,C0285,23090.05,CHECKOUT_ABANDONED,Bank_C,E11,P019,NETBANKING
E13056,C0405,23327.17,SUBSCRIPTION_FAILED,Bank_A,E42,P015,UPI
E13057,C0956,21305.62,INVOICE_OVERDUE,Bank_B,E11,P015,UPI
E13058,C0963,2874.68,PAYMENT_FAILED,Bank_B,E42,P015,NETBANKING
E13059,C0334,20411.09,SUBSCRIPTION_FAILED,Bank_C,E17,P019,UPI
E13060,C0575,2517.52,CHECKOUT_ABANDONED,Bank_A,E17,P001,UPI
E13061,C0330,7770.46,PAYMENT_FAILED,Bank_A,E42,P018,WALLET
E13062,C0165,13785.72,SUBSCRIPTION_FAILED,Bank_A,E42,P003,NETBANKING
E13063,C0833,16441.37,CHECKOUT_ABANDONED,Bank_B,E17,P003,WALLET
E13064,C0638,6619.66,INVOICE_OVERDUE,Bank_D,E17,P004,CARD
E13065,C0629,22354.2,SUBSCRIPTION_FAILED,Bank_A,E23,P005,UPI
E13066,C0681,11403.51,INVOICE_OVERDUE,Bank_C,E23,P009,CARD
E13067,C0965,16777.21,SUBSCRIPTION_FAILED,Bank_B,E23,P016,WALLET
E13068,C0093,17871.67,CHECKOUT_ABANDONED,Bank_B,E17,P014,WALLET
E13069,C0735,2498.67,INVOICE_OVERDUE,Bank_D,E23,P008,NETBANKING
E13070,C0844,8882.04,PAYMENT_FAILED,Bank_A,E42,P013,WALLET
E13071,C0910,24717.78,INVOICE_OVERDUE,Bank_C,E42,P010,WALLET
E13072,C0705,20992.6,INVOICE_OVERDUE,Bank_D,E23,P014,NETBANKING
E13073,C0033,8015.2,INVOICE_OVERDUE,Bank_D,E23,P018,WALLET
E13074,C0761,2484.18,CHECKOUT_ABANDONED,Bank_A,E42,P016,WALLET
E13075,C0626,9927.56,PAYMENT_FAILED,Bank_D,E23,P008,UPI
E13076,C0786,14488.52,INVOICE_OVERDUE,Bank_D,E17,P001,WALLET
E13077,C0454,15032.17,PAYMENT_FAILED,Bank_A,E42,P001,UPI
E13078,C0134,21954.31,PAYMENT_FAILED,Bank_A,E42,P004,NETBANKING
E13079,C0059,6469.04,PAYMENT_FAILED,Bank_A,E42,P014,WALLET
E13080,C0505,14110.15,PAYMENT_FAILED,Bank_C,E42,P005,UPI
E13081,C0043,24021.13,CHECKOUT_ABANDONED,Bank_B,E23,P017,UPI
E13082,C0608,1526.02,PAYMENT_FAILED,Bank_D,E11,P019,CARD
E13083,C0076,17448.63,PAYMENT_FAILED,Bank_B,E42,P003,CARD
E13084,C0218,16019.44,INVOICE_OVERDUE,Bank_D,E23,P006,NETBANKING
E13085,C0733,22737.73,CHECKOUT_ABANDONED,Bank_C,E17,P010,UPI
E13086,C0046,18487.67,CHECKOUT_ABANDONED,Bank_A,E42,P012,UPI
E13087,C0532,3394.88,CHECKOUT_ABANDONED,Bank_C,E42,P007,CARD
E13088,C0668,22223.41,INVOICE_OVERDUE,Bank_B,E17,P009,WALLET
E13089,C0565,20195.51,CHECKOUT_ABANDONED,Bank_B,E23,P001,UPI
E13090,C0768,16548.91,INVOICE_OVERDUE,Bank_B,E42,P009,UPI
E13091,C0911,14944.99,PAYMENT_FAILED,Bank_A,E42,P002,UPI
E13092,C0547,14863.13,SUBSCRIPTION_FAILED,Bank_A,E42,P007,WALLET
E13093,C0340,925.12,INVOICE_OVERDUE,Bank_C,E17,P003,UPI
E13094,C0535,6077.21,CHECKOUT_ABANDONED,Bank_D,E23,P003,UPI
E13095,C0972,20699.49,INVOICE_OVERDUE,Bank_A,E23,P010,NETBANKING
E13096,C0439,19845.77,INVOICE_OVERDUE,Bank_B,E23,P010,CARD
E13097,C0395,16687.67,CHECKOUT_ABANDONED,Bank_C,E23,P008,CARD
E13098,C0972,17833.17,SUBSCRIPTION_FAILED,Bank_A,E42,P011,CARD
E13099,C0568,23142.85,PAYMENT_FAILED,Bank_C,E11,P014,WALLET
E13100,C0002,9910.07,INVOICE_OVERDUE,Bank_A,E42,P020,CARD
E13101,C0528,10283.88,CHECKOUT_ABANDONED,Bank_A,E11,P015,NETBANKING
E13102,C0652,11619.93,INVOICE_OVERDUE,Bank_C,E17,P011,CARD
E13103,C0285,16910.93,SUBSCRIPTION_FAILED,Bank_D,E11,P015,CARD
E13104,C0088,14868.29,PAYMENT_FAILED,Bank_A,E42,P013,CARD
E13105,C0372,19720.09,PAYMENT_FAILED,Bank_D,E42,P013,WALLET
E13106,C0611,9032.42,INVOICE_OVERDUE,Bank_C,E42,P014,NETBANKING
E13107,C0814,4934.21,CHECKOUT_ABANDONED,Bank_B,E23,P008,NETBANKING
E13108,C0104,2854.89,INVOICE_OVERDUE,Bank_B,E11,P003,CARD
E13109,C0923,1895.6,INVOICE_OVERDUE,Bank_D,E17,P013,NETBANKING
E13110,C0822,10601.49,INVOICE_OVERDUE,Bank_B,E17,P017,WALLET
E13111,C0870,14414.36,PAYMENT_FAILED,Bank_A,E17,P016,NETBANKING
E13112,C0326,5571.82,INVOICE_OVERDUE,Bank_A,E42,P011,CARD
E13113,C0438,20700.8,INVOICE_OVERDUE,Bank_B,E23,P014,WALLET
E13114,C0825,7079.04,PAYMENT_FAILED,Bank_B,E11,P004,WALLET
E13115,C0449,12377.77,INVOICE_OVERDUE,Bank_B,E11,P002,WALLET
E13116,C0426,2700.09,CHECKOUT_ABANDONED,Bank_B,E42,P012,UPI
E13117,C0094,19262.68,PAYMENT_FAILED,Bank_C,E23,P003,UPI
E13118,C0900,23878.24,SUBSCRIPTION_FAILED,Bank_C,E17,P001,UPI
E13119,C0578,15830.84,PAYMENT_FAILED,Bank_A,E42,P014,WALLET
E13120,C0771,3189.25,SUBSCRIPTION_FAILED,Bank_D,E11,P008,NETBANKING
E13121,C0529,4889.33,SUBSCRIPTION_FAILED,Bank_A,E11,P003,UPI
E13122,C0280,1839.69,SUBSCRIPTION_FAILED,Bank_A,E23,P014,UPI
E13123,C0910,3440.78,INVOICE_OVERDUE,Bank_C,E23,P015,WALLET
E13124,C0836,23303.45,INVOICE_OVERDUE,Bank_B,E23,P001,WALLET
E13125,C0007,23951.73,PAYMENT_FAILED,Bank_B,E11,P007,WALLET
E13126,C0038,1703.35,INVOICE_OVERDUE,Bank_A,E11,P003,NETBANKING
E13127,C0897,20172.8,CHECKOUT_ABANDONED,Bank_D,E42,P017,NETBANKING
E13128,C0680,22971.78,SUBSCRIPTION_FAILED,Bank_B,E17,P012,NETBANKING
E13129,C0780,20552.13,PAYMENT_FAILED,Bank_A,E42,P011,NETBANKING
E13130,C0449,10523.75,INVOICE_OVERDUE,Bank_B,E17,P020,WALLET
E13131,C0972,18858.12,PAYMENT_FAILED,Bank_A,E42,P011,NETBANKING
E13132,C0320,5954.07,SUBSCRIPTION_FAILED,Bank_B,E11,P010,WALLET
E13133,C0369,981.17,SUBSCRIPTION_FAILED,Bank_A,E11,P003,WALLET
E13134,C0377,4892.43,PAYMENT_FAILED,Bank_B,E42,P001,WALLET
E13135,C0180,6509.79,INVOICE_OVERDUE,Bank_A,E42,P001,UPI
E13136,C0705,21289.94,PAYMENT_FAILED,Bank_A,E23,P014,UPI
E13137,C0586,20477.96,PAYMENT_FAILED,Bank_D,E42,P002,UPI
E13138,C0146,20024.13,PAYMENT_FAILED,Bank_B,E23,P017,CARD
E13139,C0532,7624.55,SUBSCRIPTION_FAILED,Bank_A,E42,P011,UPI
E13140,C0325,9080.06,PAYMENT_FAILED,Bank_B,E17,P007,UPI
E13141,C0402,3280.52,INVOICE_OVERDUE,Bank_D,E11,P010,WALLET
E13142,C0931,18786.19,INVOICE_OVERDUE,Bank_B,E42,P001,WALLET
E13143,C0006,23585.11,SUBSCRIPTION_FAILED,Bank_A,E42,P009,WALLET
E13144,C0428,8861.76,PAYMENT_FAILED,Bank_A,E42,P007,CARD
E13145,C0946,22479.62,PAYMENT_FAILED,Bank_A,E42,P006,WALLET
E13146,C0499,10096.14,PAYMENT_FAILED,Bank_A,E42,P015,UPI
E13147,C0275,5316.54,SUBSCRIPTION_FAILED,Bank_A,E17,P001,UPI
E13148,C0631,23378.82,CHECKOUT_ABANDONED,Bank_A,E23,P002,CARD
E13149,C0084,4452.2,INVOICE_OVERDUE,Bank_C,E42,P016,UPI
E13150,C0169,24739.74,PAYMENT_FAILED,Bank_A,E42,P007,WALLET
E13151,C0880,3059.91,INVOICE_OVERDUE,Bank_C,E17,P018,WALLET
E13152,C0792,24809.59,PAYMENT_FAILED,Bank_A,E42,P004,UPI
E13153,C0850,9617.16,PAYMENT_FAILED,Bank_A,E23,P015,UPI
E13154,C0400,5422.72,SUBSCRIPTION_FAILED,Bank_A,E23,P004,NETBANKING
E13155,C0672,14894.13,SUBSCRIPTION_FAILED,Bank_B,E23,P013,UPI
E13156,C0824,5778.84,PAYMENT_FAILED,Bank_A,E17,P020,NETBANKING
E13157,C0280,16961.25,CHECKOUT_ABANDONED,Bank_A,E23,P012,CARD
E13158,C0417,24401.89,PAYMENT_FAILED,Bank_B,E23,P004,UPI
E13159,C0146,23619.71,SUBSCRIPTION_FAILED,Bank_D,E23,P011,WALLET
E13160,C0169,12417.2,CHECKOUT_ABANDONED,Bank_A,E42,P002,CARD
E13161,C0498,12099.66,SUBSCRIPTION_FAILED,Bank_A,E42,P013,NETBANKING
E13162,C0270,7577.11,PAYMENT_FAILED,Bank_C,E11,P009,WALLET
E13163,C0047,19422.33,PAYMENT_FAILED,Bank_A,E42,P011,NETBANKING
E13164,C0807,18600.42,INVOICE_OVERDUE,Bank_A,E42,P013,NETBANKING
E13165,C0431,10935.94,SUBSCRIPTION_FAILED,Bank_C,E17,P015,UPI
E13166,C0259,8685.68,PAYMENT_FAILED,Bank_B,E17,P016,UPI
E13167,C0498,22228.94,INVOICE_OVERDUE,Bank_B,E11,P009,CARD
E13168,C0601,4716.31,CHECKOUT_ABANDONED,Bank_A,E42,P004,CARD
E13169,C0553,12641.21,INVOICE_OVERDUE,Bank_A,E11,P019,WALLET
E13170,C0147,19896.36,CHECKOUT_ABANDONED,Bank_B,E23,P006,WALLET
E13171,C0453,24447.62,CHECKOUT_ABANDONED,Bank_B,E17,P003,WALLET
E13172,C0640,8157.55,SUBSCRIPTION_FAILED,Bank_A,E11,P010,CARD
E13173,C0151,3178.95,SUBSCRIPTION_FAILED,Bank_A,E42,P020,CARD
E13174,C0590,19368.73,CHECKOUT_ABANDONED,Bank_A,E11,P008,WALLET
E13175,C0237,11571.71,PAYMENT_FAILED,Bank_A,E11,P014,CARD
E13176,C0160,860.65,CHECKOUT_ABANDONED,Bank_B,E23,P002,UPI
E13177,C0222,4925.13,PAYMENT_FAILED,Bank_B,E11,P020,CARD
E13178,C0609,12734.99,CHECKOUT_ABANDONED,Bank_B,E11,P002,CARD
E13179,C0918,14415.92,INVOICE_OVERDUE,Bank_A,E23,P012,NETBANKING
E13180,C0330,19181.61,SUBSCRIPTION_FAILED,Bank_D,E17,P009,NETBANKING
E13181,C0263,14811.91,PAYMENT_FAILED,Bank_D,E23,P006,NETBANKING
E13182,C0857,1679.91,PAYMENT_FAILED,Bank_C,E42,P012,CARD
E13183,C0826,13281.3,CHECKOUT_ABANDONED,Bank_A,E23,P006,NETBANKING
E13184,C0538,23768.02,INVOICE_OVERDUE,Bank_D,E42,P016,CARD
E13185,C0069,1472.23,CHECKOUT_ABANDONED,Bank_A,E42,P012,NETBANKING
E13186,C0009,4736.72,CHECKOUT_ABANDONED,Bank_A,E23,P020,WALLET
E13187,C0841,20071.4,SUBSCRIPTION_FAILED,Bank_D,E23,P018,UPI
E13188,C0172,5290.87,CHECKOUT_ABANDONED,Bank_B,E17,P011,WALLET
E13189,C0177,17737.74,INVOICE_OVERDUE,Bank_B,E42,P004,NETBANKING
E13190,C0541,3599.41,INVOICE_OVERDUE,Bank_A,E11,P016,UPI
E13191,C0364,7330.42,CHECKOUT_ABANDONED,Bank_C,E42,P018,CARD
E13192,C0549,22817.28,PAYMENT_FAILED,Bank_A,E11,P015,CARD
E13193,C0130,1712.14,SUBSCRIPTION_FAILED,Bank_D,E17,P012,WALLET
E13194,C0840,11455.03,CHECKOUT_ABANDONED,Bank_D,E42,P012,NETBANKING
E13195,C0703,14024.4,CHECKOUT_ABANDONED,Bank_A,E23,P006,NETBANKING
E13196,C0393,536.1,INVOICE_OVERDUE,Bank_C,E42,P003,CARD
E13197,C0541,13384.4,INVOICE_OVERDUE,Bank_A,E42,P009,WALLET
E13198,C0931,1170.65,PAYMENT_FAILED,Bank_C,E17,P011,UPI
E13199,C0276,11473.06,PAYMENT_FAILED,Bank_A,E11,P006,CARD
E13200,C0726,19965.02,CHECKOUT_ABANDONED,Bank_A,E42,P016,CARD
E13201,C0286,8722.66,PAYMENT_FAILED,Bank_A,E17,P017,UPI
E13202,C0986,19627.01,INVOICE_OVERDUE,Bank_D,E11,P016,CARD
E13203,C0958,24427.67,INVOICE_OVERDUE,Bank_A,E23,P010,CARD
E13204,C0696,22067.01,INVOICE_OVERDUE,Bank_A,E11,P014,WALLET
E13205,C0255,16056.54,INVOICE_OVERDUE,Bank_B,E42,P015,CARD
E13206,C0186,3273.57,CHECKOUT_ABANDONED,Bank_B,E23,P001,WALLET
E13207,C0957,10660.19,PAYMENT_FAILED,Bank_A,E42,P004,NETBANKING
E13208,C0500,5584.12,INVOICE_OVERDUE,Bank_A,E42,P011,NETBANKING
E13209,C0356,5769.58,INVOICE_OVERDUE,Bank_B,E23,P002,CARD
E13210,C0876,9516.15,CHECKOUT_ABANDONED,Bank_C,E23,P008,UPI
E13211,C0864,2066.37,PAYMENT_FAILED,Bank_B,E17,P020,NETBANKING
E13212,C0299,2285.78,SUBSCRIPTION_FAILED,Bank_B,E42,P018,UPI
E13213,C0978,19351.49,INVOICE_OVERDUE,Bank_D,E17,P009,UPI
E13214,C0131,23858.81,PAYMENT_FAILED,Bank_A,E17,P008,NETBANKING
E13215,C0220,24105.01,CHECKOUT_ABANDONED,Bank_C,E23,P020,CARD
E13216,C0959,1201.57,PAYMENT_FAILED,Bank_C,E23,P014,WALLET
E13217,C0104,7994.52,INVOICE_OVERDUE,Bank_A,E42,P010,NETBANKING
E13218,C0442,5805.23,PAYMENT_FAILED,Bank_A,E23,P014,WALLET
E13219,C0017,19309.46,SUBSCRIPTION_FAILED,Bank_A,E42,P002,NETBANKING
E13220,C0577,11202.68,CHECKOUT_ABANDONED,Bank_C,E11,P013,UPI
E13221,C0968,1451.09,INVOICE_OVERDUE,Bank_B,E23,P015,UPI
E13222,C0547,15207.73,CHECKOUT_ABANDONED,Bank_D,E17,P013,WALLET
E13223,C0489,15690.85,PAYMENT_FAILED,Bank_B,E23,P009,WALLET
E13224,C0695,8721.69,SUBSCRIPTION_FAILED,Bank_D,E17,P018,NETBANKING
E13225,C0516,12201.53,INVOICE_OVERDUE,Bank_C,E42,P020,CARD
E13226,C0791,23069.7,PAYMENT_FAILED,Bank_D,E17,P016,CARD
E13227,C0021,5730.76,INVOICE_OVERDUE,Bank_A,E11,P012,UPI
E13228,C0680,8671.64,PAYMENT_FAILED,Bank_D,E17,P019,CARD
E13229,C0246,21067.63,SUBSCRIPTION_FAILED,Bank_C,E42,P009,NETBANKING
E13230,C0793,11592.64,INVOICE_OVERDUE,Bank_A,E17,P012,UPI
E13231,C0631,16867.56,PAYMENT_FAILED,Bank_D,E23,P007,CARD
E13232,C0569,8092.31,PAYMENT_FAILED,Bank_A,E42,P014,WALLET
E13233,C0621,22689.28,CHECKOUT_ABANDONED,Bank_D,E17,P016,WALLET
E13234,C0619,11028.51,SUBSCRIPTION_FAILED,Bank_A,E42,P017,UPI
E13235,C0583,9259.01,PAYMENT_FAILED,Bank_B,E42,P005,NETBANKING
E13236,C0486,19610.41,CHECKOUT_ABANDONED,Bank_D,E11,P002,NETBANKING
E13237,C0659,17334.51,INVOICE_OVERDUE,Bank_B,E11,P002,CARD
E13238,C0299,24768.7,PAYMENT_FAILED,Bank_A,E11,P015,WALLET
E13239,C0424,16052.46,PAYMENT_FAILED,Bank_B,E42,P015,CARD
E13240,C0255,19409.79,SUBSCRIPTION_FAILED,Bank_D,E23,P001,NETBANKING
E13241,C0480,7260.41,CHECKOUT_ABANDONED,Bank_D,E17,P015,WALLET
E13242,C0716,14687.05,INVOICE_OVERDUE,Bank_D,E17,P008,NETBANKING
E13243,C0647,15025.59,PAYMENT_FAILED,Bank_D,E42,P018,CARD
E13244,C0145,24557.78,CHECKOUT_ABANDONED,Bank_A,E42,P020,WALLET
E13245,C0664,16980.36,INVOICE_OVERDUE,Bank_C,E23,P008,UPI
E13246,C0147,13492.85,PAYMENT_FAILED,Bank_A,E42,P003,UPI
E13247,C0224,10023.58,SUBSCRIPTION_FAILED,Bank_C,E42,P016,UPI
E13248,C0555,7967.18,INVOICE_OVERDUE,Bank_C,E23,P005,CARD
E13249,C0693,18199.59,CHECKOUT_ABANDONED,Bank_C,E23,P002,NETBANKING
E13250,C0406,1737.32,CHECKOUT_ABANDONED,Bank_C,E17,P001,WALLET
E13251,C0831,17669.41,CHECKOUT_ABANDONED,Bank_B,E42,P009,UPI
E13252,C0987,23243.15,CHECKOUT_ABANDONED,Bank_C,E23,P019,NETBANKING
E13253,C0562,14046.71,CHECKOUT_ABANDONED,Bank_A,E42,P015,CARD
E13254,C0348,10026.92,PAYMENT_FAILED,Bank_A,E42,P015,UPI
E13255,C0063,3309.58,CHECKOUT_ABANDONED,Bank_B,E23,P008,UPI
E13256,C0419,10201.56,CHECKOUT_ABANDONED,Bank_B,E23,P003,CARD
E13257,C0478,9426.51,INVOICE_OVERDUE,Bank_D,E11,P012,WALLET
E13258,C0641,19630.51,INVOICE_OVERDUE,Bank_C,E23,P016,UPI
E13259,C0219,19836.69,SUBSCRIPTION_FAILED,Bank_B,E17,P014,NETBANKING
E13260,C0204,12587.65,SUBSCRIPTION_FAILED,Bank_A,E42,P013,WALLET
E13261,C0778,14210.99,PAYMENT_FAILED,Bank_C,E42,P019,NETBANKING
E13262,C0377,11393.92,INVOICE_OVERDUE,Bank_C,E11,P003,CARD
E13263,C0423,16859.82,INVOICE_OVERDUE,Bank_A,E11,P003,NETBANKING
E13264,C0478,22747.14,INVOICE_OVERDUE,Bank_B,E11,P018,CARD
E13265,C0424,13953.18,SUBSCRIPTION_FAILED,Bank_D,E11,P001,CARD
E13266,C0244,14337.74,INVOICE_OVERDUE,Bank_C,E42,P004,WALLET
E13267,C0409,20065.27,SUBSCRIPTION_FAILED,Bank_C,E42,P009,UPI
E13268,C0157,16491.72,CHECKOUT_ABANDONED,Bank_A,E42,P018,WALLET
E13269,C0202,8632.5,INVOICE_OVERDUE,Bank_C,E42,P009,UPI
E13270,C0490,5324.13,CHECKOUT_ABANDONED,Bank_D,E23,P014,NETBANKING
E13271,C0736,1038.95,PAYMENT_FAILED,Bank_C,E42,P005,NETBANKING
E13272,C0864,14600.19,SUBSCRIPTION_FAILED,Bank_D,E23,P006,NETBANKING
E13273,C0906,10101.83,INVOICE_OVERDUE,Bank_A,E42,P002,UPI
E13274,C0010,16908.97,SUBSCRIPTION_FAILED,Bank_A,E23,P003,WALLET
E13275,C0047,16059.72,SUBSCRIPTION_FAILED,Bank_B,E17,P007,NETBANKING
E13276,C0792,20566.87,INVOICE_OVERDUE,Bank_A,E17,P001,WALLET
E13277,C0367,20182.61,SUBSCRIPTION_FAILED,Bank_A,E17,P010,NETBANKING
E13278,C0089,3746.9,PAYMENT_FAILED,Bank_D,E42,P019,WALLET
E13279,C0488,22741.62,PAYMENT_FAILED,Bank_A,E42,P008,WALLET
E13280,C0625,13657.47,SUBSCRIPTION_FAILED,Bank_A,E11,P011,UPI
E13281,C0622,7166.64,INVOICE_OVERDUE,Bank_A,E11,P018,CARD
E13282,C0380,6058.75,CHECKOUT_ABANDONED,Bank_D,E11,P001,WALLET
E13283,C0419,18312.18,INVOICE_OVERDUE,Bank_A,E17,P004,WALLET
E13284,C0423,13943.06,PAYMENT_FAILED,Bank_D,E11,P008,WALLET
E13285,C0907,19363.61,CHECKOUT_ABANDONED,Bank_A,E11,P008,CARD
E13286,C0481,12685.56,INVOICE_OVERDUE,Bank_A,E42,P011,WALLET
E13287,C0619,8735.45,SUBSCRIPTION_FAILED,Bank_B,E23,P009,UPI
E13288,C0790,12967.6,PAYMENT_FAILED,Bank_C,E17,P008,NETBANKING
E13289,C0468,5706.94,PAYMENT_FAILED,Bank_B,E42,P004,UPI
E13290,C0158,2509.01,INVOICE_OVERDUE,Bank_A,E42,P010,WALLET
E13291,C0841,10479.99,INVOICE_OVERDUE,Bank_B,E11,P008,CARD
E13292,C0161,1847.35,CHECKOUT_ABANDONED,Bank_B,E11,P009,NETBANKING
E13293,C0163,19113.68,PAYMENT_FAILED,Bank_B,E42,P013,CARD
E13294,C0547,14970.66,SUBSCRIPTION_FAILED,Bank_A,E42,P014,WALLET
E13295,C0115,18834.0,PAYMENT_FAILED,Bank_B,E23,P015,WALLET
E13296,C0029,15754.6,INVOICE_OVERDUE,Bank_A,E42,P013,UPI
E13297,C0975,17830.52,SUBSCRIPTION_FAILED,Bank_A,E42,P010,NETBANKING
E13298,C0560,21331.16,SUBSCRIPTION_FAILED,Bank_D,E42,P009,UPI
E13299,C0954,19528.45,SUBSCRIPTION_FAILED,Bank_C,E42,P002,CARD
E13300,C0854,16463.45,PAYMENT_FAILED,Bank_A,E42,P018,UPI
E13301,C0196,6095.01,CHECKOUT_ABANDONED,Bank_A,E42,P019,NETBANKING
E13302,C0395,20260.76,SUBSCRIPTION_FAILED,Bank_D,E17,P001,WALLET
E13303,C0526,5735.96,INVOICE_OVERDUE,Bank_B,E42,P020,UPI
E13304,C0986,17408.89,INVOICE_OVERDUE,Bank_D,E11,P009,WALLET
E13305,C0771,5387.1,PAYMENT_FAILED,Bank_A,E23,P003,UPI
E13306,C0093,16571.95,INVOICE_OVERDUE,Bank_C,E23,P013,NETBANKING
E13307,C0983,19345.23,INVOICE_OVERDUE,Bank_D,E42,P001,CARD
E13308,C0759,21384.57,CHECKOUT_ABANDONED,Bank_A,E17,P010,UPI
E13309,C0888,19027.37,CHECKOUT_ABANDONED,Bank_B,E11,P017,CARD
E13310,C0344,741.14,SUBSCRIPTION_FAILED,Bank_A,E23,P015,CARD
E13311,C0591,20240.83,INVOICE_OVERDUE,Bank_A,E42,P013,NETBANKING
E13312,C0920,10864.38,CHECKOUT_ABANDONED,Bank_A,E42,P009,NETBANKING
E13313,C0852,10558.22,PAYMENT_FAILED,Bank_A,E11,P018,CARD
E13314,C0766,9573.44,CHECKOUT_ABANDONED,Bank_D,E42,P001,NETBANKING
E13315,C0832,20916.15,CHECKOUT_ABANDONED,Bank_C,E17,P011,UPI
E13316,C0502,17344.83,CHECKOUT_ABANDONED,Bank_A,E17,P004,CARD
E13317,C0128,24766.57,INVOICE_OVERDUE,Bank_C,E42,P001,CARD
E13318,C0123,7852.89,PAYMENT_FAILED,Bank_C,E42,P002,CARD
E13319,C0712,16191.46,INVOICE_OVERDUE,Bank_B,E17,P008,UPI
E13320,C0232,7080.78,CHECKOUT_ABANDONED,Bank_A,E17,P004,CARD
E13321,C0825,6871.68,CHECKOUT_ABANDONED,Bank_D,E11,P006,CARD
E13322,C0290,22470.62,CHECKOUT_ABANDONED,Bank_A,E23,P015,WALLET
E13323,C0298,18472.97,CHECKOUT_ABANDONED,Bank_C,E42,P019,CARD
E13324,C0997,17506.29,SUBSCRIPTION_FAILED,Bank_C,E23,P018,NETBANKING
E13325,C0231,20721.53,SUBSCRIPTION_FAILED,Bank_D,E17,P015,UPI
E13326,C0917,9730.93,INVOICE_OVERDUE,Bank_A,E42,P008,UPI
E13327,C0080,20847.51,SUBSCRIPTION_FAILED,Bank_D,E23,P013,WALLET
E13328,C0579,8767.29,PAYMENT_FAILED,Bank_B,E42,P015,NETBANKING
E13329,C0760,23838.24,CHECKOUT_ABANDONED,Bank_C,E42,P008,NETBANKING
E13330,C0458,23865.9,PAYMENT_FAILED,Bank_C,E11,P015,NETBANKING
E13331,C0260,22253.25,INVOICE_OVERDUE,Bank_D,E42,P020,NETBANKING
E13332,C0765,14413.06,SUBSCRIPTION_FAILED,Bank_A,E42,P014,CARD
E13333,C0529,22878.46,PAYMENT_FAILED,Bank_A,E42,P013,NETBANKING
E13334,C0564,3046.9,INVOICE_OVERDUE,Bank_A,E23,P008,CARD
E13335,C0270,10521.37,INVOICE_OVERDUE,Bank_B,E23,P020,UPI
E13336,C0432,3152.79,INVOICE_OVERDUE,Bank_D,E23,P008,UPI
E13337,C0523,16205.1,SUBSCRIPTION_FAILED,Bank_D,E42,P012,UPI
E13338,C0803,18052.47,INVOICE_OVERDUE,Bank_C,E42,P008,CARD
E13339,C0412,22148.56,PAYMENT_FAILED,Bank_D,E42,P004,UPI
E13340,C0699,17288.79,PAYMENT_FAILED,Bank_A,E42,P001,WALLET
E13341,C0448,5613.48,PAYMENT_FAILED,Bank_C,E11,P015,UPI
E13342,C0111,4650.41,SUBSCRIPTION_FAILED,Bank_D,E11,P010,WALLET
E13343,C0807,18389.62,INVOICE_OVERDUE,Bank_A,E23,P008,NETBANKING
E13344,C0712,6240.64,SUBSCRIPTION_FAILED,Bank_A,E42,P004,CARD
E13345,C0223,13534.84,SUBSCRIPTION_FAILED,Bank_A,E42,P001,UPI
E13346,C0641,9834.02,CHECKOUT_ABANDONED,Bank_D,E11,P014,NETBANKING
E13347,C0006,15518.17,INVOICE_OVERDUE,Bank_A,E42,P019,UPI
E13348,C0271,1301.83,PAYMENT_FAILED,Bank_D,E17,P018,CARD
E13349,C0045,3154.98,PAYMENT_FAILED,Bank_D,E23,P015,UPI
E13350,C0338,24913.32,SUBSCRIPTION_FAILED,Bank_B,E17,P006,NETBANKING
E13351,C0384,5193.09,INVOICE_OVERDUE,Bank_C,E23,P020,CARD
E13352,C0018,18515.52,INVOICE_OVERDUE,Bank_A,E42,P008,UPI
E13353,C0598,2641.98,SUBSCRIPTION_FAILED,Bank_B,E11,P019,UPI
E13354,C0948,6827.02,CHECKOUT_ABANDONED,Bank_A,E42,P013,UPI
E13355,C0451,3426.52,CHECKOUT_ABANDONED,Bank_A,E42,P011,UPI
E13356,C0635,5002.52,PAYMENT_FAILED,Bank_D,E11,P016,WALLET
E13357,C0149,16203.95,CHECKOUT_ABANDONED,Bank_C,E17,P017,CARD
E13358,C0043,4088.03,SUBSCRIPTION_FAILED,Bank_A,E23,P017,NETBANKING
E13359,C0709,5176.2,SUBSCRIPTION_FAILED,Bank_A,E42,P006,WALLET
E13360,C0347,9595.68,SUBSCRIPTION_FAILED,Bank_D,E42,P004,NETBANKING
E13361,C0245,8499.79,CHECKOUT_ABANDONED,Bank_A,E11,P019,UPI
E13362,C0283,24890.99,INVOICE_OVERDUE,Bank_D,E17,P017,NETBANKING
E13363,C0768,18568.01,SUBSCRIPTION_FAILED,Bank_B,E11,P003,UPI
E13364,C0643,4751.95,SUBSCRIPTION_FAILED,Bank_A,E42,P012,NETBANKING
E13365,C0612,24128.97,INVOICE_OVERDUE,Bank_C,E11,P019,WALLET
E13366,C0773,12842.83,INVOICE_OVERDUE,Bank_D,E11,P009,CARD
E13367,C0385,1737.96,CHECKOUT_ABANDONED,Bank_A,E11,P011,WALLET
E13368,C0939,13499.27,INVOICE_OVERDUE,Bank_D,E42,P004,UPI
E13369,C0879,12156.3,SUBSCRIPTION_FAILED,Bank_B,E23,P006,WALLET
E13370,C0084,16659.44,SUBSCRIPTION_FAILED,Bank_B,E11,P019,UPI
E13371,C0257,11210.74,SUBSCRIPTION_FAILED,Bank_A,E23,P002,CARD
E13372,C0078,21361.46,INVOICE_OVERDUE,Bank_A,E42,P007,CARD
E13373,C0326,7840.31,PAYMENT_FAILED,Bank_D,E42,P019,WALLET
E13374,C0882,17499.1,PAYMENT_FAILED,Bank_C,E42,P014,CARD
E13375,C0559,21306.09,PAYMENT_FAILED,Bank_A,E17,P009,CARD
E13376,C0399,19460.61,CHECKOUT_ABANDONED,Bank_A,E42,P011,NETBANKING
E13377,C0241,18425.06,INVOICE_OVERDUE,Bank_B,E23,P003,CARD
E13378,C0629,15457.7,SUBSCRIPTION_FAILED,Bank_C,E11,P005,CARD
E13379,C0614,20542.15,INVOICE_OVERDUE,Bank_B,E17,P005,NETBANKING
E13380,C0401,7106.28,INVOICE_OVERDUE,Bank_A,E42,P016,WALLET
E13381,C0060,1295.05,PAYMENT_FAILED,Bank_D,E11,P009,NETBANKING
E13382,C0559,17350.68,SUBSCRIPTION_FAILED,Bank_A,E11,P009,CARD
E13383,C0805,2775.12,PAYMENT_FAILED,Bank_A,E11,P018,UPI
E13384,C0683,2999.24,INVOICE_OVERDUE,Bank_B,E11,P017,CARD
E13385,C0165,10557.22,INVOICE_OVERDUE,Bank_C,E23,P010,WALLET
E13386,C0421,975.26,INVOICE_OVERDUE,Bank_A,E42,P010,CARD
E13387,C0534,4023.22,INVOICE_OVERDUE,Bank_D,E23,P016,NETBANKING
E13388,C0959,9077.88,PAYMENT_FAILED,Bank_A,E17,P019,CARD
E13389,C0197,24769.65,SUBSCRIPTION_FAILED,Bank_B,E42,P010,WALLET
E13390,C0095,16239.21,CHECKOUT_ABANDONED,Bank_D,E11,P003,CARD
E13391,C0162,7314.8,PAYMENT_FAILED,Bank_B,E42,P011,NETBANKING
E13392,C0041,4112.86,PAYMENT_FAILED,Bank_A,E42,P008,NETBANKING
E13393,C0875,23218.27,CHECKOUT_ABANDONED,Bank_C,E23,P014,WALLET
E13394,C0983,2098.4,INVOICE_OVERDUE,Bank_A,E42,P020,WALLET
E13395,C0396,19368.27,CHECKOUT_ABANDONED,Bank_B,E17,P001,WALLET
E13396,C0897,11982.24,CHECKOUT_ABANDONED,Bank_B,E42,P005,CARD
E13397,C0184,2653.85,INVOICE_OVERDUE,Bank_B,E42,P013,WALLET
E13398,C0449,9395.98,INVOICE_OVERDUE,Bank_B,E23,P012,CARD
E13399,C0373,14034.47,SUBSCRIPTION_FAILED,Bank_D,E42,P017,CARD
E13400,C0985,17455.36,SUBSCRIPTION_FAILED,Bank_A,E17,P016,NETBANKING
E13401,C0464,9227.72,PAYMENT_FAILED,Bank_C,E17,P013,NETBANKING
E13402,C0996,2217.38,PAYMENT_FAILED,Bank_C,E23,P006,UPI
E13403,C0446,2000.41,SUBSCRIPTION_FAILED,Bank_B,E11,P020,WALLET
E13404,C0825,2520.22,SUBSCRIPTION_FAILED,Bank_B,E17,P013,NETBANKING
E13405,C0203,1775.37,CHECKOUT_ABANDONED,Bank_D,E42,P011,CARD
E13406,C0161,16126.12,PAYMENT_FAILED,Bank_A,E23,P010,WALLET
E13407,C0293,12566.79,SUBSCRIPTION_FAILED,Bank_B,E23,P004,CARD
E13408,C0584,20245.03,PAYMENT_FAILED,Bank_A,E42,P019,UPI
E13409,C0615,3948.27,PAYMENT_FAILED,Bank_D,E17,P018,NETBANKING
E13410,C0047,3472.77,PAYMENT_FAILED,Bank_A,E23,P004,WALLET
E13411,C0789,20395.02,CHECKOUT_ABANDONED,Bank_D,E17,P014,NETBANKING
E13412,C0680,21904.08,PAYMENT_FAILED,Bank_D,E11,P016,NETBANKING
E13413,C0630,21514.06,INVOICE_OVERDUE,Bank_A,E11,P001,NETBANKING
E13414,C0901,1285.06,INVOICE_OVERDUE,Bank_B,E17,P001,NETBANKING
E13415,C0700,4677.33,INVOICE_OVERDUE,Bank_C,E11,P019,UPI
E13416,C0359,19800.87,PAYMENT_FAILED,Bank_A,E23,P015,WALLET
E13417,C0099,7810.56,INVOICE_OVERDUE,Bank_A,E42,P002,CARD
E13418,C0838,17522.41,CHECKOUT_ABANDONED,Bank_A,E17,P013,WALLET
E13419,C0125,16646.07,CHECKOUT_ABANDONED,Bank_B,E42,P006,WALLET
E13420,C0150,964.41,PAYMENT_FAILED,Bank_A,E42,P002,NETBANKING
E13421,C0794,14511.84,PAYMENT_FAILED,Bank_D,E42,P008,NETBANKING
E13422,C0265,9107.07,SUBSCRIPTION_FAILED,Bank_D,E11,P020,CARD
E13423,C0672,20902.82,SUBSCRIPTION_FAILED,Bank_D,E17,P019,WALLET
E13424,C0264,10895.6,SUBSCRIPTION_FAILED,Bank_B,E23,P019,WALLET
E13425,C0089,10680.21,INVOICE_OVERDUE,Bank_D,E23,P005,NETBANKING
E13426,C0121,19598.18,CHECKOUT_ABANDONED,Bank_B,E42,P017,CARD
E13427,C0672,4267.27,INVOICE_OVERDUE,Bank_C,E42,P018,CARD
E13428,C0456,8959.46,PAYMENT_FAILED,Bank_A,E42,P004,WALLET
E13429,C0529,12461.21,SUBSCRIPTION_FAILED,Bank_C,E23,P008,CARD
E13430,C0733,9026.99,PAYMENT_FAILED,Bank_A,E42,P020,WALLET
E13431,C0548,18306.16,PAYMENT_FAILED,Bank_B,E17,P008,NETBANKING
E13432,C0272,18371.85,SUBSCRIPTION_FAILED,Bank_C,E23,P011,WALLET
E13433,C0185,7592.6,CHECKOUT_ABANDONED,Bank_D,E42,P010,UPI
E13434,C0302,19378.05,INVOICE_OVERDUE,Bank_C,E23,P005,CARD
E13435,C0693,9481.65,PAYMENT_FAILED,Bank_A,E42,P016,UPI
E13436,C0457,6298.05,PAYMENT_FAILED,Bank_A,E42,P016,NETBANKING
E13437,C0821,22392.81,PAYMENT_FAILED,Bank_D,E23,P011,UPI
E13438,C0460,21271.95,CHECKOUT_ABANDONED,Bank_D,E11,P019,CARD
E13439,C0006,15366.89,INVOICE_OVERDUE,Bank_C,E42,P017,CARD
E13440,C0298,7912.55,INVOICE_OVERDUE,Bank_C,E42,P019,CARD
E13441,C0972,16546.53,SUBSCRIPTION_FAILED,Bank_A,E42,P005,CARD
E13442,C0075,571.56,SUBSCRIPTION_FAILED,Bank_C,E11,P009,WALLET
E13443,C0828,20944.54,SUBSCRIPTION_FAILED,Bank_A,E23,P011,CARD
E13444,C0999,24557.33,SUBSCRIPTION_FAILED,Bank_B,E11,P018,WALLET
E13445,C0943,13778.94,INVOICE_OVERDUE,Bank_A,E17,P002,UPI
E13446,C0177,5801.26,SUBSCRIPTION_FAILED,Bank_D,E11,P019,WALLET
E13447,C0497,4588.5,PAYMENT_FAILED,Bank_B,E23,P001,NETBANKING
E13448,C0850,23195.86,CHECKOUT_ABANDONED,Bank_A,E23,P016,WALLET
E13449,C0038,13977.94,SUBSCRIPTION_FAILED,Bank_C,E17,P004,WALLET
E13450,C0022,15454.34,SUBSCRIPTION_FAILED,Bank_B,E17,P006,CARD
E13451,C0837,8755.3,CHECKOUT_ABANDONED,Bank_D,E23,P013,WALLET
E13452,C0989,9314.58,SUBSCRIPTION_FAILED,Bank_C,E11,P012,UPI
E13453,C0723,21282.07,SUBSCRIPTION_FAILED,Bank_C,E17,P004,CARD
E13454,C0722,1022.11,PAYMENT_FAILED,Bank_B,E42,P003,NETBANKING
E13455,C0113,15074.19,PAYMENT_FAILED,Bank_A,E42,P006,NETBANKING
E13456,C0830,10555.24,PAYMENT_FAILED,Bank_A,E23,P008,UPI
E13457,C0684,17595.46,PAYMENT_FAILED,Bank_A,E11,P008,NETBANKING
E13458,C0233,11118.16,SUBSCRIPTION_FAILED,Bank_B,E11,P020,UPI
E13459,C0720,10544.76,INVOICE_OVERDUE,Bank_B,E23,P017,CARD
E13460,C0907,13095.28,PAYMENT_FAILED,Bank_A,E42,P014,WALLET
E13461,C0109,4060.75,INVOICE_OVERDUE,Bank_B,E42,P007,UPI
E13462,C0725,24690.47,SUBSCRIPTION_FAILED,Bank_C,E23,P013,CARD
E13463,C0157,14658.08,PAYMENT_FAILED,Bank_C,E23,P007,UPI
E13464,C0869,22584.84,PAYMENT_FAILED,Bank_C,E11,P014,CARD
E13465,C0838,13575.29,CHECKOUT_ABANDONED,Bank_A,E42,P013,UPI
E13466,C0444,16395.35,SUBSCRIPTION_FAILED,Bank_B,E42,P003,UPI
E13467,C0573,2546.28,CHECKOUT_ABANDONED,Bank_A,E17,P004,UPI
E13468,C0825,16293.59,INVOICE_OVERDUE,Bank_C,E17,P003,WALLET
E13469,C0584,6527.63,INVOICE_OVERDUE,Bank_D,E17,P012,UPI
E13470,C0473,18706.0,INVOICE_OVERDUE,Bank_D,E11,P019,WALLET
E13471,C0961,3461.16,SUBSCRIPTION_FAILED,Bank_C,E42,P012,NETBANKING
E13472,C0023,7786.0,INVOICE_OVERDUE,Bank_D,E42,P005,CARD
E13473,C0131,12935.06,CHECKOUT_ABANDONED,Bank_C,E23,P018,UPI
E13474,C0399,1009.53,SUBSCRIPTION_FAILED,Bank_A,E11,P020,CARD
E13475,C0967,9649.81,INVOICE_OVERDUE,Bank_A,E23,P008,CARD
E13476,C0726,19799.78,INVOICE_OVERDUE,Bank_B,E17,P009,NETBANKING
E13477,C0879,18550.76,INVOICE_OVERDUE,Bank_C,E23,P004,WALLET
E13478,C0408,7801.17,INVOICE_OVERDUE,Bank_C,E23,P011,CARD
E13479,C0065,18281.97,SUBSCRIPTION_FAILED,Bank_C,E17,P016,CARD
E13480,C0855,2138.39,PAYMENT_FAILED,Bank_B,E11,P011,NETBANKING
E13481,C0614,4885.96,PAYMENT_FAILED,Bank_A,E23,P010,CARD
E13482,C0515,1329.85,SUBSCRIPTION_FAILED,Bank_A,E42,P009,NETBANKING
E13483,C0200,510.98,CHECKOUT_ABANDONED,Bank_A,E42,P014,CARD
E13484,C0202,12931.42,PAYMENT_FAILED,Bank_A,E42,P004,WALLET
E13485,C0874,12479.7,CHECKOUT_ABANDONED,Bank_A,E42,P009,NETBANKING
E13486,C0935,18487.15,INVOICE_OVERDUE,Bank_A,E42,P007,CARD
E13487,C0517,22148.91,CHECKOUT_ABANDONED,Bank_C,E17,P006,NETBANKING
E13488,C0095,1720.93,PAYMENT_FAILED,Bank_A,E23,P003,CARD
E13489,C0340,3459.73,CHECKOUT_ABANDONED,Bank_A,E42,P013,NETBANKING
E13490,C0803,938.34,SUBSCRIPTION_FAILED,Bank_A,E42,P003,WALLET
E13491,C0793,15407.91,PAYMENT_FAILED,Bank_A,E42,P007,CARD
E13492,C0759,4633.66,CHECKOUT_ABANDONED,Bank_A,E42,P009,UPI
E13493,C0491,3097.1,CHECKOUT_ABANDONED,Bank_C,E42,P011,CARD
E13494,C0107,2383.66,INVOICE_OVERDUE,Bank_B,E23,P020,UPI
E13495,C0050,24914.6,INVOICE_OVERDUE,Bank_B,E42,P014,WALLET
E13496,C0416,1175.08,SUBSCRIPTION_FAILED,Bank_A,E42,P007,WALLET
E13497,C0050,18669.85,CHECKOUT_ABANDONED,Bank_D,E23,P011,UPI
E13498,C0979,18451.26,PAYMENT_FAILED,Bank_A,E42,P006,UPI
E13499,C0990,21214.63,INVOICE_OVERDUE,Bank_C,E42,P014,WALLET
E13500,C0627,18136.89,INVOICE_OVERDUE,Bank_D,E17,P004,NETBANKING
E13501,C0158,1446.01,CHECKOUT_ABANDONED,Bank_C,E23,P002,UPI
E13502,C0752,8755.07,CHECKOUT_ABANDONED,Bank_A,E17,P019,UPI
E13503,C0640,21609.94,SUBSCRIPTION_FAILED,Bank_B,E17,P011,CARD
E13504,C0379,1717.04,CHECKOUT_ABANDONED,Bank_A,E17,P018,WALLET
E13505,C0146,15582.27,SUBSCRIPTION_FAILED,Bank_A,E42,P001,NETBANKING
E13506,C0971,18758.06,SUBSCRIPTION_FAILED,Bank_A,E42,P008,WALLET
E13507,C0513,8797.98,SUBSCRIPTION_FAILED,Bank_A,E42,P016,NETBANKING
E13508,C0982,23019.71,INVOICE_OVERDUE,Bank_C,E17,P011,UPI
E13509,C0658,14440.96,INVOICE_OVERDUE,Bank_B,E11,P010,NETBANKING
E13510,C0138,12713.52,SUBSCRIPTION_FAILED,Bank_A,E42,P017,WALLET
E13511,C0620,754.19,PAYMENT_FAILED,Bank_A,E11,P006,WALLET
E13512,C0064,14340.32,CHECKOUT_ABANDONED,Bank_A,E11,P010,CARD
E13513,C0567,20254.29,CHECKOUT_ABANDONED,Bank_B,E17,P017,CARD
E13514,C0184,11318.63,SUBSCRIPTION_FAILED,Bank_A,E17,P003,CARD
E13515,C0504,18615.61,CHECKOUT_ABANDONED,Bank_D,E23,P012,NETBANKING
E13516,C0637,5896.71,SUBSCRIPTION_FAILED,Bank_B,E11,P020,NETBANKING
E13517,C0856,21745.22,CHECKOUT_ABANDONED,Bank_A,E42,P008,CARD
E13518,C0977,19114.76,CHECKOUT_ABANDONED,Bank_A,E23,P019,WALLET
E13519,C0327,18203.67,CHECKOUT_ABANDONED,Bank_B,E17,P014,WALLET
E13520,C0445,3507.53,CHECKOUT_ABANDONED,Bank_D,E42,P010,CARD
E13521,C0090,18149.89,INVOICE_OVERDUE,Bank_C,E17,P002,CARD
E13522,C0259,21187.78,INVOICE_OVERDUE,Bank_B,E17,P007,WALLET
E13523,C0607,11915.58,SUBSCRIPTION_FAILED,Bank_A,E42,P018,UPI
E13524,C0706,19416.62,INVOICE_OVERDUE,Bank_B,E17,P018,UPI
E13525,C0354,6826.64,CHECKOUT_ABANDONED,Bank_D,E11,P007,CARD
E13526,C0511,9652.11,CHECKOUT_ABANDONED,Bank_A,E42,P007,NETBANKING
E13527,C0871,4246.52,INVOICE_OVERDUE,Bank_B,E23,P012,CARD
E13528,C0970,524.82,CHECKOUT_ABANDONED,Bank_D,E11,P017,WALLET
E13529,C0659,626.82,PAYMENT_FAILED,Bank_C,E17,P019,CARD
E13530,C0855,7159.13,PAYMENT_FAILED,Bank_D,E23,P016,CARD
E13531,C0658,19224.95,PAYMENT_FAILED,Bank_A,E42,P011,WALLET
E13532,C0902,17254.64,INVOICE_OVERDUE,Bank_C,E17,P017,UPI
E13533,C0915,24218.17,CHECKOUT_ABANDONED,Bank_A,E42,P006,UPI
E13534,C0164,4992.8,INVOICE_OVERDUE,Bank_C,E17,P012,UPI
E13535,C0444,24974.25,CHECKOUT_ABANDONED,Bank_B,E23,P014,WALLET
E13536,C0102,19708.32,CHECKOUT_ABANDONED,Bank_B,E17,P012,NETBANKING
E13537,C0841,16049.95,CHECKOUT_ABANDONED,Bank_A,E42,P012,UPI
E13538,C0631,22550.0,INVOICE_OVERDUE,Bank_D,E11,P020,CARD
E13539,C0422,11049.36,INVOICE_OVERDUE,Bank_B,E23,P019,WALLET
E13540,C0627,2050.87,CHECKOUT_ABANDONED,Bank_C,E11,P018,NETBANKING
E13541,C0398,16892.25,INVOICE_OVERDUE,Bank_A,E42,P014,UPI
E13542,C0719,6296.64,PAYMENT_FAILED,Bank_A,E42,P010,UPI
E13543,C0010,20911.94,CHECKOUT_ABANDONED,Bank_A,E42,P005,WALLET
E13544,C0127,20849.55,INVOICE_OVERDUE,Bank_C,E23,P011,UPI
E13545,C0732,960.17,CHECKOUT_ABANDONED,Bank_A,E42,P005,UPI
E13546,C0041,7165.89,INVOICE_OVERDUE,Bank_B,E17,P016,NETBANKING
E13547,C0345,7961.82,CHECKOUT_ABANDONED,Bank_D,E17,P018,WALLET
E13548,C0494,19327.09,PAYMENT_FAILED,Bank_B,E17,P019,UPI
E13549,C0704,2334.14,PAYMENT_FAILED,Bank_A,E42,P004,NETBANKING
E13550,C0904,11819.23,PAYMENT_FAILED,Bank_C,E42,P015,CARD
E13551,C0864,10757.94,CHECKOUT_ABANDONED,Bank_A,E42,P016,UPI
E13552,C0095,14492.29,PAYMENT_FAILED,Bank_B,E23,P017,CARD
E13553,C0747,5396.15,CHECKOUT_ABANDONED,Bank_B,E17,P011,CARD
E13554,C0947,9692.61,SUBSCRIPTION_FAILED,Bank_D,E17,P013,NETBANKING
E13555,C0887,2822.33,INVOICE_OVERDUE,Bank_B,E11,P011,UPI
E13556,C0340,5994.48,INVOICE_OVERDUE,Bank_D,E17,P003,WALLET
E13557,C0432,16395.34,INVOICE_OVERDUE,Bank_B,E23,P015,WALLET
E13558,C0401,9574.38,SUBSCRIPTION_FAILED,Bank_B,E23,P002,NETBANKING
E13559,C0872,18860.86,INVOICE_OVERDUE,Bank_A,E42,P010,UPI
E13560,C0084,22257.91,INVOICE_OVERDUE,Bank_A,E42,P002,UPI
E13561,C0287,22742.85,CHECKOUT_ABANDONED,Bank_B,E17,P002,NETBANKING
E13562,C0710,15522.37,SUBSCRIPTION_FAILED,Bank_B,E11,P002,UPI
E13563,C0128,12647.82,INVOICE_OVERDUE,Bank_C,E23,P001,UPI
E13564,C0546,4797.84,PAYMENT_FAILED,Bank_A,E11,P002,WALLET
E13565,C0415,19193.9,SUBSCRIPTION_FAILED,Bank_D,E23,P019,WALLET
E13566,C0312,24613.33,CHECKOUT_ABANDONED,Bank_C,E11,P003,UPI
E13567,C0139,2086.74,CHECKOUT_ABANDONED,Bank_B,E11,P013,UPI
E13568,C0839,5446.93,INVOICE_OVERDUE,Bank_D,E23,P005,NETBANKING
E13569,C0797,5176.4,INVOICE_OVERDUE,Bank_A,E23,P008,CARD
E13570,C0902,19228.05,PAYMENT_FAILED,Bank_A,E42,P003,CARD
E13571,C0214,12260.65,INVOICE_OVERDUE,Bank_D,E11,P004,NETBANKING
E13572,C0042,9250.33,INVOICE_OVERDUE,Bank_A,E42,P005,NETBANKING
E13573,C0726,19233.06,CHECKOUT_ABANDONED,Bank_B,E42,P018,UPI
E13574,C0051,9313.54,INVOICE_OVERDUE,Bank_C,E23,P001,NETBANKING
E13575,C0858,8341.71,INVOICE_OVERDUE,Bank_D,E11,P003,WALLET
E13576,C0301,19367.47,INVOICE_OVERDUE,Bank_D,E17,P003,UPI
E13577,C0134,5725.21,CHECKOUT_ABANDONED,Bank_A,E11,P006,NETBANKING
E13578,C0047,16074.32,PAYMENT_FAILED,Bank_A,E42,P004,WALLET
E13579,C0358,24700.42,PAYMENT_FAILED,Bank_B,E11,P005,CARD
E13580,C0844,20031.25,CHECKOUT_ABANDONED,Bank_C,E42,P003,UPI
E13581,C0492,9990.85,CHECKOUT_ABANDONED,Bank_A,E17,P006,CARD
E13582,C0029,23698.02,CHECKOUT_ABANDONED,Bank_D,E42,P013,NETBANKING
E13583,C0170,1629.64,SUBSCRIPTION_FAILED,Bank_B,E23,P017,WALLET
E13584,C0120,4531.66,SUBSCRIPTION_FAILED,Bank_A,E42,P008,NETBANKING
E13585,C0493,19340.04,SUBSCRIPTION_FAILED,Bank_D,E17,P012,UPI
E13586,C0851,4719.44,PAYMENT_FAILED,Bank_B,E23,P012,WALLET
E13587,C0815,7255.6,SUBSCRIPTION_FAILED,Bank_B,E23,P011,CARD
E13588,C0063,10013.55,CHECKOUT_ABANDONED,Bank_D,E11,P012,WALLET
E13589,C0100,23820.58,PAYMENT_FAILED,Bank_A,E42,P009,WALLET
E13590,C0707,12112.91,INVOICE_OVERDUE,Bank_A,E42,P010,UPI
E13591,C0805,22562.44,CHECKOUT_ABANDONED,Bank_D,E17,P015,CARD
E13592,C0021,8388.94,CHECKOUT_ABANDONED,Bank_D,E42,P019,NETBANKING
E13593,C0258,21994.15,PAYMENT_FAILED,Bank_D,E23,P003,NETBANKING
E13594,C0803,15730.41,INVOICE_OVERDUE,Bank_D,E42,P014,WALLET
E13595,C0983,10895.44,INVOICE_OVERDUE,Bank_C,E11,P017,CARD
E13596,C0357,14896.47,SUBSCRIPTION_FAILED,Bank_B,E23,P001,UPI
E13597,C0652,11189.25,CHECKOUT_ABANDONED,Bank_B,E23,P011,UPI
E13598,C0712,19237.4,PAYMENT_FAILED,Bank_A,E11,P016,NETBANKING
E13599,C0261,20844.8,SUBSCRIPTION_FAILED,Bank_A,E42,P006,UPI
E13600,C0369,23774.7,INVOICE_OVERDUE,Bank_D,E23,P001,UPI
E13601,C0731,13699.77,CHECKOUT_ABANDONED,Bank_C,E17,P009,NETBANKING
E13602,C0593,6648.04,SUBSCRIPTION_FAILED,Bank_C,E42,P011,NETBANKING
E13603,C0829,4366.23,PAYMENT_FAILED,Bank_A,E23,P020,WALLET
E13604,C0828,7735.51,SUBSCRIPTION_FAILED,Bank_C,E23,P007,CARD
E13605,C0848,10444.27,CHECKOUT_ABANDONED,Bank_C,E11,P009,WALLET
E13606,C0625,17996.93,CHECKOUT_ABANDONED,Bank_B,E11,P013,CARD
E13607,C0225,705.73,CHECKOUT_ABANDONED,Bank_B,E42,P014,WALLET
E13608,C0574,18414.58,CHECKOUT_ABANDONED,Bank_A,E17,P005,UPI
E13609,C0684,14828.54,CHECKOUT_ABANDONED,Bank_C,E42,P018,NETBANKING
E13610,C0191,16572.41,SUBSCRIPTION_FAILED,Bank_B,E11,P014,CARD
E13611,C0831,23925.81,SUBSCRIPTION_FAILED,Bank_C,E17,P014,WALLET
E13612,C0697,5754.18,INVOICE_OVERDUE,Bank_B,E11,P015,CARD
E13613,C0938,16889.18,INVOICE_OVERDUE,Bank_B,E23,P016,WALLET
E13614,C0891,1166.13,INVOICE_OVERDUE,Bank_A,E17,P005,NETBANKING
E13615,C0808,2599.86,CHECKOUT_ABANDONED,Bank_C,E42,P019,UPI
E13616,C0357,5691.05,PAYMENT_FAILED,Bank_A,E42,P004,WALLET
E13617,C0666,13991.84,CHECKOUT_ABANDONED,Bank_D,E42,P004,WALLET
E13618,C0935,16676.5,SUBSCRIPTION_FAILED,Bank_D,E11,P003,UPI
E13619,C0613,19785.88,PAYMENT_FAILED,Bank_A,E17,P020,NETBANKING
E13620,C0896,5056.07,SUBSCRIPTION_FAILED,Bank_A,E11,P007,CARD
E13621,C0346,16278.74,INVOICE_OVERDUE,Bank_C,E11,P002,UPI
E13622,C0409,7166.05,SUBSCRIPTION_FAILED,Bank_C,E42,P019,NETBANKING
E13623,C0689,15347.67,PAYMENT_FAILED,Bank_B,E11,P018,UPI
E13624,C0154,18170.59,SUBSCRIPTION_FAILED,Bank_C,E23,P014,NETBANKING
E13625,C0220,3653.46,CHECKOUT_ABANDONED,Bank_D,E23,P003,CARD
E13626,C0930,17068.76,INVOICE_OVERDUE,Bank_B,E23,P013,CARD
E13627,C0878,18520.94,CHECKOUT_ABANDONED,Bank_A,E17,P002,CARD
E13628,C0483,13703.72,PAYMENT_FAILED,Bank_D,E11,P001,UPI
E13629,C0277,16812.99,PAYMENT_FAILED,Bank_D,E23,P010,WALLET
E13630,C0441,14723.46,SUBSCRIPTION_FAILED,Bank_A,E42,P008,UPI
E13631,C0837,5961.7,CHECKOUT_ABANDONED,Bank_A,E42,P002,CARD
E13632,C0290,6980.34,CHECKOUT_ABANDONED,Bank_A,E11,P016,CARD
E13633,C0368,5099.44,CHECKOUT_ABANDONED,Bank_C,E11,P006,CARD
E13634,C0051,2742.13,INVOICE_OVERDUE,Bank_D,E11,P012,UPI
E13635,C0331,19106.13,PAYMENT_FAILED,Bank_D,E42,P008,CARD
E13636,C0588,17766.03,CHECKOUT_ABANDONED,Bank_A,E42,P020,WALLET
E13637,C0417,2669.08,INVOICE_OVERDUE,Bank_D,E17,P003,WALLET
E13638,C0931,19349.36,PAYMENT_FAILED,Bank_C,E11,P010,UPI
E13639,C0383,21947.59,PAYMENT_FAILED,Bank_B,E17,P014,UPI
E13640,C0924,18694.36,CHECKOUT_ABANDONED,Bank_A,E42,P008,UPI
E13641,C0722,21415.12,CHECKOUT_ABANDONED,Bank_D,E23,P008,NETBANKING
E13642,C0132,14656.04,CHECKOUT_ABANDONED,Bank_C,E11,P013,UPI
E13643,C0244,7018.53,SUBSCRIPTION_FAILED,Bank_C,E23,P015,CARD
E13644,C0331,10427.22,PAYMENT_FAILED,Bank_C,E11,P007,CARD
E13645,C0182,12482.15,SUBSCRIPTION_FAILED,Bank_A,E42,P008,CARD
E13646,C0057,24681.3,PAYMENT_FAILED,Bank_C,E17,P017,UPI
E13647,C0584,19161.36,INVOICE_OVERDUE,Bank_D,E17,P013,NETBANKING
E13648,C0067,5557.75,INVOICE_OVERDUE,Bank_D,E42,P008,CARD
E13649,C0019,9450.23,INVOICE_OVERDUE,Bank_C,E23,P020,CARD
E13650,C0160,19649.05,INVOICE_OVERDUE,Bank_D,E23,P014,WALLET
E13651,C0158,23658.11,SUBSCRIPTION_FAILED,Bank_C,E11,P006,WALLET
E13652,C0332,4282.06,INVOICE_OVERDUE,Bank_C,E11,P011,CARD
E13653,C0347,5998.86,CHECKOUT_ABANDONED,Bank_A,E42,P009,UPI
E13654,C0785,4473.15,PAYMENT_FAILED,Bank_B,E17,P009,NETBANKING
E13655,C0260,24750.29,SUBSCRIPTION_FAILED,Bank_B,E42,P006,UPI
E13656,C0954,18769.89,SUBSCRIPTION_FAILED,Bank_D,E23,P017,NETBANKING
E13657,C0359,4069.24,SUBSCRIPTION_FAILED,Bank_D,E42,P011,CARD
E13658,C0210,14809.15,SUBSCRIPTION_FAILED,Bank_D,E17,P003,WALLET
E13659,C0653,9986.96,CHECKOUT_ABANDONED,Bank_A,E42,P013,NETBANKING
E13660,C0548,5460.19,INVOICE_OVERDUE,Bank_B,E42,P015,NETBANKING
E13661,C0131,3297.85,CHECKOUT_ABANDONED,Bank_D,E42,P008,CARD
E13662,C0632,18032.02,INVOICE_OVERDUE,Bank_A,E42,P011,WALLET
E13663,C0458,24490.39,PAYMENT_FAILED,Bank_D,E23,P007,NETBANKING
E13664,C0701,24545.23,PAYMENT_FAILED,Bank_C,E17,P007,UPI
E13665,C0609,17323.04,CHECKOUT_ABANDONED,Bank_C,E23,P018,CARD
E13666,C0901,3370.17,INVOICE_OVERDUE,Bank_D,E23,P016,CARD
E13667,C0682,17694.05,CHECKOUT_ABANDONED,Bank_A,E23,P010,CARD
E13668,C0546,5377.24,INVOICE_OVERDUE,Bank_A,E17,P014,NETBANKING
E13669,C0788,4220.63,INVOICE_OVERDUE,Bank_D,E11,P011,WALLET
E13670,C0846,23167.34,CHECKOUT_ABANDONED,Bank_C,E17,P012,CARD
E13671,C0549,557.86,INVOICE_OVERDUE,Bank_B,E17,P011,NETBANKING
E13672,C0331,6698.82,PAYMENT_FAILED,Bank_D,E17,P004,CARD
E13673,C0969,11810.48,CHECKOUT_ABANDONED,Bank_B,E17,P019,CARD
E13674,C0248,17329.66,SUBSCRIPTION_FAILED,Bank_B,E17,P003,CARD
E13675,C0075,5779.19,PAYMENT_FAILED,Bank_A,E42,P001,CARD
E13676,C0732,3017.53,CHECKOUT_ABANDONED,Bank_A,E17,P014,NETBANKING
E13677,C0687,6389.43,PAYMENT_FAILED,Bank_A,E23,P004,WALLET
E13678,C0966,23596.58,INVOICE_OVERDUE,Bank_B,E17,P002,NETBANKING
E13679,C0245,6301.95,INVOICE_OVERDUE,Bank_D,E11,P007,NETBANKING
E13680,C0510,5761.46,CHECKOUT_ABANDONED,Bank_A,E42,P007,CARD
E13681,C0952,15400.05,INVOICE_OVERDUE,Bank_B,E23,P011,UPI
E13682,C0683,11441.76,SUBSCRIPTION_FAILED,Bank_A,E23,P007,WALLET
E13683,C0120,3130.74,SUBSCRIPTION_FAILED,Bank_B,E42,P009,NETBANKING
E13684,C0709,24080.79,INVOICE_OVERDUE,Bank_A,E42,P010,WALLET
E13685,C0869,4573.27,INVOICE_OVERDUE,Bank_C,E42,P014,CARD
E13686,C0482,14486.33,SUBSCRIPTION_FAILED,Bank_C,E17,P018,NETBANKING
E13687,C0674,24477.96,CHECKOUT_ABANDONED,Bank_D,E11,P016,CARD
E13688,C0890,17393.83,INVOICE_OVERDUE,Bank_A,E42,P013,NETBANKING
E13689,C0586,22324.12,CHECKOUT_ABANDONED,Bank_C,E17,P001,CARD
E13690,C0106,16405.26,PAYMENT_FAILED,Bank_A,E17,P007,NETBANKING
E13691,C0007,18968.68,INVOICE_OVERDUE,Bank_C,E42,P004,WALLET
E13692,C0247,1507.34,CHECKOUT_ABANDONED,Bank_A,E11,P019,CARD
E13693,C0185,17488.86,SUBSCRIPTION_FAILED,Bank_B,E17,P017,WALLET
E13694,C0421,16811.49,SUBSCRIPTION_FAILED,Bank_A,E42,P004,CARD
E13695,C0021,15641.1,CHECKOUT_ABANDONED,Bank_B,E11,P020,NETBANKING
E13696,C0742,2013.08,SUBSCRIPTION_FAILED,Bank_B,E23,P014,UPI
E13697,C0425,4661.63,INVOICE_OVERDUE,Bank_C,E23,P013,NETBANKING
E13698,C0306,2686.44,INVOICE_OVERDUE,Bank_B,E11,P003,UPI
E13699,C0206,5389.12,INVOICE_OVERDUE,Bank_A,E17,P006,UPI
E13700,C0398,1164.24,SUBSCRIPTION_FAILED,Bank_C,E17,P011,CARD
E13701,C0351,17877.78,PAYMENT_FAILED,Bank_D,E42,P006,CARD
E13702,C0485,21337.99,CHECKOUT_ABANDONED,Bank_A,E42,P018,WALLET
E13703,C0003,1148.02,SUBSCRIPTION_FAILED,Bank_D,E11,P015,CARD
E13704,C0363,13301.37,SUBSCRIPTION_FAILED,Bank_A,E17,P002,UPI
E13705,C0289,1878.02,INVOICE_OVERDUE,Bank_A,E42,P006,WALLET
E13706,C0126,22789.43,PAYMENT_FAILED,Bank_D,E11,P014,CARD
E13707,C0081,21475.06,INVOICE_OVERDUE,Bank_C,E23,P014,UPI
E13708,C0022,4061.61,PAYMENT_FAILED,Bank_C,E23,P017,CARD
E13709,C0090,14989.05,PAYMENT_FAILED,Bank_A,E11,P016,NETBANKING
E13710,C0049,1783.8,INVOICE_OVERDUE,Bank_D,E11,P018,UPI
E13711,C0869,4016.8,SUBSCRIPTION_FAILED,Bank_D,E11,P013,UPI
E13712,C0365,19359.86,SUBSCRIPTION_FAILED,Bank_A,E42,P020,UPI
E13713,C0828,15883.46,INVOICE_OVERDUE,Bank_D,E42,P020,WALLET
E13714,C0261,15073.02,CHECKOUT_ABANDONED,Bank_A,E42,P005,NETBANKING
E13715,C0681,24736.2,PAYMENT_FAILED,Bank_A,E42,P017,NETBANKING
E13716,C0044,4585.39,INVOICE_OVERDUE,Bank_D,E11,P008,CARD
E13717,C0834,4852.9,SUBSCRIPTION_FAILED,Bank_A,E42,P005,UPI
E13718,C0530,8539.33,PAYMENT_FAILED,Bank_A,E17,P004,CARD
E13719,C0456,11387.73,PAYMENT_FAILED,Bank_B,E17,P010,UPI
E13720,C0314,14518.88,PAYMENT_FAILED,Bank_D,E17,P003,UPI
E13721,C0098,14824.52,CHECKOUT_ABANDONED,Bank_A,E42,P001,WALLET
E13722,C0672,22675.4,CHECKOUT_ABANDONED,Bank_A,E42,P001,UPI
E13723,C0098,8710.61,INVOICE_OVERDUE,Bank_A,E42,P006,CARD
E13724,C0352,14088.32,CHECKOUT_ABANDONED,Bank_C,E11,P017,NETBANKING
E13725,C0897,13337.92,CHECKOUT_ABANDONED,Bank_C,E42,P012,NETBANKING
E13726,C0220,11063.11,CHECKOUT_ABANDONED,Bank_D,E23,P002,UPI
E13727,C0704,5519.51,CHECKOUT_ABANDONED,Bank_C,E17,P006,CARD
E13728,C0466,18538.42,PAYMENT_FAILED,Bank_C,E23,P019,WALLET
E13729,C0731,21420.29,CHECKOUT_ABANDONED,Bank_A,E23,P003,CARD
E13730,C0107,11464.96,SUBSCRIPTION_FAILED,Bank_A,E42,P001,WALLET
E13731,C0959,19151.11,INVOICE_OVERDUE,Bank_C,E17,P016,WALLET
E13732,C0746,1351.45,INVOICE_OVERDUE,Bank_A,E42,P017,NETBANKING
E13733,C0007,24764.96,SUBSCRIPTION_FAILED,Bank_C,E17,P001,UPI
E13734,C0857,12288.09,CHECKOUT_ABANDONED,Bank_A,E42,P020,CARD
E13735,C0750,7391.49,CHECKOUT_ABANDONED,Bank_C,E42,P015,WALLET
E13736,C0106,9480.36,CHECKOUT_ABANDONED,Bank_D,E23,P009,WALLET
E13737,C0792,11487.4,CHECKOUT_ABANDONED,Bank_C,E11,P016,UPI
E13738,C0754,9641.1,SUBSCRIPTION_FAILED,Bank_B,E42,P012,UPI
E13739,C0169,10470.45,INVOICE_OVERDUE,Bank_B,E42,P010,UPI
E13740,C0124,4123.18,CHECKOUT_ABANDONED,Bank_A,E42,P011,NETBANKING
E13741,C0575,13407.98,CHECKOUT_ABANDONED,Bank_A,E17,P005,CARD
E13742,C0543,21299.42,SUBSCRIPTION_FAILED,Bank_B,E17,P019,CARD
E13743,C0652,18747.96,PAYMENT_FAILED,Bank_D,E17,P014,UPI
E13744,C0309,7605.7,INVOICE_OVERDUE,Bank_B,E42,P016,UPI
E13745,C0521,17160.0,PAYMENT_FAILED,Bank_C,E17,P005,WALLET
E13746,C0346,20516.88,PAYMENT_FAILED,Bank_D,E42,P009,WALLET
E13747,C0946,23125.61,CHECKOUT_ABANDONED,Bank_C,E17,P015,UPI
E13748,C0625,23823.5,PAYMENT_FAILED,Bank_D,E42,P001,NETBANKING
E13749,C0250,5080.34,INVOICE_OVERDUE,Bank_B,E42,P017,WALLET
E13750,C0186,7167.39,SUBSCRIPTION_FAILED,Bank_B,E23,P004,UPI
E13751,C0524,20885.7,INVOICE_OVERDUE,Bank_D,E11,P019,CARD
E13752,C0730,4730.26,SUBSCRIPTION_FAILED,Bank_A,E42,P020,NETBANKING
E13753,C0472,21067.45,CHECKOUT_ABANDONED,Bank_D,E23,P016,UPI
E13754,C0925,4693.57,SUBSCRIPTION_FAILED,Bank_C,E17,P016,WALLET
E13755,C0532,2577.66,CHECKOUT_ABANDONED,Bank_C,E42,P020,NETBANKING
E13756,C0852,15685.42,SUBSCRIPTION_FAILED,Bank_D,E11,P004,UPI
E13757,C0189,16626.32,INVOICE_OVERDUE,Bank_B,E23,P011,WALLET
E13758,C0365,13507.25,SUBSCRIPTION_FAILED,Bank_A,E23,P008,NETBANKING
E13759,C0841,24547.12,INVOICE_OVERDUE,Bank_A,E17,P002,WALLET
E13760,C0573,20942.52,CHECKOUT_ABANDONED,Bank_A,E42,P008,UPI
E13761,C0813,5212.29,INVOICE_OVERDUE,Bank_C,E23,P003,UPI
E13762,C0799,15670.74,SUBSCRIPTION_FAILED,Bank_C,E23,P014,CARD
E13763,C0169,24100.31,CHECKOUT_ABANDONED,Bank_D,E42,P013,NETBANKING
E13764,C0887,1059.63,CHECKOUT_ABANDONED,Bank_C,E42,P004,NETBANKING
E13765,C0851,21817.28,PAYMENT_FAILED,Bank_A,E42,P015,CARD
E13766,C0368,9673.76,INVOICE_OVERDUE,Bank_A,E42,P010,CARD
E13767,C0457,21231.68,PAYMENT_FAILED,Bank_B,E11,P005,CARD
E13768,C0301,14394.39,SUBSCRIPTION_FAILED,Bank_C,E42,P016,WALLET
E13769,C0538,18329.48,PAYMENT_FAILED,Bank_A,E42,P018,CARD
E13770,C0109,8652.87,PAYMENT_FAILED,Bank_A,E42,P004,CARD
E13771,C0786,2871.4,CHECKOUT_ABANDONED,Bank_A,E42,P005,WALLET
E13772,C0142,9435.76,SUBSCRIPTION_FAILED,Bank_A,E42,P003,UPI
E13773,C0773,10208.08,SUBSCRIPTION_FAILED,Bank_A,E42,P005,WALLET
E13774,C0603,10292.48,CHECKOUT_ABANDONED,Bank_B,E17,P008,NETBANKING
E13775,C0037,2035.11,PAYMENT_FAILED,Bank_B,E42,P001,UPI
E13776,C0469,17896.99,SUBSCRIPTION_FAILED,Bank_A,E17,P017,UPI
E13777,C0732,5500.06,PAYMENT_FAILED,Bank_A,E42,P020,UPI
E13778,C0684,14909.71,SUBSCRIPTION_FAILED,Bank_A,E17,P007,UPI
E13779,C0207,17286.84,CHECKOUT_ABANDONED,Bank_B,E17,P014,CARD
E13780,C0324,3508.76,SUBSCRIPTION_FAILED,Bank_B,E17,P013,WALLET
E13781,C0785,1942.12,CHECKOUT_ABANDONED,Bank_A,E42,P019,UPI
E13782,C0016,16837.73,SUBSCRIPTION_FAILED,Bank_A,E42,P003,CARD
E13783,C0191,9068.56,SUBSCRIPTION_FAILED,Bank_B,E23,P016,NETBANKING
E13784,C0005,7493.11,INVOICE_OVERDUE,Bank_A,E42,P007,WALLET
E13785,C0324,3184.66,PAYMENT_FAILED,Bank_A,E42,P018,UPI
E13786,C0708,2561.87,INVOICE_OVERDUE,Bank_A,E11,P011,UPI
E13787,C0887,24118.73,INVOICE_OVERDUE,Bank_A,E23,P001,NETBANKING
E13788,C0441,3954.61,INVOICE_OVERDUE,Bank_B,E42,P020,CARD
E13789,C0410,11851.27,PAYMENT_FAILED,Bank_B,E23,P009,CARD
E13790,C0981,1237.37,INVOICE_OVERDUE,Bank_B,E11,P007,UPI
E13791,C0250,16693.91,PAYMENT_FAILED,Bank_C,E23,P010,NETBANKING
E13792,C0708,17149.39,PAYMENT_FAILED,Bank_C,E23,P014,WALLET
E13793,C0891,22360.81,INVOICE_OVERDUE,Bank_C,E42,P007,UPI
E13794,C0819,7559.1,PAYMENT_FAILED,Bank_A,E42,P012,NETBANKING
E13795,C0129,22196.36,SUBSCRIPTION_FAILED,Bank_A,E42,P019,CARD
E13796,C0895,20032.54,CHECKOUT_ABANDONED,Bank_C,E42,P020,CARD
E13797,C0768,10737.05,SUBSCRIPTION_FAILED,Bank_A,E42,P016,WALLET
E13798,C0332,23057.95,CHECKOUT_ABANDONED,Bank_D,E11,P002,UPI
E13799,C0887,20727.46,CHECKOUT_ABANDONED,Bank_B,E42,P012,WALLET
E13800,C0905,8329.85,INVOICE_OVERDUE,Bank_B,E11,P010,WALLET
E13801,C0636,20435.99,SUBSCRIPTION_FAILED,Bank_D,E23,P020,WALLET
E13802,C0909,6884.98,PAYMENT_FAILED,Bank_A,E17,P017,UPI
E13803,C0228,24195.56,INVOICE_OVERDUE,Bank_D,E42,P011,CARD
E13804,C0557,15844.59,INVOICE_OVERDUE,Bank_A,E42,P014,CARD
E13805,C0746,7542.11,INVOICE_OVERDUE,Bank_C,E17,P011,CARD
E13806,C0235,11579.69,SUBSCRIPTION_FAILED,Bank_D,E17,P002,CARD
E13807,C0694,7416.02,INVOICE_OVERDUE,Bank_B,E23,P015,WALLET
E13808,C0567,10764.2,CHECKOUT_ABANDONED,Bank_B,E17,P019,CARD
E13809,C0487,5120.19,CHECKOUT_ABANDONED,Bank_A,E42,P004,CARD
E13810,C0717,14487.03,PAYMENT_FAILED,Bank_D,E17,P014,WALLET
E13811,C0787,1596.27,INVOICE_OVERDUE,Bank_A,E17,P004,UPI
E13812,C0863,9786.52,SUBSCRIPTION_FAILED,Bank_A,E23,P001,CARD
E13813,C0650,23558.32,PAYMENT_FAILED,Bank_B,E17,P007,CARD
E13814,C0610,6061.32,SUBSCRIPTION_FAILED,Bank_C,E42,P014,CARD
E13815,C0041,11858.71,SUBSCRIPTION_FAILED,Bank_D,E42,P019,WALLET
E13816,C0895,12918.07,PAYMENT_FAILED,Bank_B,E42,P014,NETBANKING
E13817,C0971,4349.95,INVOICE_OVERDUE,Bank_A,E42,P013,WALLET
E13818,C0371,2732.88,PAYMENT_FAILED,Bank_A,E42,P016,NETBANKING
E13819,C0796,12284.91,CHECKOUT_ABANDONED,Bank_C,E23,P012,CARD
E13820,C0401,21206.06,SUBSCRIPTION_FAILED,Bank_A,E42,P005,CARD
E13821,C0972,20612.43,CHECKOUT_ABANDONED,Bank_A,E23,P018,WALLET
E13822,C0858,20179.28,CHECKOUT_ABANDONED,Bank_B,E11,P011,WALLET
E13823,C0896,4759.53,PAYMENT_FAILED,Bank_C,E11,P015,NETBANKING
E13824,C0356,17007.82,CHECKOUT_ABANDONED,Bank_C,E23,P012,WALLET
E13825,C0161,24300.89,INVOICE_OVERDUE,Bank_A,E42,P017,NETBANKING
E13826,C0929,22403.08,CHECKOUT_ABANDONED,Bank_A,E42,P017,NETBANKING
E13827,C0381,11464.37,PAYMENT_FAILED,Bank_B,E17,P010,WALLET
E13828,C0055,834.73,INVOICE_OVERDUE,Bank_C,E23,P018,UPI
E13829,C0568,16253.92,SUBSCRIPTION_FAILED,Bank_A,E42,P018,WALLET
E13830,C0012,14367.41,PAYMENT_FAILED,Bank_D,E42,P001,CARD
E13831,C0210,5823.83,SUBSCRIPTION_FAILED,Bank_A,E42,P006,NETBANKING
E13832,C0368,6340.34,PAYMENT_FAILED,Bank_D,E42,P006,NETBANKING
E13833,C0925,9422.38,INVOICE_OVERDUE,Bank_C,E11,P011,WALLET
E13834,C0158,2795.1,CHECKOUT_ABANDONED,Bank_D,E11,P017,NETBANKING
E13835,C0321,24645.78,CHECKOUT_ABANDONED,Bank_B,E11,P016,CARD
E13836,C0295,18828.01,SUBSCRIPTION_FAILED,Bank_A,E23,P013,CARD
E13837,C0490,10153.47,INVOICE_OVERDUE,Bank_B,E42,P011,CARD
E13838,C0774,2761.37,SUBSCRIPTION_FAILED,Bank_C,E17,P013,WALLET
E13839,C0900,17785.04,SUBSCRIPTION_FAILED,Bank_C,E42,P008,UPI
E13840,C0251,10222.24,PAYMENT_FAILED,Bank_B,E42,P020,CARD
E13841,C0511,5946.83,SUBSCRIPTION_FAILED,Bank_D,E23,P007,NETBANKING
E13842,C0048,22436.62,CHECKOUT_ABANDONED,Bank_C,E11,P013,WALLET
E13843,C0412,5479.86,PAYMENT_FAILED,Bank_B,E42,P001,CARD
E13844,C0072,8031.44,SUBSCRIPTION_FAILED,Bank_B,E42,P017,NETBANKING
E13845,C0353,10371.58,PAYMENT_FAILED,Bank_C,E23,P001,WALLET
E13846,C0313,8586.13,SUBSCRIPTION_FAILED,Bank_D,E17,P017,UPI
E13847,C0652,14691.82,INVOICE_OVERDUE,Bank_A,E42,P003,WALLET
E13848,C0640,6555.94,PAYMENT_FAILED,Bank_A,E11,P009,UPI
E13849,C0926,4388.3,PAYMENT_FAILED,Bank_B,E17,P011,CARD
E13850,C0168,9418.22,INVOICE_OVERDUE,Bank_C,E17,P019,WALLET
E13851,C0936,14073.5,SUBSCRIPTION_FAILED,Bank_D,E11,P002,WALLET
E13852,C0739,6739.56,SUBSCRIPTION_FAILED,Bank_A,E42,P001,UPI
E13853,C0344,19669.36,SUBSCRIPTION_FAILED,Bank_A,E42,P017,NETBANKING
E13854,C0293,20324.68,PAYMENT_FAILED,Bank_A,E42,P018,NETBANKING
E13855,C0868,5143.24,INVOICE_OVERDUE,Bank_A,E42,P003,UPI
E13856,C0103,3462.16,INVOICE_OVERDUE,Bank_B,E11,P013,CARD
E13857,C0358,8208.66,INVOICE_OVERDUE,Bank_D,E42,P019,CARD
E13858,C0598,2020.14,INVOICE_OVERDUE,Bank_A,E23,P015,UPI
E13859,C0964,19575.29,SUBSCRIPTION_FAILED,Bank_D,E42,P013,CARD
E13860,C0969,7785.91,PAYMENT_FAILED,Bank_A,E23,P012,UPI
E13861,C0763,14369.85,CHECKOUT_ABANDONED,Bank_A,E42,P012,CARD
E13862,C0789,3781.03,SUBSCRIPTION_FAILED,Bank_B,E11,P007,WALLET
E13863,C0634,3983.57,INVOICE_OVERDUE,Bank_D,E11,P019,UPI
E13864,C0563,5250.66,INVOICE_OVERDUE,Bank_A,E17,P014,UPI
E13865,C0245,24460.79,CHECKOUT_ABANDONED,Bank_B,E23,P003,UPI
E13866,C0537,20816.5,INVOICE_OVERDUE,Bank_D,E11,P014,WALLET
E13867,C0113,6868.25,INVOICE_OVERDUE,Bank_A,E42,P001,WALLET
E13868,C0063,23910.31,CHECKOUT_ABANDONED,Bank_D,E11,P007,CARD
E13869,C0525,14679.15,SUBSCRIPTION_FAILED,Bank_A,E42,P014,WALLET
E13870,C0604,21852.58,SUBSCRIPTION_FAILED,Bank_B,E11,P019,UPI
E13871,C0344,5576.25,INVOICE_OVERDUE,Bank_C,E42,P013,WALLET
E13872,C0959,3334.47,CHECKOUT_ABANDONED,Bank_A,E42,P017,UPI
E13873,C0358,1777.96,SUBSCRIPTION_FAILED,Bank_D,E23,P006,NETBANKING
E13874,C0584,16413.49,PAYMENT_FAILED,Bank_B,E17,P015,CARD
E13875,C0170,15400.87,INVOICE_OVERDUE,Bank_A,E42,P002,CARD
E13876,C0648,3353.54,PAYMENT_FAILED,Bank_C,E11,P004,WALLET
E13877,C0881,1889.24,SUBSCRIPTION_FAILED,Bank_A,E42,P001,WALLET
E13878,C0802,6148.17,INVOICE_OVERDUE,Bank_A,E42,P006,NETBANKING
E13879,C0333,24587.27,PAYMENT_FAILED,Bank_A,E17,P016,WALLET
E13880,C0941,2154.16,INVOICE_OVERDUE,Bank_D,E23,P011,UPI
E13881,C0992,22701.72,CHECKOUT_ABANDONED,Bank_B,E23,P015,NETBANKING
E13882,C0576,2566.88,SUBSCRIPTION_FAILED,Bank_C,E11,P003,NETBANKING
E13883,C0785,18056.23,SUBSCRIPTION_FAILED,Bank_D,E17,P016,WALLET
E13884,C0230,15214.01,SUBSCRIPTION_FAILED,Bank_C,E11,P005,CARD
E13885,C0615,1213.42,CHECKOUT_ABANDONED,Bank_B,E42,P009,UPI
E13886,C0004,7583.55,INVOICE_OVERDUE,Bank_B,E17,P008,WALLET
E13887,C0434,12993.48,SUBSCRIPTION_FAILED,Bank_D,E42,P001,NETBANKING
E13888,C0526,1757.68,CHECKOUT_ABANDONED,Bank_D,E23,P018,UPI
E13889,C0355,13327.32,PAYMENT_FAILED,Bank_B,E23,P011,NETBANKING
E13890,C0148,24609.86,INVOICE_OVERDUE,Bank_D,E11,P018,CARD
E13891,C0927,2979.25,SUBSCRIPTION_FAILED,Bank_C,E23,P017,WALLET
E13892,C0582,24034.94,CHECKOUT_ABANDONED,Bank_A,E42,P014,UPI
E13893,C0444,19750.37,SUBSCRIPTION_FAILED,Bank_D,E23,P001,CARD
E13894,C0889,23314.37,INVOICE_OVERDUE,Bank_C,E42,P016,WALLET
E13895,C0094,7420.27,PAYMENT_FAILED,Bank_A,E42,P002,UPI
E13896,C0087,17807.92,CHECKOUT_ABANDONED,Bank_C,E23,P019,WALLET
E13897,C0666,3861.93,SUBSCRIPTION_FAILED,Bank_B,E11,P005,CARD
E13898,C0860,23880.4,CHECKOUT_ABANDONED,Bank_C,E17,P002,UPI
E13899,C0324,4419.8,SUBSCRIPTION_FAILED,Bank_A,E42,P010,NETBANKING
E13900,C0789,6988.63,CHECKOUT_ABANDONED,Bank_A,E42,P002,WALLET
E13901,C0159,20449.37,SUBSCRIPTION_FAILED,Bank_B,E23,P003,NETBANKING
E13902,C0745,867.7,CHECKOUT_ABANDONED,Bank_D,E11,P003,WALLET
E13903,C0977,10720.55,CHECKOUT_ABANDONED,Bank_D,E17,P003,WALLET
E13904,C0496,18751.94,SUBSCRIPTION_FAILED,Bank_A,E42,P018,CARD
E13905,C0604,8509.99,INVOICE_OVERDUE,Bank_B,E11,P009,CARD
E13906,C0670,7675.42,CHECKOUT_ABANDONED,Bank_D,E42,P006,UPI
E13907,C0080,21226.18,SUBSCRIPTION_FAILED,Bank_A,E23,P017,NETBANKING
E13908,C0384,16938.9,PAYMENT_FAILED,Bank_B,E17,P018,NETBANKING
E13909,C0435,21187.11,INVOICE_OVERDUE,Bank_D,E11,P017,UPI
E13910,C0383,19750.58,INVOICE_OVERDUE,Bank_D,E17,P001,NETBANKING
E13911,C0690,20332.37,INVOICE_OVERDUE,Bank_B,E11,P015,WALLET
E13912,C0049,12008.75,PAYMENT_FAILED,Bank_A,E42,P013,NETBANKING
E13913,C0263,9215.56,INVOICE_OVERDUE,Bank_A,E42,P020,CARD
E13914,C0739,24526.91,CHECKOUT_ABANDONED,Bank_C,E17,P007,WALLET
E13915,C0165,5056.45,SUBSCRIPTION_FAILED,Bank_D,E23,P017,CARD
E13916,C0358,10617.39,CHECKOUT_ABANDONED,Bank_C,E42,P013,NETBANKING
E13917,C0737,8391.55,CHECKOUT_ABANDONED,Bank_B,E23,P001,CARD
E13918,C0875,16778.95,SUBSCRIPTION_FAILED,Bank_D,E23,P008,WALLET
E13919,C0231,19126.08,CHECKOUT_ABANDONED,Bank_B,E23,P003,UPI
E13920,C0121,14567.7,PAYMENT_FAILED,Bank_A,E42,P007,UPI
E13921,C0715,7186.09,CHECKOUT_ABANDONED,Bank_A,E11,P004,NETBANKING
E13922,C0787,7167.65,CHECKOUT_ABANDONED,Bank_A,E42,P010,CARD
E13923,C0492,4913.27,PAYMENT_FAILED,Bank_A,E23,P005,WALLET
E13924,C0276,6864.41,SUBSCRIPTION_FAILED,Bank_A,E42,P006,CARD
E13925,C0832,7449.73,INVOICE_OVERDUE,Bank_C,E17,P015,NETBANKING
E13926,C0210,9001.11,INVOICE_OVERDUE,Bank_D,E23,P018,UPI
E13927,C0009,23466.71,INVOICE_OVERDUE,Bank_A,E42,P020,UPI
E13928,C0417,23635.39,PAYMENT_FAILED,Bank_D,E42,P013,WALLET
E13929,C0543,20423.39,PAYMENT_FAILED,Bank_A,E42,P005,NETBANKING
E13930,C0276,12779.04,INVOICE_OVERDUE,Bank_C,E11,P014,NETBANKING
E13931,C0511,8419.44,SUBSCRIPTION_FAILED,Bank_C,E23,P006,UPI
E13932,C0154,11662.92,SUBSCRIPTION_FAILED,Bank_B,E17,P011,CARD
E13933,C0758,21600.8,CHECKOUT_ABANDONED,Bank_C,E11,P003,WALLET
E13934,C0131,3467.47,CHECKOUT_ABANDONED,Bank_A,E42,P001,NETBANKING
E13935,C0330,12574.87,SUBSCRIPTION_FAILED,Bank_B,E23,P017,CARD
E13936,C0028,14754.49,INVOICE_OVERDUE,Bank_D,E42,P013,CARD
E13937,C0702,4224.69,PAYMENT_FAILED,Bank_C,E42,P017,NETBANKING
E13938,C0199,10122.25,PAYMENT_FAILED,Bank_B,E17,P011,WALLET
E13939,C0557,15144.48,PAYMENT_FAILED,Bank_A,E23,P019,UPI
E13940,C0732,1613.77,CHECKOUT_ABANDONED,Bank_D,E17,P018,UPI
E13941,C0162,11697.4,PAYMENT_FAILED,Bank_C,E23,P004,NETBANKING
E13942,C0495,1655.65,PAYMENT_FAILED,Bank_B,E11,P013,UPI
E13943,C0821,20631.32,CHECKOUT_ABANDONED,Bank_A,E23,P001,WALLET
E13944,C0100,2565.74,INVOICE_OVERDUE,Bank_D,E11,P004,UPI
E13945,C0458,19642.2,PAYMENT_FAILED,Bank_C,E42,P015,UPI
E13946,C0778,8813.18,INVOICE_OVERDUE,Bank_A,E23,P011,NETBANKING
E13947,C0385,12599.12,SUBSCRIPTION_FAILED,Bank_B,E23,P008,CARD
E13948,C0388,5271.18,PAYMENT_FAILED,Bank_D,E17,P005,WALLET
E13949,C0464,8228.82,CHECKOUT_ABANDONED,Bank_C,E11,P012,UPI
E13950,C0652,18345.48,CHECKOUT_ABANDONED,Bank_D,E17,P003,UPI
E13951,C0809,18905.09,PAYMENT_FAILED,Bank_D,E11,P001,CARD
E13952,C0423,15260.76,SUBSCRIPTION_FAILED,Bank_C,E17,P013,UPI
E13953,C0487,3767.2,SUBSCRIPTION_FAILED,Bank_B,E23,P010,CARD
E13954,C0532,1752.39,SUBSCRIPTION_FAILED,Bank_A,E11,P019,WALLET
E13955,C0895,7015.0,PAYMENT_FAILED,Bank_C,E11,P016,NETBANKING
E13956,C0043,5160.6,PAYMENT_FAILED,Bank_A,E42,P005,NETBANKING
E13957,C0322,24837.5,SUBSCRIPTION_FAILED,Bank_B,E42,P020,NETBANKING
E13958,C0579,3901.78,PAYMENT_FAILED,Bank_D,E11,P012,WALLET
E13959,C0603,24003.01,CHECKOUT_ABANDONED,Bank_A,E42,P016,UPI
E13960,C0554,11963.85,SUBSCRIPTION_FAILED,Bank_D,E11,P002,CARD
E13961,C0759,6736.85,CHECKOUT_ABANDONED,Bank_A,E17,P001,CARD
E13962,C0794,18763.1,CHECKOUT_ABANDONED,Bank_D,E17,P018,NETBANKING
E13963,C0150,14959.12,PAYMENT_FAILED,Bank_B,E23,P018,UPI
E13964,C0812,19441.99,CHECKOUT_ABANDONED,Bank_C,E17,P006,NETBANKING
E13965,C0275,24495.38,PAYMENT_FAILED,Bank_A,E17,P014,CARD
E13966,C0789,7332.8,CHECKOUT_ABANDONED,Bank_A,E17,P018,NETBANKING
E13967,C0221,16170.61,CHECKOUT_ABANDONED,Bank_A,E42,P016,WALLET
E13968,C0287,8660.16,INVOICE_OVERDUE,Bank_B,E23,P010,NETBANKING
E13969,C0543,568.17,SUBSCRIPTION_FAILED,Bank_A,E11,P001,CARD
E13970,C0101,21448.58,PAYMENT_FAILED,Bank_D,E11,P016,NETBANKING
E13971,C0395,22863.27,SUBSCRIPTION_FAILED,Bank_A,E11,P014,CARD
E13972,C0481,10453.33,PAYMENT_FAILED,Bank_A,E42,P006,WALLET
E13973,C0107,614.04,SUBSCRIPTION_FAILED,Bank_B,E42,P003,CARD
E13974,C0835,8389.67,CHECKOUT_ABANDONED,Bank_A,E42,P019,UPI
E13975,C0528,5372.16,SUBSCRIPTION_FAILED,Bank_A,E42,P011,NETBANKING
E13976,C0345,3699.46,CHECKOUT_ABANDONED,Bank_A,E42,P018,NETBANKING
E13977,C0687,15637.63,SUBSCRIPTION_FAILED,Bank_D,E23,P002,CARD
E13978,C0283,8494.47,CHECKOUT_ABANDONED,Bank_C,E23,P016,NETBANKING
E13979,C0862,23055.33,INVOICE_OVERDUE,Bank_D,E23,P003,WALLET
E13980,C0938,1236.77,SUBSCRIPTION_FAILED,Bank_C,E17,P011,WALLET
E13981,C0689,11103.64,PAYMENT_FAILED,Bank_C,E23,P005,WALLET
E13982,C0742,2015.37,INVOICE_OVERDUE,Bank_A,E11,P012,WALLET
E13983,C0342,864.73,INVOICE_OVERDUE,Bank_A,E23,P012,NETBANKING
E13984,C0003,15264.87,PAYMENT_FAILED,Bank_B,E42,P011,CARD
E13985,C0258,3878.1,PAYMENT_FAILED,Bank_A,E42,P012,UPI
E13986,C0362,9890.35,INVOICE_OVERDUE,Bank_A,E17,P012,CARD
E13987,C0430,17619.8,INVOICE_OVERDUE,Bank_D,E17,P009,NETBANKING
E13988,C0307,8291.67,PAYMENT_FAILED,Bank_D,E23,P004,CARD
E13989,C0407,21699.6,INVOICE_OVERDUE,Bank_B,E17,P016,WALLET
E13990,C0485,7440.56,CHECKOUT_ABANDONED,Bank_A,E11,P016,CARD
E13991,C0236,6785.12,INVOICE_OVERDUE,Bank_B,E42,P016,UPI
E13992,C0919,19582.8,INVOICE_OVERDUE,Bank_A,E42,P011,CARD
E13993,C0358,4030.39,INVOICE_OVERDUE,Bank_A,E23,P011,WALLET
E13994,C0474,6896.96,SUBSCRIPTION_FAILED,Bank_A,E17,P004,WALLET
E13995,C0839,11279.07,CHECKOUT_ABANDONED,Bank_B,E17,P015,NETBANKING
E13996,C0946,18624.07,INVOICE_OVERDUE,Bank_A,E42,P019,WALLET
E13997,C0857,23603.47,INVOICE_OVERDUE,Bank_C,E42,P017,WALLET
E13998,C0270,1424.82,PAYMENT_FAILED,Bank_C,E11,P006,NETBANKING
E13999,C0836,16438.73,SUBSCRIPTION_FAILED,Bank_A,E23,P020,NETBANKING
E14000,C0064,17699.2,CHECKOUT_ABANDONED,Bank_A,E42,P010,UPI
E14001,C0177,19885.92,INVOICE_OVERDUE,Bank_B,E11,P002,CARD
E14002,C0474,1598.57,INVOICE_OVERDUE,Bank_C,E23,P005,WALLET
E14003,C0708,21765.71,SUBSCRIPTION_FAILED,Bank_B,E17,P020,UPI
E14004,C0845,7036.97,PAYMENT_FAILED,Bank_B,E23,P006,NETBANKING
E14005,C0665,24874.12,PAYMENT_FAILED,Bank_C,E11,P006,WALLET
E14006,C0189,17514.89,PAYMENT_FAILED,Bank_D,E11,P014,NETBANKING
E14007,C0574,11904.1,INVOICE_OVERDUE,Bank_D,E11,P017,CARD
E14008,C0224,4031.44,PAYMENT_FAILED,Bank_D,E11,P002,NETBANKING
E14009,C0945,22415.68,INVOICE_OVERDUE,Bank_A,E17,P014,NETBANKING
E14010,C0524,14880.14,PAYMENT_FAILED,Bank_C,E17,P005,UPI
E14011,C0845,18024.61,CHECKOUT_ABANDONED,Bank_D,E23,P015,CARD
E14012,C0194,10739.12,SUBSCRIPTION_FAILED,Bank_D,E17,P011,UPI
E14013,C0577,9899.49,SUBSCRIPTION_FAILED,Bank_A,E11,P012,WALLET
E14014,C0706,9560.57,SUBSCRIPTION_FAILED,Bank_D,E11,P007,NETBANKING
E14015,C0997,6541.17,INVOICE_OVERDUE,Bank_A,E42,P007,UPI
E14016,C0502,8530.12,INVOICE_OVERDUE,Bank_B,E11,P006,NETBANKING
E14017,C0215,19416.64,PAYMENT_FAILED,Bank_D,E17,P002,NETBANKING
E14018,C0040,17263.6,INVOICE_OVERDUE,Bank_B,E23,P020,UPI
E14019,C0105,18804.05,SUBSCRIPTION_FAILED,Bank_C,E42,P020,UPI
E14020,C0956,4869.53,SUBSCRIPTION_FAILED,Bank_B,E23,P010,NETBANKING
E14021,C0524,21234.36,CHECKOUT_ABANDONED,Bank_A,E42,P014,UPI
E14022,C0605,2708.44,INVOICE_OVERDUE,Bank_A,E42,P019,UPI
E14023,C0007,23785.74,SUBSCRIPTION_FAILED,Bank_C,E11,P017,CARD
E14024,C0850,20741.89,PAYMENT_FAILED,Bank_D,E23,P008,NETBANKING
E14025,C0965,15894.87,INVOICE_OVERDUE,Bank_D,E23,P008,UPI
E14026,C0135,1468.4,CHECKOUT_ABANDONED,Bank_A,E11,P002,NETBANKING
E14027,C0479,21302.02,CHECKOUT_ABANDONED,Bank_A,E42,P005,WALLET
E14028,C0584,794.91,SUBSCRIPTION_FAILED,Bank_C,E42,P013,UPI
E14029,C0321,10671.16,SUBSCRIPTION_FAILED,Bank_C,E11,P015,CARD
E14030,C0127,5734.48,SUBSCRIPTION_FAILED,Bank_C,E23,P012,NETBANKING
E14031,C0406,11705.13,PAYMENT_FAILED,Bank_D,E11,P020,UPI
E14032,C0037,19182.31,CHECKOUT_ABANDONED,Bank_B,E17,P009,UPI
E14033,C0689,16759.47,CHECKOUT_ABANDONED,Bank_D,E11,P019,WALLET
E14034,C0313,16318.45,CHECKOUT_ABANDONED,Bank_D,E42,P008,CARD
E14035,C0633,5773.51,SUBSCRIPTION_FAILED,Bank_A,E42,P002,CARD
E14036,C0761,11619.66,INVOICE_OVERDUE,Bank_A,E42,P017,NETBANKING
E14037,C0109,13341.7,SUBSCRIPTION_FAILED,Bank_C,E17,P019,UPI
E14038,C0727,19443.38,PAYMENT_FAILED,Bank_D,E17,P011,CARD
E14039,C0088,2414.16,SUBSCRIPTION_FAILED,Bank_B,E17,P009,UPI
E14040,C0660,1748.43,PAYMENT_FAILED,Bank_C,E42,P007,WALLET
E14041,C0447,16290.75,INVOICE_OVERDUE,Bank_A,E17,P017,CARD
E14042,C0163,15060.77,INVOICE_OVERDUE,Bank_C,E11,P007,CARD
E14043,C0597,17587.76,PAYMENT_FAILED,Bank_C,E42,P013,WALLET
E14044,C0498,16645.88,SUBSCRIPTION_FAILED,Bank_A,E42,P010,CARD
E14045,C0553,7746.26,CHECKOUT_ABANDONED,Bank_B,E11,P002,UPI
E14046,C0617,18600.24,SUBSCRIPTION_FAILED,Bank_A,E42,P013,WALLET
E14047,C0544,14152.22,SUBSCRIPTION_FAILED,Bank_D,E23,P012,UPI
E14048,C0024,15822.55,CHECKOUT_ABANDONED,Bank_B,E17,P018,NETBANKING
E14049,C0010,12748.82,CHECKOUT_ABANDONED,Bank_C,E23,P006,CARD
E14050,C0057,22699.29,INVOICE_OVERDUE,Bank_A,E11,P008,UPI
E14051,C0051,24201.6,SUBSCRIPTION_FAILED,Bank_A,E42,P005,NETBANKING
E14052,C0795,7964.47,INVOICE_OVERDUE,Bank_A,E42,P016,CARD
E14053,C0509,15085.9,PAYMENT_FAILED,Bank_D,E11,P020,WALLET
E14054,C0702,14105.95,CHECKOUT_ABANDONED,Bank_B,E23,P006,WALLET
E14055,C0194,21087.66,INVOICE_OVERDUE,Bank_B,E17,P007,WALLET
E14056,C0122,6865.44,SUBSCRIPTION_FAILED,Bank_D,E11,P011,WALLET
E14057,C0581,7252.15,PAYMENT_FAILED,Bank_B,E23,P013,CARD
E14058,C0347,3640.02,CHECKOUT_ABANDONED,Bank_B,E42,P010,UPI
E14059,C0677,3403.66,PAYMENT_FAILED,Bank_D,E17,P016,UPI
E14060,C0009,11923.99,SUBSCRIPTION_FAILED,Bank_B,E42,P001,UPI
E14061,C0137,17882.7,PAYMENT_FAILED,Bank_D,E11,P020,CARD
E14062,C0828,17329.98,PAYMENT_FAILED,Bank_A,E42,P004,WALLET
E14063,C0384,5531.48,INVOICE_OVERDUE,Bank_C,E23,P003,UPI
E14064,C0915,1155.65,CHECKOUT_ABANDONED,Bank_A,E23,P017,WALLET
E14065,C0250,624.93,PAYMENT_FAILED,Bank_D,E23,P001,CARD
E14066,C0604,2450.02,PAYMENT_FAILED,Bank_C,E42,P013,UPI
E14067,C0249,7530.56,SUBSCRIPTION_FAILED,Bank_B,E23,P007,UPI
E14068,C0723,10166.98,SUBSCRIPTION_FAILED,Bank_A,E42,P009,NETBANKING
E14069,C0724,12820.37,PAYMENT_FAILED,Bank_B,E23,P009,CARD
E14070,C0604,12862.05,INVOICE_OVERDUE,Bank_C,E42,P006,UPI
E14071,C0025,15561.21,PAYMENT_FAILED,Bank_A,E11,P013,UPI
E14072,C0056,3170.92,PAYMENT_FAILED,Bank_C,E11,P006,WALLET
E14073,C0805,20406.55,INVOICE_OVERDUE,Bank_A,E42,P018,CARD
E14074,C0312,22871.19,SUBSCRIPTION_FAILED,Bank_C,E11,P008,CARD
E14075,C0523,1740.3,CHECKOUT_ABANDONED,Bank_D,E17,P001,UPI
E14076,C0375,2831.06,INVOICE_OVERDUE,Bank_D,E42,P003,NETBANKING
E14077,C0856,24576.77,CHECKOUT_ABANDONED,Bank_A,E42,P007,CARD
E14078,C0168,24080.18,INVOICE_OVERDUE,Bank_A,E17,P001,CARD
E14079,C0059,15438.37,INVOICE_OVERDUE,Bank_D,E17,P009,NETBANKING
E14080,C0988,8641.44,PAYMENT_FAILED,Bank_D,E11,P016,UPI
E14081,C0451,9324.65,SUBSCRIPTION_FAILED,Bank_D,E11,P013,CARD
E14082,C0327,19890.08,SUBSCRIPTION_FAILED,Bank_A,E17,P018,UPI
E14083,C0834,5795.39,SUBSCRIPTION_FAILED,Bank_B,E23,P020,CARD
E14084,C0138,16112.3,SUBSCRIPTION_FAILED,Bank_C,E11,P001,CARD
E14085,C0473,13412.47,CHECKOUT_ABANDONED,Bank_A,E17,P013,UPI
E14086,C0309,6676.0,INVOICE_OVERDUE,Bank_D,E23,P018,WALLET
E14087,C0444,10333.06,INVOICE_OVERDUE,Bank_D,E17,P001,CARD
E14088,C0469,18731.54,CHECKOUT_ABANDONED,Bank_C,E17,P006,NETBANKING
E14089,C0475,17139.12,CHECKOUT_ABANDONED,Bank_B,E42,P012,NETBANKING
E14090,C0299,538.27,PAYMENT_FAILED,Bank_A,E11,P006,UPI
E14091,C0896,7904.96,INVOICE_OVERDUE,Bank_D,E11,P003,UPI
E14092,C0233,15850.62,CHECKOUT_ABANDONED,Bank_C,E23,P017,NETBANKING
E14093,C0375,11428.64,SUBSCRIPTION_FAILED,Bank_B,E17,P002,WALLET
E14094,C0575,15002.75,PAYMENT_FAILED,Bank_B,E17,P017,UPI
E14095,C0503,23543.23,CHECKOUT_ABANDONED,Bank_A,E42,P017,UPI
E14096,C0787,10842.87,SUBSCRIPTION_FAILED,Bank_D,E42,P016,NETBANKING
E14097,C0636,23458.71,INVOICE_OVERDUE,Bank_D,E23,P020,WALLET
E14098,C0901,14784.61,SUBSCRIPTION_FAILED,Bank_A,E23,P006,WALLET
E14099,C0433,8790.88,PAYMENT_FAILED,Bank_B,E17,P020,NETBANKING
E14100,C0629,2769.28,PAYMENT_FAILED,Bank_B,E23,P019,NETBANKING
E14101,C0736,10793.03,INVOICE_OVERDUE,Bank_A,E42,P005,WALLET
E14102,C0363,8473.63,CHECKOUT_ABANDONED,Bank_B,E23,P015,WALLET
E14103,C0511,24303.55,INVOICE_OVERDUE,Bank_C,E17,P020,NETBANKING
E14104,C0181,24688.47,PAYMENT_FAILED,Bank_C,E17,P007,CARD
E14105,C0322,17145.06,PAYMENT_FAILED,Bank_C,E23,P016,NETBANKING
E14106,C0269,8334.81,INVOICE_OVERDUE,Bank_B,E42,P013,WALLET
E14107,C0034,17679.75,CHECKOUT_ABANDONED,Bank_A,E42,P002,UPI
E14108,C0724,10695.47,INVOICE_OVERDUE,Bank_A,E42,P019,CARD
E14109,C0586,7337.4,PAYMENT_FAILED,Bank_B,E23,P008,NETBANKING
E14110,C0383,17224.88,CHECKOUT_ABANDONED,Bank_A,E11,P018,CARD
E14111,C0824,4791.64,INVOICE_OVERDUE,Bank_A,E42,P017,UPI
E14112,C0986,19974.69,CHECKOUT_ABANDONED,Bank_D,E23,P017,NETBANKING
E14113,C0172,608.34,INVOICE_OVERDUE,Bank_C,E42,P008,UPI
E14114,C0222,2316.24,PAYMENT_FAILED,Bank_A,E23,P001,UPI
E14115,C0341,9516.7,SUBSCRIPTION_FAILED,Bank_B,E11,P016,WALLET
E14116,C0834,3513.12,SUBSCRIPTION_FAILED,Bank_A,E17,P007,NETBANKING
E14117,C0219,4611.15,INVOICE_OVERDUE,Bank_A,E11,P001,CARD
E14118,C0836,20633.43,CHECKOUT_ABANDONED,Bank_A,E42,P001,NETBANKING
E14119,C0947,24839.71,PAYMENT_FAILED,Bank_B,E23,P015,WALLET
E14120,C0887,944.96,CHECKOUT_ABANDONED,Bank_D,E11,P013,UPI
E14121,C0040,13184.74,INVOICE_OVERDUE,Bank_A,E42,P017,UPI
E14122,C0238,7832.47,CHECKOUT_ABANDONED,Bank_C,E17,P016,NETBANKING
E14123,C0272,3311.47,PAYMENT_FAILED,Bank_B,E11,P013,UPI
E14124,C0146,1044.49,CHECKOUT_ABANDONED,Bank_C,E11,P005,CARD
E14125,C0610,1415.27,INVOICE_OVERDUE,Bank_A,E42,P014,NETBANKING
E14126,C0445,22683.19,INVOICE_OVERDUE,Bank_C,E17,P001,UPI
E14127,C0697,14682.48,INVOICE_OVERDUE,Bank_A,E42,P015,WALLET
E14128,C0858,16416.52,INVOICE_OVERDUE,Bank_A,E42,P011,NETBANKING
E14129,C0554,24280.9,SUBSCRIPTION_FAILED,Bank_B,E11,P004,NETBANKING
E14130,C0214,24747.45,INVOICE_OVERDUE,Bank_A,E42,P001,WALLET
E14131,C0201,10470.39,PAYMENT_FAILED,Bank_B,E42,P011,WALLET
E14132,C0498,1372.54,SUBSCRIPTION_FAILED,Bank_C,E42,P011,CARD
E14133,C0806,8071.71,SUBSCRIPTION_FAILED,Bank_A,E42,P003,UPI
E14134,C0192,11565.16,SUBSCRIPTION_FAILED,Bank_A,E42,P015,CARD
E14135,C0983,6668.13,PAYMENT_FAILED,Bank_A,E42,P001,CARD
E14136,C0690,18282.32,INVOICE_OVERDUE,Bank_B,E23,P020,UPI
E14137,C0020,3896.93,SUBSCRIPTION_FAILED,Bank_B,E17,P014,UPI
E14138,C0494,10821.1,CHECKOUT_ABANDONED,Bank_B,E23,P014,CARD
E14139,C0903,15379.7,INVOICE_OVERDUE,Bank_A,E42,P015,NETBANKING
E14140,C0453,12591.91,INVOICE_OVERDUE,Bank_A,E42,P018,CARD
E14141,C0365,17752.8,SUBSCRIPTION_FAILED,Bank_B,E23,P017,CARD
E14142,C0577,3269.09,SUBSCRIPTION_FAILED,Bank_A,E42,P017,WALLET
E14143,C0373,1215.86,CHECKOUT_ABANDONED,Bank_A,E42,P020,CARD
E14144,C0983,8077.47,PAYMENT_FAILED,Bank_B,E17,P015,UPI
E14145,C0608,22834.44,SUBSCRIPTION_FAILED,Bank_A,E17,P013,UPI
E14146,C0838,3131.87,INVOICE_OVERDUE,Bank_A,E42,P008,CARD
E14147,C0741,13495.9,CHECKOUT_ABANDONED,Bank_D,E17,P015,NETBANKING
E14148,C0178,8066.91,CHECKOUT_ABANDONED,Bank_A,E42,P014,NETBANKING
E14149,C0549,4737.98,INVOICE_OVERDUE,Bank_C,E17,P013,UPI
E14150,C0729,1327.22,INVOICE_OVERDUE,Bank_A,E42,P012,NETBANKING
E14151,C0177,18107.4,SUBSCRIPTION_FAILED,Bank_D,E11,P001,CARD
E14152,C0875,8474.13,PAYMENT_FAILED,Bank_A,E17,P009,CARD
E14153,C0573,21193.9,INVOICE_OVERDUE,Bank_A,E42,P005,WALLET
E14154,C0167,5677.46,CHECKOUT_ABANDONED,Bank_A,E42,P003,CARD
E14155,C0151,9349.35,SUBSCRIPTION_FAILED,Bank_A,E42,P019,CARD
E14156,C0538,8763.03,PAYMENT_FAILED,Bank_A,E23,P006,UPI
E14157,C0053,3649.58,PAYMENT_FAILED,Bank_C,E42,P007,NETBANKING
E14158,C0805,14175.34,PAYMENT_FAILED,Bank_A,E42,P013,NETBANKING
E14159,C0931,2198.62,SUBSCRIPTION_FAILED,Bank_C,E42,P001,WALLET
E14160,C0777,8966.26,INVOICE_OVERDUE,Bank_B,E11,P008,CARD
E14161,C0417,18374.69,PAYMENT_FAILED,Bank_C,E23,P004,WALLET
E14162,C0193,3468.72,INVOICE_OVERDUE,Bank_A,E23,P018,WALLET
E14163,C0792,23033.33,CHECKOUT_ABANDONED,Bank_A,E42,P018,NETBANKING
E14164,C0197,17527.23,INVOICE_OVERDUE,Bank_D,E42,P015,NETBANKING
E14165,C0443,3975.94,CHECKOUT_ABANDONED,Bank_B,E11,P009,CARD
E14166,C0229,1185.41,CHECKOUT_ABANDONED,Bank_D,E42,P017,CARD
E14167,C0637,13042.48,SUBSCRIPTION_FAILED,Bank_A,E42,P012,CARD
E14168,C0794,9668.62,PAYMENT_FAILED,Bank_C,E11,P007,UPI
E14169,C0761,1593.58,PAYMENT_FAILED,Bank_D,E42,P006,WALLET
E14170,C0465,21991.27,PAYMENT_FAILED,Bank_C,E23,P001,WALLET
E14171,C0460,3276.35,INVOICE_OVERDUE,Bank_A,E42,P002,CARD
E14172,C0954,4132.05,CHECKOUT_ABANDONED,Bank_A,E42,P014,WALLET
E14173,C0853,744.63,SUBSCRIPTION_FAILED,Bank_D,E11,P011,CARD
E14174,C0488,6679.67,SUBSCRIPTION_FAILED,Bank_C,E17,P011,CARD
E14175,C0718,10516.45,CHECKOUT_ABANDONED,Bank_A,E42,P014,UPI
E14176,C0913,22798.86,INVOICE_OVERDUE,Bank_A,E42,P007,CARD
E14177,C0493,2544.77,CHECKOUT_ABANDONED,Bank_D,E42,P004,WALLET
E14178,C0938,18985.53,SUBSCRIPTION_FAILED,Bank_C,E42,P005,UPI
E14179,C0264,15373.27,PAYMENT_FAILED,Bank_A,E42,P005,NETBANKING
E14180,C0791,2713.85,PAYMENT_FAILED,Bank_A,E23,P001,CARD
E14181,C0700,13837.29,PAYMENT_FAILED,Bank_A,E17,P004,CARD
E14182,C0949,11075.59,SUBSCRIPTION_FAILED,Bank_D,E42,P002,CARD
E14183,C0682,8824.26,PAYMENT_FAILED,Bank_D,E17,P008,CARD
E14184,C0137,7162.45,SUBSCRIPTION_FAILED,Bank_A,E42,P016,UPI
E14185,C0039,7099.37,SUBSCRIPTION_FAILED,Bank_A,E42,P020,UPI
E14186,C0677,20222.28,PAYMENT_FAILED,Bank_A,E17,P014,WALLET
E14187,C0630,9601.36,CHECKOUT_ABANDONED,Bank_C,E42,P020,NETBANKING
E14188,C0878,6821.59,SUBSCRIPTION_FAILED,Bank_D,E23,P010,NETBANKING
E14189,C0170,2023.33,INVOICE_OVERDUE,Bank_D,E17,P016,UPI
E14190,C0944,16175.86,CHECKOUT_ABANDONED,Bank_B,E42,P013,NETBANKING
E14191,C0476,18996.36,SUBSCRIPTION_FAILED,Bank_D,E42,P011,CARD
E14192,C0724,20049.07,PAYMENT_FAILED,Bank_A,E42,P012,UPI
E14193,C0331,2768.62,CHECKOUT_ABANDONED,Bank_A,E42,P012,CARD
E14194,C0930,8682.27,CHECKOUT_ABANDONED,Bank_B,E23,P010,UPI
E14195,C0361,6312.66,CHECKOUT_ABANDONED,Bank_B,E42,P013,UPI
E14196,C0993,14014.37,SUBSCRIPTION_FAILED,Bank_D,E42,P019,CARD
E14197,C0647,20011.16,PAYMENT_FAILED,Bank_C,E17,P019,WALLET
E14198,C0172,12273.36,PAYMENT_FAILED,Bank_C,E23,P005,NETBANKING
E14199,C0405,18323.5,INVOICE_OVERDUE,Bank_A,E17,P007,NETBANKING
E14200,C0224,17308.35,CHECKOUT_ABANDONED,Bank_D,E42,P020,WALLET
E14201,C0382,1141.16,CHECKOUT_ABANDONED,Bank_B,E23,P011,WALLET
E14202,C0389,24183.77,INVOICE_OVERDUE,Bank_B,E17,P007,CARD
E14203,C0268,19229.2,INVOICE_OVERDUE,Bank_A,E11,P007,NETBANKING
E14204,C0359,21288.94,PAYMENT_FAILED,Bank_C,E42,P003,UPI
E14205,C0973,21010.73,PAYMENT_FAILED,Bank_A,E42,P017,NETBANKING
E14206,C0700,4114.03,CHECKOUT_ABANDONED,Bank_A,E42,P016,UPI
E14207,C0076,1807.67,SUBSCRIPTION_FAILED,Bank_A,E42,P012,NETBANKING
E14208,C0597,19224.48,CHECKOUT_ABANDONED,Bank_A,E42,P011,WALLET
E14209,C0820,12006.89,INVOICE_OVERDUE,Bank_A,E23,P016,WALLET
E14210,C0546,7460.2,SUBSCRIPTION_FAILED,Bank_C,E17,P016,WALLET
E14211,C0253,14266.34,INVOICE_OVERDUE,Bank_A,E42,P001,CARD
E14212,C0280,9097.0,CHECKOUT_ABANDONED,Bank_A,E42,P019,NETBANKING
E14213,C0248,4319.13,SUBSCRIPTION_FAILED,Bank_D,E11,P019,WALLET
E14214,C0897,14892.27,CHECKOUT_ABANDONED,Bank_B,E42,P011,UPI
E14215,C0312,23961.23,INVOICE_OVERDUE,Bank_C,E42,P017,CARD
E14216,C0374,12027.22,CHECKOUT_ABANDONED,Bank_D,E42,P008,NETBANKING
E14217,C0929,17475.55,PAYMENT_FAILED,Bank_D,E23,P006,WALLET
E14218,C0217,14972.59,CHECKOUT_ABANDONED,Bank_C,E23,P020,WALLET
E14219,C0388,10601.71,PAYMENT_FAILED,Bank_A,E23,P016,NETBANKING
E14220,C0256,23588.61,INVOICE_OVERDUE,Bank_A,E42,P009,UPI
E14221,C0533,16817.9,CHECKOUT_ABANDONED,Bank_B,E23,P012,CARD
E14222,C0979,15366.95,INVOICE_OVERDUE,Bank_D,E11,P005,UPI
E14223,C0152,16573.82,CHECKOUT_ABANDONED,Bank_C,E17,P001,UPI
E14224,C0951,4600.69,PAYMENT_FAILED,Bank_A,E42,P017,UPI
E14225,C0201,21802.72,INVOICE_OVERDUE,Bank_D,E42,P001,CARD
E14226,C0564,16508.92,INVOICE_OVERDUE,Bank_D,E11,P018,NETBANKING
E14227,C0555,18547.82,SUBSCRIPTION_FAILED,Bank_B,E11,P011,UPI
E14228,C0609,4419.59,CHECKOUT_ABANDONED,Bank_C,E17,P013,NETBANKING
E14229,C0987,2772.57,PAYMENT_FAILED,Bank_B,E23,P016,CARD
E14230,C0830,13560.99,PAYMENT_FAILED,Bank_D,E11,P017,NETBANKING
E14231,C0718,23839.72,INVOICE_OVERDUE,Bank_D,E42,P020,WALLET
E14232,C0030,23739.85,SUBSCRIPTION_FAILED,Bank_A,E42,P013,CARD
E14233,C0450,11805.22,CHECKOUT_ABANDONED,Bank_C,E11,P017,UPI
E14234,C0665,22839.66,PAYMENT_FAILED,Bank_B,E23,P017,NETBANKING
E14235,C0821,5532.93,SUBSCRIPTION_FAILED,Bank_A,E42,P018,NETBANKING
E14236,C0606,14842.02,PAYMENT_FAILED,Bank_A,E11,P002,WALLET
E14237,C0618,16482.02,CHECKOUT_ABANDONED,Bank_C,E42,P006,CARD
E14238,C0821,8118.05,CHECKOUT_ABANDONED,Bank_C,E17,P020,UPI
E14239,C0749,14512.53,PAYMENT_FAILED,Bank_A,E42,P015,NETBANKING
E14240,C0259,10595.27,PAYMENT_FAILED,Bank_C,E11,P008,CARD
E14241,C0022,2409.61,PAYMENT_FAILED,Bank_A,E11,P013,CARD
E14242,C0184,13031.32,SUBSCRIPTION_FAILED,Bank_A,E42,P004,WALLET
E14243,C0357,22743.73,SUBSCRIPTION_FAILED,Bank_A,E42,P020,UPI
E14244,C0037,8541.16,PAYMENT_FAILED,Bank_D,E23,P004,WALLET
E14245,C0733,12887.75,INVOICE_OVERDUE,Bank_A,E42,P011,NETBANKING
E14246,C0514,16937.76,PAYMENT_FAILED,Bank_A,E42,P019,UPI
E14247,C0816,21436.79,PAYMENT_FAILED,Bank_B,E42,P010,NETBANKING
E14248,C0004,4454.61,INVOICE_OVERDUE,Bank_A,E17,P019,UPI
E14249,C0673,2428.38,CHECKOUT_ABANDONED,Bank_A,E42,P004,WALLET
E14250,C0966,13355.08,CHECKOUT_ABANDONED,Bank_A,E11,P008,UPI
E14251,C0566,10533.23,PAYMENT_FAILED,Bank_A,E23,P013,WALLET
E14252,C0069,11022.84,INVOICE_OVERDUE,Bank_A,E17,P001,CARD
E14253,C0342,17063.18,SUBSCRIPTION_FAILED,Bank_A,E11,P003,NETBANKING
E14254,C0021,18855.53,CHECKOUT_ABANDONED,Bank_D,E17,P015,CARD
E14255,C0730,9157.69,CHECKOUT_ABANDONED,Bank_B,E23,P014,NETBANKING
E14256,C0031,22824.62,INVOICE_OVERDUE,Bank_A,E23,P013,UPI
E14257,C0638,23155.97,INVOICE_OVERDUE,Bank_A,E42,P015,UPI
E14258,C0353,19846.0,INVOICE_OVERDUE,Bank_C,E23,P007,WALLET
E14259,C0650,15382.88,SUBSCRIPTION_FAILED,Bank_B,E11,P003,NETBANKING
E14260,C0268,20669.05,CHECKOUT_ABANDONED,Bank_D,E23,P009,WALLET
E14261,C0293,3230.08,PAYMENT_FAILED,Bank_A,E42,P018,UPI
E14262,C0881,17897.0,PAYMENT_FAILED,Bank_C,E17,P008,NETBANKING
E14263,C0493,14373.66,INVOICE_OVERDUE,Bank_A,E11,P010,NETBANKING
E14264,C0298,2776.55,CHECKOUT_ABANDONED,Bank_A,E42,P010,CARD
E14265,C0574,20136.77,INVOICE_OVERDUE,Bank_B,E42,P017,NETBANKING
E14266,C0729,679.88,INVOICE_OVERDUE,Bank_A,E42,P004,NETBANKING
E14267,C0793,3791.47,INVOICE_OVERDUE,Bank_B,E11,P018,UPI
E14268,C0214,8198.87,CHECKOUT_ABANDONED,Bank_A,E23,P006,UPI
E14269,C0056,15093.48,CHECKOUT_ABANDONED,Bank_D,E23,P016,UPI
E14270,C0734,20602.93,CHECKOUT_ABANDONED,Bank_C,E23,P010,CARD
E14271,C0981,8618.91,CHECKOUT_ABANDONED,Bank_C,E17,P009,NETBANKING
E14272,C0021,7543.09,SUBSCRIPTION_FAILED,Bank_D,E42,P017,WALLET
E14273,C0637,15753.96,PAYMENT_FAILED,Bank_D,E11,P005,NETBANKING
E14274,C0577,4140.14,PAYMENT_FAILED,Bank_B,E11,P007,CARD
E14275,C0574,16794.35,SUBSCRIPTION_FAILED,Bank_C,E11,P018,NETBANKING
E14276,C0397,8462.49,PAYMENT_FAILED,Bank_A,E11,P006,WALLET
E14277,C0568,21666.79,PAYMENT_FAILED,Bank_A,E42,P019,UPI
E14278,C0211,11473.63,SUBSCRIPTION_FAILED,Bank_A,E42,P003,NETBANKING
E14279,C0498,22540.1,SUBSCRIPTION_FAILED,Bank_D,E17,P004,NETBANKING
E14280,C0462,10719.29,PAYMENT_FAILED,Bank_C,E42,P008,UPI
E14281,C0052,23520.55,SUBSCRIPTION_FAILED,Bank_A,E42,P011,WALLET
E14282,C0672,18212.5,CHECKOUT_ABANDONED,Bank_D,E17,P020,CARD
E14283,C0308,24769.02,PAYMENT_FAILED,Bank_A,E42,P010,UPI
E14284,C0885,19616.17,SUBSCRIPTION_FAILED,Bank_D,E42,P017,NETBANKING
E14285,C0026,4505.17,SUBSCRIPTION_FAILED,Bank_C,E42,P010,WALLET
E14286,C0229,4877.19,PAYMENT_FAILED,Bank_A,E42,P007,NETBANKING
E14287,C0176,22352.29,INVOICE_OVERDUE,Bank_D,E17,P019,UPI
E14288,C0094,14243.11,CHECKOUT_ABANDONED,Bank_A,E23,P014,UPI
E14289,C0909,8200.02,PAYMENT_FAILED,Bank_D,E42,P005,NETBANKING
E14290,C0321,24001.85,CHECKOUT_ABANDONED,Bank_C,E17,P019,NETBANKING
E14291,C0542,19151.29,SUBSCRIPTION_FAILED,Bank_A,E42,P011,WALLET
E14292,C0187,15041.05,CHECKOUT_ABANDONED,Bank_A,E17,P006,NETBANKING
E14293,C0566,20090.48,SUBSCRIPTION_FAILED,Bank_D,E11,P014,CARD
E14294,C0653,4649.09,CHECKOUT_ABANDONED,Bank_C,E23,P013,UPI
E14295,C0321,10454.04,CHECKOUT_ABANDONED,Bank_B,E11,P005,NETBANKING
E14296,C0399,7036.82,CHECKOUT_ABANDONED,Bank_D,E11,P005,UPI
E14297,C0255,2301.11,SUBSCRIPTION_FAILED,Bank_A,E42,P007,UPI
E14298,C0770,875.49,INVOICE_OVERDUE,Bank_D,E42,P014,CARD
E14299,C0856,22815.02,PAYMENT_FAILED,Bank_D,E11,P004,UPI
E14300,C0485,9634.82,SUBSCRIPTION_FAILED,Bank_B,E11,P011,CARD
E14301,C0416,21208.88,CHECKOUT_ABANDONED,Bank_A,E17,P006,UPI
E14302,C0614,568.85,SUBSCRIPTION_FAILED,Bank_A,E42,P018,NETBANKING
E14303,C0011,13818.3,INVOICE_OVERDUE,Bank_C,E23,P013,NETBANKING
E14304,C0018,11892.01,SUBSCRIPTION_FAILED,Bank_A,E42,P002,WALLET
E14305,C0500,5174.31,INVOICE_OVERDUE,Bank_C,E42,P003,CARD
E14306,C0093,6631.8,SUBSCRIPTION_FAILED,Bank_C,E42,P011,NETBANKING
E14307,C0055,9305.85,INVOICE_OVERDUE,Bank_A,E23,P012,UPI
E14308,C0835,15247.87,CHECKOUT_ABANDONED,Bank_A,E42,P003,WALLET
E14309,C0525,20152.66,INVOICE_OVERDUE,Bank_D,E23,P007,WALLET
E14310,C0218,19160.89,PAYMENT_FAILED,Bank_B,E42,P019,UPI
E14311,C0494,6196.87,CHECKOUT_ABANDONED,Bank_B,E23,P001,WALLET
E14312,C0848,20027.66,INVOICE_OVERDUE,Bank_D,E17,P011,NETBANKING
E14313,C0520,4951.44,PAYMENT_FAILED,Bank_C,E23,P019,WALLET
E14314,C0608,9315.93,INVOICE_OVERDUE,Bank_B,E17,P004,WALLET
E14315,C0154,14401.06,CHECKOUT_ABANDONED,Bank_B,E42,P016,UPI
E14316,C0639,16046.78,PAYMENT_FAILED,Bank_A,E42,P007,CARD
E14317,C0832,5145.4,INVOICE_OVERDUE,Bank_C,E42,P020,WALLET
E14318,C0562,15883.7,SUBSCRIPTION_FAILED,Bank_A,E42,P003,UPI
E14319,C0177,1524.88,CHECKOUT_ABANDONED,Bank_B,E17,P019,NETBANKING
E14320,C0651,12303.61,INVOICE_OVERDUE,Bank_A,E42,P006,NETBANKING
E14321,C0738,14203.17,INVOICE_OVERDUE,Bank_C,E42,P002,UPI
E14322,C0298,2771.05,CHECKOUT_ABANDONED,Bank_C,E23,P013,CARD
E14323,C0558,6692.27,INVOICE_OVERDUE,Bank_B,E23,P001,CARD
E14324,C0033,3545.55,INVOICE_OVERDUE,Bank_A,E23,P006,NETBANKING
E14325,C0401,22000.63,PAYMENT_FAILED,Bank_A,E17,P012,WALLET
E14326,C0537,17706.73,SUBSCRIPTION_FAILED,Bank_B,E17,P008,WALLET
E14327,C0639,2726.96,INVOICE_OVERDUE,Bank_C,E23,P017,WALLET
E14328,C0746,11286.5,PAYMENT_FAILED,Bank_A,E17,P017,UPI
E14329,C0697,21301.77,PAYMENT_FAILED,Bank_A,E42,P018,NETBANKING
E14330,C0202,12962.26,SUBSCRIPTION_FAILED,Bank_C,E11,P009,UPI
E14331,C0172,24021.75,PAYMENT_FAILED,Bank_D,E42,P020,CARD
E14332,C0743,6738.66,SUBSCRIPTION_FAILED,Bank_A,E42,P008,NETBANKING
E14333,C0306,20139.81,INVOICE_OVERDUE,Bank_B,E17,P005,NETBANKING
E14334,C0535,6722.97,PAYMENT_FAILED,Bank_C,E17,P001,CARD
E14335,C0260,13790.48,SUBSCRIPTION_FAILED,Bank_A,E23,P001,CARD
E14336,C0521,3674.75,CHECKOUT_ABANDONED,Bank_A,E42,P008,NETBANKING
E14337,C0272,9094.49,SUBSCRIPTION_FAILED,Bank_D,E17,P001,CARD
E14338,C0361,11702.86,SUBSCRIPTION_FAILED,Bank_C,E17,P003,WALLET
E14339,C0857,23678.73,SUBSCRIPTION_FAILED,Bank_D,E11,P004,CARD
E14340,C0309,18213.55,PAYMENT_FAILED,Bank_D,E23,P016,WALLET
E14341,C0405,6450.82,SUBSCRIPTION_FAILED,Bank_C,E42,P007,UPI
E14342,C0508,22426.29,CHECKOUT_ABANDONED,Bank_A,E42,P014,CARD
E14343,C0671,10298.08,SUBSCRIPTION_FAILED,Bank_A,E42,P005,NETBANKING
E14344,C0374,22880.67,INVOICE_OVERDUE,Bank_D,E23,P016,NETBANKING
E14345,C0172,775.61,SUBSCRIPTION_FAILED,Bank_A,E42,P019,NETBANKING
E14346,C0061,16536.36,SUBSCRIPTION_FAILED,Bank_A,E11,P020,UPI
E14347,C0876,24678.05,CHECKOUT_ABANDONED,Bank_D,E17,P002,WALLET
E14348,C0587,2681.5,CHECKOUT_ABANDONED,Bank_A,E42,P009,WALLET
E14349,C0487,21081.14,INVOICE_OVERDUE,Bank_D,E11,P018,UPI
E14350,C0038,13230.39,SUBSCRIPTION_FAILED,Bank_C,E11,P013,WALLET
E14351,C0349,11410.82,CHECKOUT_ABANDONED,Bank_B,E11,P020,CARD
E14352,C0057,19429.97,SUBSCRIPTION_FAILED,Bank_A,E42,P018,NETBANKING
E14353,C0336,5844.76,CHECKOUT_ABANDONED,Bank_D,E42,P004,WALLET
E14354,C0266,4341.3,CHECKOUT_ABANDONED,Bank_A,E23,P011,WALLET
E14355,C0674,21237.54,INVOICE_OVERDUE,Bank_A,E42,P012,CARD
E14356,C0472,9959.77,SUBSCRIPTION_FAILED,Bank_A,E23,P020,CARD
E14357,C0068,10688.88,PAYMENT_FAILED,Bank_C,E23,P001,NETBANKING
E14358,C0041,13917.7,SUBSCRIPTION_FAILED,Bank_D,E11,P011,UPI
E14359,C0475,24204.61,SUBSCRIPTION_FAILED,Bank_A,E42,P017,WALLET
E14360,C0929,23995.69,CHECKOUT_ABANDONED,Bank_A,E42,P016,CARD
E14361,C0278,17763.98,CHECKOUT_ABANDONED,Bank_A,E42,P005,CARD
E14362,C0531,16311.67,CHECKOUT_ABANDONED,Bank_A,E42,P012,CARD
E14363,C0337,1735.91,CHECKOUT_ABANDONED,Bank_C,E23,P006,CARD
E14364,C0117,14169.59,SUBSCRIPTION_FAILED,Bank_A,E17,P007,NETBANKING
E14365,C0420,9033.86,CHECKOUT_ABANDONED,Bank_A,E23,P017,NETBANKING
E14366,C0764,16223.87,CHECKOUT_ABANDONED,Bank_C,E23,P014,CARD
E14367,C0127,4967.19,CHECKOUT_ABANDONED,Bank_B,E17,P010,WALLET
E14368,C0842,5815.47,PAYMENT_FAILED,Bank_D,E11,P001,UPI
E14369,C0839,10046.28,SUBSCRIPTION_FAILED,Bank_A,E42,P002,WALLET
E14370,C0724,9351.51,CHECKOUT_ABANDONED,Bank_A,E42,P015,UPI
E14371,C0837,1253.67,SUBSCRIPTION_FAILED,Bank_C,E17,P003,CARD
E14372,C0839,14104.37,CHECKOUT_ABANDONED,Bank_A,E17,P012,UPI
E14373,C0812,7907.78,INVOICE_OVERDUE,Bank_A,E17,P017,WALLET
E14374,C0094,3021.73,SUBSCRIPTION_FAILED,Bank_A,E42,P008,WALLET
E14375,C0905,9631.93,INVOICE_OVERDUE,Bank_C,E11,P008,UPI
E14376,C0002,7278.15,INVOICE_OVERDUE,Bank_C,E17,P012,UPI
E14377,C0142,7463.7,PAYMENT_FAILED,Bank_B,E42,P010,WALLET
E14378,C0370,20687.04,PAYMENT_FAILED,Bank_D,E17,P002,CARD
E14379,C0553,16461.09,SUBSCRIPTION_FAILED,Bank_A,E42,P002,UPI
E14380,C0367,6167.82,CHECKOUT_ABANDONED,Bank_A,E11,P015,UPI
E14381,C0755,23885.56,CHECKOUT_ABANDONED,Bank_C,E11,P013,CARD
E14382,C0124,17547.09,INVOICE_OVERDUE,Bank_C,E17,P011,UPI
E14383,C0929,23532.41,CHECKOUT_ABANDONED,Bank_A,E42,P007,NETBANKING
E14384,C0888,24820.68,CHECKOUT_ABANDONED,Bank_D,E42,P011,WALLET
E14385,C0264,8514.9,SUBSCRIPTION_FAILED,Bank_B,E23,P008,UPI
E14386,C0530,24291.08,PAYMENT_FAILED,Bank_A,E42,P015,CARD
E14387,C0110,12671.35,INVOICE_OVERDUE,Bank_D,E23,P010,WALLET
E14388,C0222,883.68,INVOICE_OVERDUE,Bank_B,E42,P014,UPI
E14389,C0163,9167.84,PAYMENT_FAILED,Bank_C,E23,P008,WALLET
E14390,C0833,10675.14,SUBSCRIPTION_FAILED,Bank_A,E17,P014,UPI
E14391,C0734,20987.02,PAYMENT_FAILED,Bank_B,E17,P001,CARD
E14392,C0948,20185.52,SUBSCRIPTION_FAILED,Bank_A,E11,P001,UPI
E14393,C0534,16337.63,PAYMENT_FAILED,Bank_B,E11,P011,WALLET
E14394,C0098,24658.99,PAYMENT_FAILED,Bank_D,E42,P004,CARD
E14395,C0006,20856.2,INVOICE_OVERDUE,Bank_D,E11,P001,CARD
E14396,C0628,5142.04,CHECKOUT_ABANDONED,Bank_B,E23,P012,UPI
E14397,C0824,20045.64,SUBSCRIPTION_FAILED,Bank_B,E42,P003,NETBANKING
E14398,C0027,3296.59,INVOICE_OVERDUE,Bank_B,E17,P015,NETBANKING
E14399,C0506,8538.55,CHECKOUT_ABANDONED,Bank_D,E42,P005,UPI
E14400,C0680,22532.71,SUBSCRIPTION_FAILED,Bank_D,E17,P014,WALLET
E14401,C0538,11248.98,INVOICE_OVERDUE,Bank_A,E42,P005,UPI
E14402,C0343,18215.17,INVOICE_OVERDUE,Bank_D,E11,P020,WALLET
E14403,C0075,11243.08,INVOICE_OVERDUE,Bank_A,E42,P013,NETBANKING
E14404,C0885,23587.39,CHECKOUT_ABANDONED,Bank_C,E23,P006,UPI
E14405,C0332,23410.13,SUBSCRIPTION_FAILED,Bank_D,E23,P006,WALLET
E14406,C0678,19226.75,PAYMENT_FAILED,Bank_C,E42,P015,CARD
E14407,C0724,2343.13,PAYMENT_FAILED,Bank_B,E42,P019,UPI
E14408,C0642,17759.92,CHECKOUT_ABANDONED,Bank_B,E17,P016,CARD
E14409,C0743,8693.07,INVOICE_OVERDUE,Bank_C,E11,P015,NETBANKING
E14410,C0332,23025.58,CHECKOUT_ABANDONED,Bank_A,E42,P016,CARD
E14411,C0104,8996.19,SUBSCRIPTION_FAILED,Bank_B,E23,P011,NETBANKING
E14412,C0976,11247.0,PAYMENT_FAILED,Bank_D,E17,P018,NETBANKING
E14413,C0577,10316.61,INVOICE_OVERDUE,Bank_D,E23,P019,WALLET
E14414,C0901,18180.79,SUBSCRIPTION_FAILED,Bank_B,E11,P013,UPI
E14415,C0244,11370.15,CHECKOUT_ABANDONED,Bank_C,E23,P004,CARD
E14416,C0514,14981.0,CHECKOUT_ABANDONED,Bank_A,E42,P011,UPI
E14417,C0568,22199.54,PAYMENT_FAILED,Bank_A,E17,P003,WALLET
E14418,C0661,10404.67,CHECKOUT_ABANDONED,Bank_A,E42,P004,UPI
E14419,C0850,22346.84,SUBSCRIPTION_FAILED,Bank_C,E11,P010,CARD
E14420,C0672,3896.44,INVOICE_OVERDUE,Bank_A,E42,P002,NETBANKING
E14421,C0008,11615.51,PAYMENT_FAILED,Bank_B,E42,P019,CARD
E14422,C0874,3139.19,INVOICE_OVERDUE,Bank_C,E23,P017,CARD
E14423,C0893,8998.36,INVOICE_OVERDUE,Bank_D,E17,P020,CARD
E14424,C0428,2634.99,INVOICE_OVERDUE,Bank_D,E42,P020,CARD
E14425,C0324,3642.57,INVOICE_OVERDUE,Bank_B,E23,P004,UPI
E14426,C0090,3119.53,PAYMENT_FAILED,Bank_A,E42,P011,CARD
E14427,C0884,15623.27,SUBSCRIPTION_FAILED,Bank_C,E17,P007,CARD
E14428,C0746,7535.64,INVOICE_OVERDUE,Bank_B,E23,P008,NETBANKING
E14429,C0862,9491.28,CHECKOUT_ABANDONED,Bank_B,E17,P004,NETBANKING
E14430,C0003,9674.06,SUBSCRIPTION_FAILED,Bank_D,E23,P006,WALLET
E14431,C0541,1662.6,SUBSCRIPTION_FAILED,Bank_D,E42,P007,CARD
E14432,C0842,4754.79,PAYMENT_FAILED,Bank_A,E23,P007,CARD
E14433,C0572,18154.19,INVOICE_OVERDUE,Bank_B,E42,P003,WALLET
E14434,C0155,1991.77,CHECKOUT_ABANDONED,Bank_B,E42,P009,WALLET
E14435,C0082,9422.15,INVOICE_OVERDUE,Bank_D,E42,P007,CARD
E14436,C0566,22942.1,INVOICE_OVERDUE,Bank_C,E17,P008,NETBANKING
E14437,C0606,978.38,PAYMENT_FAILED,Bank_C,E23,P001,CARD
E14438,C0317,12134.16,SUBSCRIPTION_FAILED,Bank_C,E17,P017,UPI
E14439,C0230,10331.01,PAYMENT_FAILED,Bank_A,E42,P014,WALLET
E14440,C0377,12312.94,PAYMENT_FAILED,Bank_A,E42,P007,WALLET
E14441,C0903,3409.52,CHECKOUT_ABANDONED,Bank_B,E17,P010,WALLET
E14442,C0264,1408.08,PAYMENT_FAILED,Bank_A,E23,P015,NETBANKING
E14443,C0012,9587.56,INVOICE_OVERDUE,Bank_D,E17,P007,NETBANKING
E14444,C0657,7845.59,CHECKOUT_ABANDONED,Bank_A,E23,P015,CARD
E14445,C0441,2219.75,SUBSCRIPTION_FAILED,Bank_D,E23,P005,UPI
E14446,C0066,15965.57,CHECKOUT_ABANDONED,Bank_A,E42,P008,NETBANKING
E14447,C0518,10703.69,CHECKOUT_ABANDONED,Bank_A,E11,P019,UPI
E14448,C0009,15584.32,INVOICE_OVERDUE,Bank_D,E23,P019,UPI
E14449,C0808,9765.68,INVOICE_OVERDUE,Bank_C,E17,P013,WALLET
E14450,C0719,20961.89,INVOICE_OVERDUE,Bank_D,E42,P011,NETBANKING
E14451,C0210,23663.27,PAYMENT_FAILED,Bank_D,E23,P019,UPI
E14452,C0488,5087.51,CHECKOUT_ABANDONED,Bank_A,E17,P003,WALLET
E14453,C0818,14153.2,SUBSCRIPTION_FAILED,Bank_A,E42,P015,WALLET
E14454,C0132,17830.59,SUBSCRIPTION_FAILED,Bank_A,E42,P009,UPI
E14455,C0452,14024.66,SUBSCRIPTION_FAILED,Bank_A,E17,P019,UPI
E14456,C0309,21660.73,CHECKOUT_ABANDONED,Bank_D,E23,P002,WALLET
E14457,C0492,21323.77,CHECKOUT_ABANDONED,Bank_B,E17,P010,UPI
E14458,C0609,16911.56,INVOICE_OVERDUE,Bank_A,E17,P017,NETBANKING
E14459,C0327,2849.06,PAYMENT_FAILED,Bank_B,E11,P003,WALLET
E14460,C0599,20286.22,PAYMENT_FAILED,Bank_D,E17,P019,CARD
E14461,C0705,24296.08,CHECKOUT_ABANDONED,Bank_C,E11,P011,UPI
E14462,C0719,13621.31,SUBSCRIPTION_FAILED,Bank_B,E42,P009,UPI
E14463,C0471,16508.02,PAYMENT_FAILED,Bank_C,E11,P012,NETBANKING
E14464,C0134,8114.16,PAYMENT_FAILED,Bank_C,E23,P013,WALLET
E14465,C0022,17838.12,PAYMENT_FAILED,Bank_C,E42,P006,NETBANKING
E14466,C0432,4067.04,CHECKOUT_ABANDONED,Bank_B,E17,P005,NETBANKING
E14467,C0630,6915.35,PAYMENT_FAILED,Bank_C,E17,P009,WALLET
E14468,C0901,7315.22,SUBSCRIPTION_FAILED,Bank_B,E17,P011,WALLET
E14469,C0090,17186.81,PAYMENT_FAILED,Bank_A,E17,P015,CARD
E14470,C0489,4529.12,CHECKOUT_ABANDONED,Bank_B,E23,P017,CARD
E14471,C0596,20437.64,INVOICE_OVERDUE,Bank_D,E17,P019,CARD
E14472,C0606,13214.15,PAYMENT_FAILED,Bank_B,E42,P010,NETBANKING
E14473,C0194,19059.08,SUBSCRIPTION_FAILED,Bank_C,E11,P009,NETBANKING
E14474,C0782,9667.86,CHECKOUT_ABANDONED,Bank_D,E11,P008,NETBANKING
E14475,C0399,22937.47,INVOICE_OVERDUE,Bank_B,E17,P009,NETBANKING
E14476,C0493,14222.12,PAYMENT_FAILED,Bank_D,E11,P003,UPI
E14477,C0173,14980.13,PAYMENT_FAILED,Bank_A,E23,P017,WALLET
E14478,C0189,22229.31,PAYMENT_FAILED,Bank_A,E17,P015,WALLET
E14479,C0090,1087.4,SUBSCRIPTION_FAILED,Bank_D,E42,P017,UPI
E14480,C0853,24529.12,SUBSCRIPTION_FAILED,Bank_B,E23,P009,CARD
E14481,C0814,16575.41,SUBSCRIPTION_FAILED,Bank_C,E42,P007,UPI
E14482,C0246,6416.06,PAYMENT_FAILED,Bank_A,E42,P010,WALLET
E14483,C0106,7328.67,PAYMENT_FAILED,Bank_B,E42,P011,WALLET
E14484,C0235,13049.72,CHECKOUT_ABANDONED,Bank_C,E42,P001,UPI
E14485,C0636,21075.53,SUBSCRIPTION_FAILED,Bank_B,E17,P019,CARD
E14486,C0407,14863.53,CHECKOUT_ABANDONED,Bank_C,E11,P011,NETBANKING
E14487,C0944,12891.43,CHECKOUT_ABANDONED,Bank_A,E42,P005,WALLET
E14488,C0696,5934.47,CHECKOUT_ABANDONED,Bank_B,E23,P007,WALLET
E14489,C0920,11672.87,SUBSCRIPTION_FAILED,Bank_C,E42,P005,UPI
E14490,C0518,12427.62,CHECKOUT_ABANDONED,Bank_A,E23,P013,CARD
E14491,C0409,15503.63,CHECKOUT_ABANDONED,Bank_D,E17,P004,WALLET
E14492,C0249,5052.45,INVOICE_OVERDUE,Bank_C,E42,P012,CARD
E14493,C0146,18710.77,PAYMENT_FAILED,Bank_A,E42,P018,CARD
E14494,C0732,7268.71,INVOICE_OVERDUE,Bank_C,E23,P015,WALLET
E14495,C0080,9717.01,CHECKOUT_ABANDONED,Bank_C,E11,P015,CARD
E14496,C0945,3049.62,SUBSCRIPTION_FAILED,Bank_D,E17,P011,WALLET
E14497,C0179,18300.23,INVOICE_OVERDUE,Bank_D,E42,P006,CARD
E14498,C0111,4880.5,INVOICE_OVERDUE,Bank_C,E11,P014,UPI
E14499,C0309,7799.28,SUBSCRIPTION_FAILED,Bank_B,E11,P005,CARD
E14500,C0124,1377.76,INVOICE_OVERDUE,Bank_A,E17,P009,NETBANKING
E14501,C0125,7308.19,PAYMENT_FAILED,Bank_D,E17,P008,WALLET
E14502,C0768,8398.97,PAYMENT_FAILED,Bank_C,E17,P008,WALLET
E14503,C0596,16160.46,PAYMENT_FAILED,Bank_A,E11,P009,CARD
E14504,C0795,10575.58,CHECKOUT_ABANDONED,Bank_C,E17,P017,CARD
E14505,C0624,17540.08,PAYMENT_FAILED,Bank_B,E42,P016,CARD
E14506,C0703,19211.27,PAYMENT_FAILED,Bank_B,E17,P010,WALLET
E14507,C0954,15194.5,CHECKOUT_ABANDONED,Bank_A,E42,P014,NETBANKING
E14508,C0077,17332.57,INVOICE_OVERDUE,Bank_C,E23,P003,WALLET
E14509,C0600,9049.98,CHECKOUT_ABANDONED,Bank_A,E42,P003,NETBANKING
E14510,C0641,18052.43,PAYMENT_FAILED,Bank_D,E17,P001,NETBANKING
E14511,C0781,8521.31,INVOICE_OVERDUE,Bank_A,E11,P007,UPI
E14512,C0579,7631.95,CHECKOUT_ABANDONED,Bank_B,E17,P009,CARD
E14513,C0544,3693.25,SUBSCRIPTION_FAILED,Bank_C,E23,P016,NETBANKING
E14514,C0901,7880.46,PAYMENT_FAILED,Bank_B,E23,P015,CARD
E14515,C0906,3518.57,CHECKOUT_ABANDONED,Bank_B,E17,P004,CARD
E14516,C0530,2158.0,SUBSCRIPTION_FAILED,Bank_A,E42,P009,NETBANKING
E14517,C0908,15486.91,SUBSCRIPTION_FAILED,Bank_C,E11,P009,NETBANKING
E14518,C0320,12535.62,INVOICE_OVERDUE,Bank_C,E42,P015,UPI
E14519,C0524,10598.33,CHECKOUT_ABANDONED,Bank_B,E23,P018,NETBANKING
E14520,C0968,22680.19,INVOICE_OVERDUE,Bank_A,E42,P010,NETBANKING
E14521,C0208,7544.11,PAYMENT_FAILED,Bank_C,E42,P017,UPI
E14522,C0606,22939.61,CHECKOUT_ABANDONED,Bank_A,E23,P007,NETBANKING
E14523,C0276,3483.55,INVOICE_OVERDUE,Bank_B,E11,P017,UPI
E14524,C0437,18622.21,PAYMENT_FAILED,Bank_C,E11,P002,UPI
E14525,C0843,9416.62,CHECKOUT_ABANDONED,Bank_B,E23,P016,NETBANKING
E14526,C0238,4296.79,CHECKOUT_ABANDONED,Bank_D,E23,P003,CARD
E14527,C0625,5484.25,SUBSCRIPTION_FAILED,Bank_A,E42,P006,UPI
E14528,C0255,16837.12,PAYMENT_FAILED,Bank_A,E42,P001,CARD
E14529,C0877,23897.49,SUBSCRIPTION_FAILED,Bank_A,E23,P014,WALLET
E14530,C0962,18642.55,CHECKOUT_ABANDONED,Bank_A,E23,P020,NETBANKING
E14531,C0970,20721.77,SUBSCRIPTION_FAILED,Bank_B,E23,P003,NETBANKING
E14532,C0339,19701.79,SUBSCRIPTION_FAILED,Bank_A,E17,P019,UPI
E14533,C0142,8337.3,INVOICE_OVERDUE,Bank_A,E42,P010,UPI
E14534,C0267,11815.62,PAYMENT_FAILED,Bank_B,E17,P011,CARD
E14535,C0476,3641.31,INVOICE_OVERDUE,Bank_B,E17,P012,WALLET
E14536,C0676,15856.66,PAYMENT_FAILED,Bank_D,E23,P017,WALLET
E14537,C0460,24289.96,PAYMENT_FAILED,Bank_B,E23,P016,NETBANKING
E14538,C0992,10164.33,SUBSCRIPTION_FAILED,Bank_B,E17,P020,UPI
E14539,C0464,11410.34,INVOICE_OVERDUE,Bank_D,E23,P009,UPI
E14540,C0796,16111.86,PAYMENT_FAILED,Bank_B,E17,P007,NETBANKING
E14541,C0252,2367.6,CHECKOUT_ABANDONED,Bank_B,E17,P008,UPI
E14542,C0577,6250.41,INVOICE_OVERDUE,Bank_A,E23,P003,CARD
E14543,C0910,24730.95,PAYMENT_FAILED,Bank_A,E42,P002,UPI
E14544,C0676,10413.66,INVOICE_OVERDUE,Bank_B,E23,P013,NETBANKING
E14545,C0583,2938.54,CHECKOUT_ABANDONED,Bank_C,E42,P010,WALLET
E14546,C0528,20911.52,SUBSCRIPTION_FAILED,Bank_D,E17,P010,NETBANKING
E14547,C0659,1514.83,SUBSCRIPTION_FAILED,Bank_B,E17,P003,WALLET
E14548,C0591,2575.13,SUBSCRIPTION_FAILED,Bank_C,E17,P011,NETBANKING
E14549,C0403,16098.11,CHECKOUT_ABANDONED,Bank_C,E42,P020,NETBANKING
E14550,C0521,14613.12,CHECKOUT_ABANDONED,Bank_A,E42,P009,WALLET
E14551,C0440,19657.9,SUBSCRIPTION_FAILED,Bank_A,E42,P007,WALLET
E14552,C0061,2997.9,INVOICE_OVERDUE,Bank_B,E17,P018,NETBANKING
E14553,C0152,8007.62,SUBSCRIPTION_FAILED,Bank_C,E42,P017,NETBANKING
E14554,C0855,15658.01,CHECKOUT_ABANDONED,Bank_A,E42,P015,NETBANKING
E14555,C0405,11521.73,SUBSCRIPTION_FAILED,Bank_A,E23,P018,NETBANKING
E14556,C0896,3664.62,INVOICE_OVERDUE,Bank_A,E23,P017,UPI
E14557,C0999,23593.29,PAYMENT_FAILED,Bank_A,E42,P009,WALLET
E14558,C0642,11590.62,PAYMENT_FAILED,Bank_B,E17,P005,CARD
E14559,C0293,7695.65,INVOICE_OVERDUE,Bank_A,E42,P020,NETBANKING
E14560,C0586,8594.9,SUBSCRIPTION_FAILED,Bank_A,E42,P006,CARD
E14561,C0582,17487.85,PAYMENT_FAILED,Bank_B,E11,P011,UPI
E14562,C0743,567.75,SUBSCRIPTION_FAILED,Bank_D,E23,P011,CARD
E14563,C0187,19196.29,SUBSCRIPTION_FAILED,Bank_B,E17,P003,WALLET
E14564,C0657,2247.7,SUBSCRIPTION_FAILED,Bank_B,E11,P020,CARD
E14565,C0926,22219.5,CHECKOUT_ABANDONED,Bank_A,E42,P011,CARD
E14566,C0312,20779.48,INVOICE_OVERDUE,Bank_C,E42,P015,NETBANKING
E14567,C0685,4810.91,INVOICE_OVERDUE,Bank_A,E42,P019,CARD
E14568,C0369,12749.23,CHECKOUT_ABANDONED,Bank_B,E23,P009,CARD
E14569,C0598,12411.84,PAYMENT_FAILED,Bank_B,E42,P001,WALLET
E14570,C0933,15755.54,PAYMENT_FAILED,Bank_A,E42,P019,WALLET
E14571,C0380,14655.79,CHECKOUT_ABANDONED,Bank_D,E11,P002,CARD
E14572,C0237,13789.09,INVOICE_OVERDUE,Bank_A,E42,P014,NETBANKING
E14573,C0667,1872.43,PAYMENT_FAILED,Bank_D,E23,P002,CARD
E14574,C0521,15627.32,CHECKOUT_ABANDONED,Bank_B,E11,P012,NETBANKING
E14575,C0987,14558.08,CHECKOUT_ABANDONED,Bank_B,E42,P010,CARD
E14576,C0470,19547.96,INVOICE_OVERDUE,Bank_A,E42,P004,WALLET
E14577,C0241,24535.15,SUBSCRIPTION_FAILED,Bank_A,E17,P009,WALLET
E14578,C0750,20852.11,PAYMENT_FAILED,Bank_B,E23,P008,CARD
E14579,C0741,11571.96,INVOICE_OVERDUE,Bank_C,E23,P003,NETBANKING
E14580,C0313,16135.47,CHECKOUT_ABANDONED,Bank_C,E42,P008,CARD
E14581,C0101,7519.08,CHECKOUT_ABANDONED,Bank_A,E11,P001,WALLET
E14582,C0750,1842.45,INVOICE_OVERDUE,Bank_D,E17,P002,NETBANKING
E14583,C0253,15037.65,CHECKOUT_ABANDONED,Bank_B,E17,P003,WALLET
E14584,C0263,15826.12,CHECKOUT_ABANDONED,Bank_B,E23,P001,WALLET
E14585,C0499,23698.81,INVOICE_OVERDUE,Bank_A,E42,P015,CARD
E14586,C0056,24738.5,SUBSCRIPTION_FAILED,Bank_C,E23,P004,NETBANKING
E14587,C0236,18764.85,SUBSCRIPTION_FAILED,Bank_A,E23,P013,UPI
E14588,C0411,2126.35,INVOICE_OVERDUE,Bank_B,E42,P011,NETBANKING
E14589,C0890,22446.05,INVOICE_OVERDUE,Bank_A,E42,P015,NETBANKING
E14590,C0023,21151.13,PAYMENT_FAILED,Bank_B,E23,P018,CARD
E14591,C0568,17074.83,PAYMENT_FAILED,Bank_A,E17,P015,UPI
E14592,C0662,1714.7,PAYMENT_FAILED,Bank_A,E42,P010,NETBANKING
E14593,C0594,24216.82,CHECKOUT_ABANDONED,Bank_A,E42,P016,NETBANKING
E14594,C0642,18038.78,INVOICE_OVERDUE,Bank_D,E23,P003,NETBANKING
E14595,C0533,5096.18,INVOICE_OVERDUE,Bank_C,E17,P003,UPI
E14596,C0021,1217.29,INVOICE_OVERDUE,Bank_A,E42,P009,UPI
E14597,C0385,16730.12,INVOICE_OVERDUE,Bank_D,E11,P004,NETBANKING
E14598,C0518,24491.43,CHECKOUT_ABANDONED,Bank_A,E23,P002,WALLET
E14599,C0991,21745.7,PAYMENT_FAILED,Bank_D,E42,P003,CARD
E14600,C0948,9543.68,CHECKOUT_ABANDONED,Bank_D,E23,P010,UPI
E14601,C0854,7230.62,INVOICE_OVERDUE,Bank_B,E23,P013,UPI
E14602,C0283,3249.89,CHECKOUT_ABANDONED,Bank_B,E42,P009,UPI
E14603,C0970,3642.22,PAYMENT_FAILED,Bank_D,E23,P015,WALLET
E14604,C0068,10223.1,PAYMENT_FAILED,Bank_B,E17,P002,UPI
E14605,C0113,9352.92,CHECKOUT_ABANDONED,Bank_C,E23,P018,UPI
E14606,C0758,2346.46,CHECKOUT_ABANDONED,Bank_D,E17,P016,CARD
E14607,C0534,9211.43,SUBSCRIPTION_FAILED,Bank_B,E23,P005,WALLET
E14608,C0455,3061.64,SUBSCRIPTION_FAILED,Bank_A,E17,P010,NETBANKING
E14609,C0132,17243.14,PAYMENT_FAILED,Bank_D,E23,P001,NETBANKING
E14610,C0566,4529.49,PAYMENT_FAILED,Bank_A,E42,P006,UPI
E14611,C0469,13006.67,PAYMENT_FAILED,Bank_B,E23,P009,NETBANKING
E14612,C0898,18780.24,CHECKOUT_ABANDONED,Bank_B,E42,P016,CARD
E14613,C0962,16540.5,CHECKOUT_ABANDONED,Bank_A,E11,P003,WALLET
E14614,C0639,14894.08,PAYMENT_FAILED,Bank_D,E11,P006,NETBANKING
E14615,C0221,3285.37,CHECKOUT_ABANDONED,Bank_B,E23,P020,WALLET
E14616,C0547,1608.05,INVOICE_OVERDUE,Bank_C,E11,P016,NETBANKING
E14617,C0899,19709.52,SUBSCRIPTION_FAILED,Bank_A,E42,P004,WALLET
E14618,C0126,2673.32,CHECKOUT_ABANDONED,Bank_D,E11,P020,UPI
E14619,C0257,19439.98,SUBSCRIPTION_FAILED,Bank_B,E17,P005,WALLET
E14620,C0145,7990.07,INVOICE_OVERDUE,Bank_B,E42,P003,CARD
E14621,C0843,19352.37,SUBSCRIPTION_FAILED,Bank_A,E11,P016,NETBANKING
E14622,C0225,14171.1,CHECKOUT_ABANDONED,Bank_B,E17,P013,NETBANKING
E14623,C0950,24537.05,SUBSCRIPTION_FAILED,Bank_C,E11,P019,CARD
E14624,C0514,23467.67,CHECKOUT_ABANDONED,Bank_A,E42,P014,CARD
E14625,C0390,14451.5,INVOICE_OVERDUE,Bank_D,E17,P006,CARD
E14626,C0681,14661.85,SUBSCRIPTION_FAILED,Bank_A,E11,P001,UPI
E14627,C0385,6394.87,SUBSCRIPTION_FAILED,Bank_B,E42,P007,NETBANKING
E14628,C0246,20822.92,INVOICE_OVERDUE,Bank_A,E42,P016,UPI
E14629,C0315,3546.45,SUBSCRIPTION_FAILED,Bank_C,E23,P010,CARD
E14630,C0508,1525.94,INVOICE_OVERDUE,Bank_C,E23,P006,WALLET
E14631,C0059,19035.04,INVOICE_OVERDUE,Bank_B,E42,P013,UPI
E14632,C0061,23961.43,CHECKOUT_ABANDONED,Bank_A,E11,P005,UPI
E14633,C0538,20867.75,INVOICE_OVERDUE,Bank_A,E23,P008,CARD
E14634,C0497,18275.63,CHECKOUT_ABANDONED,Bank_A,E42,P011,WALLET
E14635,C0315,22734.64,INVOICE_OVERDUE,Bank_C,E23,P008,UPI
E14636,C0665,3405.12,SUBSCRIPTION_FAILED,Bank_B,E23,P002,WALLET
E14637,C0991,16231.21,SUBSCRIPTION_FAILED,Bank_B,E42,P019,CARD
E14638,C0437,11734.93,CHECKOUT_ABANDONED,Bank_A,E42,P001,UPI
E14639,C0643,14350.44,INVOICE_OVERDUE,Bank_D,E11,P019,UPI
E14640,C0301,24553.27,INVOICE_OVERDUE,Bank_A,E11,P003,CARD
E14641,C0283,3726.29,PAYMENT_FAILED,Bank_A,E42,P011,NETBANKING
E14642,C0320,6711.61,PAYMENT_FAILED,Bank_B,E17,P001,CARD
E14643,C0290,22361.89,PAYMENT_FAILED,Bank_A,E42,P002,WALLET
E14644,C0815,941.83,PAYMENT_FAILED,Bank_A,E42,P010,CARD
E14645,C0287,1487.07,CHECKOUT_ABANDONED,Bank_B,E42,P006,WALLET
E14646,C0498,18484.65,CHECKOUT_ABANDONED,Bank_D,E23,P011,CARD
E14647,C0528,7561.9,SUBSCRIPTION_FAILED,Bank_B,E23,P020,WALLET
E14648,C0972,23921.67,CHECKOUT_ABANDONED,Bank_A,E42,P001,NETBANKING
E14649,C0234,22427.77,CHECKOUT_ABANDONED,Bank_D,E23,P006,UPI
E14650,C0534,18461.82,INVOICE_OVERDUE,Bank_D,E23,P005,WALLET
E14651,C0376,13353.24,INVOICE_OVERDUE,Bank_A,E42,P006,CARD
E14652,C0642,2571.16,CHECKOUT_ABANDONED,Bank_D,E11,P013,UPI
E14653,C0470,11710.13,PAYMENT_FAILED,Bank_D,E42,P016,CARD
E14654,C0510,24077.4,SUBSCRIPTION_FAILED,Bank_A,E42,P019,CARD
E14655,C0281,20127.44,INVOICE_OVERDUE,Bank_B,E17,P015,CARD
E14656,C0112,23350.94,INVOICE_OVERDUE,Bank_B,E23,P002,NETBANKING
E14657,C0590,654.83,INVOICE_OVERDUE,Bank_A,E17,P001,CARD
E14658,C0879,23888.36,INVOICE_OVERDUE,Bank_D,E17,P002,WALLET
E14659,C0527,17899.46,SUBSCRIPTION_FAILED,Bank_C,E11,P008,UPI
E14660,C0989,13955.12,SUBSCRIPTION_FAILED,Bank_D,E23,P011,CARD
E14661,C0095,8610.11,PAYMENT_FAILED,Bank_B,E17,P018,NETBANKING
E14662,C0238,3670.95,SUBSCRIPTION_FAILED,Bank_C,E17,P015,NETBANKING
E14663,C0317,6195.48,PAYMENT_FAILED,Bank_B,E23,P012,UPI
E14664,C0610,13733.22,INVOICE_OVERDUE,Bank_D,E23,P003,WALLET
E14665,C0534,20863.05,CHECKOUT_ABANDONED,Bank_D,E11,P019,UPI
E14666,C0402,21833.39,INVOICE_OVERDUE,Bank_A,E42,P017,NETBANKING
E14667,C0865,1872.1,INVOICE_OVERDUE,Bank_D,E23,P014,UPI
E14668,C0391,11734.91,CHECKOUT_ABANDONED,Bank_A,E11,P016,UPI
E14669,C0010,24879.32,SUBSCRIPTION_FAILED,Bank_D,E42,P020,CARD
E14670,C0748,11952.07,SUBSCRIPTION_FAILED,Bank_A,E42,P019,UPI
E14671,C0845,959.34,CHECKOUT_ABANDONED,Bank_A,E11,P008,NETBANKING
E14672,C0592,8371.71,SUBSCRIPTION_FAILED,Bank_A,E42,P008,CARD
E14673,C0735,2859.7,SUBSCRIPTION_FAILED,Bank_A,E42,P017,UPI
E14674,C0612,14855.35,INVOICE_OVERDUE,Bank_B,E42,P004,CARD
E14675,C0105,6210.7,INVOICE_OVERDUE,Bank_A,E42,P017,WALLET
E14676,C0001,9120.76,SUBSCRIPTION_FAILED,Bank_A,E23,P007,NETBANKING
E14677,C0954,2192.14,INVOICE_OVERDUE,Bank_A,E42,P016,NETBANKING
E14678,C0783,5763.69,CHECKOUT_ABANDONED,Bank_B,E42,P019,NETBANKING
E14679,C0328,16751.93,INVOICE_OVERDUE,Bank_C,E42,P007,NETBANKING
E14680,C0420,1428.18,INVOICE_OVERDUE,Bank_D,E23,P017,UPI
E14681,C0960,3484.02,SUBSCRIPTION_FAILED,Bank_B,E42,P009,WALLET
E14682,C0553,13590.7,PAYMENT_FAILED,Bank_A,E42,P009,NETBANKING
E14683,C0682,22435.6,SUBSCRIPTION_FAILED,Bank_A,E11,P008,UPI
E14684,C0691,3993.9,INVOICE_OVERDUE,Bank_B,E42,P019,WALLET
E14685,C0789,15860.14,INVOICE_OVERDUE,Bank_A,E23,P019,UPI
E14686,C0661,22144.14,SUBSCRIPTION_FAILED,Bank_A,E23,P010,UPI
E14687,C0051,3156.71,SUBSCRIPTION_FAILED,Bank_A,E11,P007,UPI
E14688,C0546,23819.03,PAYMENT_FAILED,Bank_D,E11,P001,WALLET
E14689,C0229,4016.69,INVOICE_OVERDUE,Bank_C,E23,P003,UPI
E14690,C0849,10147.72,SUBSCRIPTION_FAILED,Bank_A,E42,P013,WALLET
E14691,C0893,10012.67,CHECKOUT_ABANDONED,Bank_D,E23,P013,WALLET
E14692,C0477,23471.45,PAYMENT_FAILED,Bank_A,E17,P017,NETBANKING
E14693,C0933,8028.94,SUBSCRIPTION_FAILED,Bank_A,E42,P004,UPI
E14694,C0048,24682.41,SUBSCRIPTION_FAILED,Bank_C,E17,P002,CARD
E14695,C0694,8502.91,SUBSCRIPTION_FAILED,Bank_D,E42,P005,NETBANKING
E14696,C0666,2185.49,PAYMENT_FAILED,Bank_A,E23,P003,NETBANKING
E14697,C0859,20873.46,CHECKOUT_ABANDONED,Bank_D,E11,P017,WALLET
E14698,C0954,6879.42,PAYMENT_FAILED,Bank_B,E42,P017,WALLET
E14699,C0796,11750.75,SUBSCRIPTION_FAILED,Bank_D,E11,P020,NETBANKING
E14700,C0027,4542.08,PAYMENT_FAILED,Bank_A,E23,P005,CARD
E14701,C0408,19712.24,CHECKOUT_ABANDONED,Bank_B,E42,P019,WALLET
E14702,C0303,11200.98,CHECKOUT_ABANDONED,Bank_A,E42,P005,NETBANKING
E14703,C0263,12166.99,PAYMENT_FAILED,Bank_B,E42,P009,CARD
E14704,C0321,20692.17,PAYMENT_FAILED,Bank_A,E42,P006,CARD
E14705,C0105,21857.04,CHECKOUT_ABANDONED,Bank_B,E23,P002,WALLET
E14706,C0163,15987.0,PAYMENT_FAILED,Bank_D,E42,P018,WALLET
E14707,C0539,7678.38,SUBSCRIPTION_FAILED,Bank_A,E42,P009,UPI
E14708,C0178,4202.84,INVOICE_OVERDUE,Bank_A,E42,P004,CARD
E14709,C0535,23279.94,PAYMENT_FAILED,Bank_B,E23,P006,WALLET
E14710,C0310,12640.19,CHECKOUT_ABANDONED,Bank_B,E23,P018,WALLET
E14711,C0987,9234.18,INVOICE_OVERDUE,Bank_A,E42,P015,WALLET
E14712,C0830,10065.76,PAYMENT_FAILED,Bank_C,E23,P014,UPI
E14713,C0975,17886.14,INVOICE_OVERDUE,Bank_D,E11,P011,UPI
E14714,C0699,12542.1,PAYMENT_FAILED,Bank_C,E23,P008,NETBANKING
E14715,C0422,16286.33,PAYMENT_FAILED,Bank_A,E17,P003,UPI
E14716,C0638,20917.69,CHECKOUT_ABANDONED,Bank_D,E42,P007,WALLET
E14717,C0495,13985.78,INVOICE_OVERDUE,Bank_D,E17,P002,WALLET
E14718,C0547,3644.52,CHECKOUT_ABANDONED,Bank_C,E23,P019,UPI
E14719,C0544,22035.03,PAYMENT_FAILED,Bank_A,E42,P001,UPI
E14720,C0392,22523.25,PAYMENT_FAILED,Bank_C,E42,P005,WALLET
E14721,C0723,14514.93,PAYMENT_FAILED,Bank_A,E42,P013,NETBANKING
E14722,C0665,2748.3,CHECKOUT_ABANDONED,Bank_A,E42,P008,UPI
E14723,C0975,18579.08,PAYMENT_FAILED,Bank_B,E11,P003,NETBANKING
E14724,C0795,2169.69,INVOICE_OVERDUE,Bank_A,E11,P020,CARD
E14725,C0348,19052.23,PAYMENT_FAILED,Bank_A,E42,P009,CARD
E14726,C0284,11046.32,PAYMENT_FAILED,Bank_D,E23,P019,NETBANKING
E14727,C0245,4844.14,CHECKOUT_ABANDONED,Bank_D,E17,P014,WALLET
E14728,C0473,5564.79,INVOICE_OVERDUE,Bank_A,E23,P012,CARD
E14729,C0908,24511.59,INVOICE_OVERDUE,Bank_C,E17,P012,NETBANKING
E14730,C0096,9323.07,INVOICE_OVERDUE,Bank_B,E42,P005,NETBANKING
E14731,C0972,19156.17,PAYMENT_FAILED,Bank_B,E17,P014,CARD
E14732,C0089,14624.87,SUBSCRIPTION_FAILED,Bank_C,E11,P020,NETBANKING
E14733,C0476,2161.94,CHECKOUT_ABANDONED,Bank_B,E42,P010,WALLET
E14734,C0443,10298.68,SUBSCRIPTION_FAILED,Bank_B,E23,P003,NETBANKING
E14735,C0195,23126.76,SUBSCRIPTION_FAILED,Bank_D,E11,P010,UPI
E14736,C0550,1523.48,SUBSCRIPTION_FAILED,Bank_A,E42,P017,CARD
E14737,C0130,19205.96,CHECKOUT_ABANDONED,Bank_A,E42,P005,WALLET
E14738,C0218,14357.99,CHECKOUT_ABANDONED,Bank_A,E23,P009,WALLET
E14739,C0261,516.41,CHECKOUT_ABANDONED,Bank_B,E11,P017,NETBANKING
E14740,C0098,22358.66,INVOICE_OVERDUE,Bank_A,E42,P007,CARD
E14741,C0906,13854.66,CHECKOUT_ABANDONED,Bank_B,E17,P012,UPI
E14742,C0061,17824.43,CHECKOUT_ABANDONED,Bank_B,E11,P020,CARD
E14743,C0390,1276.8,CHECKOUT_ABANDONED,Bank_A,E42,P015,WALLET
E14744,C0254,9281.74,SUBSCRIPTION_FAILED,Bank_C,E23,P020,UPI
E14745,C0156,16126.88,SUBSCRIPTION_FAILED,Bank_D,E23,P015,UPI
E14746,C0352,18116.63,PAYMENT_FAILED,Bank_A,E42,P011,WALLET
E14747,C0513,14422.12,CHECKOUT_ABANDONED,Bank_A,E11,P001,WALLET
E14748,C0322,21043.16,PAYMENT_FAILED,Bank_C,E11,P009,WALLET
E14749,C0818,14116.06,CHECKOUT_ABANDONED,Bank_D,E42,P018,NETBANKING
E14750,C0613,3255.14,INVOICE_OVERDUE,Bank_B,E11,P018,NETBANKING
E14751,C0333,12543.9,INVOICE_OVERDUE,Bank_C,E23,P007,UPI
E14752,C0503,10462.59,PAYMENT_FAILED,Bank_B,E42,P011,UPI
E14753,C0402,5182.8,SUBSCRIPTION_FAILED,Bank_C,E42,P001,UPI
E14754,C0204,21972.4,PAYMENT_FAILED,Bank_A,E42,P015,NETBANKING
E14755,C0039,11191.92,INVOICE_OVERDUE,Bank_A,E42,P011,WALLET
E14756,C0049,14287.94,SUBSCRIPTION_FAILED,Bank_A,E42,P004,CARD
E14757,C0421,12873.52,INVOICE_OVERDUE,Bank_A,E42,P016,NETBANKING
E14758,C0841,13053.59,CHECKOUT_ABANDONED,Bank_B,E17,P002,CARD
E14759,C0856,4743.85,PAYMENT_FAILED,Bank_B,E42,P016,WALLET
E14760,C0966,14759.35,INVOICE_OVERDUE,Bank_C,E17,P010,UPI
E14761,C0582,13388.92,PAYMENT_FAILED,Bank_A,E42,P016,UPI
E14762,C0480,7284.68,INVOICE_OVERDUE,Bank_A,E42,P016,UPI
E14763,C0997,23814.57,SUBSCRIPTION_FAILED,Bank_B,E11,P011,NETBANKING
E14764,C0066,10160.03,SUBSCRIPTION_FAILED,Bank_B,E17,P015,CARD
E14765,C0575,9062.53,SUBSCRIPTION_FAILED,Bank_B,E23,P014,CARD
E14766,C0528,11263.77,SUBSCRIPTION_FAILED,Bank_C,E42,P016,WALLET
E14767,C0914,24108.88,CHECKOUT_ABANDONED,Bank_A,E42,P008,UPI
E14768,C0263,15452.53,CHECKOUT_ABANDONED,Bank_B,E17,P010,CARD
E14769,C0197,4004.91,CHECKOUT_ABANDONED,Bank_D,E23,P011,NETBANKING
E14770,C0015,947.3,PAYMENT_FAILED,Bank_B,E17,P017,UPI
E14771,C0308,11409.31,INVOICE_OVERDUE,Bank_C,E17,P014,UPI
E14772,C0718,11037.43,INVOICE_OVERDUE,Bank_A,E11,P008,CARD
E14773,C0524,19339.72,PAYMENT_FAILED,Bank_A,E42,P020,WALLET
E14774,C0749,9275.52,INVOICE_OVERDUE,Bank_A,E42,P002,WALLET
E14775,C0188,2003.14,SUBSCRIPTION_FAILED,Bank_A,E23,P007,UPI
E14776,C0763,20346.94,SUBSCRIPTION_FAILED,Bank_C,E23,P003,CARD
E14777,C0933,22049.94,SUBSCRIPTION_FAILED,Bank_D,E11,P004,WALLET
E14778,C0558,23304.92,SUBSCRIPTION_FAILED,Bank_B,E17,P013,UPI
E14779,C0388,1660.65,CHECKOUT_ABANDONED,Bank_D,E42,P008,CARD
E14780,C0821,2394.58,CHECKOUT_ABANDONED,Bank_A,E42,P001,CARD
E14781,C0784,20044.62,PAYMENT_FAILED,Bank_C,E23,P004,CARD
E14782,C0309,17043.14,INVOICE_OVERDUE,Bank_C,E17,P017,WALLET
E14783,C0478,22282.29,SUBSCRIPTION_FAILED,Bank_A,E17,P005,UPI
E14784,C0266,2078.32,CHECKOUT_ABANDONED,Bank_B,E17,P019,NETBANKING
E14785,C0274,2156.67,PAYMENT_FAILED,Bank_C,E23,P012,NETBANKING
E14786,C0256,7846.97,SUBSCRIPTION_FAILED,Bank_A,E42,P012,NETBANKING
E14787,C0154,19556.36,INVOICE_OVERDUE,Bank_D,E42,P007,WALLET
E14788,C0569,13123.29,INVOICE_OVERDUE,Bank_D,E42,P004,UPI
E14789,C0698,12150.86,CHECKOUT_ABANDONED,Bank_C,E11,P006,UPI
E14790,C0387,12702.58,INVOICE_OVERDUE,Bank_D,E23,P001,UPI
E14791,C0760,3951.79,SUBSCRIPTION_FAILED,Bank_D,E17,P015,CARD
E14792,C0302,9569.11,PAYMENT_FAILED,Bank_A,E42,P001,WALLET
E14793,C0391,19875.42,INVOICE_OVERDUE,Bank_A,E42,P001,CARD
E14794,C0773,14862.5,INVOICE_OVERDUE,Bank_D,E11,P015,WALLET
E14795,C0753,15387.41,INVOICE_OVERDUE,Bank_D,E42,P014,UPI
E14796,C0119,15503.15,PAYMENT_FAILED,Bank_C,E17,P007,CARD
E14797,C0511,22311.88,CHECKOUT_ABANDONED,Bank_D,E11,P003,UPI
E14798,C0626,20010.35,PAYMENT_FAILED,Bank_D,E17,P006,NETBANKING
E14799,C0207,16730.48,PAYMENT_FAILED,Bank_C,E23,P008,UPI
E14800,C0989,24961.95,INVOICE_OVERDUE,Bank_A,E17,P012,WALLET
E14801,C0301,21563.07,INVOICE_OVERDUE,Bank_B,E17,P019,WALLET
E14802,C0630,24121.33,SUBSCRIPTION_FAILED,Bank_D,E11,P018,CARD
E14803,C0208,13742.05,INVOICE_OVERDUE,Bank_A,E17,P020,NETBANKING
E14804,C0849,19404.4,CHECKOUT_ABANDONED,Bank_C,E23,P008,CARD
E14805,C0592,10635.22,SUBSCRIPTION_FAILED,Bank_C,E42,P016,WALLET
E14806,C0309,12605.97,PAYMENT_FAILED,Bank_D,E11,P013,UPI
E14807,C0240,2932.43,SUBSCRIPTION_FAILED,Bank_A,E42,P015,CARD
E14808,C0763,2343.02,PAYMENT_FAILED,Bank_D,E23,P017,CARD
E14809,C0459,10268.38,INVOICE_OVERDUE,Bank_B,E42,P001,NETBANKING
E14810,C0258,20138.39,CHECKOUT_ABANDONED,Bank_A,E42,P016,UPI
E14811,C0467,4706.68,SUBSCRIPTION_FAILED,Bank_D,E11,P009,NETBANKING
E14812,C0914,6165.94,PAYMENT_FAILED,Bank_A,E17,P013,CARD
E14813,C0457,10245.66,SUBSCRIPTION_FAILED,Bank_A,E11,P015,WALLET
E14814,C0652,22900.57,PAYMENT_FAILED,Bank_A,E42,P007,UPI
E14815,C0747,19340.39,SUBSCRIPTION_FAILED,Bank_D,E23,P017,UPI
E14816,C0292,15798.07,SUBSCRIPTION_FAILED,Bank_B,E17,P001,WALLET
E14817,C0544,2481.88,SUBSCRIPTION_FAILED,Bank_C,E11,P004,NETBANKING
E14818,C0455,2488.78,SUBSCRIPTION_FAILED,Bank_D,E42,P020,NETBANKING
E14819,C0678,12571.92,PAYMENT_FAILED,Bank_A,E42,P005,NETBANKING
E14820,C0384,10198.24,PAYMENT_FAILED,Bank_A,E42,P010,WALLET
E14821,C0015,9272.96,PAYMENT_FAILED,Bank_A,E23,P017,WALLET
E14822,C0667,8809.97,PAYMENT_FAILED,Bank_A,E42,P006,NETBANKING
E14823,C0925,24190.93,CHECKOUT_ABANDONED,Bank_A,E23,P017,CARD
E14824,C0269,1116.88,INVOICE_OVERDUE,Bank_D,E23,P005,NETBANKING
E14825,C0459,2025.96,CHECKOUT_ABANDONED,Bank_D,E11,P006,WALLET
E14826,C0222,16629.43,PAYMENT_FAILED,Bank_A,E42,P004,WALLET
E14827,C0398,13240.54,INVOICE_OVERDUE,Bank_A,E11,P010,UPI
E14828,C0448,24164.84,CHECKOUT_ABANDONED,Bank_B,E23,P001,CARD
E14829,C0909,7761.2,INVOICE_OVERDUE,Bank_C,E23,P017,CARD
E14830,C0191,20821.61,SUBSCRIPTION_FAILED,Bank_A,E42,P009,CARD
E14831,C0355,10522.5,CHECKOUT_ABANDONED,Bank_C,E23,P016,NETBANKING
E14832,C0613,18357.98,SUBSCRIPTION_FAILED,Bank_B,E11,P014,UPI
E14833,C0930,23766.85,INVOICE_OVERDUE,Bank_C,E42,P002,WALLET
E14834,C0500,16053.88,INVOICE_OVERDUE,Bank_D,E23,P004,UPI
E14835,C0382,18221.0,CHECKOUT_ABANDONED,Bank_B,E23,P013,CARD
E14836,C0127,4378.77,CHECKOUT_ABANDONED,Bank_D,E23,P020,CARD
E14837,C0961,21438.49,PAYMENT_FAILED,Bank_D,E17,P017,UPI
E14838,C0329,21923.58,INVOICE_OVERDUE,Bank_B,E23,P002,CARD
E14839,C0630,15496.08,PAYMENT_FAILED,Bank_B,E42,P013,WALLET
E14840,C0687,1662.17,SUBSCRIPTION_FAILED,Bank_B,E42,P018,WALLET
E14841,C0523,15079.78,SUBSCRIPTION_FAILED,Bank_A,E42,P003,WALLET
E14842,C0645,14316.34,PAYMENT_FAILED,Bank_A,E11,P019,WALLET
E14843,C0717,13057.32,PAYMENT_FAILED,Bank_B,E42,P012,UPI
E14844,C0906,10012.53,SUBSCRIPTION_FAILED,Bank_A,E42,P010,NETBANKING
E14845,C0869,5769.77,CHECKOUT_ABANDONED,Bank_D,E11,P016,CARD
E14846,C0620,23856.68,CHECKOUT_ABANDONED,Bank_C,E11,P015,UPI
E14847,C0014,14728.05,INVOICE_OVERDUE,Bank_A,E42,P019,NETBANKING
E14848,C0718,20521.42,INVOICE_OVERDUE,Bank_A,E42,P014,WALLET
E14849,C0601,9743.75,SUBSCRIPTION_FAILED,Bank_B,E11,P013,UPI
E14850,C0932,5946.47,CHECKOUT_ABANDONED,Bank_B,E42,P017,NETBANKING
E14851,C0964,10840.8,SUBSCRIPTION_FAILED,Bank_A,E42,P005,NETBANKING
E14852,C0878,2243.55,SUBSCRIPTION_FAILED,Bank_A,E42,P004,NETBANKING
E14853,C0558,16915.4,INVOICE_OVERDUE,Bank_A,E42,P007,WALLET
E14854,C0172,21201.44,SUBSCRIPTION_FAILED,Bank_D,E42,P012,UPI
E14855,C0728,24207.78,PAYMENT_FAILED,Bank_A,E42,P017,UPI
E14856,C0230,9410.74,CHECKOUT_ABANDONED,Bank_D,E17,P015,WALLET
E14857,C0339,18897.48,SUBSCRIPTION_FAILED,Bank_D,E23,P003,UPI
E14858,C0596,20932.33,INVOICE_OVERDUE,Bank_A,E23,P017,CARD
E14859,C0048,7849.34,SUBSCRIPTION_FAILED,Bank_C,E42,P017,CARD
E14860,C0459,20001.87,CHECKOUT_ABANDONED,Bank_D,E11,P010,NETBANKING
E14861,C0132,12778.28,CHECKOUT_ABANDONED,Bank_A,E42,P006,NETBANKING
E14862,C0705,6696.59,CHECKOUT_ABANDONED,Bank_A,E42,P011,CARD
E14863,C0964,16876.51,CHECKOUT_ABANDONED,Bank_A,E42,P003,UPI
E14864,C0802,4815.65,SUBSCRIPTION_FAILED,Bank_A,E23,P001,CARD
E14865,C0703,7717.84,INVOICE_OVERDUE,Bank_D,E17,P012,WALLET
E14866,C0514,24843.65,CHECKOUT_ABANDONED,Bank_D,E17,P020,UPI
E14867,C0785,16405.85,PAYMENT_FAILED,Bank_D,E11,P015,UPI
E14868,C0444,10100.78,CHECKOUT_ABANDONED,Bank_C,E23,P006,CARD
E14869,C0808,16600.1,PAYMENT_FAILED,Bank_A,E23,P003,UPI
E14870,C0596,12045.78,CHECKOUT_ABANDONED,Bank_C,E23,P004,CARD
E14871,C0072,11583.86,SUBSCRIPTION_FAILED,Bank_A,E42,P005,UPI
E14872,C0675,14812.98,CHECKOUT_ABANDONED,Bank_B,E42,P015,NETBANKING
E14873,C0135,20673.76,SUBSCRIPTION_FAILED,Bank_C,E11,P008,WALLET
E14874,C0799,18404.73,PAYMENT_FAILED,Bank_A,E11,P007,NETBANKING
E14875,C0773,24933.41,PAYMENT_FAILED,Bank_A,E11,P005,CARD
E14876,C0899,3121.07,PAYMENT_FAILED,Bank_C,E11,P014,NETBANKING
E14877,C0068,19180.69,SUBSCRIPTION_FAILED,Bank_A,E42,P019,CARD
E14878,C0058,22012.54,CHECKOUT_ABANDONED,Bank_B,E42,P020,UPI
E14879,C0142,16676.9,PAYMENT_FAILED,Bank_C,E11,P008,WALLET
E14880,C0979,17873.49,SUBSCRIPTION_FAILED,Bank_A,E42,P002,NETBANKING
E14881,C0888,24298.8,PAYMENT_FAILED,Bank_D,E23,P001,WALLET
E14882,C0296,19668.12,INVOICE_OVERDUE,Bank_A,E42,P008,WALLET
E14883,C0346,4675.21,PAYMENT_FAILED,Bank_A,E23,P001,CARD
E14884,C0388,16300.28,SUBSCRIPTION_FAILED,Bank_B,E23,P017,NETBANKING
E14885,C0431,8133.59,PAYMENT_FAILED,Bank_A,E42,P010,WALLET
E14886,C0405,21766.87,SUBSCRIPTION_FAILED,Bank_A,E11,P020,WALLET
E14887,C0333,11086.21,SUBSCRIPTION_FAILED,Bank_C,E11,P019,CARD
E14888,C0613,18629.29,SUBSCRIPTION_FAILED,Bank_A,E11,P018,UPI
E14889,C0377,22390.39,SUBSCRIPTION_FAILED,Bank_A,E11,P003,CARD
E14890,C0260,21790.32,CHECKOUT_ABANDONED,Bank_B,E42,P020,NETBANKING
E14891,C0892,8733.05,CHECKOUT_ABANDONED,Bank_D,E23,P020,CARD
E14892,C0689,4434.91,PAYMENT_FAILED,Bank_A,E23,P011,WALLET
E14893,C0827,1883.79,CHECKOUT_ABANDONED,Bank_D,E23,P019,UPI
E14894,C0799,24512.4,INVOICE_OVERDUE,Bank_A,E11,P005,NETBANKING
E14895,C0256,11052.19,INVOICE_OVERDUE,Bank_A,E23,P006,CARD
E14896,C0211,21472.91,PAYMENT_FAILED,Bank_A,E17,P011,WALLET
E14897,C0203,5973.69,CHECKOUT_ABANDONED,Bank_C,E42,P014,UPI
E14898,C0493,6603.68,PAYMENT_FAILED,Bank_A,E42,P005,UPI
E14899,C0575,10338.7,CHECKOUT_ABANDONED,Bank_D,E23,P018,CARD
E14900,C0886,3120.97,SUBSCRIPTION_FAILED,Bank_C,E11,P018,UPI
E14901,C0759,3576.48,INVOICE_OVERDUE,Bank_A,E23,P006,UPI
E14902,C0092,23271.95,PAYMENT_FAILED,Bank_A,E42,P010,NETBANKING
E14903,C0404,5301.76,CHECKOUT_ABANDONED,Bank_B,E17,P017,WALLET
E14904,C0754,24564.68,SUBSCRIPTION_FAILED,Bank_A,E42,P015,UPI
E14905,C0562,16742.42,CHECKOUT_ABANDONED,Bank_A,E17,P019,WALLET
E14906,C0259,14190.13,PAYMENT_FAILED,Bank_D,E11,P015,UPI
E14907,C0573,23977.35,INVOICE_OVERDUE,Bank_A,E11,P013,WALLET
E14908,C0988,2946.85,SUBSCRIPTION_FAILED,Bank_B,E23,P008,UPI
E14909,C0881,24079.17,PAYMENT_FAILED,Bank_C,E23,P019,UPI
E14910,C0467,16382.14,CHECKOUT_ABANDONED,Bank_D,E42,P020,CARD
E14911,C0545,18220.64,INVOICE_OVERDUE,Bank_B,E23,P016,WALLET
E14912,C0802,2086.39,SUBSCRIPTION_FAILED,Bank_C,E23,P016,CARD
E14913,C0889,5070.31,INVOICE_OVERDUE,Bank_A,E17,P018,WALLET
E14914,C0623,13220.3,CHECKOUT_ABANDONED,Bank_A,E17,P016,UPI
E14915,C0341,10710.48,SUBSCRIPTION_FAILED,Bank_B,E42,P006,UPI
E14916,C0609,20284.33,SUBSCRIPTION_FAILED,Bank_A,E42,P015,UPI
E14917,C0310,13273.69,PAYMENT_FAILED,Bank_A,E42,P008,CARD
E14918,C0731,11538.68,PAYMENT_FAILED,Bank_C,E17,P020,CARD
E14919,C0419,2007.35,PAYMENT_FAILED,Bank_A,E11,P011,WALLET
E14920,C0064,11075.18,INVOICE_OVERDUE,Bank_A,E42,P017,NETBANKING
E14921,C0495,22735.45,SUBSCRIPTION_FAILED,Bank_C,E23,P005,WALLET
E14922,C0136,12287.39,SUBSCRIPTION_FAILED,Bank_A,E42,P001,NETBANKING
E14923,C0131,13271.49,CHECKOUT_ABANDONED,Bank_A,E42,P014,WALLET
E14924,C0709,6801.23,CHECKOUT_ABANDONED,Bank_D,E11,P001,UPI
E14925,C0663,9555.58,PAYMENT_FAILED,Bank_A,E42,P017,UPI
E14926,C0376,884.89,SUBSCRIPTION_FAILED,Bank_A,E42,P003,NETBANKING
E14927,C0652,5475.77,CHECKOUT_ABANDONED,Bank_B,E42,P009,WALLET
E14928,C0288,17086.67,INVOICE_OVERDUE,Bank_A,E11,P019,NETBANKING
E14929,C0822,4650.0,PAYMENT_FAILED,Bank_A,E42,P001,NETBANKING
E14930,C0483,18156.11,SUBSCRIPTION_FAILED,Bank_D,E42,P009,UPI
E14931,C0618,13947.52,SUBSCRIPTION_FAILED,Bank_B,E17,P012,CARD
E14932,C0208,4482.51,SUBSCRIPTION_FAILED,Bank_A,E42,P011,WALLET
E14933,C0163,6514.99,CHECKOUT_ABANDONED,Bank_D,E42,P005,CARD
E14934,C0034,15267.01,INVOICE_OVERDUE,Bank_A,E42,P010,UPI
E14935,C0759,10814.29,PAYMENT_FAILED,Bank_A,E23,P020,CARD
E14936,C0778,19058.28,CHECKOUT_ABANDONED,Bank_B,E23,P018,NETBANKING
E14937,C0662,18377.33,SUBSCRIPTION_FAILED,Bank_A,E42,P005,WALLET
E14938,C0640,2206.94,INVOICE_OVERDUE,Bank_B,E17,P002,WALLET
E14939,C0874,6579.14,PAYMENT_FAILED,Bank_D,E11,P008,WALLET
E14940,C0271,16743.77,PAYMENT_FAILED,Bank_C,E11,P005,WALLET
E14941,C0740,19001.73,PAYMENT_FAILED,Bank_B,E42,P001,WALLET
E14942,C0183,4725.32,CHECKOUT_ABANDONED,Bank_C,E23,P007,CARD
E14943,C0009,23281.44,SUBSCRIPTION_FAILED,Bank_D,E17,P001,UPI
E14944,C0192,22709.11,INVOICE_OVERDUE,Bank_A,E42,P009,WALLET
E14945,C0080,4149.52,PAYMENT_FAILED,Bank_D,E11,P004,CARD
E14946,C0872,1275.86,PAYMENT_FAILED,Bank_A,E11,P003,CARD
E14947,C0463,11817.66,INVOICE_OVERDUE,Bank_A,E23,P009,UPI
E14948,C0510,20963.9,SUBSCRIPTION_FAILED,Bank_C,E11,P017,UPI
E14949,C0729,2694.43,PAYMENT_FAILED,Bank_B,E11,P019,UPI
E14950,C0765,5458.69,INVOICE_OVERDUE,Bank_C,E42,P010,NETBANKING
E14951,C0766,23860.27,PAYMENT_FAILED,Bank_C,E11,P001,WALLET
E14952,C0958,673.45,INVOICE_OVERDUE,Bank_B,E17,P017,CARD
E14953,C0652,2280.2,SUBSCRIPTION_FAILED,Bank_A,E42,P011,UPI
E14954,C0147,3487.53,PAYMENT_FAILED,Bank_A,E11,P017,CARD
E14955,C0873,4590.74,PAYMENT_FAILED,Bank_A,E11,P004,CARD
E14956,C0644,5744.3,INVOICE_OVERDUE,Bank_A,E17,P003,CARD
E14957,C0049,7629.38,CHECKOUT_ABANDONED,Bank_A,E17,P006,UPI
E14958,C0764,7378.26,SUBSCRIPTION_FAILED,Bank_C,E23,P012,NETBANKING
E14959,C0842,19585.55,INVOICE_OVERDUE,Bank_B,E42,P018,CARD
E14960,C0272,18382.29,PAYMENT_FAILED,Bank_D,E42,P009,UPI
E14961,C0798,21399.45,INVOICE_OVERDUE,Bank_C,E11,P003,UPI
E14962,C0183,20960.28,INVOICE_OVERDUE,Bank_D,E11,P007,CARD
E14963,C0864,19535.81,SUBSCRIPTION_FAILED,Bank_C,E17,P017,WALLET
E14964,C0286,16626.55,SUBSCRIPTION_FAILED,Bank_D,E11,P012,CARD
E14965,C0290,20223.24,INVOICE_OVERDUE,Bank_A,E17,P003,UPI
E14966,C0332,7728.74,INVOICE_OVERDUE,Bank_C,E23,P017,WALLET
E14967,C0682,8592.51,CHECKOUT_ABANDONED,Bank_B,E23,P003,CARD
E14968,C0492,5544.76,PAYMENT_FAILED,Bank_C,E42,P009,UPI
E14969,C0556,15964.19,INVOICE_OVERDUE,Bank_B,E11,P019,WALLET
E14970,C0560,6192.22,CHECKOUT_ABANDONED,Bank_A,E42,P011,UPI
E14971,C0108,23995.91,PAYMENT_FAILED,Bank_B,E17,P019,CARD
E14972,C0224,15360.7,INVOICE_OVERDUE,Bank_B,E17,P011,NETBANKING
E14973,C0429,18265.89,CHECKOUT_ABANDONED,Bank_B,E23,P001,NETBANKING
E14974,C0487,3886.8,CHECKOUT_ABANDONED,Bank_D,E11,P011,NETBANKING
E14975,C0338,19774.41,SUBSCRIPTION_FAILED,Bank_D,E11,P009,UPI
E14976,C0118,16062.21,INVOICE_OVERDUE,Bank_B,E23,P010,CARD
E14977,C0210,12577.8,INVOICE_OVERDUE,Bank_B,E17,P013,WALLET
E14978,C0546,24284.99,INVOICE_OVERDUE,Bank_C,E11,P015,WALLET
E14979,C0596,5786.56,INVOICE_OVERDUE,Bank_A,E42,P018,CARD
E14980,C0443,17773.97,INVOICE_OVERDUE,Bank_B,E42,P010,UPI
E14981,C0621,15378.11,SUBSCRIPTION_FAILED,Bank_D,E17,P002,CARD
E14982,C0609,15921.44,SUBSCRIPTION_FAILED,Bank_B,E23,P015,UPI
E14983,C0405,7122.35,CHECKOUT_ABANDONED,Bank_C,E23,P016,NETBANKING
E14984,C0817,4414.46,CHECKOUT_ABANDONED,Bank_A,E42,P017,WALLET
E14985,C0590,5752.41,PAYMENT_FAILED,Bank_D,E11,P002,WALLET
E14986,C0215,23987.14,PAYMENT_FAILED,Bank_D,E17,P019,NETBANKING
E14987,C0817,13371.49,PAYMENT_FAILED,Bank_D,E23,P020,NETBANKING
E14988,C0759,4994.77,INVOICE_OVERDUE,Bank_C,E17,P013,UPI
E14989,C0805,20381.84,INVOICE_OVERDUE,Bank_A,E42,P007,CARD
E14990,C0319,5719.4,CHECKOUT_ABANDONED,Bank_C,E11,P020,NETBANKING
E14991,C0123,22046.53,PAYMENT_FAILED,Bank_D,E23,P020,CARD
E14992,C0342,4825.14,INVOICE_OVERDUE,Bank_A,E42,P004,CARD
E14993,C0398,10149.18,INVOICE_OVERDUE,Bank_D,E17,P001,NETBANKING
E14994,C0856,2947.4,INVOICE_OVERDUE,Bank_A,E42,P005,UPI
E14995,C0466,22374.48,SUBSCRIPTION_FAILED,Bank_A,E42,P005,CARD
E14996,C0884,24946.83,SUBSCRIPTION_FAILED,Bank_A,E42,P009,NETBANKING
E14997,C0706,14267.52,PAYMENT_FAILED,Bank_A,E42,P010,WALLET
E14998,C0921,14207.69,SUBSCRIPTION_FAILED,Bank_B,E23,P015,UPI
E14999,C0286,12768.19,PAYMENT_FAILED,Bank_A,E11,P005,CARD
E15000,C0160,11697.77,INVOICE_OVERDUE,Bank_A,E42,P013,WALLET
