event_id,amount,event_type,bank,error_code,product_id,payment_method,intervention,recovery_probability,expected_recovery,priority_score,priority
E00198,24949.39,SUBSCRIPTION_FAILED,Bank_A,E42,P017,UPI,ALTERNATE_PAYMENT,0.9237727,23047.56518103242,23047.56518103242,HIGH
E01274,24980.58,CHECKOUT_ABANDONED,Bank_A,E42,P017,UPI,ALTERNATE_PAYMENT,0.86489815,21605.65730799079,21605.65730799079,HIGH
E02522,24263.18,SUBSCRIPTION_FAILED,Bank_A,E42,P005,UPI,ALTERNATE_PAYMENT,0.87093717,21131.70529038787,21131.70529038787,HIGH
E03644,24336.9,SUBSCRIPTION_FAILED,Bank_A,E42,P006,WALLET,ALTERNATE_PAYMENT,0.868291,21131.511734211446,21131.511734211446,HIGH
E00729,23973.89,SUBSCRIPTION_FAILED,Bank_A,E42,P002,WALLET,ALTERNATE_PAYMENT,0.8784526,21059.925979805583,21059.925979805583,HIGH
E01272,24824.39,SUBSCRIPTION_FAILED,Bank_A,E42,P005,UPI,ALTERNATE_PAYMENT,0.84462416,20967.2795939672,20967.2795939672,HIGH
E00663,24639.94,SUBSCRIPTION_FAILED,Bank_A,E42,P008,WALLET,ALTERNATE_PAYMENT,0.85089976,20966.118932739497,20966.118932739497,HIGH
E03450,24369.67,SUBSCRIPTION_FAILED,Bank_A,E42,P011,WALLET,ALTERNATE_PAYMENT,0.857954,20908.056470966338,20908.056470966338,HIGH
E03755,24094.55,SUBSCRIPTION_FAILED,Bank_A,E42,P016,UPI,ALTERNATE_PAYMENT,0.8655843,20855.86452974379,20855.86452974379,HIGH
E04172,24371.47,SUBSCRIPTION_FAILED,Bank_A,E42,P002,CARD,ALTERNATE_PAYMENT,0.8485519,20680.457880993486,20680.457880993486,HIGH
E02685,23716.36,SUBSCRIPTION_FAILED,Bank_A,E42,P009,NETBANKING,ALTERNATE_PAYMENT,0.8648989,20512.254151735306,20512.254151735306,HIGH
E04845,24409.34,SUBSCRIPTION_FAILED,Bank_A,E42,P006,NETBANKING,ALTERNATE_PAYMENT,0.8377738,20449.505524759294,20449.505524759294,HIGH
E01937,24491.92,SUBSCRIPTION_FAILED,Bank_A,E42,P009,NETBANKING,ALTERNATE_PAYMENT,0.83024096,20334.19529279709,20334.19529279709,HIGH
E02860,24956.98,PAYMENT_FAILED,Bank_B,E23,P007,NETBANKING,RETRY_PAYMENT,0.81134546,20248.73236916304,20248.73236916304,HIGH
E02962,23480.81,SUBSCRIPTION_FAILED,Bank_A,E42,P009,NETBANKING,ALTERNATE_PAYMENT,0.86111027,20219.566639466884,20219.566639466884,HIGH
E04482,22591.01,SUBSCRIPTION_FAILED,Bank_A,E42,P008,WALLET,ALTERNATE_PAYMENT,0.8928816,20171.096527437567,20171.096527437567,HIGH
E01504,22914.02,SUBSCRIPTION_FAILED,Bank_A,E42,P009,UPI,ALTERNATE_PAYMENT,0.8769986,20095.56353699565,20095.56353699565,HIGH
E01501,24993.66,INVOICE_OVERDUE,Bank_B,E23,P007,WALLET,SEND_REMINDER,0.7963163,19902.859496108293,19902.859496108293,HIGH
E04715,23120.22,SUBSCRIPTION_FAILED,Bank_A,E42,P011,CARD,ALTERNATE_PAYMENT,0.86048335,19894.564320641755,19894.564320641755,HIGH
E01794,23984.37,SUBSCRIPTION_FAILED,Bank_A,E42,P018,NETBANKING,ALTERNATE_PAYMENT,0.8293044,19890.343502821324,19890.343502821324,HIGH
E02838,22312.58,SUBSCRIPTION_FAILED,Bank_A,E42,P008,CARD,ALTERNATE_PAYMENT,0.8894623,19846.198551570174,19846.198551570174,HIGH
E01426,23036.84,SUBSCRIPTION_FAILED,Bank_A,E42,P006,WALLET,ALTERNATE_PAYMENT,0.85857016,19778.743369715216,19778.743369715216,HIGH
E04722,23570.25,CHECKOUT_ABANDONED,Bank_A,E42,P011,UPI,ALTERNATE_PAYMENT,0.83527213,19687.573001101613,19687.573001101613,HIGH
E04148,22919.95,SUBSCRIPTION_FAILED,Bank_A,E42,P017,NETBANKING,ALTERNATE_PAYMENT,0.8588677,19685.204852196573,19685.204852196573,HIGH
E01643,22283.42,SUBSCRIPTION_FAILED,Bank_A,E42,P007,UPI,ALTERNATE_PAYMENT,0.88183194,19650.231577318904,19650.231577318904,HIGH
E04395,23056.87,SUBSCRIPTION_FAILED,Bank_A,E42,P019,NETBANKING,ALTERNATE_PAYMENT,0.84842104,19561.933559919,19561.933559919,HIGH
E00307,23215.86,SUBSCRIPTION_FAILED,Bank_A,E42,P019,WALLET,ALTERNATE_PAYMENT,0.8424237,19557.590156235696,19557.590156235696,HIGH
E02078,22437.21,SUBSCRIPTION_FAILED,Bank_A,E42,P004,WALLET,ALTERNATE_PAYMENT,0.8709696,19542.12767353356,19542.12767353356,HIGH
E01956,22659.61,SUBSCRIPTION_FAILED,Bank_A,E42,P015,WALLET,ALTERNATE_PAYMENT,0.8607465,19504.18006404042,19504.18006404042,HIGH
E02874,22845.66,SUBSCRIPTION_FAILED,Bank_A,E42,P014,NETBANKING,ALTERNATE_PAYMENT,0.8503384,19426.54195787072,19426.54195787072,HIGH
E00807,21813.48,SUBSCRIPTION_FAILED,Bank_A,E42,P004,UPI,ALTERNATE_PAYMENT,0.8897241,19407.978332855702,19407.978332855702,HIGH
E02804,22152.08,SUBSCRIPTION_FAILED,Bank_A,E42,P019,UPI,ALTERNATE_PAYMENT,0.8748841,19380.50320682526,19380.50320682526,HIGH
E00173,22416.53,SUBSCRIPTION_FAILED,Bank_A,E42,P017,CARD,ALTERNATE_PAYMENT,0.8644381,19377.70297279656,19377.70297279656,HIGH
E03162,21471.41,SUBSCRIPTION_FAILED,Bank_A,E42,P011,NETBANKING,ALTERNATE_PAYMENT,0.8991091,19305.1406605649,19305.1406605649,HIGH
E03414,24716.21,PAYMENT_FAILED,Bank_A,E42,P016,UPI,ALTERNATE_PAYMENT,0.7800815,19280.658431718348,19280.658431718348,HIGH
E03431,24714.71,PAYMENT_FAILED,Bank_A,E42,P016,UPI,ALTERNATE_PAYMENT,0.7800815,19279.48830945253,19279.48830945253,HIGH
E01166,24996.31,CHECKOUT_ABANDONED,Bank_A,E42,P011,CARD,SEND_REMINDER,0.76999056,19246.92281963706,19246.92281963706,HIGH
E00098,24262.9,PAYMENT_FAILED,Bank_A,E42,P017,UPI,ALTERNATE_PAYMENT,0.79172635,19209.57727644444,19209.57727644444,HIGH
E02938,24600.45,CHECKOUT_ABANDONED,Bank_A,E42,P002,WALLET,ALTERNATE_PAYMENT,0.78006804,19190.02481201291,19190.02481201291,HIGH
E03540,22162.18,SUBSCRIPTION_FAILED,Bank_A,E42,P006,UPI,ALTERNATE_PAYMENT,0.8658764,19189.708116596936,19189.708116596936,HIGH
E00006,21568.54,SUBSCRIPTION_FAILED,Bank_A,E42,P009,NETBANKING,ALTERNATE_PAYMENT,0.8888926,19172.115404678585,19172.115404678585,HIGH
E03596,22507.61,SUBSCRIPTION_FAILED,Bank_A,E42,P006,WALLET,ALTERNATE_PAYMENT,0.8491091,19111.41676772058,19111.41676772058,HIGH
E00771,22314.42,SUBSCRIPTION_FAILED,Bank_A,E42,P020,UPI,ALTERNATE_PAYMENT,0.854883,19076.218651052717,19076.218651052717,HIGH
E01647,24560.9,PAYMENT_FAILED,Bank_A,E42,P002,UPI,ALTERNATE_PAYMENT,0.7753592,19043.52010322213,19043.52010322213,HIGH
E00112,21920.78,SUBSCRIPTION_FAILED,Bank_A,E42,P018,UPI,ALTERNATE_PAYMENT,0.865918,18981.597552331685,18981.597552331685,HIGH
E01060,23721.0,CHECKOUT_ABANDONED,Bank_A,E42,P008,UPI,ALTERNATE_PAYMENT,0.7994942,18964.802082002163,18964.802082002163,HIGH
E03894,22034.4,SUBSCRIPTION_FAILED,Bank_A,E42,P009,WALLET,ALTERNATE_PAYMENT,0.8581802,18909.486347436905,18909.486347436905,HIGH
E00295,21796.86,SUBSCRIPTION_FAILED,Bank_A,E42,P017,CARD,ALTERNATE_PAYMENT,0.8665995,18889.147981477978,18889.147981477978,HIGH
E00679,23502.93,SUBSCRIPTION_FAILED,Bank_B,E42,P012,UPI,ALTERNATE_PAYMENT,0.7997309,18796.019289847613,18796.019289847613,HIGH
E00881,24889.12,INVOICE_OVERDUE,Bank_D,E11,P017,UPI,RETRY_PAYMENT,0.75477326,18785.642220096583,18785.642220096583,HIGH
E01534,24113.53,PAYMENT_FAILED,Bank_A,E42,P010,WALLET,ALTERNATE_PAYMENT,0.778698,18777.158238235115,18777.158238235115,HIGH
E02620,24096.31,CHECKOUT_ABANDONED,Bank_A,E42,P009,WALLET,ALTERNATE_PAYMENT,0.7787213,18764.30919648707,18764.30919648707,HIGH
E01856,24913.04,INVOICE_OVERDUE,Bank_B,E42,P014,WALLET,SEND_REMINDER,0.75120455,18714.78900896549,18714.78900896549,HIGH
E01439,21027.9,SUBSCRIPTION_FAILED,Bank_A,E42,P007,CARD,ALTERNATE_PAYMENT,0.88936025,18701.37838084102,18701.37838084102,HIGH
E02081,23657.15,PAYMENT_FAILED,Bank_A,E42,P012,WALLET,ALTERNATE_PAYMENT,0.78622335,18599.80377071202,18599.80377071202,HIGH
E02855,24986.75,INVOICE_OVERDUE,Bank_A,E42,P012,CARD,ALTERNATE_PAYMENT,0.74288815,18562.360546961427,18562.360546961427,HIGH
E04309,24310.13,PAYMENT_FAILED,Bank_A,E42,P017,CARD,ALTERNATE_PAYMENT,0.76246506,18535.624723156096,18535.624723156096,HIGH
E02281,21889.37,SUBSCRIPTION_FAILED,Bank_A,E42,P018,WALLET,ALTERNATE_PAYMENT,0.84646076,18528.49275823533,18528.49275823533,HIGH
E03773,24930.8,CHECKOUT_ABANDONED,Bank_D,E23,P004,UPI,SEND_REMINDER,0.74258286,18513.18470647335,18513.18470647335,HIGH
E03646,23659.76,SUBSCRIPTION_FAILED,Bank_A,E17,P009,UPI,ALTERNATE_PAYMENT,0.779869,18451.51384428501,18451.51384428501,HIGH
E02546,23288.44,CHECKOUT_ABANDONED,Bank_A,E42,P007,WALLET,ALTERNATE_PAYMENT,0.79199326,18444.287524847983,18444.287524847983,HIGH
E02684,23507.49,CHECKOUT_ABANDONED,Bank_A,E42,P008,CARD,ALTERNATE_PAYMENT,0.78254116,18395.57839491248,18395.57839491248,HIGH
E04007,20663.53,SUBSCRIPTION_FAILED,Bank_A,E42,P007,UPI,ALTERNATE_PAYMENT,0.88805985,18350.45144541025,18350.45144541025,HIGH
E00366,20715.7,SUBSCRIPTION_FAILED,Bank_A,E42,P016,UPI,ALTERNATE_PAYMENT,0.8849437,18332.228696608545,18332.228696608545,HIGH
E01787,20471.92,SUBSCRIPTION_FAILED,Bank_A,E42,P007,NETBANKING,ALTERNATE_PAYMENT,0.8944652,18311.420182056427,18311.420182056427,HIGH
E02535,20870.17,SUBSCRIPTION_FAILED,Bank_A,E42,P012,WALLET,ALTERNATE_PAYMENT,0.87693477,18301.77766138792,18301.77766138792,HIGH
E00257,24299.18,CHECKOUT_ABANDONED,Bank_A,E42,P005,UPI,ALTERNATE_PAYMENT,0.75177956,18267.62675823212,18267.62675823212,HIGH
E03554,23567.64,INVOICE_OVERDUE,Bank_A,E42,P014,UPI,ALTERNATE_PAYMENT,0.7748116,18260.48145714283,18260.48145714283,HIGH
E00838,24914.89,INVOICE_OVERDUE,Bank_B,E23,P016,NETBANKING,SEND_REMINDER,0.7320408,18238.71656824529,18238.71656824529,HIGH
E02170,23748.93,CHECKOUT_ABANDONED,Bank_D,E17,P009,NETBANKING,SEND_REMINDER,0.76520187,18172.725566387773,18172.725566387773,HIGH
E01503,23427.48,CHECKOUT_ABANDONED,Bank_A,E42,P019,UPI,ALTERNATE_PAYMENT,0.7746192,18147.37632369518,18147.37632369518,HIGH
E03918,20628.11,SUBSCRIPTION_FAILED,Bank_A,E42,P003,NETBANKING,ALTERNATE_PAYMENT,0.8791342,18134.87653187752,18134.87653187752,HIGH
E02993,20841.97,SUBSCRIPTION_FAILED,Bank_A,E42,P008,CARD,ALTERNATE_PAYMENT,0.86855173,18102.32912323475,18102.32912323475,HIGH
E00702,22666.78,CHECKOUT_ABANDONED,Bank_A,E42,P008,CARD,ALTERNATE_PAYMENT,0.79634327,18050.53763675332,18050.53763675332,HIGH
E04948,23372.42,INVOICE_OVERDUE,Bank_A,E42,P008,NETBANKING,ALTERNATE_PAYMENT,0.77221686,18048.576700721977,18048.576700721977,HIGH
E01128,20544.57,SUBSCRIPTION_FAILED,Bank_A,E42,P018,UPI,ALTERNATE_PAYMENT,0.8768114,18013.71287910819,18013.71287910819,HIGH
E04873,24322.3,PAYMENT_FAILED,Bank_D,E11,P007,UPI,RETRY_PAYMENT,0.7405654,18012.2542953372,18012.2542953372,HIGH
E02272,20307.28,SUBSCRIPTION_FAILED,Bank_A,E42,P015,WALLET,ALTERNATE_PAYMENT,0.8868724,18009.966369867325,18009.966369867325,HIGH
E01457,23375.13,PAYMENT_FAILED,Bank_A,E42,P008,CARD,ALTERNATE_PAYMENT,0.76905155,17976.680000467302,17976.680000467302,HIGH
E00186,24208.64,INVOICE_OVERDUE,Bank_A,E42,P002,WALLET,ALTERNATE_PAYMENT,0.74187183,17959.708150634764,17959.708150634764,HIGH
E00572,24519.03,PAYMENT_FAILED,Bank_A,E42,P010,UPI,ALTERNATE_PAYMENT,0.73222744,17953.506682165862,17953.506682165862,HIGH
E02900,22277.75,SUBSCRIPTION_FAILED,Bank_D,E42,P016,UPI,ALTERNATE_PAYMENT,0.80490965,17931.575877562165,17931.575877562165,HIGH
E00228,20735.06,SUBSCRIPTION_FAILED,Bank_A,E42,P020,WALLET,ALTERNATE_PAYMENT,0.8630678,17895.76273664832,17895.76273664832,HIGH
E00336,22290.08,SUBSCRIPTION_FAILED,Bank_A,E42,P013,NETBANKING,ALTERNATE_PAYMENT,0.80252206,17888.280991725922,17888.280991725922,HIGH
E01667,21413.93,PAYMENT_FAILED,Bank_A,E42,P002,WALLET,ALTERNATE_PAYMENT,0.8352616,17886.23307708025,17886.23307708025,HIGH
E04403,24247.1,CHECKOUT_ABANDONED,Bank_A,E42,P019,NETBANKING,ALTERNATE_PAYMENT,0.7376178,17885.092332857846,17885.092332857846,HIGH
E01032,22919.91,PAYMENT_FAILED,Bank_A,E42,P008,CARD,ALTERNATE_PAYMENT,0.77907866,17856.412825024723,17856.412825024723,HIGH
E02619,23310.2,PAYMENT_FAILED,Bank_A,E42,P016,UPI,ALTERNATE_PAYMENT,0.7659529,17854.51494344473,17854.51494344473,HIGH
E00304,24889.27,PAYMENT_FAILED,Bank_B,E17,P020,WALLET,RETRY_PAYMENT,0.71721035,17850.842108196615,17850.842108196615,HIGH
E04054,23862.56,PAYMENT_FAILED,Bank_A,E42,P012,CARD,ALTERNATE_PAYMENT,0.74598116,17801.020113630297,17801.020113630297,HIGH
E03962,20389.84,SUBSCRIPTION_FAILED,Bank_A,E42,P005,UPI,ALTERNATE_PAYMENT,0.8726026,17792.22703011513,17792.22703011513,HIGH
E00102,22016.41,CHECKOUT_ABANDONED,Bank_A,E42,P002,WALLET,ALTERNATE_PAYMENT,0.80792,17787.497506957054,17787.497506957054,HIGH
E00826,23454.73,PAYMENT_FAILED,Bank_A,E42,P017,WALLET,ALTERNATE_PAYMENT,0.75704306,17756.24065606296,17756.24065606296,HIGH
E04217,22977.9,PAYMENT_FAILED,Bank_A,E42,P017,UPI,ALTERNATE_PAYMENT,0.7722228,17744.05866546035,17744.05866546035,HIGH
E01270,22269.07,CHECKOUT_ABANDONED,Bank_A,E42,P002,WALLET,ALTERNATE_PAYMENT,0.79632235,17733.358059706687,17733.358059706687,HIGH
E02295,24705.57,INVOICE_OVERDUE,Bank_A,E42,P013,WALLET,ALTERNATE_PAYMENT,0.71713,17717.1055465132,17717.1055465132,HIGH
E03229,24860.34,CHECKOUT_ABANDONED,Bank_A,E11,P006,CARD,SEND_REMINDER,0.7125774,17714.916504746674,17714.916504746674,HIGH
E00268,23819.39,CHECKOUT_ABANDONED,Bank_C,E23,P007,NETBANKING,SEND_REMINDER,0.74329,17704.714562560916,17704.714562560916,HIGH
E04340,23812.79,CHECKOUT_ABANDONED,Bank_D,E42,P016,WALLET,ALTERNATE_PAYMENT,0.7428022,17688.192864469886,17688.192864469886,HIGH
E04507,21792.36,SUBSCRIPTION_FAILED,Bank_D,E42,P005,CARD,ALTERNATE_PAYMENT,0.81119007,17677.74600600958,17677.74600600958,HIGH
E02956,22912.97,CHECKOUT_ABANDONED,Bank_A,E42,P016,WALLET,ALTERNATE_PAYMENT,0.77017415,17646.977095166447,17646.977095166447,HIGH
E01577,24212.63,CHECKOUT_ABANDONED,Bank_A,E42,P014,NETBANKING,ALTERNATE_PAYMENT,0.7287694,17645.4243599689,17645.4243599689,HIGH
E00534,24757.12,INVOICE_OVERDUE,Bank_A,E42,P019,UPI,ALTERNATE_PAYMENT,0.71199703,17626.99596496582,17626.99596496582,HIGH
E01582,24001.27,INVOICE_OVERDUE,Bank_A,E42,P019,UPI,ALTERNATE_PAYMENT,0.7342637,17623.26174999893,17623.26174999893,HIGH
E04008,23192.69,PAYMENT_FAILED,Bank_A,E42,P018,UPI,ALTERNATE_PAYMENT,0.75982517,17622.389622938037,17622.389622938037,HIGH
E03157,20967.74,SUBSCRIPTION_FAILED,Bank_A,E42,P016,CARD,ALTERNATE_PAYMENT,0.8402531,17618.208843226435,17618.208843226435,HIGH
E02914,22411.22,CHECKOUT_ABANDONED,Bank_A,E42,P009,WALLET,ALTERNATE_PAYMENT,0.78612566,17618.0351126194,17618.0351126194,HIGH
E03000,23945.92,PAYMENT_FAILED,Bank_A,E42,P020,UPI,ALTERNATE_PAYMENT,0.735011,17600.51416355133,17600.51416355133,HIGH
E04270,24644.66,INVOICE_OVERDUE,Bank_A,E42,P020,WALLET,ALTERNATE_PAYMENT,0.7130767,17573.533089144228,17573.533089144228,HIGH
E01899,21995.68,CHECKOUT_ABANDONED,Bank_A,E42,P002,NETBANKING,ALTERNATE_PAYMENT,0.7977088,17546.14770421028,17546.14770421028,HIGH
E03066,19776.52,SUBSCRIPTION_FAILED,Bank_A,E42,P017,WALLET,ALTERNATE_PAYMENT,0.88488376,17499.921405119898,17499.921405119898,HIGH
E02894,24367.28,INVOICE_OVERDUE,Bank_A,E42,P002,NETBANKING,ALTERNATE_PAYMENT,0.71638197,17456.279978489874,17456.279978489874,HIGH
E02493,24556.99,PAYMENT_FAILED,Bank_A,E42,P018,CARD,ALTERNATE_PAYMENT,0.7104086,17445.49757338822,17445.49757338822,HIGH
E01567,23671.72,CHECKOUT_ABANDONED,Bank_A,E42,P003,NETBANKING,ALTERNATE_PAYMENT,0.7361587,17426.1432989645,17426.1432989645,HIGH
E00798,24248.38,SUBSCRIPTION_FAILED,Bank_B,E42,P019,UPI,ALTERNATE_PAYMENT,0.7186307,17425.62960221529,17425.62960221529,HIGH
E00389,19763.82,SUBSCRIPTION_FAILED,Bank_A,E42,P007,UPI,ALTERNATE_PAYMENT,0.8815876,17423.53912583113,17423.53912583113,HIGH
E01374,23736.42,PAYMENT_FAILED,Bank_D,E42,P012,UPI,ALTERNATE_PAYMENT,0.7338872,17419.854707078932,17419.854707078932,HIGH
E02692,22383.56,PAYMENT_FAILED,Bank_A,E42,P007,UPI,ALTERNATE_PAYMENT,0.77704996,17393.144373691084,17393.144373691084,HIGH
E04886,24093.15,INVOICE_OVERDUE,Bank_A,E42,P003,UPI,ALTERNATE_PAYMENT,0.72093326,17369.55313783586,17369.55313783586,HIGH
E03110,23863.28,PAYMENT_FAILED,Bank_A,E42,P003,UPI,ALTERNATE_PAYMENT,0.7274161,17358.534025893212,17358.534025893212,HIGH
E04879,23573.75,CHECKOUT_ABANDONED,Bank_B,E42,P019,CARD,ALTERNATE_PAYMENT,0.7360076,17350.458482056856,17350.458482056856,HIGH
E03146,22182.34,SUBSCRIPTION_FAILED,Bank_D,E42,P011,NETBANKING,ALTERNATE_PAYMENT,0.7821273,17349.414152530433,17349.414152530433,HIGH
E03977,23511.28,PAYMENT_FAILED,Bank_C,E17,P009,UPI,RETRY_PAYMENT,0.7375912,17341.71339396,17341.71339396,HIGH
E03058,21570.41,PAYMENT_FAILED,Bank_A,E42,P017,UPI,ALTERNATE_PAYMENT,0.80347705,17331.32936980009,17331.32936980009,HIGH
E01428,23347.13,SUBSCRIPTION_FAILED,Bank_B,E42,P016,NETBANKING,ALTERNATE_PAYMENT,0.7418559,17320.206590593458,17320.206590593458,HIGH
E00862,24147.64,CHECKOUT_ABANDONED,Bank_A,E11,P007,WALLET,SEND_REMINDER,0.7162553,17295.875306296348,17295.875306296348,HIGH
E04906,22920.97,PAYMENT_FAILED,Bank_A,E42,P012,CARD,ALTERNATE_PAYMENT,0.7538862,17279.803497114182,17279.803497114182,HIGH
E01111,22517.36,CHECKOUT_ABANDONED,Bank_A,E42,P007,WALLET,ALTERNATE_PAYMENT,0.7667182,17264.469925875663,17264.469925875663,HIGH
E03556,24399.31,SUBSCRIPTION_FAILED,Bank_D,E42,P007,UPI,ALTERNATE_PAYMENT,0.70715225,17254.02690221429,17254.02690221429,HIGH
E02257,22005.08,INVOICE_OVERDUE,Bank_A,E42,P017,UPI,ALTERNATE_PAYMENT,0.78338933,17238.54487582207,17238.54487582207,HIGH
E03336,21396.22,INVOICE_OVERDUE,Bank_A,E42,P008,WALLET,ALTERNATE_PAYMENT,0.80523205,17228.922050800324,17228.922050800324,HIGH
E03441,22084.74,PAYMENT_FAILED,Bank_A,E42,P009,NETBANKING,ALTERNATE_PAYMENT,0.7791315,17206.915987383127,17206.915987383127,HIGH
E00643,22956.78,CHECKOUT_ABANDONED,Bank_A,E42,P004,WALLET,ALTERNATE_PAYMENT,0.74725574,17154.585685454607,17154.585685454607,HIGH
E00190,23629.45,PAYMENT_FAILED,Bank_C,E17,P010,WALLET,RETRY_PAYMENT,0.7253157,17138.810832029583,17138.810832029583,HIGH
E02849,23079.24,CHECKOUT_ABANDONED,Bank_A,E42,P005,CARD,ALTERNATE_PAYMENT,0.7420294,17125.475267000198,17125.475267000198,HIGH
E02735,22189.43,PAYMENT_FAILED,Bank_A,E42,P008,NETBANKING,ALTERNATE_PAYMENT,0.77141744,17117.313263112905,17117.313263112905,HIGH
E00828,23237.27,CHECKOUT_ABANDONED,Bank_A,E42,P014,WALLET,ALTERNATE_PAYMENT,0.7363614,17111.028306685686,17111.028306685686,HIGH
E04968,23312.88,SUBSCRIPTION_FAILED,Bank_A,E17,P007,WALLET,ALTERNATE_PAYMENT,0.73369545,17104.55392282963,17104.55392282963,HIGH
E01298,21434.15,SUBSCRIPTION_FAILED,Bank_C,E42,P011,CARD,ALTERNATE_PAYMENT,0.79751027,17093.95467450023,17093.95467450023,HIGH
E00079,23681.77,INVOICE_OVERDUE,Bank_C,E11,P007,UPI,ALTERNATE_PAYMENT,0.72181606,17093.88198454857,17093.88198454857,HIGH
E02560,23632.27,INVOICE_OVERDUE,Bank_A,E42,P016,NETBANKING,ALTERNATE_PAYMENT,0.72314477,17089.55244589567,17089.55244589567,HIGH
E02694,19316.8,SUBSCRIPTION_FAILED,Bank_A,E42,P015,NETBANKING,ALTERNATE_PAYMENT,0.88455665,17086.803918266294,17086.803918266294,HIGH
E02688,23770.08,CHECKOUT_ABANDONED,Bank_D,E42,P013,UPI,ALTERNATE_PAYMENT,0.7187371,17084.43896965027,17084.43896965027,HIGH
E04481,22267.05,INVOICE_OVERDUE,Bank_A,E42,P017,CARD,ALTERNATE_PAYMENT,0.7661752,17060.46172042787,17060.46172042787,HIGH
E00049,23435.79,CHECKOUT_ABANDONED,Bank_A,E42,P003,WALLET,ALTERNATE_PAYMENT,0.7274962,17049.448327433467,17049.448327433467,HIGH
E00397,24596.28,SUBSCRIPTION_FAILED,Bank_A,E42,P001,NETBANKING,ALTERNATE_PAYMENT,0.6929552,17044.120025904176,17044.120025904176,HIGH
E02247,23030.28,PAYMENT_FAILED,Bank_A,E42,P018,WALLET,ALTERNATE_PAYMENT,0.739592,17033.011208331583,17033.011208331583,HIGH
E01971,23836.04,INVOICE_OVERDUE,Bank_B,E17,P007,UPI,ALTERNATE_PAYMENT,0.71382576,17014.779422543048,17014.779422543048,HIGH
E03501,23947.88,CHECKOUT_ABANDONED,Bank_D,E17,P012,UPI,SEND_REMINDER,0.70857114,16968.77653633833,16968.77653633833,HIGH
E01599,23230.89,INVOICE_OVERDUE,Bank_A,E42,P004,UPI,ALTERNATE_PAYMENT,0.7301237,16961.423331157566,16961.423331157566,HIGH
E01758,23714.58,PAYMENT_FAILED,Bank_D,E23,P020,CARD,RETRY_PAYMENT,0.7149776,16955.394015891554,16955.394015891554,HIGH
E02989,22652.01,PAYMENT_FAILED,Bank_A,E42,P002,NETBANKING,ALTERNATE_PAYMENT,0.74728763,16927.566891077757,16927.566891077757,HIGH
E02814,23427.1,PAYMENT_FAILED,Bank_A,E42,P016,NETBANKING,ALTERNATE_PAYMENT,0.7217806,16909.226251238582,16909.226251238582,HIGH
E01557,19080.89,SUBSCRIPTION_FAILED,Bank_A,E42,P012,NETBANKING,ALTERNATE_PAYMENT,0.8857561,16901.01424120009,16901.01424120009,HIGH
E02378,22315.34,CHECKOUT_ABANDONED,Bank_A,E42,P003,WALLET,ALTERNATE_PAYMENT,0.75657934,16883.32519801259,16883.32519801259,HIGH
E03059,23661.27,PAYMENT_FAILED,Bank_A,E42,P019,CARD,ALTERNATE_PAYMENT,0.71347815,16881.799098538755,16881.799098538755,HIGH
E04259,23727.29,PAYMENT_FAILED,Bank_A,E42,P003,NETBANKING,ALTERNATE_PAYMENT,0.7108602,16866.785943445564,16866.785943445564,HIGH
E03410,21783.0,SUBSCRIPTION_FAILED,Bank_D,E42,P008,CARD,ALTERNATE_PAYMENT,0.77417094,16863.765480458736,16863.765480458736,HIGH
E02771,24865.38,INVOICE_OVERDUE,Bank_B,E42,P014,UPI,SEND_REMINDER,0.67731947,16841.805930036306,16841.805930036306,HIGH
E00700,23251.45,CHECKOUT_ABANDONED,Bank_A,E42,P009,NETBANKING,ALTERNATE_PAYMENT,0.7237498,16828.232668945195,16828.232668945195,HIGH
E03107,23198.79,CHECKOUT_ABANDONED,Bank_A,E42,P019,CARD,ALTERNATE_PAYMENT,0.7233775,16781.48331190288,16781.48331190288,HIGH
E02046,24488.03,CHECKOUT_ABANDONED,Bank_B,E17,P018,UPI,SEND_REMINDER,0.68511856,16777.203753439186,16777.203753439186,HIGH
E01304,18998.98,SUBSCRIPTION_FAILED,Bank_A,E42,P012,WALLET,ALTERNATE_PAYMENT,0.8828727,16773.680782978536,16773.680782978536,HIGH
E04042,23807.38,CHECKOUT_ABANDONED,Bank_B,E11,P014,UPI,SEND_REMINDER,0.7045277,16772.95810556054,16772.95810556054,HIGH
E03226,18949.91,SUBSCRIPTION_FAILED,Bank_A,E42,P016,NETBANKING,ALTERNATE_PAYMENT,0.88418436,16755.214054961205,16755.214054961205,HIGH
E04601,23698.69,CHECKOUT_ABANDONED,Bank_C,E11,P010,CARD,SEND_REMINDER,0.70683753,16751.12362006545,16751.12362006545,HIGH
E04069,21651.0,PAYMENT_FAILED,Bank_A,E42,P018,NETBANKING,ALTERNATE_PAYMENT,0.7731945,16740.43394333124,16740.43394333124,HIGH
E03762,24463.4,CHECKOUT_ABANDONED,Bank_A,E42,P016,NETBANKING,ALTERNATE_PAYMENT,0.68399394,16732.81724379063,16732.81724379063,HIGH
E01283,23968.85,SUBSCRIPTION_FAILED,Bank_A,E42,P013,NETBANKING,ALTERNATE_PAYMENT,0.6977927,16725.28877008855,16725.28877008855,HIGH
E02613,22177.68,CHECKOUT_ABANDONED,Bank_A,E42,P008,UPI,ALTERNATE_PAYMENT,0.7532681,16705.739378843307,16705.739378843307,HIGH
E03958,23046.43,PAYMENT_FAILED,Bank_A,E42,P009,NETBANKING,ALTERNATE_PAYMENT,0.72398263,16685.215053295495,16685.215053295495,HIGH
E01614,22105.44,PAYMENT_FAILED,Bank_A,E42,P011,NETBANKING,ALTERNATE_PAYMENT,0.7538654,16664.526827974318,16664.526827974318,HIGH
E04440,22735.43,PAYMENT_FAILED,Bank_A,E42,P017,NETBANKING,ALTERNATE_PAYMENT,0.7323684,16650.710711436866,16650.710711436866,HIGH
E02985,21638.6,PAYMENT_FAILED,Bank_A,E42,P008,NETBANKING,ALTERNATE_PAYMENT,0.76924807,16645.451251423357,16645.451251423357,HIGH
E00370,23782.66,PAYMENT_FAILED,Bank_C,E23,P020,UPI,RETRY_PAYMENT,0.6993573,16632.57619934559,16632.57619934559,HIGH
E00594,23438.88,SUBSCRIPTION_FAILED,Bank_B,E42,P018,CARD,ALTERNATE_PAYMENT,0.7092537,16624.11302927971,16624.11302927971,HIGH
E04186,23096.92,PAYMENT_FAILED,Bank_A,E42,P009,WALLET,ALTERNATE_PAYMENT,0.7195249,16618.809514939785,16618.809514939785,HIGH
E03551,22515.99,INVOICE_OVERDUE,Bank_A,E42,P014,UPI,ALTERNATE_PAYMENT,0.73782814,16612.930920420888,16612.930920420888,HIGH
E04620,21125.51,INVOICE_OVERDUE,Bank_A,E42,P005,CARD,ALTERNATE_PAYMENT,0.78610444,16606.857222821713,16606.857222821713,HIGH
E03472,22137.25,INVOICE_OVERDUE,Bank_A,E42,P011,WALLET,ALTERNATE_PAYMENT,0.7498004,16598.518551692367,16598.518551692367,HIGH
E02183,22656.15,SUBSCRIPTION_FAILED,Bank_C,E42,P018,CARD,ALTERNATE_PAYMENT,0.732425,16593.93008469343,16593.93008469343,HIGH
E04789,24070.43,INVOICE_OVERDUE,Bank_B,E17,P007,NETBANKING,SEND_REMINDER,0.68896186,16583.608308473824,16583.608308473824,HIGH
E04875,22906.43,INVOICE_OVERDUE,Bank_A,E42,P019,UPI,ALTERNATE_PAYMENT,0.7229658,16560.564961420892,16560.564961420892,HIGH
E01029,24827.11,PAYMENT_FAILED,Bank_C,E11,P020,CARD,RETRY_PAYMENT,0.66656774,16548.950673556923,16548.950673556923,HIGH
E03005,24350.93,PAYMENT_FAILED,Bank_A,E11,P020,UPI,RETRY_PAYMENT,0.67944646,16545.153157389163,16545.153157389163,HIGH
E03073,22755.37,PAYMENT_FAILED,Bank_D,E17,P009,CARD,RETRY_PAYMENT,0.72625345,16526.165966634155,16526.165966634155,HIGH
E01346,18538.22,SUBSCRIPTION_FAILED,Bank_A,E42,P003,NETBANKING,ALTERNATE_PAYMENT,0.8912996,16523.108170254232,16523.108170254232,HIGH
E02059,21546.64,CHECKOUT_ABANDONED,Bank_A,E42,P012,CARD,ALTERNATE_PAYMENT,0.7657932,16500.27048766136,16500.27048766136,HIGH
E03246,18913.05,SUBSCRIPTION_FAILED,Bank_A,E42,P003,CARD,ALTERNATE_PAYMENT,0.8722643,16497.178803643583,16497.178803643583,HIGH
E04947,21474.19,INVOICE_OVERDUE,Bank_A,E42,P003,CARD,ALTERNATE_PAYMENT,0.76736486,16478.538793965577,16478.538793965577,HIGH
E00135,23356.98,CHECKOUT_ABANDONED,Bank_A,E42,P009,CARD,ALTERNATE_PAYMENT,0.7048429,16463.002104041578,16463.002104041578,HIGH
E01219,23691.67,SUBSCRIPTION_FAILED,Bank_C,E17,P010,NETBANKING,ALTERNATE_PAYMENT,0.69415444,16445.677953656315,16445.677953656315,HIGH
E02573,24315.2,INVOICE_OVERDUE,Bank_A,E42,P016,NETBANKING,ALTERNATE_PAYMENT,0.6763238,16444.947768211365,16444.947768211365,HIGH
E02393,24689.19,INVOICE_OVERDUE,Bank_A,E42,P009,CARD,ALTERNATE_PAYMENT,0.6660464,16444.145649240018,16444.145649240018,HIGH
E00950,21472.03,CHECKOUT_ABANDONED,Bank_A,E42,P012,CARD,ALTERNATE_PAYMENT,0.7657932,16443.134656687973,16443.134656687973,HIGH
E02875,23842.2,CHECKOUT_ABANDONED,Bank_A,E42,P015,WALLET,ALTERNATE_PAYMENT,0.6895691,16440.844768881798,16440.844768881798,HIGH
E02450,23053.58,SUBSCRIPTION_FAILED,Bank_B,E17,P002,NETBANKING,ALTERNATE_PAYMENT,0.7129684,16436.474255770445,16436.474255770445,HIGH
E03939,23525.75,SUBSCRIPTION_FAILED,Bank_D,E11,P012,UPI,ALTERNATE_PAYMENT,0.6986204,16435.568380579352,16435.568380579352,HIGH
E00140,22539.58,PAYMENT_FAILED,Bank_A,E42,P002,CARD,ALTERNATE_PAYMENT,0.7291587,16434.930840357545,16434.930840357545,HIGH
E03658,22343.55,PAYMENT_FAILED,Bank_D,E23,P010,WALLET,RETRY_PAYMENT,0.7353358,16430.01281454563,16430.01281454563,HIGH
E01323,22612.28,PAYMENT_FAILED,Bank_A,E42,P019,WALLET,ALTERNATE_PAYMENT,0.7264475,16426.63478724718,16426.63478724718,HIGH
E04466,22793.39,SUBSCRIPTION_FAILED,Bank_A,E23,P011,NETBANKING,ALTERNATE_PAYMENT,0.7200759,16412.970939630864,16412.970939630864,HIGH
E02174,21039.28,SUBSCRIPTION_FAILED,Bank_B,E42,P016,UPI,ALTERNATE_PAYMENT,0.7797367,16405.098708634374,16405.098708634374,HIGH
E03946,23963.73,SUBSCRIPTION_FAILED,Bank_A,E17,P006,WALLET,ALTERNATE_PAYMENT,0.6839392,16389.734769051076,16389.734769051076,HIGH
E04071,24947.74,INVOICE_OVERDUE,Bank_A,E42,P016,CARD,ALTERNATE_PAYMENT,0.6567385,16384.141836676597,16384.141836676597,HIGH
E04689,23941.39,CHECKOUT_ABANDONED,Bank_A,E42,P003,CARD,ALTERNATE_PAYMENT,0.68421674,16381.099762933254,16381.099762933254,HIGH
E02084,21713.14,PAYMENT_FAILED,Bank_A,E42,P010,CARD,ALTERNATE_PAYMENT,0.75417006,16375.400100014209,16375.400100014209,HIGH
E00250,24382.43,INVOICE_OVERDUE,Bank_A,E42,P010,NETBANKING,ALTERNATE_PAYMENT,0.671495,16372.680329996943,16372.680329996943,HIGH
E01078,23131.42,INVOICE_OVERDUE,Bank_A,E42,P018,CARD,ALTERNATE_PAYMENT,0.7074256,16363.758541193009,16363.758541193009,HIGH
E02488,21324.41,PAYMENT_FAILED,Bank_A,E42,P015,CARD,ALTERNATE_PAYMENT,0.76719695,16360.022382848858,16360.022382848858,HIGH
E03767,23044.49,PAYMENT_FAILED,Bank_A,E42,P019,WALLET,ALTERNATE_PAYMENT,0.7097803,16356.52446837008,16356.52446837008,HIGH
E01589,21851.93,INVOICE_OVERDUE,Bank_A,E42,P011,UPI,ALTERNATE_PAYMENT,0.7473274,16330.545755081774,16330.545755081774,HIGH
E02399,22724.38,INVOICE_OVERDUE,Bank_A,E42,P003,UPI,ALTERNATE_PAYMENT,0.7184572,16326.494926128387,16326.494926128387,HIGH
E00824,22979.8,PAYMENT_FAILED,Bank_A,E42,P006,CARD,ALTERNATE_PAYMENT,0.709885,16313.015350174905,16313.015350174905,HIGH
E03955,24293.71,CHECKOUT_ABANDONED,Bank_C,E11,P010,NETBANKING,SEND_REMINDER,0.67146206,16312.304537858963,16312.304537858963,HIGH
E01834,24171.36,PAYMENT_FAILED,Bank_D,E17,P008,UPI,RETRY_PAYMENT,0.6739768,16290.935356464386,16290.935356464386,HIGH
E04292,23739.7,SUBSCRIPTION_FAILED,Bank_A,E23,P005,NETBANKING,ALTERNATE_PAYMENT,0.6844439,16248.492640322447,16248.492640322447,HIGH
E01285,23346.35,INVOICE_OVERDUE,Bank_A,E42,P003,UPI,ALTERNATE_PAYMENT,0.69572777,16242.70391948521,16242.70391948521,HIGH
E03369,23572.34,INVOICE_OVERDUE,Bank_A,E42,P019,NETBANKING,ALTERNATE_PAYMENT,0.6890373,16242.22205039978,16242.22205039978,HIGH
E00598,18153.86,SUBSCRIPTION_FAILED,Bank_A,E42,P020,NETBANKING,ALTERNATE_PAYMENT,0.89396286,16228.876607589722,16228.876607589722,HIGH
E01969,23310.95,INVOICE_OVERDUE,Bank_A,E42,P006,CARD,ALTERNATE_PAYMENT,0.6959872,16224.123392796517,16224.123392796517,HIGH
E02138,21854.61,INVOICE_OVERDUE,Bank_A,E42,P019,UPI,ALTERNATE_PAYMENT,0.74215555,16219.520146336556,16219.520146336556,HIGH
E02537,24768.85,INVOICE_OVERDUE,Bank_A,E42,P008,NETBANKING,SEND_REMINDER,0.6548151,16219.016439312696,16219.016439312696,HIGH
E04132,23785.47,CHECKOUT_ABANDONED,Bank_C,E23,P018,WALLET,SEND_REMINDER,0.68160236,16212.232457596065,16212.232457596065,HIGH
E00456,23178.11,CHECKOUT_ABANDONED,Bank_A,E42,P010,NETBANKING,ALTERNATE_PAYMENT,0.6994299,16211.463837597968,16211.463837597968,HIGH
E03169,23783.22,INVOICE_OVERDUE,Bank_D,E42,P008,CARD,ALTERNATE_PAYMENT,0.68151873,16208.709972985984,16208.709972985984,HIGH
E01411,24054.73,INVOICE_OVERDUE,Bank_B,E11,P007,WALLET,SEND_REMINDER,0.67362916,16203.967676881552,16203.967676881552,HIGH
E03262,21938.94,PAYMENT_FAILED,Bank_A,E42,P010,UPI,ALTERNATE_PAYMENT,0.7382479,16196.375755748748,16196.375755748748,HIGH
E03998,24356.65,INVOICE_OVERDUE,Bank_A,E42,P003,NETBANKING,ALTERNATE_PAYMENT,0.66494364,16195.799398717283,16195.799398717283,HIGH
E02323,22402.7,SUBSCRIPTION_FAILED,Bank_A,E23,P002,CARD,ALTERNATE_PAYMENT,0.722398,16183.665295416116,16183.665295416116,HIGH
E00007,20305.74,CHECKOUT_ABANDONED,Bank_A,E42,P002,WALLET,ALTERNATE_PAYMENT,0.7961961,16167.35105848074,16167.35105848074,HIGH
E04581,22542.63,INVOICE_OVERDUE,Bank_A,E42,P014,WALLET,ALTERNATE_PAYMENT,0.7169096,16161.02757183373,16161.02757183373,HIGH
E04775,19877.3,SUBSCRIPTION_FAILED,Bank_A,E42,P010,NETBANKING,ALTERNATE_PAYMENT,0.81284964,16157.256165993213,16157.256165993213,HIGH
E01382,23583.54,SUBSCRIPTION_FAILED,Bank_D,E11,P014,UPI,ALTERNATE_PAYMENT,0.68500084,16154.74463586688,16154.74463586688,HIGH
E04431,19734.79,SUBSCRIPTION_FAILED,Bank_A,E42,P010,WALLET,ALTERNATE_PAYMENT,0.8181613,16146.241614610552,16146.241614610552,HIGH
E00795,22827.81,SUBSCRIPTION_FAILED,Bank_D,E23,P016,UPI,ALTERNATE_PAYMENT,0.7072697,16145.418973730208,16145.418973730208,HIGH
E03686,23190.25,CHECKOUT_ABANDONED,Bank_A,E42,P003,NETBANKING,ALTERNATE_PAYMENT,0.69616747,16144.29764854908,16144.29764854908,HIGH
E01293,22784.87,PAYMENT_FAILED,Bank_D,E17,P007,CARD,RETRY_PAYMENT,0.708332,16139.252586122157,16139.252586122157,HIGH
E02869,21587.2,INVOICE_OVERDUE,Bank_B,E42,P004,CARD,ALTERNATE_PAYMENT,0.74739397,16134.143016815186,16134.143016815186,HIGH
E03999,18204.93,SUBSCRIPTION_FAILED,Bank_A,E42,P018,UPI,ALTERNATE_PAYMENT,0.88574487,16124.923350911737,16124.923350911737,HIGH
E00393,20641.53,SUBSCRIPTION_FAILED,Bank_C,E42,P011,NETBANKING,ALTERNATE_PAYMENT,0.7808136,16117.186828454733,16117.186828454733,HIGH
E00242,24447.93,CHECKOUT_ABANDONED,Bank_B,E23,P014,CARD,SEND_REMINDER,0.6582399,16092.60302446425,16092.60302446425,HIGH
E04037,24510.52,CHECKOUT_ABANDONED,Bank_D,E23,P001,NETBANKING,SEND_REMINDER,0.6559674,16078.102429487706,16078.102429487706,HIGH
E00831,24097.4,INVOICE_OVERDUE,Bank_A,E42,P013,UPI,ALTERNATE_PAYMENT,0.6669998,16072.96138763428,16072.96138763428,HIGH
E00433,21176.15,SUBSCRIPTION_FAILED,Bank_B,E42,P007,UPI,ALTERNATE_PAYMENT,0.7588638,16069.813800770044,16069.813800770044,HIGH
E02992,21923.89,PAYMENT_FAILED,Bank_A,E42,P014,CARD,ALTERNATE_PAYMENT,0.73227316,16054.276240733265,16054.276240733265,HIGH
E04519,24030.57,CHECKOUT_ABANDONED,Bank_A,E23,P018,CARD,SEND_REMINDER,0.6678766,16049.455416959525,16049.455416959525,HIGH
E02258,21894.48,CHECKOUT_ABANDONED,Bank_A,E42,P004,NETBANKING,ALTERNATE_PAYMENT,0.7330007,16048.669072108269,16048.669072108269,HIGH
E04686,22372.35,CHECKOUT_ABANDONED,Bank_D,E23,P001,NETBANKING,SEND_REMINDER,0.7173383,16048.544043838976,16048.544043838976,HIGH
E01035,23276.42,CHECKOUT_ABANDONED,Bank_A,E42,P020,UPI,ALTERNATE_PAYMENT,0.6889742,16036.852887450455,16036.852887450455,HIGH
E04406,24273.32,SUBSCRIPTION_FAILED,Bank_A,E17,P002,UPI,ALTERNATE_PAYMENT,0.660663,16036.484622092246,16036.484622092246,HIGH
E02517,22579.13,CHECKOUT_ABANDONED,Bank_A,E42,P020,UPI,ALTERNATE_PAYMENT,0.70966107,16023.529477167724,16023.529477167724,HIGH
E02134,21584.74,CHECKOUT_ABANDONED,Bank_A,E42,P005,UPI,ALTERNATE_PAYMENT,0.7420714,16017.418017868997,16017.418017868997,HIGH
E03971,22999.37,SUBSCRIPTION_FAILED,Bank_B,E17,P016,NETBANKING,ALTERNATE_PAYMENT,0.6964105,16017.00223611176,16017.00223611176,HIGH
E04202,23368.58,CHECKOUT_ABANDONED,Bank_A,E42,P013,UPI,ALTERNATE_PAYMENT,0.6845415,15996.763354216817,15996.763354216817,HIGH
E01893,22394.39,SUBSCRIPTION_FAILED,Bank_B,E42,P020,CARD,ALTERNATE_PAYMENT,0.7140264,15990.18548168242,15990.18548168242,HIGH
E00230,22783.35,PAYMENT_FAILED,Bank_D,E11,P020,CARD,RETRY_PAYMENT,0.7013592,15979.312411800023,15979.312411800023,HIGH
E02813,22728.59,CHECKOUT_ABANDONED,Bank_D,E42,P007,WALLET,ALTERNATE_PAYMENT,0.7023228,15962.806538962725,15962.806538962725,HIGH
E04943,20029.07,INVOICE_OVERDUE,Bank_A,E42,P002,NETBANKING,ALTERNATE_PAYMENT,0.7963079,15949.307099467516,15949.307099467516,HIGH
E03191,22488.75,INVOICE_OVERDUE,Bank_A,E42,P012,WALLET,ALTERNATE_PAYMENT,0.70843697,15931.86181783676,15931.86181783676,HIGH
E02435,21313.82,PAYMENT_FAILED,Bank_A,E42,P019,NETBANKING,ALTERNATE_PAYMENT,0.74721843,15926.079118603468,15926.079118603468,HIGH
E04475,23362.46,SUBSCRIPTION_FAILED,Bank_B,E17,P007,NETBANKING,ALTERNATE_PAYMENT,0.68166023,15925.259972099066,15925.259972099066,HIGH
E03594,24270.76,PAYMENT_FAILED,Bank_A,E42,P014,CARD,ALTERNATE_PAYMENT,0.65596944,15920.876868317126,15920.876868317126,HIGH
E00392,22775.9,SUBSCRIPTION_FAILED,Bank_D,E17,P010,WALLET,ALTERNATE_PAYMENT,0.69898814,15920.083969384434,15920.083969384434,HIGH
E03585,21681.26,INVOICE_OVERDUE,Bank_A,E42,P013,UPI,ALTERNATE_PAYMENT,0.73372364,15908.05301656723,15908.05301656723,HIGH
E02263,22362.29,CHECKOUT_ABANDONED,Bank_A,E42,P005,UPI,ALTERNATE_PAYMENT,0.7113462,15907.330217159391,15907.330217159391,HIGH
E02871,22663.64,INVOICE_OVERDUE,Bank_A,E42,P019,NETBANKING,ALTERNATE_PAYMENT,0.70173264,15903.815827178954,15903.815827178954,HIGH
E01623,24832.51,PAYMENT_FAILED,Bank_C,E11,P019,CARD,RETRY_PAYMENT,0.6398509,15889.104232291578,15889.104232291578,HIGH
E00984,20036.16,SUBSCRIPTION_FAILED,Bank_D,E42,P015,WALLET,ALTERNATE_PAYMENT,0.79255587,15879.77619272232,15879.77619272232,HIGH
E01733,23871.06,PAYMENT_FAILED,Bank_A,E42,P015,WALLET,ALTERNATE_PAYMENT,0.66464734,15865.8365504694,15865.8365504694,HIGH
E00039,22514.58,INVOICE_OVERDUE,Bank_A,E42,P003,WALLET,ALTERNATE_PAYMENT,0.7046609,15865.144036760332,15865.144036760332,HIGH
E03183,20405.17,SUBSCRIPTION_FAILED,Bank_C,E42,P011,UPI,ALTERNATE_PAYMENT,0.77736884,15862.34340545237,15862.34340545237,HIGH
E02237,22810.01,PAYMENT_FAILED,Bank_B,E42,P002,CARD,ALTERNATE_PAYMENT,0.69526815,15859.07354871273,15859.07354871273,HIGH
E01051,23698.56,PAYMENT_FAILED,Bank_D,E17,P012,WALLET,RETRY_PAYMENT,0.6691459,15857.793836402894,15857.793836402894,HIGH
E00442,23572.28,PAYMENT_FAILED,Bank_C,E23,P009,CARD,RETRY_PAYMENT,0.6725426,15853.361819610594,15853.361819610594,HIGH
E00592,21697.24,PAYMENT_FAILED,Bank_A,E42,P005,UPI,ALTERNATE_PAYMENT,0.7298767,15836.309866592885,15836.309866592885,HIGH
E03949,20980.46,CHECKOUT_ABANDONED,Bank_A,E42,P011,WALLET,ALTERNATE_PAYMENT,0.75467765,15833.484318220617,15833.484318220617,HIGH
E00589,21043.05,SUBSCRIPTION_FAILED,Bank_B,E42,P019,WALLET,ALTERNATE_PAYMENT,0.7518657,15821.547202447056,15821.547202447056,HIGH
E00738,23493.98,SUBSCRIPTION_FAILED,Bank_B,E11,P010,NETBANKING,ALTERNATE_PAYMENT,0.6733189,15818.941299299002,15818.941299299002,HIGH
E04949,20527.43,INVOICE_OVERDUE,Bank_A,E42,P015,NETBANKING,ALTERNATE_PAYMENT,0.7701254,15808.695015954972,15808.695015954972,HIGH
E01163,22119.03,SUBSCRIPTION_FAILED,Bank_B,E17,P013,CARD,ALTERNATE_PAYMENT,0.7147036,15808.550800389648,15808.550800389648,HIGH
E04899,24116.56,CHECKOUT_ABANDONED,Bank_D,E23,P020,UPI,RETRY_PAYMENT,0.6553365,15804.46200348854,15804.46200348854,HIGH
E04953,17749.4,SUBSCRIPTION_FAILED,Bank_A,E42,P008,WALLET,ALTERNATE_PAYMENT,0.8903759,15803.638215816023,15803.638215816023,HIGH
E03296,22292.5,CHECKOUT_ABANDONED,Bank_D,E23,P015,NETBANKING,SEND_REMINDER,0.70854455,15795.229432731869,15795.229432731869,HIGH
E03844,23725.25,CHECKOUT_ABANDONED,Bank_C,E17,P004,WALLET,SEND_REMINDER,0.66574407,15794.944407522678,15794.944407522678,HIGH
E02226,24832.68,CHECKOUT_ABANDONED,Bank_D,E23,P006,NETBANKING,SEND_REMINDER,0.635568,15782.857326636316,15782.857326636316,HIGH
E04460,24512.43,CHECKOUT_ABANDONED,Bank_B,E23,P005,NETBANKING,SEND_REMINDER,0.64327973,15768.349383264183,15768.349383264183,HIGH
E01533,24287.17,CHECKOUT_ABANDONED,Bank_A,E42,P020,WALLET,ALTERNATE_PAYMENT,0.6491234,15765.369653887152,15765.369653887152,HIGH
E03399,22287.61,SUBSCRIPTION_FAILED,Bank_A,E17,P011,WALLET,ALTERNATE_PAYMENT,0.70656246,15747.588537282349,15747.588537282349,HIGH
E00254,21898.87,INVOICE_OVERDUE,Bank_B,E42,P004,CARD,ALTERNATE_PAYMENT,0.71886635,15742.360708065033,15742.360708065033,HIGH
E03878,18237.68,SUBSCRIPTION_FAILED,Bank_A,E42,P014,CARD,ALTERNATE_PAYMENT,0.8627887,15735.26380268097,15735.26380268097,HIGH
E02604,21318.95,CHECKOUT_ABANDONED,Bank_A,E42,P004,CARD,ALTERNATE_PAYMENT,0.7379244,15731.773323246836,15731.773323246836,HIGH
E03307,23826.49,PAYMENT_FAILED,Bank_C,E23,P009,UPI,RETRY_PAYMENT,0.66022044,15730.735811584593,15730.735811584593,HIGH
E00815,20966.63,PAYMENT_FAILED,Bank_A,E42,P011,WALLET,ALTERNATE_PAYMENT,0.7502202,15729.588923321962,15729.588923321962,HIGH
E02975,23595.16,CHECKOUT_ABANDONED,Bank_D,E23,P018,WALLET,SEND_REMINDER,0.6666348,15729.35472155571,15729.35472155571,HIGH
E04504,20994.79,INVOICE_OVERDUE,Bank_A,E42,P011,CARD,ALTERNATE_PAYMENT,0.7483449,15711.34398578167,15711.34398578167,HIGH
E03647,21558.45,PAYMENT_FAILED,Bank_A,E42,P020,CARD,ALTERNATE_PAYMENT,0.7284748,15704.787461909653,15704.787461909653,HIGH
E00238,17527.06,SUBSCRIPTION_FAILED,Bank_A,E42,P006,UPI,ALTERNATE_PAYMENT,0.89599526,15704.162669203282,15704.162669203282,HIGH
E00607,22100.73,CHECKOUT_ABANDONED,Bank_A,E42,P010,NETBANKING,ALTERNATE_PAYMENT,0.70985204,15688.24827187836,15688.24827187836,HIGH
E00188,23975.18,CHECKOUT_ABANDONED,Bank_C,E42,P008,NETBANKING,SEND_REMINDER,0.65329975,15662.979073773622,15662.979073773622,HIGH
E04179,24034.51,PAYMENT_FAILED,Bank_A,E23,P020,UPI,RETRY_PAYMENT,0.6515793,15660.3896926862,15660.3896926862,HIGH
E01549,24477.02,CHECKOUT_ABANDONED,Bank_D,E23,P010,UPI,SEND_REMINDER,0.63943106,15651.366828588249,15651.366828588249,HIGH
E03870,21910.53,CHECKOUT_ABANDONED,Bank_D,E42,P002,NETBANKING,ALTERNATE_PAYMENT,0.71420234,15648.551893431544,15648.551893431544,HIGH
E00354,21989.89,SUBSCRIPTION_FAILED,Bank_C,E42,P015,WALLET,ALTERNATE_PAYMENT,0.7114441,15644.577057623266,15644.577057623266,HIGH
E00896,22219.31,PAYMENT_FAILED,Bank_A,E42,P020,CARD,ALTERNATE_PAYMENT,0.70374256,15636.674183589816,15636.674183589816,HIGH
E00616,20984.88,INVOICE_OVERDUE,Bank_A,E42,P016,UPI,ALTERNATE_PAYMENT,0.7450838,15635.49431968689,15635.49431968689,HIGH
E01881,23346.05,CHECKOUT_ABANDONED,Bank_A,E42,P005,NETBANKING,ALTERNATE_PAYMENT,0.6694636,15629.330092474818,15629.330092474818,HIGH
E02175,22579.99,CHECKOUT_ABANDONED,Bank_B,E42,P019,CARD,ALTERNATE_PAYMENT,0.69206333,15626.783106985093,15626.783106985093,HIGH
E03771,23745.62,PAYMENT_FAILED,Bank_A,E42,P013,WALLET,ALTERNATE_PAYMENT,0.6578555,15621.186972265245,15621.186972265245,HIGH
E02200,17547.16,SUBSCRIPTION_FAILED,Bank_A,E42,P019,NETBANKING,ALTERNATE_PAYMENT,0.8892806,15604.349275557995,15604.349275557995,HIGH
E02650,21102.66,CHECKOUT_ABANDONED,Bank_A,E42,P018,WALLET,ALTERNATE_PAYMENT,0.7391421,15597.864847601651,15597.864847601651,HIGH
E00888,21620.87,PAYMENT_FAILED,Bank_D,E11,P009,NETBANKING,RETRY_PAYMENT,0.7210633,15590.01621415913,15590.01621415913,HIGH
E00985,22793.29,SUBSCRIPTION_FAILED,Bank_C,E17,P016,UPI,ALTERNATE_PAYMENT,0.6839327,15589.076864256263,15589.076864256263,HIGH
E02182,20305.37,PAYMENT_FAILED,Bank_A,E42,P007,UPI,ALTERNATE_PAYMENT,0.7673305,15580.930269235372,15580.930269235372,HIGH
E02242,23989.49,PAYMENT_FAILED,Bank_C,E11,P010,CARD,RETRY_PAYMENT,0.64901716,15569.590553789736,15569.590553789736,HIGH
E03468,24056.04,CHECKOUT_ABANDONED,Bank_D,E11,P004,UPI,SEND_REMINDER,0.64686704,15561.059312410354,15561.059312410354,HIGH
E03387,22180.38,INVOICE_OVERDUE,Bank_A,E42,P020,WALLET,ALTERNATE_PAYMENT,0.7005852,15539.245658529995,15539.245658529995,HIGH
E03714,20672.9,SUBSCRIPTION_FAILED,Bank_B,E42,P004,UPI,ALTERNATE_PAYMENT,0.7513617,15532.825860869883,15532.825860869883,HIGH
E02533,21457.7,CHECKOUT_ABANDONED,Bank_D,E17,P013,NETBANKING,SEND_REMINDER,0.72279596,15509.538941431048,15509.538941431048,HIGH
E01286,24393.49,CHECKOUT_ABANDONED,Bank_D,E17,P006,CARD,SEND_REMINDER,0.6355119,15502.352571415902,15502.352571415902,HIGH
E04006,20586.19,CHECKOUT_ABANDONED,Bank_A,E42,P016,UPI,ALTERNATE_PAYMENT,0.7524202,15489.464929344653,15489.464929344653,HIGH
E01353,24066.26,CHECKOUT_ABANDONED,Bank_C,E42,P018,WALLET,SEND_REMINDER,0.6430498,15475.803115493058,15475.803115493058,HIGH
E01797,23752.2,PAYMENT_FAILED,Bank_B,E11,P020,UPI,RETRY_PAYMENT,0.65147054,15473.85860660076,15473.85860660076,HIGH
E01747,17341.05,SUBSCRIPTION_FAILED,Bank_A,E42,P016,UPI,ALTERNATE_PAYMENT,0.89230573,15473.51830996871,15473.51830996871,HIGH
E03233,21307.08,INVOICE_OVERDUE,Bank_A,E42,P003,UPI,ALTERNATE_PAYMENT,0.7255858,15460.115077185632,15460.115077185632,HIGH
E02704,24676.86,INVOICE_OVERDUE,Bank_C,E23,P010,WALLET,SEND_REMINDER,0.6264946,15459.919201022389,15459.919201022389,HIGH
E02276,24325.87,PAYMENT_FAILED,Bank_B,E23,P019,NETBANKING,RETRY_PAYMENT,0.6347099,15439.87038514316,15439.87038514316,HIGH
E01573,20373.48,INVOICE_OVERDUE,Bank_A,E42,P008,NETBANKING,ALTERNATE_PAYMENT,0.75734884,15429.831352436542,15429.831352436542,HIGH
E03093,21768.4,SUBSCRIPTION_FAILED,Bank_D,E42,P013,CARD,ALTERNATE_PAYMENT,0.7077917,15407.492538785937,15407.492538785937,HIGH
E03545,22140.07,CHECKOUT_ABANDONED,Bank_D,E42,P017,WALLET,ALTERNATE_PAYMENT,0.69556737,15399.91024958372,15399.91024958372,HIGH
E04314,24717.94,INVOICE_OVERDUE,Bank_B,E23,P014,CARD,SEND_REMINDER,0.62296367,15398.37854100704,15398.37854100704,HIGH
E04499,24309.07,CHECKOUT_ABANDONED,Bank_C,E17,P003,WALLET,SEND_REMINDER,0.63344026,15398.343526809216,15398.343526809216,HIGH
E02429,19970.87,PAYMENT_FAILED,Bank_A,E42,P002,UPI,ALTERNATE_PAYMENT,0.7707848,15393.242944598793,15393.242944598793,HIGH
E00673,21564.97,PAYMENT_FAILED,Bank_D,E23,P016,NETBANKING,RETRY_PAYMENT,0.713593,15388.611769490242,15388.611769490242,HIGH
E02201,18829.56,PAYMENT_FAILED,Bank_A,E42,P017,WALLET,ALTERNATE_PAYMENT,0.81656235,15375.509849016667,15375.509849016667,HIGH
E04093,19002.04,SUBSCRIPTION_FAILED,Bank_A,E42,P013,CARD,ALTERNATE_PAYMENT,0.8090671,15373.924836022854,15373.924836022854,HIGH
E04266,19310.4,SUBSCRIPTION_FAILED,Bank_B,E42,P005,NETBANKING,ALTERNATE_PAYMENT,0.795567,15362.71653470993,15362.71653470993,HIGH
E00895,20297.66,SUBSCRIPTION_FAILED,Bank_B,E42,P010,NETBANKING,ALTERNATE_PAYMENT,0.75649655,15355.109735724924,15355.109735724924,HIGH
E00539,23786.25,PAYMENT_FAILED,Bank_D,E11,P011,WALLET,RETRY_PAYMENT,0.6454932,15353.862851187589,15353.862851187589,HIGH
E03095,24191.89,CHECKOUT_ABANDONED,Bank_B,E11,P004,WALLET,SEND_REMINDER,0.6342136,15342.826286000609,15342.826286000609,HIGH
E03373,19848.39,INVOICE_OVERDUE,Bank_A,E42,P017,WALLET,ALTERNATE_PAYMENT,0.7728336,15339.502414848805,15339.502414848805,HIGH
E02717,20095.82,SUBSCRIPTION_FAILED,Bank_C,E42,P016,UPI,ALTERNATE_PAYMENT,0.7631228,15335.578366656304,15335.578366656304,HIGH
E03994,23641.8,PAYMENT_FAILED,Bank_B,E17,P002,UPI,RETRY_PAYMENT,0.6486348,15334.894010710716,15334.894010710716,HIGH
E03265,23519.34,SUBSCRIPTION_FAILED,Bank_D,E11,P007,CARD,ALTERNATE_PAYMENT,0.6518794,15331.772547014953,15331.772547014953,HIGH
E04330,24052.46,PAYMENT_FAILED,Bank_B,E17,P009,UPI,RETRY_PAYMENT,0.6371122,15324.115712269544,15324.115712269544,HIGH
E00550,20541.66,CHECKOUT_ABANDONED,Bank_A,E42,P019,CARD,ALTERNATE_PAYMENT,0.7458801,15321.61596862793,15321.61596862793,HIGH
E03592,24075.58,PAYMENT_FAILED,Bank_B,E11,P012,NETBANKING,RETRY_PAYMENT,0.63624144,15317.88159184456,15317.88159184456,HIGH
E04790,24005.24,INVOICE_OVERDUE,Bank_A,E42,P016,CARD,ALTERNATE_PAYMENT,0.63732946,15299.246626935006,15299.246626935006,HIGH
E04837,24299.28,CHECKOUT_ABANDONED,Bank_B,E23,P019,UPI,SEND_REMINDER,0.62936234,15293.051836338043,15293.051836338043,HIGH
E01000,24970.43,PAYMENT_FAILED,Bank_C,E42,P010,UPI,RETRY_PAYMENT,0.61221224,15287.202901441457,15287.202901441457,HIGH
E02065,23754.68,PAYMENT_FAILED,Bank_B,E23,P018,NETBANKING,RETRY_PAYMENT,0.6430847,15276.271377222538,15276.271377222538,HIGH
E00965,17236.3,SUBSCRIPTION_FAILED,Bank_A,E42,P012,WALLET,ALTERNATE_PAYMENT,0.88617265,15274.337685883043,15274.337685883043,HIGH
E02780,22599.06,PAYMENT_FAILED,Bank_D,E23,P015,WALLET,RETRY_PAYMENT,0.67588264,15274.312277837991,15274.312277837991,HIGH
E04321,23177.43,CHECKOUT_ABANDONED,Bank_A,E23,P007,WALLET,ALTERNATE_PAYMENT,0.6585362,15263.176579577925,15263.176579577925,HIGH
E03489,22286.06,CHECKOUT_ABANDONED,Bank_B,E17,P008,CARD,SEND_REMINDER,0.6844532,15253.764845558406,15253.764845558406,HIGH
E02158,22452.69,SUBSCRIPTION_FAILED,Bank_D,E42,P003,NETBANKING,ALTERNATE_PAYMENT,0.6791997,15249.86021311283,15249.86021311283,HIGH
E02936,24012.39,CHECKOUT_ABANDONED,Bank_C,E11,P008,NETBANKING,SEND_REMINDER,0.634959,15246.882721016407,15246.882721016407,HIGH
E03028,21080.7,PAYMENT_FAILED,Bank_A,E42,P010,CARD,ALTERNATE_PAYMENT,0.7229664,15240.637218600512,15240.637218600512,HIGH
E04236,22314.61,SUBSCRIPTION_FAILED,Bank_D,E17,P003,NETBANKING,ALTERNATE_PAYMENT,0.682648,15233.023956485393,15233.023956485393,HIGH
E00156,23002.14,CHECKOUT_ABANDONED,Bank_B,E23,P011,NETBANKING,SEND_REMINDER,0.66195774,15226.44462759018,15226.44462759018,HIGH
E03248,24305.44,INVOICE_OVERDUE,Bank_B,E17,P010,NETBANKING,SEND_REMINDER,0.62644273,15225.966197824477,15225.966197824477,HIGH
E00402,22311.32,INVOICE_OVERDUE,Bank_A,E42,P005,NETBANKING,ALTERNATE_PAYMENT,0.68230784,15223.188543219569,15223.188543219569,HIGH
E02829,16941.71,SUBSCRIPTION_FAILED,Bank_A,E42,P005,UPI,ALTERNATE_PAYMENT,0.89840215,15220.468763993382,15220.468763993382,HIGH
E01044,23603.08,PAYMENT_FAILED,Bank_C,E17,P015,WALLET,RETRY_PAYMENT,0.6448369,15220.1369994545,15220.1369994545,HIGH
E02759,21660.56,SUBSCRIPTION_FAILED,Bank_D,E11,P011,WALLET,ALTERNATE_PAYMENT,0.70237774,15213.895105605126,15213.895105605126,HIGH
E00971,24652.19,PAYMENT_FAILED,Bank_A,E42,P016,NETBANKING,ALTERNATE_PAYMENT,0.6169537,15209.259118160604,15209.259118160604,HIGH
E01541,24568.57,CHECKOUT_ABANDONED,Bank_A,E42,P019,NETBANKING,SEND_REMINDER,0.61884826,15204.216898803115,15204.216898803115,HIGH
E02149,22136.76,PAYMENT_FAILED,Bank_D,E11,P008,CARD,RETRY_PAYMENT,0.686051,15186.94658015728,15186.94658015728,HIGH
E03349,18259.33,SUBSCRIPTION_FAILED,Bank_A,E42,P013,UPI,ALTERNATE_PAYMENT,0.8311408,15176.07443967879,15176.07443967879,HIGH
E00091,22578.37,SUBSCRIPTION_FAILED,Bank_B,E17,P011,WALLET,ALTERNATE_PAYMENT,0.67207724,15174.40856077969,15174.40856077969,HIGH
E01964,23480.7,INVOICE_OVERDUE,Bank_A,E42,P013,CARD,ALTERNATE_PAYMENT,0.6460535,15169.788253623248,15169.788253623248,HIGH
E02440,20028.38,SUBSCRIPTION_FAILED,Bank_D,E11,P006,WALLET,ALTERNATE_PAYMENT,0.75691164,15159.713860189917,15159.713860189917,HIGH
E03565,20624.35,SUBSCRIPTION_FAILED,Bank_C,E42,P012,NETBANKING,ALTERNATE_PAYMENT,0.7346807,15152.312147137522,15152.312147137522,HIGH
E02093,24825.15,SUBSCRIPTION_FAILED,Bank_B,E23,P020,WALLET,RETRY_PAYMENT,0.610252,15149.598002403976,15149.598002403976,HIGH
E02707,21158.38,SUBSCRIPTION_FAILED,Bank_D,E11,P009,NETBANKING,ALTERNATE_PAYMENT,0.7154329,15137.400788388251,15137.400788388251,HIGH
E03765,24642.8,INVOICE_OVERDUE,Bank_A,E42,P013,CARD,ALTERNATE_PAYMENT,0.614248,15136.790065693856,15136.790065693856,HIGH
E00537,21258.16,INVOICE_OVERDUE,Bank_A,E42,P013,WALLET,ALTERNATE_PAYMENT,0.7119124,15133.94756849289,15133.94756849289,HIGH
E00449,22957.56,INVOICE_OVERDUE,Bank_C,E42,P008,NETBANKING,ALTERNATE_PAYMENT,0.659199,15133.600580778122,15133.600580778122,HIGH
E02616,16969.52,SUBSCRIPTION_FAILED,Bank_A,E42,P003,WALLET,ALTERNATE_PAYMENT,0.891657,15130.991206731796,15130.991206731796,HIGH
E04540,21903.98,SUBSCRIPTION_FAILED,Bank_D,E17,P011,NETBANKING,ALTERNATE_PAYMENT,0.69010293,15116.000882618428,15116.000882618428,HIGH
E03588,22949.71,PAYMENT_FAILED,Bank_D,E42,P012,WALLET,ALTERNATE_PAYMENT,0.6582576,15106.821108955144,15106.821108955144,HIGH
E02769,23967.78,CHECKOUT_ABANDONED,Bank_C,E42,P019,CARD,SEND_REMINDER,0.6302636,15106.019943763016,15106.019943763016,HIGH
E02600,19173.19,PAYMENT_FAILED,Bank_A,E42,P015,WALLET,ALTERNATE_PAYMENT,0.787807,15104.77305969715,15104.77305969715,HIGH
E01675,20355.61,SUBSCRIPTION_FAILED,Bank_A,E17,P006,CARD,ALTERNATE_PAYMENT,0.741987,15103.597793004514,15103.597793004514,HIGH
E00924,22953.98,INVOICE_OVERDUE,Bank_B,E42,P017,UPI,ALTERNATE_PAYMENT,0.65698826,15080.495452125071,15080.495452125071,HIGH
E02926,24748.21,PAYMENT_FAILED,Bank_C,E11,P018,CARD,RETRY_PAYMENT,0.60919774,15076.55349676728,15076.55349676728,HIGH
E03158,20257.21,PAYMENT_FAILED,Bank_A,E42,P011,NETBANKING,ALTERNATE_PAYMENT,0.7441054,15073.49932268679,15073.49932268679,HIGH
E01313,23360.4,SUBSCRIPTION_FAILED,Bank_A,E17,P014,CARD,ALTERNATE_PAYMENT,0.6451982,15072.088638067247,15072.088638067247,HIGH
E03553,22700.37,CHECKOUT_ABANDONED,Bank_A,E42,P013,CARD,ALTERNATE_PAYMENT,0.66395706,15072.070912114978,15072.070912114978,HIGH
E00874,18077.89,SUBSCRIPTION_FAILED,Bank_A,E42,P016,CARD,ALTERNATE_PAYMENT,0.8336755,15071.09405213952,15071.09405213952,HIGH
E03395,23449.48,SUBSCRIPTION_FAILED,Bank_D,E11,P008,UPI,ALTERNATE_PAYMENT,0.64267087,15070.297708597183,15070.297708597183,HIGH
E03060,24130.62,CHECKOUT_ABANDONED,Bank_B,E42,P017,CARD,SEND_REMINDER,0.6244653,15068.734537314176,15068.734537314176,HIGH
E02727,24643.22,CHECKOUT_ABANDONED,Bank_B,E11,P005,NETBANKING,SEND_REMINDER,0.61134416,15065.488597313166,15065.488597313166,HIGH
E02206,23215.78,SUBSCRIPTION_FAILED,Bank_A,E23,P012,NETBANKING,ALTERNATE_PAYMENT,0.6488924,15064.543263568878,15064.543263568878,HIGH
E03848,19119.19,PAYMENT_FAILED,Bank_A,E42,P015,WALLET,ALTERNATE_PAYMENT,0.787807,15062.231482357978,15062.231482357978,HIGH
E00949,20422.12,CHECKOUT_ABANDONED,Bank_A,E42,P008,WALLET,ALTERNATE_PAYMENT,0.73736227,15058.500671286582,15058.500671286582,HIGH
E04861,20690.43,PAYMENT_FAILED,Bank_A,E42,P010,NETBANKING,ALTERNATE_PAYMENT,0.72753763,15053.066447024346,15053.066447024346,HIGH
E00348,21603.56,CHECKOUT_ABANDONED,Bank_B,E42,P012,UPI,ALTERNATE_PAYMENT,0.6965246,15047.411420860291,15047.411420860291,HIGH
E00278,21788.07,SUBSCRIPTION_FAILED,Bank_A,E23,P007,UPI,ALTERNATE_PAYMENT,0.6901223,15036.433119247557,15036.433119247557,HIGH
E01977,19352.39,SUBSCRIPTION_FAILED,Bank_A,E23,P005,CARD,ALTERNATE_PAYMENT,0.7764811,15026.76491954863,15026.76491954863,HIGH
E01185,23816.71,CHECKOUT_ABANDONED,Bank_C,E23,P020,CARD,RETRY_PAYMENT,0.6305682,15018.060104911923,15018.060104911923,HIGH
E01367,22901.34,PAYMENT_FAILED,Bank_D,E11,P014,CARD,RETRY_PAYMENT,0.6556001,15014.12012892723,15014.12012892723,HIGH
E00421,24731.19,PAYMENT_FAILED,Bank_B,E17,P016,UPI,RETRY_PAYMENT,0.6070149,15012.2006883502,15012.2006883502,HIGH
E00997,22241.9,SUBSCRIPTION_FAILED,Bank_D,E17,P007,CARD,ALTERNATE_PAYMENT,0.6748048,15008.941030347349,15008.941030347349,HIGH
E02116,22921.82,SUBSCRIPTION_FAILED,Bank_B,E17,P013,WALLET,ALTERNATE_PAYMENT,0.6547808,15008.767754207847,15008.767754207847,HIGH
E04263,22666.86,PAYMENT_FAILED,Bank_D,E42,P018,CARD,ALTERNATE_PAYMENT,0.6613831,14991.4779618752,14991.4779618752,HIGH
E04254,20033.84,PAYMENT_FAILED,Bank_A,E42,P019,NETBANKING,ALTERNATE_PAYMENT,0.7476505,14978.31057530403,14978.31057530403,HIGH
E01460,24748.55,INVOICE_OVERDUE,Bank_A,E42,P009,CARD,ALTERNATE_PAYMENT,0.60473794,14966.387081888315,14966.387081888315,HIGH
E02792,24282.84,CHECKOUT_ABANDONED,Bank_D,E11,P014,NETBANKING,SEND_REMINDER,0.61629725,14965.447393398284,14965.447393398284,HIGH
E00988,21913.33,SUBSCRIPTION_FAILED,Bank_D,E42,P020,NETBANKING,ALTERNATE_PAYMENT,0.6825074,14956.009790385962,14956.009790385962,HIGH
E03964,20726.03,PAYMENT_FAILED,Bank_B,E42,P017,WALLET,ALTERNATE_PAYMENT,0.72122145,14948.057346978188,14948.057346978188,HIGH
E04322,22561.2,INVOICE_OVERDUE,Bank_B,E42,P012,CARD,ALTERNATE_PAYMENT,0.66251194,14947.064488363269,14947.064488363269,HIGH
E02669,16860.97,SUBSCRIPTION_FAILED,Bank_A,E42,P019,UPI,ALTERNATE_PAYMENT,0.8860453,14939.5828361398,14939.5828361398,HIGH
E01090,16740.06,SUBSCRIPTION_FAILED,Bank_A,E42,P020,UPI,ALTERNATE_PAYMENT,0.8924443,14939.571339122058,14939.571339122058,HIGH
E00658,18566.94,SUBSCRIPTION_FAILED,Bank_D,E42,P009,NETBANKING,ALTERNATE_PAYMENT,0.8044168,14935.558009479046,14935.558009479046,HIGH
E03663,22830.24,SUBSCRIPTION_FAILED,Bank_B,E17,P020,UPI,ALTERNATE_PAYMENT,0.654195,14935.42910021782,14935.42910021782,HIGH
E04423,18573.47,CHECKOUT_ABANDONED,Bank_A,E42,P009,WALLET,ALTERNATE_PAYMENT,0.8037815,14929.011751384736,14929.011751384736,HIGH
E01633,22520.98,SUBSCRIPTION_FAILED,Bank_B,E23,P008,CARD,ALTERNATE_PAYMENT,0.6621652,14912.60977883458,14912.60977883458,HIGH
E00652,23744.24,PAYMENT_FAILED,Bank_C,E11,P020,CARD,RETRY_PAYMENT,0.6279542,14910.294877858165,14910.294877858165,HIGH
E01251,22718.23,PAYMENT_FAILED,Bank_D,E42,P009,CARD,ALTERNATE_PAYMENT,0.6553377,14888.112398782969,14888.112398782969,HIGH
E03927,21741.35,CHECKOUT_ABANDONED,Bank_D,E42,P010,WALLET,SEND_REMINDER,0.6845494,14883.02790788114,14883.02790788114,HIGH
E02585,19782.89,SUBSCRIPTION_FAILED,Bank_D,E42,P018,WALLET,ALTERNATE_PAYMENT,0.7523158,14882.981097748876,14882.981097748876,HIGH
E00728,22043.59,INVOICE_OVERDUE,Bank_B,E42,P003,CARD,ALTERNATE_PAYMENT,0.6751525,14882.78446987927,14882.78446987927,HIGH
E00401,16575.28,SUBSCRIPTION_FAILED,Bank_A,E42,P005,UPI,ALTERNATE_PAYMENT,0.8976196,14878.296287431716,14878.296287431716,HIGH
E00845,22843.01,PAYMENT_FAILED,Bank_C,E42,P017,WALLET,ALTERNATE_PAYMENT,0.6506939,14863.807114620207,14863.807114620207,HIGH
E03098,20991.7,SUBSCRIPTION_FAILED,Bank_A,E11,P013,WALLET,ALTERNATE_PAYMENT,0.7080146,14862.430234777928,14862.430234777928,HIGH
E03288,21633.07,SUBSCRIPTION_FAILED,Bank_B,E11,P011,WALLET,ALTERNATE_PAYMENT,0.6868758,14859.23269882679,14859.23269882679,HIGH
E04934,19982.11,PAYMENT_FAILED,Bank_A,E42,P019,WALLET,ALTERNATE_PAYMENT,0.74300194,14846.746452655792,14846.746452655792,HIGH
E01708,23570.01,CHECKOUT_ABANDONED,Bank_A,E11,P014,NETBANKING,SEND_REMINDER,0.62978095,14843.94324598968,14843.94324598968,HIGH
E01740,23220.48,SUBSCRIPTION_FAILED,Bank_D,E17,P011,CARD,ALTERNATE_PAYMENT,0.6390968,14840.134381484984,14840.134381484984,HIGH
E01551,19155.74,SUBSCRIPTION_FAILED,Bank_B,E23,P006,WALLET,ALTERNATE_PAYMENT,0.77442056,14834.598886641264,14834.598886641264,HIGH
E03822,21711.19,CHECKOUT_ABANDONED,Bank_B,E42,P011,NETBANKING,ALTERNATE_PAYMENT,0.6825937,14819.92158449769,14819.92158449769,HIGH
E01365,22686.76,CHECKOUT_ABANDONED,Bank_B,E42,P004,CARD,ALTERNATE_PAYMENT,0.6532094,14819.204621112343,14819.204621112343,HIGH
E01978,23459.26,INVOICE_OVERDUE,Bank_A,E42,P013,CARD,ALTERNATE_PAYMENT,0.63163996,14817.805987691878,14817.805987691878,HIGH
E04471,21006.78,PAYMENT_FAILED,Bank_A,E42,P019,NETBANKING,ALTERNATE_PAYMENT,0.7051526,14812.984929660555,14812.984929660555,HIGH
E01227,21215.01,PAYMENT_FAILED,Bank_D,E42,P011,NETBANKING,ALTERNATE_PAYMENT,0.6982019,14812.360179355144,14812.360179355144,HIGH
E00486,24485.04,CHECKOUT_ABANDONED,Bank_A,E11,P019,UPI,ALTERNATE_PAYMENT,0.6047247,14806.708596282006,14806.708596282006,HIGH
E01959,24402.32,PAYMENT_FAILED,Bank_D,E17,P012,WALLET,RETRY_PAYMENT,0.60667515,14804.28109779358,14804.28109779358,HIGH
E02601,22762.06,CHECKOUT_ABANDONED,Bank_D,E42,P002,NETBANKING,ALTERNATE_PAYMENT,0.65032375,14802.708184797764,14802.708184797764,HIGH
E01461,23074.77,CHECKOUT_ABANDONED,Bank_D,E11,P012,UPI,SEND_REMINDER,0.64142454,14800.723656824828,14800.723656824828,HIGH
E01011,18889.66,PAYMENT_FAILED,Bank_A,E42,P015,NETBANKING,ALTERNATE_PAYMENT,0.7834923,14799.903664660456,14799.903664660456,HIGH
E01712,23369.3,SUBSCRIPTION_FAILED,Bank_C,E23,P006,WALLET,ALTERNATE_PAYMENT,0.63318795,14797.159151929616,14797.159151929616,HIGH
E00287,20174.13,PAYMENT_FAILED,Bank_A,E42,P008,WALLET,ALTERNATE_PAYMENT,0.7332873,14793.43280991733,14793.43280991733,HIGH
E04676,20624.44,INVOICE_OVERDUE,Bank_A,E42,P003,UPI,ALTERNATE_PAYMENT,0.7171707,14791.244388122555,14791.244388122555,HIGH
E02502,23990.27,CHECKOUT_ABANDONED,Bank_C,E11,P018,WALLET,SEND_REMINDER,0.61651194,14790.287921761275,14790.287921761275,HIGH
E03966,22399.54,SUBSCRIPTION_FAILED,Bank_A,E11,P006,UPI,ALTERNATE_PAYMENT,0.66014224,14786.882575718166,14786.882575718166,HIGH
E00398,20599.25,INVOICE_OVERDUE,Bank_A,E42,P004,CARD,ALTERNATE_PAYMENT,0.7176846,14783.76504406333,14783.76504406333,HIGH
E03816,18582.02,INVOICE_OVERDUE,Bank_A,E42,P017,NETBANKING,ALTERNATE_PAYMENT,0.7947129,14767.37102278471,14767.37102278471,HIGH
E04774,22692.74,PAYMENT_FAILED,Bank_D,E42,P016,NETBANKING,ALTERNATE_PAYMENT,0.65071934,14766.604900339842,14766.604900339842,HIGH
E03571,23084.95,SUBSCRIPTION_FAILED,Bank_A,E11,P016,WALLET,ALTERNATE_PAYMENT,0.63934714,14759.296667680144,14759.296667680144,HIGH
E01114,16826.98,SUBSCRIPTION_FAILED,Bank_A,E42,P017,NETBANKING,ALTERNATE_PAYMENT,0.8770623,14758.310129327774,14758.310129327774,HIGH
E00925,23825.53,INVOICE_OVERDUE,Bank_A,E42,P015,NETBANKING,ALTERNATE_PAYMENT,0.61936134,14756.612210826275,14756.612210826275,HIGH
E02594,24454.23,CHECKOUT_ABANDONED,Bank_A,E11,P010,CARD,SEND_REMINDER,0.60336345,14754.78868607104,14754.78868607104,HIGH
E01566,19943.99,SUBSCRIPTION_FAILED,Bank_C,E42,P010,NETBANKING,ALTERNATE_PAYMENT,0.73929805,14744.55282916844,14744.55282916844,HIGH
E02905,21453.14,SUBSCRIPTION_FAILED,Bank_A,E17,P006,NETBANKING,ALTERNATE_PAYMENT,0.687207,14742.747627425191,14742.747627425191,HIGH
E00500,19384.13,CHECKOUT_ABANDONED,Bank_A,E42,P007,UPI,ALTERNATE_PAYMENT,0.7604816,14741.274119336606,14741.274119336606,HIGH
E03824,20654.84,SUBSCRIPTION_FAILED,Bank_C,E42,P013,CARD,ALTERNATE_PAYMENT,0.7131901,14730.826965866088,14730.826965866088,HIGH
E04418,22827.05,INVOICE_OVERDUE,Bank_B,E42,P003,NETBANKING,ALTERNATE_PAYMENT,0.6452609,14729.402152958512,14729.402152958512,HIGH
E00271,24102.0,PAYMENT_FAILED,Bank_D,E17,P002,UPI,ALTERNATE_PAYMENT,0.61112654,14729.37191748619,14729.37191748619,HIGH
E01523,23810.34,PAYMENT_FAILED,Bank_C,E17,P017,WALLET,RETRY_PAYMENT,0.61837256,14723.660889494418,14723.660889494418,HIGH
E02337,20773.28,PAYMENT_FAILED,Bank_B,E42,P012,NETBANKING,ALTERNATE_PAYMENT,0.70869344,14721.887361516952,14721.887361516952,HIGH
E04892,18519.37,PAYMENT_FAILED,Bank_A,E42,P015,NETBANKING,ALTERNATE_PAYMENT,0.79359204,14696.824539485571,14696.824539485571,HIGH
E04542,19727.01,INVOICE_OVERDUE,Bank_A,E42,P003,NETBANKING,ALTERNATE_PAYMENT,0.7448419,14693.503089829086,14693.503089829086,HIGH
E03744,19109.11,CHECKOUT_ABANDONED,Bank_A,E42,P015,UPI,ALTERNATE_PAYMENT,0.7688515,14692.068243186472,14692.068243186472,HIGH
E02997,18600.01,PAYMENT_FAILED,Bank_A,E42,P002,CARD,ALTERNATE_PAYMENT,0.7889982,14675.37416052401,14675.37416052401,HIGH
E02578,21169.88,CHECKOUT_ABANDONED,Bank_A,E42,P013,UPI,ALTERNATE_PAYMENT,0.6929982,14670.688117170335,14670.688117170335,HIGH
E02713,19500.22,CHECKOUT_ABANDONED,Bank_A,E42,P016,NETBANKING,ALTERNATE_PAYMENT,0.75207484,14665.624791314603,14665.624791314603,HIGH
E01709,19484.64,INVOICE_OVERDUE,Bank_A,E42,P016,WALLET,ALTERNATE_PAYMENT,0.75262475,14664.622311515808,14664.622311515808,HIGH
E02611,24632.74,SUBSCRIPTION_FAILED,Bank_A,E23,P009,UPI,ALTERNATE_PAYMENT,0.595088,14658.64810590744,14658.64810590744,HIGH
E03170,22693.58,CHECKOUT_ABANDONED,Bank_D,E11,P012,UPI,SEND_REMINDER,0.6459015,14657.817389119864,14657.817389119864,HIGH
E04057,22175.67,PAYMENT_FAILED,Bank_D,E17,P002,NETBANKING,ALTERNATE_PAYMENT,0.66086686,14655.1653253448,14655.1653253448,HIGH
E02547,18815.58,SUBSCRIPTION_FAILED,Bank_D,E23,P002,WALLET,ALTERNATE_PAYMENT,0.77866304,14650.996707251074,14650.996707251074,HIGH
E03705,22366.53,CHECKOUT_ABANDONED,Bank_D,E17,P002,NETBANKING,SEND_REMINDER,0.65494204,14648.78068918705,14648.78068918705,HIGH
E01095,18323.19,INVOICE_OVERDUE,Bank_A,E42,P002,WALLET,ALTERNATE_PAYMENT,0.7990807,14641.708031684158,14641.708031684158,HIGH
E04238,16349.33,SUBSCRIPTION_FAILED,Bank_A,E42,P006,UPI,ALTERNATE_PAYMENT,0.8954867,14640.60777255416,14640.60777255416,HIGH
E01401,20530.35,SUBSCRIPTION_FAILED,Bank_A,E17,P003,NETBANKING,ALTERNATE_PAYMENT,0.71281606,14634.36318899095,14634.36318899095,HIGH
E01403,19416.19,CHECKOUT_ABANDONED,Bank_A,E42,P009,NETBANKING,ALTERNATE_PAYMENT,0.7536096,14632.227134435772,14632.227134435772,HIGH
E04417,23078.5,PAYMENT_FAILED,Bank_D,E23,P018,CARD,RETRY_PAYMENT,0.633709,14625.053467184303,14625.053467184303,HIGH
E00477,19938.15,PAYMENT_FAILED,Bank_D,E17,P019,CARD,RETRY_PAYMENT,0.7334422,14623.480346900224,14623.480346900224,HIGH
E01947,24360.01,CHECKOUT_ABANDONED,Bank_A,E17,P001,WALLET,SEND_REMINDER,0.60017896,14620.365393955706,14620.365393955706,HIGH
E02327,21223.74,PAYMENT_FAILED,Bank_A,E42,P001,NETBANKING,ALTERNATE_PAYMENT,0.6885706,14614.043781430722,14614.043781430722,HIGH
E03384,18556.96,INVOICE_OVERDUE,Bank_A,E42,P017,UPI,ALTERNATE_PAYMENT,0.7875064,14613.724793100357,14613.724793100357,HIGH
E00511,19441.98,PAYMENT_FAILED,Bank_D,E11,P007,WALLET,RETRY_PAYMENT,0.75089455,14598.876755332947,14598.876755332947,HIGH
E03473,24195.52,CHECKOUT_ABANDONED,Bank_C,E42,P004,WALLET,SEND_REMINDER,0.6027823,14584.631414394378,14584.631414394378,HIGH
E02438,22096.13,PAYMENT_FAILED,Bank_D,E11,P018,NETBANKING,RETRY_PAYMENT,0.65985084,14580.149848449231,14580.149848449231,HIGH
E04768,21380.93,SUBSCRIPTION_FAILED,Bank_D,E17,P006,NETBANKING,ALTERNATE_PAYMENT,0.68162096,14573.689935377835,14573.689935377835,HIGH
E00650,17579.83,SUBSCRIPTION_FAILED,Bank_A,E42,P010,CARD,ALTERNATE_PAYMENT,0.82897276,14573.200140276553,14573.200140276553,HIGH
E04766,22611.66,PAYMENT_FAILED,Bank_D,E23,P015,NETBANKING,RETRY_PAYMENT,0.6441972,14566.368637547494,14566.368637547494,HIGH
E00428,24283.77,PAYMENT_FAILED,Bank_B,E42,P002,WALLET,ALTERNATE_PAYMENT,0.5996602,14562.010806282164,14562.010806282164,HIGH
E01059,19037.84,CHECKOUT_ABANDONED,Bank_A,E42,P016,WALLET,ALTERNATE_PAYMENT,0.7644359,14553.20811337471,14553.20811337471,HIGH
E02766,19897.46,PAYMENT_FAILED,Bank_A,E42,P018,WALLET,ALTERNATE_PAYMENT,0.7310415,14545.868826142549,14545.868826142549,HIGH
E01722,17141.55,SUBSCRIPTION_FAILED,Bank_A,E42,P014,WALLET,ALTERNATE_PAYMENT,0.84839,14542.719316130877,14542.719316130877,HIGH
E01760,22662.83,CHECKOUT_ABANDONED,Bank_C,E17,P015,NETBANKING,SEND_REMINDER,0.6416025,14540.528751630784,14540.528751630784,HIGH
E00330,20137.66,PAYMENT_FAILED,Bank_A,E42,P004,UPI,ALTERNATE_PAYMENT,0.7216739,14532.823746868373,14532.823746868373,HIGH
E02847,21721.63,SUBSCRIPTION_FAILED,Bank_C,E17,P002,WALLET,ALTERNATE_PAYMENT,0.66896147,14530.93343478024,14530.93343478024,HIGH
E01863,19574.81,CHECKOUT_ABANDONED,Bank_A,E42,P002,CARD,ALTERNATE_PAYMENT,0.74221885,14528.79300716281,14528.79300716281,HIGH
E04589,19848.43,PAYMENT_FAILED,Bank_A,E42,P018,WALLET,ALTERNATE_PAYMENT,0.7310415,14510.025861837268,14510.025861837268,HIGH
E04293,16269.75,SUBSCRIPTION_FAILED,Bank_A,E42,P005,NETBANKING,ALTERNATE_PAYMENT,0.8917847,14509.11457143724,14509.11457143724,HIGH
E04361,17405.71,SUBSCRIPTION_FAILED,Bank_A,E42,P013,UPI,ALTERNATE_PAYMENT,0.8334889,14507.465761144756,14507.465761144756,HIGH
E04019,20092.13,PAYMENT_FAILED,Bank_A,E42,P004,UPI,ALTERNATE_PAYMENT,0.7216739,14499.965933935047,14499.965933935047,HIGH
E01279,19569.31,CHECKOUT_ABANDONED,Bank_A,E42,P014,WALLET,ALTERNATE_PAYMENT,0.7408273,14497.479520809651,14497.479520809651,HIGH
E01919,21579.07,SUBSCRIPTION_FAILED,Bank_B,E17,P018,NETBANKING,ALTERNATE_PAYMENT,0.67180246,14496.872335270047,14496.872335270047,HIGH
E04811,19300.7,SUBSCRIPTION_FAILED,Bank_B,E17,P006,NETBANKING,ALTERNATE_PAYMENT,0.75105643,14495.914891076089,14495.914891076089,HIGH
E04736,18436.24,SUBSCRIPTION_FAILED,Bank_D,E42,P015,CARD,ALTERNATE_PAYMENT,0.7862557,14495.599105100631,14495.599105100631,HIGH
E00464,19668.51,SUBSCRIPTION_FAILED,Bank_C,E42,P018,WALLET,ALTERNATE_PAYMENT,0.73693705,14494.453659625053,14494.453659625053,HIGH
E01180,21657.14,CHECKOUT_ABANDONED,Bank_B,E42,P008,WALLET,ALTERNATE_PAYMENT,0.6692254,14493.508065131902,14493.508065131902,HIGH
E00067,23625.34,INVOICE_OVERDUE,Bank_D,E42,P017,WALLET,ALTERNATE_PAYMENT,0.6133889,14491.521219952108,14491.521219952108,HIGH
E00437,18381.58,INVOICE_OVERDUE,Bank_A,E42,P008,UPI,ALTERNATE_PAYMENT,0.7882586,14489.438740032912,14489.438740032912,HIGH
E01930,24232.94,CHECKOUT_ABANDONED,Bank_C,E23,P019,UPI,SEND_REMINDER,0.59782153,14486.9733563745,14486.9733563745,HIGH
E00302,16184.12,SUBSCRIPTION_FAILED,Bank_A,E42,P006,WALLET,ALTERNATE_PAYMENT,0.8949829,14484.510237128736,14484.510237128736,HIGH
E00274,20757.55,INVOICE_OVERDUE,Bank_A,E42,P005,UPI,ALTERNATE_PAYMENT,0.6977344,14483.257017108795,14483.257017108795,HIGH
E04419,24845.66,SUBSCRIPTION_FAILED,Bank_A,E42,P010,NETBANKING,ALTERNATE_PAYMENT,0.58289003,14482.287595243452,14482.287595243452,HIGH
E03591,18672.87,INVOICE_OVERDUE,Bank_A,E42,P012,UPI,ALTERNATE_PAYMENT,0.7754659,14480.17404594004,14480.17404594004,HIGH
E04327,23507.2,PAYMENT_FAILED,Bank_D,E11,P003,NETBANKING,RETRY_PAYMENT,0.6158685,14477.34421043396,14477.34421043396,HIGH
E00218,22037.25,SUBSCRIPTION_FAILED,Bank_B,E11,P010,WALLET,ALTERNATE_PAYMENT,0.6568411,14474.971514716744,14474.971514716744,HIGH
E04963,18633.69,CHECKOUT_ABANDONED,Bank_A,E42,P007,WALLET,ALTERNATE_PAYMENT,0.77676404,14473.980235530136,14473.980235530136,HIGH
E01045,23342.53,PAYMENT_FAILED,Bank_C,E23,P019,NETBANKING,RETRY_PAYMENT,0.62003833,14473.26333212912,14473.26333212912,HIGH
E03032,22326.01,CHECKOUT_ABANDONED,Bank_B,E23,P016,NETBANKING,SEND_REMINDER,0.64804894,14468.347055111526,14468.347055111526,HIGH
E01443,18934.03,INVOICE_OVERDUE,Bank_A,E42,P012,WALLET,ALTERNATE_PAYMENT,0.7639627,14464.89241677582,14464.89241677582,HIGH
E00018,19388.7,SUBSCRIPTION_FAILED,Bank_A,E17,P009,NETBANKING,ALTERNATE_PAYMENT,0.7459657,14463.305540299416,14463.305540299416,HIGH
E03274,20231.26,INVOICE_OVERDUE,Bank_A,E42,P005,CARD,ALTERNATE_PAYMENT,0.7147637,14460.57027272582,14460.57027272582,HIGH
E00974,23562.69,SUBSCRIPTION_FAILED,Bank_B,E11,P014,NETBANKING,ALTERNATE_PAYMENT,0.61364883,14459.217193610071,14459.217193610071,HIGH
E02923,22208.25,CHECKOUT_ABANDONED,Bank_C,E23,P008,CARD,SEND_REMINDER,0.65077645,14452.606003895402,14452.606003895402,HIGH
E03161,18981.8,SUBSCRIPTION_FAILED,Bank_A,E17,P013,CARD,ALTERNATE_PAYMENT,0.7613317,14451.445634770393,14451.445634770393,HIGH
E00886,23305.19,CHECKOUT_ABANDONED,Bank_B,E23,P002,CARD,SEND_REMINDER,0.6200323,14449.970802011489,14449.970802011489,HIGH
E04688,23852.78,INVOICE_OVERDUE,Bank_D,E42,P014,UPI,ALTERNATE_PAYMENT,0.6057205,14448.118305511474,14448.118305511474,HIGH
E01068,19828.71,SUBSCRIPTION_FAILED,Bank_B,E11,P011,WALLET,ALTERNATE_PAYMENT,0.7284956,14445.127945833205,14445.127945833205,HIGH
E02721,23026.03,CHECKOUT_ABANDONED,Bank_C,E23,P011,WALLET,SEND_REMINDER,0.62729543,14444.123493083118,14444.123493083118,HIGH
E00730,16067.65,SUBSCRIPTION_FAILED,Bank_A,E42,P016,NETBANKING,ALTERNATE_PAYMENT,0.8987732,14441.17310028076,14441.17310028076,HIGH
E02572,24221.76,CHECKOUT_ABANDONED,Bank_B,E11,P005,CARD,SEND_REMINDER,0.5960516,14437.41816707611,14437.41816707611,HIGH
E01805,17340.62,SUBSCRIPTION_FAILED,Bank_A,E42,P010,CARD,ALTERNATE_PAYMENT,0.8324201,14434.680820050238,14434.680820050238,HIGH
E02098,22277.66,PAYMENT_FAILED,Bank_D,E23,P006,UPI,RETRY_PAYMENT,0.6479116,14433.954517959355,14433.954517959355,HIGH
E04567,23879.31,INVOICE_OVERDUE,Bank_B,E42,P016,WALLET,ALTERNATE_PAYMENT,0.6040895,14425.240402901174,14425.240402901174,HIGH
E03134,19601.38,SUBSCRIPTION_FAILED,Bank_D,E11,P019,NETBANKING,ALTERNATE_PAYMENT,0.7357287,14421.297454894782,14421.297454894782,HIGH
E04705,24287.35,PAYMENT_FAILED,Bank_A,E17,P010,NETBANKING,SEND_REMINDER,0.59348047,14414.06783953309,14414.06783953309,HIGH
E01925,16291.8,SUBSCRIPTION_FAILED,Bank_A,E42,P020,NETBANKING,ALTERNATE_PAYMENT,0.884105,14403.662274348737,14403.662274348737,HIGH
E04955,23848.6,SUBSCRIPTION_FAILED,Bank_C,E11,P002,WALLET,ALTERNATE_PAYMENT,0.6034744,14392.019065141678,14392.019065141678,HIGH
E02579,24604.23,INVOICE_OVERDUE,Bank_B,E42,P008,CARD,ALTERNATE_PAYMENT,0.5849197,14391.498611004352,14391.498611004352,HIGH
E04303,20015.28,INVOICE_OVERDUE,Bank_A,E42,P004,NETBANKING,ALTERNATE_PAYMENT,0.7190132,14391.250804138184,14391.250804138184,HIGH
E00335,20715.74,PAYMENT_FAILED,Bank_D,E42,P002,WALLET,ALTERNATE_PAYMENT,0.6945053,14387.19069094062,14387.19069094062,HIGH
E02935,18585.13,SUBSCRIPTION_FAILED,Bank_A,E23,P015,WALLET,ALTERNATE_PAYMENT,0.77383655,14381.852938055395,14381.852938055395,HIGH
E03777,23718.59,SUBSCRIPTION_FAILED,Bank_B,E11,P018,CARD,ALTERNATE_PAYMENT,0.6059345,14371.91198882222,14371.91198882222,HIGH
E02532,22619.26,PAYMENT_FAILED,Bank_B,E42,P014,UPI,ALTERNATE_PAYMENT,0.63513386,14366.257970588204,14366.257970588204,HIGH
E01176,19044.71,PAYMENT_FAILED,Bank_A,E42,P009,WALLET,ALTERNATE_PAYMENT,0.7541558,14362.678784778713,14362.678784778713,HIGH
E03112,22685.77,PAYMENT_FAILED,Bank_B,E11,P020,NETBANKING,RETRY_PAYMENT,0.63301927,14360.52953104794,14360.52953104794,HIGH
E02797,19125.04,SUBSCRIPTION_FAILED,Bank_B,E23,P002,WALLET,ALTERNATE_PAYMENT,0.7505573,14354.438450365067,14354.438450365067,HIGH
E03445,24832.69,SUBSCRIPTION_FAILED,Bank_A,E17,P005,CARD,ALTERNATE_PAYMENT,0.57791567,14351.200641694068,14351.200641694068,HIGH
E00182,23875.13,SUBSCRIPTION_FAILED,Bank_B,E23,P005,WALLET,ALTERNATE_PAYMENT,0.6010698,14350.619805225137,14350.619805225137,HIGH
E03329,18209.1,INVOICE_OVERDUE,Bank_A,E42,P018,UPI,ALTERNATE_PAYMENT,0.788017,14349.079898124932,14349.079898124932,HIGH
E04640,18776.19,INVOICE_OVERDUE,Bank_A,E42,P016,UPI,ALTERNATE_PAYMENT,0.76415044,14347.833863033651,14347.833863033651,HIGH
E04305,22716.34,SUBSCRIPTION_FAILED,Bank_A,E11,P010,UPI,ALTERNATE_PAYMENT,0.631579,14347.162889157533,14347.162889157533,HIGH
E02977,24003.44,SUBSCRIPTION_FAILED,Bank_D,E17,P002,NETBANKING,ALTERNATE_PAYMENT,0.5976166,14344.854511017798,14344.854511017798,HIGH
E01400,22252.89,SUBSCRIPTION_FAILED,Bank_C,E17,P018,UPI,ALTERNATE_PAYMENT,0.6437354,14324.97324075222,14324.97324075222,HIGH
E00235,20015.16,INVOICE_OVERDUE,Bank_A,E42,P014,NETBANKING,ALTERNATE_PAYMENT,0.7156069,14322.987158460615,14322.987158460615,HIGH
E04354,23253.76,PAYMENT_FAILED,Bank_B,E11,P012,UPI,RETRY_PAYMENT,0.61575997,14318.73453109741,14318.73453109741,HIGH
E04338,21113.69,CHECKOUT_ABANDONED,Bank_A,E42,P013,UPI,ALTERNATE_PAYMENT,0.6780035,14315.1555061692,14315.1555061692,HIGH
E04097,23452.22,SUBSCRIPTION_FAILED,Bank_D,E11,P003,NETBANKING,ALTERNATE_PAYMENT,0.61000025,14305.860126931668,14305.860126931668,HIGH
E03054,15977.54,SUBSCRIPTION_FAILED,Bank_A,E42,P011,UPI,ALTERNATE_PAYMENT,0.895037,14300.489395657778,14300.489395657778,HIGH
E04473,17934.5,PAYMENT_FAILED,Bank_A,E42,P017,UPI,ALTERNATE_PAYMENT,0.7969377,14292.679253935814,14292.679253935814,HIGH
E01883,22790.68,CHECKOUT_ABANDONED,Bank_C,E42,P016,NETBANKING,ALTERNATE_PAYMENT,0.62698233,14289.353677763938,14289.353677763938,HIGH
E02308,23431.34,CHECKOUT_ABANDONED,Bank_D,E42,P014,WALLET,SEND_REMINDER,0.6096951,14285.972644164562,14285.972644164562,HIGH
E00084,22738.5,SUBSCRIPTION_FAILED,Bank_D,E11,P004,WALLET,ALTERNATE_PAYMENT,0.62822187,14284.822978913784,14284.822978913784,HIGH
E00197,24763.36,CHECKOUT_ABANDONED,Bank_C,E23,P013,UPI,SEND_REMINDER,0.5767134,14281.361124944688,14281.361124944688,HIGH
E02865,20543.69,SUBSCRIPTION_FAILED,Bank_A,E11,P013,WALLET,ALTERNATE_PAYMENT,0.6949009,14275.828060649632,14275.828060649632,HIGH
E00487,22272.15,SUBSCRIPTION_FAILED,Bank_A,E17,P010,CARD,ALTERNATE_PAYMENT,0.64072967,14270.427225172522,14270.427225172522,HIGH
E02339,24968.11,CHECKOUT_ABANDONED,Bank_C,E17,P019,NETBANKING,RETRY_PAYMENT,0.571169,14261.010888627769,14261.010888627769,HIGH
E02289,24040.96,CHECKOUT_ABANDONED,Bank_A,E11,P001,NETBANKING,SEND_REMINDER,0.59301245,14256.588641052243,14256.588641052243,HIGH
E03218,20405.05,CHECKOUT_ABANDONED,Bank_D,E42,P012,NETBANKING,ALTERNATE_PAYMENT,0.698638,14255.743769708277,14255.743769708277,HIGH
E00889,20644.59,CHECKOUT_ABANDONED,Bank_A,E42,P006,NETBANKING,ALTERNATE_PAYMENT,0.6904189,14253.415099330545,14253.415099330545,HIGH
E01466,18863.15,SUBSCRIPTION_FAILED,Bank_B,E23,P007,CARD,ALTERNATE_PAYMENT,0.7555504,14252.06023578644,14252.06023578644,HIGH
E04535,23933.71,CHECKOUT_ABANDONED,Bank_C,E42,P004,CARD,SEND_REMINDER,0.595175,14244.746515738963,14244.746515738963,HIGH
E00556,23064.37,CHECKOUT_ABANDONED,Bank_C,E23,P007,UPI,ALTERNATE_PAYMENT,0.6175683,14243.824096112849,14243.824096112849,HIGH
E02029,23396.16,INVOICE_OVERDUE,Bank_A,E17,P008,WALLET,SEND_REMINDER,0.60797673,14224.3209598732,14224.3209598732,HIGH
E00376,23937.06,PAYMENT_FAILED,Bank_D,E42,P012,CARD,ALTERNATE_PAYMENT,0.5941702,14222.688032705784,14222.688032705784,HIGH
E04611,16341.27,SUBSCRIPTION_FAILED,Bank_A,E42,P014,CARD,ALTERNATE_PAYMENT,0.8703427,14222.504593568445,14222.504593568445,HIGH
E04544,24496.32,PAYMENT_FAILED,Bank_C,E11,P008,UPI,RETRY_PAYMENT,0.58044004,14218.645068511963,14218.645068511963,HIGH
E03224,23374.61,PAYMENT_FAILED,Bank_B,E17,P009,UPI,RETRY_PAYMENT,0.6081852,14216.091205176115,14216.091205176115,HIGH
E03121,22977.79,PAYMENT_FAILED,Bank_A,E17,P019,CARD,RETRY_PAYMENT,0.61867976,14215.893645880224,14215.893645880224,HIGH
E02743,18985.97,CHECKOUT_ABANDONED,Bank_A,E42,P003,WALLET,ALTERNATE_PAYMENT,0.74871546,14215.089267800451,14215.089267800451,HIGH
E01619,21260.2,SUBSCRIPTION_FAILED,Bank_C,E23,P006,WALLET,ALTERNATE_PAYMENT,0.6677436,14196.36297916174,14196.36297916174,HIGH
E00669,18022.07,PAYMENT_FAILED,Bank_A,E42,P002,UPI,ALTERNATE_PAYMENT,0.7873439,14189.56722728789,14189.56722728789,HIGH
E02444,20684.09,INVOICE_OVERDUE,Bank_A,E42,P020,CARD,ALTERNATE_PAYMENT,0.6858085,14185.324318655134,14185.324318655134,HIGH
E03852,20305.86,CHECKOUT_ABANDONED,Bank_B,E42,P012,CARD,ALTERNATE_PAYMENT,0.6983146,14179.878648608925,14179.878648608925,HIGH
E04381,24857.06,PAYMENT_FAILED,Bank_A,E42,P020,CARD,ALTERNATE_PAYMENT,0.5703102,14176.234248996974,14176.234248996974,HIGH
E01889,15802.63,SUBSCRIPTION_FAILED,Bank_A,E42,P006,UPI,ALTERNATE_PAYMENT,0.89699656,14174.904712805152,14174.904712805152,HIGH
E01975,21093.56,SUBSCRIPTION_FAILED,Bank_B,E17,P019,CARD,ALTERNATE_PAYMENT,0.67194784,14173.772014012338,14173.772014012338,HIGH
E01249,20291.87,CHECKOUT_ABANDONED,Bank_B,E42,P012,CARD,ALTERNATE_PAYMENT,0.6983146,14170.109227254989,14170.109227254989,HIGH
E02596,20173.3,SUBSCRIPTION_FAILED,Bank_B,E17,P011,CARD,ALTERNATE_PAYMENT,0.7020537,14162.74042505622,14162.74042505622,HIGH
E01637,22101.03,SUBSCRIPTION_FAILED,Bank_A,E23,P018,WALLET,ALTERNATE_PAYMENT,0.64071405,14160.440425869228,14160.440425869228,HIGH
E01862,17948.61,CHECKOUT_ABANDONED,Bank_A,E42,P002,WALLET,ALTERNATE_PAYMENT,0.7888747,14159.2040736562,14159.2040736562,HIGH
E04192,23704.19,SUBSCRIPTION_FAILED,Bank_C,E17,P020,UPI,ALTERNATE_PAYMENT,0.59714276,14154.78534499824,14154.78534499824,HIGH
E00128,20518.27,SUBSCRIPTION_FAILED,Bank_C,E42,P006,NETBANKING,ALTERNATE_PAYMENT,0.6898563,14154.657636187078,14154.657636187078,HIGH
E02867,19991.3,PAYMENT_FAILED,Bank_D,E11,P019,NETBANKING,RETRY_PAYMENT,0.7078025,14149.891608446836,14149.891608446836,HIGH
E00551,20263.99,SUBSCRIPTION_FAILED,Bank_D,E23,P016,WALLET,ALTERNATE_PAYMENT,0.69810194,14146.330685968996,14146.330685968996,HIGH
E02299,24152.3,PAYMENT_FAILED,Bank_A,E17,P008,WALLET,RETRY_PAYMENT,0.58557117,14142.890565645694,14142.890565645694,HIGH
E03070,20298.7,SUBSCRIPTION_FAILED,Bank_C,E42,P006,CARD,ALTERNATE_PAYMENT,0.6966656,14141.405711072684,14141.405711072684,HIGH
E03178,23892.05,INVOICE_OVERDUE,Bank_B,E42,P014,NETBANKING,ALTERNATE_PAYMENT,0.5918749,14141.104644337296,14141.104644337296,HIGH
E01118,21218.23,CHECKOUT_ABANDONED,Bank_C,E17,P015,WALLET,SEND_REMINDER,0.66591644,14129.568245620729,14129.568245620729,HIGH
E04679,20873.87,CHECKOUT_ABANDONED,Bank_B,E23,P015,NETBANKING,SEND_REMINDER,0.6768237,14127.929418074487,14127.929418074487,HIGH
E01149,22694.84,SUBSCRIPTION_FAILED,Bank_C,E42,P017,CARD,ALTERNATE_PAYMENT,0.62241566,14125.62385831356,14125.62385831356,HIGH
E02544,23229.44,PAYMENT_FAILED,Bank_D,E11,P008,UPI,RETRY_PAYMENT,0.60799885,14123.47275878906,14123.47275878906,HIGH
E00750,19097.63,INVOICE_OVERDUE,Bank_A,E42,P003,NETBANKING,ALTERNATE_PAYMENT,0.739441,14121.570196534993,14121.570196534993,HIGH
E02425,21350.4,SUBSCRIPTION_FAILED,Bank_C,E11,P019,NETBANKING,ALTERNATE_PAYMENT,0.66124904,14117.931536865235,14117.931536865235,HIGH
E01923,23267.38,PAYMENT_FAILED,Bank_D,E42,P019,NETBANKING,ALTERNATE_PAYMENT,0.60602224,14100.549717013835,14100.549717013835,HIGH
E03807,22844.74,PAYMENT_FAILED,Bank_B,E42,P013,CARD,ALTERNATE_PAYMENT,0.617165,14098.974625715018,14098.974625715018,HIGH
E01120,20723.28,SUBSCRIPTION_FAILED,Bank_B,E17,P003,CARD,ALTERNATE_PAYMENT,0.6803102,14098.25854850292,14098.25854850292,HIGH
E04751,18308.61,CHECKOUT_ABANDONED,Bank_A,E42,P009,UPI,ALTERNATE_PAYMENT,0.76984566,14094.804031543135,14094.804031543135,HIGH
E01890,18856.29,CHECKOUT_ABANDONED,Bank_A,E42,P008,WALLET,ALTERNATE_PAYMENT,0.74690866,14083.926385159491,14083.926385159491,HIGH
E00878,22042.35,SUBSCRIPTION_FAILED,Bank_A,E23,P020,NETBANKING,ALTERNATE_PAYMENT,0.6387909,14080.452715310454,14080.452715310454,HIGH
E01115,24074.22,INVOICE_OVERDUE,Bank_C,E11,P011,UPI,SEND_REMINDER,0.5848572,14079.98151330471,14079.98151330471,HIGH
E01911,24840.79,INVOICE_OVERDUE,Bank_A,E42,P009,NETBANKING,SEND_REMINDER,0.5666574,14076.218070856334,14076.218070856334,HIGH
E02667,24336.1,PAYMENT_FAILED,Bank_C,E23,P009,WALLET,RETRY_PAYMENT,0.57840014,14076.003526353836,14076.003526353836,HIGH
E04874,19274.06,INVOICE_OVERDUE,Bank_A,E42,P009,CARD,ALTERNATE_PAYMENT,0.7301984,14073.887452230454,14073.887452230454,HIGH
E02240,22217.9,PAYMENT_FAILED,Bank_D,E23,P017,CARD,RETRY_PAYMENT,0.633429,14073.461975604298,14073.461975604298,HIGH
E03743,17674.06,INVOICE_OVERDUE,Bank_A,E42,P018,UPI,ALTERNATE_PAYMENT,0.7960254,14069.000599706174,14069.000599706174,HIGH
E02466,23639.95,INVOICE_OVERDUE,Bank_C,E17,P019,CARD,SEND_REMINDER,0.5949347,14064.2266066432,14064.2266066432,HIGH
E04857,22987.64,SUBSCRIPTION_FAILED,Bank_C,E23,P013,CARD,ALTERNATE_PAYMENT,0.61173964,14062.450513858796,14062.450513858796,HIGH
E01686,23266.89,CHECKOUT_ABANDONED,Bank_A,E23,P013,NETBANKING,SEND_REMINDER,0.604051,14054.38802991271,14054.38802991271,HIGH
E00591,19383.19,SUBSCRIPTION_FAILED,Bank_B,E42,P009,UPI,ALTERNATE_PAYMENT,0.7250618,14054.010132099387,14054.010132099387,HIGH
E02709,19601.04,PAYMENT_FAILED,Bank_A,E42,P005,WALLET,ALTERNATE_PAYMENT,0.71689636,14051.914133191109,14051.914133191109,HIGH
E00932,18859.55,SUBSCRIPTION_FAILED,Bank_D,E42,P014,NETBANKING,ALTERNATE_PAYMENT,0.74504596,14051.231533965469,14051.231533965469,HIGH
E01985,21686.52,CHECKOUT_ABANDONED,Bank_D,E17,P012,NETBANKING,ALTERNATE_PAYMENT,0.6478964,14050.61843245983,14050.61843245983,HIGH
E04410,21128.98,CHECKOUT_ABANDONED,Bank_B,E17,P002,WALLET,SEND_REMINDER,0.66440094,14038.114071252348,14038.114071252348,HIGH
E02460,20943.36,SUBSCRIPTION_FAILED,Bank_C,E11,P010,WALLET,ALTERNATE_PAYMENT,0.6700211,14032.493455352784,14032.493455352784,HIGH
E02231,21998.24,SUBSCRIPTION_FAILED,Bank_C,E17,P018,CARD,ALTERNATE_PAYMENT,0.6377936,14030.33669556618,14030.33669556618,HIGH
E03638,17974.7,INVOICE_OVERDUE,Bank_A,E42,P020,WALLET,ALTERNATE_PAYMENT,0.78043836,14028.145453339816,14028.145453339816,HIGH
E02052,23337.96,CHECKOUT_ABANDONED,Bank_C,E17,P018,UPI,SEND_REMINDER,0.60101813,14026.537095401289,14026.537095401289,HIGH
E02008,24599.24,CHECKOUT_ABANDONED,Bank_C,E11,P007,NETBANKING,SEND_REMINDER,0.5701191,14024.49614951849,14024.49614951849,HIGH
E02509,23218.01,CHECKOUT_ABANDONED,Bank_D,E42,P004,UPI,ALTERNATE_PAYMENT,0.6039697,14022.974376040696,14022.974376040696,HIGH
E01823,19674.96,CHECKOUT_ABANDONED,Bank_A,E42,P006,UPI,ALTERNATE_PAYMENT,0.71268564,14022.061550602912,14022.061550602912,HIGH
E03200,20147.68,SUBSCRIPTION_FAILED,Bank_C,E11,P002,WALLET,ALTERNATE_PAYMENT,0.6957468,14017.68347322464,14017.68347322464,HIGH
E02401,24112.49,CHECKOUT_ABANDONED,Bank_D,E23,P019,CARD,SEND_REMINDER,0.5811319,14012.536537036302,14012.536537036302,HIGH
E04414,18316.78,SUBSCRIPTION_FAILED,Bank_D,E42,P018,CARD,ALTERNATE_PAYMENT,0.7649607,14011.616964732408,14011.616964732408,HIGH
E00868,21502.16,SUBSCRIPTION_FAILED,Bank_A,E11,P004,UPI,ALTERNATE_PAYMENT,0.6514036,14006.584559454916,14006.584559454916,HIGH
E04494,19169.86,SUBSCRIPTION_FAILED,Bank_A,E23,P013,UPI,ALTERNATE_PAYMENT,0.7303701,14001.092647863628,14001.092647863628,HIGH
E02726,19365.75,CHECKOUT_ABANDONED,Bank_A,E42,P008,CARD,ALTERNATE_PAYMENT,0.72297597,14000.971877753736,14000.971877753736,HIGH
E01209,19485.75,INVOICE_OVERDUE,Bank_B,E42,P018,NETBANKING,ALTERNATE_PAYMENT,0.7181083,13992.87873646617,13992.87873646617,HIGH
E02608,24092.91,SUBSCRIPTION_FAILED,Bank_A,E17,P019,WALLET,ALTERNATE_PAYMENT,0.5800948,13976.172152409554,13976.172152409554,HIGH
E00145,21238.08,SUBSCRIPTION_FAILED,Bank_A,E23,P020,WALLET,ALTERNATE_PAYMENT,0.6578182,13970.79551891327,13970.79551891327,HIGH
E01101,22108.4,INVOICE_OVERDUE,Bank_D,E17,P009,NETBANKING,SEND_REMINDER,0.63185835,13969.377119636536,13969.377119636536,HIGH
E01325,18451.15,SUBSCRIPTION_FAILED,Bank_A,E42,P001,WALLET,ALTERNATE_PAYMENT,0.75694525,13966.51039416194,13966.51039416194,HIGH
E00540,21071.66,CHECKOUT_ABANDONED,Bank_C,E42,P007,NETBANKING,ALTERNATE_PAYMENT,0.662179,13953.210604381562,13953.210604381562,HIGH
E03897,18661.86,SUBSCRIPTION_FAILED,Bank_B,E11,P019,NETBANKING,ALTERNATE_PAYMENT,0.74762326,13952.040700246096,13952.040700246096,HIGH
E00726,18875.7,INVOICE_OVERDUE,Bank_A,E42,P014,UPI,ALTERNATE_PAYMENT,0.73898745,13948.905331277849,13948.905331277849,HIGH
E04491,15822.11,SUBSCRIPTION_FAILED,Bank_A,E42,P008,UPI,ALTERNATE_PAYMENT,0.8815194,13947.496553689838,13947.496553689838,HIGH
E00768,18486.71,SUBSCRIPTION_FAILED,Bank_B,E23,P002,WALLET,ALTERNATE_PAYMENT,0.75432616,13945.009052636027,13945.009052636027,HIGH
E02014,23881.48,PAYMENT_FAILED,Bank_B,E11,P008,CARD,RETRY_PAYMENT,0.58382386,13942.577828748226,13942.577828748226,HIGH
E00514,17898.32,SUBSCRIPTION_FAILED,Bank_D,E42,P002,CARD,ALTERNATE_PAYMENT,0.7789801,13942.43467947483,13942.43467947483,HIGH
E02777,24122.32,INVOICE_OVERDUE,Bank_A,E17,P002,UPI,SEND_REMINDER,0.5776913,13935.254800357818,13935.254800357818,HIGH
E00832,20039.09,CHECKOUT_ABANDONED,Bank_A,E42,P010,NETBANKING,ALTERNATE_PAYMENT,0.6951273,13929.718693857789,13929.718693857789,HIGH
E02503,17948.61,SUBSCRIPTION_FAILED,Bank_C,E42,P011,CARD,ALTERNATE_PAYMENT,0.7760781,13929.523235696555,13929.523235696555,HIGH
E02514,22391.49,PAYMENT_FAILED,Bank_A,E11,P016,UPI,RETRY_PAYMENT,0.62208784,13929.473564862014,13929.473564862014,HIGH
E01548,22504.03,PAYMENT_FAILED,Bank_D,E42,P017,WALLET,ALTERNATE_PAYMENT,0.6188014,13925.525606450436,13925.525606450436,HIGH
E00538,18918.42,SUBSCRIPTION_FAILED,Bank_A,E42,P001,UPI,ALTERNATE_PAYMENT,0.73600537,13924.05863337636,13924.05863337636,HIGH
E04706,22855.64,INVOICE_OVERDUE,Bank_C,E42,P013,WALLET,ALTERNATE_PAYMENT,0.608926,13917.393401749134,13917.393401749134,HIGH
E00740,22500.13,CHECKOUT_ABANDONED,Bank_C,E11,P009,UPI,SEND_REMINDER,0.61853766,13917.177859199048,13917.177859199048,HIGH
E04485,21952.64,CHECKOUT_ABANDONED,Bank_B,E17,P019,NETBANKING,SEND_REMINDER,0.63378054,13913.1560124588,13913.1560124588,HIGH
E01143,19571.5,SUBSCRIPTION_FAILED,Bank_A,E23,P017,WALLET,ALTERNATE_PAYMENT,0.7108523,13912.446278005838,13912.446278005838,HIGH
E02675,21751.87,PAYMENT_FAILED,Bank_C,E42,P007,UPI,ALTERNATE_PAYMENT,0.6389468,13898.287113234996,13898.287113234996,HIGH
E00050,24756.32,SUBSCRIPTION_FAILED,Bank_B,E42,P010,CARD,ALTERNATE_PAYMENT,0.56138855,13897.914642324447,13897.914642324447,HIGH
E04826,22145.4,SUBSCRIPTION_FAILED,Bank_D,E23,P013,UPI,ALTERNATE_PAYMENT,0.6272087,13889.787760162357,13889.787760162357,HIGH
E03570,18617.35,SUBSCRIPTION_FAILED,Bank_A,E23,P018,NETBANKING,ALTERNATE_PAYMENT,0.7457868,13884.573621815442,13884.573621815442,HIGH
E04307,18615.62,PAYMENT_FAILED,Bank_C,E17,P009,CARD,RETRY_PAYMENT,0.7458522,13884.500617102383,13884.500617102383,HIGH
E03378,22787.89,CHECKOUT_ABANDONED,Bank_A,E42,P001,CARD,ALTERNATE_PAYMENT,0.60928404,13884.29775775075,13884.29775775075,HIGH
E00804,18491.96,INVOICE_OVERDUE,Bank_A,E42,P004,UPI,ALTERNATE_PAYMENT,0.75078285,13883.446382889748,13883.446382889748,HIGH
E04547,15538.26,SUBSCRIPTION_FAILED,Bank_A,E42,P003,WALLET,ALTERNATE_PAYMENT,0.8934429,13882.54852271676,13882.54852271676,HIGH
E04677,20479.6,PAYMENT_FAILED,Bank_D,E23,P005,CARD,RETRY_PAYMENT,0.6777277,13879.592190170288,13879.592190170288,HIGH
E00407,21115.47,PAYMENT_FAILED,Bank_D,E17,P015,NETBANKING,RETRY_PAYMENT,0.65708745,13874.710237745048,13874.710237745048,HIGH
E00174,17621.72,INVOICE_OVERDUE,Bank_A,E42,P007,UPI,ALTERNATE_PAYMENT,0.7862255,13854.64557772875,13854.64557772875,HIGH
E02412,24434.82,CHECKOUT_ABANDONED,Bank_D,E17,P005,NETBANKING,SEND_REMINDER,0.5669511,13853.347980977296,13853.347980977296,HIGH
E00987,21659.21,CHECKOUT_ABANDONED,Bank_B,E11,P017,WALLET,SEND_REMINDER,0.6395938,13853.095996596216,13853.095996596216,HIGH
E03452,23961.31,PAYMENT_FAILED,Bank_B,E23,P019,UPI,RETRY_PAYMENT,0.57799494,13849.51599963069,13849.51599963069,HIGH
E04814,22193.83,PAYMENT_FAILED,Bank_D,E11,P003,CARD,RETRY_PAYMENT,0.6238915,13846.541286138296,13846.541286138296,HIGH
E02770,15807.49,SUBSCRIPTION_FAILED,Bank_A,E42,P004,NETBANKING,ALTERNATE_PAYMENT,0.8758491,13844.976328724622,13844.976328724622,HIGH
E02570,15514.96,SUBSCRIPTION_FAILED,Bank_A,E42,P011,UPI,ALTERNATE_PAYMENT,0.89224744,13843.183317356108,13843.183317356108,HIGH
E04569,21515.45,CHECKOUT_ABANDONED,Bank_B,E23,P005,WALLET,SEND_REMINDER,0.6431932,13838.590819296242,13838.590819296242,HIGH
E04066,24294.39,CHECKOUT_ABANDONED,Bank_A,E17,P020,WALLET,SEND_REMINDER,0.56949383,13835.50521357,13835.50521357,HIGH
E02490,22953.47,SUBSCRIPTION_FAILED,Bank_C,E17,P011,NETBANKING,ALTERNATE_PAYMENT,0.60266215,13833.187490445973,13833.187490445973,HIGH
E01377,22249.91,PAYMENT_FAILED,Bank_B,E42,P020,CARD,ALTERNATE_PAYMENT,0.6217145,13833.091064845325,13833.091064845325,HIGH
E04946,19248.31,PAYMENT_FAILED,Bank_A,E42,P003,CARD,ALTERNATE_PAYMENT,0.71766484,13813.835274790526,13813.835274790526,HIGH
E04058,20836.79,SUBSCRIPTION_FAILED,Bank_A,E23,P020,UPI,ALTERNATE_PAYMENT,0.66286516,13811.982176737783,13811.982176737783,HIGH
E02655,18242.16,INVOICE_OVERDUE,Bank_A,E42,P004,UPI,ALTERNATE_PAYMENT,0.7569687,13808.74372162342,13808.74372162342,HIGH
E02277,18237.61,INVOICE_OVERDUE,Bank_A,E42,P018,WALLET,ALTERNATE_PAYMENT,0.7563517,13794.047498247624,13794.047498247624,HIGH
E02091,17371.37,INVOICE_OVERDUE,Bank_A,E42,P009,WALLET,ALTERNATE_PAYMENT,0.79387957,13790.775721188187,13790.775721188187,HIGH
E02943,18524.59,SUBSCRIPTION_FAILED,Bank_D,E11,P006,UPI,ALTERNATE_PAYMENT,0.7440317,13782.882695483566,13782.882695483566,HIGH
E00520,23299.87,PAYMENT_FAILED,Bank_B,E17,P020,UPI,RETRY_PAYMENT,0.591436,13780.382576912642,13780.382576912642,HIGH
E00044,22699.42,CHECKOUT_ABANDONED,Bank_A,E23,P002,UPI,ALTERNATE_PAYMENT,0.6068719,13775.640211094616,13775.640211094616,HIGH
E03884,18680.74,PAYMENT_FAILED,Bank_A,E23,P002,NETBANKING,ALTERNATE_PAYMENT,0.7372279,13771.96303294182,13771.96303294182,HIGH
E04342,15241.71,SUBSCRIPTION_FAILED,Bank_A,E42,P002,NETBANKING,ALTERNATE_PAYMENT,0.90320814,13766.436487065554,13766.436487065554,HIGH
E02553,22547.38,SUBSCRIPTION_FAILED,Bank_C,E11,P005,UPI,ALTERNATE_PAYMENT,0.6105536,13766.38453115225,13766.38453115225,HIGH
E04942,17536.77,SUBSCRIPTION_FAILED,Bank_C,E42,P015,CARD,ALTERNATE_PAYMENT,0.78498167,13766.04296585262,13766.04296585262,HIGH
E00894,21605.42,PAYMENT_FAILED,Bank_A,E17,P019,CARD,RETRY_PAYMENT,0.63686645,13759.767142851351,13759.767142851351,HIGH
E02580,19193.98,PAYMENT_FAILED,Bank_A,E42,P014,CARD,ALTERNATE_PAYMENT,0.71597224,13742.35694608569,13742.35694608569,HIGH
E03847,20699.77,INVOICE_OVERDUE,Bank_B,E42,P012,WALLET,ALTERNATE_PAYMENT,0.66380644,13740.640600352288,13740.640600352288,HIGH
E04391,20039.26,CHECKOUT_ABANDONED,Bank_D,E42,P017,WALLET,ALTERNATE_PAYMENT,0.6855213,13737.339658566712,13737.339658566712,HIGH
E00378,19529.41,PAYMENT_FAILED,Bank_C,E17,P009,UPI,RETRY_PAYMENT,0.7030481,13730.114790076015,13730.114790076015,HIGH
E00779,19605.61,INVOICE_OVERDUE,Bank_A,E42,P011,UPI,ALTERNATE_PAYMENT,0.7000369,13724.650120657683,13724.650120657683,HIGH
E03261,20339.71,CHECKOUT_ABANDONED,Bank_D,E17,P018,WALLET,SEND_REMINDER,0.674725,13723.710750220418,13723.710750220418,HIGH
E02032,20255.7,SUBSCRIPTION_FAILED,Bank_B,E23,P013,WALLET,ALTERNATE_PAYMENT,0.67726815,13718.540414679052,13718.540414679052,HIGH
E03465,18960.64,CHECKOUT_ABANDONED,Bank_A,E42,P014,UPI,ALTERNATE_PAYMENT,0.723308,13714.38310508728,13714.38310508728,HIGH
E00561,21160.31,CHECKOUT_ABANDONED,Bank_B,E11,P004,WALLET,SEND_REMINDER,0.6478485,13708.674815841914,13708.674815841914,HIGH
E01003,22785.09,PAYMENT_FAILED,Bank_A,E11,P002,NETBANKING,ALTERNATE_PAYMENT,0.60162693,13708.123806193473,13708.123806193473,HIGH
E02640,22948.64,PAYMENT_FAILED,Bank_D,E17,P013,UPI,RETRY_PAYMENT,0.5972457,13705.976404953002,13705.976404953002,HIGH
E04142,17358.18,PAYMENT_FAILED,Bank_A,E42,P014,WALLET,ALTERNATE_PAYMENT,0.7895599,13705.32287818551,13705.32287818551,HIGH
E04900,24720.95,PAYMENT_FAILED,Bank_B,E11,P008,NETBANKING,RETRY_PAYMENT,0.5543259,13703.46232907474,13703.46232907474,HIGH
E03278,24159.38,PAYMENT_FAILED,Bank_B,E42,P006,UPI,ALTERNATE_PAYMENT,0.566926,13696.580726337434,13696.580726337434,HIGH
E00492,17820.92,CHECKOUT_ABANDONED,Bank_A,E42,P018,WALLET,ALTERNATE_PAYMENT,0.76814675,13689.081839017868,13689.081839017868,HIGH
E01385,17812.74,PAYMENT_FAILED,Bank_A,E42,P005,CARD,ALTERNATE_PAYMENT,0.7684837,13688.8003132689,13688.8003132689,HIGH
E04973,18985.78,SUBSCRIPTION_FAILED,Bank_D,E17,P009,CARD,ALTERNATE_PAYMENT,0.72095644,13687.920449421405,13687.920449421405,HIGH
E00510,20275.31,SUBSCRIPTION_FAILED,Bank_B,E23,P005,CARD,ALTERNATE_PAYMENT,0.6750543,13686.93543761492,13686.93543761492,HIGH
E01626,21627.21,PAYMENT_FAILED,Bank_D,E11,P008,NETBANKING,RETRY_PAYMENT,0.6327788,13685.240496699213,13685.240496699213,HIGH
E01321,20979.27,SUBSCRIPTION_FAILED,Bank_A,E23,P012,CARD,ALTERNATE_PAYMENT,0.6523104,13684.995405378342,13684.995405378342,HIGH
E04781,23472.45,CHECKOUT_ABANDONED,Bank_A,E11,P013,CARD,SEND_REMINDER,0.58302146,13684.94211486876,13684.94211486876,HIGH
E04112,15160.28,SUBSCRIPTION_FAILED,Bank_A,E42,P002,UPI,ALTERNATE_PAYMENT,0.9025584,13683.037853047848,13683.037853047848,HIGH
E03742,22269.51,SUBSCRIPTION_FAILED,Bank_C,E23,P003,CARD,ALTERNATE_PAYMENT,0.61431503,13680.494769630432,13680.494769630432,HIGH
E04788,17582.21,SUBSCRIPTION_FAILED,Bank_C,E42,P020,CARD,ALTERNATE_PAYMENT,0.7780786,13680.341617138982,13680.341617138982,HIGH
E01938,20839.48,PAYMENT_FAILED,Bank_C,E42,P016,CARD,ALTERNATE_PAYMENT,0.6563627,13678.257617456911,13678.257617456911,HIGH
E04509,22552.57,CHECKOUT_ABANDONED,Bank_B,E23,P004,WALLET,SEND_REMINDER,0.6064106,13676.118014856576,13676.118014856576,HIGH
E00379,22707.72,CHECKOUT_ABANDONED,Bank_C,E42,P004,CARD,ALTERNATE_PAYMENT,0.6021134,13672.623079755307,13672.623079755307,HIGH
E04605,24531.67,PAYMENT_FAILED,Bank_A,E42,P011,NETBANKING,ALTERNATE_PAYMENT,0.5569688,13663.37500242114,13663.37500242114,HIGH
E04145,15392.43,SUBSCRIPTION_FAILED,Bank_A,E42,P019,WALLET,ALTERNATE_PAYMENT,0.8874439,13659.918111344576,13659.918111344576,HIGH
E00528,24023.32,PAYMENT_FAILED,Bank_A,E17,P016,CARD,RETRY_PAYMENT,0.56803715,13646.138281359672,13646.138281359672,HIGH
E03272,16032.35,SUBSCRIPTION_FAILED,Bank_A,E42,P010,CARD,ALTERNATE_PAYMENT,0.85088223,13641.641755238175,13641.641755238175,HIGH
E00602,22637.18,PAYMENT_FAILED,Bank_A,E11,P019,UPI,RETRY_PAYMENT,0.6025811,13640.736457999945,13640.736457999945,HIGH
E04933,23143.25,PAYMENT_FAILED,Bank_D,E23,P018,NETBANKING,RETRY_PAYMENT,0.58884954,13627.892221331596,13627.892221331596,HIGH
E04984,15392.31,SUBSCRIPTION_FAILED,Bank_A,E42,P019,NETBANKING,ALTERNATE_PAYMENT,0.8852417,13625.914475811123,13625.914475811123,HIGH
E00152,23176.43,PAYMENT_FAILED,Bank_B,E42,P001,CARD,ALTERNATE_PAYMENT,0.5879178,13625.835846800805,13625.835846800805,HIGH
E00217,17625.27,SUBSCRIPTION_FAILED,Bank_B,E42,P007,UPI,ALTERNATE_PAYMENT,0.7729921,13624.194020739198,13624.194020739198,HIGH
E03871,15491.89,SUBSCRIPTION_FAILED,Bank_A,E42,P011,CARD,ALTERNATE_PAYMENT,0.87936765,13623.066896467804,13623.066896467804,HIGH
E01429,18142.49,PAYMENT_FAILED,Bank_D,E23,P009,NETBANKING,RETRY_PAYMENT,0.7507531,13620.530694248082,13620.530694248082,HIGH
E04862,23184.32,SUBSCRIPTION_FAILED,Bank_D,E23,P003,UPI,ALTERNATE_PAYMENT,0.5872626,13615.283366794583,13615.283366794583,HIGH
E04974,19037.43,SUBSCRIPTION_FAILED,Bank_D,E11,P016,NETBANKING,ALTERNATE_PAYMENT,0.714999,13611.743795215489,13611.743795215489,HIGH
E01455,23096.54,CHECKOUT_ABANDONED,Bank_C,E23,P013,NETBANKING,SEND_REMINDER,0.589224,13609.035243899823,13609.035243899823,HIGH
E01645,18248.35,INVOICE_OVERDUE,Bank_B,E42,P017,WALLET,ALTERNATE_PAYMENT,0.74573284,13608.393941542505,13608.393941542505,HIGH
E01292,19641.62,SUBSCRIPTION_FAILED,Bank_C,E11,P006,NETBANKING,ALTERNATE_PAYMENT,0.69257206,13603.237171067,13603.237171067,HIGH
E00994,19263.78,PAYMENT_FAILED,Bank_C,E17,P009,UPI,RETRY_PAYMENT,0.7060973,13602.10313866496,13602.10313866496,HIGH
E03117,18878.79,CHECKOUT_ABANDONED,Bank_D,E23,P009,WALLET,SEND_REMINDER,0.7200527,13593.724073123933,13593.724073123933,HIGH
E04718,16937.8,CHECKOUT_ABANDONED,Bank_A,E42,P012,UPI,ALTERNATE_PAYMENT,0.8022481,13588.318212151527,13588.318212151527,HIGH
E01721,17386.91,SUBSCRIPTION_FAILED,Bank_B,E42,P020,UPI,ALTERNATE_PAYMENT,0.7814183,13586.45006333828,13586.45006333828,HIGH
E04282,22438.16,PAYMENT_FAILED,Bank_C,E42,P016,NETBANKING,ALTERNATE_PAYMENT,0.60548115,13585.882870559692,13585.882870559692,HIGH
E03402,17662.42,INVOICE_OVERDUE,Bank_A,E42,P011,WALLET,ALTERNATE_PAYMENT,0.7686352,13575.957965420484,13575.957965420484,HIGH
E01281,24059.48,INVOICE_OVERDUE,Bank_A,E42,P013,NETBANKING,ALTERNATE_PAYMENT,0.5638239,13565.309334671498,13565.309334671498,HIGH
E00047,23243.8,PAYMENT_FAILED,Bank_D,E11,P014,UPI,RETRY_PAYMENT,0.58354676,13563.844126582146,13563.844126582146,HIGH
E02660,15266.88,SUBSCRIPTION_FAILED,Bank_A,E42,P006,UPI,ALTERNATE_PAYMENT,0.88824385,13560.71233045578,13560.71233045578,HIGH
E00461,21044.46,SUBSCRIPTION_FAILED,Bank_B,E11,P010,CARD,ALTERNATE_PAYMENT,0.64419705,13556.778982590436,13556.778982590436,HIGH
E04004,17410.96,PAYMENT_FAILED,Bank_A,E42,P009,UPI,ALTERNATE_PAYMENT,0.77852094,13554.796975698471,13554.796975698471,HIGH
E01841,18281.39,SUBSCRIPTION_FAILED,Bank_A,E23,P009,NETBANKING,ALTERNATE_PAYMENT,0.74144906,13554.71939545214,13554.71939545214,HIGH
E00819,19799.68,SUBSCRIPTION_FAILED,Bank_D,E11,P010,NETBANKING,ALTERNATE_PAYMENT,0.6844791,13552.467491073608,13552.467491073608,HIGH
E03787,17427.49,CHECKOUT_ABANDONED,Bank_A,E42,P003,WALLET,ALTERNATE_PAYMENT,0.7773412,13547.105763035415,13547.105763035415,HIGH
E00167,20267.83,INVOICE_OVERDUE,Bank_B,E42,P004,WALLET,ALTERNATE_PAYMENT,0.6681585,13542.122315130831,13542.122315130831,HIGH
E00468,21988.72,PAYMENT_FAILED,Bank_D,E42,P006,UPI,ALTERNATE_PAYMENT,0.6157859,13540.34366420269,13540.34366420269,HIGH
E01720,22066.08,PAYMENT_FAILED,Bank_B,E17,P001,CARD,RETRY_PAYMENT,0.6135061,13537.674213523866,13537.674213523866,HIGH
E01197,23058.89,SUBSCRIPTION_FAILED,Bank_C,E23,P008,UPI,ALTERNATE_PAYMENT,0.58708376,13537.499771689772,13537.499771689772,HIGH
E03027,18262.67,PAYMENT_FAILED,Bank_A,E42,P010,CARD,ALTERNATE_PAYMENT,0.74105424,13533.62898040354,13533.62898040354,HIGH
E03634,17469.5,INVOICE_OVERDUE,Bank_A,E42,P020,UPI,ALTERNATE_PAYMENT,0.7743903,13528.21100077033,13528.21100077033,HIGH
E00610,21850.98,CHECKOUT_ABANDONED,Bank_C,E11,P010,WALLET,SEND_REMINDER,0.6187654,13520.630680786371,13520.630680786371,HIGH
E04120,17744.79,INVOICE_OVERDUE,Bank_A,E42,P005,UPI,ALTERNATE_PAYMENT,0.7618413,13518.713831248284,13518.713831248284,HIGH
E02567,21205.13,CHECKOUT_ABANDONED,Bank_A,E23,P007,NETBANKING,ALTERNATE_PAYMENT,0.63741344,13516.434904217123,13516.434904217123,HIGH
E03511,18869.31,SUBSCRIPTION_FAILED,Bank_D,E23,P015,UPI,ALTERNATE_PAYMENT,0.7162435,13515.020740349291,13515.020740349291,HIGH
E02950,15261.53,SUBSCRIPTION_FAILED,Bank_A,E42,P019,UPI,ALTERNATE_PAYMENT,0.8854242,13512.927940970065,13512.927940970065,HIGH
E04300,21734.31,INVOICE_OVERDUE,Bank_A,E11,P007,NETBANKING,ALTERNATE_PAYMENT,0.62168795,13511.958600391748,13511.958600391748,HIGH
E01004,15449.8,SUBSCRIPTION_FAILED,Bank_A,E42,P020,UPI,ALTERNATE_PAYMENT,0.8740977,13504.6347209692,13504.6347209692,HIGH
E03530,20968.98,CHECKOUT_ABANDONED,Bank_A,E23,P002,NETBANKING,ALTERNATE_PAYMENT,0.6439267,13502.485676232576,13502.485676232576,HIGH
E04364,23137.74,INVOICE_OVERDUE,Bank_D,E42,P004,NETBANKING,ALTERNATE_PAYMENT,0.58355916,13502.2400137496,13502.2400137496,HIGH
E01812,22633.49,PAYMENT_FAILED,Bank_A,E42,P001,CARD,ALTERNATE_PAYMENT,0.5963443,13497.352573247554,13497.352573247554,HIGH
E03442,20482.72,PAYMENT_FAILED,Bank_B,E17,P019,WALLET,RETRY_PAYMENT,0.6588831,13495.717943267822,13495.717943267822,HIGH
E03538,19409.55,INVOICE_OVERDUE,Bank_B,E42,P012,CARD,ALTERNATE_PAYMENT,0.6950104,13489.839568555357,13489.839568555357,HIGH
E04131,21146.68,PAYMENT_FAILED,Bank_C,E23,P005,NETBANKING,RETRY_PAYMENT,0.6375947,13483.01108762741,13483.01108762741,HIGH
E03680,20205.19,CHECKOUT_ABANDONED,Bank_D,E11,P007,CARD,SEND_REMINDER,0.6671772,13480.442096080778,13480.442096080778,HIGH
E00746,18910.6,SUBSCRIPTION_FAILED,Bank_C,E23,P015,NETBANKING,ALTERNATE_PAYMENT,0.712828,13480.00480839014,13480.00480839014,HIGH
E00649,21659.21,SUBSCRIPTION_FAILED,Bank_B,E23,P011,UPI,ALTERNATE_PAYMENT,0.62234914,13479.590782169103,13479.590782169103,HIGH
E03289,18806.16,SUBSCRIPTION_FAILED,Bank_D,E42,P017,WALLET,ALTERNATE_PAYMENT,0.7166495,13477.42464776516,13477.42464776516,HIGH
E02171,23312.71,CHECKOUT_ABANDONED,Bank_C,E23,P019,UPI,SEND_REMINDER,0.57791495,13472.763709356785,13472.763709356785,HIGH
E02194,17629.85,SUBSCRIPTION_FAILED,Bank_C,E42,P012,UPI,ALTERNATE_PAYMENT,0.763923,13467.847714117168,13467.847714117168,HIGH
E03439,18481.2,PAYMENT_FAILED,Bank_A,E42,P005,UPI,ALTERNATE_PAYMENT,0.728658,13466.474608397484,13466.474608397484,HIGH
E01545,17380.5,PAYMENT_FAILED,Bank_A,E42,P011,WALLET,ALTERNATE_PAYMENT,0.77478933,13466.226008176804,13466.226008176804,HIGH
E02834,18330.02,SUBSCRIPTION_FAILED,Bank_A,E23,P007,UPI,ALTERNATE_PAYMENT,0.7344416,13462.328820687531,13462.328820687531,HIGH
E03516,18815.37,SUBSCRIPTION_FAILED,Bank_A,E17,P014,CARD,ALTERNATE_PAYMENT,0.71533513,13459.29515795946,13459.29515795946,HIGH
E03026,19228.61,SUBSCRIPTION_FAILED,Bank_C,E42,P006,UPI,ALTERNATE_PAYMENT,0.6999434,13458.93910814643,13458.93910814643,HIGH
E03412,22838.48,PAYMENT_FAILED,Bank_C,E23,P003,WALLET,RETRY_PAYMENT,0.5888353,13448.103199849127,13448.103199849127,HIGH
E03029,23403.45,SUBSCRIPTION_FAILED,Bank_A,E17,P012,CARD,ALTERNATE_PAYMENT,0.57442534,13443.534716373682,13443.534716373682,HIGH
E04563,24411.01,PAYMENT_FAILED,Bank_A,E23,P004,UPI,ALTERNATE_PAYMENT,0.5505859,13440.358535169958,13440.358535169958,HIGH
E02006,18999.8,CHECKOUT_ABANDONED,Bank_A,E42,P004,NETBANKING,ALTERNATE_PAYMENT,0.7073772,13440.02523636818,13440.02523636818,HIGH
E00326,21276.39,INVOICE_OVERDUE,Bank_D,E42,P005,WALLET,ALTERNATE_PAYMENT,0.63150597,13436.167223911283,13436.167223911283,HIGH
E03572,18163.41,SUBSCRIPTION_FAILED,Bank_A,E23,P019,WALLET,ALTERNATE_PAYMENT,0.7396268,13434.145266854166,13434.145266854166,HIGH
E03479,18083.46,INVOICE_OVERDUE,Bank_B,E42,P015,NETBANKING,ALTERNATE_PAYMENT,0.74285996,13433.47836507082,13433.47836507082,HIGH
E03334,21829.72,CHECKOUT_ABANDONED,Bank_D,E11,P006,NETBANKING,SEND_REMINDER,0.61519986,13429.640773208142,13429.640773208142,HIGH
E03286,21852.78,CHECKOUT_ABANDONED,Bank_A,E42,P001,CARD,ALTERNATE_PAYMENT,0.6145473,13429.56721440196,13429.56721440196,HIGH
E03313,20279.76,PAYMENT_FAILED,Bank_C,E42,P018,WALLET,ALTERNATE_PAYMENT,0.66207993,13426.82208741188,13426.82208741188,HIGH
E02812,19628.94,PAYMENT_FAILED,Bank_D,E23,P020,UPI,RETRY_PAYMENT,0.6839767,13425.737798899412,13425.737798899412,HIGH
E04988,24002.06,INVOICE_OVERDUE,Bank_C,E17,P005,WALLET,SEND_REMINDER,0.55905807,13418.545344011784,13418.545344011784,HIGH
E04664,23333.49,CHECKOUT_ABANDONED,Bank_A,E23,P014,CARD,SEND_REMINDER,0.5749154,13414.782948803902,13414.782948803902,HIGH
E03783,18637.67,PAYMENT_FAILED,Bank_D,E23,P017,WALLET,RETRY_PAYMENT,0.7196878,13413.30408250451,13413.30408250451,HIGH
E03467,14929.83,SUBSCRIPTION_FAILED,Bank_A,E42,P011,UPI,ALTERNATE_PAYMENT,0.89818645,13409.770935680866,13409.770935680866,HIGH
E01261,19858.22,CHECKOUT_ABANDONED,Bank_C,E42,P012,NETBANKING,ALTERNATE_PAYMENT,0.6751938,13408.146757354738,13408.146757354738,HIGH
E03922,22618.56,CHECKOUT_ABANDONED,Bank_B,E23,P004,UPI,SEND_REMINDER,0.59231275,13397.261547031403,13397.261547031403,HIGH
E04929,21881.9,SUBSCRIPTION_FAILED,Bank_C,E11,P006,UPI,ALTERNATE_PAYMENT,0.6121182,13394.308902865649,13394.308902865649,HIGH
E02121,22477.44,PAYMENT_FAILED,Bank_C,E23,P007,NETBANKING,RETRY_PAYMENT,0.59572476,13390.367582817076,13390.367582817076,HIGH
E00816,20094.69,CHECKOUT_ABANDONED,Bank_D,E11,P002,WALLET,SEND_REMINDER,0.6663106,13389.305119248032,13389.305119248032,HIGH
E01780,17562.73,PAYMENT_FAILED,Bank_A,E42,P016,WALLET,ALTERNATE_PAYMENT,0.7622924,13387.935340590477,13387.935340590477,HIGH
E01451,21197.4,SUBSCRIPTION_FAILED,Bank_A,E23,P004,UPI,ALTERNATE_PAYMENT,0.6311801,13379.37721270323,13379.37721270323,HIGH
E04538,20537.31,PAYMENT_FAILED,Bank_D,E17,P020,UPI,RETRY_PAYMENT,0.65134424,13376.858567674755,13376.858567674755,HIGH
E02799,24724.63,INVOICE_OVERDUE,Bank_A,E11,P015,WALLET,SEND_REMINDER,0.5409981,13375.977883723976,13375.977883723976,HIGH
E00034,23542.82,INVOICE_OVERDUE,Bank_D,E23,P007,CARD,ALTERNATE_PAYMENT,0.56781435,13367.951038484573,13367.951038484573,HIGH
E01821,20522.85,SUBSCRIPTION_FAILED,Bank_C,E17,P009,CARD,ALTERNATE_PAYMENT,0.65121895,13364.868843367694,13364.868843367694,HIGH
E00757,16946.14,CHECKOUT_ABANDONED,Bank_A,E42,P012,CARD,ALTERNATE_PAYMENT,0.78850394,13362.098240383864,13362.098240383864,HIGH
E00277,23179.03,CHECKOUT_ABANDONED,Bank_A,E17,P006,CARD,SEND_REMINDER,0.5763081,13358.2620811671,13358.2620811671,HIGH
E02369,22603.76,PAYMENT_FAILED,Bank_C,E11,P014,WALLET,RETRY_PAYMENT,0.5909467,13357.616799736024,13357.616799736024,HIGH
E00856,22204.89,CHECKOUT_ABANDONED,Bank_D,E23,P013,WALLET,SEND_REMINDER,0.6014503,13355.138286184072,13355.138286184072,HIGH
E03023,18882.65,INVOICE_OVERDUE,Bank_D,E42,P002,WALLET,ALTERNATE_PAYMENT,0.7072595,13354.933147981765,13354.933147981765,HIGH
E03208,20025.88,CHECKOUT_ABANDONED,Bank_C,E11,P007,WALLET,SEND_REMINDER,0.6666218,13349.688257040978,13349.688257040978,HIGH
E04219,24011.19,CHECKOUT_ABANDONED,Bank_A,E11,P016,WALLET,SEND_REMINDER,0.5559571,13349.191054122448,13349.191054122448,HIGH
E04738,18950.04,PAYMENT_FAILED,Bank_A,E42,P004,NETBANKING,ALTERNATE_PAYMENT,0.7043906,13348.229769380094,13348.229769380094,HIGH
E02190,20860.47,INVOICE_OVERDUE,Bank_B,E42,P003,CARD,ALTERNATE_PAYMENT,0.63984954,13347.56220818639,13347.56220818639,HIGH
E01048,22043.45,CHECKOUT_ABANDONED,Bank_C,E23,P003,NETBANKING,SEND_REMINDER,0.6054902,13347.093118309976,13347.093118309976,HIGH
E01435,21094.79,PAYMENT_FAILED,Bank_C,E42,P016,WALLET,ALTERNATE_PAYMENT,0.6326737,13346.118434630036,13346.118434630036,HIGH
E02288,19189.96,SUBSCRIPTION_FAILED,Bank_B,E23,P013,UPI,ALTERNATE_PAYMENT,0.69538283,13344.368759183884,13344.368759183884,HIGH
E02062,21887.24,SUBSCRIPTION_FAILED,Bank_A,E17,P020,NETBANKING,ALTERNATE_PAYMENT,0.6095498,13341.363211557866,13341.363211557866,HIGH
E00108,21627.91,CHECKOUT_ABANDONED,Bank_B,E23,P004,CARD,SEND_REMINDER,0.6168046,13340.194371237754,13340.194371237754,HIGH
E01498,22580.85,CHECKOUT_ABANDONED,Bank_D,E17,P017,UPI,SEND_REMINDER,0.59058267,13335.858656349776,13335.858656349776,HIGH
E01878,19039.27,CHECKOUT_ABANDONED,Bank_C,E17,P009,WALLET,SEND_REMINDER,0.7003492,13334.137735706568,13334.137735706568,HIGH
E00861,22214.06,SUBSCRIPTION_FAILED,Bank_B,E17,P018,WALLET,ALTERNATE_PAYMENT,0.5999912,13328.240568573476,13328.240568573476,HIGH
E01477,21975.73,CHECKOUT_ABANDONED,Bank_C,E42,P015,UPI,SEND_REMINDER,0.60622746,13322.29092511952,13322.29092511952,HIGH
E04284,14884.22,SUBSCRIPTION_FAILED,Bank_A,E42,P012,NETBANKING,ALTERNATE_PAYMENT,0.8950229,13321.718176034688,13321.718176034688,HIGH
E02051,22800.43,CHECKOUT_ABANDONED,Bank_C,E42,P003,NETBANKING,SEND_REMINDER,0.58379495,13310.775924636126,13310.775924636126,HIGH
E02906,22132.34,CHECKOUT_ABANDONED,Bank_C,E11,P008,WALLET,SEND_REMINDER,0.6014129,13310.674613687992,13310.674613687992,HIGH
E02314,24038.13,PAYMENT_FAILED,Bank_B,E11,P011,CARD,RETRY_PAYMENT,0.55359423,13307.370106583834,13307.370106583834,HIGH
E04281,19185.47,CHECKOUT_ABANDONED,Bank_A,E42,P011,NETBANKING,ALTERNATE_PAYMENT,0.6926985,13289.745882120133,13289.745882120133,HIGH
E02334,17485.22,SUBSCRIPTION_FAILED,Bank_B,E42,P016,NETBANKING,ALTERNATE_PAYMENT,0.7597558,13284.49713850856,13284.49713850856,HIGH
E04035,18715.72,SUBSCRIPTION_FAILED,Bank_A,E17,P014,UPI,ALTERNATE_PAYMENT,0.70977396,13283.930656154156,13283.930656154156,HIGH
E01288,23003.78,INVOICE_OVERDUE,Bank_C,E11,P005,CARD,SEND_REMINDER,0.5770891,13275.2300359869,13275.2300359869,HIGH
E03225,20870.6,INVOICE_OVERDUE,Bank_A,E17,P013,NETBANKING,SEND_REMINDER,0.6358092,13269.719137239455,13269.719137239455,HIGH
E02377,20606.55,INVOICE_OVERDUE,Bank_D,E42,P019,UPI,ALTERNATE_PAYMENT,0.64379025,13266.295874261856,13266.295874261856,HIGH
E02403,22420.41,PAYMENT_FAILED,Bank_A,E17,P008,WALLET,RETRY_PAYMENT,0.5916267,13264.51326478064,13264.51326478064,HIGH
E00494,21730.43,SUBSCRIPTION_FAILED,Bank_C,E11,P004,CARD,ALTERNATE_PAYMENT,0.6100874,13257.461424722673,13257.461424722673,HIGH
E04446,21412.36,INVOICE_OVERDUE,Bank_B,E17,P011,NETBANKING,SEND_REMINDER,0.61888677,13251.826293165685,13251.826293165685,HIGH
E00258,21833.37,CHECKOUT_ABANDONED,Bank_A,E17,P014,WALLET,SEND_REMINDER,0.6069146,13250.990580659509,13250.990580659509,HIGH
E00037,22560.24,PAYMENT_FAILED,Bank_B,E42,P009,NETBANKING,ALTERNATE_PAYMENT,0.58717835,13246.884487409592,13246.884487409592,HIGH
E02641,22837.57,PAYMENT_FAILED,Bank_B,E11,P006,UPI,RETRY_PAYMENT,0.5798405,13242.147580094934,13242.147580094934,HIGH
E04603,23496.59,INVOICE_OVERDUE,Bank_C,E23,P016,NETBANKING,SEND_REMINDER,0.56357056,13241.986361476778,13241.986361476778,HIGH
E04903,19255.16,INVOICE_OVERDUE,Bank_A,E42,P016,CARD,ALTERNATE_PAYMENT,0.68760973,13240.035410125256,13240.035410125256,HIGH
E04457,20702.11,SUBSCRIPTION_FAILED,Bank_B,E11,P014,NETBANKING,ALTERNATE_PAYMENT,0.6393875,13236.670116759538,13236.670116759538,HIGH
E04866,18774.25,PAYMENT_FAILED,Bank_C,E23,P007,CARD,RETRY_PAYMENT,0.70503825,13236.564355537295,13236.564355537295,HIGH
E01331,22815.19,CHECKOUT_ABANDONED,Bank_B,E11,P015,CARD,SEND_REMINDER,0.57975835,13227.29681991875,13227.29681991875,HIGH
E04960,17886.63,PAYMENT_FAILED,Bank_A,E42,P014,NETBANKING,ALTERNATE_PAYMENT,0.7393903,13225.20096540034,13225.20096540034,HIGH
E00042,18732.18,INVOICE_OVERDUE,Bank_D,E42,P017,WALLET,ALTERNATE_PAYMENT,0.70587033,13222.49008447051,13222.49008447051,HIGH
E04844,19135.3,PAYMENT_FAILED,Bank_C,E42,P015,CARD,ALTERNATE_PAYMENT,0.6908148,13218.94831059575,13218.94831059575,HIGH
E03823,15121.31,SUBSCRIPTION_FAILED,Bank_A,E42,P019,CARD,ALTERNATE_PAYMENT,0.87397355,13215.624957342745,13215.624957342745,HIGH
E04262,24903.88,INVOICE_OVERDUE,Bank_A,E17,P013,NETBANKING,SEND_REMINDER,0.5305995,13213.985651144982,13213.985651144982,HIGH
E02744,21344.12,PAYMENT_FAILED,Bank_B,E11,P010,CARD,RETRY_PAYMENT,0.6190367,13212.793064918518,13212.793064918518,HIGH
E00223,17353.2,INVOICE_OVERDUE,Bank_A,E42,P004,NETBANKING,ALTERNATE_PAYMENT,0.7609133,13204.280893349647,13204.280893349647,HIGH
E04253,23490.47,SUBSCRIPTION_FAILED,Bank_B,E23,P017,UPI,ALTERNATE_PAYMENT,0.5618651,13198.47507179022,13198.47507179022,HIGH
E02802,17410.16,PAYMENT_FAILED,Bank_A,E42,P003,WALLET,ALTERNATE_PAYMENT,0.7578786,13194.787713580132,13194.787713580132,HIGH
E03531,17975.4,PAYMENT_FAILED,Bank_A,E42,P014,CARD,ALTERNATE_PAYMENT,0.73393697,13192.81052902937,13192.81052902937,HIGH
E03368,23109.21,CHECKOUT_ABANDONED,Bank_B,E23,P014,CARD,SEND_REMINDER,0.57080674,13190.89286369562,13190.89286369562,HIGH
E04070,24508.54,PAYMENT_FAILED,Bank_B,E23,P004,NETBANKING,SEND_REMINDER,0.5381283,13188.739367681745,13188.739367681745,HIGH
E00935,16834.92,CHECKOUT_ABANDONED,Bank_A,E42,P016,WALLET,ALTERNATE_PAYMENT,0.78296006,13181.06992714405,13181.06992714405,HIGH
E03056,17387.46,SUBSCRIPTION_FAILED,Bank_B,E23,P006,WALLET,ALTERNATE_PAYMENT,0.7575256,13171.44646618724,13171.44646618724,HIGH
E03673,24178.38,SUBSCRIPTION_FAILED,Bank_A,E11,P011,WALLET,ALTERNATE_PAYMENT,0.5446186,13167.995624656678,13167.995624656678,HIGH
E00677,21429.39,CHECKOUT_ABANDONED,Bank_D,E11,P013,CARD,SEND_REMINDER,0.613982,13157.260198325514,13157.260198325514,HIGH
E04241,20396.63,CHECKOUT_ABANDONED,Bank_D,E17,P009,UPI,SEND_REMINDER,0.64466196,13148.931534098983,13148.931534098983,HIGH
E02357,19254.71,CHECKOUT_ABANDONED,Bank_A,E42,P011,CARD,ALTERNATE_PAYMENT,0.6826488,13144.20425150752,13144.20425150752,HIGH
E00110,14701.42,SUBSCRIPTION_FAILED,Bank_A,E42,P019,NETBANKING,ALTERNATE_PAYMENT,0.8940744,13144.162977467777,13144.162977467777,HIGH
E00977,23886.57,INVOICE_OVERDUE,Bank_C,E17,P018,WALLET,SEND_REMINDER,0.55022717,13143.03969798088,13143.03969798088,HIGH
E03555,21805.62,PAYMENT_FAILED,Bank_C,E11,P013,WALLET,RETRY_PAYMENT,0.60266685,13141.52442363739,13141.52442363739,HIGH
E01434,22081.59,INVOICE_OVERDUE,Bank_D,E23,P007,CARD,ALTERNATE_PAYMENT,0.5947253,13132.480475762486,13132.480475762486,HIGH
E04558,23412.18,CHECKOUT_ABANDONED,Bank_B,E17,P005,UPI,SEND_REMINDER,0.56073046,13127.922397928238,13127.922397928238,HIGH
E04666,21028.47,CHECKOUT_ABANDONED,Bank_B,E42,P006,WALLET,ALTERNATE_PAYMENT,0.6242403,13126.81798390031,13126.81798390031,HIGH
E02394,20980.75,PAYMENT_FAILED,Bank_C,E17,P019,NETBANKING,RETRY_PAYMENT,0.62559766,13125.508016362786,13125.508016362786,HIGH
E03969,21966.21,INVOICE_OVERDUE,Bank_C,E42,P001,NETBANKING,ALTERNATE_PAYMENT,0.59702885,13114.46112830758,13114.46112830758,HIGH
E02458,18943.43,PAYMENT_FAILED,Bank_C,E23,P020,CARD,RETRY_PAYMENT,0.69206107,13110.010371383429,13110.010371383429,HIGH
E03534,21618.19,CHECKOUT_ABANDONED,Bank_A,E23,P018,WALLET,SEND_REMINDER,0.60621893,13105.356098088025,13105.356098088025,HIGH
E03350,20428.68,PAYMENT_FAILED,Bank_D,E17,P004,CARD,RETRY_PAYMENT,0.6413807,13102.561635997296,13102.561635997296,HIGH
E01490,14637.0,SUBSCRIPTION_FAILED,Bank_A,E42,P019,NETBANKING,ALTERNATE_PAYMENT,0.89514816,13102.283589720726,13102.283589720726,HIGH
E01492,22075.94,INVOICE_OVERDUE,Bank_D,E23,P011,NETBANKING,SEND_REMINDER,0.5932022,13095.495594688651,13095.495594688651,HIGH
E03337,22697.48,CHECKOUT_ABANDONED,Bank_D,E11,P006,WALLET,SEND_REMINDER,0.5769011,13094.20068497181,13094.20068497181,HIGH
E03990,17724.2,PAYMENT_FAILED,Bank_A,E42,P016,NETBANKING,ALTERNATE_PAYMENT,0.738757,13093.877072405816,13093.877072405816,HIGH
E03694,18901.23,SUBSCRIPTION_FAILED,Bank_D,E11,P008,NETBANKING,ALTERNATE_PAYMENT,0.69273555,13093.554012418985,13093.554012418985,HIGH
E01338,20971.51,PAYMENT_FAILED,Bank_B,E23,P015,CARD,RETRY_PAYMENT,0.6243041,13092.60000695884,13092.60000695884,HIGH
E00776,15039.8,SUBSCRIPTION_FAILED,Bank_A,E42,P014,CARD,ALTERNATE_PAYMENT,0.8703601,13090.041477453708,13090.041477453708,HIGH
E03252,18633.51,CHECKOUT_ABANDONED,Bank_B,E23,P019,NETBANKING,SEND_REMINDER,0.7023299,13086.870731198787,13086.870731198787,HIGH
E03339,19476.73,CHECKOUT_ABANDONED,Bank_D,E17,P008,NETBANKING,SEND_REMINDER,0.67187256,13085.880371703504,13085.880371703504,HIGH
E00732,20906.78,SUBSCRIPTION_FAILED,Bank_B,E11,P014,WALLET,ALTERNATE_PAYMENT,0.6258315,13084.121169674396,13084.121169674396,HIGH
E00640,18830.51,PAYMENT_FAILED,Bank_D,E23,P010,NETBANKING,RETRY_PAYMENT,0.69475394,13082.571106485724,13082.571106485724,HIGH
E01515,21349.59,SUBSCRIPTION_FAILED,Bank_A,E11,P018,WALLET,ALTERNATE_PAYMENT,0.61259764,13078.708541391492,13078.708541391492,HIGH
E03195,19296.79,PAYMENT_FAILED,Bank_D,E17,P016,NETBANKING,RETRY_PAYMENT,0.67765343,13076.53596800685,13076.53596800685,HIGH
E03041,23291.23,SUBSCRIPTION_FAILED,Bank_C,E17,P013,UPI,ALTERNATE_PAYMENT,0.56128216,13072.951834497451,13072.951834497451,HIGH
E03661,21967.09,PAYMENT_FAILED,Bank_B,E23,P010,CARD,RETRY_PAYMENT,0.5948385,13066.870865467788,13066.870865467788,HIGH
E04529,21547.78,SUBSCRIPTION_FAILED,Bank_D,E17,P008,UPI,ALTERNATE_PAYMENT,0.6061111,13060.348837820293,13060.348837820293,HIGH
E03896,19284.38,PAYMENT_FAILED,Bank_B,E11,P009,NETBANKING,RETRY_PAYMENT,0.6771045,13057.539959230424,13057.539959230424,HIGH
E04530,14907.03,SUBSCRIPTION_FAILED,Bank_A,E42,P004,CARD,ALTERNATE_PAYMENT,0.87566483,13053.56189385295,13053.56189385295,HIGH
E04760,15719.24,SUBSCRIPTION_FAILED,Bank_A,E42,P010,NETBANKING,ALTERNATE_PAYMENT,0.8301348,13049.088295295238,13049.088295295238,HIGH
E02916,18889.64,SUBSCRIPTION_FAILED,Bank_C,E11,P018,UPI,ALTERNATE_PAYMENT,0.6906856,13046.801775028704,13046.801775028704,HIGH
E04332,24064.91,SUBSCRIPTION_FAILED,Bank_A,E11,P016,CARD,ALTERNATE_PAYMENT,0.54209465,13045.458912819027,13045.458912819027,HIGH
E01954,22249.96,CHECKOUT_ABANDONED,Bank_C,E17,P003,WALLET,SEND_REMINDER,0.5862802,13044.711593031883,13044.711593031883,HIGH
E04484,20140.1,CHECKOUT_ABANDONED,Bank_B,E23,P006,NETBANKING,SEND_REMINDER,0.6475935,13042.597813701628,13042.597813701628,HIGH
E01159,18712.15,PAYMENT_FAILED,Bank_C,E23,P015,NETBANKING,RETRY_PAYMENT,0.6968407,13039.387769761684,13039.387769761684,HIGH
E00759,21719.49,PAYMENT_FAILED,Bank_C,E11,P002,NETBANKING,ALTERNATE_PAYMENT,0.6001069,13034.015704230667,13034.015704230667,HIGH
E04625,23942.42,INVOICE_OVERDUE,Bank_D,E42,P002,NETBANKING,ALTERNATE_PAYMENT,0.5442773,13031.315961382388,13031.315961382388,HIGH
E00100,22872.56,CHECKOUT_ABANDONED,Bank_C,E11,P005,UPI,SEND_REMINDER,0.5695459,13026.973334622384,13026.973334622384,HIGH
E03505,16577.72,PAYMENT_FAILED,Bank_A,E42,P002,UPI,ALTERNATE_PAYMENT,0.78565514,13024.370942015648,13024.370942015648,HIGH
E01727,16657.51,PAYMENT_FAILED,Bank_A,E42,P002,UPI,ALTERNATE_PAYMENT,0.7816024,13019.54950518131,13019.54950518131,HIGH
E02443,22381.9,PAYMENT_FAILED,Bank_C,E42,P006,UPI,ALTERNATE_PAYMENT,0.5816218,13017.801540523767,13017.801540523767,HIGH
E01366,16879.39,CHECKOUT_ABANDONED,Bank_A,E42,P015,CARD,ALTERNATE_PAYMENT,0.77109736,13015.653101869226,13015.653101869226,HIGH
E02269,23973.14,PAYMENT_FAILED,Bank_B,E42,P006,WALLET,ALTERNATE_PAYMENT,0.5426198,13008.301017343998,13008.301017343998,HIGH
E01888,19192.75,INVOICE_OVERDUE,Bank_D,E42,P004,UPI,ALTERNATE_PAYMENT,0.67768055,13006.5534145087,13006.5534145087,HIGH
E01066,20325.27,SUBSCRIPTION_FAILED,Bank_B,E17,P005,WALLET,ALTERNATE_PAYMENT,0.63990825,13006.308040757776,13006.308040757776,HIGH
E04549,22513.11,SUBSCRIPTION_FAILED,Bank_B,E17,P020,NETBANKING,ALTERNATE_PAYMENT,0.57757777,13003.071864078642,13003.071864078642,HIGH
E01352,20537.34,PAYMENT_FAILED,Bank_D,E11,P019,UPI,RETRY_PAYMENT,0.6330904,13001.992320177556,13001.992320177556,HIGH
E03780,20411.89,PAYMENT_FAILED,Bank_A,E23,P019,WALLET,RETRY_PAYMENT,0.6362305,12986.66755941689,12986.66755941689,HIGH
E04839,20475.87,SUBSCRIPTION_FAILED,Bank_B,E11,P008,CARD,ALTERNATE_PAYMENT,0.63421345,12986.072104711531,12986.072104711531,HIGH
E03409,16418.45,SUBSCRIPTION_FAILED,Bank_A,E42,P001,UPI,ALTERNATE_PAYMENT,0.7906765,12981.68216392398,12981.68216392398,HIGH
E01100,21901.59,INVOICE_OVERDUE,Bank_D,E17,P018,NETBANKING,SEND_REMINDER,0.59243333,12975.231970392466,12975.231970392466,HIGH
E03674,20124.19,PAYMENT_FAILED,Bank_A,E11,P007,UPI,RETRY_PAYMENT,0.64465255,12973.110308662055,12973.110308662055,HIGH
E03017,24020.8,PAYMENT_FAILED,Bank_C,E42,P002,CARD,ALTERNATE_PAYMENT,0.53993106,12969.575979232788,12969.575979232788,HIGH
E04786,17510.21,INVOICE_OVERDUE,Bank_A,E42,P014,CARD,ALTERNATE_PAYMENT,0.7406477,12968.896300867797,12968.896300867797,HIGH
E03557,19677.0,INVOICE_OVERDUE,Bank_D,E11,P019,NETBANKING,RETRY_PAYMENT,0.65893364,12965.837224960327,12965.837224960327,HIGH
E01993,23248.79,PAYMENT_FAILED,Bank_C,E23,P002,CARD,RETRY_PAYMENT,0.55768764,12965.562832375765,12965.562832375765,HIGH
E04901,19165.35,INVOICE_OVERDUE,Bank_D,E42,P004,CARD,ALTERNATE_PAYMENT,0.67610717,12957.830516016482,12957.830516016482,HIGH
E00455,24447.58,INVOICE_OVERDUE,Bank_A,E17,P011,UPI,SEND_REMINDER,0.52995557,12956.131094504595,12956.131094504595,HIGH
E04443,22391.26,INVOICE_OVERDUE,Bank_C,E42,P003,NETBANKING,ALTERNATE_PAYMENT,0.57842815,12951.735080578326,12951.735080578326,HIGH
E02487,21020.29,CHECKOUT_ABANDONED,Bank_B,E23,P006,WALLET,SEND_REMINDER,0.6158693,12945.750944964886,12945.750944964886,HIGH
E01436,24294.89,PAYMENT_FAILED,Bank_D,E11,P013,WALLET,RETRY_PAYMENT,0.53276414,12943.446099287868,12943.446099287868,HIGH
E03311,20818.28,CHECKOUT_ABANDONED,Bank_B,E11,P019,WALLET,SEND_REMINDER,0.62159485,12940.53555576086,12940.53555576086,HIGH
E00670,16846.7,CHECKOUT_ABANDONED,Bank_A,E42,P017,NETBANKING,ALTERNATE_PAYMENT,0.76786846,12936.04957202077,12936.04957202077,HIGH
E03250,19383.93,PAYMENT_FAILED,Bank_A,E42,P013,NETBANKING,ALTERNATE_PAYMENT,0.6672775,12934.460640065074,12934.460640065074,HIGH
E03569,22557.65,SUBSCRIPTION_FAILED,Bank_C,E23,P009,CARD,ALTERNATE_PAYMENT,0.57324576,12931.077303302289,12931.077303302289,HIGH
E02584,19740.63,SUBSCRIPTION_FAILED,Bank_C,E17,P009,UPI,ALTERNATE_PAYMENT,0.65485936,12927.336407405735,12927.336407405735,HIGH
E00968,17071.76,INVOICE_OVERDUE,Bank_A,E42,P015,WALLET,ALTERNATE_PAYMENT,0.7571597,12926.048849601744,12926.048849601744,HIGH
E03873,14759.23,SUBSCRIPTION_FAILED,Bank_A,E42,P004,CARD,ALTERNATE_PAYMENT,0.87566483,12924.138631948232,12924.138631948232,HIGH
E03374,22920.96,CHECKOUT_ABANDONED,Bank_D,E42,P010,NETBANKING,SEND_REMINDER,0.56365305,12919.469055404665,12919.469055404665,HIGH
E03989,17328.73,CHECKOUT_ABANDONED,Bank_A,E42,P008,WALLET,ALTERNATE_PAYMENT,0.7454865,12918.334240391254,12918.334240391254,HIGH
E03312,23594.83,PAYMENT_FAILED,Bank_A,E17,P004,WALLET,ALTERNATE_PAYMENT,0.5473826,12915.3992304492,12915.3992304492,HIGH
E03462,22279.33,INVOICE_OVERDUE,Bank_A,E23,P007,UPI,ALTERNATE_PAYMENT,0.5796582,12914.396553983092,12914.396553983092,HIGH
E00519,23711.18,PAYMENT_FAILED,Bank_C,E11,P015,NETBANKING,RETRY_PAYMENT,0.54440784,12908.552395381928,12908.552395381928,HIGH
E04668,24844.93,SUBSCRIPTION_FAILED,Bank_C,E42,P017,UPI,ALTERNATE_PAYMENT,0.51942855,12905.165994492174,12905.165994492174,HIGH
E04015,19835.39,PAYMENT_FAILED,Bank_A,E17,P009,WALLET,RETRY_PAYMENT,0.65034056,12899.758582863808,12899.758582863808,HIGH
E01485,21845.98,CHECKOUT_ABANDONED,Bank_C,E11,P018,WALLET,SEND_REMINDER,0.5903149,12896.008039067983,12896.008039067983,HIGH
E04785,18827.64,SUBSCRIPTION_FAILED,Bank_C,E42,P017,CARD,ALTERNATE_PAYMENT,0.6849152,12895.336533236505,12895.336533236505,HIGH
E01449,18807.0,CHECKOUT_ABANDONED,Bank_B,E23,P006,WALLET,SEND_REMINDER,0.68547684,12891.762921273708,12891.762921273708,HIGH
E02607,20512.09,CHECKOUT_ABANDONED,Bank_C,E42,P009,UPI,ALTERNATE_PAYMENT,0.6282503,12886.72671426475,12886.72671426475,HIGH
E02763,17271.34,SUBSCRIPTION_FAILED,Bank_B,E42,P015,WALLET,ALTERNATE_PAYMENT,0.7460619,12885.489100711346,12885.489100711346,HIGH
E04394,23739.44,INVOICE_OVERDUE,Bank_B,E17,P012,NETBANKING,SEND_REMINDER,0.5426871,12883.088277802466,12883.088277802466,HIGH
E04467,18868.0,PAYMENT_FAILED,Bank_B,E17,P020,CARD,RETRY_PAYMENT,0.6827515,12882.154863595964,12882.154863595964,HIGH
E01079,17089.54,CHECKOUT_ABANDONED,Bank_A,E42,P012,NETBANKING,ALTERNATE_PAYMENT,0.75366837,12879.84571932435,12879.84571932435,HIGH
E02120,24087.51,SUBSCRIPTION_FAILED,Bank_A,E17,P014,CARD,ALTERNATE_PAYMENT,0.53456765,12876.403714601396,12876.403714601396,HIGH
E04506,17245.73,SUBSCRIPTION_FAILED,Bank_A,E42,P001,UPI,ALTERNATE_PAYMENT,0.7466383,12876.322495565417,12876.322495565417,HIGH
E03810,20028.93,CHECKOUT_ABANDONED,Bank_D,E17,P014,NETBANKING,SEND_REMINDER,0.6428188,12874.972919243575,12874.972919243575,HIGH
E02577,22273.54,INVOICE_OVERDUE,Bank_B,E17,P019,CARD,RETRY_PAYMENT,0.57801586,12874.45946510911,12874.45946510911,HIGH
E03014,18754.28,PAYMENT_FAILED,Bank_A,E11,P007,CARD,RETRY_PAYMENT,0.68639374,12872.820348815918,12872.820348815918,HIGH
E00396,19934.9,CHECKOUT_ABANDONED,Bank_D,E42,P016,NETBANKING,SEND_REMINDER,0.64550805,12868.138444256783,12868.138444256783,HIGH
E03401,19405.2,PAYMENT_FAILED,Bank_D,E23,P011,NETBANKING,RETRY_PAYMENT,0.66273373,12860.480648303032,12860.480648303032,HIGH
E04488,21212.81,SUBSCRIPTION_FAILED,Bank_B,E17,P017,NETBANKING,ALTERNATE_PAYMENT,0.6060064,12855.098280370235,12855.098280370235,HIGH
E03466,16082.04,CHECKOUT_ABANDONED,Bank_A,E42,P012,UPI,ALTERNATE_PAYMENT,0.7991418,12851.830783188345,12851.830783188345,HIGH
E03065,18545.65,SUBSCRIPTION_FAILED,Bank_D,E17,P008,NETBANKING,ALTERNATE_PAYMENT,0.6929507,12851.221623396874,12851.221623396874,HIGH
E04842,21385.46,PAYMENT_FAILED,Bank_D,E23,P005,UPI,RETRY_PAYMENT,0.6007998,12848.38006878376,12848.38006878376,HIGH
E03338,20016.61,CHECKOUT_ABANDONED,Bank_D,E23,P008,WALLET,SEND_REMINDER,0.64182776,12847.21600166738,12847.21600166738,HIGH
E01966,19633.15,PAYMENT_FAILED,Bank_B,E17,P020,NETBANKING,RETRY_PAYMENT,0.65405035,12841.068632817269,12841.068632817269,HIGH
E03753,22387.24,PAYMENT_FAILED,Bank_A,E17,P012,WALLET,RETRY_PAYMENT,0.5734724,12838.463818717004,12838.463818717004,HIGH
E03219,21327.91,CHECKOUT_ABANDONED,Bank_D,E17,P020,NETBANKING,SEND_REMINDER,0.6019096,12837.473304448724,12837.473304448724,HIGH
E03700,18772.13,CHECKOUT_ABANDONED,Bank_B,E23,P005,CARD,SEND_REMINDER,0.68355685,12831.818139286635,12831.818139286635,HIGH
E03099,17750.44,CHECKOUT_ABANDONED,Bank_A,E42,P005,WALLET,ALTERNATE_PAYMENT,0.7227953,12829.934740478991,12829.934740478991,HIGH
E03367,22015.68,INVOICE_OVERDUE,Bank_D,E11,P017,NETBANKING,ALTERNATE_PAYMENT,0.5827063,12828.674831600189,12828.674831600189,HIGH
E01491,24806.26,PAYMENT_FAILED,Bank_C,E42,P016,UPI,RETRY_PAYMENT,0.51685864,12821.329740926029,12821.329740926029,HIGH
E04936,18701.27,CHECKOUT_ABANDONED,Bank_D,E23,P020,CARD,SEND_REMINDER,0.6855573,12820.79227647841,12820.79227647841,HIGH
E03264,19306.08,SUBSCRIPTION_FAILED,Bank_B,E23,P011,CARD,ALTERNATE_PAYMENT,0.6640473,12820.150313329696,12820.150313329696,HIGH
E02505,22037.02,INVOICE_OVERDUE,Bank_A,E17,P015,NETBANKING,SEND_REMINDER,0.5816242,12817.264345628024,12817.264345628024,HIGH
E00564,20315.35,CHECKOUT_ABANDONED,Bank_C,E23,P004,WALLET,SEND_REMINDER,0.6308052,12815.028305605052,12815.028305605052,HIGH
E00517,22453.84,CHECKOUT_ABANDONED,Bank_D,E23,P010,NETBANKING,SEND_REMINDER,0.5707203,12814.862637300492,12814.862637300492,HIGH
E03835,19253.73,SUBSCRIPTION_FAILED,Bank_C,E23,P011,CARD,ALTERNATE_PAYMENT,0.665488,12813.126360433102,12813.126360433102,HIGH
E03184,16531.56,CHECKOUT_ABANDONED,Bank_A,E42,P007,WALLET,ALTERNATE_PAYMENT,0.7746109,12805.526190390588,12805.526190390588,HIGH
E02024,20064.25,SUBSCRIPTION_FAILED,Bank_D,E23,P019,UPI,ALTERNATE_PAYMENT,0.63810086,12803.015230476856,12803.015230476856,HIGH
E04803,19162.84,PAYMENT_FAILED,Bank_B,E23,P017,NETBANKING,RETRY_PAYMENT,0.66795534,12799.921287539006,12799.921287539006,HIGH
E01672,17450.25,PAYMENT_FAILED,Bank_A,E42,P003,NETBANKING,ALTERNATE_PAYMENT,0.7317536,12769.283044159412,12769.283044159412,HIGH
E01229,24014.7,CHECKOUT_ABANDONED,Bank_C,E11,P013,UPI,SEND_REMINDER,0.5317125,12768.915511876345,12768.915511876345,HIGH
E04510,17432.81,SUBSCRIPTION_FAILED,Bank_A,E17,P019,UPI,ALTERNATE_PAYMENT,0.73235196,12766.95255004585,12766.95255004585,HIGH
E04087,17077.38,INVOICE_OVERDUE,Bank_A,E42,P016,UPI,ALTERNATE_PAYMENT,0.7475369,12765.971665349009,12765.971665349009,HIGH
E03305,18194.71,SUBSCRIPTION_FAILED,Bank_D,E17,P018,UPI,ALTERNATE_PAYMENT,0.70138943,12761.577311457397,12761.577311457397,HIGH
E01873,20669.05,INVOICE_OVERDUE,Bank_D,E23,P007,WALLET,SEND_REMINDER,0.617397,12761.009676286578,12761.009676286578,HIGH
E03389,20020.94,INVOICE_OVERDUE,Bank_D,E42,P009,CARD,ALTERNATE_PAYMENT,0.6373608,12760.56256005764,12760.56256005764,HIGH
E00144,17994.57,CHECKOUT_ABANDONED,Bank_A,E42,P010,UPI,ALTERNATE_PAYMENT,0.7090965,12759.886450114846,12759.886450114846,HIGH
E04228,19884.15,SUBSCRIPTION_FAILED,Bank_B,E11,P018,CARD,ALTERNATE_PAYMENT,0.64158946,12757.461115881802,12757.461115881802,HIGH
E01018,18808.79,PAYMENT_FAILED,Bank_D,E11,P012,CARD,RETRY_PAYMENT,0.6782203,12756.502670998574,12756.502670998574,HIGH
E03671,18281.34,SUBSCRIPTION_FAILED,Bank_D,E23,P019,NETBANKING,ALTERNATE_PAYMENT,0.69774485,12755.710769262314,12755.710769262314,HIGH
E00902,17013.43,CHECKOUT_ABANDONED,Bank_A,E42,P014,WALLET,ALTERNATE_PAYMENT,0.7489817,12742.747966649533,12742.747966649533,HIGH
E02832,23153.86,PAYMENT_FAILED,Bank_A,E23,P006,WALLET,RETRY_PAYMENT,0.5500981,12736.894883745908,12736.894883745908,HIGH
E03909,20213.25,SUBSCRIPTION_FAILED,Bank_C,E11,P013,WALLET,ALTERNATE_PAYMENT,0.6300038,12734.424511045218,12734.424511045218,HIGH
E00929,21287.56,PAYMENT_FAILED,Bank_C,E23,P008,WALLET,RETRY_PAYMENT,0.59814733,12733.097233016491,12733.097233016491,HIGH
E01421,21934.98,PAYMENT_FAILED,Bank_A,E11,P014,WALLET,RETRY_PAYMENT,0.5804182,12731.46224701166,12731.46224701166,HIGH
E04257,23133.38,PAYMENT_FAILED,Bank_C,E11,P006,WALLET,RETRY_PAYMENT,0.5503014,12730.330776244402,12730.330776244402,HIGH
E02845,16166.98,SUBSCRIPTION_FAILED,Bank_B,E42,P015,NETBANKING,ALTERNATE_PAYMENT,0.7869578,12722.731019722223,12722.731019722223,HIGH
E00850,20305.67,SUBSCRIPTION_FAILED,Bank_B,E11,P016,CARD,ALTERNATE_PAYMENT,0.6265539,12722.596590286492,12722.596590286492,HIGH
E00045,21672.11,INVOICE_OVERDUE,Bank_D,E23,P016,NETBANKING,SEND_REMINDER,0.5870238,12722.044250294566,12722.044250294566,HIGH
E02232,18622.73,SUBSCRIPTION_FAILED,Bank_B,E17,P007,UPI,ALTERNATE_PAYMENT,0.6831369,12721.87367669046,12721.87367669046,HIGH
E04081,24192.6,INVOICE_OVERDUE,Bank_B,E11,P003,CARD,SEND_REMINDER,0.52584964,12721.670009601115,12721.670009601115,HIGH
E02343,14478.72,SUBSCRIPTION_FAILED,Bank_A,E42,P005,WALLET,ALTERNATE_PAYMENT,0.87847924,12719.254975433349,12719.254975433349,HIGH
E00245,20142.34,INVOICE_OVERDUE,Bank_D,E17,P015,NETBANKING,SEND_REMINDER,0.6314263,12718.402711480856,12718.402711480856,HIGH
E00060,17368.25,PAYMENT_FAILED,Bank_C,E23,P001,NETBANKING,RETRY_PAYMENT,0.732266,12718.179108276963,12718.179108276963,HIGH
E03695,22636.52,INVOICE_OVERDUE,Bank_C,E42,P015,CARD,SEND_REMINDER,0.5615365,12711.232007377148,12711.232007377148,HIGH
E02368,19734.76,PAYMENT_FAILED,Bank_C,E11,P019,CARD,RETRY_PAYMENT,0.6439456,12708.11137095928,12708.11137095928,HIGH
E03941,20902.55,CHECKOUT_ABANDONED,Bank_C,E17,P004,NETBANKING,SEND_REMINDER,0.6077257,12703.01640985906,12703.01640985906,HIGH
E02768,19839.8,CHECKOUT_ABANDONED,Bank_C,E42,P011,CARD,ALTERNATE_PAYMENT,0.64014107,12700.270798385143,12700.270798385143,HIGH
E02921,18914.95,PAYMENT_FAILED,Bank_A,E42,P013,WALLET,ALTERNATE_PAYMENT,0.67130286,12697.659937462213,12697.659937462213,HIGH
E00839,18389.25,INVOICE_OVERDUE,Bank_B,E42,P008,UPI,ALTERNATE_PAYMENT,0.6904843,12697.48814445734,12697.48814445734,HIGH
E03138,22628.6,PAYMENT_FAILED,Bank_C,E23,P010,UPI,RETRY_PAYMENT,0.5610779,12696.407204568386,12696.407204568386,HIGH
E04133,23292.35,PAYMENT_FAILED,Bank_C,E42,P005,NETBANKING,ALTERNATE_PAYMENT,0.54485947,12691.057451292872,12691.057451292872,HIGH
E01200,16768.3,CHECKOUT_ABANDONED,Bank_A,E42,P008,WALLET,ALTERNATE_PAYMENT,0.756843,12690.969988071918,12690.969988071918,HIGH
E04595,21779.2,INVOICE_OVERDUE,Bank_D,E11,P010,WALLET,SEND_REMINDER,0.5826029,12688.62547492981,12688.62547492981,HIGH
E02462,20610.91,SUBSCRIPTION_FAILED,Bank_D,E23,P016,CARD,ALTERNATE_PAYMENT,0.6155677,12687.410137410165,12687.410137410165,HIGH
E04185,18673.11,PAYMENT_FAILED,Bank_B,E11,P009,WALLET,RETRY_PAYMENT,0.6793683,12685.91931623161,12685.91931623161,HIGH
E03583,17506.81,PAYMENT_FAILED,Bank_B,E42,P012,UPI,ALTERNATE_PAYMENT,0.72444165,12682.662279387714,12682.662279387714,HIGH
E01447,23389.61,CHECKOUT_ABANDONED,Bank_D,E42,P005,UPI,ALTERNATE_PAYMENT,0.5421094,12679.726747063398,12679.726747063398,HIGH
E03006,17357.0,INVOICE_OVERDUE,Bank_A,E42,P013,NETBANKING,ALTERNATE_PAYMENT,0.730461,12678.611601233482,12678.611601233482,HIGH
E01221,18325.29,PAYMENT_FAILED,Bank_B,E42,P018,UPI,ALTERNATE_PAYMENT,0.69164366,12674.57056003511,12674.57056003511,HIGH
E02373,22718.96,INVOICE_OVERDUE,Bank_D,E42,P005,WALLET,ALTERNATE_PAYMENT,0.55766404,12669.546944379808,12669.546944379808,HIGH
E02430,18901.44,SUBSCRIPTION_FAILED,Bank_B,E11,P019,UPI,ALTERNATE_PAYMENT,0.6700641,12665.176225090026,12665.176225090026,HIGH
E00527,24538.86,CHECKOUT_ABANDONED,Bank_B,E17,P012,NETBANKING,SEND_REMINDER,0.5160852,12664.1426539886,12664.1426539886,HIGH
E00508,24105.73,PAYMENT_FAILED,Bank_A,E23,P006,UPI,RETRY_PAYMENT,0.5252244,12660.917278003097,12660.917278003097,HIGH
E03536,16739.52,INVOICE_OVERDUE,Bank_A,E42,P019,NETBANKING,ALTERNATE_PAYMENT,0.7560906,12656.5934094429,12656.5934094429,HIGH
E04980,22276.73,PAYMENT_FAILED,Bank_A,E11,P002,CARD,ALTERNATE_PAYMENT,0.56812567,12655.982049459815,12655.982049459815,HIGH
E04696,16458.89,SUBSCRIPTION_FAILED,Bank_D,E42,P019,UPI,ALTERNATE_PAYMENT,0.7688951,12655.159701699617,12655.159701699617,HIGH
E01416,20604.12,CHECKOUT_ABANDONED,Bank_B,E23,P010,WALLET,SEND_REMINDER,0.61415017,12654.02372882366,12654.02372882366,HIGH
E03354,14399.83,SUBSCRIPTION_FAILED,Bank_A,E42,P003,CARD,ALTERNATE_PAYMENT,0.8787152,12653.349744847415,12653.349744847415,HIGH
E02126,19255.93,SUBSCRIPTION_FAILED,Bank_C,E42,P014,CARD,ALTERNATE_PAYMENT,0.6566086,12643.608883590698,12643.608883590698,HIGH
E03950,24011.53,PAYMENT_FAILED,Bank_C,E23,P015,NETBANKING,RETRY_PAYMENT,0.52626365,12636.395521501898,12636.395521501898,HIGH
E03255,19129.49,SUBSCRIPTION_FAILED,Bank_C,E17,P004,WALLET,ALTERNATE_PAYMENT,0.66018814,12629.06239326656,12629.06239326656,HIGH
E03865,19611.75,INVOICE_OVERDUE,Bank_D,E42,P016,WALLET,ALTERNATE_PAYMENT,0.64389694,12627.945761471989,12627.945761471989,HIGH
E03343,18673.69,PAYMENT_FAILED,Bank_B,E23,P006,WALLET,RETRY_PAYMENT,0.6761711,12626.609956181645,12626.609956181645,HIGH
E02941,20197.0,CHECKOUT_ABANDONED,Bank_B,E17,P010,WALLET,SEND_REMINDER,0.6248871,12620.84493649006,12620.84493649006,HIGH
E00515,16955.24,SUBSCRIPTION_FAILED,Bank_C,E42,P008,UPI,ALTERNATE_PAYMENT,0.7443457,12620.560403273106,12620.560403273106,HIGH
E04884,16207.24,SUBSCRIPTION_FAILED,Bank_C,E42,P007,UPI,ALTERNATE_PAYMENT,0.77830386,12614.157478170397,12614.157478170397,HIGH
E00937,18338.85,INVOICE_OVERDUE,Bank_B,E42,P012,WALLET,ALTERNATE_PAYMENT,0.68770903,12611.792808803915,12611.792808803915,HIGH
E02745,16657.51,SUBSCRIPTION_FAILED,Bank_B,E42,P010,NETBANKING,ALTERNATE_PAYMENT,0.75710714,12611.51973286271,12611.51973286271,HIGH
E04250,18042.33,CHECKOUT_ABANDONED,Bank_A,E42,P020,WALLET,ALTERNATE_PAYMENT,0.69893616,12610.436926662327,12610.436926662327,HIGH
E02710,23143.82,CHECKOUT_ABANDONED,Bank_A,E23,P013,CARD,SEND_REMINDER,0.54452324,12602.347832374571,12602.347832374571,HIGH
E00410,21726.47,INVOICE_OVERDUE,Bank_C,E23,P006,NETBANKING,SEND_REMINDER,0.5800254,12601.903906772734,12601.903906772734,HIGH
E01201,18093.49,PAYMENT_FAILED,Bank_A,E42,P005,WALLET,ALTERNATE_PAYMENT,0.6964758,12601.677992239596,12601.677992239596,HIGH
E02448,21340.15,INVOICE_OVERDUE,Bank_B,E23,P006,NETBANKING,SEND_REMINDER,0.59037685,12598.73061966896,12598.73061966896,HIGH
E04721,22808.53,INVOICE_OVERDUE,Bank_C,E11,P010,WALLET,SEND_REMINDER,0.5520495,12591.437984384298,12591.437984384298,HIGH
E01406,21216.0,PAYMENT_FAILED,Bank_C,E17,P014,WALLET,RETRY_PAYMENT,0.5933355,12588.20616531372,12588.20616531372,HIGH
E02939,16591.45,INVOICE_OVERDUE,Bank_A,E42,P014,UPI,ALTERNATE_PAYMENT,0.7586761,12587.536773434282,12587.536773434282,HIGH
E02486,21303.85,PAYMENT_FAILED,Bank_A,E11,P017,NETBANKING,ALTERNATE_PAYMENT,0.590803,12586.379070013762,12586.379070013762,HIGH
E04113,22276.32,CHECKOUT_ABANDONED,Bank_C,E11,P017,NETBANKING,SEND_REMINDER,0.5649785,12585.641421146393,12585.641421146393,HIGH
E04458,17717.29,SUBSCRIPTION_FAILED,Bank_A,E23,P014,UPI,ALTERNATE_PAYMENT,0.70966893,12573.410313785673,12573.410313785673,HIGH
E00029,16041.61,PAYMENT_FAILED,Bank_A,E42,P002,UPI,ALTERNATE_PAYMENT,0.7836545,12571.08003979981,12571.08003979981,HIGH
E04347,24158.08,INVOICE_OVERDUE,Bank_A,E23,P001,NETBANKING,SEND_REMINDER,0.52035743,12570.836422080994,12570.836422080994,HIGH
E03282,18957.75,CHECKOUT_ABANDONED,Bank_D,E11,P002,WALLET,ALTERNATE_PAYMENT,0.6630563,12570.055836573243,12570.055836573243,HIGH
E02982,18300.69,PAYMENT_FAILED,Bank_D,E42,P018,CARD,ALTERNATE_PAYMENT,0.68638504,12561.31975559592,12561.31975559592,HIGH
E01868,23283.58,PAYMENT_FAILED,Bank_C,E42,P006,NETBANKING,ALTERNATE_PAYMENT,0.53935885,12558.205032658578,12558.205032658578,HIGH
E01593,17001.16,CHECKOUT_ABANDONED,Bank_A,E42,P017,NETBANKING,ALTERNATE_PAYMENT,0.7385615,12556.402419028282,12556.402419028282,HIGH
E02545,16582.12,INVOICE_OVERDUE,Bank_A,E42,P004,WALLET,ALTERNATE_PAYMENT,0.7565969,12545.980966734884,12545.980966734884,HIGH
E04545,18073.4,SUBSCRIPTION_FAILED,Bank_D,E17,P014,WALLET,ALTERNATE_PAYMENT,0.6941318,12545.321522152424,12545.321522152424,HIGH
E02623,18790.88,PAYMENT_FAILED,Bank_A,E23,P017,CARD,ALTERNATE_PAYMENT,0.66753733,12543.613893260956,12543.613893260956,HIGH
E00142,19953.62,INVOICE_OVERDUE,Bank_B,E42,P001,WALLET,ALTERNATE_PAYMENT,0.62856007,12542.04870859146,12542.04870859146,HIGH
E03934,17245.09,SUBSCRIPTION_FAILED,Bank_A,E42,P013,CARD,ALTERNATE_PAYMENT,0.72702277,12537.573050118684,12537.573050118684,HIGH
E01723,19935.8,CHECKOUT_ABANDONED,Bank_B,E23,P018,WALLET,SEND_REMINDER,0.6287141,12533.918248271944,12533.918248271944,HIGH
E01020,19765.13,CHECKOUT_ABANDONED,Bank_B,E42,P009,NETBANKING,SEND_REMINDER,0.63391566,12529.425483596326,12529.425483596326,HIGH
E01275,24326.8,SUBSCRIPTION_FAILED,Bank_B,E11,P014,WALLET,ALTERNATE_PAYMENT,0.51495683,12527.251859045027,12527.251859045027,HIGH
E00552,16694.85,INVOICE_OVERDUE,Bank_A,E42,P010,CARD,ALTERNATE_PAYMENT,0.75036514,12527.233425039052,12527.233425039052,HIGH
E01603,16795.44,CHECKOUT_ABANDONED,Bank_A,E42,P006,UPI,ALTERNATE_PAYMENT,0.74578,12525.703094558716,12525.703094558716,HIGH
E03761,20396.56,CHECKOUT_ABANDONED,Bank_D,E17,P006,CARD,SEND_REMINDER,0.61402804,12524.05969007969,12524.05969007969,HIGH
E04384,24051.88,PAYMENT_FAILED,Bank_C,E42,P003,NETBANKING,ALTERNATE_PAYMENT,0.5206868,12523.496557414532,12523.496557414532,HIGH
E03151,18385.27,PAYMENT_FAILED,Bank_D,E17,P012,CARD,RETRY_PAYMENT,0.6811403,12522.948389784098,12522.948389784098,HIGH
E00671,21082.65,SUBSCRIPTION_FAILED,Bank_C,E23,P009,WALLET,ALTERNATE_PAYMENT,0.5938092,12519.071264997125,12519.071264997125,HIGH
E02634,19251.12,CHECKOUT_ABANDONED,Bank_C,E23,P018,UPI,SEND_REMINDER,0.65026397,12518.309624390602,12518.309624390602,HIGH
E02966,19097.73,INVOICE_OVERDUE,Bank_B,E42,P014,WALLET,ALTERNATE_PAYMENT,0.6547382,12504.013131101132,12504.013131101132,HIGH
E02379,22779.33,INVOICE_OVERDUE,Bank_B,E11,P008,CARD,ALTERNATE_PAYMENT,0.5489171,12503.964099188448,12503.964099188448,HIGH
E02402,18828.19,PAYMENT_FAILED,Bank_A,E23,P007,CARD,RETRY_PAYMENT,0.6641063,12503.919773843883,12503.919773843883,HIGH
E00255,22852.9,CHECKOUT_ABANDONED,Bank_C,E23,P003,UPI,SEND_REMINDER,0.5468885,12497.98753091097,12497.98753091097,HIGH
E02633,16509.12,INVOICE_OVERDUE,Bank_A,E42,P005,UPI,ALTERNATE_PAYMENT,0.7569036,12495.812175464627,12495.812175464627,HIGH
E02782,20761.37,CHECKOUT_ABANDONED,Bank_B,E42,P005,NETBANKING,ALTERNATE_PAYMENT,0.60181123,12494.425619977115,12494.425619977115,HIGH
E02599,18669.42,SUBSCRIPTION_FAILED,Bank_A,E11,P017,CARD,ALTERNATE_PAYMENT,0.6691679,12492.976132099628,12492.976132099628,HIGH
E04859,16098.49,INVOICE_OVERDUE,Bank_A,E42,P007,UPI,ALTERNATE_PAYMENT,0.7759609,12491.799147090913,12491.799147090913,HIGH
E03406,20668.64,CHECKOUT_ABANDONED,Bank_A,E17,P008,NETBANKING,SEND_REMINDER,0.6038083,12479.896047000884,12479.896047000884,HIGH
E00773,21364.06,INVOICE_OVERDUE,Bank_D,E17,P004,CARD,SEND_REMINDER,0.58411115,12478.985742422345,12478.985742422345,HIGH
E01220,16423.83,CHECKOUT_ABANDONED,Bank_A,E42,P005,UPI,ALTERNATE_PAYMENT,0.75934625,12471.373667256834,12471.373667256834,HIGH
E00137,20715.75,CHECKOUT_ABANDONED,Bank_B,E42,P005,NETBANKING,ALTERNATE_PAYMENT,0.60181123,12466.970991656184,12466.970991656184,HIGH
E04986,16607.55,CHECKOUT_ABANDONED,Bank_A,E42,P006,UPI,ALTERNATE_PAYMENT,0.7506533,12466.51265270412,12466.51265270412,HIGH
E00603,19964.9,CHECKOUT_ABANDONED,Bank_B,E11,P017,WALLET,SEND_REMINDER,0.62427187,12463.525450563431,12463.525450563431,HIGH
E02549,17680.14,PAYMENT_FAILED,Bank_A,E42,P004,NETBANKING,ALTERNATE_PAYMENT,0.704894,12462.62471570134,12462.62471570134,HIGH
E04411,22243.32,PAYMENT_FAILED,Bank_A,E17,P006,CARD,RETRY_PAYMENT,0.5599761,12455.72760515213,12455.72760515213,HIGH
E04527,20429.64,SUBSCRIPTION_FAILED,Bank_C,E11,P009,CARD,ALTERNATE_PAYMENT,0.6093797,12449.408073413371,12449.408073413371,HIGH
E00982,22166.41,CHECKOUT_ABANDONED,Bank_D,E23,P017,CARD,SEND_REMINDER,0.5612772,12441.50077630818,12441.50077630818,HIGH
E04709,17146.63,CHECKOUT_ABANDONED,Bank_A,E42,P003,WALLET,ALTERNATE_PAYMENT,0.7254762,12439.472066922785,12439.472066922785,HIGH
E04385,23707.08,INVOICE_OVERDUE,Bank_D,E42,P005,WALLET,ALTERNATE_PAYMENT,0.5242671,12428.841546378137,12428.841546378137,HIGH
E04153,16549.74,INVOICE_OVERDUE,Bank_A,E42,P018,WALLET,ALTERNATE_PAYMENT,0.7508383,12426.178311481475,12426.178311481475,HIGH
E04944,17711.24,CHECKOUT_ABANDONED,Bank_A,E42,P010,NETBANKING,ALTERNATE_PAYMENT,0.7015482,12425.288873448371,12425.288873448371,HIGH
E00897,21539.66,CHECKOUT_ABANDONED,Bank_A,E17,P012,CARD,ALTERNATE_PAYMENT,0.57681143,12424.32214745283,12424.32214745283,HIGH
E01259,16558.18,CHECKOUT_ABANDONED,Bank_A,E42,P011,NETBANKING,ALTERNATE_PAYMENT,0.74964064,12412.684711989164,12412.684711989164,HIGH
E01019,19214.48,CHECKOUT_ABANDONED,Bank_B,E17,P018,CARD,SEND_REMINDER,0.6450439,12394.183299164772,12394.183299164772,HIGH
E03030,24134.8,INVOICE_OVERDUE,Bank_C,E23,P011,WALLET,SEND_REMINDER,0.51319945,12385.966051721573,12385.966051721573,HIGH
E01887,23367.7,SUBSCRIPTION_FAILED,Bank_B,E23,P009,CARD,ALTERNATE_PAYMENT,0.5300228,12385.413782829046,12385.413782829046,HIGH
E01719,16275.4,SUBSCRIPTION_FAILED,Bank_B,E42,P012,NETBANKING,ALTERNATE_PAYMENT,0.7607841,12382.065371310711,12382.065371310711,HIGH
E04065,19599.98,CHECKOUT_ABANDONED,Bank_B,E42,P017,UPI,ALTERNATE_PAYMENT,0.6314994,12377.37579965353,12377.37579965353,HIGH
E03188,22491.54,PAYMENT_FAILED,Bank_C,E23,P012,WALLET,RETRY_PAYMENT,0.5502769,12376.574356291294,12376.574356291294,HIGH
E02751,20568.9,INVOICE_OVERDUE,Bank_C,E11,P011,NETBANKING,SEND_REMINDER,0.6015698,12373.628478491308,12373.628478491308,HIGH
E03750,17993.31,SUBSCRIPTION_FAILED,Bank_B,E11,P003,CARD,ALTERNATE_PAYMENT,0.68719,12364.822631290555,12364.822631290555,HIGH
E01810,19426.2,INVOICE_OVERDUE,Bank_D,E11,P002,NETBANKING,ALTERNATE_PAYMENT,0.6364494,12363.793268430234,12363.793268430234,HIGH
E01757,14097.64,SUBSCRIPTION_FAILED,Bank_A,E42,P020,WALLET,ALTERNATE_PAYMENT,0.8765482,12357.26055802822,12357.26055802822,HIGH
E00769,15756.94,PAYMENT_FAILED,Bank_A,E42,P002,WALLET,ALTERNATE_PAYMENT,0.78385913,12351.221338484287,12351.221338484287,HIGH
E02172,20196.62,SUBSCRIPTION_FAILED,Bank_D,E23,P005,UPI,ALTERNATE_PAYMENT,0.61153656,12350.97156776309,12350.97156776309,HIGH
E01494,17945.76,SUBSCRIPTION_FAILED,Bank_B,E11,P020,NETBANKING,ALTERNATE_PAYMENT,0.6875472,12338.557163314816,12338.557163314816,HIGH
E00600,20799.61,CHECKOUT_ABANDONED,Bank_A,E23,P013,NETBANKING,ALTERNATE_PAYMENT,0.5931779,12337.869284697772,12337.869284697772,HIGH
E00166,16492.28,SUBSCRIPTION_FAILED,Bank_A,E23,P002,NETBANKING,ALTERNATE_PAYMENT,0.7480721,12337.414331600665,12337.414331600665,HIGH
E00624,15983.72,INVOICE_OVERDUE,Bank_A,E42,P015,WALLET,ALTERNATE_PAYMENT,0.77167207,12334.190299122332,12334.190299122332,HIGH
E00489,14036.27,SUBSCRIPTION_FAILED,Bank_A,E42,P004,UPI,ALTERNATE_PAYMENT,0.8786468,12332.92359284699,12332.92359284699,HIGH
E00491,18841.81,PAYMENT_FAILED,Bank_C,E23,P017,CARD,RETRY_PAYMENT,0.6545034,12332.028803136944,12332.028803136944,HIGH
E03672,17862.9,PAYMENT_FAILED,Bank_D,E17,P013,NETBANKING,RETRY_PAYMENT,0.69022554,12329.429826897383,12329.429826897383,HIGH
E03611,24284.55,INVOICE_OVERDUE,Bank_A,E17,P001,NETBANKING,SEND_REMINDER,0.50764376,12327.90025371015,12327.90025371015,HIGH
E01195,20700.67,CHECKOUT_ABANDONED,Bank_D,E23,P020,WALLET,SEND_REMINDER,0.59544635,12326.138356592654,12326.138356592654,HIGH
E03936,16326.53,INVOICE_OVERDUE,Bank_A,E42,P014,WALLET,ALTERNATE_PAYMENT,0.75471854,12321.93491913557,12321.93491913557,HIGH
E00052,21743.27,CHECKOUT_ABANDONED,Bank_B,E23,P007,UPI,ALTERNATE_PAYMENT,0.56650454,12317.661127247216,12317.661127247216,HIGH
E02550,22923.67,CHECKOUT_ABANDONED,Bank_C,E42,P010,UPI,ALTERNATE_PAYMENT,0.53732836,12317.538062785865,12317.538062785865,HIGH
E00765,19262.81,CHECKOUT_ABANDONED,Bank_A,E42,P020,CARD,ALTERNATE_PAYMENT,0.63903797,12309.66693587184,12309.66693587184,HIGH
E01892,24629.35,PAYMENT_FAILED,Bank_D,E11,P002,UPI,ALTERNATE_PAYMENT,0.49977347,12309.095776088536,12309.095776088536,HIGH
E03168,20788.66,PAYMENT_FAILED,Bank_A,E23,P014,WALLET,ALTERNATE_PAYMENT,0.59209245,12308.8087237823,12308.8087237823,HIGH
E04896,18657.82,INVOICE_OVERDUE,Bank_B,E17,P019,NETBANKING,RETRY_PAYMENT,0.6588695,12293.068626446724,12293.068626446724,HIGH
E01407,20943.51,PAYMENT_FAILED,Bank_A,E17,P006,NETBANKING,ALTERNATE_PAYMENT,0.5863723,12280.694461432098,12280.694461432098,HIGH
E01022,21119.74,CHECKOUT_ABANDONED,Bank_C,E17,P006,CARD,SEND_REMINDER,0.58144236,12279.911386022568,12279.911386022568,HIGH
E00623,17864.76,SUBSCRIPTION_FAILED,Bank_C,E17,P011,CARD,ALTERNATE_PAYMENT,0.68714017,12275.594165518283,12275.594165518283,HIGH
E03725,24289.31,INVOICE_OVERDUE,Bank_B,E11,P013,WALLET,SEND_REMINDER,0.50537574,12275.228086076975,12275.228086076975,HIGH
E03772,22575.44,PAYMENT_FAILED,Bank_C,E23,P003,NETBANKING,RETRY_PAYMENT,0.5437417,12275.208192329406,12275.208192329406,HIGH
E03613,17625.11,CHECKOUT_ABANDONED,Bank_B,E42,P017,NETBANKING,ALTERNATE_PAYMENT,0.69644976,12275.00356994152,12275.00356994152,HIGH
E04692,17723.9,SUBSCRIPTION_FAILED,Bank_B,E11,P020,NETBANKING,ALTERNATE_PAYMENT,0.69245905,12273.074900299313,12273.074900299313,HIGH
E01062,24180.69,INVOICE_OVERDUE,Bank_C,E23,P019,UPI,SEND_REMINDER,0.5074856,12271.3526532197,12271.3526532197,HIGH
E02459,13810.54,SUBSCRIPTION_FAILED,Bank_A,E42,P008,WALLET,ALTERNATE_PAYMENT,0.8883268,12268.273131939171,12268.273131939171,HIGH
E04925,14155.6,SUBSCRIPTION_FAILED,Bank_A,E42,P001,NETBANKING,ALTERNATE_PAYMENT,0.8663191,12263.266934084892,12263.266934084892,HIGH
E02445,18398.87,SUBSCRIPTION_FAILED,Bank_C,E17,P015,UPI,ALTERNATE_PAYMENT,0.6664976,12262.80247982621,12262.80247982621,HIGH
E02405,19936.16,PAYMENT_FAILED,Bank_C,E11,P020,CARD,RETRY_PAYMENT,0.6149462,12259.665566301346,12259.665566301346,HIGH
E00714,24597.4,INVOICE_OVERDUE,Bank_A,E17,P007,NETBANKING,SEND_REMINDER,0.49837583,12258.749715483187,12258.749715483187,HIGH
E01928,15958.78,CHECKOUT_ABANDONED,Bank_A,E42,P009,UPI,ALTERNATE_PAYMENT,0.76770824,12251.686937299968,12251.686937299968,HIGH
E04878,20254.23,PAYMENT_FAILED,Bank_B,E23,P010,CARD,RETRY_PAYMENT,0.604741,12248.562844401598,12248.562844401598,HIGH
E02918,22115.2,CHECKOUT_ABANDONED,Bank_B,E11,P013,UPI,SEND_REMINDER,0.5531863,12233.825604629516,12233.825604629516,HIGH
E04674,17607.6,SUBSCRIPTION_FAILED,Bank_C,E23,P018,UPI,ALTERNATE_PAYMENT,0.69452894,12228.987717103955,12228.987717103955,HIGH
E01814,22987.26,INVOICE_OVERDUE,Bank_C,E23,P003,WALLET,SEND_REMINDER,0.53125924,12212.194247857333,12212.194247857333,HIGH
E01673,22961.76,PAYMENT_FAILED,Bank_C,E17,P011,NETBANKING,RETRY_PAYMENT,0.5313221,12200.091039333343,12200.091039333343,HIGH
E00205,16416.34,PAYMENT_FAILED,Bank_A,E42,P019,UPI,ALTERNATE_PAYMENT,0.7431523,12199.84116322875,12199.84116322875,HIGH
E03038,22155.59,INVOICE_OVERDUE,Bank_D,E11,P017,NETBANKING,ALTERNATE_PAYMENT,0.550641,12199.776239190698,12199.776239190698,HIGH
E04678,24596.25,SUBSCRIPTION_FAILED,Bank_A,E23,P006,CARD,ALTERNATE_PAYMENT,0.49567628,12191.777679026129,12191.777679026129,HIGH
E03055,24397.26,INVOICE_OVERDUE,Bank_B,E23,P015,CARD,SEND_REMINDER,0.4995958,12188.7684104079,12188.7684104079,HIGH
E04690,20568.56,CHECKOUT_ABANDONED,Bank_C,E23,P005,CARD,SEND_REMINDER,0.5925302,12187.492784256936,12187.492784256936,HIGH
E00089,24827.64,PAYMENT_FAILED,Bank_D,E17,P004,NETBANKING,RETRY_PAYMENT,0.49087223,12187.199114381074,12187.199114381074,HIGH
E03991,13610.69,SUBSCRIPTION_FAILED,Bank_A,E42,P002,WALLET,ALTERNATE_PAYMENT,0.8954119,12187.173910624386,12187.173910624386,HIGH
E02877,20103.88,CHECKOUT_ABANDONED,Bank_C,E23,P004,NETBANKING,SEND_REMINDER,0.60620993,12187.1717630744,12187.1717630744,HIGH
E01357,19270.85,PAYMENT_FAILED,Bank_D,E11,P006,CARD,RETRY_PAYMENT,0.6324144,12187.163051369786,12187.163051369786,HIGH
E04156,21061.29,PAYMENT_FAILED,Bank_A,E11,P016,UPI,RETRY_PAYMENT,0.5786375,12186.851786645651,12186.851786645651,HIGH
E03905,23036.28,CHECKOUT_ABANDONED,Bank_D,E11,P003,NETBANKING,SEND_REMINDER,0.52890515,12184.00720427513,12184.00720427513,HIGH
E03427,20389.36,PAYMENT_FAILED,Bank_A,E11,P014,CARD,RETRY_PAYMENT,0.5973047,12178.660594797137,12178.660594797137,HIGH
E03579,17754.45,SUBSCRIPTION_FAILED,Bank_D,E23,P008,WALLET,ALTERNATE_PAYMENT,0.6855599,12171.73947108686,12171.73947108686,HIGH
E01697,22882.66,INVOICE_OVERDUE,Bank_D,E17,P012,UPI,ALTERNATE_PAYMENT,0.5319122,12171.566196439266,12171.566196439266,HIGH
E02846,21174.77,INVOICE_OVERDUE,Bank_D,E11,P015,NETBANKING,SEND_REMINDER,0.57475024,12170.2042372185,12170.2042372185,HIGH
E02374,18062.51,PAYMENT_FAILED,Bank_C,E42,P019,CARD,ALTERNATE_PAYMENT,0.6736519,12167.843711825011,12167.843711825011,HIGH
E04618,13743.55,SUBSCRIPTION_FAILED,Bank_A,E42,P002,CARD,ALTERNATE_PAYMENT,0.88522536,12166.138936302064,12166.138936302064,HIGH
E00301,15620.32,PAYMENT_FAILED,Bank_A,E42,P017,WALLET,ALTERNATE_PAYMENT,0.77882767,12165.53738708496,12165.53738708496,HIGH
E00513,22514.73,INVOICE_OVERDUE,Bank_C,E11,P008,UPI,SEND_REMINDER,0.54013884,12161.080160318614,12161.080160318614,HIGH
E01141,23396.24,PAYMENT_FAILED,Bank_B,E11,P017,NETBANKING,RETRY_PAYMENT,0.5195384,12155.245155448914,12155.245155448914,HIGH
E02167,24219.88,SUBSCRIPTION_FAILED,Bank_A,E11,P016,NETBANKING,ALTERNATE_PAYMENT,0.5013052,12141.55233259678,12141.55233259678,HIGH
E04151,19681.09,PAYMENT_FAILED,Bank_A,E17,P019,WALLET,RETRY_PAYMENT,0.6165678,12134.726176094411,12134.726176094411,HIGH
E00097,19551.26,PAYMENT_FAILED,Bank_C,E42,P015,UPI,ALTERNATE_PAYMENT,0.620394,12129.48422967434,12129.48422967434,HIGH
E04205,21759.66,CHECKOUT_ABANDONED,Bank_B,E42,P020,WALLET,ALTERNATE_PAYMENT,0.5574234,12129.34393856406,12129.34393856406,HIGH
E03044,19739.72,CHECKOUT_ABANDONED,Bank_D,E17,P011,CARD,SEND_REMINDER,0.61429214,12125.954936065677,12125.954936065677,HIGH
E03100,17468.15,CHECKOUT_ABANDONED,Bank_B,E17,P013,NETBANKING,SEND_REMINDER,0.6941724,12125.90730082989,12125.90730082989,HIGH
E01756,22076.38,INVOICE_OVERDUE,Bank_B,E17,P011,WALLET,SEND_REMINDER,0.5491903,12124.133375878337,12124.133375878337,HIGH
E04176,21725.28,INVOICE_OVERDUE,Bank_C,E17,P010,WALLET,SEND_REMINDER,0.55795085,12121.638535938262,12121.638535938262,HIGH
E02615,22114.2,CHECKOUT_ABANDONED,Bank_A,E11,P013,UPI,SEND_REMINDER,0.5478313,12114.850866365434,12114.850866365434,HIGH
E00055,14975.41,CHECKOUT_ABANDONED,Bank_A,E42,P017,WALLET,ALTERNATE_PAYMENT,0.80873483,12111.135723339916,12111.135723339916,HIGH
E03177,22176.54,INVOICE_OVERDUE,Bank_D,E17,P017,NETBANKING,SEND_REMINDER,0.54606026,12109.727289458511,12109.727289458511,HIGH
E03924,13876.83,SUBSCRIPTION_FAILED,Bank_A,E42,P016,CARD,ALTERNATE_PAYMENT,0.8726206,12109.20747897148,12109.20747897148,HIGH
E01024,15695.75,PAYMENT_FAILED,Bank_A,E42,P002,WALLET,ALTERNATE_PAYMENT,0.77145195,12108.516945362093,12108.516945362093,HIGH
E01349,20601.49,CHECKOUT_ABANDONED,Bank_C,E11,P014,NETBANKING,SEND_REMINDER,0.58764315,12106.324406495096,12106.324406495096,HIGH
E03352,20804.23,PAYMENT_FAILED,Bank_A,E11,P010,NETBANKING,ALTERNATE_PAYMENT,0.5817741,12103.36250820756,12103.36250820756,HIGH
E02659,14287.87,SUBSCRIPTION_FAILED,Bank_A,E42,P010,NETBANKING,ALTERNATE_PAYMENT,0.8470849,12103.038642622234,12103.038642622234,HIGH
E00427,16170.34,PAYMENT_FAILED,Bank_A,E42,P007,WALLET,ALTERNATE_PAYMENT,0.7482521,12099.490762327909,12099.490762327909,HIGH
E01980,14957.85,CHECKOUT_ABANDONED,Bank_A,E42,P017,WALLET,ALTERNATE_PAYMENT,0.80873483,12096.934339651463,12096.934339651463,HIGH
E02779,16569.98,PAYMENT_FAILED,Bank_A,E42,P010,WALLET,ALTERNATE_PAYMENT,0.73001903,12096.400775686505,12096.400775686505,HIGH
E04215,16340.59,INVOICE_OVERDUE,Bank_B,E42,P002,NETBANKING,ALTERNATE_PAYMENT,0.7397655,12088.205137940646,12088.205137940646,HIGH
E01243,18850.48,PAYMENT_FAILED,Bank_C,E23,P014,WALLET,RETRY_PAYMENT,0.64101565,12083.452668180464,12083.452668180464,HIGH
E02310,19574.55,SUBSCRIPTION_FAILED,Bank_C,E11,P013,CARD,ALTERNATE_PAYMENT,0.61722356,12081.87345225513,12081.87345225513,HIGH
E00460,24512.67,INVOICE_OVERDUE,Bank_D,E17,P017,UPI,RETRY_PAYMENT,0.4928177,12080.2776480335,12080.2776480335,HIGH
E02431,18019.98,SUBSCRIPTION_FAILED,Bank_B,E17,P018,WALLET,ALTERNATE_PAYMENT,0.6702278,12077.492013505696,12077.492013505696,HIGH
E00792,17388.11,SUBSCRIPTION_FAILED,Bank_B,E23,P020,CARD,ALTERNATE_PAYMENT,0.6945326,12076.60878178656,12076.60878178656,HIGH
E04639,22442.95,INVOICE_OVERDUE,Bank_C,E23,P007,WALLET,SEND_REMINDER,0.5380356,12075.105431082846,12075.105431082846,HIGH
E01335,18588.24,CHECKOUT_ABANDONED,Bank_A,E11,P020,NETBANKING,SEND_REMINDER,0.6495557,12074.096931495667,12074.096931495667,HIGH
E02290,19579.08,PAYMENT_FAILED,Bank_B,E42,P006,UPI,ALTERNATE_PAYMENT,0.6162392,12065.396402134897,12065.396402134897,HIGH
E03199,17292.46,CHECKOUT_ABANDONED,Bank_B,E23,P012,WALLET,SEND_REMINDER,0.6976663,12064.366368596551,12064.366368596551,HIGH
E03071,15753.48,CHECKOUT_ABANDONED,Bank_A,E42,P011,UPI,ALTERNATE_PAYMENT,0.7655754,12060.476893157958,12060.476893157958,HIGH
E00074,19522.12,PAYMENT_FAILED,Bank_D,E17,P005,WALLET,RETRY_PAYMENT,0.6177376,12059.547385218142,12059.547385218142,HIGH
E03523,16688.02,INVOICE_OVERDUE,Bank_B,E42,P017,NETBANKING,ALTERNATE_PAYMENT,0.7226355,12059.355803265573,12059.355803265573,HIGH
E03788,19764.2,INVOICE_OVERDUE,Bank_B,E42,P014,UPI,ALTERNATE_PAYMENT,0.6098326,12052.853173649311,12052.853173649311,HIGH
E02525,22280.3,INVOICE_OVERDUE,Bank_C,E17,P012,NETBANKING,ALTERNATE_PAYMENT,0.5409424,12052.35830617547,12052.35830617547,HIGH
E01866,18113.22,SUBSCRIPTION_FAILED,Bank_D,E17,P020,WALLET,ALTERNATE_PAYMENT,0.66507435,12046.637989826204,12046.637989826204,HIGH
E03849,23007.76,INVOICE_OVERDUE,Bank_B,E17,P009,WALLET,SEND_REMINDER,0.52341276,12042.55525671482,12042.55525671482,HIGH
E01955,20554.29,CHECKOUT_ABANDONED,Bank_B,E17,P004,CARD,SEND_REMINDER,0.58581495,12041.010427222252,12041.010427222252,HIGH
E02336,17205.89,INVOICE_OVERDUE,Bank_A,E42,P019,NETBANKING,ALTERNATE_PAYMENT,0.6997684,12040.1385294044,12040.1385294044,HIGH
E04468,21885.35,INVOICE_OVERDUE,Bank_D,E17,P014,WALLET,SEND_REMINDER,0.5500334,12037.673263260722,12037.673263260722,HIGH
E04917,23398.35,INVOICE_OVERDUE,Bank_C,E23,P011,UPI,SEND_REMINDER,0.5144536,12037.365155616402,12037.365155616402,HIGH
E03628,21905.39,CHECKOUT_ABANDONED,Bank_B,E11,P006,UPI,SEND_REMINDER,0.5495078,12037.182596164346,12037.182596164346,HIGH
E00446,22798.3,CHECKOUT_ABANDONED,Bank_A,E23,P017,NETBANKING,SEND_REMINDER,0.52785546,12034.207039684055,12034.207039684055,HIGH
E04029,24300.4,SUBSCRIPTION_FAILED,Bank_B,E23,P002,CARD,ALTERNATE_PAYMENT,0.49519938,12033.543069767951,12033.543069767951,HIGH
E00998,24070.43,INVOICE_OVERDUE,Bank_D,E23,P020,WALLET,RETRY_PAYMENT,0.49978063,12029.93455194384,12029.93455194384,HIGH
E01867,20857.6,CHECKOUT_ABANDONED,Bank_A,E11,P004,UPI,SEND_REMINDER,0.57671094,12028.806089782714,12028.806089782714,HIGH
E02453,18512.01,INVOICE_OVERDUE,Bank_B,E42,P003,WALLET,ALTERNATE_PAYMENT,0.6492835,12019.543169242144,12019.543169242144,HIGH
E01228,18315.49,SUBSCRIPTION_FAILED,Bank_B,E11,P011,CARD,ALTERNATE_PAYMENT,0.6560255,12015.42901445508,12015.42901445508,HIGH
E00627,22315.03,SUBSCRIPTION_FAILED,Bank_D,E11,P017,WALLET,ALTERNATE_PAYMENT,0.53834367,12013.155101373197,12013.155101373197,HIGH
E04076,20457.86,CHECKOUT_ABANDONED,Bank_B,E42,P013,UPI,ALTERNATE_PAYMENT,0.5865809,12000.18936901331,12000.18936901331,HIGH
E03400,18023.12,SUBSCRIPTION_FAILED,Bank_D,E17,P005,NETBANKING,ALTERNATE_PAYMENT,0.6655167,11994.686886849402,11994.686886849402,HIGH
E01748,23954.18,PAYMENT_FAILED,Bank_C,E42,P014,CARD,ALTERNATE_PAYMENT,0.5005586,11990.471157813072,11990.471157813072,HIGH
E03512,18457.76,PAYMENT_FAILED,Bank_D,E17,P010,CARD,RETRY_PAYMENT,0.6491725,11982.269924421307,11982.269924421307,HIGH
E02712,20823.32,CHECKOUT_ABANDONED,Bank_A,E23,P011,UPI,ALTERNATE_PAYMENT,0.5752207,11978.00479165554,11978.00479165554,HIGH
E04021,18983.46,PAYMENT_FAILED,Bank_B,E23,P014,WALLET,RETRY_PAYMENT,0.6308151,11975.0530046618,11975.0530046618,HIGH
E04767,21833.43,INVOICE_OVERDUE,Bank_D,E11,P008,CARD,ALTERNATE_PAYMENT,0.5482168,11969.453559122088,11969.453559122088,HIGH
E02683,17769.97,PAYMENT_FAILED,Bank_D,E23,P005,CARD,RETRY_PAYMENT,0.673477,11967.665979738833,11967.665979738833,HIGH
E00204,15528.58,CHECKOUT_ABANDONED,Bank_A,E42,P007,WALLET,ALTERNATE_PAYMENT,0.77064705,11967.054351387023,11967.054351387023,HIGH
E02595,19089.71,CHECKOUT_ABANDONED,Bank_D,E42,P013,UPI,ALTERNATE_PAYMENT,0.6268325,11966.050361027716,11966.050361027716,HIGH
E02217,21058.48,CHECKOUT_ABANDONED,Bank_D,E17,P002,UPI,ALTERNATE_PAYMENT,0.5681393,11964.150394802093,11964.150394802093,HIGH
E00787,18391.11,SUBSCRIPTION_FAILED,Bank_C,E17,P011,UPI,ALTERNATE_PAYMENT,0.65043896,11962.294541957976,11962.294541957976,HIGH
E03931,17336.6,SUBSCRIPTION_FAILED,Bank_A,E17,P002,UPI,ALTERNATE_PAYMENT,0.6893505,11950.993632149695,11950.993632149695,HIGH
E00645,24771.64,INVOICE_OVERDUE,Bank_C,E11,P019,NETBANKING,RETRY_PAYMENT,0.48235744,11948.784913933276,11948.784913933276,HIGH
E04667,16125.19,INVOICE_OVERDUE,Bank_A,E42,P010,WALLET,ALTERNATE_PAYMENT,0.7409166,11947.421106601954,11947.421106601954,HIGH
E01699,23223.84,CHECKOUT_ABANDONED,Bank_C,E11,P019,UPI,SEND_REMINDER,0.5143755,11945.77449379921,11945.77449379921,HIGH
E00234,15842.4,SUBSCRIPTION_FAILED,Bank_B,E42,P012,UPI,ALTERNATE_PAYMENT,0.7538757,11943.199959039688,11943.199959039688,HIGH
E03211,20122.97,PAYMENT_FAILED,Bank_D,E17,P005,NETBANKING,RETRY_PAYMENT,0.59340847,11941.140746697189,11941.140746697189,HIGH
E01803,16700.22,PAYMENT_FAILED,Bank_C,E42,P012,CARD,ALTERNATE_PAYMENT,0.7147745,11936.891223413944,11936.891223413944,HIGH
E00635,19140.86,INVOICE_OVERDUE,Bank_C,E42,P020,CARD,ALTERNATE_PAYMENT,0.6236041,11936.319133833647,11936.319133833647,HIGH
E00342,15804.26,INVOICE_OVERDUE,Bank_A,E42,P015,CARD,ALTERNATE_PAYMENT,0.7549567,11931.532327337263,11931.532327337263,HIGH
E01217,17287.44,CHECKOUT_ABANDONED,Bank_C,E23,P012,WALLET,SEND_REMINDER,0.690173,11931.32381359577,11931.32381359577,HIGH
E02477,23476.52,INVOICE_OVERDUE,Bank_A,E17,P011,UPI,RETRY_PAYMENT,0.5081938,11930.621696236134,11930.621696236134,HIGH
E01389,17017.58,SUBSCRIPTION_FAILED,Bank_D,E42,P008,NETBANKING,ALTERNATE_PAYMENT,0.7008147,11926.170630311966,11926.170630311966,HIGH
E03116,15982.36,SUBSCRIPTION_FAILED,Bank_D,E42,P016,CARD,ALTERNATE_PAYMENT,0.745658,11917.374280297756,11917.374280297756,HIGH
E02244,22445.12,INVOICE_OVERDUE,Bank_A,E23,P007,CARD,ALTERNATE_PAYMENT,0.53013635,11898.973920669556,11898.973920669556,HIGH
E02296,20334.89,SUBSCRIPTION_FAILED,Bank_C,E23,P004,UPI,ALTERNATE_PAYMENT,0.58508766,11897.693144940138,11897.693144940138,HIGH
E01361,18010.21,PAYMENT_FAILED,Bank_C,E23,P007,NETBANKING,RETRY_PAYMENT,0.6602985,11892.11512112081,11892.11512112081,HIGH
E04935,21317.23,INVOICE_OVERDUE,Bank_D,E23,P019,CARD,RETRY_PAYMENT,0.557854,11891.90195521772,11891.90195521772,HIGH
E01031,17476.55,PAYMENT_FAILED,Bank_A,E42,P013,UPI,ALTERNATE_PAYMENT,0.6802017,11887.57918215096,11887.57918215096,HIGH
E04276,17231.98,SUBSCRIPTION_FAILED,Bank_C,E42,P018,CARD,ALTERNATE_PAYMENT,0.6897992,11886.605838644504,11886.605838644504,HIGH
E01034,18004.26,CHECKOUT_ABANDONED,Bank_D,E17,P008,NETBANKING,SEND_REMINDER,0.6601582,11885.660179163217,11885.660179163217,HIGH
E04658,23313.16,INVOICE_OVERDUE,Bank_D,E11,P002,UPI,ALTERNATE_PAYMENT,0.50981903,11885.492635192872,11885.492635192872,HIGH
E03077,20018.75,INVOICE_OVERDUE,Bank_C,E42,P004,WALLET,ALTERNATE_PAYMENT,0.5933952,11879.029630497098,11879.029630497098,HIGH
E02507,18317.44,SUBSCRIPTION_FAILED,Bank_D,E11,P010,UPI,ALTERNATE_PAYMENT,0.6484013,11877.052274665832,11877.052274665832,HIGH
E03965,19608.07,CHECKOUT_ABANDONED,Bank_A,E11,P006,WALLET,SEND_REMINDER,0.6053374,11869.497747380734,11869.497747380734,HIGH
E01381,18584.69,PAYMENT_FAILED,Bank_B,E17,P012,CARD,RETRY_PAYMENT,0.6386612,11869.320524235369,11869.320524235369,HIGH
E04660,19307.72,CHECKOUT_ABANDONED,Bank_D,E17,P015,UPI,SEND_REMINDER,0.61427015,11860.15607332945,11860.15607332945,HIGH
E04442,19974.76,PAYMENT_FAILED,Bank_C,E23,P015,WALLET,RETRY_PAYMENT,0.59367245,11858.46479439497,11858.46479439497,HIGH
E04583,15668.31,CHECKOUT_ABANDONED,Bank_A,E42,P014,WALLET,ALTERNATE_PAYMENT,0.75669277,11856.096850358248,11856.096850358248,HIGH
E00885,20596.21,PAYMENT_FAILED,Bank_B,E23,P017,NETBANKING,RETRY_PAYMENT,0.5755414,11853.971065772772,11853.971065772772,HIGH
E01187,15964.11,SUBSCRIPTION_FAILED,Bank_D,E23,P006,WALLET,ALTERNATE_PAYMENT,0.742431,11852.249911531806,11852.249911531806,HIGH
E00252,21233.01,PAYMENT_FAILED,Bank_C,E17,P004,WALLET,RETRY_PAYMENT,0.55818635,11851.976399250623,11851.976399250623,HIGH
E00703,19047.68,SUBSCRIPTION_FAILED,Bank_D,E11,P017,NETBANKING,ALTERNATE_PAYMENT,0.6221929,11851.331624221802,11851.331624221802,HIGH
E00051,17710.86,PAYMENT_FAILED,Bank_D,E11,P007,UPI,RETRY_PAYMENT,0.66902363,11848.983900811672,11848.983900811672,HIGH
E00684,19752.41,CHECKOUT_ABANDONED,Bank_D,E23,P007,UPI,SEND_REMINDER,0.59962434,11844.025726024507,11844.025726024507,HIGH
E04964,19625.91,PAYMENT_FAILED,Bank_A,E23,P007,UPI,ALTERNATE_PAYMENT,0.6034527,11843.308035907745,11843.308035907745,HIGH
E02164,24705.83,PAYMENT_FAILED,Bank_D,E42,P006,UPI,ALTERNATE_PAYMENT,0.47926062,11840.53148877442,11840.53148877442,HIGH
E02524,17669.1,INVOICE_OVERDUE,Bank_D,E42,P002,CARD,ALTERNATE_PAYMENT,0.6699786,11837.919210290907,11837.919210290907,HIGH
E03118,16708.63,SUBSCRIPTION_FAILED,Bank_B,E11,P007,CARD,ALTERNATE_PAYMENT,0.70838135,11836.081956399084,11836.081956399084,HIGH
E02463,24379.46,INVOICE_OVERDUE,Bank_D,E42,P018,NETBANKING,SEND_REMINDER,0.4853869,11833.470709434749,11833.470709434749,HIGH
E04110,20273.44,CHECKOUT_ABANDONED,Bank_C,E17,P004,NETBANKING,SEND_REMINDER,0.5836685,11832.96771419525,11832.96771419525,HIGH
E00898,22651.32,INVOICE_OVERDUE,Bank_C,E17,P006,WALLET,SEND_REMINDER,0.5222186,11828.940279107092,11828.940279107092,HIGH
E02859,18900.08,PAYMENT_FAILED,Bank_B,E23,P004,NETBANKING,RETRY_PAYMENT,0.6258112,11827.882108068468,11827.882108068468,HIGH
E02854,17911.35,CHECKOUT_ABANDONED,Bank_B,E23,P015,UPI,SEND_REMINDER,0.6603048,11826.95010677576,11826.95010677576,HIGH
E03346,19805.27,CHECKOUT_ABANDONED,Bank_D,E42,P006,CARD,SEND_REMINDER,0.5970988,11825.703492588997,11825.703492588997,HIGH
E03719,18866.88,INVOICE_OVERDUE,Bank_C,E11,P007,NETBANKING,SEND_REMINDER,0.6267807,11825.396041202546,11825.396041202546,HIGH
E04083,21257.99,PAYMENT_FAILED,Bank_A,E17,P014,WALLET,ALTERNATE_PAYMENT,0.5560089,11819.631112527251,11819.631112527251,HIGH
E01369,20516.51,CHECKOUT_ABANDONED,Bank_C,E23,P013,CARD,SEND_REMINDER,0.57588524,11815.155208647846,11815.155208647846,HIGH
E04115,15077.74,CHECKOUT_ABANDONED,Bank_A,E42,P016,WALLET,ALTERNATE_PAYMENT,0.78326285,11809.833586680888,11809.833586680888,HIGH
E00860,15699.1,SUBSCRIPTION_FAILED,Bank_D,E42,P007,UPI,ALTERNATE_PAYMENT,0.7520418,11806.379684734346,11806.379684734346,HIGH
E01940,15667.78,INVOICE_OVERDUE,Bank_A,E42,P011,NETBANKING,ALTERNATE_PAYMENT,0.7534423,11804.768002386094,11804.768002386094,HIGH
E01807,23622.83,PAYMENT_FAILED,Bank_C,E11,P004,CARD,RETRY_PAYMENT,0.49955502,11800.903349117936,11800.903349117936,HIGH
E03731,17382.32,CHECKOUT_ABANDONED,Bank_C,E17,P020,CARD,SEND_REMINDER,0.6788368,11799.75887664795,11799.75887664795,HIGH
E02442,15588.18,INVOICE_OVERDUE,Bank_A,E42,P017,NETBANKING,ALTERNATE_PAYMENT,0.7569399,11799.315223331452,11799.315223331452,HIGH
E04655,19451.83,PAYMENT_FAILED,Bank_B,E17,P018,WALLET,RETRY_PAYMENT,0.6064856,11797.254890573024,11797.254890573024,HIGH
E03447,15913.27,CHECKOUT_ABANDONED,Bank_A,E42,P003,NETBANKING,ALTERNATE_PAYMENT,0.7412141,11795.14004614532,11795.14004614532,HIGH
E02439,15732.07,SUBSCRIPTION_FAILED,Bank_B,E42,P010,WALLET,ALTERNATE_PAYMENT,0.74963456,11793.303434054254,11793.303434054254,HIGH
E00358,21079.12,CHECKOUT_ABANDONED,Bank_B,E17,P017,CARD,SEND_REMINDER,0.5594728,11793.194273204805,11793.194273204805,HIGH
E04366,17816.62,PAYMENT_FAILED,Bank_C,E42,P011,CARD,ALTERNATE_PAYMENT,0.6619209,11793.1932364583,11793.1932364583,HIGH
E02734,18839.7,INVOICE_OVERDUE,Bank_D,E42,P001,NETBANKING,ALTERNATE_PAYMENT,0.6256675,11787.388233679534,11787.388233679534,HIGH
E04528,16550.06,CHECKOUT_ABANDONED,Bank_B,E42,P002,WALLET,ALTERNATE_PAYMENT,0.7120854,11785.05652300477,11785.05652300477,HIGH
E03251,23858.96,CHECKOUT_ABANDONED,Bank_D,E23,P013,CARD,SEND_REMINDER,0.49389657,11783.858598001005,11783.858598001005,HIGH
E04184,21706.59,SUBSCRIPTION_FAILED,Bank_D,E11,P020,UPI,ALTERNATE_PAYMENT,0.54278433,11781.996979826688,11781.996979826688,HIGH
E04750,19733.83,INVOICE_OVERDUE,Bank_C,E23,P015,NETBANKING,SEND_REMINDER,0.5969573,11780.25438726306,11780.25438726306,HIGH
E02415,22456.85,INVOICE_OVERDUE,Bank_C,E23,P006,UPI,SEND_REMINDER,0.5241491,11770.738162192702,11770.738162192702,HIGH
E02672,19555.08,SUBSCRIPTION_FAILED,Bank_D,E23,P012,CARD,ALTERNATE_PAYMENT,0.6013946,11760.31939167738,11760.31939167738,HIGH
E04578,18467.55,PAYMENT_FAILED,Bank_D,E11,P001,NETBANKING,RETRY_PAYMENT,0.6366811,11757.939676451682,11757.939676451682,HIGH
E03504,18260.37,CHECKOUT_ABANDONED,Bank_B,E42,P009,NETBANKING,SEND_REMINDER,0.64362776,11752.881090899706,11752.881090899706,HIGH
E00947,18167.74,PAYMENT_FAILED,Bank_B,E42,P008,UPI,ALTERNATE_PAYMENT,0.64676124,11750.19002450824,11750.19002450824,HIGH
E01262,18651.64,CHECKOUT_ABANDONED,Bank_D,E42,P001,WALLET,ALTERNATE_PAYMENT,0.629955,11749.693759157655,11749.693759157655,HIGH
E02428,15802.34,INVOICE_OVERDUE,Bank_A,E42,P018,WALLET,ALTERNATE_PAYMENT,0.7433778,11747.108819210527,11747.108819210527,HIGH
E04983,23887.99,INVOICE_OVERDUE,Bank_A,E23,P019,UPI,SEND_REMINDER,0.49175692,11747.084292941094,11747.084292941094,HIGH
E03142,15675.83,CHECKOUT_ABANDONED,Bank_A,E42,P011,WALLET,ALTERNATE_PAYMENT,0.7489862,11740.980102091433,11740.980102091433,HIGH
E02088,19979.64,CHECKOUT_ABANDONED,Bank_B,E17,P004,NETBANKING,SEND_REMINDER,0.58761626,11740.36142925024,11740.36142925024,HIGH
E04967,15507.49,INVOICE_OVERDUE,Bank_A,E42,P017,CARD,ALTERNATE_PAYMENT,0.75663656,11733.533887264131,11733.533887264131,HIGH
E01373,22084.6,SUBSCRIPTION_FAILED,Bank_B,E11,P009,CARD,ALTERNATE_PAYMENT,0.5310022,11726.971704924106,11726.971704924106,HIGH
E04341,18740.42,CHECKOUT_ABANDONED,Bank_B,E42,P013,UPI,ALTERNATE_PAYMENT,0.62561786,11724.341488654612,11724.341488654612,HIGH
E01186,17702.84,SUBSCRIPTION_FAILED,Bank_D,E17,P014,CARD,ALTERNATE_PAYMENT,0.66227376,11724.126491093635,11724.126491093635,HIGH
E01869,14705.63,INVOICE_OVERDUE,Bank_A,E42,P017,WALLET,ALTERNATE_PAYMENT,0.79678863,11717.278823187946,11717.278823187946,HIGH
E03166,17245.67,SUBSCRIPTION_FAILED,Bank_D,E42,P010,CARD,ALTERNATE_PAYMENT,0.6793357,11715.599532278777,11715.599532278777,HIGH
E00355,18671.95,PAYMENT_FAILED,Bank_A,E42,P001,WALLET,ALTERNATE_PAYMENT,0.6273074,11713.0526876688,11713.0526876688,HIGH
E03952,20980.07,PAYMENT_FAILED,Bank_A,E17,P009,WALLET,RETRY_PAYMENT,0.5580432,11707.785019205212,11707.785019205212,HIGH
E02433,22760.96,INVOICE_OVERDUE,Bank_C,E17,P005,UPI,SEND_REMINDER,0.5143784,11707.746835021971,11707.746835021971,HIGH
E01510,19035.2,INVOICE_OVERDUE,Bank_C,E42,P002,UPI,ALTERNATE_PAYMENT,0.61504936,11707.587619018555,11707.587619018555,HIGH
E03403,17676.15,SUBSCRIPTION_FAILED,Bank_D,E17,P014,CARD,ALTERNATE_PAYMENT,0.66227376,11706.450404316189,11706.450404316189,HIGH
E01052,22889.97,CHECKOUT_ABANDONED,Bank_A,E23,P010,UPI,SEND_REMINDER,0.5114186,11706.355976736546,11706.355976736546,HIGH
E00945,20383.51,CHECKOUT_ABANDONED,Bank_A,E23,P012,NETBANKING,SEND_REMINDER,0.5742014,11704.240081817508,11704.240081817508,HIGH
E00038,22233.62,INVOICE_OVERDUE,Bank_D,E23,P001,WALLET,ALTERNATE_PAYMENT,0.5263216,11702.034228671788,11702.034228671788,HIGH
E02198,15412.84,PAYMENT_FAILED,Bank_A,E42,P017,CARD,ALTERNATE_PAYMENT,0.75843817,11689.68616342783,11689.68616342783,HIGH
E03481,21842.74,INVOICE_OVERDUE,Bank_C,E17,P003,NETBANKING,SEND_REMINDER,0.5349394,11684.542411301138,11684.542411301138,HIGH
E01026,21722.56,INVOICE_OVERDUE,Bank_C,E11,P003,NETBANKING,SEND_REMINDER,0.53782094,11682.847535209656,11682.847535209656,HIGH
E04847,17290.58,SUBSCRIPTION_FAILED,Bank_D,E11,P006,NETBANKING,ALTERNATE_PAYMENT,0.67558694,11681.290013279917,11681.290013279917,HIGH
E01702,20295.16,INVOICE_OVERDUE,Bank_A,E17,P007,WALLET,ALTERNATE_PAYMENT,0.57555234,11680.926916394234,11680.926916394234,HIGH
E04204,21469.57,CHECKOUT_ABANDONED,Bank_C,E11,P003,CARD,SEND_REMINDER,0.544035,11680.197890461088,11680.197890461088,HIGH
E02901,18061.02,SUBSCRIPTION_FAILED,Bank_C,E11,P008,WALLET,ALTERNATE_PAYMENT,0.6466782,11679.668071818352,11679.668071818352,HIGH
E02651,22466.24,INVOICE_OVERDUE,Bank_D,E23,P011,UPI,SEND_REMINDER,0.51976496,11677.164330730438,11677.164330730438,HIGH
E02718,20779.13,CHECKOUT_ABANDONED,Bank_A,E11,P010,NETBANKING,SEND_REMINDER,0.56193924,11676.60850971222,11676.60850971222,HIGH
E03150,18213.5,PAYMENT_FAILED,Bank_B,E23,P012,CARD,RETRY_PAYMENT,0.6408778,11672.627506107092,11672.627506107092,HIGH
E03959,20717.77,CHECKOUT_ABANDONED,Bank_B,E17,P002,UPI,SEND_REMINDER,0.5630422,11664.979285798669,11664.979285798669,HIGH
E02358,17782.52,SUBSCRIPTION_FAILED,Bank_D,E11,P015,NETBANKING,ALTERNATE_PAYMENT,0.65558326,11657.922476067542,11657.922476067542,HIGH
E00269,16838.17,SUBSCRIPTION_FAILED,Bank_C,E17,P013,WALLET,ALTERNATE_PAYMENT,0.6920912,11653.54972862482,11653.54972862482,HIGH
E03653,17616.07,PAYMENT_FAILED,Bank_A,E42,P001,WALLET,ALTERNATE_PAYMENT,0.6614842,11652.751651907563,11652.751651907563,HIGH
E01140,20233.92,PAYMENT_FAILED,Bank_C,E42,P014,UPI,ALTERNATE_PAYMENT,0.5755117,11644.857574539184,11644.857574539184,HIGH
E03089,13322.04,SUBSCRIPTION_FAILED,Bank_A,E42,P002,WALLET,ALTERNATE_PAYMENT,0.87402284,11643.767254757882,11643.767254757882,HIGH
E01671,20692.41,CHECKOUT_ABANDONED,Bank_D,E17,P014,UPI,SEND_REMINDER,0.5626908,11643.428622356058,11643.428622356058,HIGH
E01109,15056.34,INVOICE_OVERDUE,Bank_A,E42,P008,WALLET,ALTERNATE_PAYMENT,0.7732738,11642.673632018566,11642.673632018566,HIGH
E03730,22672.84,PAYMENT_FAILED,Bank_C,E23,P017,UPI,RETRY_PAYMENT,0.5133557,11639.231022498609,11639.231022498609,HIGH
E02504,21423.38,CHECKOUT_ABANDONED,Bank_D,E11,P020,UPI,SEND_REMINDER,0.5432374,11637.980996202232,11637.980996202232,HIGH
E02150,14961.21,SUBSCRIPTION_FAILED,Bank_C,E42,P007,CARD,ALTERNATE_PAYMENT,0.7778094,11636.969496366975,11636.969496366975,HIGH
E04877,21891.56,INVOICE_OVERDUE,Bank_C,E17,P006,WALLET,SEND_REMINDER,0.5315147,11635.68603847742,11635.68603847742,HIGH
E01677,15164.83,SUBSCRIPTION_FAILED,Bank_D,E42,P009,WALLET,ALTERNATE_PAYMENT,0.76720774,11634.574978131055,11634.574978131055,HIGH
E03548,15900.82,CHECKOUT_ABANDONED,Bank_A,E42,P003,UPI,ALTERNATE_PAYMENT,0.7316515,11633.858565181494,11633.858565181494,HIGH
E04576,16122.77,INVOICE_OVERDUE,Bank_B,E42,P012,NETBANKING,ALTERNATE_PAYMENT,0.7214587,11631.91225697756,11631.91225697756,HIGH
E00243,16924.44,SUBSCRIPTION_FAILED,Bank_B,E17,P011,UPI,ALTERNATE_PAYMENT,0.68681437,11623.94855848074,11623.94855848074,HIGH
E03051,19897.09,INVOICE_OVERDUE,Bank_D,E17,P009,WALLET,SEND_REMINDER,0.5841884,11623.649205562471,11623.649205562471,HIGH
E03461,18901.69,PAYMENT_FAILED,Bank_D,E11,P011,WALLET,RETRY_PAYMENT,0.6148574,11621.843508216738,11621.843508216738,HIGH
E02538,18945.3,SUBSCRIPTION_FAILED,Bank_B,E23,P017,CARD,ALTERNATE_PAYMENT,0.61336607,11620.404156893492,11620.404156893492,HIGH
E03791,15976.4,INVOICE_OVERDUE,Bank_A,E42,P003,NETBANKING,ALTERNATE_PAYMENT,0.7273029,11619.68219370842,11619.68219370842,HIGH
E04612,19932.79,CHECKOUT_ABANDONED,Bank_A,E17,P008,CARD,SEND_REMINDER,0.5827645,11616.122524329425,11616.122524329425,HIGH
E00986,23502.49,INVOICE_OVERDUE,Bank_C,E23,P012,CARD,SEND_REMINDER,0.494027,11610.864362703263,11610.864362703263,HIGH
E03636,20954.43,PAYMENT_FAILED,Bank_C,E23,P006,UPI,RETRY_PAYMENT,0.55393285,11607.347037668824,11607.347037668824,HIGH
E00657,16646.61,CHECKOUT_ABANDONED,Bank_C,E42,P016,UPI,ALTERNATE_PAYMENT,0.6972073,11606.137547026276,11606.137547026276,HIGH
E00599,23151.75,INVOICE_OVERDUE,Bank_A,E11,P010,NETBANKING,SEND_REMINDER,0.50120646,11603.80660508573,11603.80660508573,HIGH
E00387,16891.05,PAYMENT_FAILED,Bank_B,E42,P016,WALLET,ALTERNATE_PAYMENT,0.6861789,11590.282491481305,11590.282491481305,HIGH
E02313,19886.79,CHECKOUT_ABANDONED,Bank_A,E17,P008,CARD,SEND_REMINDER,0.5827645,11589.315357037784,11589.315357037784,HIGH
E01512,22405.24,INVOICE_OVERDUE,Bank_B,E17,P003,WALLET,SEND_REMINDER,0.51724595,11589.019611017704,11589.019611017704,HIGH
E02656,20326.33,INVOICE_OVERDUE,Bank_A,E11,P018,NETBANKING,SEND_REMINDER,0.57013446,11588.74119715512,11588.74119715512,HIGH
E02040,17657.51,SUBSCRIPTION_FAILED,Bank_D,E23,P020,CARD,ALTERNATE_PAYMENT,0.6562912,11588.468194001316,11588.468194001316,HIGH
E04079,16023.99,INVOICE_OVERDUE,Bank_A,E42,P003,UPI,ALTERNATE_PAYMENT,0.7231675,11588.028452433944,11588.028452433944,HIGH
E04587,20497.25,CHECKOUT_ABANDONED,Bank_C,E17,P002,UPI,SEND_REMINDER,0.56500673,11581.084256768228,11581.084256768228,HIGH
E01182,15737.45,PAYMENT_FAILED,Bank_A,E42,P015,CARD,ALTERNATE_PAYMENT,0.73579,11579.458560025692,11579.458560025692,HIGH
E01388,18426.15,PAYMENT_FAILED,Bank_A,E17,P009,UPI,RETRY_PAYMENT,0.62839717,11578.940453723077,11578.940453723077,HIGH
E02030,16321.86,SUBSCRIPTION_FAILED,Bank_C,E42,P006,CARD,ALTERNATE_PAYMENT,0.7093517,11577.939438904525,11577.939438904525,HIGH
E04456,22925.56,INVOICE_OVERDUE,Bank_B,E23,P019,UPI,SEND_REMINDER,0.50496244,11576.546814670564,11576.546814670564,HIGH
E01241,16894.28,CHECKOUT_ABANDONED,Bank_B,E42,P017,NETBANKING,ALTERNATE_PAYMENT,0.6851267,11574.722674567698,11574.722674567698,HIGH
E02693,17388.8,CHECKOUT_ABANDONED,Bank_D,E17,P015,UPI,SEND_REMINDER,0.66543627,11571.138174438476,11571.138174438476,HIGH
E00763,15260.51,CHECKOUT_ABANDONED,Bank_A,E42,P012,NETBANKING,ALTERNATE_PAYMENT,0.758085,11568.763913128376,11568.763913128376,HIGH
E00014,17818.0,SUBSCRIPTION_FAILED,Bank_C,E23,P003,UPI,ALTERNATE_PAYMENT,0.64910185,11565.696823358536,11565.696823358536,HIGH
E03144,18846.56,PAYMENT_FAILED,Bank_B,E17,P016,WALLET,RETRY_PAYMENT,0.61348426,11562.067979602814,11562.067979602814,HIGH
E01437,17420.26,SUBSCRIPTION_FAILED,Bank_D,E11,P018,WALLET,ALTERNATE_PAYMENT,0.66338784,11556.38856698632,11556.38856698632,HIGH
E03904,24681.71,CHECKOUT_ABANDONED,Bank_D,E42,P011,WALLET,SEND_REMINDER,0.46787053,11547.844824561476,11547.844824561476,HIGH
E02686,18954.29,PAYMENT_FAILED,Bank_D,E17,P010,UPI,RETRY_PAYMENT,0.6092439,11547.7861183244,11547.7861183244,HIGH
E01996,17107.78,PAYMENT_FAILED,Bank_A,E42,P010,WALLET,ALTERNATE_PAYMENT,0.67497617,11547.34382268071,11547.34382268071,HIGH
E04104,19609.11,CHECKOUT_ABANDONED,Bank_A,E11,P011,CARD,SEND_REMINDER,0.5888392,11546.612121881248,11546.612121881248,HIGH
E01427,15746.76,INVOICE_OVERDUE,Bank_A,E42,P010,WALLET,ALTERNATE_PAYMENT,0.73326457,11546.541128926276,11546.541128926276,HIGH
E02534,18995.83,PAYMENT_FAILED,Bank_A,E23,P008,WALLET,ALTERNATE_PAYMENT,0.6074743,11539.479046716691,11539.479046716691,HIGH
E02520,21226.54,INVOICE_OVERDUE,Bank_D,E11,P016,UPI,SEND_REMINDER,0.54360276,11538.805827029944,11538.805827029944,HIGH
E03377,18049.55,INVOICE_OVERDUE,Bank_B,E42,P011,CARD,ALTERNATE_PAYMENT,0.63927144,11538.561785951257,11538.561785951257,HIGH
E01153,12988.29,SUBSCRIPTION_FAILED,Bank_A,E42,P019,WALLET,ALTERNATE_PAYMENT,0.88826257,11537.011854062675,11537.011854062675,HIGH
E00160,18874.03,CHECKOUT_ABANDONED,Bank_D,E11,P019,CARD,SEND_REMINDER,0.6111762,11535.357797446846,11535.357797446846,HIGH
E04365,17868.61,CHECKOUT_ABANDONED,Bank_C,E11,P019,CARD,SEND_REMINDER,0.6455365,11534.839643600584,11534.839643600584,HIGH
E04604,14858.63,SUBSCRIPTION_FAILED,Bank_C,E42,P015,NETBANKING,ALTERNATE_PAYMENT,0.77629185,11534.633329992294,11534.633329992294,HIGH
E04619,23665.49,INVOICE_OVERDUE,Bank_C,E11,P017,WALLET,SEND_REMINDER,0.4873374,11533.078613629938,11533.078613629938,HIGH
E02140,15141.91,SUBSCRIPTION_FAILED,Bank_D,E42,P015,NETBANKING,ALTERNATE_PAYMENT,0.7616273,11532.492279604674,11532.492279604674,HIGH
E04758,15051.63,INVOICE_OVERDUE,Bank_A,E42,P015,UPI,ALTERNATE_PAYMENT,0.7654789,11521.70531130731,11521.70531130731,HIGH
E00368,18473.59,SUBSCRIPTION_FAILED,Bank_C,E23,P013,UPI,ALTERNATE_PAYMENT,0.6234074,11516.573144626022,11516.573144626022,HIGH
E00951,12808.11,SUBSCRIPTION_FAILED,Bank_A,E42,P006,CARD,ALTERNATE_PAYMENT,0.89891225,11513.366991099716,11513.366991099716,HIGH
E04302,14580.97,PAYMENT_FAILED,Bank_A,E42,P017,WALLET,ALTERNATE_PAYMENT,0.7894493,11510.936188588736,11510.936188588736,HIGH
E04206,17344.79,PAYMENT_FAILED,Bank_B,E11,P019,NETBANKING,RETRY_PAYMENT,0.6634625,11507.618076125384,11507.618076125384,HIGH
E01768,14743.48,CHECKOUT_ABANDONED,Bank_A,E42,P007,WALLET,ALTERNATE_PAYMENT,0.7799089,11498.571202516556,11498.571202516556,HIGH
E00185,17365.86,PAYMENT_FAILED,Bank_A,E11,P007,NETBANKING,RETRY_PAYMENT,0.6620078,11496.334924535751,11496.334924535751,HIGH
E02061,18878.68,INVOICE_OVERDUE,Bank_C,E42,P018,NETBANKING,ALTERNATE_PAYMENT,0.60888183,11494.885248456,11494.885248456,HIGH
E04985,22746.28,PAYMENT_FAILED,Bank_D,E42,P020,WALLET,ALTERNATE_PAYMENT,0.50518644,11491.112183699608,11491.112183699608,HIGH
E03699,15157.2,SUBSCRIPTION_FAILED,Bank_D,E42,P019,UPI,ALTERNATE_PAYMENT,0.7573026,11478.586699891091,11478.586699891091,HIGH
E03137,19827.32,INVOICE_OVERDUE,Bank_C,E42,P018,WALLET,ALTERNATE_PAYMENT,0.57891613,11478.355411250592,11478.355411250592,HIGH
E00778,23000.74,CHECKOUT_ABANDONED,Bank_A,E11,P005,UPI,ALTERNATE_PAYMENT,0.4987614,11471.880954048038,11471.880954048038,HIGH
E00476,16289.52,CHECKOUT_ABANDONED,Bank_B,E42,P002,UPI,ALTERNATE_PAYMENT,0.70414764,11470.227014079092,11470.227014079092,HIGH
E04405,16400.06,SUBSCRIPTION_FAILED,Bank_D,E11,P016,WALLET,ALTERNATE_PAYMENT,0.699256,11467.840402969125,11467.840402969125,HIGH
E03692,18134.56,PAYMENT_FAILED,Bank_A,E17,P020,CARD,RETRY_PAYMENT,0.6319575,11460.270682020187,11460.270682020187,HIGH
E02119,12799.31,SUBSCRIPTION_FAILED,Bank_A,E42,P019,WALLET,ALTERNATE_PAYMENT,0.8953573,11459.955781336426,11459.955781336426,HIGH
E03528,18767.42,CHECKOUT_ABANDONED,Bank_D,E23,P014,CARD,SEND_REMINDER,0.61056083,11458.651614881754,11458.651614881754,HIGH
E00264,17781.95,PAYMENT_FAILED,Bank_A,E11,P015,NETBANKING,RETRY_PAYMENT,0.6443821,11458.370624130965,11458.370624130965,HIGH
E00823,13251.01,SUBSCRIPTION_FAILED,Bank_A,E42,P016,UPI,ALTERNATE_PAYMENT,0.86460954,11456.949654126764,11456.949654126764,HIGH
E04374,24523.25,CHECKOUT_ABANDONED,Bank_C,E11,P015,UPI,SEND_REMINDER,0.4670298,11453.088786900043,11453.088786900043,HIGH
E04740,21620.77,INVOICE_OVERDUE,Bank_C,E17,P004,WALLET,SEND_REMINDER,0.52958095,11449.947932265995,11449.947932265995,HIGH
E02765,22998.42,INVOICE_OVERDUE,Bank_C,E11,P002,CARD,SEND_REMINDER,0.497702,11446.35968891859,11446.35968891859,HIGH
E03155,21549.96,CHECKOUT_ABANDONED,Bank_A,E23,P020,UPI,SEND_REMINDER,0.53113073,11445.84601010084,11445.84601010084,HIGH
E02348,21983.04,INVOICE_OVERDUE,Bank_D,E17,P006,CARD,ALTERNATE_PAYMENT,0.52051294,11442.456747550965,11442.456747550965,HIGH
E03903,15985.79,PAYMENT_FAILED,Bank_A,E42,P004,WALLET,ALTERNATE_PAYMENT,0.7156332,11439.96226835668,11439.96226835668,HIGH
E04075,17528.67,CHECKOUT_ABANDONED,Bank_B,E23,P005,CARD,SEND_REMINDER,0.6526246,11439.64137149334,11439.64137149334,HIGH
E03082,18871.06,CHECKOUT_ABANDONED,Bank_A,E23,P010,NETBANKING,SEND_REMINDER,0.60611516,11438.035596042871,11438.035596042871,HIGH
E01948,17945.55,CHECKOUT_ABANDONED,Bank_D,E11,P013,WALLET,SEND_REMINDER,0.6370933,11432.98977009058,11432.98977009058,HIGH
E02019,18331.94,CHECKOUT_ABANDONED,Bank_C,E17,P008,CARD,SEND_REMINDER,0.6233813,11427.788894165751,11427.788894165751,HIGH
E04378,18291.08,CHECKOUT_ABANDONED,Bank_C,E17,P018,UPI,SEND_REMINDER,0.62459004,11424.42637518406,11424.42637518406,HIGH
E02278,14862.85,CHECKOUT_ABANDONED,Bank_A,E42,P018,WALLET,ALTERNATE_PAYMENT,0.76863676,11424.13291437924,11424.13291437924,HIGH
E00090,15920.27,SUBSCRIPTION_FAILED,Bank_A,E17,P015,NETBANKING,ALTERNATE_PAYMENT,0.717411,11421.37652891457,11421.37652891457,HIGH
E03047,15410.01,SUBSCRIPTION_FAILED,Bank_D,E42,P010,NETBANKING,ALTERNATE_PAYMENT,0.7410756,11419.982026925683,11419.982026925683,HIGH
E02035,20573.68,INVOICE_OVERDUE,Bank_A,E42,P001,UPI,ALTERNATE_PAYMENT,0.5549267,11416.884214282036,11416.884214282036,HIGH
E04551,19651.11,CHECKOUT_ABANDONED,Bank_A,E23,P005,NETBANKING,SEND_REMINDER,0.58095,11416.312781789304,11416.312781789304,HIGH
E02207,16697.39,SUBSCRIPTION_FAILED,Bank_B,E17,P002,UPI,ALTERNATE_PAYMENT,0.6834951,11412.584319803118,11412.584319803118,HIGH
E03143,19900.92,CHECKOUT_ABANDONED,Bank_C,E17,P012,WALLET,ALTERNATE_PAYMENT,0.5732264,11407.732574436664,11407.732574436664,HIGH
E04623,18760.4,INVOICE_OVERDUE,Bank_B,E23,P018,UPI,SEND_REMINDER,0.6080271,11406.831617403031,11406.831617403031,HIGH
E04915,18644.59,CHECKOUT_ABANDONED,Bank_C,E23,P004,UPI,SEND_REMINDER,0.6116397,11403.771032958626,11403.771032958626,HIGH
E01196,15108.34,INVOICE_OVERDUE,Bank_A,E42,P007,WALLET,ALTERNATE_PAYMENT,0.75449663,11399.191675425767,11399.191675425767,HIGH
E03488,17156.93,CHECKOUT_ABANDONED,Bank_D,E42,P018,UPI,SEND_REMINDER,0.6642629,11396.711919323208,11396.711919323208,HIGH
E03799,20215.05,PAYMENT_FAILED,Bank_C,E23,P001,CARD,RETRY_PAYMENT,0.5637469,11396.172360491752,11396.172360491752,HIGH
E03458,17132.17,INVOICE_OVERDUE,Bank_B,E42,P012,NETBANKING,ALTERNATE_PAYMENT,0.66487455,11390.74388232708,11390.74388232708,HIGH
E01606,12483.78,SUBSCRIPTION_FAILED,Bank_A,E42,P005,CARD,ALTERNATE_PAYMENT,0.9124218,11390.47329988718,11390.47329988718,HIGH
E02786,18531.91,SUBSCRIPTION_FAILED,Bank_D,E17,P004,UPI,ALTERNATE_PAYMENT,0.6146407,11390.466370797158,11390.466370797158,HIGH
E04161,23050.94,CHECKOUT_ABANDONED,Bank_A,E11,P005,UPI,ALTERNATE_PAYMENT,0.4937929,11382.39031444788,11382.39031444788,HIGH
E00171,20851.04,INVOICE_OVERDUE,Bank_C,E23,P006,WALLET,SEND_REMINDER,0.54541993,11372.572806663513,11372.572806663513,HIGH
E00179,21033.62,PAYMENT_FAILED,Bank_C,E17,P014,WALLET,RETRY_PAYMENT,0.54066706,11372.18542424202,11372.18542424202,HIGH
E03045,14360.33,CHECKOUT_ABANDONED,Bank_A,E42,P012,WALLET,ALTERNATE_PAYMENT,0.7916996,11369.067348834871,11369.067348834871,HIGH
E04273,12952.79,SUBSCRIPTION_FAILED,Bank_A,E42,P005,NETBANKING,ALTERNATE_PAYMENT,0.8777245,11368.98149308324,11368.98149308324,HIGH
E00737,19614.64,SUBSCRIPTION_FAILED,Bank_C,E11,P012,NETBANKING,ALTERNATE_PAYMENT,0.5794887,11366.462129979132,11366.462129979132,HIGH
E00383,15408.92,PAYMENT_FAILED,Bank_A,E42,P009,UPI,ALTERNATE_PAYMENT,0.73763806,11366.205798146724,11366.205798146724,HIGH
E03381,19483.97,PAYMENT_FAILED,Bank_A,E23,P019,UPI,RETRY_PAYMENT,0.5833479,11365.933306657076,11365.933306657076,HIGH
E03985,20037.88,CHECKOUT_ABANDONED,Bank_A,E23,P010,NETBANKING,SEND_REMINDER,0.56715053,11364.494326183796,11364.494326183796,HIGH
E01431,18260.36,PAYMENT_FAILED,Bank_A,E23,P017,CARD,ALTERNATE_PAYMENT,0.6222874,11363.191812634468,11363.191812634468,HIGH
E00457,12452.35,SUBSCRIPTION_FAILED,Bank_A,E42,P005,CARD,ALTERNATE_PAYMENT,0.9124218,11361.7958820045,11361.7958820045,HIGH
E01247,16738.25,CHECKOUT_ABANDONED,Bank_B,E17,P015,CARD,SEND_REMINDER,0.6786969,11360.197897732258,11360.197897732258,HIGH
E02204,19023.75,CHECKOUT_ABANDONED,Bank_A,E17,P007,CARD,SEND_REMINDER,0.5969509,11356.244467645884,11356.244467645884,HIGH
E04951,15945.22,SUBSCRIPTION_FAILED,Bank_D,E23,P002,WALLET,ALTERNATE_PAYMENT,0.7120807,11354.283691706656,11354.283691706656,HIGH
E01864,24127.54,SUBSCRIPTION_FAILED,Bank_B,E17,P008,NETBANKING,ALTERNATE_PAYMENT,0.47059277,11354.245809507967,11354.245809507967,HIGH
E02662,16327.25,SUBSCRIPTION_FAILED,Bank_C,E42,P004,NETBANKING,ALTERNATE_PAYMENT,0.69510466,11349.147537186742,11349.147537186742,HIGH
E02362,14995.89,PAYMENT_FAILED,Bank_A,E42,P015,CARD,ALTERNATE_PAYMENT,0.75668585,11347.177816210984,11347.177816210984,HIGH
E01921,12622.46,SUBSCRIPTION_FAILED,Bank_A,E42,P015,WALLET,ALTERNATE_PAYMENT,0.8987765,11344.770061899422,11344.770061899422,HIGH
E04661,20008.82,INVOICE_OVERDUE,Bank_D,E23,P013,NETBANKING,SEND_REMINDER,0.5668486,11341.97112581849,11341.97112581849,HIGH
E02189,23474.95,PAYMENT_FAILED,Bank_C,E11,P003,CARD,RETRY_PAYMENT,0.48295936,11337.44682531506,11337.44682531506,HIGH
E02591,18386.84,PAYMENT_FAILED,Bank_D,E42,P011,CARD,ALTERNATE_PAYMENT,0.61649853,11335.45982970953,11335.45982970953,HIGH
E00731,17097.23,CHECKOUT_ABANDONED,Bank_B,E17,P007,WALLET,SEND_REMINDER,0.6628405,11332.736235150098,11332.736235150098,HIGH
E01497,14838.89,PAYMENT_FAILED,Bank_A,E42,P015,WALLET,ALTERNATE_PAYMENT,0.7636237,11331.328300070762,11331.328300070762,HIGH
E01459,14705.94,INVOICE_OVERDUE,Bank_A,E42,P016,WALLET,ALTERNATE_PAYMENT,0.77000546,11323.654161400797,11323.654161400797,HIGH
E04098,15336.94,PAYMENT_FAILED,Bank_A,E42,P009,UPI,ALTERNATE_PAYMENT,0.73763806,11313.110610855818,11313.110610855818,HIGH
E04670,17839.18,PAYMENT_FAILED,Bank_C,E42,P011,NETBANKING,ALTERNATE_PAYMENT,0.63410914,11311.987078158856,11311.987078158856,HIGH
E03053,15884.47,SUBSCRIPTION_FAILED,Bank_B,E11,P002,NETBANKING,ALTERNATE_PAYMENT,0.71193516,11308.71273137927,11308.71273137927,HIGH
E03370,22231.16,INVOICE_OVERDUE,Bank_C,E23,P003,CARD,SEND_REMINDER,0.50864875,11307.851815438273,11307.851815438273,HIGH
E04593,18802.35,CHECKOUT_ABANDONED,Bank_C,E23,P014,CARD,SEND_REMINDER,0.6012321,11304.576590797304,11304.576590797304,HIGH
E04730,20300.12,PAYMENT_FAILED,Bank_A,E17,P020,UPI,RETRY_PAYMENT,0.5568543,11304.209267842769,11304.209267842769,HIGH
E01168,16431.25,SUBSCRIPTION_FAILED,Bank_A,E17,P020,UPI,ALTERNATE_PAYMENT,0.6878327,11301.951267570255,11301.951267570255,HIGH
E00416,17633.23,CHECKOUT_ABANDONED,Bank_C,E23,P020,UPI,SEND_REMINDER,0.64043504,11292.938360328078,11292.938360328078,HIGH
E03057,16315.58,CHECKOUT_ABANDONED,Bank_D,E42,P016,WALLET,ALTERNATE_PAYMENT,0.692077,11291.63735076785,11291.63735076785,HIGH
E02309,13012.48,SUBSCRIPTION_FAILED,Bank_A,E42,P007,UPI,ALTERNATE_PAYMENT,0.8674881,11288.1713722229,11288.1713722229,HIGH
E02411,17438.07,SUBSCRIPTION_FAILED,Bank_A,E11,P014,NETBANKING,ALTERNATE_PAYMENT,0.6467934,11278.829022139907,11278.829022139907,HIGH
E00294,19283.08,CHECKOUT_ABANDONED,Bank_B,E11,P001,NETBANKING,SEND_REMINDER,0.5842312,11265.776926329136,11265.776926329136,HIGH
E02048,14140.83,SUBSCRIPTION_FAILED,Bank_D,E42,P002,WALLET,ALTERNATE_PAYMENT,0.7965004,11263.176536498666,11263.176536498666,HIGH
E03754,15354.29,INVOICE_OVERDUE,Bank_A,E42,P003,NETBANKING,ALTERNATE_PAYMENT,0.73349714,11262.32784459591,11262.32784459591,HIGH
E03050,24678.11,INVOICE_OVERDUE,Bank_C,E42,P009,WALLET,SEND_REMINDER,0.45614654,11256.834447240231,11256.834447240231,HIGH
E04893,14790.75,SUBSCRIPTION_FAILED,Bank_D,E42,P010,UPI,ALTERNATE_PAYMENT,0.7608956,11254.216741472485,11254.216741472485,HIGH
E01762,17534.22,CHECKOUT_ABANDONED,Bank_A,E17,P004,WALLET,SEND_REMINDER,0.64141834,11246.770247404576,11246.770247404576,HIGH
E04049,14589.6,CHECKOUT_ABANDONED,Bank_A,E42,P010,WALLET,ALTERNATE_PAYMENT,0.7707745,11245.291407108309,11245.291407108309,HIGH
E00917,16248.48,SUBSCRIPTION_FAILED,Bank_C,E17,P016,UPI,ALTERNATE_PAYMENT,0.69198555,11243.71332953453,11243.71332953453,HIGH
E03747,19320.26,PAYMENT_FAILED,Bank_A,E11,P018,UPI,RETRY_PAYMENT,0.58196324,11243.6811285007,11243.6811285007,HIGH
E03227,18775.89,CHECKOUT_ABANDONED,Bank_B,E17,P011,CARD,SEND_REMINDER,0.5985661,11238.611531136632,11238.611531136632,HIGH
E02609,24519.59,SUBSCRIPTION_FAILED,Bank_D,E42,P007,NETBANKING,ALTERNATE_PAYMENT,0.45817825,11234.342885508837,11234.342885508837,HIGH
E00648,23528.33,INVOICE_OVERDUE,Bank_A,E17,P011,WALLET,SEND_REMINDER,0.47733086,11230.79807504356,11230.79807504356,HIGH
E04926,23030.72,INVOICE_OVERDUE,Bank_A,E23,P015,WALLET,SEND_REMINDER,0.48737496,11224.596270465852,11224.596270465852,HIGH
E04073,15284.03,SUBSCRIPTION_FAILED,Bank_B,E42,P010,CARD,ALTERNATE_PAYMENT,0.73427993,11222.756487559676,11222.756487559676,HIGH
E04572,18478.07,CHECKOUT_ABANDONED,Bank_D,E42,P006,CARD,SEND_REMINDER,0.6069533,11215.32598704636,11215.32598704636,HIGH
E00357,17353.16,SUBSCRIPTION_FAILED,Bank_C,E23,P013,UPI,ALTERNATE_PAYMENT,0.64624494,11214.39189753294,11214.39189753294,HIGH
E04571,12901.97,SUBSCRIPTION_FAILED,Bank_A,E42,P009,NETBANKING,ALTERNATE_PAYMENT,0.8687858,11209.048309313654,11209.048309313654,HIGH
E02957,24652.2,CHECKOUT_ABANDONED,Bank_C,E23,P016,UPI,SEND_REMINDER,0.45467648,11208.775498098135,11208.775498098135,HIGH
E04669,23095.89,INVOICE_OVERDUE,Bank_D,E17,P010,NETBANKING,SEND_REMINDER,0.48514402,11204.832899912595,11204.832899912595,HIGH
E04209,16337.34,PAYMENT_FAILED,Bank_A,E42,P005,WALLET,ALTERNATE_PAYMENT,0.6852347,11194.912689896822,11194.912689896822,HIGH
E02571,14158.13,SUBSCRIPTION_FAILED,Bank_B,E42,P002,WALLET,ALTERNATE_PAYMENT,0.7906144,11193.621825109123,11193.621825109123,HIGH
E02300,17147.95,PAYMENT_FAILED,Bank_A,E42,P008,UPI,ALTERNATE_PAYMENT,0.6525797,11190.404491689802,11190.404491689802,HIGH
E04082,16896.82,CHECKOUT_ABANDONED,Bank_D,E42,P017,NETBANKING,ALTERNATE_PAYMENT,0.66206014,11186.711041171551,11186.711041171551,HIGH
E01236,18995.85,CHECKOUT_ABANDONED,Bank_A,E23,P017,CARD,SEND_REMINDER,0.5888729,11186.141458797454,11186.141458797454,HIGH
E03913,18381.2,CHECKOUT_ABANDONED,Bank_B,E17,P008,NETBANKING,SEND_REMINDER,0.60855174,11185.911255168916,11185.911255168916,HIGH
E02951,19334.55,PAYMENT_FAILED,Bank_C,E11,P015,NETBANKING,RETRY_PAYMENT,0.57843643,11183.808160194754,11183.808160194754,HIGH
E04242,18013.75,CHECKOUT_ABANDONED,Bank_C,E11,P002,NETBANKING,SEND_REMINDER,0.62066454,11180.495802536609,11180.495802536609,HIGH
E02133,18414.74,CHECKOUT_ABANDONED,Bank_D,E11,P015,NETBANKING,SEND_REMINDER,0.60708153,11179.24857939005,11179.24857939005,HIGH
E01384,12488.41,SUBSCRIPTION_FAILED,Bank_A,E42,P011,CARD,ALTERNATE_PAYMENT,0.8946671,11172.969420756695,11172.969420756695,HIGH
E01989,23850.28,SUBSCRIPTION_FAILED,Bank_B,E23,P009,CARD,ALTERNATE_PAYMENT,0.46836126,11170.547156538963,11170.547156538963,HIGH
E01914,19706.17,INVOICE_OVERDUE,Bank_D,E17,P020,WALLET,RETRY_PAYMENT,0.56644666,11162.494216302632,11162.494216302632,HIGH
E01968,16669.17,CHECKOUT_ABANDONED,Bank_C,E11,P007,CARD,SEND_REMINDER,0.6694241,11158.744401896594,11158.744401896594,HIGH
E04672,21829.59,CHECKOUT_ABANDONED,Bank_C,E17,P012,UPI,ALTERNATE_PAYMENT,0.5104257,11142.383469103575,11142.383469103575,HIGH
E00199,21905.09,INVOICE_OVERDUE,Bank_D,E11,P010,CARD,ALTERNATE_PAYMENT,0.5086314,11141.616773766877,11141.616773766877,HIGH
E01997,22006.89,INVOICE_OVERDUE,Bank_B,E23,P006,WALLET,SEND_REMINDER,0.5062491,11140.968911492228,11140.968911492228,HIGH
E04249,15815.48,PAYMENT_FAILED,Bank_B,E23,P001,NETBANKING,RETRY_PAYMENT,0.7044142,11140.648515660763,11140.648515660763,HIGH
E03615,15086.27,CHECKOUT_ABANDONED,Bank_A,E42,P011,NETBANKING,ALTERNATE_PAYMENT,0.73843104,11140.169992601275,11140.169992601275,HIGH
E04398,16353.02,SUBSCRIPTION_FAILED,Bank_D,E17,P003,WALLET,ALTERNATE_PAYMENT,0.6810738,11137.613224771025,11137.613224771025,HIGH
E03866,15089.85,INVOICE_OVERDUE,Bank_A,E42,P009,CARD,ALTERNATE_PAYMENT,0.7375196,11129.06046575904,11129.06046575904,HIGH
E01063,17330.07,SUBSCRIPTION_FAILED,Bank_D,E42,P007,CARD,ALTERNATE_PAYMENT,0.6418117,11122.642181335688,11122.642181335688,HIGH
E01146,17877.76,PAYMENT_FAILED,Bank_A,E17,P006,NETBANKING,ALTERNATE_PAYMENT,0.62192756,11118.671643905638,11118.671643905638,HIGH
E00793,20343.15,SUBSCRIPTION_FAILED,Bank_D,E11,P020,CARD,ALTERNATE_PAYMENT,0.54642105,11115.925404167176,11115.925404167176,HIGH
E02026,16583.55,PAYMENT_FAILED,Bank_D,E42,P012,WALLET,ALTERNATE_PAYMENT,0.67019045,11114.136895626783,11114.136895626783,HIGH
E02597,19871.16,INVOICE_OVERDUE,Bank_D,E42,P003,NETBANKING,SEND_REMINDER,0.55926275,11113.199637622833,11113.199637622833,HIGH
E00475,19183.61,INVOICE_OVERDUE,Bank_C,E23,P011,NETBANKING,SEND_REMINDER,0.5792208,11111.545389909745,11111.545389909745,HIGH
E04794,22599.47,INVOICE_OVERDUE,Bank_D,E11,P006,WALLET,SEND_REMINDER,0.4914353,11106.17707935095,11106.17707935095,HIGH
E03813,19567.97,INVOICE_OVERDUE,Bank_C,E17,P018,NETBANKING,SEND_REMINDER,0.5666221,11087.64383183539,11087.64383183539,HIGH
E04246,18682.25,PAYMENT_FAILED,Bank_C,E17,P019,UPI,RETRY_PAYMENT,0.59345037,11086.988127306104,11086.988127306104,HIGH
E00952,21379.2,INVOICE_OVERDUE,Bank_D,E17,P006,UPI,SEND_REMINDER,0.51857334,11086.683230781557,11086.683230781557,HIGH
E01123,16972.53,PAYMENT_FAILED,Bank_D,E42,P008,CARD,ALTERNATE_PAYMENT,0.65303624,11083.677119547128,11083.677119547128,HIGH
E02952,24274.4,PAYMENT_FAILED,Bank_C,E11,P001,CARD,RETRY_PAYMENT,0.45657194,11083.00981798172,11083.00981798172,HIGH
E04898,22145.4,INVOICE_OVERDUE,Bank_A,E23,P015,WALLET,ALTERNATE_PAYMENT,0.5004561,11082.80040049553,11082.80040049553,HIGH
E02658,18510.34,PAYMENT_FAILED,Bank_B,E17,P012,WALLET,RETRY_PAYMENT,0.59870565,11082.245129868985,11082.245129868985,HIGH
E01561,18211.8,INVOICE_OVERDUE,Bank_A,E23,P018,NETBANKING,SEND_REMINDER,0.6084791,11081.499356210232,11081.499356210232,HIGH
E02082,17543.19,CHECKOUT_ABANDONED,Bank_B,E23,P009,CARD,SEND_REMINDER,0.6313779,11076.382037041783,11076.382037041783,HIGH
E00471,18280.05,CHECKOUT_ABANDONED,Bank_A,E23,P014,NETBANKING,SEND_REMINDER,0.6059231,11076.304860422017,11076.304860422017,HIGH
E00909,16315.59,PAYMENT_FAILED,Bank_B,E42,P015,UPI,ALTERNATE_PAYMENT,0.6788631,11076.052138833404,11076.052138833404,HIGH
E00691,17542.8,CHECKOUT_ABANDONED,Bank_D,E23,P008,CARD,SEND_REMINDER,0.63133943,11075.461366796491,11075.461366796491,HIGH
E01986,14561.79,PAYMENT_FAILED,Bank_A,E42,P015,CARD,ALTERNATE_PAYMENT,0.76055944,11075.106842833758,11075.106842833758,HIGH
E03206,17124.28,SUBSCRIPTION_FAILED,Bank_A,E42,P001,CARD,ALTERNATE_PAYMENT,0.64660734,11072.685129635332,11072.685129635332,HIGH
E03785,18767.54,INVOICE_OVERDUE,Bank_D,E23,P018,CARD,ALTERNATE_PAYMENT,0.5898381,11069.809901782275,11069.809901782275,HIGH
E00403,22996.1,INVOICE_OVERDUE,Bank_A,E11,P019,WALLET,SEND_REMINDER,0.48127556,11067.460870170593,11067.460870170593,HIGH
E03882,18100.61,SUBSCRIPTION_FAILED,Bank_B,E11,P014,UPI,ALTERNATE_PAYMENT,0.61131924,11065.25121947229,11065.25121947229,HIGH
E00088,20151.68,CHECKOUT_ABANDONED,Bank_B,E11,P013,UPI,SEND_REMINDER,0.54891634,11061.58642791748,11061.58642791748,HIGH
E00404,16465.86,SUBSCRIPTION_FAILED,Bank_C,E17,P002,CARD,ALTERNATE_PAYMENT,0.67170954,11060.27520524025,11060.27520524025,HIGH
E04297,23332.07,INVOICE_OVERDUE,Bank_C,E11,P019,UPI,SEND_REMINDER,0.4739377,11057.947364738584,11057.947364738584,HIGH
E03332,22016.06,INVOICE_OVERDUE,Bank_D,E11,P013,UPI,SEND_REMINDER,0.50212073,11054.720190720558,11054.720190720558,HIGH
E03240,16229.33,SUBSCRIPTION_FAILED,Bank_B,E17,P015,CARD,ALTERNATE_PAYMENT,0.68110776,11053.922594091891,11053.922594091891,HIGH
E04914,19488.16,INVOICE_OVERDUE,Bank_A,E17,P009,WALLET,SEND_REMINDER,0.56685317,11046.925188236237,11046.925188236237,HIGH
E03267,15807.11,SUBSCRIPTION_FAILED,Bank_B,E11,P002,WALLET,ALTERNATE_PAYMENT,0.69864583,11043.571488292218,11043.571488292218,HIGH
E03078,19701.2,SUBSCRIPTION_FAILED,Bank_B,E11,P004,CARD,ALTERNATE_PAYMENT,0.56021327,11036.87363164425,11036.87363164425,HIGH
E03347,23668.58,INVOICE_OVERDUE,Bank_A,E11,P017,WALLET,SEND_REMINDER,0.46615985,11033.341711009143,11033.341711009143,HIGH
E01189,18346.35,INVOICE_OVERDUE,Bank_C,E17,P009,UPI,SEND_REMINDER,0.601338,11032.357946652171,11032.357946652171,HIGH
E03948,16839.6,INVOICE_OVERDUE,Bank_C,E42,P005,CARD,ALTERNATE_PAYMENT,0.65509486,11031.535437870025,11031.535437870025,HIGH
E04080,14973.82,CHECKOUT_ABANDONED,Bank_A,E42,P006,UPI,ALTERNATE_PAYMENT,0.73671395,11031.422016881705,11031.422016881705,HIGH
E04691,24242.42,SUBSCRIPTION_FAILED,Bank_C,E17,P006,CARD,ALTERNATE_PAYMENT,0.45452628,11018.81686919391,11018.81686919391,HIGH
E01119,22045.13,INVOICE_OVERDUE,Bank_A,E23,P019,CARD,ALTERNATE_PAYMENT,0.49961329,11014.03981897831,11014.03981897831,HIGH
E00115,17350.73,PAYMENT_FAILED,Bank_A,E23,P011,NETBANKING,ALTERNATE_PAYMENT,0.63476235,11013.590092530849,11013.590092530849,HIGH
E03460,17706.59,PAYMENT_FAILED,Bank_B,E11,P017,NETBANKING,RETRY_PAYMENT,0.6219947,11013.404678345323,11013.404678345323,HIGH
E03689,17508.5,INVOICE_OVERDUE,Bank_B,E11,P019,NETBANKING,SEND_REMINDER,0.6289438,11011.86253851652,11011.86253851652,HIGH
E00322,19628.66,PAYMENT_FAILED,Bank_C,E23,P002,CARD,RETRY_PAYMENT,0.5609634,11010.959699072837,11010.959699072837,HIGH
E00946,17938.56,CHECKOUT_ABANDONED,Bank_A,E17,P004,CARD,SEND_REMINDER,0.6138128,11010.91781730652,11010.91781730652,HIGH
E00343,19478.53,INVOICE_OVERDUE,Bank_D,E17,P018,CARD,SEND_REMINDER,0.5652555,11010.346657122373,11010.346657122373,HIGH
E00013,24678.73,PAYMENT_FAILED,Bank_A,E11,P001,WALLET,SEND_REMINDER,0.44613692,11010.092632288635,11010.092632288635,HIGH
E02955,20573.98,CHECKOUT_ABANDONED,Bank_A,E17,P005,WALLET,SEND_REMINDER,0.5351227,11009.603574789762,11009.603574789762,HIGH
E02994,15902.41,PAYMENT_FAILED,Bank_B,E42,P017,NETBANKING,ALTERNATE_PAYMENT,0.6920522,11005.297595780492,11005.297595780492,HIGH
E03456,17525.7,PAYMENT_FAILED,Bank_B,E11,P006,NETBANKING,RETRY_PAYMENT,0.6278908,11004.226236462591,11004.226236462591,HIGH
E03834,19098.42,INVOICE_OVERDUE,Bank_C,E42,P017,UPI,ALTERNATE_PAYMENT,0.57595813,10999.89032155752,10999.89032155752,HIGH
E01297,17752.3,INVOICE_OVERDUE,Bank_D,E17,P009,UPI,SEND_REMINDER,0.61961097,10999.519738441706,10999.519738441706,HIGH
E03532,20071.84,INVOICE_OVERDUE,Bank_A,E23,P013,CARD,ALTERNATE_PAYMENT,0.54778427,10995.03819899559,10995.03819899559,HIGH
E02344,16469.1,SUBSCRIPTION_FAILED,Bank_B,E17,P018,UPI,ALTERNATE_PAYMENT,0.6673454,10990.578203308582,10990.578203308582,HIGH
E02076,17063.37,CHECKOUT_ABANDONED,Bank_C,E23,P011,WALLET,SEND_REMINDER,0.644097,10990.4649245131,10990.4649245131,HIGH
E01891,17707.29,SUBSCRIPTION_FAILED,Bank_B,E23,P012,NETBANKING,ALTERNATE_PAYMENT,0.62044626,10986.42193923533,10986.42193923533,HIGH
E02614,15642.05,SUBSCRIPTION_FAILED,Bank_B,E17,P013,CARD,ALTERNATE_PAYMENT,0.7022788,10985.079991826417,10985.079991826417,HIGH
E02911,23948.58,INVOICE_OVERDUE,Bank_D,E23,P014,WALLET,SEND_REMINDER,0.4585771,10982.270280793906,10982.270280793906,HIGH
E00417,15891.83,SUBSCRIPTION_FAILED,Bank_C,E11,P019,NETBANKING,ALTERNATE_PAYMENT,0.6908964,10979.608007189036,10979.608007189036,HIGH
E03786,14497.3,INVOICE_OVERDUE,Bank_A,E42,P011,CARD,ALTERNATE_PAYMENT,0.7569205,10973.30380372405,10973.30380372405,HIGH
E01099,15935.46,SUBSCRIPTION_FAILED,Bank_D,E17,P018,UPI,ALTERNATE_PAYMENT,0.6875896,10957.056340631249,10957.056340631249,HIGH
E02736,19050.58,PAYMENT_FAILED,Bank_C,E11,P018,WALLET,RETRY_PAYMENT,0.57495695,10953.263439694643,10953.263439694643,HIGH
E03643,20710.88,INVOICE_OVERDUE,Bank_A,E17,P017,NETBANKING,SEND_REMINDER,0.52883273,10952.591286306382,10952.591286306382,HIGH
E04003,14474.61,SUBSCRIPTION_FAILED,Bank_C,E42,P008,WALLET,ALTERNATE_PAYMENT,0.75653726,10950.581769066452,10950.581769066452,HIGH
E01683,15014.8,SUBSCRIPTION_FAILED,Bank_A,E17,P011,WALLET,ALTERNATE_PAYMENT,0.72887576,10943.923705148696,10943.923705148696,HIGH
E04548,14198.14,CHECKOUT_ABANDONED,Bank_A,E42,P010,WALLET,ALTERNATE_PAYMENT,0.7706171,10941.329861485958,10941.329861485958,HIGH
E03090,16145.03,PAYMENT_FAILED,Bank_D,E23,P015,CARD,RETRY_PAYMENT,0.67768145,10941.187277331352,10941.187277331352,HIGH
E00789,24105.26,INVOICE_OVERDUE,Bank_D,E42,P019,CARD,ALTERNATE_PAYMENT,0.45387006,10940.65575574398,10940.65575574398,HIGH
E00812,19755.17,PAYMENT_FAILED,Bank_A,E17,P007,UPI,ALTERNATE_PAYMENT,0.5537759,10939.937176052332,10939.937176052332,HIGH
E00524,24539.22,PAYMENT_FAILED,Bank_D,E11,P018,NETBANKING,RETRY_PAYMENT,0.44577238,10938.906493830083,10938.906493830083,HIGH
E02000,16394.3,SUBSCRIPTION_FAILED,Bank_D,E17,P015,CARD,ALTERNATE_PAYMENT,0.6672063,10938.380037260054,10938.380037260054,HIGH
E03493,18073.83,CHECKOUT_ABANDONED,Bank_D,E23,P013,UPI,SEND_REMINDER,0.60502625,10935.141499786378,10935.141499786378,HIGH
E04843,18445.03,CHECKOUT_ABANDONED,Bank_D,E11,P015,CARD,SEND_REMINDER,0.592355,10926.005983474251,10926.005983474251,HIGH
E00809,22936.81,INVOICE_OVERDUE,Bank_C,E17,P018,CARD,SEND_REMINDER,0.4763019,10924.846377742291,10924.846377742291,HIGH
E02127,16026.43,CHECKOUT_ABANDONED,Bank_D,E42,P007,WALLET,ALTERNATE_PAYMENT,0.6813307,10919.29846344948,10919.29846344948,HIGH
E03920,14886.2,PAYMENT_FAILED,Bank_A,E42,P008,CARD,ALTERNATE_PAYMENT,0.73346686,10918.534425401687,10918.534425401687,HIGH
E03285,24635.59,SUBSCRIPTION_FAILED,Bank_D,E11,P014,WALLET,ALTERNATE_PAYMENT,0.44298396,10913.171095527709,10913.171095527709,HIGH
E03287,17825.43,PAYMENT_FAILED,Bank_B,E17,P002,NETBANKING,ALTERNATE_PAYMENT,0.6120469,10909.999126523137,10909.999126523137,HIGH
E03040,22273.83,INVOICE_OVERDUE,Bank_C,E42,P001,UPI,ALTERNATE_PAYMENT,0.4896818,10907.08939316422,10907.08939316422,HIGH
E03254,19668.39,INVOICE_OVERDUE,Bank_B,E17,P009,WALLET,SEND_REMINDER,0.55446935,10905.51935984373,10905.51935984373,HIGH
E01387,17796.76,CHECKOUT_ABANDONED,Bank_A,E17,P001,WALLET,SEND_REMINDER,0.61265624,10903.295989165304,10903.295989165304,HIGH
E03365,19811.03,PAYMENT_FAILED,Bank_A,E17,P012,CARD,RETRY_PAYMENT,0.550115,10898.34455608964,10898.34455608964,HIGH
E01464,16655.87,PAYMENT_FAILED,Bank_C,E42,P018,WALLET,ALTERNATE_PAYMENT,0.65413266,10895.148617729545,10895.148617729545,HIGH
E04516,17676.53,PAYMENT_FAILED,Bank_C,E17,P012,NETBANKING,ALTERNATE_PAYMENT,0.61633885,10894.73215571046,10894.73215571046,HIGH
E01476,14237.01,INVOICE_OVERDUE,Bank_A,E42,P016,WALLET,ALTERNATE_PAYMENT,0.7650313,10891.757957097889,10891.757957097889,HIGH
E03889,14556.42,PAYMENT_FAILED,Bank_A,E42,P005,CARD,ALTERNATE_PAYMENT,0.7482346,10891.6175274539,10891.6175274539,HIGH
E02569,23433.8,PAYMENT_FAILED,Bank_C,E17,P004,WALLET,RETRY_PAYMENT,0.464604,10887.436988276242,10887.436988276242,HIGH
E00317,12433.02,SUBSCRIPTION_FAILED,Bank_A,E42,P016,CARD,ALTERNATE_PAYMENT,0.8754665,10884.692821551562,10884.692821551562,HIGH
E01242,19867.58,PAYMENT_FAILED,Bank_A,E17,P014,WALLET,ALTERNATE_PAYMENT,0.54784906,10884.435009691715,10884.435009691715,HIGH
E03072,20419.75,SUBSCRIPTION_FAILED,Bank_B,E17,P012,UPI,ALTERNATE_PAYMENT,0.5326137,10875.83849169314,10875.83849169314,HIGH
E02013,21938.35,INVOICE_OVERDUE,Bank_D,E23,P012,NETBANKING,SEND_REMINDER,0.49561805,10873.042144766448,10873.042144766448,HIGH
E02981,14780.35,SUBSCRIPTION_FAILED,Bank_A,E17,P018,UPI,ALTERNATE_PAYMENT,0.7351641,10865.982792523504,10865.982792523504,HIGH
E01670,14570.19,SUBSCRIPTION_FAILED,Bank_A,E23,P007,NETBANKING,ALTERNATE_PAYMENT,0.7454926,10861.968498533965,10861.968498533965,HIGH
E04800,19032.76,INVOICE_OVERDUE,Bank_C,E42,P010,WALLET,ALTERNATE_PAYMENT,0.5705725,10859.56936870098,10859.56936870098,HIGH
E01934,14903.2,SUBSCRIPTION_FAILED,Bank_A,E17,P014,NETBANKING,ALTERNATE_PAYMENT,0.72851086,10857.14299850464,10857.14299850464,HIGH
E02199,21529.72,INVOICE_OVERDUE,Bank_A,E23,P009,CARD,ALTERNATE_PAYMENT,0.50397986,10850.545308821202,10850.545308821202,HIGH
E04566,16309.02,SUBSCRIPTION_FAILED,Bank_C,E11,P016,WALLET,ALTERNATE_PAYMENT,0.66525686,10849.687400171755,10849.687400171755,HIGH
E04588,16670.32,CHECKOUT_ABANDONED,Bank_C,E17,P018,CARD,SEND_REMINDER,0.65020055,10839.051162457466,10839.051162457466,HIGH
E01845,23478.23,INVOICE_OVERDUE,Bank_A,E17,P018,WALLET,SEND_REMINDER,0.46152622,10835.81862859428,10835.81862859428,HIGH
E00390,18975.64,CHECKOUT_ABANDONED,Bank_C,E42,P008,UPI,ALTERNATE_PAYMENT,0.5709874,10834.851411316396,10834.851411316396,HIGH
E04962,23159.92,INVOICE_OVERDUE,Bank_C,E23,P004,UPI,SEND_REMINDER,0.4676935,10831.744222187996,10831.744222187996,HIGH
E04439,14502.39,INVOICE_OVERDUE,Bank_A,E42,P009,NETBANKING,ALTERNATE_PAYMENT,0.7468074,10830.492117649912,10830.492117649912,HIGH
E01253,18247.47,INVOICE_OVERDUE,Bank_C,E11,P015,UPI,SEND_REMINDER,0.59338933,10827.854039363268,10827.854039363268,HIGH
E02805,18447.05,CHECKOUT_ABANDONED,Bank_C,E17,P004,WALLET,SEND_REMINDER,0.58690864,10826.732999423146,10826.732999423146,HIGH
E00151,14619.06,PAYMENT_FAILED,Bank_A,E42,P009,CARD,ALTERNATE_PAYMENT,0.7405091,10825.546858302354,10825.546858302354,HIGH
E04749,20298.19,INVOICE_OVERDUE,Bank_B,E23,P004,CARD,SEND_REMINDER,0.5330371,10819.688861907123,10819.688861907123,HIGH
E00876,15305.67,SUBSCRIPTION_FAILED,Bank_A,E11,P016,UPI,ALTERNATE_PAYMENT,0.70591235,10804.461502640248,10804.461502640248,HIGH
E00445,17524.62,PAYMENT_FAILED,Bank_D,E17,P003,NETBANKING,RETRY_PAYMENT,0.616435,10802.788978282211,10802.788978282211,HIGH
E02408,20663.03,CHECKOUT_ABANDONED,Bank_A,E23,P003,UPI,ALTERNATE_PAYMENT,0.5227875,10802.37403062403,10802.37403062403,HIGH
E03539,16661.82,PAYMENT_FAILED,Bank_A,E42,P013,WALLET,ALTERNATE_PAYMENT,0.64803725,10797.480092943906,10797.480092943906,HIGH
E01531,17139.38,PAYMENT_FAILED,Bank_B,E23,P009,WALLET,RETRY_PAYMENT,0.6295308,10789.767388112548,10789.767388112548,HIGH
E01240,14438.57,INVOICE_OVERDUE,Bank_A,E42,P019,UPI,ALTERNATE_PAYMENT,0.7471747,10788.13392277181,10788.13392277181,HIGH
E03832,17632.23,PAYMENT_FAILED,Bank_B,E17,P001,NETBANKING,RETRY_PAYMENT,0.6116862,10785.392290005684,10785.392290005684,HIGH
E00501,21333.53,INVOICE_OVERDUE,Bank_A,E11,P009,UPI,ALTERNATE_PAYMENT,0.50555444,10785.26076196909,10785.26076196909,HIGH
E00170,15806.65,SUBSCRIPTION_FAILED,Bank_B,E11,P010,NETBANKING,ALTERNATE_PAYMENT,0.6820895,10781.5501149863,10781.5501149863,HIGH
E04103,14620.4,CHECKOUT_ABANDONED,Bank_A,E42,P006,CARD,ALTERNATE_PAYMENT,0.7374108,10781.240622997284,10781.240622997284,HIGH
E04745,18266.4,PAYMENT_FAILED,Bank_D,E11,P003,UPI,RETRY_PAYMENT,0.5899085,10775.504270839692,10775.504270839692,HIGH
E01562,16970.83,CHECKOUT_ABANDONED,Bank_D,E11,P010,WALLET,SEND_REMINDER,0.63482344,10773.480705803631,10773.480705803631,HIGH
E01340,16770.47,CHECKOUT_ABANDONED,Bank_C,E23,P016,UPI,SEND_REMINDER,0.6422378,10770.629463919402,10770.629463919402,HIGH
E04044,13841.42,SUBSCRIPTION_FAILED,Bank_C,E42,P016,WALLET,ALTERNATE_PAYMENT,0.7780584,10769.43323306322,10769.43323306322,HIGH
E00655,14788.17,CHECKOUT_ABANDONED,Bank_B,E42,P012,WALLET,ALTERNATE_PAYMENT,0.7279808,10765.50371655643,10765.50371655643,HIGH
E04478,21708.68,SUBSCRIPTION_FAILED,Bank_C,E23,P020,CARD,ALTERNATE_PAYMENT,0.49582925,10763.798618165254,10763.798618165254,HIGH
E00432,14976.25,INVOICE_OVERDUE,Bank_A,E42,P006,UPI,ALTERNATE_PAYMENT,0.7185654,10761.4151378721,10761.4151378721,HIGH
E00678,14627.04,PAYMENT_FAILED,Bank_A,E42,P008,CARD,ALTERNATE_PAYMENT,0.73568743,10760.929534463883,10760.929534463883,HIGH
E02079,14378.43,PAYMENT_FAILED,Bank_A,E42,P015,UPI,ALTERNATE_PAYMENT,0.7483161,10759.610793723465,10759.610793723465,HIGH
E04349,18725.14,CHECKOUT_ABANDONED,Bank_B,E11,P008,WALLET,SEND_REMINDER,0.5743311,10754.43034289956,10754.43034289956,HIGH
E04094,15227.64,SUBSCRIPTION_FAILED,Bank_C,E42,P004,WALLET,ALTERNATE_PAYMENT,0.70621586,10754.000854911805,10754.000854911805,HIGH
E04117,16696.55,SUBSCRIPTION_FAILED,Bank_C,E23,P020,WALLET,ALTERNATE_PAYMENT,0.6439954,10752.501466721296,10752.501466721296,HIGH
E02554,20171.78,CHECKOUT_ABANDONED,Bank_A,E23,P005,WALLET,ALTERNATE_PAYMENT,0.53297246,10751.00310881853,10751.00310881853,HIGH
E03666,15162.91,SUBSCRIPTION_FAILED,Bank_A,E11,P011,WALLET,ALTERNATE_PAYMENT,0.7087402,10746.563483427168,10746.563483427168,HIGH
E03131,14016.15,CHECKOUT_ABANDONED,Bank_A,E42,P007,UPI,ALTERNATE_PAYMENT,0.7665869,10744.596975034476,10744.596975034476,HIGH
E01962,16302.74,SUBSCRIPTION_FAILED,Bank_D,E23,P018,NETBANKING,ALTERNATE_PAYMENT,0.6588457,10740.990516887903,10740.990516887903,HIGH
E01013,21876.74,SUBSCRIPTION_FAILED,Bank_B,E23,P012,WALLET,ALTERNATE_PAYMENT,0.49080113,10737.128620064856,10737.128620064856,HIGH
E03776,19953.09,INVOICE_OVERDUE,Bank_C,E11,P008,NETBANKING,SEND_REMINDER,0.53765523,10727.88327969432,10727.88327969432,HIGH
E03193,12199.34,SUBSCRIPTION_FAILED,Bank_A,E42,P009,CARD,ALTERNATE_PAYMENT,0.8792114,10725.799114990234,10725.799114990234,HIGH
E02210,19317.81,PAYMENT_FAILED,Bank_B,E11,P003,WALLET,RETRY_PAYMENT,0.55514294,10724.145820196272,10724.145820196272,HIGH
E01016,21017.52,INVOICE_OVERDUE,Bank_D,E17,P012,CARD,ALTERNATE_PAYMENT,0.510162,10722.339951810836,10722.339951810836,HIGH
E02388,16548.11,PAYMENT_FAILED,Bank_C,E42,P020,CARD,ALTERNATE_PAYMENT,0.64794636,10722.287601766586,10722.287601766586,HIGH
E01049,18918.97,PAYMENT_FAILED,Bank_C,E11,P003,NETBANKING,ALTERNATE_PAYMENT,0.5665244,10718.057870682478,10718.057870682478,HIGH
E04441,23356.25,PAYMENT_FAILED,Bank_C,E42,P020,NETBANKING,ALTERNATE_PAYMENT,0.4586802,10713.049713149669,10713.049713149669,HIGH
E02340,24491.34,SUBSCRIPTION_FAILED,Bank_C,E23,P019,NETBANKING,ALTERNATE_PAYMENT,0.4373547,10711.402993299364,10711.402993299364,HIGH
E04382,14350.72,PAYMENT_FAILED,Bank_A,E42,P015,CARD,ALTERNATE_PAYMENT,0.74622023,10708.797594223022,10708.797594223022,HIGH
E01053,17638.59,PAYMENT_FAILED,Bank_A,E11,P012,CARD,RETRY_PAYMENT,0.6070578,10707.64381388426,10707.64381388426,HIGH
E04189,20978.15,INVOICE_OVERDUE,Bank_D,E11,P009,CARD,ALTERNATE_PAYMENT,0.51026034,10704.318026077748,10704.318026077748,HIGH
E02273,18301.9,CHECKOUT_ABANDONED,Bank_C,E17,P014,NETBANKING,SEND_REMINDER,0.58477414,10702.477769601346,10702.477769601346,HIGH
E01655,19435.41,CHECKOUT_ABANDONED,Bank_A,E11,P010,CARD,SEND_REMINDER,0.55063564,10701.829343410134,10701.829343410134,HIGH
E03306,16030.63,PAYMENT_FAILED,Bank_C,E42,P016,WALLET,ALTERNATE_PAYMENT,0.66758263,10701.770153769254,10701.770153769254,HIGH
E03526,11959.44,SUBSCRIPTION_FAILED,Bank_A,E42,P019,NETBANKING,ALTERNATE_PAYMENT,0.8945662,10698.510535669328,10698.510535669328,HIGH
E02454,16149.11,PAYMENT_FAILED,Bank_D,E11,P007,WALLET,RETRY_PAYMENT,0.66224957,10694.741074647904,10694.741074647904,HIGH
E01005,17364.29,SUBSCRIPTION_FAILED,Bank_C,E17,P017,UPI,ALTERNATE_PAYMENT,0.61580086,10692.944672641755,10692.944672641755,HIGH
E02252,22939.32,CHECKOUT_ABANDONED,Bank_C,E17,P001,UPI,SEND_REMINDER,0.46610793,10692.199068928956,10692.199068928956,HIGH
E04920,17085.47,PAYMENT_FAILED,Bank_C,E11,P009,UPI,RETRY_PAYMENT,0.6257249,10690.804206928016,10690.804206928016,HIGH
E01836,18301.35,CHECKOUT_ABANDONED,Bank_B,E23,P005,UPI,SEND_REMINDER,0.58403486,10688.626387515664,10688.626387515664,HIGH
E03800,15227.67,CHECKOUT_ABANDONED,Bank_C,E42,P015,CARD,SEND_REMINDER,0.7016947,10685.17574264288,10685.17574264288,HIGH
E01684,16856.24,CHECKOUT_ABANDONED,Bank_C,E17,P018,CARD,SEND_REMINDER,0.6338136,10683.71448747635,10683.71448747635,HIGH
E02816,17345.77,PAYMENT_FAILED,Bank_B,E42,P004,NETBANKING,ALTERNATE_PAYMENT,0.6159041,10683.330735571384,10683.330735571384,HIGH
E04723,17487.86,CHECKOUT_ABANDONED,Bank_A,E23,P007,NETBANKING,SEND_REMINDER,0.61083543,10682.20453545332,10682.20453545332,HIGH
E02886,15288.25,INVOICE_OVERDUE,Bank_A,E42,P016,CARD,ALTERNATE_PAYMENT,0.6984758,10678.472314581277,10678.472314581277,HIGH
E04437,22309.45,SUBSCRIPTION_FAILED,Bank_A,E17,P001,NETBANKING,ALTERNATE_PAYMENT,0.47864473,10678.300641816855,10678.300641816855,HIGH
E04173,21010.8,PAYMENT_FAILED,Bank_A,E17,P006,UPI,ALTERNATE_PAYMENT,0.50804174,10674.363379526138,10674.363379526138,HIGH
E04546,19342.88,PAYMENT_FAILED,Bank_C,E11,P005,CARD,RETRY_PAYMENT,0.55170304,10671.525617723466,10671.525617723466,HIGH
E04421,17710.71,PAYMENT_FAILED,Bank_C,E17,P008,CARD,RETRY_PAYMENT,0.602449,10669.799526695608,10669.799526695608,HIGH
E02673,20811.42,CHECKOUT_ABANDONED,Bank_A,E11,P020,WALLET,SEND_REMINDER,0.5124731,10665.293055667877,10665.293055667877,HIGH
E01536,19640.8,INVOICE_OVERDUE,Bank_C,E23,P019,CARD,RETRY_PAYMENT,0.54292065,10663.395883893969,10663.395883893969,HIGH
E02280,19427.1,CHECKOUT_ABANDONED,Bank_A,E17,P003,CARD,SEND_REMINDER,0.548875,10663.04901226759,10663.04901226759,HIGH
E02110,17299.72,CHECKOUT_ABANDONED,Bank_B,E17,P012,NETBANKING,SEND_REMINDER,0.61627996,10661.470744051934,10661.470744051934,HIGH
E00681,14928.86,SUBSCRIPTION_FAILED,Bank_B,E42,P013,UPI,ALTERNATE_PAYMENT,0.71414757,10661.409058265686,10661.409058265686,HIGH
E01258,14497.66,SUBSCRIPTION_FAILED,Bank_D,E42,P013,WALLET,ALTERNATE_PAYMENT,0.734673,10651.039701871872,10651.039701871872,HIGH
E00480,17650.84,INVOICE_OVERDUE,Bank_C,E11,P008,NETBANKING,SEND_REMINDER,0.6031957,10646.911263692378,10646.911263692378,HIGH
E04088,16882.25,SUBSCRIPTION_FAILED,Bank_D,E17,P020,UPI,ALTERNATE_PAYMENT,0.63031644,10641.159656569362,10641.159656569362,HIGH
E01613,19414.78,INVOICE_OVERDUE,Bank_B,E23,P009,UPI,SEND_REMINDER,0.54779524,10635.323994137048,10635.323994137048,HIGH
E00225,18866.47,INVOICE_OVERDUE,Bank_C,E11,P020,UPI,SEND_REMINDER,0.5637126,10635.266797909737,10635.266797909737,HIGH
E04012,17957.26,PAYMENT_FAILED,Bank_C,E42,P004,CARD,ALTERNATE_PAYMENT,0.5921761,10633.85982985258,10633.85982985258,HIGH
E00127,24568.28,PAYMENT_FAILED,Bank_C,E42,P006,CARD,ALTERNATE_PAYMENT,0.43254927,10626.991530197858,10626.991530197858,HIGH
E03437,15532.81,SUBSCRIPTION_FAILED,Bank_C,E11,P007,WALLET,ALTERNATE_PAYMENT,0.6839311,10623.372020280362,10623.372020280362,HIGH
E01569,16976.8,SUBSCRIPTION_FAILED,Bank_B,E11,P012,UPI,ALTERNATE_PAYMENT,0.62555784,10619.970335912703,10619.970335912703,HIGH
E00606,18443.83,PAYMENT_FAILED,Bank_A,E42,P001,CARD,ALTERNATE_PAYMENT,0.5754116,10612.794057914616,10612.794057914616,HIGH
E01669,17400.62,PAYMENT_FAILED,Bank_A,E23,P014,CARD,ALTERNATE_PAYMENT,0.6097074,10609.28704140544,10609.28704140544,HIGH
E04001,21917.89,INVOICE_OVERDUE,Bank_C,E11,P014,WALLET,SEND_REMINDER,0.48379228,10603.705870471897,10603.705870471897,HIGH
E00930,18669.87,CHECKOUT_ABANDONED,Bank_A,E42,P001,UPI,ALTERNATE_PAYMENT,0.56785196,10601.72228474915,10601.72228474915,HIGH
E03222,17076.29,CHECKOUT_ABANDONED,Bank_A,E42,P004,CARD,ALTERNATE_PAYMENT,0.6204879,10595.63180669546,10595.63180669546,HIGH
E04255,20295.06,CHECKOUT_ABANDONED,Bank_D,E11,P003,CARD,SEND_REMINDER,0.52154356,10584.7578917706,10584.7578917706,HIGH
E04358,17758.58,INVOICE_OVERDUE,Bank_C,E11,P002,NETBANKING,SEND_REMINDER,0.5960132,10584.347886583806,10584.347886583806,HIGH
E00087,18778.1,SUBSCRIPTION_FAILED,Bank_C,E11,P017,UPI,ALTERNATE_PAYMENT,0.5635107,10581.66057539582,10581.66057539582,HIGH
E00418,13747.11,PAYMENT_FAILED,Bank_A,E42,P017,CARD,ALTERNATE_PAYMENT,0.76954496,10579.019202257396,10579.019202257396,HIGH
E00232,16465.84,PAYMENT_FAILED,Bank_C,E42,P018,NETBANKING,ALTERNATE_PAYMENT,0.642229,10574.84029648304,10574.84029648304,HIGH
E02265,23227.25,SUBSCRIPTION_FAILED,Bank_C,E11,P015,CARD,ALTERNATE_PAYMENT,0.45515403,10571.976478509603,10571.976478509603,HIGH
E00332,20361.81,INVOICE_OVERDUE,Bank_D,E17,P020,UPI,RETRY_PAYMENT,0.51909393,10569.691989499926,10569.691989499926,HIGH
E02124,16094.99,CHECKOUT_ABANDONED,Bank_C,E11,P007,NETBANKING,SEND_REMINDER,0.65663886,10568.595896618366,10568.595896618366,HIGH
E02441,17539.86,PAYMENT_FAILED,Bank_A,E23,P008,NETBANKING,ALTERNATE_PAYMENT,0.6024253,10566.455023130178,10566.455023130178,HIGH
E02801,14904.38,SUBSCRIPTION_FAILED,Bank_A,E17,P017,NETBANKING,ALTERNATE_PAYMENT,0.7076467,10547.035733339786,10547.035733339786,HIGH
E04157,17955.04,PAYMENT_FAILED,Bank_A,E17,P015,UPI,RETRY_PAYMENT,0.5872043,10543.276290960312,10543.276290960312,HIGH
E04514,11832.35,SUBSCRIPTION_FAILED,Bank_A,E42,P002,NETBANKING,ALTERNATE_PAYMENT,0.89093286,10541.829402241112,10541.829402241112,HIGH
E01154,19029.6,PAYMENT_FAILED,Bank_C,E11,P011,CARD,RETRY_PAYMENT,0.5537182,10537.036035060884,10537.036035060884,HIGH
E00488,17224.12,INVOICE_OVERDUE,Bank_B,E42,P018,WALLET,ALTERNATE_PAYMENT,0.6113596,10530.1310490036,10530.1310490036,HIGH
E00690,11909.22,SUBSCRIPTION_FAILED,Bank_A,E42,P014,UPI,ALTERNATE_PAYMENT,0.8841902,10530.015634596348,10530.015634596348,HIGH
E00880,15925.89,SUBSCRIPTION_FAILED,Bank_D,E23,P009,CARD,ALTERNATE_PAYMENT,0.660974,10526.599626574516,10526.599626574516,HIGH
E02148,16036.16,CHECKOUT_ABANDONED,Bank_A,E17,P015,CARD,SEND_REMINDER,0.6558448,10517.232270240784,10517.232270240784,HIGH
E02010,20896.94,CHECKOUT_ABANDONED,Bank_B,E11,P010,UPI,SEND_REMINDER,0.50326306,10516.657891262768,10516.657891262768,HIGH
E00549,16195.57,SUBSCRIPTION_FAILED,Bank_B,E23,P005,UPI,ALTERNATE_PAYMENT,0.6490885,10512.358269206285,10512.358269206285,HIGH
E04050,18357.32,CHECKOUT_ABANDONED,Bank_A,E23,P004,UPI,SEND_REMINDER,0.5721192,10502.574799087048,10502.574799087048,HIGH
E03114,13899.9,SUBSCRIPTION_FAILED,Bank_D,E23,P006,WALLET,ALTERNATE_PAYMENT,0.7554943,10501.29517262578,10501.29517262578,HIGH
E04607,23448.86,SUBSCRIPTION_FAILED,Bank_D,E23,P017,WALLET,ALTERNATE_PAYMENT,0.44742125,10491.518316231966,10491.518316231966,HIGH
E01785,23888.62,PAYMENT_FAILED,Bank_B,E42,P013,WALLET,ALTERNATE_PAYMENT,0.43912333,10490.050423237084,10490.050423237084,HIGH
E00756,20696.59,INVOICE_OVERDUE,Bank_D,E11,P005,WALLET,SEND_REMINDER,0.50672317,10487.441600105763,10487.441600105763,HIGH
E02582,18670.69,INVOICE_OVERDUE,Bank_C,E11,P006,NETBANKING,SEND_REMINDER,0.5615585,10484.68439088583,10484.68439088583,HIGH
E02467,20677.95,INVOICE_OVERDUE,Bank_C,E17,P003,CARD,SEND_REMINDER,0.50701475,10484.025679421426,10484.025679421426,HIGH
E02044,16446.53,CHECKOUT_ABANDONED,Bank_C,E17,P008,CARD,SEND_REMINDER,0.63710254,10478.12610803306,10478.12610803306,HIGH
E02515,20904.97,CHECKOUT_ABANDONED,Bank_B,E11,P008,UPI,SEND_REMINDER,0.5011409,10476.33532360375,10476.33532360375,HIGH
E04871,17819.76,CHECKOUT_ABANDONED,Bank_A,E23,P004,CARD,SEND_REMINDER,0.587889,10476.04116595745,10476.04116595745,HIGH
E03942,17459.29,INVOICE_OVERDUE,Bank_B,E23,P013,WALLET,SEND_REMINDER,0.59996283,10474.92504768014,10474.92504768014,HIGH
E02645,14572.06,PAYMENT_FAILED,Bank_B,E17,P009,WALLET,RETRY_PAYMENT,0.7187851,10474.179708288908,10474.179708288908,HIGH
E04240,17330.54,PAYMENT_FAILED,Bank_D,E23,P017,NETBANKING,RETRY_PAYMENT,0.60431087,10473.033707926274,10473.033707926274,HIGH
E00943,16839.72,CHECKOUT_ABANDONED,Bank_B,E42,P014,NETBANKING,ALTERNATE_PAYMENT,0.62185454,10471.856396398543,10471.856396398543,HIGH
E03851,19951.5,INVOICE_OVERDUE,Bank_C,E23,P014,NETBANKING,SEND_REMINDER,0.5244063,10462.69257169962,10462.69257169962,HIGH
E02796,20354.85,PAYMENT_FAILED,Bank_B,E17,P004,UPI,RETRY_PAYMENT,0.5138647,10459.63880790174,10459.63880790174,HIGH
E04197,18024.74,CHECKOUT_ABANDONED,Bank_B,E11,P014,NETBANKING,SEND_REMINDER,0.5800898,10455.967957024575,10455.967957024575,HIGH
E04565,16384.44,PAYMENT_FAILED,Bank_B,E23,P006,NETBANKING,RETRY_PAYMENT,0.6381226,10455.281750514509,10455.281750514509,HIGH
E04051,24139.18,INVOICE_OVERDUE,Bank_D,E23,P019,CARD,RETRY_PAYMENT,0.4327294,10445.732714802623,10445.732714802623,HIGH
E00247,18258.25,SUBSCRIPTION_FAILED,Bank_B,E17,P012,UPI,ALTERNATE_PAYMENT,0.5720978,10445.504261016846,10445.504261016846,HIGH
E03497,24665.08,INVOICE_OVERDUE,Bank_D,E23,P014,CARD,SEND_REMINDER,0.42346776,10444.8660623312,10444.8660623312,HIGH
E04650,20329.97,INVOICE_OVERDUE,Bank_C,E11,P017,UPI,SEND_REMINDER,0.5137504,10444.52969735682,10444.52969735682,HIGH
E00836,14669.81,INVOICE_OVERDUE,Bank_A,E42,P020,UPI,ALTERNATE_PAYMENT,0.71182173,10442.289604930282,10442.289604930282,HIGH
E03308,14772.05,INVOICE_OVERDUE,Bank_A,E42,P013,CARD,ALTERNATE_PAYMENT,0.70641375,10435.179174828529,10435.179174828529,HIGH
E03033,17883.44,PAYMENT_FAILED,Bank_A,E17,P010,NETBANKING,ALTERNATE_PAYMENT,0.58315504,10428.818096513747,10428.818096513747,HIGH
E00337,17165.58,SUBSCRIPTION_FAILED,Bank_D,E11,P008,UPI,ALTERNATE_PAYMENT,0.6074675,10427.531497510672,10427.531497510672,HIGH
E02294,14058.3,INVOICE_OVERDUE,Bank_A,E42,P018,CARD,ALTERNATE_PAYMENT,0.7417318,10427.488480120895,10427.488480120895,HIGH
E00578,16965.37,PAYMENT_FAILED,Bank_B,E11,P009,NETBANKING,RETRY_PAYMENT,0.61460984,10427.083299371005,10427.083299371005,HIGH
E02689,13749.9,SUBSCRIPTION_FAILED,Bank_C,E42,P016,NETBANKING,ALTERNATE_PAYMENT,0.7583322,10426.991819125413,10426.991819125413,HIGH
E00136,18179.12,INVOICE_OVERDUE,Bank_C,E11,P008,NETBANKING,SEND_REMINDER,0.57346916,10425.16471206665,10425.16471206665,HIGH
E00043,16090.15,SUBSCRIPTION_FAILED,Bank_D,E23,P014,CARD,ALTERNATE_PAYMENT,0.64771163,10421.777358037232,10421.777358037232,HIGH
E03519,18428.02,PAYMENT_FAILED,Bank_B,E11,P015,UPI,RETRY_PAYMENT,0.5654705,10420.50199082017,10420.50199082017,HIGH
E00566,24556.69,INVOICE_OVERDUE,Bank_C,E17,P018,WALLET,SEND_REMINDER,0.42419127,10416.733427194657,10416.733427194657,HIGH
E02192,15245.36,SUBSCRIPTION_FAILED,Bank_D,E42,P013,CARD,ALTERNATE_PAYMENT,0.682893,10410.949293999673,10410.949293999673,HIGH
E01042,16414.12,PAYMENT_FAILED,Bank_D,E23,P007,UPI,RETRY_PAYMENT,0.6339517,10405.759664976596,10405.759664976596,HIGH
E03106,20482.73,CHECKOUT_ABANDONED,Bank_B,E42,P003,UPI,ALTERNATE_PAYMENT,0.5079502,10404.20652822852,10404.20652822852,HIGH
E03419,21861.89,INVOICE_OVERDUE,Bank_C,E11,P009,WALLET,SEND_REMINDER,0.47586608,10403.331881053447,10403.331881053447,HIGH
E01538,17108.43,SUBSCRIPTION_FAILED,Bank_D,E17,P019,CARD,ALTERNATE_PAYMENT,0.60799885,10401.905730428696,10401.905730428696,HIGH
E04628,16690.03,CHECKOUT_ABANDONED,Bank_B,E17,P007,WALLET,SEND_REMINDER,0.6229112,10396.406862823962,10396.406862823962,HIGH
E03703,16486.49,PAYMENT_FAILED,Bank_B,E42,P006,UPI,ALTERNATE_PAYMENT,0.6302492,10390.59717042625,10390.59717042625,HIGH
E03428,14442.29,PAYMENT_FAILED,Bank_A,E42,P003,WALLET,ALTERNATE_PAYMENT,0.71922493,10387.25501153946,10387.25501153946,HIGH
E02831,16059.96,SUBSCRIPTION_FAILED,Bank_C,E11,P009,CARD,ALTERNATE_PAYMENT,0.6467408,10386.63128492832,10386.63128492832,HIGH
E01372,19208.28,INVOICE_OVERDUE,Bank_B,E11,P015,UPI,SEND_REMINDER,0.5406963,10385.846365578174,10385.846365578174,HIGH
E01584,14791.66,SUBSCRIPTION_FAILED,Bank_B,E17,P014,NETBANKING,ALTERNATE_PAYMENT,0.70123893,10372.487834657431,10372.487834657431,HIGH
E00253,13810.86,INVOICE_OVERDUE,Bank_A,E42,P009,WALLET,ALTERNATE_PAYMENT,0.75061136,10366.588474234342,10366.588474234342,HIGH
E00662,11993.13,SUBSCRIPTION_FAILED,Bank_A,E42,P010,WALLET,ALTERNATE_PAYMENT,0.86433625,10366.097036497593,10366.097036497593,HIGH
E03503,16480.28,PAYMENT_FAILED,Bank_D,E42,P011,UPI,ALTERNATE_PAYMENT,0.6289433,10365.162085118292,10365.162085118292,HIGH
E01601,23557.82,INVOICE_OVERDUE,Bank_D,E11,P001,WALLET,RETRY_PAYMENT,0.43985125,10361.93667380154,10361.93667380154,HIGH
E01206,22119.81,INVOICE_OVERDUE,Bank_A,E11,P018,WALLET,SEND_REMINDER,0.46812117,10354.751359444856,10354.751359444856,HIGH
E01311,11445.92,SUBSCRIPTION_FAILED,Bank_A,E42,P012,WALLET,ALTERNATE_PAYMENT,0.9044764,10352.564564247132,10352.564564247132,HIGH
E03544,20549.29,INVOICE_OVERDUE,Bank_B,E17,P001,WALLET,SEND_REMINDER,0.50375545,10351.816836241484,10351.816836241484,HIGH
E03020,15741.07,PAYMENT_FAILED,Bank_A,E42,P006,NETBANKING,ALTERNATE_PAYMENT,0.6575312,10350.244675338865,10350.244675338865,HIGH
E00454,14212.37,INVOICE_OVERDUE,Bank_A,E42,P004,UPI,ALTERNATE_PAYMENT,0.72818315,10349.208359707594,10349.208359707594,HIGH
E03280,14786.44,PAYMENT_FAILED,Bank_A,E42,P004,WALLET,ALTERNATE_PAYMENT,0.6998687,10348.566230602264,10348.566230602264,HIGH
E04633,14865.88,INVOICE_OVERDUE,Bank_B,E42,P015,WALLET,ALTERNATE_PAYMENT,0.69579273,10343.571297776698,10343.571297776698,HIGH
E00758,24716.31,SUBSCRIPTION_FAILED,Bank_A,E17,P010,CARD,ALTERNATE_PAYMENT,0.41814685,10335.047137463094,10335.047137463094,HIGH
E01555,24473.4,INVOICE_OVERDUE,Bank_C,E42,P020,WALLET,SEND_REMINDER,0.42212975,10330.95022981167,10330.95022981167,HIGH
E03319,21040.78,PAYMENT_FAILED,Bank_D,E42,P003,UPI,ALTERNATE_PAYMENT,0.4909212,10329.364952265025,10329.364952265025,HIGH
E01037,19508.99,CHECKOUT_ABANDONED,Bank_C,E23,P020,UPI,RETRY_PAYMENT,0.5291419,10323.02409271717,10323.02409271717,HIGH
E00712,19695.75,INVOICE_OVERDUE,Bank_A,E23,P019,CARD,ALTERNATE_PAYMENT,0.52394253,10319.441088303924,10319.441088303924,HIGH
E00496,14333.41,CHECKOUT_ABANDONED,Bank_A,E42,P010,NETBANKING,ALTERNATE_PAYMENT,0.71909744,10307.11837260306,10307.11837260306,HIGH
E02844,20283.72,INVOICE_OVERDUE,Bank_B,E17,P003,CARD,SEND_REMINDER,0.5080765,10305.681240885258,10305.681240885258,HIGH
E01766,17325.81,CHECKOUT_ABANDONED,Bank_B,E42,P007,NETBANKING,ALTERNATE_PAYMENT,0.5947148,10303.915982174278,10303.915982174278,HIGH
E01412,14452.32,SUBSCRIPTION_FAILED,Bank_A,E11,P007,UPI,ALTERNATE_PAYMENT,0.71276253,10301.072234315872,10301.072234315872,HIGH
E04252,24856.17,PAYMENT_FAILED,Bank_D,E42,P011,CARD,RETRY_PAYMENT,0.4143916,10300.188231311738,10300.188231311738,HIGH
E03641,19179.28,CHECKOUT_ABANDONED,Bank_A,E11,P001,NETBANKING,SEND_REMINDER,0.53689253,10297.212226114272,10297.212226114272,HIGH
E03037,17668.06,INVOICE_OVERDUE,Bank_C,E23,P003,WALLET,SEND_REMINDER,0.58274543,10295.98127238512,10295.98127238512,HIGH
E01263,14494.72,PAYMENT_FAILED,Bank_B,E17,P007,WALLET,RETRY_PAYMENT,0.71027035,10295.169778137206,10295.169778137206,HIGH
E01547,11955.93,SUBSCRIPTION_FAILED,Bank_A,E42,P010,WALLET,ALTERNATE_PAYMENT,0.8610504,10294.65863120377,10294.65863120377,HIGH
E02621,21034.65,INVOICE_OVERDUE,Bank_B,E11,P008,NETBANKING,SEND_REMINDER,0.48930353,10292.328481802346,10292.328481802346,HIGH
E04636,19967.34,INVOICE_OVERDUE,Bank_B,E17,P013,UPI,SEND_REMINDER,0.51526374,10288.446211334469,10288.446211334469,HIGH
E03421,19806.86,INVOICE_OVERDUE,Bank_B,E17,P015,CARD,SEND_REMINDER,0.5192022,10283.76474747777,10283.76474747777,HIGH
E02917,14302.78,INVOICE_OVERDUE,Bank_A,E42,P006,WALLET,ALTERNATE_PAYMENT,0.7186964,10279.35671660304,10279.35671660304,HIGH
E01926,14474.49,SUBSCRIPTION_FAILED,Bank_C,E42,P006,UPI,ALTERNATE_PAYMENT,0.71003795,10277.437159144878,10277.437159144878,HIGH
E00692,16462.13,SUBSCRIPTION_FAILED,Bank_C,E23,P008,NETBANKING,ALTERNATE_PAYMENT,0.62406945,10273.512452557088,10273.512452557088,HIGH
E02984,20438.15,PAYMENT_FAILED,Bank_B,E23,P004,UPI,RETRY_PAYMENT,0.5025215,10270.610099601749,10270.610099601749,HIGH
E04682,13853.69,CHECKOUT_ABANDONED,Bank_A,E42,P008,NETBANKING,ALTERNATE_PAYMENT,0.7413464,10270.383469462991,10270.383469462991,HIGH
E04762,18502.77,INVOICE_OVERDUE,Bank_B,E17,P004,CARD,SEND_REMINDER,0.5550255,10269.509502584338,10269.509502584338,HIGH
E03438,16947.68,SUBSCRIPTION_FAILED,Bank_C,E11,P012,UPI,ALTERNATE_PAYMENT,0.605938,10269.243618192671,10269.243618192671,HIGH
E02879,19981.38,INVOICE_OVERDUE,Bank_B,E23,P010,WALLET,SEND_REMINDER,0.5138453,10267.338690383434,10267.338690383434,HIGH
E00224,14763.18,PAYMENT_FAILED,Bank_D,E17,P018,CARD,RETRY_PAYMENT,0.69529295,10264.734968805313,10264.734968805313,HIGH
E03675,16213.82,SUBSCRIPTION_FAILED,Bank_C,E23,P018,WALLET,ALTERNATE_PAYMENT,0.6328707,10261.251193675997,10261.251193675997,HIGH
E03564,14908.54,SUBSCRIPTION_FAILED,Bank_A,E17,P004,NETBANKING,ALTERNATE_PAYMENT,0.68793696,10256.13571025014,10256.13571025014,HIGH
E02626,16432.92,CHECKOUT_ABANDONED,Bank_B,E17,P007,CARD,SEND_REMINDER,0.62403077,10254.647702400684,10254.647702400684,HIGH
E00817,15164.79,SUBSCRIPTION_FAILED,Bank_B,E11,P016,NETBANKING,ALTERNATE_PAYMENT,0.6760539,10252.215143834354,10252.215143834354,HIGH
E03514,20021.9,PAYMENT_FAILED,Bank_C,E11,P006,CARD,RETRY_PAYMENT,0.5120441,10252.095208203791,10252.095208203791,HIGH
E01113,17905.33,CHECKOUT_ABANDONED,Bank_A,E11,P003,CARD,SEND_REMINDER,0.57256544,10251.973084677458,10251.973084677458,HIGH
E03630,16389.81,CHECKOUT_ABANDONED,Bank_C,E11,P007,CARD,SEND_REMINDER,0.6255063,10251.929113372566,10251.929113372566,HIGH
E00554,15987.91,INVOICE_OVERDUE,Bank_D,E42,P005,CARD,ALTERNATE_PAYMENT,0.6409257,10247.062495147586,10247.062495147586,HIGH
E04084,16930.62,CHECKOUT_ABANDONED,Bank_C,E17,P016,UPI,SEND_REMINDER,0.60523605,10247.02163154602,10247.02163154602,HIGH
E02499,24781.59,INVOICE_OVERDUE,Bank_D,E42,P015,CARD,SEND_REMINDER,0.4129542,10233.661951600314,10233.661951600314,HIGH
E00575,13965.35,INVOICE_OVERDUE,Bank_A,E42,P011,NETBANKING,ALTERNATE_PAYMENT,0.7327278,10232.800539824368,10232.800539824368,HIGH
E02302,18097.68,INVOICE_OVERDUE,Bank_D,E23,P003,NETBANKING,SEND_REMINDER,0.5653207,10230.992593989373,10230.992593989373,HIGH
E03995,18276.35,INVOICE_OVERDUE,Bank_A,E17,P002,WALLET,ALTERNATE_PAYMENT,0.55972767,10229.77877898216,10229.77877898216,HIGH
E01732,17065.47,CHECKOUT_ABANDONED,Bank_A,E17,P009,CARD,SEND_REMINDER,0.59921676,10225.91562770784,10225.91562770784,HIGH
E00299,15278.88,SUBSCRIPTION_FAILED,Bank_D,E17,P010,WALLET,ALTERNATE_PAYMENT,0.66922575,10225.019963121416,10225.019963121416,HIGH
E04720,16613.91,PAYMENT_FAILED,Bank_B,E42,P001,CARD,ALTERNATE_PAYMENT,0.6154021,10224.23514425397,10224.23514425397,HIGH
E02909,16767.9,INVOICE_OVERDUE,Bank_D,E42,P016,CARD,ALTERNATE_PAYMENT,0.60974646,10224.167602014542,10224.167602014542,HIGH
E01517,20241.93,CHECKOUT_ABANDONED,Bank_D,E11,P003,UPI,SEND_REMINDER,0.5047398,10216.908124027848,10216.908124027848,HIGH
E01081,17448.55,CHECKOUT_ABANDONED,Bank_A,E11,P014,NETBANKING,SEND_REMINDER,0.58540606,10214.486995232104,10214.486995232104,HIGH
E01731,14296.6,INVOICE_OVERDUE,Bank_A,E42,P003,UPI,ALTERNATE_PAYMENT,0.7141702,10210.205931711198,10210.205931711198,HIGH
E03353,20934.04,INVOICE_OVERDUE,Bank_A,E23,P003,CARD,ALTERNATE_PAYMENT,0.4875499,10206.389129710198,10206.389129710198,HIGH
E00481,17341.46,INVOICE_OVERDUE,Bank_B,E17,P006,NETBANKING,SEND_REMINDER,0.5883032,10202.036555492878,10202.036555492878,HIGH
E03877,16709.32,CHECKOUT_ABANDONED,Bank_B,E11,P002,CARD,SEND_REMINDER,0.610496,10200.9727646327,10200.9727646327,HIGH
E04408,14173.51,PAYMENT_FAILED,Bank_A,E42,P001,NETBANKING,ALTERNATE_PAYMENT,0.7191596,10193.01582640171,10193.01582640171,HIGH
E04383,16237.76,CHECKOUT_ABANDONED,Bank_D,E11,P001,NETBANKING,SEND_REMINDER,0.627651,10191.645914993289,10191.645914993289,HIGH
E01935,17162.69,PAYMENT_FAILED,Bank_A,E42,P013,UPI,ALTERNATE_PAYMENT,0.59317356,10180.453986209031,10180.453986209031,HIGH
E00585,14941.62,SUBSCRIPTION_FAILED,Bank_C,E17,P011,UPI,ALTERNATE_PAYMENT,0.68121326,10178.429665353298,10178.429665353298,HIGH
E00689,24911.76,CHECKOUT_ABANDONED,Bank_D,E11,P003,NETBANKING,SEND_REMINDER,0.4083631,10173.04363637924,10173.04363637924,HIGH
E02267,17783.14,INVOICE_OVERDUE,Bank_B,E17,P012,NETBANKING,ALTERNATE_PAYMENT,0.5719493,10171.05453082204,10171.05453082204,HIGH
E00571,19634.4,CHECKOUT_ABANDONED,Bank_C,E23,P020,UPI,RETRY_PAYMENT,0.5178982,10168.62045621872,10168.62045621872,HIGH
E01642,18227.73,SUBSCRIPTION_FAILED,Bank_B,E17,P012,WALLET,ALTERNATE_PAYMENT,0.55723834,10157.190014054777,10157.190014054777,HIGH
E01021,17083.37,SUBSCRIPTION_FAILED,Bank_C,E23,P018,CARD,ALTERNATE_PAYMENT,0.5944766,10155.663383063078,10155.663383063078,HIGH
E02216,18550.38,INVOICE_OVERDUE,Bank_D,E11,P001,NETBANKING,ALTERNATE_PAYMENT,0.54740775,10154.621709086896,10154.621709086896,HIGH
E03490,17188.84,INVOICE_OVERDUE,Bank_D,E42,P004,UPI,ALTERNATE_PAYMENT,0.59052956,10150.518140034676,10150.518140034676,HIGH
E04918,18201.64,INVOICE_OVERDUE,Bank_B,E17,P008,WALLET,SEND_REMINDER,0.55737156,10145.076422364711,10145.076422364711,HIGH
E01634,16517.23,SUBSCRIPTION_FAILED,Bank_B,E11,P014,NETBANKING,ALTERNATE_PAYMENT,0.61377597,10137.878841040134,10137.878841040134,HIGH
E00588,18451.97,CHECKOUT_ABANDONED,Bank_C,E11,P001,NETBANKING,SEND_REMINDER,0.54906434,10131.318696669938,10131.318696669938,HIGH
E01581,17725.8,INVOICE_OVERDUE,Bank_D,E17,P012,NETBANKING,ALTERNATE_PAYMENT,0.57143587,10129.15792211294,10129.15792211294,HIGH
E04020,14034.06,PAYMENT_FAILED,Bank_A,E42,P007,CARD,ALTERNATE_PAYMENT,0.7215734,10126.604564284084,10126.604564284084,HIGH
E02142,23458.67,SUBSCRIPTION_FAILED,Bank_B,E23,P001,CARD,ALTERNATE_PAYMENT,0.4311915,10115.179199177624,10115.179199177624,HIGH
E03266,14828.09,PAYMENT_FAILED,Bank_B,E23,P019,CARD,RETRY_PAYMENT,0.6819864,10112.555592594745,10112.555592594745,HIGH
E04264,24919.84,CHECKOUT_ABANDONED,Bank_D,E42,P005,NETBANKING,SEND_REMINDER,0.40565816,10108.936334233284,10108.936334233284,HIGH
E01502,22498.5,INVOICE_OVERDUE,Bank_D,E23,P005,NETBANKING,SEND_REMINDER,0.44930837,10108.76426307857,10108.76426307857,HIGH
E02856,17767.22,PAYMENT_FAILED,Bank_B,E23,P010,UPI,RETRY_PAYMENT,0.5684513,10099.799046313765,10099.799046313765,HIGH
E04462,19114.76,INVOICE_OVERDUE,Bank_A,E17,P019,CARD,SEND_REMINDER,0.52827793,10097.905914013383,10097.905914013383,HIGH
E01470,23452.91,INVOICE_OVERDUE,Bank_A,E23,P012,NETBANKING,SEND_REMINDER,0.4305352,10097.303233124016,10097.303233124016,HIGH
E04370,17847.04,INVOICE_OVERDUE,Bank_B,E11,P019,CARD,RETRY_PAYMENT,0.5657367,10096.725711135863,10096.725711135863,HIGH
E04523,20596.72,PAYMENT_FAILED,Bank_A,E23,P004,CARD,ALTERNATE_PAYMENT,0.4901183,10094.829288051127,10094.829288051127,HIGH
E02364,13658.45,PAYMENT_FAILED,Bank_A,E42,P015,WALLET,ALTERNATE_PAYMENT,0.7389975,10093.560663607715,10093.560663607715,HIGH
E01802,12925.03,CHECKOUT_ABANDONED,Bank_A,E42,P015,WALLET,ALTERNATE_PAYMENT,0.78045064,10087.34796277702,10087.34796277702,HIGH
E01295,14662.77,CHECKOUT_ABANDONED,Bank_A,E17,P013,NETBANKING,SEND_REMINDER,0.68702084,10073.62853662312,10073.62853662312,HIGH
E03794,20853.29,SUBSCRIPTION_FAILED,Bank_C,E23,P020,UPI,ALTERNATE_PAYMENT,0.48270056,10065.894688203038,10065.894688203038,HIGH
E04987,15100.71,PAYMENT_FAILED,Bank_A,E42,P006,NETBANKING,ALTERNATE_PAYMENT,0.66642463,10063.485105782747,10063.485105782747,HIGH
E03333,20359.39,PAYMENT_FAILED,Bank_A,E17,P001,WALLET,RETRY_PAYMENT,0.4942341,10062.305096255242,10062.305096255242,HIGH
E02260,14535.04,INVOICE_OVERDUE,Bank_A,E42,P006,NETBANKING,ALTERNATE_PAYMENT,0.692088,10059.526878738405,10059.526878738405,HIGH
E00957,11228.55,SUBSCRIPTION_FAILED,Bank_A,E42,P002,CARD,ALTERNATE_PAYMENT,0.89383924,10036.518599134684,10036.518599134684,HIGH
E01192,17223.68,SUBSCRIPTION_FAILED,Bank_A,E11,P017,UPI,ALTERNATE_PAYMENT,0.5826443,10035.278697509766,10035.278697509766,HIGH
E04550,22938.93,INVOICE_OVERDUE,Bank_A,E23,P019,CARD,SEND_REMINDER,0.43741387,10033.806174511314,10033.806174511314,HIGH
E01484,15192.76,SUBSCRIPTION_FAILED,Bank_C,E11,P011,NETBANKING,ALTERNATE_PAYMENT,0.6603844,10033.061948843002,10033.061948843002,HIGH
E03102,18104.07,INVOICE_OVERDUE,Bank_C,E42,P010,UPI,ALTERNATE_PAYMENT,0.5541814,10032.938803283572,10032.938803283572,HIGH
E00178,18438.52,CHECKOUT_ABANDONED,Bank_A,E23,P012,UPI,SEND_REMINDER,0.5440461,10031.40496868372,10031.40496868372,HIGH
E01587,18774.36,INVOICE_OVERDUE,Bank_D,E23,P005,WALLET,ALTERNATE_PAYMENT,0.5342408,10030.028772847652,10030.028772847652,HIGH
E02508,13642.52,CHECKOUT_ABANDONED,Bank_A,E42,P016,NETBANKING,ALTERNATE_PAYMENT,0.7346589,10022.598694450857,10022.598694450857,HIGH
E00129,14504.51,SUBSCRIPTION_FAILED,Bank_B,E23,P013,WALLET,ALTERNATE_PAYMENT,0.69098437,10022.3896802032,10022.3896802032,HIGH
E00281,15677.51,CHECKOUT_ABANDONED,Bank_D,E17,P009,NETBANKING,SEND_REMINDER,0.63899076,10017.784027448894,10017.784027448894,HIGH
E00727,14130.04,INVOICE_OVERDUE,Bank_A,E42,P016,CARD,ALTERNATE_PAYMENT,0.70851237,10011.308069503308,10011.308069503308,HIGH
E00912,24540.81,INVOICE_OVERDUE,Bank_B,E11,P016,CARD,SEND_REMINDER,0.4079449,10011.297983848752,10011.297983848752,HIGH
E02931,18977.93,INVOICE_OVERDUE,Bank_A,E17,P008,CARD,ALTERNATE_PAYMENT,0.52667904,9995.27793463707,9995.27793463707,HIGH
E02942,17802.68,INVOICE_OVERDUE,Bank_D,E17,P013,UPI,SEND_REMINDER,0.561396,9994.353390583992,9994.353390583992,HIGH
E00423,20868.65,INVOICE_OVERDUE,Bank_A,E11,P012,UPI,ALTERNATE_PAYMENT,0.47890553,9994.111863254013,9994.111863254013,HIGH
E01252,15248.54,SUBSCRIPTION_FAILED,Bank_B,E23,P003,WALLET,ALTERNATE_PAYMENT,0.6554111,9994.062744257451,9994.062744257451,HIGH
E03181,14154.14,SUBSCRIPTION_FAILED,Bank_C,E23,P007,WALLET,ALTERNATE_PAYMENT,0.70526564,9982.428622910977,9982.428622910977,HIGH
E00906,12810.41,CHECKOUT_ABANDONED,Bank_A,E42,P007,WALLET,ALTERNATE_PAYMENT,0.7791864,9981.697603904604,9981.697603904604,HIGH
E04285,12807.95,CHECKOUT_ABANDONED,Bank_A,E42,P007,WALLET,ALTERNATE_PAYMENT,0.7791864,9979.780805292728,9979.780805292728,HIGH
E03633,16421.96,PAYMENT_FAILED,Bank_C,E11,P020,NETBANKING,RETRY_PAYMENT,0.6076561,9978.9045169878,9978.9045169878,HIGH
E01753,14554.5,CHECKOUT_ABANDONED,Bank_B,E23,P015,CARD,SEND_REMINDER,0.6856214,9978.87638694048,9978.87638694048,HIGH
E03304,17642.32,INVOICE_OVERDUE,Bank_B,E17,P020,CARD,SEND_REMINDER,0.56528205,9972.886759810448,9972.886759810448,HIGH
E03433,15993.02,CHECKOUT_ABANDONED,Bank_D,E23,P013,NETBANKING,SEND_REMINDER,0.6233865,9969.832798469068,9969.832798469068,HIGH
E04622,17459.54,INVOICE_OVERDUE,Bank_C,E17,P014,NETBANKING,SEND_REMINDER,0.5708239,9966.322852101326,9966.322852101326,HIGH
E00359,17120.28,PAYMENT_FAILED,Bank_B,E11,P019,NETBANKING,RETRY_PAYMENT,0.5819371,9962.925660581588,9962.925660581588,HIGH
E00615,15896.45,PAYMENT_FAILED,Bank_C,E23,P016,UPI,RETRY_PAYMENT,0.626137,9953.35580302477,9953.35580302477,HIGH
E01363,14258.82,CHECKOUT_ABANDONED,Bank_B,E42,P007,WALLET,ALTERNATE_PAYMENT,0.6980267,9953.037308746576,9953.037308746576,HIGH
E03584,14042.42,INVOICE_OVERDUE,Bank_A,E42,P003,UPI,ALTERNATE_PAYMENT,0.70766044,9937.26506854534,9937.26506854534,HIGH
E02811,13825.51,CHECKOUT_ABANDONED,Bank_B,E42,P018,UPI,ALTERNATE_PAYMENT,0.718551,9934.333760759237,9934.333760759237,HIGH
E00365,16094.02,PAYMENT_FAILED,Bank_D,E23,P013,WALLET,RETRY_PAYMENT,0.61718017,9932.909977513553,9932.909977513553,HIGH
E01704,14639.5,INVOICE_OVERDUE,Bank_A,E17,P013,WALLET,SEND_REMINDER,0.6784813,9932.62671032548,9932.62671032548,HIGH
E02915,17719.74,INVOICE_OVERDUE,Bank_B,E11,P001,WALLET,SEND_REMINDER,0.5601838,9926.31169769168,9926.31169769168,HIGH
E00631,14824.37,PAYMENT_FAILED,Bank_C,E42,P012,NETBANKING,ALTERNATE_PAYMENT,0.6694995,9924.90854722619,9924.90854722619,HIGH
E04734,18446.64,CHECKOUT_ABANDONED,Bank_C,E42,P020,WALLET,SEND_REMINDER,0.5377227,9919.1771920681,9919.1771920681,HIGH
E00914,15823.12,CHECKOUT_ABANDONED,Bank_C,E23,P011,NETBANKING,SEND_REMINDER,0.6266584,9915.690746245386,9915.690746245386,HIGH
E03175,16970.19,INVOICE_OVERDUE,Bank_C,E23,P002,NETBANKING,SEND_REMINDER,0.5838298,9907.7029757148,9907.7029757148,HIGH
E03140,14455.94,SUBSCRIPTION_FAILED,Bank_C,E11,P002,WALLET,ALTERNATE_PAYMENT,0.6853713,9907.68609730482,9907.68609730482,HIGH
E00893,20158.84,INVOICE_OVERDUE,Bank_A,E11,P017,UPI,ALTERNATE_PAYMENT,0.49124214,9902.871712232827,9902.871712232827,HIGH
E01264,20540.11,CHECKOUT_ABANDONED,Bank_B,E17,P020,UPI,SEND_REMINDER,0.48184764,9897.203607965708,9897.203607965708,HIGH
E00189,16112.17,CHECKOUT_ABANDONED,Bank_C,E11,P018,UPI,SEND_REMINDER,0.6140233,9893.248241921665,9893.248241921665,HIGH
E02057,15414.58,INVOICE_OVERDUE,Bank_D,E42,P009,WALLET,ALTERNATE_PAYMENT,0.64161265,9890.18950646639,9890.18950646639,HIGH
E04043,15186.13,SUBSCRIPTION_FAILED,Bank_C,E17,P002,CARD,ALTERNATE_PAYMENT,0.6510081,9886.294079871175,9886.294079871175,HIGH
E02426,18382.83,PAYMENT_FAILED,Bank_D,E42,P003,NETBANKING,ALTERNATE_PAYMENT,0.53776807,9885.69893540919,9885.69893540919,HIGH
E02741,16305.86,PAYMENT_FAILED,Bank_B,E11,P009,UPI,RETRY_PAYMENT,0.6058684,9879.20529485345,9879.20529485345,HIGH
E02724,23934.2,SUBSCRIPTION_FAILED,Bank_D,E23,P017,UPI,ALTERNATE_PAYMENT,0.4127602,9879.085133755209,9879.085133755209,HIGH
E03640,18269.5,SUBSCRIPTION_FAILED,Bank_C,E23,P017,NETBANKING,ALTERNATE_PAYMENT,0.5407279,9878.828613489866,9878.828613489866,HIGH
E00451,16320.64,PAYMENT_FAILED,Bank_D,E42,P001,UPI,ALTERNATE_PAYMENT,0.6052392,9877.891301307678,9877.891301307678,HIGH
E03361,15869.76,PAYMENT_FAILED,Bank_A,E11,P009,UPI,RETRY_PAYMENT,0.6219064,9869.505306129457,9869.505306129457,HIGH
E01199,14762.55,CHECKOUT_ABANDONED,Bank_C,E11,P015,NETBANKING,SEND_REMINDER,0.6685278,9869.174807623029,9869.174807623029,HIGH
E02920,13686.35,INVOICE_OVERDUE,Bank_A,E42,P019,NETBANKING,ALTERNATE_PAYMENT,0.7209331,9866.942455619574,9866.942455619574,HIGH
E02784,17952.89,INVOICE_OVERDUE,Bank_A,E17,P014,WALLET,SEND_REMINDER,0.54951984,9865.46918473065,9865.46918473065,HIGH
E02857,17173.59,PAYMENT_FAILED,Bank_C,E42,P017,UPI,ALTERNATE_PAYMENT,0.5740063,9857.749180705548,9857.749180705548,HIGH
E04537,15436.25,SUBSCRIPTION_FAILED,Bank_A,E11,P014,CARD,ALTERNATE_PAYMENT,0.6384376,9855.082846730947,9855.082846730947,HIGH
E03552,16244.67,CHECKOUT_ABANDONED,Bank_A,E23,P014,NETBANKING,SEND_REMINDER,0.60663503,9854.585939138531,9854.585939138531,HIGH
E03854,16500.56,PAYMENT_FAILED,Bank_A,E11,P006,NETBANKING,RETRY_PAYMENT,0.5969824,9850.54423175335,9850.54423175335,HIGH
E04772,14278.75,INVOICE_OVERDUE,Bank_B,E42,P015,WALLET,ALTERNATE_PAYMENT,0.68986,9850.3382794559,9850.3382794559,HIGH
E01832,12721.85,CHECKOUT_ABANDONED,Bank_A,E42,P019,WALLET,ALTERNATE_PAYMENT,0.77410465,9848.04330252707,9848.04330252707,HIGH
E00201,18031.06,INVOICE_OVERDUE,Bank_B,E17,P016,UPI,SEND_REMINDER,0.54586446,9842.514881560804,9842.514881560804,HIGH
E00980,11392.05,SUBSCRIPTION_FAILED,Bank_A,E42,P010,WALLET,ALTERNATE_PAYMENT,0.8638923,9841.5044678092,9841.5044678092,HIGH
E00356,16610.23,CHECKOUT_ABANDONED,Bank_D,E42,P010,UPI,SEND_REMINDER,0.5914179,9823.587489103078,9823.587489103078,HIGH
E03850,18227.2,PAYMENT_FAILED,Bank_C,E17,P004,WALLET,RETRY_PAYMENT,0.5388029,9820.868615722657,9820.868615722657,HIGH
E04503,16280.32,PAYMENT_FAILED,Bank_C,E23,P018,NETBANKING,RETRY_PAYMENT,0.60292774,9815.856615524292,9815.856615524292,HIGH
E04053,18084.33,CHECKOUT_ABANDONED,Bank_D,E11,P005,WALLET,SEND_REMINDER,0.5425274,9811.244130651356,9811.244130651356,HIGH
E01507,17328.23,PAYMENT_FAILED,Bank_A,E23,P012,NETBANKING,RETRY_PAYMENT,0.5661819,9810.930152409075,9810.930152409075,HIGH
E03068,14387.07,INVOICE_OVERDUE,Bank_B,E17,P013,NETBANKING,SEND_REMINDER,0.6817798,9808.813733738063,9808.813733738063,HIGH
E04045,17681.34,CHECKOUT_ABANDONED,Bank_C,E11,P001,UPI,SEND_REMINDER,0.55469614,9807.771095298527,9807.771095298527,HIGH
E04832,14056.09,SUBSCRIPTION_FAILED,Bank_D,E42,P001,CARD,ALTERNATE_PAYMENT,0.69723094,9800.340774503946,9800.340774503946,HIGH
E01833,19367.18,INVOICE_OVERDUE,Bank_A,E23,P010,CARD,ALTERNATE_PAYMENT,0.5058564,9797.01185161829,9797.01185161829,HIGH
E04356,16364.65,CHECKOUT_ABANDONED,Bank_A,E17,P012,WALLET,SEND_REMINDER,0.5986033,9795.933627548811,9795.933627548811,HIGH
E01499,18357.33,INVOICE_OVERDUE,Bank_A,E17,P019,UPI,SEND_REMINDER,0.53304875,9785.351790930034,9785.351790930034,HIGH
E03126,12871.54,CHECKOUT_ABANDONED,Bank_A,E42,P016,NETBANKING,ALTERNATE_PAYMENT,0.75974774,9779.123471741676,9779.123471741676,HIGH
E03196,15859.83,PAYMENT_FAILED,Bank_A,E11,P007,WALLET,RETRY_PAYMENT,0.61654836,9778.35216676891,9778.35216676891,HIGH
E00724,16381.78,PAYMENT_FAILED,Bank_D,E23,P004,NETBANKING,RETRY_PAYMENT,0.5968588,9777.609543777704,9777.609543777704,HIGH
E04027,21041.89,INVOICE_OVERDUE,Bank_B,E23,P010,CARD,SEND_REMINDER,0.4646496,9777.105516498386,9777.105516498386,HIGH
E04860,16620.38,CHECKOUT_ABANDONED,Bank_B,E17,P001,NETBANKING,SEND_REMINDER,0.58777845,9769.101179163456,9769.101179163456,HIGH
E00424,16895.41,PAYMENT_FAILED,Bank_A,E11,P002,WALLET,RETRY_PAYMENT,0.5777391,9761.139297493695,9761.139297493695,HIGH
E02954,15746.14,CHECKOUT_ABANDONED,Bank_B,E42,P010,NETBANKING,ALTERNATE_PAYMENT,0.6198274,9759.888854320048,9759.888854320048,HIGH
E04812,14946.78,CHECKOUT_ABANDONED,Bank_A,E11,P018,CARD,SEND_REMINDER,0.6518995,9743.798656464816,9743.798656464816,HIGH
E02461,14342.7,SUBSCRIPTION_FAILED,Bank_B,E11,P019,WALLET,ALTERNATE_PAYMENT,0.6788966,9737.210350424051,9737.210350424051,HIGH
E04290,16952.43,PAYMENT_FAILED,Bank_C,E17,P006,CARD,RETRY_PAYMENT,0.57416946,9733.567527231577,9733.567527231577,HIGH
E02946,15413.9,PAYMENT_FAILED,Bank_D,E42,P019,WALLET,ALTERNATE_PAYMENT,0.6314032,9732.385904383658,9732.385904383658,HIGH
E01945,17877.16,PAYMENT_FAILED,Bank_D,E11,P002,WALLET,ALTERNATE_PAYMENT,0.5443027,9730.586491193772,9730.586491193772,HIGH
E01530,18412.02,CHECKOUT_ABANDONED,Bank_D,E23,P016,CARD,SEND_REMINDER,0.5284263,9729.395411875248,9729.395411875248,HIGH
E02274,14328.83,SUBSCRIPTION_FAILED,Bank_D,E17,P005,NETBANKING,ALTERNATE_PAYMENT,0.67898494,9729.059778565765,9729.059778565765,HIGH
E04188,15813.81,INVOICE_OVERDUE,Bank_C,E42,P015,UPI,SEND_REMINDER,0.6151189,9727.373740984796,9727.373740984796,HIGH
E02136,17376.87,CHECKOUT_ABANDONED,Bank_C,E11,P001,UPI,SEND_REMINDER,0.5593934,9720.506493430135,9720.506493430135,HIGH
E04247,18578.55,INVOICE_OVERDUE,Bank_D,E11,P010,CARD,ALTERNATE_PAYMENT,0.5232074,9720.435325634478,9720.435325634478,HIGH
E02833,16322.95,CHECKOUT_ABANDONED,Bank_C,E17,P011,UPI,SEND_REMINDER,0.59545565,9719.592745280266,9719.592745280266,HIGH
E00240,17710.39,INVOICE_OVERDUE,Bank_B,E17,P008,WALLET,SEND_REMINDER,0.5487684,9718.902403970957,9718.902403970957,HIGH
E00760,16801.45,INVOICE_OVERDUE,Bank_B,E17,P016,WALLET,SEND_REMINDER,0.57841915,9718.280409654975,9718.280409654975,HIGH
E02699,17991.58,INVOICE_OVERDUE,Bank_D,E23,P013,UPI,SEND_REMINDER,0.5401095,9717.42355130434,9717.42355130434,HIGH
E02630,18958.01,SUBSCRIPTION_FAILED,Bank_D,E23,P001,UPI,ALTERNATE_PAYMENT,0.5125215,9716.387823750973,9716.387823750973,HIGH
E03921,13867.0,CHECKOUT_ABANDONED,Bank_B,E17,P019,NETBANKING,SEND_REMINDER,0.7006053,9715.293324112892,9715.293324112892,HIGH
E02387,13711.15,SUBSCRIPTION_FAILED,Bank_A,E11,P002,NETBANKING,ALTERNATE_PAYMENT,0.7080743,9708.512550130486,9708.512550130486,HIGH
E02213,16287.71,INVOICE_OVERDUE,Bank_A,E17,P013,CARD,SEND_REMINDER,0.59592927,9706.323049196004,9706.323049196004,HIGH
E02132,18548.8,INVOICE_OVERDUE,Bank_A,E23,P016,WALLET,SEND_REMINDER,0.5232544,9705.74111328125,9705.74111328125,HIGH
E04596,19055.22,INVOICE_OVERDUE,Bank_A,E23,P010,UPI,ALTERNATE_PAYMENT,0.5089009,9697.218242096902,9697.218242096902,HIGH
E04761,19615.58,CHECKOUT_ABANDONED,Bank_A,E17,P010,UPI,SEND_REMINDER,0.49422923,9694.592946528794,9694.592946528794,HIGH
E01648,15184.41,SUBSCRIPTION_FAILED,Bank_A,E11,P014,CARD,ALTERNATE_PAYMENT,0.6384376,9694.298714307546,9694.298714307546,HIGH
E01424,17053.28,PAYMENT_FAILED,Bank_C,E11,P013,WALLET,RETRY_PAYMENT,0.5684659,9694.207967042925,9694.207967042925,HIGH
E00284,13270.24,SUBSCRIPTION_FAILED,Bank_B,E42,P011,NETBANKING,ALTERNATE_PAYMENT,0.73034644,9691.872558784486,9691.872558784486,HIGH
E03846,18392.48,INVOICE_OVERDUE,Bank_A,E23,P008,CARD,ALTERNATE_PAYMENT,0.5268419,9689.928720664975,9689.928720664975,HIGH
E04412,13901.96,INVOICE_OVERDUE,Bank_A,E42,P020,CARD,ALTERNATE_PAYMENT,0.6970177,9689.912591774462,9689.912591774462,HIGH
E04627,17649.32,INVOICE_OVERDUE,Bank_A,E23,P004,NETBANKING,ALTERNATE_PAYMENT,0.5485904,9682.24790110588,9682.24790110588,HIGH
E03868,12406.55,CHECKOUT_ABANDONED,Bank_A,E42,P016,WALLET,ALTERNATE_PAYMENT,0.78019285,9679.501628232,9679.501628232,HIGH
E04234,17713.72,CHECKOUT_ABANDONED,Bank_D,E17,P001,UPI,SEND_REMINDER,0.5461479,9674.31067696333,9674.31067696333,HIGH
E03679,16487.11,INVOICE_OVERDUE,Bank_C,E23,P012,NETBANKING,SEND_REMINDER,0.5865574,9670.636182308195,9670.636182308195,HIGH
E00716,14573.7,SUBSCRIPTION_FAILED,Bank_D,E11,P010,CARD,ALTERNATE_PAYMENT,0.66338867,9668.02745255828,9668.02745255828,HIGH
E00705,17430.87,INVOICE_OVERDUE,Bank_D,E23,P002,CARD,ALTERNATE_PAYMENT,0.5544812,9665.089859746098,9665.089859746098,HIGH
E00065,16419.46,CHECKOUT_ABANDONED,Bank_A,E17,P010,CARD,SEND_REMINDER,0.5886255,9664.912698961496,9664.912698961496,HIGH
E01039,16154.59,CHECKOUT_ABANDONED,Bank_A,E23,P005,CARD,SEND_REMINDER,0.5982082,9663.808028109072,9663.808028109072,HIGH
E02291,16998.09,SUBSCRIPTION_FAILED,Bank_C,E23,P008,UPI,ALTERNATE_PAYMENT,0.568257,9659.283190923928,9659.283190923928,HIGH
E00628,19470.42,INVOICE_OVERDUE,Bank_C,E11,P005,UPI,SEND_REMINDER,0.49585763,9654.556242311595,9654.556242311595,HIGH
E01796,15454.65,PAYMENT_FAILED,Bank_D,E17,P013,WALLET,RETRY_PAYMENT,0.62456644,9652.455667251348,9652.455667251348,HIGH
E01467,15995.57,CHECKOUT_ABANDONED,Bank_A,E17,P012,WALLET,ALTERNATE_PAYMENT,0.6034378,9652.331271971463,9652.331271971463,HIGH
E02632,14646.28,SUBSCRIPTION_FAILED,Bank_D,E23,P008,WALLET,ALTERNATE_PAYMENT,0.658922,9650.756353590488,9650.756353590488,HIGH
E04165,15730.74,SUBSCRIPTION_FAILED,Bank_B,E23,P020,NETBANKING,ALTERNATE_PAYMENT,0.6129683,9642.445358483792,9642.445358483792,HIGH
E02157,13852.71,CHECKOUT_ABANDONED,Bank_D,E23,P007,NETBANKING,SEND_REMINDER,0.6959712,9641.087076299786,9641.087076299786,HIGH
E02919,15544.59,CHECKOUT_ABANDONED,Bank_D,E11,P002,WALLET,SEND_REMINDER,0.6200557,9638.511252923012,9638.511252923012,HIGH
E02179,13352.35,SUBSCRIPTION_FAILED,Bank_B,E42,P018,NETBANKING,ALTERNATE_PAYMENT,0.72130924,9631.173492571712,9631.173492571712,HIGH
E02958,15558.31,PAYMENT_FAILED,Bank_D,E42,P017,NETBANKING,ALTERNATE_PAYMENT,0.6187018,9625.954644747972,9625.954644747972,HIGH
E02773,16080.78,CHECKOUT_ABANDONED,Bank_C,E17,P011,WALLET,SEND_REMINDER,0.598372,9622.288209943772,9622.288209943772,HIGH
E04137,18051.47,INVOICE_OVERDUE,Bank_C,E11,P019,UPI,SEND_REMINDER,0.53277016,9617.28450345993,9617.28450345993,HIGH
E00452,16322.65,CHECKOUT_ABANDONED,Bank_C,E11,P003,NETBANKING,SEND_REMINDER,0.58918196,9617.010913339256,9617.010913339256,HIGH
E00516,13839.82,INVOICE_OVERDUE,Bank_D,E42,P009,UPI,ALTERNATE_PAYMENT,0.6947352,9615.010517231223,9615.010517231223,HIGH
E00806,15022.89,SUBSCRIPTION_FAILED,Bank_C,E23,P018,WALLET,ALTERNATE_PAYMENT,0.63914746,9601.841992279888,9601.841992279888,HIGH
E03867,15270.96,PAYMENT_FAILED,Bank_D,E11,P020,CARD,RETRY_PAYMENT,0.6287544,9601.682946567536,9601.682946567536,HIGH
E04397,16880.76,INVOICE_OVERDUE,Bank_C,E23,P018,NETBANKING,SEND_REMINDER,0.5682684,9592.802785105703,9592.802785105703,HIGH
E02366,17156.89,PAYMENT_FAILED,Bank_A,E11,P020,NETBANKING,RETRY_PAYMENT,0.55912083,9592.77464348018,9592.77464348018,HIGH
E03165,14916.87,CHECKOUT_ABANDONED,Bank_B,E42,P009,CARD,SEND_REMINDER,0.642851,9589.324722737074,9589.324722737074,HIGH
E00363,18223.42,CHECKOUT_ABANDONED,Bank_D,E11,P016,CARD,SEND_REMINDER,0.52584666,9582.724543277023,9582.724543277023,HIGH
E04653,12750.18,PAYMENT_FAILED,Bank_A,E42,P014,WALLET,ALTERNATE_PAYMENT,0.7512172,9578.15434634328,9578.15434634328,HIGH
E04776,12110.91,CHECKOUT_ABANDONED,Bank_A,E42,P016,WALLET,ALTERNATE_PAYMENT,0.79075074,9576.711068294047,9576.711068294047,HIGH
E04427,17451.75,INVOICE_OVERDUE,Bank_D,E17,P010,NETBANKING,SEND_REMINDER,0.54862595,9574.482853889464,9574.482853889464,HIGH
E01540,16446.23,INVOICE_OVERDUE,Bank_C,E11,P008,NETBANKING,SEND_REMINDER,0.5820179,9572.00022382736,9572.00022382736,HIGH
E04697,14192.59,CHECKOUT_ABANDONED,Bank_C,E23,P006,WALLET,SEND_REMINDER,0.6743212,9570.36395972252,9570.36395972252,HIGH
E00786,17488.84,INVOICE_OVERDUE,Bank_A,E23,P020,UPI,ALTERNATE_PAYMENT,0.54721725,9570.194928221705,9570.194928221705,HIGH
E03035,13432.92,INVOICE_OVERDUE,Bank_A,E42,P012,UPI,ALTERNATE_PAYMENT,0.71238357,9569.391482112407,9569.391482112407,HIGH
E04315,15430.67,CHECKOUT_ABANDONED,Bank_A,E11,P012,WALLET,SEND_REMINDER,0.6201225,9568.90553846538,9568.90553846538,HIGH
E01568,12627.08,SUBSCRIPTION_FAILED,Bank_B,E42,P008,UPI,ALTERNATE_PAYMENT,0.75722903,9561.591541802884,9561.591541802884,HIGH
E00544,20755.3,INVOICE_OVERDUE,Bank_C,E23,P004,CARD,SEND_REMINDER,0.4604375,9556.518577358129,9556.518577358129,HIGH
E03681,11140.25,SUBSCRIPTION_FAILED,Bank_A,E42,P002,NETBANKING,ALTERNATE_PAYMENT,0.85780394,9556.150351196527,9556.150351196527,HIGH
E03220,18304.15,PAYMENT_FAILED,Bank_A,E23,P005,WALLET,ALTERNATE_PAYMENT,0.5217831,9550.796376597882,9550.796376597882,HIGH
E02873,19928.8,PAYMENT_FAILED,Bank_B,E11,P005,UPI,RETRY_PAYMENT,0.47914487,9548.782309865952,9548.782309865952,HIGH
E01809,12695.04,CHECKOUT_ABANDONED,Bank_A,E42,P010,WALLET,ALTERNATE_PAYMENT,0.75179636,9544.084922790527,9544.084922790527,HIGH
E00766,17462.68,CHECKOUT_ABANDONED,Bank_D,E11,P001,UPI,SEND_REMINDER,0.54590493,9532.963179957867,9532.963179957867,HIGH
E04921,15562.22,CHECKOUT_ABANDONED,Bank_B,E23,P019,NETBANKING,SEND_REMINDER,0.61225563,9528.056855076553,9528.056855076553,HIGH
E03301,15434.24,PAYMENT_FAILED,Bank_D,E17,P015,WALLET,RETRY_PAYMENT,0.6170816,9524.185244598388,9524.185244598388,HIGH
E00593,15941.06,CHECKOUT_ABANDONED,Bank_C,E11,P006,CARD,SEND_REMINDER,0.5974266,9523.613169449569,9523.613169449569,HIGH
E01939,20808.78,CHECKOUT_ABANDONED,Bank_C,E11,P001,UPI,SEND_REMINDER,0.4576675,9523.502316085696,9523.502316085696,HIGH
E00962,12398.04,PAYMENT_FAILED,Bank_A,E42,P016,UPI,ALTERNATE_PAYMENT,0.7677839,9519.015258493424,9519.015258493424,HIGH
E04413,24698.79,CHECKOUT_ABANDONED,Bank_D,E11,P017,CARD,SEND_REMINDER,0.38539472,9518.783311301171,9518.783311301171,HIGH
E03779,19743.4,INVOICE_OVERDUE,Bank_C,E23,P006,CARD,SEND_REMINDER,0.4821001,9518.29510101676,9518.29510101676,HIGH
E01903,15642.07,CHECKOUT_ABANDONED,Bank_B,E17,P019,CARD,SEND_REMINDER,0.6080265,9510.793145503998,9510.793145503998,HIGH
E04996,12550.06,SUBSCRIPTION_FAILED,Bank_D,E42,P006,CARD,ALTERNATE_PAYMENT,0.75727487,9503.845006098749,9503.845006098749,HIGH
E00385,18208.95,INVOICE_OVERDUE,Bank_A,E17,P007,CARD,ALTERNATE_PAYMENT,0.52156454,9497.14268976152,9497.14268976152,HIGH
E04333,15776.96,PAYMENT_FAILED,Bank_B,E17,P012,CARD,RETRY_PAYMENT,0.60177916,9494.245781650545,9494.245781650545,HIGH
E02933,18612.0,INVOICE_OVERDUE,Bank_A,E11,P012,UPI,ALTERNATE_PAYMENT,0.51008594,9493.71952199936,9493.71952199936,HIGH
E00187,24071.42,SUBSCRIPTION_FAILED,Bank_D,E23,P010,UPI,ALTERNATE_PAYMENT,0.39435458,9492.674768223762,9492.674768223762,HIGH
E01071,15045.27,CHECKOUT_ABANDONED,Bank_C,E11,P019,WALLET,SEND_REMINDER,0.6308659,9491.547376615405,9491.547376615405,HIGH
E00150,14345.76,INVOICE_OVERDUE,Bank_A,E42,P005,WALLET,ALTERNATE_PAYMENT,0.66127586,9486.5048336792,9486.5048336792,HIGH
E00236,14181.11,INVOICE_OVERDUE,Bank_D,E42,P002,WALLET,ALTERNATE_PAYMENT,0.6686048,9481.55809002936,9481.55809002936,HIGH
E01804,12494.9,INVOICE_OVERDUE,Bank_A,E42,P018,UPI,ALTERNATE_PAYMENT,0.75873655,9480.33732869029,9480.33732869029,HIGH
E01386,24630.41,INVOICE_OVERDUE,Bank_D,E42,P004,NETBANKING,ALTERNATE_PAYMENT,0.3848474,9478.949312798975,9478.949312798975,HIGH
E03542,18771.66,PAYMENT_FAILED,Bank_C,E17,P008,UPI,RETRY_PAYMENT,0.5049047,9477.899124366046,9477.899124366046,HIGH
E00637,15935.98,PAYMENT_FAILED,Bank_C,E23,P018,WALLET,RETRY_PAYMENT,0.5947124,9477.324539163112,9477.324539163112,HIGH
E02004,13367.45,CHECKOUT_ABANDONED,Bank_A,E42,P012,CARD,ALTERNATE_PAYMENT,0.7081169,9465.717107862234,9465.717107862234,HIGH
E04573,13912.65,SUBSCRIPTION_FAILED,Bank_D,E23,P014,NETBANKING,ALTERNATE_PAYMENT,0.68027836,9464.474736991524,9464.474736991524,HIGH
E02075,12896.16,CHECKOUT_ABANDONED,Bank_A,E42,P011,NETBANKING,ALTERNATE_PAYMENT,0.7336131,9460.791578149796,9460.791578149796,HIGH
E01506,19659.04,INVOICE_OVERDUE,Bank_D,E42,P003,UPI,ALTERNATE_PAYMENT,0.48120797,9460.086667728425,9460.086667728425,HIGH
E04731,16117.86,INVOICE_OVERDUE,Bank_C,E23,P015,CARD,SEND_REMINDER,0.5867382,9456.964628412725,9456.964628412725,HIGH
E04180,14524.15,PAYMENT_FAILED,Bank_B,E42,P010,NETBANKING,ALTERNATE_PAYMENT,0.6507091,9450.996467533709,9450.996467533709,HIGH
E00443,12802.76,CHECKOUT_ABANDONED,Bank_A,E42,P009,UPI,ALTERNATE_PAYMENT,0.7381224,9450.00398419142,9450.00398419142,HIGH
E01578,17386.48,INVOICE_OVERDUE,Bank_A,E11,P015,CARD,SEND_REMINDER,0.54235023,9429.561472115516,9429.561472115516,HIGH
E03484,19096.86,PAYMENT_FAILED,Bank_A,E17,P011,UPI,ALTERNATE_PAYMENT,0.49328306,9420.157597791553,9420.157597791553,HIGH
E00300,16309.6,INVOICE_OVERDUE,Bank_B,E42,P003,UPI,ALTERNATE_PAYMENT,0.5775537,9419.669653940202,9419.669653940202,HIGH
E02410,17161.5,INVOICE_OVERDUE,Bank_C,E11,P020,NETBANKING,SEND_REMINDER,0.54877764,9417.847466558218,9417.847466558218,HIGH
E04841,17314.38,PAYMENT_FAILED,Bank_A,E23,P016,NETBANKING,RETRY_PAYMENT,0.54369736,9413.78264717102,9413.78264717102,HIGH
E00995,10653.01,SUBSCRIPTION_FAILED,Bank_A,E42,P006,NETBANKING,ALTERNATE_PAYMENT,0.88359445,9412.940547320248,9412.940547320248,HIGH
E04616,16255.79,INVOICE_OVERDUE,Bank_D,E11,P018,UPI,SEND_REMINDER,0.5786986,9407.202516573072,9407.202516573072,HIGH
E04950,17000.75,PAYMENT_FAILED,Bank_B,E11,P018,UPI,RETRY_PAYMENT,0.553328,9406.990616157653,9406.990616157653,HIGH
E00805,14636.05,PAYMENT_FAILED,Bank_B,E11,P019,WALLET,RETRY_PAYMENT,0.642681,9406.31128835082,9406.31128835082,HIGH
E01194,11787.45,CHECKOUT_ABANDONED,Bank_A,E42,P012,WALLET,ALTERNATE_PAYMENT,0.7978277,9404.354365682602,9404.354365682602,HIGH
E03084,14796.47,CHECKOUT_ABANDONED,Bank_B,E42,P006,NETBANKING,SEND_REMINDER,0.63556826,9404.166709007024,9404.166709007024,HIGH
E02123,15501.68,SUBSCRIPTION_FAILED,Bank_D,E11,P015,WALLET,ALTERNATE_PAYMENT,0.60645825,9401.121673827172,9401.121673827172,HIGH
E00275,15321.37,CHECKOUT_ABANDONED,Bank_D,E17,P009,UPI,SEND_REMINDER,0.6132971,9396.551863113642,9396.551863113642,HIGH
E00993,17787.57,INVOICE_OVERDUE,Bank_B,E23,P008,UPI,SEND_REMINDER,0.52814215,9394.365538081527,9394.365538081527,HIGH
E04586,18797.25,INVOICE_OVERDUE,Bank_A,E11,P012,UPI,ALTERNATE_PAYMENT,0.4994981,9389.19064309448,9389.19064309448,HIGH
E03683,10630.54,SUBSCRIPTION_FAILED,Bank_A,E42,P015,UPI,ALTERNATE_PAYMENT,0.88320196,9388.913729298116,9388.913729298116,HIGH
E02945,21143.42,INVOICE_OVERDUE,Bank_A,E17,P003,UPI,ALTERNATE_PAYMENT,0.44380224,9383.497104628086,9383.497104628086,HIGH
E04502,24319.26,SUBSCRIPTION_FAILED,Bank_D,E11,P009,NETBANKING,ALTERNATE_PAYMENT,0.38581717,9382.788073174954,9382.788073174954,HIGH
E03048,10751.63,SUBSCRIPTION_FAILED,Bank_A,E42,P008,WALLET,ALTERNATE_PAYMENT,0.8716935,9372.125898700951,9372.125898700951,HIGH
E00313,12778.25,CHECKOUT_ABANDONED,Bank_A,E42,P010,CARD,ALTERNATE_PAYMENT,0.7332703,9369.911051422358,9369.911051422358,HIGH
E03147,16509.1,INVOICE_OVERDUE,Bank_C,E17,P016,WALLET,SEND_REMINDER,0.567047,9361.43562656641,9361.43562656641,HIGH
E01751,20487.6,INVOICE_OVERDUE,Bank_B,E11,P010,UPI,SEND_REMINDER,0.45681217,9358.985078179836,9358.985078179836,HIGH
E02028,16340.11,PAYMENT_FAILED,Bank_D,E11,P014,NETBANKING,RETRY_PAYMENT,0.57265675,9357.274298337696,9357.274298337696,HIGH
E03589,12952.17,PAYMENT_FAILED,Bank_A,E42,P003,UPI,ALTERNATE_PAYMENT,0.7216908,9347.461591812373,9347.461591812373,HIGH
E03316,18439.89,INVOICE_OVERDUE,Bank_B,E11,P005,UPI,SEND_REMINDER,0.5065016,9339.834066297411,9339.834066297411,HIGH
E01193,12963.3,INVOICE_OVERDUE,Bank_A,E42,P014,NETBANKING,ALTERNATE_PAYMENT,0.7204367,9339.236972486971,9339.236972486971,HIGH
E03660,16410.72,CHECKOUT_ABANDONED,Bank_C,E11,P004,UPI,SEND_REMINDER,0.56892836,9336.524031429291,9336.524031429291,HIGH
E01588,10767.65,SUBSCRIPTION_FAILED,Bank_A,E42,P004,WALLET,ALTERNATE_PAYMENT,0.8664851,9330.008490157126,9330.008490157126,HIGH
E02912,15130.19,CHECKOUT_ABANDONED,Bank_B,E42,P009,CARD,SEND_REMINDER,0.6160868,9321.510053395628,9321.510053395628,HIGH
E03189,13122.84,SUBSCRIPTION_FAILED,Bank_C,E42,P011,CARD,ALTERNATE_PAYMENT,0.71031594,9321.362466344834,9321.362466344834,HIGH
E01404,13642.05,SUBSCRIPTION_FAILED,Bank_A,E23,P003,CARD,ALTERNATE_PAYMENT,0.68293536,9316.638288241624,9316.638288241624,HIGH
E03002,15679.88,PAYMENT_FAILED,Bank_A,E42,P013,NETBANKING,ALTERNATE_PAYMENT,0.59402525,9314.24470360279,9314.24470360279,HIGH
E00472,14989.47,SUBSCRIPTION_FAILED,Bank_C,E23,P013,NETBANKING,ALTERNATE_PAYMENT,0.62134296,9313.60161395967,9313.60161395967,HIGH
E04278,14707.7,CHECKOUT_ABANDONED,Bank_B,E11,P012,UPI,SEND_REMINDER,0.6332423,9313.537909454108,9313.537909454108,HIGH
E02326,10515.94,SUBSCRIPTION_FAILED,Bank_A,E42,P007,NETBANKING,ALTERNATE_PAYMENT,0.88545567,9311.398677059413,9311.398677059413,HIGH
E03756,13500.61,CHECKOUT_ABANDONED,Bank_D,E42,P019,UPI,ALTERNATE_PAYMENT,0.6896396,9310.55565727532,9310.55565727532,HIGH
E02473,14389.03,PAYMENT_FAILED,Bank_D,E17,P004,CARD,RETRY_PAYMENT,0.64705205,9310.451353785991,9310.451353785991,HIGH
E02434,16902.02,INVOICE_OVERDUE,Bank_A,E17,P016,WALLET,SEND_REMINDER,0.55080754,9309.759983679056,9309.759983679056,HIGH
E02250,13191.06,INVOICE_OVERDUE,Bank_A,E42,P017,WALLET,ALTERNATE_PAYMENT,0.70543486,9305.43354850888,9305.43354850888,HIGH
E03492,12753.9,PAYMENT_FAILED,Bank_A,E42,P018,NETBANKING,ALTERNATE_PAYMENT,0.729468,9303.561772334577,9303.561772334577,HIGH
E02878,11917.09,PAYMENT_FAILED,Bank_A,E42,P012,UPI,ALTERNATE_PAYMENT,0.7803517,9299.521421468857,9299.521421468857,HIGH
E03444,17253.66,SUBSCRIPTION_FAILED,Bank_C,E17,P012,WALLET,ALTERNATE_PAYMENT,0.5386564,9293.794616299869,9293.794616299869,HIGH
E02239,12116.92,SUBSCRIPTION_FAILED,Bank_D,E42,P008,WALLET,ALTERNATE_PAYMENT,0.7661575,9283.46923058033,9283.46923058033,HIGH
E02654,15901.57,INVOICE_OVERDUE,Bank_D,E17,P015,NETBANKING,SEND_REMINDER,0.5831433,9272.89390730679,9272.89390730679,HIGH
E00535,16068.37,PAYMENT_FAILED,Bank_A,E23,P003,NETBANKING,ALTERNATE_PAYMENT,0.5768577,9269.162736679316,9269.162736679316,HIGH
E03774,13119.58,CHECKOUT_ABANDONED,Bank_A,E42,P017,CARD,ALTERNATE_PAYMENT,0.7060878,9263.57574230671,9263.57574230671,HIGH
E04295,17068.44,CHECKOUT_ABANDONED,Bank_B,E11,P015,CARD,SEND_REMINDER,0.5427203,9263.389181842804,9263.389181842804,HIGH
E04923,10596.75,SUBSCRIPTION_FAILED,Bank_A,E42,P011,NETBANKING,ALTERNATE_PAYMENT,0.8739865,9261.41625970602,9261.41625970602,HIGH
E01826,14071.57,INVOICE_OVERDUE,Bank_B,E42,P018,WALLET,ALTERNATE_PAYMENT,0.65795285,9258.429516475797,9258.429516475797,HIGH
E03498,13923.57,CHECKOUT_ABANDONED,Bank_B,E11,P002,WALLET,SEND_REMINDER,0.66455233,9252.940898934605,9252.940898934605,HIGH
E03241,24798.77,PAYMENT_FAILED,Bank_C,E42,P019,NETBANKING,RETRY_PAYMENT,0.37286013,9246.472696503995,9246.472696503995,HIGH
E02031,17608.68,INVOICE_OVERDUE,Bank_D,E11,P012,NETBANKING,ALTERNATE_PAYMENT,0.52490413,9242.86888911724,9242.86888911724,HIGH
E00762,12038.28,SUBSCRIPTION_FAILED,Bank_B,E42,P001,NETBANKING,ALTERNATE_PAYMENT,0.76755023,9239.984583120347,9239.984583120347,HIGH
E02455,14761.97,PAYMENT_FAILED,Bank_D,E42,P018,NETBANKING,ALTERNATE_PAYMENT,0.6253955,9232.069266924262,9232.069266924262,HIGH
E00777,14136.17,SUBSCRIPTION_FAILED,Bank_A,E11,P014,WALLET,ALTERNATE_PAYMENT,0.6528579,9228.910255519151,9228.910255519151,HIGH
E03697,18292.94,PAYMENT_FAILED,Bank_A,E17,P011,NETBANKING,ALTERNATE_PAYMENT,0.5044238,9227.394255481957,9227.394255481957,HIGH
E02270,14151.87,CHECKOUT_ABANDONED,Bank_D,E23,P007,CARD,SEND_REMINDER,0.65177244,9223.798833101391,9223.798833101391,HIGH
E01345,16946.96,INVOICE_OVERDUE,Bank_B,E17,P010,NETBANKING,SEND_REMINDER,0.5442519,9223.415497703552,9223.415497703552,HIGH
E00195,14524.48,INVOICE_OVERDUE,Bank_C,E23,P017,WALLET,SEND_REMINDER,0.63420093,9211.438732414244,9211.438732414244,HIGH
E00053,17698.19,INVOICE_OVERDUE,Bank_D,E11,P014,WALLET,SEND_REMINDER,0.5204039,9210.207481295463,9210.207481295463,HIGH
E03407,10925.53,SUBSCRIPTION_FAILED,Bank_A,E42,P010,UPI,ALTERNATE_PAYMENT,0.8429561,9209.742440415026,9209.742440415026,HIGH
E03258,10512.56,SUBSCRIPTION_FAILED,Bank_A,E42,P015,NETBANKING,ALTERNATE_PAYMENT,0.87577367,9206.62323431015,9206.62323431015,HIGH
E04941,16030.34,INVOICE_OVERDUE,Bank_B,E11,P007,WALLET,SEND_REMINDER,0.57403505,9201.976999127864,9201.976999127864,HIGH
E02498,16000.32,CHECKOUT_ABANDONED,Bank_C,E23,P017,CARD,SEND_REMINDER,0.57509375,9201.683968963624,9201.683968963624,HIGH
E01508,15871.22,CHECKOUT_ABANDONED,Bank_A,E17,P004,NETBANKING,SEND_REMINDER,0.57963014,9199.437414860726,9199.437414860726,HIGH
E02587,18158.43,INVOICE_OVERDUE,Bank_C,E11,P014,UPI,SEND_REMINDER,0.505884,9186.05905173719,9186.05905173719,HIGH
E02818,11576.29,PAYMENT_FAILED,Bank_A,E42,P012,WALLET,ALTERNATE_PAYMENT,0.7935178,9185.992496955396,9185.992496955396,HIGH
E00634,16540.37,PAYMENT_FAILED,Bank_B,E17,P010,NETBANKING,RETRY_PAYMENT,0.55496925,9179.39675274074,9179.39675274074,HIGH
E00979,13793.05,SUBSCRIPTION_FAILED,Bank_B,E23,P002,UPI,ALTERNATE_PAYMENT,0.6652462,9175.77394222915,9175.77394222915,HIGH
E04518,16589.23,CHECKOUT_ABANDONED,Bank_A,E23,P009,UPI,SEND_REMINDER,0.5526702,9168.372743392589,9168.372743392589,HIGH
E00675,14693.2,PAYMENT_FAILED,Bank_B,E23,P014,NETBANKING,RETRY_PAYMENT,0.6235257,9161.587508320808,9161.587508320808,HIGH
E01879,12364.52,SUBSCRIPTION_FAILED,Bank_B,E11,P006,WALLET,ALTERNATE_PAYMENT,0.74075824,9159.120076401234,9159.120076401234,HIGH
E03475,15594.16,CHECKOUT_ABANDONED,Bank_A,E17,P012,NETBANKING,SEND_REMINDER,0.5872839,9158.199247374534,9158.199247374534,HIGH
E04824,14176.07,CHECKOUT_ABANDONED,Bank_A,E42,P001,UPI,ALTERNATE_PAYMENT,0.6456484,9152.757195282578,9152.757195282578,HIGH
E04685,17672.21,INVOICE_OVERDUE,Bank_D,E11,P016,WALLET,SEND_REMINDER,0.517625,9147.577246204612,9147.577246204612,HIGH
E03923,17152.69,INVOICE_OVERDUE,Bank_C,E23,P018,NETBANKING,SEND_REMINDER,0.5328331,9139.52097515106,9139.52097515106,HIGH
E00409,16554.42,PAYMENT_FAILED,Bank_C,E17,P008,NETBANKING,RETRY_PAYMENT,0.551979,9137.69228552699,9137.69228552699,HIGH
E02960,12652.81,INVOICE_OVERDUE,Bank_A,E42,P019,CARD,ALTERNATE_PAYMENT,0.7221823,9137.635096578597,9137.635096578597,HIGH
E02418,15474.75,CHECKOUT_ABANDONED,Bank_D,E11,P015,WALLET,SEND_REMINDER,0.5904517,9137.092713475227,9137.092713475227,HIGH
E02451,12315.16,PAYMENT_FAILED,Bank_A,E42,P007,WALLET,ALTERNATE_PAYMENT,0.7416929,9134.066742463112,9134.066742463112,HIGH
E00200,18440.66,PAYMENT_FAILED,Bank_C,E42,P003,UPI,ALTERNATE_PAYMENT,0.49501422,9128.38893496573,9128.38893496573,HIGH
E02153,17750.1,SUBSCRIPTION_FAILED,Bank_D,E11,P001,CARD,ALTERNATE_PAYMENT,0.51365924,9117.50285489559,9117.50285489559,HIGH
E03293,15643.22,PAYMENT_FAILED,Bank_C,E11,P016,WALLET,RETRY_PAYMENT,0.5826794,9114.9819014287,9114.9819014287,HIGH
E02680,13349.99,CHECKOUT_ABANDONED,Bank_A,E42,P014,NETBANKING,ALTERNATE_PAYMENT,0.68251467,9111.563986124993,9111.563986124993,HIGH
E03156,13671.8,SUBSCRIPTION_FAILED,Bank_B,E23,P011,UPI,ALTERNATE_PAYMENT,0.6661978,9108.122764778136,9108.122764778136,HIGH
E04876,10161.58,SUBSCRIPTION_FAILED,Bank_A,E42,P007,UPI,ALTERNATE_PAYMENT,0.89624506,9107.26590068698,9107.26590068698,HIGH
E00177,12687.89,PAYMENT_FAILED,Bank_A,E42,P010,CARD,ALTERNATE_PAYMENT,0.71772915,9106.46852083981,9106.46852083981,HIGH
E04055,18366.68,INVOICE_OVERDUE,Bank_C,E17,P004,WALLET,SEND_REMINDER,0.49566403,9103.702632278204,9103.702632278204,HIGH
E03394,15145.72,SUBSCRIPTION_FAILED,Bank_C,E23,P011,NETBANKING,ALTERNATE_PAYMENT,0.60091573,9101.301390168666,9101.301390168666,HIGH
E02884,17447.77,INVOICE_OVERDUE,Bank_C,E23,P014,UPI,SEND_REMINDER,0.5216177,9101.065842307213,9101.065842307213,HIGH
E03670,14335.85,CHECKOUT_ABANDONED,Bank_A,E42,P001,UPI,ALTERNATE_PAYMENT,0.63477,9099.967162433268,9099.967162433268,HIGH
E04719,13447.81,PAYMENT_FAILED,Bank_A,E42,P010,CARD,ALTERNATE_PAYMENT,0.67647237,9097.07184628427,9097.07184628427,HIGH
E03828,13200.76,SUBSCRIPTION_FAILED,Bank_A,E23,P005,CARD,ALTERNATE_PAYMENT,0.68884087,9093.222951431277,9093.222951431277,HIGH
E03726,14688.57,CHECKOUT_ABANDONED,Bank_B,E42,P014,UPI,ALTERNATE_PAYMENT,0.61884433,9089.938264873625,9089.938264873625,HIGH
E00025,12378.33,PAYMENT_FAILED,Bank_D,E23,P019,CARD,RETRY_PAYMENT,0.7336144,9080.92095186174,9080.92095186174,HIGH
E04323,19736.94,INVOICE_OVERDUE,Bank_A,E17,P006,CARD,ALTERNATE_PAYMENT,0.4599901,9078.79728009045,9078.79728009045,HIGH
E01127,15184.29,SUBSCRIPTION_FAILED,Bank_C,E17,P005,WALLET,ALTERNATE_PAYMENT,0.59787476,9078.303749052287,9078.303749052287,HIGH
E00565,12787.13,SUBSCRIPTION_FAILED,Bank_D,E17,P007,CARD,ALTERNATE_PAYMENT,0.7093115,9070.05817290306,9070.05817290306,HIGH
E02218,14349.58,SUBSCRIPTION_FAILED,Bank_C,E17,P008,NETBANKING,ALTERNATE_PAYMENT,0.6318775,9067.176477259398,9067.176477259398,HIGH
E04575,14663.25,SUBSCRIPTION_FAILED,Bank_A,E11,P004,CARD,ALTERNATE_PAYMENT,0.6180455,9062.555807814002,9062.555807814002,HIGH
E03358,15962.85,CHECKOUT_ABANDONED,Bank_C,E23,P014,CARD,SEND_REMINDER,0.56750613,9059.015299263598,9059.015299263598,HIGH
E01610,16649.31,INVOICE_OVERDUE,Bank_B,E17,P004,CARD,SEND_REMINDER,0.5439439,9056.290313830375,9056.290313830375,HIGH
E04127,24811.59,SUBSCRIPTION_FAILED,Bank_A,E17,P006,NETBANKING,ALTERNATE_PAYMENT,0.36474273,9049.846975167096,9049.846975167096,HIGH
E01343,12550.76,PAYMENT_FAILED,Bank_A,E42,P019,CARD,ALTERNATE_PAYMENT,0.7209414,9048.36279132366,9048.36279132366,HIGH
E03204,12046.72,PAYMENT_FAILED,Bank_A,E42,P007,UPI,ALTERNATE_PAYMENT,0.7507316,9043.85322868347,9043.85322868347,HIGH
E02948,14351.94,INVOICE_OVERDUE,Bank_C,E42,P019,CARD,ALTERNATE_PAYMENT,0.63000697,9041.822218312023,9041.822218312023,HIGH
E02416,10216.85,SUBSCRIPTION_FAILED,Bank_A,E42,P005,NETBANKING,ALTERNATE_PAYMENT,0.88489777,9040.867766073348,9040.867766073348,HIGH
E01960,16336.84,PAYMENT_FAILED,Bank_C,E11,P012,WALLET,RETRY_PAYMENT,0.5532076,9037.663660390375,9037.663660390375,HIGH
E00133,20341.92,INVOICE_OVERDUE,Bank_B,E11,P005,UPI,SEND_REMINDER,0.4441411,9034.68251978874,9034.68251978874,HIGH
E01679,13521.41,SUBSCRIPTION_FAILED,Bank_D,E17,P008,WALLET,ALTERNATE_PAYMENT,0.6671322,9020.567984319328,9020.567984319328,HIGH
E01139,23781.84,SUBSCRIPTION_FAILED,Bank_C,E11,P020,CARD,ALTERNATE_PAYMENT,0.3791775,9017.538891978264,9017.538891978264,HIGH
E02789,10359.55,SUBSCRIPTION_FAILED,Bank_A,E42,P011,NETBANKING,ALTERNATE_PAYMENT,0.869834,9011.088875123858,9011.088875123858,HIGH
E04144,11637.6,CHECKOUT_ABANDONED,Bank_A,E42,P017,UPI,ALTERNATE_PAYMENT,0.7740663,9008.274310398105,9008.274310398105,HIGH
E02563,12075.28,INVOICE_OVERDUE,Bank_A,E42,P019,NETBANKING,ALTERNATE_PAYMENT,0.74573755,9004.989754676819,9004.989754676819,HIGH
E03471,14500.49,INVOICE_OVERDUE,Bank_D,E17,P017,WALLET,SEND_REMINDER,0.62090516,9003.429076635837,9003.429076635837,HIGH
E02436,16317.3,SUBSCRIPTION_FAILED,Bank_C,E11,P014,UPI,ALTERNATE_PAYMENT,0.55145764,8998.299806427955,8998.299806427955,HIGH
E04574,13433.46,SUBSCRIPTION_FAILED,Bank_C,E42,P012,CARD,ALTERNATE_PAYMENT,0.66946834,8993.276210421323,8993.276210421323,HIGH
E03314,15431.44,PAYMENT_FAILED,Bank_D,E11,P010,WALLET,RETRY_PAYMENT,0.58263624,8990.916135320664,8990.916135320664,HIGH
E00111,10307.36,SUBSCRIPTION_FAILED,Bank_A,E42,P008,WALLET,ALTERNATE_PAYMENT,0.87202054,8988.229660196304,8988.229660196304,HIGH
E04231,17109.25,PAYMENT_FAILED,Bank_B,E11,P006,NETBANKING,RETRY_PAYMENT,0.52512056,8984.418878808618,8984.418878808618,HIGH
E02025,12555.92,SUBSCRIPTION_FAILED,Bank_C,E42,P020,UPI,ALTERNATE_PAYMENT,0.7150504,8978.115609622002,8978.115609622002,HIGH
E03213,13802.09,CHECKOUT_ABANDONED,Bank_B,E17,P011,UPI,SEND_REMINDER,0.6504061,8976.963835260869,8976.963835260869,HIGH
E00124,14484.07,INVOICE_OVERDUE,Bank_D,E17,P013,CARD,SEND_REMINDER,0.61971486,8975.993356484174,8975.993356484174,HIGH
E00116,20251.93,INVOICE_OVERDUE,Bank_A,E17,P003,UPI,ALTERNATE_PAYMENT,0.4430545,8972.708664329648,8972.708664329648,HIGH
E03325,18784.5,INVOICE_OVERDUE,Bank_B,E11,P009,UPI,SEND_REMINDER,0.4776442,8972.307570576668,8972.307570576668,HIGH
E03859,13821.6,SUBSCRIPTION_FAILED,Bank_A,E11,P010,WALLET,ALTERNATE_PAYMENT,0.64902973,8970.62934036255,8970.62934036255,HIGH
E01912,15817.82,INVOICE_OVERDUE,Bank_D,E42,P020,CARD,ALTERNATE_PAYMENT,0.566799,8965.524320982695,8965.524320982695,HIGH
E04178,15236.58,CHECKOUT_ABANDONED,Bank_C,E11,P018,WALLET,SEND_REMINDER,0.5883855,8964.983082364797,8964.983082364797,HIGH
E00928,14062.18,CHECKOUT_ABANDONED,Bank_B,E11,P012,UPI,SEND_REMINDER,0.63747954,8964.352089629174,8964.352089629174,HIGH
E03724,11607.16,INVOICE_OVERDUE,Bank_A,E42,P008,WALLET,ALTERNATE_PAYMENT,0.7721625,8962.613649184703,8962.613649184703,HIGH
E02963,13091.07,INVOICE_OVERDUE,Bank_A,E42,P017,CARD,ALTERNATE_PAYMENT,0.684539,8961.348229356408,8961.348229356408,HIGH
E01183,12967.69,SUBSCRIPTION_FAILED,Bank_D,E11,P011,WALLET,ALTERNATE_PAYMENT,0.69095427,8960.080751324296,8960.080751324296,HIGH
E03243,13559.56,CHECKOUT_ABANDONED,Bank_D,E17,P018,CARD,SEND_REMINDER,0.6604642,8955.60431656599,8955.60431656599,HIGH
E01147,14311.56,SUBSCRIPTION_FAILED,Bank_C,E11,P013,CARD,ALTERNATE_PAYMENT,0.6256092,8953.443875334262,8953.443875334262,HIGH
E01226,14210.61,INVOICE_OVERDUE,Bank_C,E42,P019,CARD,ALTERNATE_PAYMENT,0.63000697,8952.783333386778,8952.783333386778,HIGH
E03182,13264.55,CHECKOUT_ABANDONED,Bank_C,E23,P015,WALLET,SEND_REMINDER,0.67442214,8945.906261998414,8945.906261998414,HIGH
E03809,12290.8,INVOICE_OVERDUE,Bank_A,E42,P007,NETBANKING,ALTERNATE_PAYMENT,0.72736406,8939.886228752135,8939.886228752135,HIGH
E04957,14675.61,PAYMENT_FAILED,Bank_B,E42,P009,WALLET,RETRY_PAYMENT,0.60898364,8937.20633688569,8937.20633688569,HIGH
E01271,16162.74,INVOICE_OVERDUE,Bank_C,E11,P010,UPI,SEND_REMINDER,0.55291396,8936.604639183282,8936.604639183282,HIGH
E01949,19766.0,INVOICE_OVERDUE,Bank_C,E23,P014,CARD,SEND_REMINDER,0.45210952,8936.396686673164,8936.396686673164,HIGH
E00373,12282.2,PAYMENT_FAILED,Bank_A,E42,P010,WALLET,ALTERNATE_PAYMENT,0.7275027,8935.333706974983,8935.333706974983,HIGH
E00919,10621.13,SUBSCRIPTION_FAILED,Bank_A,E42,P001,NETBANKING,ALTERNATE_PAYMENT,0.84123516,8934.868003721236,8934.868003721236,HIGH
E03295,12137.91,INVOICE_OVERDUE,Bank_A,E42,P011,UPI,ALTERNATE_PAYMENT,0.7360948,8934.652103907465,8934.652103907465,HIGH
E02820,15403.57,CHECKOUT_ABANDONED,Bank_C,E23,P018,WALLET,SEND_REMINDER,0.5797811,8930.698990429044,8930.698990429044,HIGH
E00617,13523.65,PAYMENT_FAILED,Bank_C,E17,P019,NETBANKING,RETRY_PAYMENT,0.6603487,8930.324877944588,8930.324877944588,HIGH
E03698,17657.49,INVOICE_OVERDUE,Bank_D,E11,P001,UPI,ALTERNATE_PAYMENT,0.50478804,8913.289788104297,8913.289788104297,HIGH
E01088,10427.33,SUBSCRIPTION_FAILED,Bank_A,E42,P010,WALLET,ALTERNATE_PAYMENT,0.8542682,8907.736359468698,8907.736359468698,HIGH
E03154,12885.76,CHECKOUT_ABANDONED,Bank_A,E42,P020,UPI,ALTERNATE_PAYMENT,0.6912545,8907.339541778565,8907.339541778565,HIGH
E00092,11663.59,CHECKOUT_ABANDONED,Bank_A,E42,P008,CARD,ALTERNATE_PAYMENT,0.76337534,8903.69700394094,8903.69700394094,HIGH
E01650,15437.85,SUBSCRIPTION_FAILED,Bank_A,E23,P017,CARD,ALTERNATE_PAYMENT,0.5766088,8901.599808722734,8901.599808722734,HIGH
E04937,18419.84,PAYMENT_FAILED,Bank_C,E23,P011,UPI,RETRY_PAYMENT,0.4830774,8898.208542404174,8898.208542404174,HIGH
E03424,13727.82,PAYMENT_FAILED,Bank_A,E11,P016,WALLET,RETRY_PAYMENT,0.64807075,8896.598639241456,8896.598639241456,HIGH
E02761,12567.03,PAYMENT_FAILED,Bank_D,E11,P016,CARD,RETRY_PAYMENT,0.7077931,8894.857329722643,8894.857329722643,HIGH
E01592,17383.17,INVOICE_OVERDUE,Bank_B,E11,P014,WALLET,SEND_REMINDER,0.5113631,8889.111509283184,8889.111509283184,HIGH
E02268,14346.74,CHECKOUT_ABANDONED,Bank_B,E42,P003,CARD,SEND_REMINDER,0.61949146,8887.68287927389,8887.68287927389,HIGH
E01618,11856.92,SUBSCRIPTION_FAILED,Bank_D,E42,P002,UPI,ALTERNATE_PAYMENT,0.74943197,8885.954886879921,8885.954886879921,HIGH
E04100,13909.55,PAYMENT_FAILED,Bank_A,E17,P007,WALLET,RETRY_PAYMENT,0.6386866,8883.843160131573,8883.843160131573,HIGH
E01442,14999.29,INVOICE_OVERDUE,Bank_A,E11,P018,UPI,SEND_REMINDER,0.5922708,8883.641360697151,8883.641360697151,HIGH
E00522,15712.26,PAYMENT_FAILED,Bank_A,E17,P018,CARD,RETRY_PAYMENT,0.5653705,8883.248293708562,8883.248293708562,HIGH
E04728,11421.9,INVOICE_OVERDUE,Bank_A,E42,P009,UPI,ALTERNATE_PAYMENT,0.7766109,8870.372163122893,8870.372163122893,HIGH
E03938,15097.95,INVOICE_OVERDUE,Bank_B,E23,P019,NETBANKING,RETRY_PAYMENT,0.5874348,8869.061665651203,8869.061665651203,HIGH
E03013,15568.66,CHECKOUT_ABANDONED,Bank_D,E17,P006,UPI,SEND_REMINDER,0.56952924,8866.807025426626,8866.807025426626,HIGH
E02095,13226.35,PAYMENT_FAILED,Bank_A,E42,P010,UPI,ALTERNATE_PAYMENT,0.67026,8865.09351169765,8865.09351169765,HIGH
E01202,13486.28,PAYMENT_FAILED,Bank_B,E11,P019,NETBANKING,RETRY_PAYMENT,0.6571598,8862.64113899231,8862.64113899231,HIGH
E02117,10150.17,SUBSCRIPTION_FAILED,Bank_A,E42,P017,UPI,ALTERNATE_PAYMENT,0.87287116,8859.790667245388,8859.790667245388,HIGH
E04505,9948.08,SUBSCRIPTION_FAILED,Bank_A,E42,P012,WALLET,ALTERNATE_PAYMENT,0.89004546,8854.243479895591,8854.243479895591,HIGH
E02932,23500.5,SUBSCRIPTION_FAILED,Bank_A,E11,P001,WALLET,ALTERNATE_PAYMENT,0.3767066,8852.793457746506,8852.793457746506,HIGH
E01970,10159.33,SUBSCRIPTION_FAILED,Bank_A,E42,P014,UPI,ALTERNATE_PAYMENT,0.87138605,8852.698451313972,8852.698451313972,HIGH
E03160,12211.45,PAYMENT_FAILED,Bank_A,E42,P008,WALLET,ALTERNATE_PAYMENT,0.7247534,8850.289660024644,8850.289660024644,HIGH
E01479,11884.89,SUBSCRIPTION_FAILED,Bank_A,E23,P013,WALLET,ALTERNATE_PAYMENT,0.74430925,8846.033521111607,8846.033521111607,HIGH
E04433,18431.0,INVOICE_OVERDUE,Bank_C,E11,P004,WALLET,SEND_REMINDER,0.4797282,8841.870308429003,8841.870308429003,HIGH
E02427,14142.18,PAYMENT_FAILED,Bank_B,E23,P012,NETBANKING,RETRY_PAYMENT,0.6248951,8837.37892627716,8837.37892627716,HIGH
E04956,12117.64,INVOICE_OVERDUE,Bank_A,E42,P010,UPI,ALTERNATE_PAYMENT,0.7289703,8833.399535589218,8833.399535589218,HIGH
E03277,17201.61,INVOICE_OVERDUE,Bank_C,E17,P018,CARD,SEND_REMINDER,0.51321465,8828.11821722567,8828.11821722567,HIGH
E01744,11475.39,CHECKOUT_ABANDONED,Bank_A,E42,P014,UPI,ALTERNATE_PAYMENT,0.76902765,8824.892208622097,8824.892208622097,HIGH
E03902,16848.66,INVOICE_OVERDUE,Bank_B,E11,P011,UPI,SEND_REMINDER,0.52334005,8817.578506275415,8817.578506275415,HIGH
E01635,13874.61,INVOICE_OVERDUE,Bank_B,E23,P007,NETBANKING,SEND_REMINDER,0.6350928,8811.664842980505,8811.664842980505,HIGH
E02808,13665.9,INVOICE_OVERDUE,Bank_B,E42,P013,UPI,ALTERNATE_PAYMENT,0.64459676,8808.994801050425,8808.994801050425,HIGH
E02245,17188.73,PAYMENT_FAILED,Bank_C,E17,P010,NETBANKING,RETRY_PAYMENT,0.5123234,8806.188243198394,8806.188243198394,HIGH
E01423,14530.73,SUBSCRIPTION_FAILED,Bank_C,E23,P004,WALLET,ALTERNATE_PAYMENT,0.60581416,8802.921973392367,8802.921973392367,HIGH
E02320,24734.89,SUBSCRIPTION_FAILED,Bank_C,E17,P020,WALLET,RETRY_PAYMENT,0.35587305,8802.480703801513,8802.480703801513,HIGH
E00536,15739.97,CHECKOUT_ABANDONED,Bank_C,E17,P020,UPI,SEND_REMINDER,0.5591773,8801.43360357642,8801.43360357642,HIGH
E01771,13604.38,SUBSCRIPTION_FAILED,Bank_C,E11,P008,WALLET,ALTERNATE_PAYMENT,0.646841,8799.870621954202,8799.870621954202,HIGH
E01418,15510.77,PAYMENT_FAILED,Bank_B,E17,P018,WALLET,RETRY_PAYMENT,0.566944,8793.738035043478,8793.738035043478,HIGH
E01688,14338.07,CHECKOUT_ABANDONED,Bank_C,E42,P004,CARD,SEND_REMINDER,0.6124625,8781.53049273014,8781.53049273014,HIGH
E00062,15487.16,PAYMENT_FAILED,Bank_D,E23,P003,WALLET,RETRY_PAYMENT,0.5669691,8780.741115038394,8780.741115038394,HIGH
E00523,14241.42,CHECKOUT_ABANDONED,Bank_A,E23,P008,WALLET,SEND_REMINDER,0.6163822,8778.157529314756,8778.157529314756,HIGH
E01901,16009.21,INVOICE_OVERDUE,Bank_C,E23,P003,NETBANKING,SEND_REMINDER,0.5482503,8777.05446660161,8777.05446660161,HIGH
E04541,13156.84,SUBSCRIPTION_FAILED,Bank_B,E17,P016,UPI,ALTERNATE_PAYMENT,0.6669223,8774.589615294934,8774.589615294934,HIGH
E04111,13705.7,SUBSCRIPTION_FAILED,Bank_D,E23,P018,CARD,ALTERNATE_PAYMENT,0.6401603,8773.845327830315,8773.845327830315,HIGH
E00685,15573.71,INVOICE_OVERDUE,Bank_A,E11,P018,NETBANKING,SEND_REMINDER,0.5632005,8771.120850596428,8771.120850596428,HIGH
E01487,12606.86,SUBSCRIPTION_FAILED,Bank_D,E23,P016,NETBANKING,ALTERNATE_PAYMENT,0.6952016,8764.308937336207,8764.308937336207,HIGH
E01454,11210.72,CHECKOUT_ABANDONED,Bank_A,E42,P010,WALLET,ALTERNATE_PAYMENT,0.78131807,8759.138096942901,8759.138096942901,HIGH
E03120,12530.6,SUBSCRIPTION_FAILED,Bank_B,E11,P016,NETBANKING,ALTERNATE_PAYMENT,0.698871,8757.273159384727,8757.273159384727,HIGH
E02670,17229.28,CHECKOUT_ABANDONED,Bank_D,E11,P017,CARD,SEND_REMINDER,0.5081407,8754.89810979843,8754.89810979843,HIGH
E03392,11817.02,INVOICE_OVERDUE,Bank_A,E42,P019,NETBANKING,ALTERNATE_PAYMENT,0.74044174,8749.814845205547,8749.814845205547,HIGH
E01660,14027.94,CHECKOUT_ABANDONED,Bank_D,E23,P020,CARD,SEND_REMINDER,0.62370336,8749.273319699765,8749.273319699765,HIGH
E03619,15405.88,CHECKOUT_ABANDONED,Bank_B,E17,P002,UPI,SEND_REMINDER,0.5674298,8741.755113897323,8741.755113897323,HIGH
E03600,11858.31,CHECKOUT_ABANDONED,Bank_A,E42,P005,WALLET,ALTERNATE_PAYMENT,0.73714244,8741.263611041308,8741.263611041308,HIGH
E02971,16793.68,INVOICE_OVERDUE,Bank_A,E23,P011,NETBANKING,ALTERNATE_PAYMENT,0.5201328,8734.943466091156,8734.943466091156,HIGH
E04357,11880.07,INVOICE_OVERDUE,Bank_A,E42,P014,WALLET,ALTERNATE_PAYMENT,0.734999,8731.839582120776,8731.839582120776,HIGH
E04823,15072.47,PAYMENT_FAILED,Bank_C,E11,P020,NETBANKING,RETRY_PAYMENT,0.57932365,8731.83832596898,8731.83832596898,HIGH
E04716,15302.7,PAYMENT_FAILED,Bank_B,E42,P020,NETBANKING,ALTERNATE_PAYMENT,0.5705792,8731.401882827282,8731.401882827282,HIGH
E04063,11879.67,SUBSCRIPTION_FAILED,Bank_A,E23,P011,WALLET,ALTERNATE_PAYMENT,0.7347614,8728.723161647917,8728.723161647917,HIGH
E00353,15492.54,INVOICE_OVERDUE,Bank_A,E11,P019,NETBANKING,SEND_REMINDER,0.563357,8727.830788342953,8727.830788342953,HIGH
E04251,13543.43,CHECKOUT_ABANDONED,Bank_B,E42,P013,NETBANKING,ALTERNATE_PAYMENT,0.6443453,8726.645243024826,8726.645243024826,HIGH
E02168,12497.78,PAYMENT_FAILED,Bank_D,E17,P014,CARD,RETRY_PAYMENT,0.6976282,8718.80376607299,8718.80376607299,HIGH
E04652,14805.4,CHECKOUT_ABANDONED,Bank_B,E17,P014,UPI,SEND_REMINDER,0.5887051,8716.014820230006,8716.014820230006,HIGH
E03380,13163.32,INVOICE_OVERDUE,Bank_A,E42,P011,WALLET,ALTERNATE_PAYMENT,0.6621305,8715.835324759482,8715.835324759482,HIGH
E02423,12551.95,INVOICE_OVERDUE,Bank_B,E42,P015,NETBANKING,ALTERNATE_PAYMENT,0.6942472,8714.155968621373,8714.155968621373,HIGH
E00869,17222.24,CHECKOUT_ABANDONED,Bank_B,E23,P017,CARD,SEND_REMINDER,0.5052888,8702.204633913041,8702.204633913041,HIGH
E01817,11225.54,CHECKOUT_ABANDONED,Bank_A,E42,P003,WALLET,ALTERNATE_PAYMENT,0.7751707,8701.709518506528,8701.709518506528,HIGH
E00891,15722.6,SUBSCRIPTION_FAILED,Bank_C,E23,P010,UPI,ALTERNATE_PAYMENT,0.5533275,8699.746964395046,8699.746964395046,HIGH
E02311,14503.93,CHECKOUT_ABANDONED,Bank_D,E17,P012,UPI,SEND_REMINDER,0.5994157,8693.88363665998,8693.88363665998,HIGH
E02112,13054.61,SUBSCRIPTION_FAILED,Bank_B,E42,P013,UPI,ALTERNATE_PAYMENT,0.6654348,8686.99150378883,8686.99150378883,HIGH
E02511,14376.57,CHECKOUT_ABANDONED,Bank_A,E11,P009,NETBANKING,SEND_REMINDER,0.6042206,8686.620164501666,8686.620164501666,HIGH
E00638,13097.93,SUBSCRIPTION_FAILED,Bank_D,E17,P007,WALLET,ALTERNATE_PAYMENT,0.66309017,8685.108622879387,8685.108622879387,HIGH
E00811,12003.21,CHECKOUT_ABANDONED,Bank_D,E42,P005,CARD,SEND_REMINDER,0.7233597,8682.638432861566,8682.638432861566,HIGH
E04487,11668.78,SUBSCRIPTION_FAILED,Bank_D,E17,P016,UPI,ALTERNATE_PAYMENT,0.7439664,8681.180256265403,8681.180256265403,HIGH
E03951,10038.61,SUBSCRIPTION_FAILED,Bank_A,E42,P018,CARD,ALTERNATE_PAYMENT,0.86441666,8677.541715982557,8677.541715982557,HIGH
E02677,14342.94,PAYMENT_FAILED,Bank_A,E17,P017,WALLET,RETRY_PAYMENT,0.6044237,8669.212888966798,8669.212888966798,HIGH
E04835,11255.94,INVOICE_OVERDUE,Bank_A,E42,P007,UPI,ALTERNATE_PAYMENT,0.77011436,8668.361054509878,8668.361054509878,HIGH
E00184,15771.65,CHECKOUT_ABANDONED,Bank_A,E23,P009,UPI,SEND_REMINDER,0.5491993,8661.778873667121,8661.778873667121,HIGH
E01181,16778.38,PAYMENT_FAILED,Bank_B,E17,P001,CARD,RETRY_PAYMENT,0.51615566,8660.255805188417,8660.255805188417,HIGH
E03198,12685.11,SUBSCRIPTION_FAILED,Bank_B,E23,P015,NETBANKING,ALTERNATE_PAYMENT,0.6826721,8659.770471577049,8659.770471577049,HIGH
E02828,14285.34,INVOICE_OVERDUE,Bank_B,E11,P011,NETBANKING,SEND_REMINDER,0.60614294,8658.95795988679,8658.95795988679,HIGH
E02176,15055.56,SUBSCRIPTION_FAILED,Bank_D,E17,P004,NETBANKING,ALTERNATE_PAYMENT,0.5748795,8655.13321290493,8655.13321290493,HIGH
E02602,12101.49,SUBSCRIPTION_FAILED,Bank_D,E17,P009,CARD,ALTERNATE_PAYMENT,0.7150612,8653.30581287384,8653.30581287384,HIGH
E02973,15983.56,CHECKOUT_ABANDONED,Bank_B,E23,P005,UPI,SEND_REMINDER,0.5413143,8652.129654843808,8652.129654843808,HIGH
E03379,15440.39,PAYMENT_FAILED,Bank_B,E23,P006,WALLET,RETRY_PAYMENT,0.5598231,8643.886930136085,8643.886930136085,HIGH
E02376,14162.7,INVOICE_OVERDUE,Bank_D,E23,P019,WALLET,SEND_REMINDER,0.61003375,8639.724998688698,8639.724998688698,HIGH
E03590,11530.24,SUBSCRIPTION_FAILED,Bank_B,E23,P006,NETBANKING,ALTERNATE_PAYMENT,0.74927425,8639.311972656249,8639.311972656249,HIGH
E01448,13481.95,SUBSCRIPTION_FAILED,Bank_D,E23,P015,WALLET,ALTERNATE_PAYMENT,0.64076596,8638.77470162809,8638.77470162809,HIGH
E01908,12556.86,SUBSCRIPTION_FAILED,Bank_B,E23,P002,NETBANKING,ALTERNATE_PAYMENT,0.6874043,8631.639243829251,8631.639243829251,HIGH
E03216,14081.86,CHECKOUT_ABANDONED,Bank_D,E17,P002,UPI,SEND_REMINDER,0.6129137,8630.965306398868,8630.965306398868,HIGH
E00808,12012.93,CHECKOUT_ABANDONED,Bank_A,E42,P004,CARD,ALTERNATE_PAYMENT,0.7177123,8621.827417434453,8621.827417434453,HIGH
E02947,11885.69,INVOICE_OVERDUE,Bank_A,E42,P019,UPI,ALTERNATE_PAYMENT,0.72527814,8620.431125290394,8620.431125290394,HIGH
E02092,13647.41,SUBSCRIPTION_FAILED,Bank_B,E23,P020,CARD,ALTERNATE_PAYMENT,0.63150644,8618.427345585824,8618.427345585824,HIGH
E00905,11281.74,INVOICE_OVERDUE,Bank_A,E42,P008,CARD,ALTERNATE_PAYMENT,0.76390344,8618.159984411,8618.159984411,HIGH
E00104,14242.98,INVOICE_OVERDUE,Bank_A,E17,P017,WALLET,SEND_REMINDER,0.60495126,8616.308732392788,8616.308732392788,HIGH
E01668,16601.34,CHECKOUT_ABANDONED,Bank_A,E23,P010,UPI,SEND_REMINDER,0.51865005,8610.285902938844,8610.285902938844,HIGH
E01444,16235.82,PAYMENT_FAILED,Bank_C,E11,P005,UPI,RETRY_PAYMENT,0.5302034,8608.286998947859,8608.286998947859,HIGH
E03446,13099.23,INVOICE_OVERDUE,Bank_A,E42,P010,WALLET,ALTERNATE_PAYMENT,0.65677774,8603.282668915987,8603.282668915987,HIGH
E01983,12606.08,PAYMENT_FAILED,Bank_C,E23,P009,WALLET,RETRY_PAYMENT,0.6823618,8601.907207756043,8601.907207756043,HIGH
E00553,14802.43,CHECKOUT_ABANDONED,Bank_B,E23,P010,CARD,SEND_REMINDER,0.58110666,8601.790697894097,8601.790697894097,HIGH
E00311,14068.15,PAYMENT_FAILED,Bank_B,E23,P003,WALLET,RETRY_PAYMENT,0.6113607,8600.714436033368,8600.714436033368,HIGH
E04600,13500.57,CHECKOUT_ABANDONED,Bank_C,E23,P009,NETBANKING,SEND_REMINDER,0.637046,8600.483839455843,8600.483839455843,HIGH
E04191,11035.58,SUBSCRIPTION_FAILED,Bank_A,E42,P001,UPI,ALTERNATE_PAYMENT,0.77929115,8599.929861717224,8599.929861717224,HIGH
E00080,13963.46,CHECKOUT_ABANDONED,Bank_B,E23,P003,NETBANKING,SEND_REMINDER,0.61569965,8597.297418830394,8597.297418830394,HIGH
E03568,12540.63,SUBSCRIPTION_FAILED,Bank_B,E11,P013,NETBANKING,ALTERNATE_PAYMENT,0.6854913,8596.493055860996,8596.493055860996,HIGH
E04351,13196.56,CHECKOUT_ABANDONED,Bank_D,E42,P009,WALLET,SEND_REMINDER,0.6513982,8596.21519153595,8596.21519153595,HIGH
E01952,14669.06,INVOICE_OVERDUE,Bank_C,E17,P020,NETBANKING,SEND_REMINDER,0.58580387,8593.192064254283,8593.192064254283,HIGH
E03621,14315.73,CHECKOUT_ABANDONED,Bank_A,E23,P011,NETBANKING,SEND_REMINDER,0.6001811,8592.030618109702,8592.030618109702,HIGH
E01858,16325.81,INVOICE_OVERDUE,Bank_A,E17,P012,NETBANKING,ALTERNATE_PAYMENT,0.5258056,8584.202200695276,8584.202200695276,HIGH
E02055,15499.12,INVOICE_OVERDUE,Bank_C,E17,P009,UPI,SEND_REMINDER,0.55371416,8582.082151880264,8582.082151880264,HIGH
E03793,17117.13,CHECKOUT_ABANDONED,Bank_B,E11,P004,UPI,SEND_REMINDER,0.50127745,8580.431222033501,8580.431222033501,HIGH
E02868,13619.96,SUBSCRIPTION_FAILED,Bank_D,E11,P017,UPI,ALTERNATE_PAYMENT,0.6295303,8574.177649579047,8574.177649579047,HIGH
E03356,11944.52,CHECKOUT_ABANDONED,Bank_A,E42,P004,CARD,ALTERNATE_PAYMENT,0.7177123,8572.728720145225,8572.728720145225,HIGH
E04615,13475.32,CHECKOUT_ABANDONED,Bank_C,E23,P015,CARD,SEND_REMINDER,0.6361404,8572.195537555217,8572.195537555217,HIGH
E04218,11234.37,SUBSCRIPTION_FAILED,Bank_B,E42,P019,CARD,ALTERNATE_PAYMENT,0.763018,8572.026663998366,8572.026663998366,HIGH
E04326,16748.75,PAYMENT_FAILED,Bank_A,E11,P010,WALLET,RETRY_PAYMENT,0.51142013,8565.647914558649,8565.647914558649,HIGH
E03398,12869.51,CHECKOUT_ABANDONED,Bank_B,E23,P016,WALLET,SEND_REMINDER,0.66556823,8565.537024308444,8565.537024308444,HIGH
E00770,16984.75,PAYMENT_FAILED,Bank_D,E17,P002,NETBANKING,ALTERNATE_PAYMENT,0.5042443,8564.463842272758,8564.463842272758,HIGH
E02074,13187.21,SUBSCRIPTION_FAILED,Bank_C,E23,P006,NETBANKING,ALTERNATE_PAYMENT,0.6493619,8563.271852543949,8563.271852543949,HIGH
E03656,14255.44,INVOICE_OVERDUE,Bank_D,E17,P014,WALLET,SEND_REMINDER,0.6005987,8561.798630628586,8561.798630628586,HIGH
E02752,24735.56,SUBSCRIPTION_FAILED,Bank_D,E17,P008,NETBANKING,ALTERNATE_PAYMENT,0.34604892,8559.713856905699,8559.713856905699,HIGH
E00386,11728.37,CHECKOUT_ABANDONED,Bank_A,E42,P010,UPI,ALTERNATE_PAYMENT,0.7293995,8554.667240524888,8554.667240524888,HIGH
E01580,14884.75,PAYMENT_FAILED,Bank_B,E11,P012,UPI,RETRY_PAYMENT,0.5746176,8553.039683043957,8553.039683043957,HIGH
E03911,14109.01,PAYMENT_FAILED,Bank_D,E23,P004,NETBANKING,RETRY_PAYMENT,0.60609627,8551.418301944734,8551.418301944734,HIGH
E01853,24509.66,SUBSCRIPTION_FAILED,Bank_D,E23,P018,CARD,ALTERNATE_PAYMENT,0.34866804,8545.735084959268,8545.735084959268,HIGH
E02987,11833.29,PAYMENT_FAILED,Bank_A,E42,P009,NETBANKING,ALTERNATE_PAYMENT,0.7218217,8541.525804585815,8541.525804585815,HIGH
E00282,12239.96,CHECKOUT_ABANDONED,Bank_D,E42,P012,UPI,SEND_REMINDER,0.6969484,8530.620649209022,8530.620649209022,HIGH
E02642,14618.21,CHECKOUT_ABANDONED,Bank_A,E23,P002,CARD,SEND_REMINDER,0.58335465,8527.600806359647,8527.600806359647,HIGH
E04887,11992.99,INVOICE_OVERDUE,Bank_A,E42,P001,NETBANKING,ALTERNATE_PAYMENT,0.7109204,8526.06116964519,8526.06116964519,HIGH
E03483,9662.98,SUBSCRIPTION_FAILED,Bank_A,E42,P018,UPI,ALTERNATE_PAYMENT,0.8819178,8521.95381835103,8521.95381835103,HIGH
E00955,12870.33,CHECKOUT_ABANDONED,Bank_B,E23,P010,WALLET,SEND_REMINDER,0.6620085,8520.268165934085,8520.268165934085,HIGH
E03881,13489.01,CHECKOUT_ABANDONED,Bank_A,E11,P009,WALLET,SEND_REMINDER,0.63150555,8518.38466489613,8518.38466489613,HIGH
E04031,13454.15,PAYMENT_FAILED,Bank_B,E42,P012,NETBANKING,ALTERNATE_PAYMENT,0.6330784,8517.531705853342,8517.531705853342,HIGH
E04582,14164.62,PAYMENT_FAILED,Bank_C,E17,P019,UPI,RETRY_PAYMENT,0.6008671,8511.054037317039,8511.054037317039,HIGH
E03578,13641.11,INVOICE_OVERDUE,Bank_B,E23,P001,NETBANKING,ALTERNATE_PAYMENT,0.6233852,8503.665962307454,8503.665962307454,HIGH
E01662,16538.22,INVOICE_OVERDUE,Bank_B,E17,P020,UPI,SEND_REMINDER,0.5138908,8498.83915367961,8498.83915367961,HIGH
E03113,14045.3,SUBSCRIPTION_FAILED,Bank_D,E17,P004,CARD,ALTERNATE_PAYMENT,0.6041324,8485.220992445946,8485.220992445946,HIGH
E01513,18756.05,INVOICE_OVERDUE,Bank_A,E11,P005,WALLET,ALTERNATE_PAYMENT,0.45230642,8483.481821544468,8483.481821544468,HIGH
E03205,13633.38,INVOICE_OVERDUE,Bank_D,E42,P016,WALLET,ALTERNATE_PAYMENT,0.62214756,8481.974103183746,8481.974103183746,HIGH
E00849,12615.77,PAYMENT_FAILED,Bank_D,E11,P011,CARD,RETRY_PAYMENT,0.67217386,8479.990788615942,8479.990788615942,HIGH
E02700,14768.08,PAYMENT_FAILED,Bank_A,E17,P017,WALLET,ALTERNATE_PAYMENT,0.57416993,8479.387515892982,8479.387515892982,HIGH
E02003,15561.89,CHECKOUT_ABANDONED,Bank_B,E23,P020,NETBANKING,SEND_REMINDER,0.5442725,8469.908501060605,8469.908501060605,HIGH
E02178,14374.63,PAYMENT_FAILED,Bank_B,E17,P007,UPI,RETRY_PAYMENT,0.58885664,8464.596286788583,8464.596286788583,HIGH
E03221,11213.28,INVOICE_OVERDUE,Bank_A,E42,P009,CARD,ALTERNATE_PAYMENT,0.75438243,8459.101431570054,8459.101431570054,HIGH
E02756,14895.13,PAYMENT_FAILED,Bank_B,E11,P013,WALLET,RETRY_PAYMENT,0.5677324,8456.447809992433,8456.447809992433,HIGH
E04863,12880.82,SUBSCRIPTION_FAILED,Bank_D,E23,P015,UPI,ALTERNATE_PAYMENT,0.6563888,8454.8262303555,8454.8262303555,HIGH
E00926,11893.39,SUBSCRIPTION_FAILED,Bank_A,E23,P019,CARD,ALTERNATE_PAYMENT,0.71073216,8453.014788194298,8453.014788194298,HIGH
E02929,13892.91,INVOICE_OVERDUE,Bank_B,E42,P006,WALLET,ALTERNATE_PAYMENT,0.6083403,8451.617356411814,8451.617356411814,HIGH
E00430,15299.76,INVOICE_OVERDUE,Bank_A,E11,P008,NETBANKING,SEND_REMINDER,0.55220354,8448.581572465897,8448.581572465897,HIGH
E04023,13505.98,PAYMENT_FAILED,Bank_D,E42,P009,NETBANKING,ALTERNATE_PAYMENT,0.6252308,8444.354534111022,8444.354534111022,HIGH
E04852,15964.65,INVOICE_OVERDUE,Bank_C,E17,P003,WALLET,SEND_REMINDER,0.5284809,8437.012399238347,8437.012399238347,HIGH
E04610,17105.59,CHECKOUT_ABANDONED,Bank_A,E23,P004,UPI,SEND_REMINDER,0.4929096,8431.509700363278,8431.509700363278,HIGH
E01615,11479.94,PAYMENT_FAILED,Bank_D,E11,P016,UPI,RETRY_PAYMENT,0.73439896,8430.85600911379,8430.85600911379,HIGH
E04444,11520.67,SUBSCRIPTION_FAILED,Bank_B,E42,P012,WALLET,ALTERNATE_PAYMENT,0.73152304,8427.635506176948,8427.635506176948,HIGH
E03713,17241.33,SUBSCRIPTION_FAILED,Bank_A,E11,P016,CARD,ALTERNATE_PAYMENT,0.48816535,8416.61987267822,8416.61987267822,HIGH
E03039,17149.02,PAYMENT_FAILED,Bank_D,E42,P003,WALLET,ALTERNATE_PAYMENT,0.49073878,8415.689141101242,8415.689141101242,HIGH
E00555,9547.38,SUBSCRIPTION_FAILED,Bank_A,E42,P002,WALLET,ALTERNATE_PAYMENT,0.88145286,8415.565391689539,8415.565391689539,HIGH
E01998,12641.11,PAYMENT_FAILED,Bank_A,E42,P020,WALLET,ALTERNATE_PAYMENT,0.6652615,8409.643889186382,8409.643889186382,HIGH
E02928,19824.97,INVOICE_OVERDUE,Bank_C,E23,P005,NETBANKING,SEND_REMINDER,0.4241155,8408.07723839134,8408.07723839134,HIGH
E04513,12722.72,PAYMENT_FAILED,Bank_A,E42,P013,CARD,ALTERNATE_PAYMENT,0.660754,8406.588448724746,8406.588448724746,HIGH
E00625,13926.79,CHECKOUT_ABANDONED,Bank_D,E11,P013,CARD,SEND_REMINDER,0.6030397,8398.407011647821,8398.407011647821,HIGH
E01786,11893.37,INVOICE_OVERDUE,Bank_A,E42,P016,CARD,ALTERNATE_PAYMENT,0.70591795,8395.743421856165,8395.743421856165,HIGH
E02758,16843.61,INVOICE_OVERDUE,Bank_D,E17,P013,UPI,SEND_REMINDER,0.49828228,8392.872453933656,8392.872453933656,HIGH
E03907,13511.17,SUBSCRIPTION_FAILED,Bank_C,E23,P003,CARD,ALTERNATE_PAYMENT,0.62107325,8391.426209187508,8391.426209187508,HIGH
E00147,13796.75,INVOICE_OVERDUE,Bank_A,E42,P005,WALLET,ALTERNATE_PAYMENT,0.60783297,8386.119504496455,8386.119504496455,HIGH
E00612,15338.13,INVOICE_OVERDUE,Bank_C,E11,P007,WALLET,SEND_REMINDER,0.5466817,8385.075015998482,8385.075015998482,HIGH
E00260,15168.49,INVOICE_OVERDUE,Bank_C,E11,P013,NETBANKING,SEND_REMINDER,0.55257434,8381.718297893405,8381.718297893405,HIGH
E00012,14875.4,PAYMENT_FAILED,Bank_B,E23,P013,UPI,RETRY_PAYMENT,0.56340516,8380.877059578896,8380.877059578896,HIGH
E03174,14547.73,INVOICE_OVERDUE,Bank_C,E42,P006,WALLET,ALTERNATE_PAYMENT,0.575927,8378.430773851871,8378.430773851871,HIGH
E03899,13305.86,PAYMENT_FAILED,Bank_A,E42,P004,CARD,ALTERNATE_PAYMENT,0.62957686,8377.061583126784,8377.061583126784,HIGH
E02561,10839.13,SUBSCRIPTION_FAILED,Bank_A,E42,P001,UPI,ALTERNATE_PAYMENT,0.7725053,8373.285191979408,8373.285191979408,HIGH
E00412,16792.13,INVOICE_OVERDUE,Bank_A,E23,P019,UPI,ALTERNATE_PAYMENT,0.4986038,8372.619676938952,8372.619676938952,HIGH
E01308,14448.7,CHECKOUT_ABANDONED,Bank_A,E11,P010,CARD,SEND_REMINDER,0.57917994,8368.39723675847,8368.39723675847,HIGH
E01309,13673.25,PAYMENT_FAILED,Bank_B,E11,P020,NETBANKING,RETRY_PAYMENT,0.6119677,8367.587119370699,8367.587119370699,HIGH
E00459,15368.49,PAYMENT_FAILED,Bank_A,E11,P020,UPI,RETRY_PAYMENT,0.54441875,8366.894148897529,8366.894148897529,HIGH
E02899,16575.16,INVOICE_OVERDUE,Bank_A,E23,P019,UPI,ALTERNATE_PAYMENT,0.50457937,8363.48371177435,8363.48371177435,HIGH
E02107,14261.19,CHECKOUT_ABANDONED,Bank_C,E42,P020,UPI,SEND_REMINDER,0.586308,8361.449821772576,8361.449821772576,HIGH
E01474,15797.13,INVOICE_OVERDUE,Bank_A,E23,P011,NETBANKING,ALTERNATE_PAYMENT,0.52915573,8359.141876029968,8359.141876029968,HIGH
E02330,12339.59,SUBSCRIPTION_FAILED,Bank_D,E17,P009,WALLET,ALTERNATE_PAYMENT,0.67680705,8351.52145596862,8351.52145596862,HIGH
E02087,13542.52,CHECKOUT_ABANDONED,Bank_C,E17,P004,WALLET,SEND_REMINDER,0.61651546,8349.17291526556,8349.17291526556,HIGH
E02333,14414.44,PAYMENT_FAILED,Bank_A,E23,P016,UPI,RETRY_PAYMENT,0.579202,8348.872423927784,8348.872423927784,HIGH
E03541,15073.34,PAYMENT_FAILED,Bank_A,E23,P016,UPI,RETRY_PAYMENT,0.55378336,8347.364828563928,8347.364828563928,HIGH
E01151,16643.09,PAYMENT_FAILED,Bank_A,E17,P008,WALLET,RETRY_PAYMENT,0.5012058,8341.613270605803,8341.613270605803,HIGH
E02254,17255.16,CHECKOUT_ABANDONED,Bank_A,E17,P016,CARD,SEND_REMINDER,0.48293078,8333.04786845684,8333.04786845684,HIGH
E02380,15945.33,INVOICE_OVERDUE,Bank_A,E23,P009,WALLET,ALTERNATE_PAYMENT,0.5225359,8332.007683535814,8332.007683535814,HIGH
E00105,15697.58,PAYMENT_FAILED,Bank_C,E23,P011,NETBANKING,RETRY_PAYMENT,0.53052497,8327.958144459724,8327.958144459724,HIGH
E00739,13888.23,INVOICE_OVERDUE,Bank_A,E23,P002,UPI,ALTERNATE_PAYMENT,0.5990068,8319.143821667432,8319.143821667432,HIGH
E00318,10267.24,SUBSCRIPTION_FAILED,Bank_A,E42,P013,UPI,ALTERNATE_PAYMENT,0.8099213,8315.656617224216,8315.656617224216,HIGH
E02891,14863.56,PAYMENT_FAILED,Bank_A,E11,P006,CARD,RETRY_PAYMENT,0.55940014,8314.677563316822,8314.677563316822,HIGH
E03018,12080.29,SUBSCRIPTION_FAILED,Bank_C,E11,P011,CARD,ALTERNATE_PAYMENT,0.68788457,8309.845082075597,8309.845082075597,HIGH
E02015,11669.94,CHECKOUT_ABANDONED,Bank_D,E17,P013,CARD,SEND_REMINDER,0.71202743,8309.317392690182,8309.317392690182,HIGH
E01896,11775.06,PAYMENT_FAILED,Bank_A,E42,P005,WALLET,ALTERNATE_PAYMENT,0.7053184,8305.166376932859,8305.166376932859,HIGH
E02776,14705.9,INVOICE_OVERDUE,Bank_D,E11,P002,NETBANKING,ALTERNATE_PAYMENT,0.5647358,8304.947763359547,8304.947763359547,HIGH
E02781,12546.35,CHECKOUT_ABANDONED,Bank_C,E11,P012,NETBANKING,SEND_REMINDER,0.66177875,8302.907795414329,8302.907795414329,HIGH
E04493,13352.53,SUBSCRIPTION_FAILED,Bank_C,E17,P010,CARD,ALTERNATE_PAYMENT,0.6218019,8302.62869451344,8302.62869451344,HIGH
E03677,11103.43,SUBSCRIPTION_FAILED,Bank_C,E42,P016,UPI,ALTERNATE_PAYMENT,0.747599,8300.913227850198,8300.913227850198,HIGH
E04288,14926.52,CHECKOUT_ABANDONED,Bank_B,E11,P014,NETBANKING,SEND_REMINDER,0.5559665,8298.645028853416,8298.645028853416,HIGH
E03892,11387.49,PAYMENT_FAILED,Bank_A,E42,P003,CARD,ALTERNATE_PAYMENT,0.7286005,8296.930930681228,8296.930930681228,HIGH
E04520,15834.06,SUBSCRIPTION_FAILED,Bank_D,E11,P001,UPI,ALTERNATE_PAYMENT,0.5239617,8296.44135732293,8296.44135732293,HIGH
E00134,15349.5,INVOICE_OVERDUE,Bank_C,E23,P017,UPI,SEND_REMINDER,0.5404567,8295.740304619074,8295.740304619074,HIGH
E02422,13797.95,INVOICE_OVERDUE,Bank_C,E23,P001,NETBANKING,ALTERNATE_PAYMENT,0.6010703,8293.53773675561,8293.53773675561,HIGH
E04105,15105.22,INVOICE_OVERDUE,Bank_A,E11,P018,CARD,SEND_REMINDER,0.5487526,8289.028837920427,8289.028837920427,HIGH
E03875,13450.89,PAYMENT_FAILED,Bank_C,E42,P017,WALLET,ALTERNATE_PAYMENT,0.6159598,8285.207825362086,8285.207825362086,HIGH
E04038,14277.99,PAYMENT_FAILED,Bank_A,E11,P012,NETBANKING,RETRY_PAYMENT,0.58022505,8284.447468065619,8284.447468065619,HIGH
E03861,15312.71,INVOICE_OVERDUE,Bank_A,E11,P017,WALLET,ALTERNATE_PAYMENT,0.54088134,8282.359038527607,8282.359038527607,HIGH
E02516,11189.09,INVOICE_OVERDUE,Bank_A,E42,P002,WALLET,ALTERNATE_PAYMENT,0.7401548,8281.658702452778,8281.658702452778,HIGH
E01988,15505.99,INVOICE_OVERDUE,Bank_D,E17,P017,WALLET,ALTERNATE_PAYMENT,0.53406394,8281.190039809942,8281.190039809942,HIGH
E03015,15408.55,INVOICE_OVERDUE,Bank_A,E17,P018,CARD,SEND_REMINDER,0.53723973,8278.085247209669,8278.085247209669,HIGH
E02365,15610.08,PAYMENT_FAILED,Bank_C,E23,P006,CARD,RETRY_PAYMENT,0.5300637,8274.336586561203,8274.336586561203,HIGH
E00764,24113.67,SUBSCRIPTION_FAILED,Bank_D,E17,P012,NETBANKING,ALTERNATE_PAYMENT,0.34310266,8273.464409919083,8273.464409919083,HIGH
E04732,14303.35,INVOICE_OVERDUE,Bank_D,E11,P001,NETBANKING,ALTERNATE_PAYMENT,0.5784129,8273.242016392947,8273.242016392947,HIGH
E01351,11243.45,SUBSCRIPTION_FAILED,Bank_D,E11,P006,CARD,ALTERNATE_PAYMENT,0.73566926,8271.460488015413,8271.460488015413,HIGH
E02322,11818.99,PAYMENT_FAILED,Bank_A,E42,P003,NETBANKING,ALTERNATE_PAYMENT,0.6997677,8270.5475523746,8270.5475523746,HIGH
E03524,11273.35,CHECKOUT_ABANDONED,Bank_A,E42,P013,UPI,ALTERNATE_PAYMENT,0.73334736,8267.281419363619,8267.281419363619,HIGH
E00672,12036.25,CHECKOUT_ABANDONED,Bank_C,E11,P012,WALLET,SEND_REMINDER,0.68653184,8263.268880322576,8263.268880322576,HIGH
E00068,17090.62,INVOICE_OVERDUE,Bank_C,E42,P001,UPI,ALTERNATE_PAYMENT,0.48347208,8262.837583459019,8262.837583459019,HIGH
E00022,11685.1,CHECKOUT_ABANDONED,Bank_A,E11,P012,WALLET,SEND_REMINDER,0.70699716,8261.332469248771,8261.332469248771,HIGH
E04480,12219.82,CHECKOUT_ABANDONED,Bank_D,E23,P006,WALLET,SEND_REMINDER,0.6755205,8254.738667992353,8254.738667992353,HIGH
E01860,14209.58,PAYMENT_FAILED,Bank_A,E11,P020,CARD,RETRY_PAYMENT,0.58078647,8252.731760048866,8252.731760048866,HIGH
E00854,15318.57,PAYMENT_FAILED,Bank_D,E11,P008,UPI,RETRY_PAYMENT,0.5386948,8252.033986296057,8252.033986296057,HIGH
E00244,15606.81,CHECKOUT_ABANDONED,Bank_B,E11,P009,CARD,SEND_REMINDER,0.5286644,8250.765002415776,8250.765002415776,HIGH
E03908,13149.74,SUBSCRIPTION_FAILED,Bank_A,E17,P008,WALLET,ALTERNATE_PAYMENT,0.62729424,8248.756190820932,8248.756190820932,HIGH
E03853,13116.0,INVOICE_OVERDUE,Bank_A,E42,P016,CARD,ALTERNATE_PAYMENT,0.6288657,8248.202768325806,8248.202768325806,HIGH
E04864,12690.85,PAYMENT_FAILED,Bank_B,E42,P012,WALLET,ALTERNATE_PAYMENT,0.6498867,8247.614973574877,8247.614973574877,HIGH
E02564,17251.4,PAYMENT_FAILED,Bank_A,E23,P003,UPI,RETRY_PAYMENT,0.47797716,8245.775120043756,8245.775120043756,HIGH
E04390,14036.73,INVOICE_OVERDUE,Bank_B,E11,P003,WALLET,SEND_REMINDER,0.5873611,8244.629135806561,8244.629135806561,HIGH
E02698,14312.57,PAYMENT_FAILED,Bank_D,E11,P008,NETBANKING,RETRY_PAYMENT,0.57597077,8243.621948243379,8243.621948243379,HIGH
E04018,12841.72,PAYMENT_FAILED,Bank_C,E23,P016,WALLET,RETRY_PAYMENT,0.6418543,8242.513024101258,8242.513024101258,HIGH
E01172,9484.69,SUBSCRIPTION_FAILED,Bank_A,E42,P014,UPI,ALTERNATE_PAYMENT,0.8690257,8242.439435248376,8242.439435248376,HIGH
E04048,16733.71,SUBSCRIPTION_FAILED,Bank_C,E11,P001,NETBANKING,ALTERNATE_PAYMENT,0.49225268,8237.213555004895,8237.213555004895,HIGH
E03404,11498.7,CHECKOUT_ABANDONED,Bank_D,E17,P005,CARD,SEND_REMINDER,0.7162686,8236.157739704848,8236.157739704848,HIGH
E02638,9350.45,SUBSCRIPTION_FAILED,Bank_A,E42,P003,WALLET,ALTERNATE_PAYMENT,0.8803476,8231.646305435897,8231.646305435897,HIGH
E04631,17286.9,INVOICE_OVERDUE,Bank_A,E17,P012,CARD,SEND_REMINDER,0.47608423,8230.020515871049,8230.020515871049,HIGH
E01130,15390.57,INVOICE_OVERDUE,Bank_A,E23,P019,NETBANKING,SEND_REMINDER,0.53468966,8229.178715007305,8229.178715007305,HIGH
E04196,13742.83,CHECKOUT_ABANDONED,Bank_D,E11,P017,CARD,SEND_REMINDER,0.5987345,8228.306421478987,8228.306421478987,HIGH
E03831,12825.02,PAYMENT_FAILED,Bank_B,E17,P003,NETBANKING,RETRY_PAYMENT,0.6414667,8226.822964280844,8226.822964280844,HIGH
E00970,11349.32,PAYMENT_FAILED,Bank_A,E42,P008,UPI,ALTERNATE_PAYMENT,0.72469246,8224.766674103737,8224.766674103737,HIGH
E00017,12069.27,SUBSCRIPTION_FAILED,Bank_B,E23,P015,CARD,ALTERNATE_PAYMENT,0.68111455,8220.555458046198,8220.555458046198,HIGH
E04580,11740.92,INVOICE_OVERDUE,Bank_B,E42,P019,NETBANKING,ALTERNATE_PAYMENT,0.69963664,8214.37779775858,8214.37779775858,HIGH
E00915,16073.31,INVOICE_OVERDUE,Bank_A,E17,P010,NETBANKING,SEND_REMINDER,0.51083875,8210.869540936947,8210.869540936947,HIGH
E02850,14441.64,PAYMENT_FAILED,Bank_A,E17,P011,WALLET,RETRY_PAYMENT,0.5681819,8205.478055262565,8205.478055262565,HIGH
E03263,13910.75,PAYMENT_FAILED,Bank_A,E17,P012,WALLET,RETRY_PAYMENT,0.5897604,8204.009800165892,8204.009800165892,HIGH
E00695,15133.66,INVOICE_OVERDUE,Bank_C,E23,P019,WALLET,SEND_REMINDER,0.54197115,8202.007069422007,8202.007069422007,HIGH
E03796,14115.21,INVOICE_OVERDUE,Bank_B,E42,P004,UPI,ALTERNATE_PAYMENT,0.5809723,8200.546214615106,8200.546214615106,HIGH
E02687,12259.59,CHECKOUT_ABANDONED,Bank_C,E23,P012,NETBANKING,SEND_REMINDER,0.6685487,8196.132996186017,8196.132996186017,HIGH
E04977,13071.5,SUBSCRIPTION_FAILED,Bank_C,E42,P014,NETBANKING,ALTERNATE_PAYMENT,0.6265577,8190.04907733202,8190.04907733202,HIGH
E03245,11523.87,INVOICE_OVERDUE,Bank_A,E42,P013,CARD,ALTERNATE_PAYMENT,0.7106805,8189.789518046379,8189.789518046379,HIGH
E04819,11442.8,SUBSCRIPTION_FAILED,Bank_D,E11,P019,WALLET,ALTERNATE_PAYMENT,0.7156807,8189.391324758529,8189.391324758529,HIGH
E01205,12705.64,CHECKOUT_ABANDONED,Bank_D,E42,P008,NETBANKING,SEND_REMINDER,0.64432293,8186.535214769839,8186.535214769839,HIGH
E03478,11886.14,PAYMENT_FAILED,Bank_A,E42,P008,NETBANKING,ALTERNATE_PAYMENT,0.68842477,8182.71314890027,8182.71314890027,HIGH
E03362,11051.5,INVOICE_OVERDUE,Bank_A,E42,P017,UPI,ALTERNATE_PAYMENT,0.73913443,8168.544162929058,8168.544162929058,HIGH
E00059,11254.8,SUBSCRIPTION_FAILED,Bank_D,E23,P005,CARD,ALTERNATE_PAYMENT,0.7257742,8168.44378774166,8168.44378774166,HIGH
E04279,14559.44,INVOICE_OVERDUE,Bank_C,E11,P008,NETBANKING,SEND_REMINDER,0.5609181,8166.653315982819,8166.653315982819,HIGH
E03506,12264.66,CHECKOUT_ABANDONED,Bank_A,E42,P020,WALLET,ALTERNATE_PAYMENT,0.66581416,8165.9843115377425,8165.9843115377425,HIGH
E04102,16089.53,INVOICE_OVERDUE,Bank_D,E11,P003,NETBANKING,SEND_REMINDER,0.5074654,8164.880133700967,8164.880133700967,HIGH
E00164,13401.17,CHECKOUT_ABANDONED,Bank_B,E23,P018,NETBANKING,SEND_REMINDER,0.60913765,8163.157258735895,8163.157258735895,HIGH
E00852,15054.21,PAYMENT_FAILED,Bank_B,E11,P006,WALLET,RETRY_PAYMENT,0.5422349,8162.91801800251,8162.91801800251,HIGH
E00875,20992.83,SUBSCRIPTION_FAILED,Bank_C,E11,P001,CARD,ALTERNATE_PAYMENT,0.38849133,8155.532500296235,8155.532500296235,HIGH
E02681,13996.94,PAYMENT_FAILED,Bank_A,E23,P017,NETBANKING,ALTERNATE_PAYMENT,0.5823452,8151.050651022196,8151.050651022196,HIGH
E03435,14510.96,PAYMENT_FAILED,Bank_A,E23,P003,WALLET,RETRY_PAYMENT,0.5616284,8149.76726583004,8149.76726583004,HIGH
E01471,11619.78,INVOICE_OVERDUE,Bank_A,E42,P013,NETBANKING,ALTERNATE_PAYMENT,0.70132995,8149.29968595028,8149.29968595028,HIGH
E03608,15098.72,SUBSCRIPTION_FAILED,Bank_B,E17,P004,CARD,ALTERNATE_PAYMENT,0.53966886,8148.308980436324,8148.308980436324,HIGH
E02271,11605.84,SUBSCRIPTION_FAILED,Bank_C,E42,P014,WALLET,ALTERNATE_PAYMENT,0.70174384,8144.32674161911,8144.32674161911,HIGH
E00094,13634.36,SUBSCRIPTION_FAILED,Bank_C,E17,P020,UPI,ALTERNATE_PAYMENT,0.5972386,8142.96608175993,8142.96608175993,HIGH
E00659,15754.45,PAYMENT_FAILED,Bank_A,E17,P008,NETBANKING,ALTERNATE_PAYMENT,0.5168658,8142.936243537069,8142.936243537069,HIGH
E03657,11401.68,CHECKOUT_ABANDONED,Bank_D,E42,P018,UPI,SEND_REMINDER,0.7136326,8136.610355987549,8136.610355987549,HIGH
E02612,13345.01,CHECKOUT_ABANDONED,Bank_D,E23,P019,NETBANKING,SEND_REMINDER,0.60967827,8136.162589015961,8136.162589015961,HIGH
E03062,15306.86,CHECKOUT_ABANDONED,Bank_C,E17,P001,UPI,SEND_REMINDER,0.5313849,8133.834045573473,8133.834045573473,HIGH
E01055,24585.09,INVOICE_OVERDUE,Bank_C,E11,P002,CARD,SEND_REMINDER,0.33075055,8131.532157308758,8131.532157308758,HIGH
E04902,12222.37,SUBSCRIPTION_FAILED,Bank_C,E17,P015,CARD,ALTERNATE_PAYMENT,0.6651757,8130.023231298924,8130.023231298924,HIGH
E03718,15200.11,INVOICE_OVERDUE,Bank_C,E23,P011,WALLET,SEND_REMINDER,0.5348198,8129.319513235689,8129.319513235689,HIGH
E04225,10585.7,SUBSCRIPTION_FAILED,Bank_A,E42,P001,CARD,ALTERNATE_PAYMENT,0.76782334,8127.94751445055,8127.94751445055,HIGH
E03839,15184.7,CHECKOUT_ABANDONED,Bank_D,E11,P010,UPI,SEND_REMINDER,0.5352722,8127.947487348319,8127.947487348319,HIGH
E00364,12421.64,CHECKOUT_ABANDONED,Bank_D,E42,P018,NETBANKING,SEND_REMINDER,0.65431464,8127.660869832039,8127.660869832039,HIGH
E03701,20060.71,INVOICE_OVERDUE,Bank_A,E17,P001,WALLET,SEND_REMINDER,0.40503976,8125.385113480389,8125.385113480389,HIGH
E00316,14539.52,INVOICE_OVERDUE,Bank_B,E17,P002,UPI,SEND_REMINDER,0.55845195,8119.62330406189,8119.62330406189,HIGH
E02012,11813.56,SUBSCRIPTION_FAILED,Bank_A,E17,P017,WALLET,ALTERNATE_PAYMENT,0.68726784,8119.079862830638,8119.079862830638,HIGH
E02229,14476.22,INVOICE_OVERDUE,Bank_A,E23,P016,WALLET,SEND_REMINDER,0.56082946,8118.690654429197,8118.690654429197,HIGH
E00973,16046.63,CHECKOUT_ABANDONED,Bank_D,E11,P003,UPI,SEND_REMINDER,0.50590855,8118.127296943068,8118.127296943068,HIGH
E03260,11794.0,CHECKOUT_ABANDONED,Bank_B,E42,P007,WALLET,ALTERNATE_PAYMENT,0.68806374,8115.023758172989,8115.023758172989,HIGH
E03642,14009.41,CHECKOUT_ABANDONED,Bank_C,E11,P020,CARD,SEND_REMINDER,0.5791853,8114.044432101846,8114.044432101846,HIGH
E03648,12992.0,CHECKOUT_ABANDONED,Bank_A,E23,P001,WALLET,SEND_REMINDER,0.62448114,8113.258991241455,8113.258991241455,HIGH
E01754,13758.46,CHECKOUT_ABANDONED,Bank_A,E17,P004,UPI,SEND_REMINDER,0.5895501,8111.301164993047,8111.301164993047,HIGH
E03459,24992.52,SUBSCRIPTION_FAILED,Bank_D,E11,P007,CARD,ALTERNATE_PAYMENT,0.32442412,8108.176252688169,8108.176252688169,HIGH
E04267,11764.43,CHECKOUT_ABANDONED,Bank_C,E11,P015,WALLET,SEND_REMINDER,0.68902117,8105.941324622036,8105.941324622036,HIGH
E01330,12516.0,PAYMENT_FAILED,Bank_C,E23,P016,UPI,RETRY_PAYMENT,0.6472554,8101.048845291138,8101.048845291138,HIGH
E00036,14102.42,INVOICE_OVERDUE,Bank_D,E17,P017,CARD,ALTERNATE_PAYMENT,0.5738925,8093.272705647945,8093.272705647945,HIGH
E02953,12502.41,CHECKOUT_ABANDONED,Bank_A,E23,P016,WALLET,SEND_REMINDER,0.64718527,8091.375541715026,8091.375541715026,HIGH
E01961,16368.87,PAYMENT_FAILED,Bank_C,E11,P001,CARD,RETRY_PAYMENT,0.49427426,8090.711083592177,8090.711083592177,HIGH
E03393,12244.13,SUBSCRIPTION_FAILED,Bank_D,E23,P011,UPI,ALTERNATE_PAYMENT,0.6605468,8087.820640902519,8087.820640902519,HIGH
E01791,14805.3,PAYMENT_FAILED,Bank_C,E17,P002,NETBANKING,RETRY_PAYMENT,0.5462295,8087.091345369816,8087.091345369816,HIGH
E04026,14851.13,INVOICE_OVERDUE,Bank_B,E23,P001,WALLET,SEND_REMINDER,0.54429936,8083.460615017414,8083.460615017414,HIGH
E01410,11266.9,PAYMENT_FAILED,Bank_D,E17,P013,WALLET,RETRY_PAYMENT,0.7174447,8083.377891927957,8083.377891927957,HIGH
E02652,13866.57,INVOICE_OVERDUE,Bank_A,E17,P002,NETBANKING,ALTERNATE_PAYMENT,0.5829013,8082.841665671468,8082.841665671468,HIGH
E04712,12277.25,SUBSCRIPTION_FAILED,Bank_A,E11,P014,CARD,ALTERNATE_PAYMENT,0.658147,8080.234978586435,8080.234978586435,HIGH
E00329,13615.1,INVOICE_OVERDUE,Bank_C,E17,P013,UPI,SEND_REMINDER,0.5933989,8079.18575335741,8079.18575335741,HIGH
E02053,13084.49,INVOICE_OVERDUE,Bank_B,E42,P019,NETBANKING,ALTERNATE_PAYMENT,0.61691654,8072.038262938261,8072.038262938261,HIGH
E00923,13893.59,PAYMENT_FAILED,Bank_B,E23,P010,UPI,RETRY_PAYMENT,0.580757,8068.79995195508,8068.79995195508,HIGH
E00312,13134.15,CHECKOUT_ABANDONED,Bank_B,E42,P011,NETBANKING,SEND_REMINDER,0.61385983,8062.52711623013,8062.52711623013,HIGH
E01777,13426.8,CHECKOUT_ABANDONED,Bank_B,E42,P007,UPI,ALTERNATE_PAYMENT,0.6002863,8059.924159312248,8059.924159312248,HIGH
E02807,11963.37,CHECKOUT_ABANDONED,Bank_D,E11,P012,UPI,SEND_REMINDER,0.6732549,8054.397558326125,8054.397558326125,HIGH
E04913,9022.5,SUBSCRIPTION_FAILED,Bank_A,E42,P007,CARD,ALTERNATE_PAYMENT,0.891436,8042.981136739254,8042.981136739254,HIGH
E02495,11092.52,PAYMENT_FAILED,Bank_D,E17,P009,NETBANKING,RETRY_PAYMENT,0.7245416,8036.992238957882,8036.992238957882,HIGH
E01104,11346.0,PAYMENT_FAILED,Bank_D,E11,P001,NETBANKING,RETRY_PAYMENT,0.7079209,8032.070632696152,8032.070632696152,HIGH
E01755,8846.05,SUBSCRIPTION_FAILED,Bank_A,E42,P005,CARD,ALTERNATE_PAYMENT,0.9078571,8030.949476704,8030.949476704,HIGH
E01356,12870.85,CHECKOUT_ABANDONED,Bank_C,E11,P016,NETBANKING,SEND_REMINDER,0.6239457,8030.711680722236,8030.711680722236,HIGH
E04404,13038.02,CHECKOUT_ABANDONED,Bank_A,E17,P019,WALLET,SEND_REMINDER,0.6158341,8029.257533290386,8029.257533290386,HIGH
E00562,13590.12,PAYMENT_FAILED,Bank_C,E17,P019,UPI,RETRY_PAYMENT,0.59032506,8022.588370521069,8022.588370521069,HIGH
E02664,11121.81,CHECKOUT_ABANDONED,Bank_A,E42,P002,CARD,ALTERNATE_PAYMENT,0.7213319,8022.516276431679,8022.516276431679,HIGH
E04158,16067.29,PAYMENT_FAILED,Bank_D,E17,P002,UPI,ALTERNATE_PAYMENT,0.49922562,8021.202755012513,8021.202755012513,HIGH
E03088,13466.76,PAYMENT_FAILED,Bank_C,E11,P018,CARD,RETRY_PAYMENT,0.5954828,8019.224305000305,8019.224305000305,HIGH
E01300,12547.58,CHECKOUT_ABANDONED,Bank_D,E23,P008,CARD,SEND_REMINDER,0.63851243,8011.785828732252,8011.785828732252,HIGH
E01563,13261.41,PAYMENT_FAILED,Bank_D,E42,P012,CARD,ALTERNATE_PAYMENT,0.6035264,8003.611214466691,8003.611214466691,HIGH
E04675,14461.6,PAYMENT_FAILED,Bank_A,E17,P014,UPI,RETRY_PAYMENT,0.5533363,8002.128558683396,8002.128558683396,HIGH
E03535,11624.6,CHECKOUT_ABANDONED,Bank_D,E42,P005,UPI,SEND_REMINDER,0.688197,8000.015040516853,8000.015040516853,HIGH
E02944,13884.58,INVOICE_OVERDUE,Bank_B,E11,P007,CARD,SEND_REMINDER,0.57613456,7999.386423690319,7999.386423690319,HIGH
E01218,12425.4,CHECKOUT_ABANDONED,Bank_A,E23,P018,UPI,SEND_REMINDER,0.6435277,7996.088917028904,7996.088917028904,HIGH
E01208,9129.66,SUBSCRIPTION_FAILED,Bank_A,E42,P017,NETBANKING,ALTERNATE_PAYMENT,0.8748593,7987.167714296579,7987.167714296579,HIGH
E04856,11954.6,CHECKOUT_ABANDONED,Bank_C,E17,P019,CARD,SEND_REMINDER,0.6679877,7985.525809550286,7985.525809550286,HIGH
E01291,15175.77,PAYMENT_FAILED,Bank_C,E42,P004,CARD,ALTERNATE_PAYMENT,0.52611905,7984.261746466756,7984.261746466756,HIGH
E03972,14530.03,INVOICE_OVERDUE,Bank_B,E11,P006,WALLET,SEND_REMINDER,0.54939884,7982.7816195184,7982.7816195184,HIGH
E02184,12789.93,INVOICE_OVERDUE,Bank_B,E23,P007,NETBANKING,SEND_REMINDER,0.6240233,7981.214559305907,7981.214559305907,HIGH
E04833,14816.0,SUBSCRIPTION_FAILED,Bank_C,E17,P012,CARD,ALTERNATE_PAYMENT,0.53804135,7971.62068939209,7971.62068939209,HIGH
E01738,15114.64,INVOICE_OVERDUE,Bank_C,E23,P003,NETBANKING,SEND_REMINDER,0.5267026,7960.919926638603,7960.919926638603,HIGH
E04167,13038.98,CHECKOUT_ABANDONED,Bank_C,E11,P010,WALLET,SEND_REMINDER,0.61053705,7960.780412302017,7960.780412302017,HIGH
E04693,13106.56,CHECKOUT_ABANDONED,Bank_D,E17,P001,NETBANKING,SEND_REMINDER,0.60704875,7956.320863800049,7956.320863800049,HIGH
E04594,10943.05,INVOICE_OVERDUE,Bank_A,E42,P019,NETBANKING,ALTERNATE_PAYMENT,0.72629434,7947.875263145565,7947.875263145565,HIGH
E00717,12195.08,CHECKOUT_ABANDONED,Bank_C,E11,P008,CARD,SEND_REMINDER,0.6515384,7945.562570095062,7945.562570095062,HIGH
E03123,11553.08,SUBSCRIPTION_FAILED,Bank_D,E17,P014,CARD,ALTERNATE_PAYMENT,0.68690276,7935.842555360794,7935.842555360794,HIGH
E00483,17202.84,INVOICE_OVERDUE,Bank_C,E17,P002,CARD,SEND_REMINDER,0.46122313,7934.347631549836,7934.347631549836,HIGH
E00931,11533.58,INVOICE_OVERDUE,Bank_B,E42,P007,WALLET,ALTERNATE_PAYMENT,0.68706,7924.261457641124,7924.261457641124,HIGH
E02483,14913.69,INVOICE_OVERDUE,Bank_C,E17,P011,UPI,SEND_REMINDER,0.53129816,7923.616064057351,7923.616064057351,HIGH
E03087,10795.7,PAYMENT_FAILED,Bank_A,E42,P005,CARD,ALTERNATE_PAYMENT,0.73383504,7922.262957769632,7922.262957769632,HIGH
E00800,11576.12,SUBSCRIPTION_FAILED,Bank_A,E11,P019,CARD,ALTERNATE_PAYMENT,0.68419164,7920.284576160909,7920.284576160909,HIGH
E04422,10717.94,CHECKOUT_ABANDONED,Bank_A,E42,P012,CARD,ALTERNATE_PAYMENT,0.7389067,7919.557478319407,7919.557478319407,HIGH
E03372,11686.79,CHECKOUT_ABANDONED,Bank_C,E17,P005,NETBANKING,SEND_REMINDER,0.6771717,7913.963535442353,7913.963535442353,HIGH
E01488,14494.74,INVOICE_OVERDUE,Bank_C,E11,P009,NETBANKING,SEND_REMINDER,0.5458756,7912.325023652315,7912.325023652315,HIGH
E01906,12475.1,CHECKOUT_ABANDONED,Bank_D,E23,P020,CARD,SEND_REMINDER,0.63394433,7908.518943613768,7908.518943613768,HIGH
E01500,15273.84,CHECKOUT_ABANDONED,Bank_C,E23,P003,CARD,SEND_REMINDER,0.51777714,7908.44526699543,7908.44526699543,HIGH
E02674,11721.58,CHECKOUT_ABANDONED,Bank_B,E11,P007,WALLET,SEND_REMINDER,0.6745005,7906.211863802671,7906.211863802671,HIGH
E04261,10878.74,CHECKOUT_ABANDONED,Bank_A,E42,P011,CARD,ALTERNATE_PAYMENT,0.72631484,7901.390331884622,7901.390331884622,HIGH
E01216,12729.66,CHECKOUT_ABANDONED,Bank_A,E17,P007,CARD,SEND_REMINDER,0.6206821,7901.072359793186,7901.072359793186,HIGH
E00644,14303.19,CHECKOUT_ABANDONED,Bank_D,E23,P005,UPI,SEND_REMINDER,0.5523212,7899.955001728535,7899.955001728535,HIGH
E00422,14778.77,INVOICE_OVERDUE,Bank_D,E17,P014,CARD,ALTERNATE_PAYMENT,0.534434,7898.277469429374,7898.277469429374,HIGH
E00030,15021.07,INVOICE_OVERDUE,Bank_D,E17,P011,WALLET,SEND_REMINDER,0.52565914,7895.96279703319,7895.96279703319,HIGH
E02527,12025.59,INVOICE_OVERDUE,Bank_D,E42,P012,UPI,ALTERNATE_PAYMENT,0.6565486,7895.384510411024,7895.384510411024,HIGH
E00231,10528.68,SUBSCRIPTION_FAILED,Bank_A,E23,P006,NETBANKING,ALTERNATE_PAYMENT,0.74912584,7887.306230978966,7887.306230978966,HIGH
E00706,20858.25,INVOICE_OVERDUE,Bank_A,E11,P001,WALLET,ALTERNATE_PAYMENT,0.37764317,7876.975608363748,7876.975608363748,HIGH
E02066,9076.75,SUBSCRIPTION_FAILED,Bank_A,E42,P020,WALLET,ALTERNATE_PAYMENT,0.86717385,7871.1202478557825,7871.1202478557825,HIGH
E04657,15382.26,CHECKOUT_ABANDONED,Bank_D,E42,P003,UPI,SEND_REMINDER,0.5116129,7869.762526416779,7869.762526416779,HIGH
E01710,12873.19,CHECKOUT_ABANDONED,Bank_B,E17,P009,NETBANKING,SEND_REMINDER,0.6104976,7859.0515205562115,7859.0515205562115,HIGH
E03152,11656.28,CHECKOUT_ABANDONED,Bank_C,E11,P006,NETBANKING,SEND_REMINDER,0.6741849,7858.488180689812,7858.488180689812,HIGH
E00073,10875.04,CHECKOUT_ABANDONED,Bank_A,E42,P003,UPI,ALTERNATE_PAYMENT,0.72241735,7856.317627792359,7856.317627792359,HIGH
E03454,13111.24,CHECKOUT_ABANDONED,Bank_B,E17,P002,NETBANKING,SEND_REMINDER,0.5989925,7853.534773557186,7853.534773557186,HIGH
E03614,15532.0,INVOICE_OVERDUE,Bank_D,E23,P011,UPI,SEND_REMINDER,0.50530475,7848.393435716629,7848.393435716629,HIGH
E00518,13418.0,PAYMENT_FAILED,Bank_C,E11,P015,NETBANKING,RETRY_PAYMENT,0.58470684,7845.596418023109,7845.596418023109,HIGH
E00103,13247.54,CHECKOUT_ABANDONED,Bank_C,E17,P003,NETBANKING,SEND_REMINDER,0.59197056,7842.15371130228,7842.15371130228,HIGH
E00568,11048.24,PAYMENT_FAILED,Bank_A,E42,P014,UPI,ALTERNATE_PAYMENT,0.70978814,7841.9097600317,7841.9097600317,HIGH
E02810,11587.07,CHECKOUT_ABANDONED,Bank_D,E17,P006,CARD,SEND_REMINDER,0.6764281,7837.819508349895,7837.819508349895,HIGH
E04928,13114.68,CHECKOUT_ABANDONED,Bank_B,E23,P014,NETBANKING,SEND_REMINDER,0.59723544,7832.551696100235,7832.551696100235,HIGH
E03717,13729.54,INVOICE_OVERDUE,Bank_B,E23,P018,UPI,SEND_REMINDER,0.5704122,7831.497371355295,7831.497371355295,HIGH
E00696,15190.88,SUBSCRIPTION_FAILED,Bank_B,E17,P004,CARD,ALTERNATE_PAYMENT,0.51537144,7828.945728435516,7828.945728435516,HIGH
E02904,12725.19,PAYMENT_FAILED,Bank_C,E23,P010,NETBANKING,RETRY_PAYMENT,0.6148619,7824.2345722013715,7824.2345722013715,HIGH
E02866,13284.77,CHECKOUT_ABANDONED,Bank_D,E42,P011,NETBANKING,SEND_REMINDER,0.5885538,7818.801683329344,7818.801683329344,HIGH
E03357,11481.85,SUBSCRIPTION_FAILED,Bank_C,E11,P002,NETBANKING,ALTERNATE_PAYMENT,0.680964,7818.726423859596,7818.726423859596,HIGH
E04233,14898.87,INVOICE_OVERDUE,Bank_D,E23,P008,CARD,ALTERNATE_PAYMENT,0.52470565,7817.521244108677,7817.521244108677,HIGH
E03234,12891.25,CHECKOUT_ABANDONED,Bank_B,E17,P020,NETBANKING,SEND_REMINDER,0.6062728,7815.614447742701,7815.614447742701,HIGH
E04798,12052.37,CHECKOUT_ABANDONED,Bank_D,E11,P018,UPI,SEND_REMINDER,0.64808464,7810.955878658295,7810.955878658295,HIGH
E04846,13209.77,SUBSCRIPTION_FAILED,Bank_C,E23,P003,UPI,ALTERNATE_PAYMENT,0.59081095,7804.476823360324,7804.476823360324,HIGH
E02742,12086.71,CHECKOUT_ABANDONED,Bank_B,E23,P006,CARD,SEND_REMINDER,0.6449717,7795.586238461732,7795.586238461732,HIGH
E02930,15128.9,PAYMENT_FAILED,Bank_B,E42,P003,UPI,ALTERNATE_PAYMENT,0.5149678,7790.896337115764,7790.896337115764,HIGH
E00196,13244.12,CHECKOUT_ABANDONED,Bank_A,E11,P010,WALLET,SEND_REMINDER,0.5882267,7790.544683976173,7790.544683976173,HIGH
E04355,11635.25,SUBSCRIPTION_FAILED,Bank_A,E11,P012,NETBANKING,ALTERNATE_PAYMENT,0.66945875,7789.319884985685,7789.319884985685,HIGH
E04451,8765.83,SUBSCRIPTION_FAILED,Bank_A,E42,P012,WALLET,ALTERNATE_PAYMENT,0.8885921,7789.2474981939795,7789.2474981939795,HIGH
E04032,16158.32,SUBSCRIPTION_FAILED,Bank_C,E17,P001,NETBANKING,ALTERNATE_PAYMENT,0.48195854,7787.640288484096,7787.640288484096,HIGH
E01254,11231.53,CHECKOUT_ABANDONED,Bank_C,E23,P002,WALLET,SEND_REMINDER,0.69290763,7782.412849267125,7782.412849267125,HIGH
E03510,11645.46,PAYMENT_FAILED,Bank_C,E42,P007,NETBANKING,ALTERNATE_PAYMENT,0.668232,7781.869302903413,7781.869302903413,HIGH
E03929,11900.16,SUBSCRIPTION_FAILED,Bank_C,E11,P018,WALLET,ALTERNATE_PAYMENT,0.6538302,7780.683643341064,7780.683643341064,HIGH
E00157,14651.98,INVOICE_OVERDUE,Bank_C,E17,P006,UPI,SEND_REMINDER,0.5308211,7777.579920649528,7777.579920649528,HIGH
E00248,24408.7,SUBSCRIPTION_FAILED,Bank_C,E17,P013,WALLET,ALTERNATE_PAYMENT,0.31845126,7772.98116158545,7772.98116158545,HIGH
E00482,14637.5,INVOICE_OVERDUE,Bank_C,E17,P002,UPI,SEND_REMINDER,0.53102237,7772.839938849211,7772.839938849211,HIGH
E02007,12142.34,PAYMENT_FAILED,Bank_B,E11,P018,CARD,RETRY_PAYMENT,0.64009535,7772.25541008234,7772.25541008234,HIGH
E01085,15790.78,PAYMENT_FAILED,Bank_A,E17,P004,CARD,RETRY_PAYMENT,0.49141625,7759.845824257732,7759.845824257732,HIGH
E01069,12347.58,CHECKOUT_ABANDONED,Bank_D,E11,P010,NETBANKING,SEND_REMINDER,0.62830687,7758.069288682937,7758.069288682937,HIGH
E00279,10206.23,CHECKOUT_ABANDONED,Bank_A,E42,P019,WALLET,ALTERNATE_PAYMENT,0.7600507,7757.252398911118,7757.252398911118,HIGH
E02513,11753.3,CHECKOUT_ABANDONED,Bank_B,E42,P007,NETBANKING,ALTERNATE_PAYMENT,0.6597641,7754.405526310205,7754.405526310205,HIGH
E01465,18116.06,PAYMENT_FAILED,Bank_C,E11,P001,UPI,RETRY_PAYMENT,0.42803794,7754.361029690504,7754.361029690504,HIGH
E00346,11265.42,CHECKOUT_ABANDONED,Bank_D,E23,P018,CARD,SEND_REMINDER,0.6882822,7753.787968622446,7753.787968622446,HIGH
E00783,11380.54,CHECKOUT_ABANDONED,Bank_C,E23,P016,NETBANKING,SEND_REMINDER,0.681308,7753.652621718646,7753.652621718646,HIGH
E02315,15639.39,INVOICE_OVERDUE,Bank_A,E23,P016,NETBANKING,SEND_REMINDER,0.49564236,7751.544231510758,7751.544231510758,HIGH
E04757,12496.99,CHECKOUT_ABANDONED,Bank_A,E23,P006,NETBANKING,SEND_REMINDER,0.62019545,7750.576316682696,7750.576316682696,HIGH
E02471,14356.23,INVOICE_OVERDUE,Bank_C,E11,P006,NETBANKING,SEND_REMINDER,0.5397368,7748.585745729803,7748.585745729803,HIGH
E00021,15172.2,INVOICE_OVERDUE,Bank_D,E11,P002,CARD,ALTERNATE_PAYMENT,0.5105998,7746.9221642375,7746.9221642375,HIGH
E01690,14141.9,PAYMENT_FAILED,Bank_C,E17,P017,UPI,RETRY_PAYMENT,0.5476552,7744.885423600674,7744.885423600674,HIGH
E01073,11716.22,SUBSCRIPTION_FAILED,Bank_C,E23,P007,UPI,ALTERNATE_PAYMENT,0.6608434,7742.586335935593,7742.586335935593,HIGH
E03723,15059.03,INVOICE_OVERDUE,Bank_C,E11,P017,UPI,SEND_REMINDER,0.5140786,7741.525317206383,7741.525317206383,HIGH
E01058,13093.57,INVOICE_OVERDUE,Bank_D,E42,P018,UPI,ALTERNATE_PAYMENT,0.5907347,7734.826410763263,7734.826410763263,HIGH
E03364,12055.26,PAYMENT_FAILED,Bank_D,E42,P011,CARD,ALTERNATE_PAYMENT,0.6413507,7731.649277540446,7731.649277540446,HIGH
E02480,11131.94,PAYMENT_FAILED,Bank_A,E42,P010,CARD,ALTERNATE_PAYMENT,0.6938898,7724.339583853483,7724.339583853483,HIGH
E04056,10650.81,PAYMENT_FAILED,Bank_A,E42,P017,UPI,ALTERNATE_PAYMENT,0.7248544,7720.286595320105,7720.286595320105,HIGH
E01179,13232.28,CHECKOUT_ABANDONED,Bank_B,E23,P009,CARD,SEND_REMINDER,0.5829137,7713.277251441479,7713.277251441479,HIGH
E04694,9174.86,SUBSCRIPTION_FAILED,Bank_A,E42,P010,UPI,ALTERNATE_PAYMENT,0.8402159,7708.863448634148,7708.863448634148,HIGH
E01628,11697.09,SUBSCRIPTION_FAILED,Bank_D,E23,P011,NETBANKING,ALTERNATE_PAYMENT,0.6588368,7706.473134114146,7706.473134114146,HIGH
E02657,13368.9,SUBSCRIPTION_FAILED,Bank_D,E17,P008,UPI,ALTERNATE_PAYMENT,0.57633597,7704.977903705835,7704.977903705835,HIGH
E00505,13138.62,CHECKOUT_ABANDONED,Bank_A,E17,P015,UPI,SEND_REMINDER,0.58643436,7704.938267726899,7704.938267726899,HIGH
E02090,11279.36,SUBSCRIPTION_FAILED,Bank_A,E11,P008,NETBANKING,ALTERNATE_PAYMENT,0.68288404,7702.494897155762,7702.494897155762,HIGH
E03547,16309.06,INVOICE_OVERDUE,Bank_D,E17,P014,CARD,SEND_REMINDER,0.47226286,7702.163308820724,7702.163308820724,HIGH
E03790,12739.27,CHECKOUT_ABANDONED,Bank_A,E23,P012,CARD,SEND_REMINDER,0.6043587,7699.088313407899,7699.088313407899,HIGH
E01413,10419.07,INVOICE_OVERDUE,Bank_A,E42,P002,UPI,ALTERNATE_PAYMENT,0.7389046,7698.698702534437,7698.698702534437,HIGH
E03732,11529.65,INVOICE_OVERDUE,Bank_D,E42,P012,UPI,ALTERNATE_PAYMENT,0.66763765,7697.628387489914,7697.628387489914,HIGH
E03464,15940.85,INVOICE_OVERDUE,Bank_A,E11,P009,UPI,SEND_REMINDER,0.48286173,7697.226368437708,7697.226368437708,HIGH
E00154,10275.57,SUBSCRIPTION_FAILED,Bank_C,E42,P009,CARD,ALTERNATE_PAYMENT,0.74891615,7695.540314612388,7695.540314612388,HIGH
E00246,13916.01,INVOICE_OVERDUE,Bank_C,E42,P003,NETBANKING,SEND_REMINDER,0.55289507,7694.09331085682,7694.09331085682,HIGH
E02464,12913.86,INVOICE_OVERDUE,Bank_C,E23,P017,WALLET,SEND_REMINDER,0.5956676,7692.368001093865,7692.368001093865,HIGH
E02222,17757.94,INVOICE_OVERDUE,Bank_A,E11,P005,WALLET,ALTERNATE_PAYMENT,0.43310067,7690.9757220500705,7690.9757220500705,HIGH
E03341,12022.93,CHECKOUT_ABANDONED,Bank_A,E23,P004,WALLET,SEND_REMINDER,0.63968825,7690.927092483043,7690.927092483043,HIGH
E02774,11241.26,CHECKOUT_ABANDONED,Bank_B,E42,P011,CARD,SEND_REMINDER,0.68400395,7689.066233594418,7689.066233594418,HIGH
E02397,11197.06,CHECKOUT_ABANDONED,Bank_A,E42,P010,CARD,ALTERNATE_PAYMENT,0.6862682,7684.186328065395,7684.186328065395,HIGH
E00963,8910.25,SUBSCRIPTION_FAILED,Bank_A,E42,P008,NETBANKING,ALTERNATE_PAYMENT,0.86217725,7682.214866489172,7682.214866489172,HIGH
E04407,12452.12,CHECKOUT_ABANDONED,Bank_B,E42,P004,NETBANKING,SEND_REMINDER,0.61628515,7674.0565832781795,7674.0565832781795,HIGH
E03940,12784.0,SUBSCRIPTION_FAILED,Bank_B,E17,P004,UPI,ALTERNATE_PAYMENT,0.60028243,7674.010593414307,7674.010593414307,HIGH
E00308,13728.95,INVOICE_OVERDUE,Bank_D,E42,P020,CARD,ALTERNATE_PAYMENT,0.55878115,7671.478428149224,7671.478428149224,HIGH
E00406,11533.6,SUBSCRIPTION_FAILED,Bank_B,E11,P011,UPI,ALTERNATE_PAYMENT,0.6642676,7661.3967865467075,7661.3967865467075,HIGH
E02590,17161.39,PAYMENT_FAILED,Bank_A,E23,P007,CARD,RETRY_PAYMENT,0.44562382,7647.52408352673,7647.52408352673,HIGH
E02421,13312.48,INVOICE_OVERDUE,Bank_C,E11,P015,NETBANKING,SEND_REMINDER,0.5741522,7643.389301538467,7643.389301538467,HIGH
E03843,11602.76,CHECKOUT_ABANDONED,Bank_A,E17,P004,CARD,SEND_REMINDER,0.65852606,7640.719862332344,7640.719862332344,HIGH
E00697,11662.67,CHECKOUT_ABANDONED,Bank_C,E42,P017,UPI,SEND_REMINDER,0.6551339,7640.610516811013,7640.610516811013,HIGH
E04702,13972.15,INVOICE_OVERDUE,Bank_C,E11,P007,UPI,SEND_REMINDER,0.54673773,7639.101581248641,7639.101581248641,HIGH
E01595,17297.28,SUBSCRIPTION_FAILED,Bank_D,E11,P017,CARD,ALTERNATE_PAYMENT,0.44123444,7632.15564760208,7632.15564760208,HIGH
E04911,13639.44,INVOICE_OVERDUE,Bank_C,E42,P006,WALLET,ALTERNATE_PAYMENT,0.55939156,7629.787594170571,7629.787594170571,HIGH
E03067,14332.31,CHECKOUT_ABANDONED,Bank_B,E23,P008,UPI,SEND_REMINDER,0.53231806,7629.347391882538,7629.347391882538,HIGH
E00290,12346.87,INVOICE_OVERDUE,Bank_A,E42,P001,WALLET,ALTERNATE_PAYMENT,0.61746436,7623.752226693035,7623.752226693035,HIGH
E04890,12310.88,PAYMENT_FAILED,Bank_A,E11,P013,CARD,RETRY_PAYMENT,0.6189162,7619.403234605788,7619.403234605788,HIGH
E00499,12714.98,PAYMENT_FAILED,Bank_B,E11,P009,NETBANKING,RETRY_PAYMENT,0.59916157,7618.327319606542,7618.327319606542,HIGH
E04995,11284.26,CHECKOUT_ABANDONED,Bank_B,E42,P014,NETBANKING,SEND_REMINDER,0.6748558,7615.248628885746,7615.248628885746,HIGH
E04472,14225.13,CHECKOUT_ABANDONED,Bank_B,E11,P020,CARD,SEND_REMINDER,0.5352249,7613.643988723755,7613.643988723755,HIGH
E01175,10071.99,SUBSCRIPTION_FAILED,Bank_C,E42,P007,CARD,ALTERNATE_PAYMENT,0.7558081,7612.491776254177,7612.491776254177,HIGH
E03826,16177.46,CHECKOUT_ABANDONED,Bank_A,E11,P001,UPI,SEND_REMINDER,0.4704647,7610.923969535827,7610.923969535827,HIGH
E04924,11489.94,SUBSCRIPTION_FAILED,Bank_C,E11,P005,NETBANKING,ALTERNATE_PAYMENT,0.6618393,7604.493919655085,7604.493919655085,HIGH
E01951,11147.89,PAYMENT_FAILED,Bank_A,E42,P014,CARD,ALTERNATE_PAYMENT,0.68204415,7603.353142009973,7603.353142009973,HIGH
E01558,12263.09,INVOICE_OVERDUE,Bank_C,E42,P007,WALLET,ALTERNATE_PAYMENT,0.61960196,7598.234660365581,7598.234660365581,HIGH
E00469,12343.48,INVOICE_OVERDUE,Bank_B,E42,P006,NETBANKING,ALTERNATE_PAYMENT,0.6151841,7593.512983796596,7593.512983796596,HIGH
E00529,12184.05,CHECKOUT_ABANDONED,Bank_D,E11,P004,NETBANKING,SEND_REMINDER,0.6231875,7592.947444412111,7592.947444412111,HIGH
E00846,10680.09,CHECKOUT_ABANDONED,Bank_A,E42,P006,CARD,ALTERNATE_PAYMENT,0.7108443,7591.880868608951,7591.880868608951,HIGH
E03527,11876.2,CHECKOUT_ABANDONED,Bank_C,E11,P013,WALLET,SEND_REMINDER,0.6389529,7588.332560431958,7588.332560431958,HIGH
E02398,13364.06,PAYMENT_FAILED,Bank_C,E11,P012,UPI,RETRY_PAYMENT,0.5675074,7584.202759721279,7584.202759721279,HIGH
E00620,13866.84,INVOICE_OVERDUE,Bank_D,E23,P013,CARD,SEND_REMINDER,0.5467333,7581.463467772007,7581.463467772007,HIGH
E01422,11744.76,CHECKOUT_ABANDONED,Bank_B,E11,P006,WALLET,SEND_REMINDER,0.6454673,7580.858307209015,7580.858307209015,HIGH
E04194,10714.22,SUBSCRIPTION_FAILED,Bank_B,E42,P014,NETBANKING,ALTERNATE_PAYMENT,0.7075298,7580.6297542810435,7580.6297542810435,HIGH
E01030,11382.51,CHECKOUT_ABANDONED,Bank_C,E23,P003,NETBANKING,SEND_REMINDER,0.6658156,7578.652631957531,7578.652631957531,HIGH
E01725,10525.32,PAYMENT_FAILED,Bank_A,E42,P007,UPI,ALTERNATE_PAYMENT,0.7200105,7578.341116132736,7578.341116132736,HIGH
E01819,14950.94,PAYMENT_FAILED,Bank_C,E11,P005,NETBANKING,RETRY_PAYMENT,0.50672895,7576.074085291624,7576.074085291624,HIGH
E02392,13271.13,CHECKOUT_ABANDONED,Bank_C,E11,P014,NETBANKING,SEND_REMINDER,0.5707111,7573.980885481238,7573.980885481238,HIGH
E01847,12458.38,PAYMENT_FAILED,Bank_B,E42,P006,WALLET,ALTERNATE_PAYMENT,0.60710645,7563.562819914818,7563.562819914818,HIGH
E04085,12491.41,CHECKOUT_ABANDONED,Bank_C,E23,P019,UPI,SEND_REMINDER,0.60500747,7557.396356511712,7557.396356511712,HIGH
E03194,13120.87,CHECKOUT_ABANDONED,Bank_B,E11,P004,CARD,SEND_REMINDER,0.57546467,7550.597070732713,7550.597070732713,HIGH
E01965,14202.9,INVOICE_OVERDUE,Bank_C,E23,P007,CARD,SEND_REMINDER,0.531531,7549.281303226948,7549.281303226948,HIGH
E00349,11783.22,CHECKOUT_ABANDONED,Bank_A,E11,P014,WALLET,SEND_REMINDER,0.6406157,7548.515748295784,7548.515748295784,HIGH
E04078,12186.65,CHECKOUT_ABANDONED,Bank_B,E42,P011,UPI,ALTERNATE_PAYMENT,0.6188375,7541.555724173784,7541.555724173784,HIGH
E00298,11421.88,CHECKOUT_ABANDONED,Bank_C,E17,P017,NETBANKING,SEND_REMINDER,0.65990555,7537.362036147117,7537.362036147117,HIGH
E03520,10412.5,PAYMENT_FAILED,Bank_A,E42,P016,NETBANKING,ALTERNATE_PAYMENT,0.7237104,7535.634724795818,7535.634724795818,HIGH
E00168,8437.76,SUBSCRIPTION_FAILED,Bank_A,E42,P007,CARD,ALTERNATE_PAYMENT,0.89278656,7533.118745117187,7533.118745117187,HIGH
E01391,12795.09,PAYMENT_FAILED,Bank_A,E23,P018,UPI,ALTERNATE_PAYMENT,0.5885779,7530.907537216544,7530.907537216544,HIGH
E00722,15671.36,INVOICE_OVERDUE,Bank_B,E23,P017,UPI,SEND_REMINDER,0.48052904,7530.543577833176,7530.543577833176,HIGH
E02826,13949.88,INVOICE_OVERDUE,Bank_A,E23,P014,UPI,ALTERNATE_PAYMENT,0.53972447,7529.091578192711,7529.091578192711,HIGH
E01316,13646.88,CHECKOUT_ABANDONED,Bank_C,E17,P014,UPI,SEND_REMINDER,0.55152035,7526.532001190185,7526.532001190185,HIGH
E00799,12732.92,CHECKOUT_ABANDONED,Bank_B,E23,P016,CARD,SEND_REMINDER,0.59107846,7526.15474766016,7526.15474766016,HIGH
E03812,13519.67,INVOICE_OVERDUE,Bank_C,E42,P020,CARD,ALTERNATE_PAYMENT,0.55668163,7526.151973161697,7526.151973161697,HIGH
E04150,11253.78,CHECKOUT_ABANDONED,Bank_B,E17,P006,NETBANKING,SEND_REMINDER,0.66840845,7522.121685429812,7522.121685429812,HIGH
E02870,10444.05,CHECKOUT_ABANDONED,Bank_A,E42,P007,CARD,ALTERNATE_PAYMENT,0.719957,7519.266843777895,7519.266843777895,HIGH
E01706,13177.1,CHECKOUT_ABANDONED,Bank_C,E17,P004,CARD,SEND_REMINDER,0.5704749,7517.205103343726,7517.205103343726,HIGH
E00191,12093.65,PAYMENT_FAILED,Bank_C,E17,P014,NETBANKING,RETRY_PAYMENT,0.62117416,7512.262839761376,7512.262839761376,HIGH
E02223,11031.48,INVOICE_OVERDUE,Bank_D,E42,P009,UPI,ALTERNATE_PAYMENT,0.6802499,7504.163491487503,7504.163491487503,HIGH
E00227,11979.22,CHECKOUT_ABANDONED,Bank_B,E17,P017,NETBANKING,SEND_REMINDER,0.6254875,7492.852446292638,7492.852446292638,MEDIUM
E03217,14159.35,INVOICE_OVERDUE,Bank_A,E17,P012,UPI,ALTERNATE_PAYMENT,0.5290395,7490.855474680662,7490.855474680662,MEDIUM
E00431,12087.8,PAYMENT_FAILED,Bank_A,E11,P008,CARD,RETRY_PAYMENT,0.6194425,7487.697323787212,7487.697323787212,MEDIUM
E04119,13437.58,INVOICE_OVERDUE,Bank_D,E17,P009,WALLET,SEND_REMINDER,0.5565062,7478.09680506587,7478.09680506587,MEDIUM
E03915,13799.22,SUBSCRIPTION_FAILED,Bank_D,E11,P001,UPI,ALTERNATE_PAYMENT,0.54170585,7475.118155093192,7475.118155093192,MEDIUM
E01375,12573.14,PAYMENT_FAILED,Bank_B,E11,P010,CARD,RETRY_PAYMENT,0.59417987,7470.706674323082,7470.706674323082,MEDIUM
E01164,12728.16,PAYMENT_FAILED,Bank_C,E11,P014,WALLET,RETRY_PAYMENT,0.58679754,7468.852918424606,7468.852918424606,MEDIUM
E03603,8571.61,SUBSCRIPTION_FAILED,Bank_A,E42,P020,CARD,ALTERNATE_PAYMENT,0.87093407,7465.307176523805,7465.307176523805,MEDIUM
E00010,11518.98,CHECKOUT_ABANDONED,Bank_C,E17,P004,CARD,SEND_REMINDER,0.6479752,7464.013442730903,7464.013442730903,MEDIUM
E03016,15963.55,INVOICE_OVERDUE,Bank_B,E17,P003,UPI,SEND_REMINDER,0.46741816,7461.65323215872,7461.65323215872,MEDIUM
E04072,11626.08,INVOICE_OVERDUE,Bank_B,E42,P018,UPI,ALTERNATE_PAYMENT,0.64177436,7461.32000905037,7461.32000905037,MEDIUM
E01695,11737.12,PAYMENT_FAILED,Bank_B,E11,P019,WALLET,RETRY_PAYMENT,0.6356997,7461.283538312912,7461.283538312912,MEDIUM
E02389,12354.6,CHECKOUT_ABANDONED,Bank_A,E11,P002,WALLET,SEND_REMINDER,0.60391754,7461.159628808498,7461.159628808498,MEDIUM
E00462,12932.44,PAYMENT_FAILED,Bank_C,E17,P012,UPI,RETRY_PAYMENT,0.5768427,7459.983934080601,7459.983934080601,MEDIUM
E02635,8638.25,SUBSCRIPTION_FAILED,Bank_A,E42,P014,NETBANKING,ALTERNATE_PAYMENT,0.8634967,7459.100548371673,7459.100548371673,MEDIUM
E00394,13321.58,INVOICE_OVERDUE,Bank_C,E42,P009,WALLET,ALTERNATE_PAYMENT,0.55964506,7455.356394760609,7455.356394760609,MEDIUM
E01625,12812.42,INVOICE_OVERDUE,Bank_D,E23,P018,WALLET,SEND_REMINDER,0.58123463,7447.022248362303,7447.022248362303,MEDIUM
E01014,10024.83,SUBSCRIPTION_FAILED,Bank_B,E17,P006,NETBANKING,ALTERNATE_PAYMENT,0.74277276,7446.170627651811,7446.170627651811,MEDIUM
E01050,15021.05,INVOICE_OVERDUE,Bank_B,E17,P005,UPI,SEND_REMINDER,0.495147,7437.627691471576,7437.627691471576,MEDIUM
E02370,14746.95,PAYMENT_FAILED,Bank_B,E11,P014,UPI,RETRY_PAYMENT,0.50428075,7436.602946975828,7436.602946975828,MEDIUM
E02858,11317.21,PAYMENT_FAILED,Bank_A,E17,P013,WALLET,RETRY_PAYMENT,0.656202,7426.376043083071,7426.376043083071,MEDIUM
E01607,11380.77,INVOICE_OVERDUE,Bank_B,E42,P008,UPI,ALTERNATE_PAYMENT,0.652525,7426.237032163739,7426.237032163739,MEDIUM
E00331,12733.68,SUBSCRIPTION_FAILED,Bank_D,E23,P004,CARD,ALTERNATE_PAYMENT,0.5830282,7424.094495248794,7424.094495248794,MEDIUM
E01126,13643.52,INVOICE_OVERDUE,Bank_A,E23,P002,WALLET,ALTERNATE_PAYMENT,0.54394764,7421.360465469361,7421.360465469361,MEDIUM
E00903,8493.91,SUBSCRIPTION_FAILED,Bank_A,E42,P003,CARD,ALTERNATE_PAYMENT,0.8736197,7420.446899083852,7420.446899083852,MEDIUM
E04190,14661.98,PAYMENT_FAILED,Bank_D,E23,P005,WALLET,RETRY_PAYMENT,0.5059335,7417.987198166847,7417.987198166847,MEDIUM
E03011,9838.79,CHECKOUT_ABANDONED,Bank_A,E42,P002,WALLET,ALTERNATE_PAYMENT,0.7538923,7417.388047043086,7417.388047043086,MEDIUM
E02543,11382.23,SUBSCRIPTION_FAILED,Bank_C,E11,P009,UPI,ALTERNATE_PAYMENT,0.6516466,7417.191640119552,7417.191640119552,MEDIUM
E03778,9942.89,INVOICE_OVERDUE,Bank_A,E42,P009,WALLET,ALTERNATE_PAYMENT,0.7453484,7410.917092394232,7410.917092394232,MEDIUM
E00788,11354.33,INVOICE_OVERDUE,Bank_A,E17,P013,CARD,SEND_REMINDER,0.65229726,7406.398329708576,7406.398329708576,MEDIUM
E04375,11707.94,SUBSCRIPTION_FAILED,Bank_C,E11,P009,NETBANKING,ALTERNATE_PAYMENT,0.63243306,7404.488283398152,7404.488283398152,MEDIUM
E01984,13587.65,INVOICE_OVERDUE,Bank_A,E17,P006,WALLET,SEND_REMINDER,0.5448174,7402.787982842326,7402.787982842326,MEDIUM
E01103,11164.67,CHECKOUT_ABANDONED,Bank_D,E42,P018,CARD,SEND_REMINDER,0.6627073,7398.908632593155,7398.908632593155,MEDIUM
E01489,12333.79,CHECKOUT_ABANDONED,Bank_D,E11,P006,UPI,SEND_REMINDER,0.59958494,7395.15470130086,7395.15470130086,MEDIUM
E03562,10508.81,SUBSCRIPTION_FAILED,Bank_C,E42,P018,NETBANKING,ALTERNATE_PAYMENT,0.7035938,7393.933461871743,7393.933461871743,MEDIUM
E03396,12997.41,INVOICE_OVERDUE,Bank_B,E42,P019,UPI,ALTERNATE_PAYMENT,0.5687728,7392.573185076713,7392.573185076713,MEDIUM
E04521,11142.67,CHECKOUT_ABANDONED,Bank_A,E42,P004,CARD,ALTERNATE_PAYMENT,0.6632377,7390.238721545935,7390.238721545935,MEDIUM
E02682,15169.01,PAYMENT_FAILED,Bank_C,E23,P017,UPI,RETRY_PAYMENT,0.48719046,7390.196886807382,7390.196886807382,MEDIUM
E02068,13329.97,PAYMENT_FAILED,Bank_B,E17,P002,NETBANKING,RETRY_PAYMENT,0.55415785,7386.907557440996,7386.907557440996,MEDIUM
E02566,10904.75,INVOICE_OVERDUE,Bank_A,E42,P020,CARD,ALTERNATE_PAYMENT,0.6773561,7386.399192363024,7386.399192363024,MEDIUM
E01726,12653.85,INVOICE_OVERDUE,Bank_B,E17,P012,NETBANKING,SEND_REMINDER,0.58369535,7385.993430885673,7385.993430885673,MEDIUM
E03371,12177.18,PAYMENT_FAILED,Bank_A,E23,P006,WALLET,RETRY_PAYMENT,0.6064339,7384.655099519491,7384.655099519491,MEDIUM
E02556,11011.68,SUBSCRIPTION_FAILED,Bank_D,E23,P007,WALLET,ALTERNATE_PAYMENT,0.6705323,7383.686964941025,7383.686964941025,MEDIUM
E03482,12735.19,CHECKOUT_ABANDONED,Bank_A,E23,P020,WALLET,SEND_REMINDER,0.57957464,7380.993217725158,7380.993217725158,MEDIUM
E00711,11867.55,PAYMENT_FAILED,Bank_B,E11,P013,CARD,RETRY_PAYMENT,0.6218683,7380.053290334344,7380.053290334344,MEDIUM
E03616,9896.12,INVOICE_OVERDUE,Bank_A,E42,P017,CARD,ALTERNATE_PAYMENT,0.7453994,7376.562063648701,7376.562063648701,MEDIUM
E00825,11554.23,PAYMENT_FAILED,Bank_D,E11,P011,WALLET,RETRY_PAYMENT,0.6383928,7376.137311483621,7376.137311483621,MEDIUM
E00382,16527.28,PAYMENT_FAILED,Bank_A,E17,P005,WALLET,ALTERNATE_PAYMENT,0.44620007,7374.473538613319,7374.473538613319,MEDIUM
E01973,13368.64,PAYMENT_FAILED,Bank_C,E11,P008,NETBANKING,RETRY_PAYMENT,0.55160195,7374.167844104766,7374.167844104766,MEDIUM
E00303,11693.04,PAYMENT_FAILED,Bank_B,E42,P006,CARD,ALTERNATE_PAYMENT,0.63047117,7372.12460905552,7372.12460905552,MEDIUM
E02714,13403.89,PAYMENT_FAILED,Bank_D,E11,P008,UPI,RETRY_PAYMENT,0.54988825,7370.64165834546,7370.64165834546,MEDIUM
E04181,12477.89,PAYMENT_FAILED,Bank_B,E23,P010,NETBANKING,RETRY_PAYMENT,0.5902935,7365.617693244219,7365.617693244219,MEDIUM
E03443,11446.85,CHECKOUT_ABANDONED,Bank_C,E23,P004,NETBANKING,SEND_REMINDER,0.64345205,7365.499079102278,7365.499079102278,MEDIUM
E00797,10600.85,CHECKOUT_ABANDONED,Bank_C,E17,P009,NETBANKING,SEND_REMINDER,0.6942492,7359.63176689446,7359.63176689446,MEDIUM
E00774,15334.29,INVOICE_OVERDUE,Bank_D,E11,P001,UPI,ALTERNATE_PAYMENT,0.47977352,7356.986311826707,7356.986311826707,MEDIUM
E03833,9864.37,INVOICE_OVERDUE,Bank_A,E42,P012,NETBANKING,ALTERNATE_PAYMENT,0.74502164,7349.169127340913,7349.169127340913,MEDIUM
E04168,10631.45,SUBSCRIPTION_FAILED,Bank_A,E17,P016,UPI,ALTERNATE_PAYMENT,0.69064367,7342.543626016379,7342.543626016379,MEDIUM
E01528,15307.33,INVOICE_OVERDUE,Bank_C,E42,P004,CARD,ALTERNATE_PAYMENT,0.47930673,7336.906251324714,7336.906251324714,MEDIUM
E01609,12033.68,PAYMENT_FAILED,Bank_B,E42,P001,WALLET,ALTERNATE_PAYMENT,0.6094127,7333.477777619362,7333.477777619362,MEDIUM
E04919,13026.09,CHECKOUT_ABANDONED,Bank_A,E23,P018,WALLET,SEND_REMINDER,0.5629781,7333.4032534629105,7333.4032534629105,MEDIUM
E01046,15270.88,INVOICE_OVERDUE,Bank_C,E42,P001,CARD,ALTERNATE_PAYMENT,0.47989407,7328.404783434868,7328.404783434868,MEDIUM
E01157,13050.38,CHECKOUT_ABANDONED,Bank_B,E23,P010,NETBANKING,SEND_REMINDER,0.5614565,7327.2206978356835,7327.2206978356835,MEDIUM
E02049,11094.96,PAYMENT_FAILED,Bank_A,E42,P018,NETBANKING,ALTERNATE_PAYMENT,0.65991896,7321.774507813453,7321.774507813453,MEDIUM
E02551,10065.37,CHECKOUT_ABANDONED,Bank_A,E42,P007,CARD,ALTERNATE_PAYMENT,0.7269484,7317.004420334101,7317.004420334101,MEDIUM
E03537,11905.11,CHECKOUT_ABANDONED,Bank_A,E17,P012,UPI,SEND_REMINDER,0.6143184,7313.527779622078,7313.527779622078,MEDIUM
E03064,10588.23,SUBSCRIPTION_FAILED,Bank_B,E42,P017,UPI,ALTERNATE_PAYMENT,0.69063514,7312.603758278488,7312.603758278488,MEDIUM
E00193,13299.65,CHECKOUT_ABANDONED,Bank_C,E23,P017,CARD,SEND_REMINDER,0.5493321,7305.924427983165,7305.924427983165,MEDIUM
E00176,13476.71,CHECKOUT_ABANDONED,Bank_C,E17,P004,UPI,SEND_REMINDER,0.5421107,7305.868442933559,7305.868442933559,MEDIUM
E02156,12648.08,INVOICE_OVERDUE,Bank_A,E17,P016,WALLET,SEND_REMINDER,0.577518,7304.493692131043,7304.493692131043,MEDIUM
E04642,13122.08,SUBSCRIPTION_FAILED,Bank_B,E11,P014,UPI,ALTERNATE_PAYMENT,0.5566455,7304.346947727204,7304.346947727204,MEDIUM
E02540,12045.64,CHECKOUT_ABANDONED,Bank_A,E23,P004,CARD,SEND_REMINDER,0.6062144,7302.240474677085,7302.240474677085,MEDIUM
E02246,12207.99,INVOICE_OVERDUE,Bank_C,E42,P014,WALLET,ALTERNATE_PAYMENT,0.5979833,7300.174154940248,7300.174154940248,MEDIUM
E03645,12176.41,INVOICE_OVERDUE,Bank_D,E17,P014,WALLET,SEND_REMINDER,0.5992445,7296.646422275305,7296.646422275305,MEDIUM
E01158,13735.32,INVOICE_OVERDUE,Bank_C,E23,P007,CARD,SEND_REMINDER,0.53061855,7288.215560116768,7288.215560116768,MEDIUM
E04897,9840.13,SUBSCRIPTION_FAILED,Bank_B,E42,P015,UPI,ALTERNATE_PAYMENT,0.74063563,7287.950915963649,7287.950915963649,MEDIUM
E01920,11434.02,INVOICE_OVERDUE,Bank_D,E17,P010,WALLET,SEND_REMINDER,0.6371018,7284.635055416823,7284.635055416823,MEDIUM
E00835,10536.99,PAYMENT_FAILED,Bank_D,E11,P019,CARD,RETRY_PAYMENT,0.69097257,7280.771024587154,7280.771024587154,MEDIUM
E00873,17104.22,INVOICE_OVERDUE,Bank_A,E23,P003,NETBANKING,ALTERNATE_PAYMENT,0.4253906,7275.974428141118,7275.974428141118,MEDIUM
E02419,9699.68,INVOICE_OVERDUE,Bank_A,E42,P012,UPI,ALTERNATE_PAYMENT,0.7498342,7273.151597881318,7273.151597881318,MEDIUM
E03631,13060.41,INVOICE_OVERDUE,Bank_B,E42,P013,UPI,ALTERNATE_PAYMENT,0.5567423,7271.282839790582,7271.282839790582,MEDIUM
E02011,10855.83,PAYMENT_FAILED,Bank_B,E42,P016,CARD,ALTERNATE_PAYMENT,0.6695685,7268.721582046151,7268.721582046151,MEDIUM
E01001,11269.29,PAYMENT_FAILED,Bank_A,E42,P013,NETBANKING,ALTERNATE_PAYMENT,0.64498955,7268.57428720057,7268.57428720057,MEDIUM
E01526,8344.56,SUBSCRIPTION_FAILED,Bank_A,E42,P020,CARD,ALTERNATE_PAYMENT,0.87093407,7267.561596121787,7267.561596121787,MEDIUM
E04402,10745.97,INVOICE_OVERDUE,Bank_A,E42,P004,CARD,ALTERNATE_PAYMENT,0.6762833,7267.320052472948,7267.320052472948,MEDIUM
E01080,11661.39,CHECKOUT_ABANDONED,Bank_A,E17,P019,UPI,SEND_REMINDER,0.622872,7263.553253449201,7263.553253449201,MEDIUM
E00208,13123.57,CHECKOUT_ABANDONED,Bank_A,E23,P017,WALLET,SEND_REMINDER,0.5533406,7261.804279598594,7261.804279598594,MEDIUM
E03610,15639.0,PAYMENT_FAILED,Bank_D,E23,P005,WALLET,RETRY_PAYMENT,0.4641067,7258.164818376303,7258.164818376303,MEDIUM
E04450,15645.13,INVOICE_OVERDUE,Bank_D,E11,P014,NETBANKING,SEND_REMINDER,0.46379644,7256.155547063946,7256.155547063946,MEDIUM
E01047,10493.45,PAYMENT_FAILED,Bank_A,E42,P014,CARD,ALTERNATE_PAYMENT,0.6912038,7253.112232014538,7253.112232014538,MEDIUM
E00314,13545.79,INVOICE_OVERDUE,Bank_C,E17,P006,NETBANKING,SEND_REMINDER,0.53532654,7251.420898634792,7251.420898634792,MEDIUM
E00629,10666.79,CHECKOUT_ABANDONED,Bank_B,E42,P016,WALLET,ALTERNATE_PAYMENT,0.6796146,7249.306256675125,7249.306256675125,MEDIUM
E01543,13326.77,PAYMENT_FAILED,Bank_D,E42,P010,NETBANKING,ALTERNATE_PAYMENT,0.5437498,7246.428645620346,7246.428645620346,MEDIUM
E04961,13152.04,PAYMENT_FAILED,Bank_A,E42,P001,CARD,ALTERNATE_PAYMENT,0.55085313,7244.84244199276,7244.84244199276,MEDIUM
E00222,11089.9,CHECKOUT_ABANDONED,Bank_B,E23,P015,CARD,SEND_REMINDER,0.6531677,7243.564749145507,7243.564749145507,MEDIUM
E02716,11095.78,PAYMENT_FAILED,Bank_B,E23,P007,WALLET,RETRY_PAYMENT,0.6526699,7241.881696434021,7241.881696434021,MEDIUM
E00972,9862.26,INVOICE_OVERDUE,Bank_A,E42,P016,UPI,ALTERNATE_PAYMENT,0.7342157,7241.0259005248545,7241.0259005248545,MEDIUM
E00210,10083.66,PAYMENT_FAILED,Bank_B,E23,P009,NETBANKING,RETRY_PAYMENT,0.71779394,7237.990056123734,7237.990056123734,MEDIUM
E04445,13014.15,CHECKOUT_ABANDONED,Bank_D,E42,P010,UPI,SEND_REMINDER,0.55591416,7234.750312077999,7234.750312077999,MEDIUM
E01238,10796.12,SUBSCRIPTION_FAILED,Bank_B,E11,P007,WALLET,ALTERNATE_PAYMENT,0.6699633,7233.0041848588,7233.0041848588,MEDIUM
E04975,11017.58,SUBSCRIPTION_FAILED,Bank_C,E11,P009,UPI,ALTERNATE_PAYMENT,0.6560757,7228.366687293053,7228.366687293053,MEDIUM
E00958,11502.42,INVOICE_OVERDUE,Bank_A,E17,P018,CARD,SEND_REMINDER,0.62782466,7221.502973020077,7221.502973020077,MEDIUM
E01918,11711.98,INVOICE_OVERDUE,Bank_B,E42,P019,UPI,ALTERNATE_PAYMENT,0.616255,7217.566063114405,7217.566063114405,MEDIUM
E04416,12217.58,CHECKOUT_ABANDONED,Bank_B,E11,P014,CARD,SEND_REMINDER,0.59048617,7214.312006957531,7214.312006957531,MEDIUM
E02359,10379.15,SUBSCRIPTION_FAILED,Bank_A,E17,P005,UPI,ALTERNATE_PAYMENT,0.6950488,7214.015846467018,7214.015846467018,MEDIUM
E03491,10418.39,PAYMENT_FAILED,Bank_A,E42,P014,CARD,ALTERNATE_PAYMENT,0.6912038,7201.230476811528,7201.230476811528,MEDIUM
E04759,12687.11,PAYMENT_FAILED,Bank_D,E42,P005,NETBANKING,ALTERNATE_PAYMENT,0.5674549,7199.36241301477,7199.36241301477,MEDIUM
E02843,12012.3,PAYMENT_FAILED,Bank_A,E23,P020,WALLET,RETRY_PAYMENT,0.5992159,7197.961452752352,7197.961452752352,MEDIUM
E04554,15023.1,INVOICE_OVERDUE,Bank_C,E17,P014,UPI,SEND_REMINDER,0.47909775,7197.533464559913,7197.533464559913,MEDIUM
E03164,10016.7,PAYMENT_FAILED,Bank_A,E42,P017,NETBANKING,ALTERNATE_PAYMENT,0.7185435,7197.434972047807,7197.434972047807,MEDIUM
E02297,11215.89,CHECKOUT_ABANDONED,Bank_C,E11,P019,UPI,SEND_REMINDER,0.6416524,7196.702795653939,7196.702795653939,MEDIUM
E00721,15241.21,PAYMENT_FAILED,Bank_A,E23,P005,CARD,ALTERNATE_PAYMENT,0.47209236,7195.258802089393,7195.258802089393,MEDIUM
E01778,10340.5,INVOICE_OVERDUE,Bank_A,E42,P016,CARD,ALTERNATE_PAYMENT,0.69576454,7194.553242683411,7194.553242683411,MEDIUM
E00016,8119.07,SUBSCRIPTION_FAILED,Bank_A,E42,P005,NETBANKING,ALTERNATE_PAYMENT,0.88610226,7194.326269270778,7194.326269270778,MEDIUM
E00683,12410.2,INVOICE_OVERDUE,Bank_A,E11,P013,NETBANKING,SEND_REMINDER,0.57963705,7193.411725711823,7193.411725711823,MEDIUM
E00688,12781.25,INVOICE_OVERDUE,Bank_D,E17,P020,CARD,RETRY_PAYMENT,0.5625137,7189.628344029188,7189.628344029188,MEDIUM
E01759,11003.77,PAYMENT_FAILED,Bank_D,E17,P017,WALLET,RETRY_PAYMENT,0.653113,7186.70531903863,7186.70531903863,MEDIUM
E04815,14770.64,INVOICE_OVERDUE,Bank_A,E23,P003,UPI,ALTERNATE_PAYMENT,0.48651993,7186.210779428482,7186.210779428482,MEDIUM
E02494,10590.65,PAYMENT_FAILED,Bank_D,E23,P010,WALLET,RETRY_PAYMENT,0.6782011,7182.590261214971,7182.590261214971,MEDIUM
E02750,24572.44,SUBSCRIPTION_FAILED,Bank_D,E11,P006,CARD,ALTERNATE_PAYMENT,0.29218417,7179.678086059093,7179.678086059093,MEDIUM
E02719,12575.46,PAYMENT_FAILED,Bank_B,E23,P012,WALLET,RETRY_PAYMENT,0.5703115,7171.929288800954,7171.929288800954,MEDIUM
E01608,10461.84,PAYMENT_FAILED,Bank_A,E42,P010,NETBANKING,ALTERNATE_PAYMENT,0.68513376,7167.759725575447,7167.759725575447,MEDIUM
E00181,9213.98,SUBSCRIPTION_FAILED,Bank_C,E42,P007,WALLET,ALTERNATE_PAYMENT,0.77748156,7163.6995067882535,7163.6995067882535,MEDIUM
E00261,11329.6,SUBSCRIPTION_FAILED,Bank_C,E17,P010,UPI,ALTERNATE_PAYMENT,0.6322638,7163.295717811585,7163.295717811585,MEDIUM
E03153,9236.1,CHECKOUT_ABANDONED,Bank_A,E42,P005,CARD,ALTERNATE_PAYMENT,0.7752316,7160.116578984261,7160.116578984261,MEDIUM
E03207,11241.03,INVOICE_OVERDUE,Bank_D,E42,P002,UPI,ALTERNATE_PAYMENT,0.63681024,7158.403047328592,7158.403047328592,MEDIUM
E01376,9420.97,SUBSCRIPTION_FAILED,Bank_C,E42,P009,WALLET,ALTERNATE_PAYMENT,0.7591688,7152.106524516939,7152.106524516939,MEDIUM
E01178,10308.08,CHECKOUT_ABANDONED,Bank_C,E42,P015,CARD,SEND_REMINDER,0.69356316,7149.304572148323,7149.304572148323,MEDIUM
E03935,11054.55,PAYMENT_FAILED,Bank_D,E23,P018,WALLET,RETRY_PAYMENT,0.6466009,7147.882002094388,7147.882002094388,MEDIUM
E04222,11722.69,SUBSCRIPTION_FAILED,Bank_A,E11,P015,UPI,ALTERNATE_PAYMENT,0.60931015,7142.754004020691,7142.754004020691,MEDIUM
E01922,15944.82,PAYMENT_FAILED,Bank_A,E11,P001,WALLET,RETRY_PAYMENT,0.44785246,7140.926901599764,7140.926901599764,MEDIUM
E00900,9400.18,SUBSCRIPTION_FAILED,Bank_C,E42,P011,WALLET,ALTERNATE_PAYMENT,0.7593554,7138.077686822415,7138.077686822415,MEDIUM
E03739,11951.56,PAYMENT_FAILED,Bank_A,E11,P014,NETBANKING,RETRY_PAYMENT,0.5971832,7137.271174926757,7137.271174926757,MEDIUM
E04727,11044.67,SUBSCRIPTION_FAILED,Bank_D,E17,P013,UPI,ALTERNATE_PAYMENT,0.64590275,7133.782757610083,7133.782757610083,MEDIUM
E03257,12564.36,INVOICE_OVERDUE,Bank_C,E42,P020,NETBANKING,ALTERNATE_PAYMENT,0.5675612,7131.043354446888,7131.043354446888,MEDIUM
E04301,11457.68,INVOICE_OVERDUE,Bank_A,E11,P011,WALLET,SEND_REMINDER,0.622082,7127.616432590485,7127.616432590485,MEDIUM
E02848,11425.14,CHECKOUT_ABANDONED,Bank_D,E11,P002,UPI,SEND_REMINDER,0.62377506,7126.717445508241,7126.717445508241,MEDIUM
E01319,11662.83,PAYMENT_FAILED,Bank_B,E23,P017,NETBANKING,RETRY_PAYMENT,0.6109335,7125.213349419236,7125.213349419236,MEDIUM
E01666,12825.17,INVOICE_OVERDUE,Bank_A,E23,P008,CARD,ALTERNATE_PAYMENT,0.55554813,7124.999229232669,7124.999229232669,MEDIUM
E02976,10135.45,PAYMENT_FAILED,Bank_B,E23,P009,NETBANKING,RETRY_PAYMENT,0.7026232,7121.402195838095,7121.402195838095,MEDIUM
E03324,11968.0,SUBSCRIPTION_FAILED,Bank_B,E23,P012,CARD,ALTERNATE_PAYMENT,0.5950312,7121.333423614502,7121.333423614502,MEDIUM
E03327,13304.76,PAYMENT_FAILED,Bank_C,E17,P014,UPI,RETRY_PAYMENT,0.5352272,7121.06916908741,7121.06916908741,MEDIUM
E03960,13302.96,PAYMENT_FAILED,Bank_B,E17,P004,UPI,RETRY_PAYMENT,0.53519684,7119.702164797783,7119.702164797783,MEDIUM
E00990,13073.15,CHECKOUT_ABANDONED,Bank_B,E17,P020,NETBANKING,SEND_REMINDER,0.5445639,7119.165412062406,7119.165412062406,MEDIUM
E00495,9744.18,PAYMENT_FAILED,Bank_A,E42,P012,NETBANKING,ALTERNATE_PAYMENT,0.73031956,7116.365246011019,7116.365246011019,MEDIUM
E01798,11300.95,PAYMENT_FAILED,Bank_C,E42,P014,NETBANKING,ALTERNATE_PAYMENT,0.62967336,7115.90717778802,7115.90717778802,MEDIUM
E03582,12265.08,INVOICE_OVERDUE,Bank_A,E23,P018,NETBANKING,SEND_REMINDER,0.5798534,7111.948529248238,7111.948529248238,MEDIUM
E02316,10737.48,INVOICE_OVERDUE,Bank_C,E42,P012,WALLET,ALTERNATE_PAYMENT,0.6620622,7108.879928963184,7108.879928963184,MEDIUM
E01583,11522.86,INVOICE_OVERDUE,Bank_D,E17,P016,NETBANKING,SEND_REMINDER,0.6165809,7104.775430051089,7104.775430051089,MEDIUM
E03317,9379.06,SUBSCRIPTION_FAILED,Bank_C,E42,P016,UPI,ALTERNATE_PAYMENT,0.75717384,7101.578840442896,7101.578840442896,MEDIUM
E04128,13444.25,INVOICE_OVERDUE,Bank_D,E23,P008,WALLET,SEND_REMINDER,0.5281844,7101.043306708336,7101.043306708336,MEDIUM
E03599,11236.13,INVOICE_OVERDUE,Bank_D,E17,P015,CARD,SEND_REMINDER,0.6310951,7091.066713718771,7091.066713718771,MEDIUM
E04203,17180.02,INVOICE_OVERDUE,Bank_A,E11,P014,UPI,SEND_REMINDER,0.4126558,7089.43490709722,7089.43490709722,MEDIUM
E01741,12160.58,PAYMENT_FAILED,Bank_C,E11,P020,WALLET,RETRY_PAYMENT,0.5828133,7087.348033863306,7087.348033863306,MEDIUM
E04532,10785.72,CHECKOUT_ABANDONED,Bank_D,E17,P018,WALLET,SEND_REMINDER,0.65697336,7085.930729656219,7085.930729656219,MEDIUM
E01334,12840.45,PAYMENT_FAILED,Bank_B,E23,P004,WALLET,RETRY_PAYMENT,0.5516233,7083.091207525134,7083.091207525134,MEDIUM
E03855,9853.6,CHECKOUT_ABANDONED,Bank_A,E42,P002,NETBANKING,ALTERNATE_PAYMENT,0.7187168,7081.947862577438,7081.947862577438,MEDIUM
E03108,9803.74,CHECKOUT_ABANDONED,Bank_A,E42,P018,CARD,ALTERNATE_PAYMENT,0.72216225,7079.890904502869,7079.890904502869,MEDIUM
E01621,10749.89,SUBSCRIPTION_FAILED,Bank_A,E23,P010,WALLET,ALTERNATE_PAYMENT,0.65844834,7078.247209650278,7078.247209650278,MEDIUM
E04971,9944.27,PAYMENT_FAILED,Bank_A,E42,P015,NETBANKING,ALTERNATE_PAYMENT,0.7117892,7078.223896090389,7078.223896090389,MEDIUM
E03632,11849.48,INVOICE_OVERDUE,Bank_B,E11,P015,NETBANKING,SEND_REMINDER,0.59684145,7072.260878338813,7072.260878338813,MEDIUM
E04698,12214.14,CHECKOUT_ABANDONED,Bank_A,E17,P010,UPI,SEND_REMINDER,0.57892877,7071.1170301330085,7071.1170301330085,MEDIUM
E01917,10095.83,SUBSCRIPTION_FAILED,Bank_B,E42,P017,WALLET,ALTERNATE_PAYMENT,0.70010793,7068.170664039851,7068.170664039851,MEDIUM
E01735,10623.48,PAYMENT_FAILED,Bank_C,E17,P007,WALLET,RETRY_PAYMENT,0.6649283,7063.8526778268815,7063.8526778268815,MEDIUM
E03496,11664.25,PAYMENT_FAILED,Bank_B,E17,P020,WALLET,RETRY_PAYMENT,0.60550153,7062.721251100302,7062.721251100302,MEDIUM
E04062,12997.57,INVOICE_OVERDUE,Bank_A,E42,P005,UPI,ALTERNATE_PAYMENT,0.54330283,7061.616616554857,7061.616616554857,MEDIUM
E04840,12163.04,INVOICE_OVERDUE,Bank_B,E11,P010,WALLET,SEND_REMINDER,0.58046496,7060.218516674042,7060.218516674042,MEDIUM
E03486,11970.43,PAYMENT_FAILED,Bank_B,E42,P011,UPI,ALTERNATE_PAYMENT,0.5896751,7058.6648479706055,7058.6648479706055,MEDIUM
E00755,10576.95,SUBSCRIPTION_FAILED,Bank_A,E23,P020,NETBANKING,ALTERNATE_PAYMENT,0.6671283,7056.182931911946,7056.182931911946,MEDIUM
E01203,14152.67,INVOICE_OVERDUE,Bank_C,E17,P007,UPI,SEND_REMINDER,0.49853376,7055.583726030291,7055.583726030291,MEDIUM
E03593,10500.03,INVOICE_OVERDUE,Bank_A,E42,P005,CARD,ALTERNATE_PAYMENT,0.6716908,7052.773778024913,7052.773778024913,MEDIUM
E00653,11612.69,SUBSCRIPTION_FAILED,Bank_C,E23,P020,CARD,ALTERNATE_PAYMENT,0.60689193,7047.647847791314,7047.647847791314,MEDIUM
E04171,9604.88,CHECKOUT_ABANDONED,Bank_A,E42,P008,WALLET,ALTERNATE_PAYMENT,0.7337469,7047.550792837143,7047.550792837143,MEDIUM
E01306,10374.45,PAYMENT_FAILED,Bank_C,E11,P009,UPI,RETRY_PAYMENT,0.67926484,7046.999155274034,7046.999155274034,MEDIUM
E04152,11732.05,INVOICE_OVERDUE,Bank_D,E42,P011,NETBANKING,ALTERNATE_PAYMENT,0.6002284,7041.909938579797,7041.909938579797,MEDIUM
E03052,9862.53,INVOICE_OVERDUE,Bank_A,E42,P010,NETBANKING,ALTERNATE_PAYMENT,0.7139003,7040.863398778439,7040.863398778439,MEDIUM
E01212,13122.21,PAYMENT_FAILED,Bank_B,E42,P006,NETBANKING,ALTERNATE_PAYMENT,0.5364036,7038.800636731982,7038.800636731982,MEDIUM
E03420,13174.91,INVOICE_OVERDUE,Bank_B,E23,P018,UPI,SEND_REMINDER,0.53373295,7031.883589341044,7031.883589341044,MEDIUM
E03276,16450.75,INVOICE_OVERDUE,Bank_A,E11,P001,WALLET,ALTERNATE_PAYMENT,0.42741826,7031.350969754159,7031.350969754159,MEDIUM
E04496,12784.38,PAYMENT_FAILED,Bank_C,E23,P004,NETBANKING,RETRY_PAYMENT,0.5498591,7029.607764476537,7029.607764476537,MEDIUM
E02023,24532.21,SUBSCRIPTION_FAILED,Bank_D,E11,P009,WALLET,ALTERNATE_PAYMENT,0.2865256,7029.106363977194,7029.106363977194,MEDIUM
E04807,11580.44,SUBSCRIPTION_FAILED,Bank_C,E11,P012,NETBANKING,ALTERNATE_PAYMENT,0.6069549,7028.804484946728,7028.804484946728,MEDIUM
E04836,11524.9,INVOICE_OVERDUE,Bank_D,E23,P006,WALLET,SEND_REMINDER,0.6098719,7028.712936025858,7028.712936025858,MEDIUM
E00162,13427.37,SUBSCRIPTION_FAILED,Bank_B,E23,P017,CARD,ALTERNATE_PAYMENT,0.5233271,7026.906766512395,7026.906766512395,MEDIUM
E03413,10036.86,PAYMENT_FAILED,Bank_D,E23,P016,UPI,RETRY_PAYMENT,0.6997945,7023.739136849642,7023.739136849642,MEDIUM
E01156,9360.82,INVOICE_OVERDUE,Bank_A,E42,P008,UPI,ALTERNATE_PAYMENT,0.7502797,7023.233451610803,7023.233451610803,MEDIUM
E02457,7970.9,SUBSCRIPTION_FAILED,Bank_A,E42,P006,NETBANKING,ALTERNATE_PAYMENT,0.88104117,7022.691055309772,7022.691055309772,MEDIUM
E00910,10631.15,CHECKOUT_ABANDONED,Bank_C,E17,P013,NETBANKING,SEND_REMINDER,0.66002244,7016.797537198662,7016.797537198662,MEDIUM
E04291,10771.82,CHECKOUT_ABANDONED,Bank_B,E23,P009,WALLET,SEND_REMINDER,0.6512129,7014.747828899622,7014.747828899622,MEDIUM
E04256,11687.41,INVOICE_OVERDUE,Bank_B,E42,P006,WALLET,ALTERNATE_PAYMENT,0.60005176,7013.050948213338,7013.050948213338,MEDIUM
E03836,10010.19,SUBSCRIPTION_FAILED,Bank_A,E23,P009,CARD,ALTERNATE_PAYMENT,0.6996811,7003.940782737136,7003.940782737136,MEDIUM
E03612,12578.12,PAYMENT_FAILED,Bank_B,E23,P011,WALLET,RETRY_PAYMENT,0.556344,6997.761249682903,6997.761249682903,MEDIUM
E01877,9984.7,SUBSCRIPTION_FAILED,Bank_B,E17,P010,WALLET,ALTERNATE_PAYMENT,0.70033497,6992.634536844493,6992.634536844493,MEDIUM
E02360,11099.74,SUBSCRIPTION_FAILED,Bank_C,E23,P016,CARD,ALTERNATE_PAYMENT,0.6298432,6991.095487838983,6991.095487838983,MEDIUM
E01056,10821.87,CHECKOUT_ABANDONED,Bank_B,E17,P011,WALLET,SEND_REMINDER,0.6459802,6990.713523067832,6990.713523067832,MEDIUM
E02896,13066.78,CHECKOUT_ABANDONED,Bank_C,E23,P004,UPI,SEND_REMINDER,0.5349636,6990.251770973206,6990.251770973206,MEDIUM
E04155,10736.53,SUBSCRIPTION_FAILED,Bank_C,E23,P009,NETBANKING,ALTERNATE_PAYMENT,0.65099883,6989.468476798535,6989.468476798535,MEDIUM
E04147,10803.44,CHECKOUT_ABANDONED,Bank_C,E23,P014,WALLET,SEND_REMINDER,0.64628696,6982.122442855835,6982.122442855835,MEDIUM
E00794,11921.45,SUBSCRIPTION_FAILED,Bank_C,E23,P012,CARD,ALTERNATE_PAYMENT,0.58560926,6981.3114794999365,6981.3114794999365,MEDIUM
E01649,12866.12,INVOICE_OVERDUE,Bank_A,E23,P004,NETBANKING,ALTERNATE_PAYMENT,0.5423758,6978.272166414261,6978.272166414261,MEDIUM
E01752,11950.25,INVOICE_OVERDUE,Bank_B,E42,P004,CARD,ALTERNATE_PAYMENT,0.58392256,6978.0206321924925,6978.0206321924925,MEDIUM
E00541,10776.48,PAYMENT_FAILED,Bank_B,E42,P010,WALLET,ALTERNATE_PAYMENT,0.64736605,6976.327257156372,6976.327257156372,MEDIUM
E03830,12295.44,PAYMENT_FAILED,Bank_B,E23,P007,UPI,RETRY_PAYMENT,0.56677246,6968.716787109375,6968.716787109375,MEDIUM
E01783,11230.12,CHECKOUT_ABANDONED,Bank_D,E17,P010,UPI,SEND_REMINDER,0.62050194,6968.311195695401,6968.311195695401,MEDIUM
E04208,9844.0,INVOICE_OVERDUE,Bank_A,E42,P007,NETBANKING,ALTERNATE_PAYMENT,0.7076684,6966.287962436676,6966.287962436676,MEDIUM
E03141,11582.6,INVOICE_OVERDUE,Bank_B,E11,P003,NETBANKING,SEND_REMINDER,0.60144365,6966.281201243401,6966.281201243401,MEDIUM
E02908,11412.33,CHECKOUT_ABANDONED,Bank_C,E11,P020,WALLET,SEND_REMINDER,0.6103271,6965.254553836584,6965.254553836584,MEDIUM
E04662,9918.61,INVOICE_OVERDUE,Bank_A,E42,P016,CARD,ALTERNATE_PAYMENT,0.7020496,6963.356311987639,6963.356311987639,MEDIUM
E04644,10974.29,CHECKOUT_ABANDONED,Bank_B,E23,P018,WALLET,SEND_REMINDER,0.63450646,6963.257942860127,6963.257942860127,MEDIUM
E03344,12264.25,INVOICE_OVERDUE,Bank_C,E11,P001,NETBANKING,ALTERNATE_PAYMENT,0.5674881,6959.8156152665615,6959.8156152665615,MEDIUM
E01790,7753.56,SUBSCRIPTION_FAILED,Bank_A,E42,P005,UPI,ALTERNATE_PAYMENT,0.89655757,6951.512908601761,6951.512908601761,MEDIUM
E01524,11474.62,INVOICE_OVERDUE,Bank_D,E11,P001,NETBANKING,ALTERNATE_PAYMENT,0.6056991,6950.167258733512,6950.167258733512,MEDIUM
E00414,9819.81,CHECKOUT_ABANDONED,Bank_A,E42,P014,NETBANKING,ALTERNATE_PAYMENT,0.7072251,6944.815955107211,6944.815955107211,MEDIUM
E04159,9534.25,INVOICE_OVERDUE,Bank_A,E42,P002,UPI,ALTERNATE_PAYMENT,0.7283519,6944.289017155767,6944.289017155767,MEDIUM
E02703,11711.85,INVOICE_OVERDUE,Bank_D,E17,P016,WALLET,SEND_REMINDER,0.5928989,6943.943043771386,6943.943043771386,MEDIUM
E01640,10684.14,INVOICE_OVERDUE,Bank_D,E42,P009,CARD,ALTERNATE_PAYMENT,0.6498385,6942.965588053465,6942.965588053465,MEDIUM
E03042,11073.08,SUBSCRIPTION_FAILED,Bank_C,E23,P010,WALLET,ALTERNATE_PAYMENT,0.6269858,6942.663793210983,6942.663793210983,MEDIUM
E00395,10201.28,PAYMENT_FAILED,Bank_D,E23,P014,WALLET,RETRY_PAYMENT,0.6804941,6941.911154994965,6941.911154994965,MEDIUM
E03581,10520.67,INVOICE_OVERDUE,Bank_A,E42,P013,NETBANKING,ALTERNATE_PAYMENT,0.6597748,6941.272737579346,6941.272737579346,MEDIUM
E00641,7948.74,SUBSCRIPTION_FAILED,Bank_A,E42,P017,NETBANKING,ALTERNATE_PAYMENT,0.87288755,6938.356198371649,6938.356198371649,MEDIUM
E00306,11534.09,CHECKOUT_ABANDONED,Bank_B,E17,P012,UPI,SEND_REMINDER,0.60110635,6933.214690338969,6933.214690338969,MEDIUM
E01846,12802.23,INVOICE_OVERDUE,Bank_A,E23,P009,WALLET,ALTERNATE_PAYMENT,0.54148173,6932.173690788745,6932.173690788745,MEDIUM
E04770,10497.05,CHECKOUT_ABANDONED,Bank_D,E42,P012,UPI,ALTERNATE_PAYMENT,0.6602461,6930.636053177714,6930.636053177714,MEDIUM
E01244,11435.69,PAYMENT_FAILED,Bank_A,E23,P020,WALLET,RETRY_PAYMENT,0.6060462,6930.556466574669,6930.556466574669,MEDIUM
E02307,15325.98,INVOICE_OVERDUE,Bank_A,E23,P006,UPI,SEND_REMINDER,0.45192945,6926.2617126488685,6926.2617126488685,MEDIUM
E00590,10237.48,CHECKOUT_ABANDONED,Bank_A,E42,P001,NETBANKING,ALTERNATE_PAYMENT,0.67615557,6922.129095783233,6922.129095783233,MEDIUM
E04304,11891.4,PAYMENT_FAILED,Bank_C,E42,P008,UPI,ALTERNATE_PAYMENT,0.5817913,6918.312847208977,6918.312847208977,MEDIUM
E03901,10078.07,PAYMENT_FAILED,Bank_B,E11,P007,WALLET,RETRY_PAYMENT,0.68628573,6916.435669033527,6916.435669033527,MEDIUM
E00458,12113.16,PAYMENT_FAILED,Bank_B,E42,P004,CARD,ALTERNATE_PAYMENT,0.57061434,6911.942773532867,6911.942773532867,MEDIUM
E01174,9902.43,SUBSCRIPTION_FAILED,Bank_C,E42,P020,NETBANKING,ALTERNATE_PAYMENT,0.69747096,6906.65738815248,6906.65738815248,MEDIUM
E03416,9800.85,PAYMENT_FAILED,Bank_D,E23,P005,CARD,RETRY_PAYMENT,0.7036918,6896.777587571741,6896.777587571741,MEDIUM
E00656,10871.71,PAYMENT_FAILED,Bank_D,E42,P017,WALLET,ALTERNATE_PAYMENT,0.633076,6882.61881188333,6882.61881188333,MEDIUM
E04130,9263.51,PAYMENT_FAILED,Bank_A,E42,P010,WALLET,ALTERNATE_PAYMENT,0.74269676,6879.978882541656,6879.978882541656,MEDIUM
E04201,11138.58,PAYMENT_FAILED,Bank_D,E42,P018,UPI,ALTERNATE_PAYMENT,0.6175972,6879.156068680287,6879.156068680287,MEDIUM
E01882,10121.36,PAYMENT_FAILED,Bank_C,E17,P019,WALLET,RETRY_PAYMENT,0.67909324,6873.3471727275855,6873.3471727275855,MEDIUM
E04938,12273.7,CHECKOUT_ABANDONED,Bank_D,E11,P011,UPI,SEND_REMINDER,0.55956876,6867.979123723508,6867.979123723508,MEDIUM
E04979,10237.11,PAYMENT_FAILED,Bank_B,E23,P007,NETBANKING,RETRY_PAYMENT,0.6707582,6866.62535161078,6866.62535161078,MEDIUM
E00899,13670.82,INVOICE_OVERDUE,Bank_A,E11,P019,CARD,ALTERNATE_PAYMENT,0.5019976,6862.718694212436,6862.718694212436,MEDIUM
E01851,7688.21,SUBSCRIPTION_FAILED,Bank_A,E42,P007,WALLET,ALTERNATE_PAYMENT,0.89257956,6862.339064478874,6862.339064478874,MEDIUM
E04367,12269.02,INVOICE_OVERDUE,Bank_B,E23,P011,CARD,SEND_REMINDER,0.55916965,6860.463620197773,6860.463620197773,MEDIUM
E01658,9231.47,INVOICE_OVERDUE,Bank_A,E42,P016,WALLET,ALTERNATE_PAYMENT,0.7430732,6859.658184587955,6859.658184587955,MEDIUM
E00361,10092.38,CHECKOUT_ABANDONED,Bank_A,E42,P008,NETBANKING,ALTERNATE_PAYMENT,0.6794108,6856.8721235013,6856.8721235013,MEDIUM
E04522,24744.76,PAYMENT_FAILED,Bank_D,E42,P002,NETBANKING,ALTERNATE_PAYMENT,0.27697203,6853.606300998926,6853.606300998926,MEDIUM
E01171,9647.15,SUBSCRIPTION_FAILED,Bank_D,E23,P005,CARD,ALTERNATE_PAYMENT,0.7097744,6847.29986141324,6847.29986141324,MEDIUM
E04011,12450.09,PAYMENT_FAILED,Bank_B,E42,P003,UPI,ALTERNATE_PAYMENT,0.5496548,6843.251502569318,6843.251502569318,MEDIUM
E04834,8075.63,SUBSCRIPTION_FAILED,Bank_A,E42,P001,NETBANKING,ALTERNATE_PAYMENT,0.84733295,6842.747426595688,6842.747426595688,MEDIUM
E03665,11359.8,PAYMENT_FAILED,Bank_C,E11,P010,NETBANKING,RETRY_PAYMENT,0.6021059,6839.80277942419,6839.80277942419,MEDIUM
E01038,14645.16,INVOICE_OVERDUE,Bank_A,E11,P001,CARD,ALTERNATE_PAYMENT,0.46693495,6838.337040034532,6838.337040034532,MEDIUM
E00122,12711.83,PAYMENT_FAILED,Bank_B,E23,P004,NETBANKING,RETRY_PAYMENT,0.53777456,6836.098821091652,6836.098821091652,MEDIUM
E00117,12370.81,INVOICE_OVERDUE,Bank_C,E23,P014,WALLET,SEND_REMINDER,0.5523642,6833.192204697728,6833.192204697728,MEDIUM
E03637,10492.64,CHECKOUT_ABANDONED,Bank_A,E42,P004,CARD,ALTERNATE_PAYMENT,0.65112007,6831.968456058502,6831.968456058502,MEDIUM
E04624,15305.23,INVOICE_OVERDUE,Bank_D,E23,P012,CARD,SEND_REMINDER,0.44581348,6823.277803186774,6823.277803186774,MEDIUM
E01359,10462.59,SUBSCRIPTION_FAILED,Bank_A,E23,P020,CARD,ALTERNATE_PAYMENT,0.6521137,6822.798026125432,6822.798026125432,MEDIUM
E04114,8651.43,SUBSCRIPTION_FAILED,Bank_D,E42,P005,WALLET,ALTERNATE_PAYMENT,0.788451,6821.228772913813,6821.228772913813,MEDIUM
E03710,14422.66,INVOICE_OVERDUE,Bank_D,E11,P014,CARD,ALTERNATE_PAYMENT,0.47290376,6820.530118501782,6820.530118501782,MEDIUM
E02754,13291.71,INVOICE_OVERDUE,Bank_C,E23,P014,NETBANKING,SEND_REMINDER,0.5128088,6816.105851640701,6816.105851640701,MEDIUM
E04359,13744.2,INVOICE_OVERDUE,Bank_D,E11,P020,CARD,SEND_REMINDER,0.495616,6811.845275598765,6811.845275598765,MEDIUM
E01358,13200.79,SUBSCRIPTION_FAILED,Bank_C,E17,P017,UPI,ALTERNATE_PAYMENT,0.5159825,6811.37674048543,6811.37674048543,MEDIUM
E03300,13221.61,SUBSCRIPTION_FAILED,Bank_B,E23,P017,CARD,ALTERNATE_PAYMENT,0.51502955,6809.519843269587,6809.519843269587,MEDIUM
E03740,17123.98,INVOICE_OVERDUE,Bank_B,E17,P003,UPI,SEND_REMINDER,0.39749464,6806.69033270657,6806.69033270657,MEDIUM
E00781,14051.24,PAYMENT_FAILED,Bank_C,E11,P002,UPI,RETRY_PAYMENT,0.48441052,6806.5685364246365,6806.5685364246365,MEDIUM
E03620,13340.2,INVOICE_OVERDUE,Bank_B,E11,P019,CARD,RETRY_PAYMENT,0.5096974,6799.464957749844,6799.464957749844,MEDIUM
E02305,11907.66,SUBSCRIPTION_FAILED,Bank_C,E11,P017,WALLET,ALTERNATE_PAYMENT,0.57088786,6797.9385783040525,6797.9385783040525,MEDIUM
E03322,9552.23,SUBSCRIPTION_FAILED,Bank_B,E11,P006,CARD,ALTERNATE_PAYMENT,0.7115513,6796.901756852865,6796.901756852865,MEDIUM
E03425,11419.48,INVOICE_OVERDUE,Bank_C,E17,P006,NETBANKING,SEND_REMINDER,0.59505135,6795.176969850063,6795.176969850063,MEDIUM
E04086,8871.01,SUBSCRIPTION_FAILED,Bank_C,E42,P011,CARD,ALTERNATE_PAYMENT,0.765767,6793.1265218484405,6793.1265218484405,MEDIUM
E02778,13319.17,INVOICE_OVERDUE,Bank_B,E11,P018,CARD,SEND_REMINDER,0.50981516,6790.314737464786,6790.314737464786,MEDIUM
E03236,10960.38,CHECKOUT_ABANDONED,Bank_C,E11,P019,CARD,SEND_REMINDER,0.61908436,6785.399818096161,6785.399818096161,MEDIUM
E00736,11294.05,CHECKOUT_ABANDONED,Bank_B,E42,P020,CARD,ALTERNATE_PAYMENT,0.6005161,6782.258642995357,6782.258642995357,MEDIUM
E02083,9967.18,PAYMENT_FAILED,Bank_A,E42,P008,UPI,ALTERNATE_PAYMENT,0.6803426,6781.097301894427,6781.097301894427,MEDIUM
E02109,9873.43,CHECKOUT_ABANDONED,Bank_A,E42,P008,NETBANKING,ALTERNATE_PAYMENT,0.6867843,6780.916978029609,6780.916978029609,MEDIUM
E04729,13142.43,CHECKOUT_ABANDONED,Bank_B,E11,P014,UPI,SEND_REMINDER,0.51570827,6777.659808520675,6777.659808520675,MEDIUM
E03242,9135.88,PAYMENT_FAILED,Bank_A,E42,P005,CARD,ALTERNATE_PAYMENT,0.74153465,6774.5715812182425,6774.5715812182425,MEDIUM
E04013,16027.81,INVOICE_OVERDUE,Bank_B,E17,P001,UPI,SEND_REMINDER,0.42217326,6766.512824685573,6766.512824685573,MEDIUM
E01717,11103.64,PAYMENT_FAILED,Bank_A,E11,P013,WALLET,RETRY_PAYMENT,0.6083802,6755.234707036018,6755.234707036018,MEDIUM
E00745,10243.27,INVOICE_OVERDUE,Bank_B,E42,P002,CARD,ALTERNATE_PAYMENT,0.6593825,6754.2332072144745,6754.2332072144745,MEDIUM
E00570,9845.31,SUBSCRIPTION_FAILED,Bank_B,E17,P013,WALLET,ALTERNATE_PAYMENT,0.68579483,6751.8627009201045,6751.8627009201045,MEDIUM
E03733,15110.35,INVOICE_OVERDUE,Bank_A,E17,P003,UPI,ALTERNATE_PAYMENT,0.44647595,6746.407914353908,6746.407914353908,MEDIUM
E00139,11835.65,INVOICE_OVERDUE,Bank_D,E17,P001,NETBANKING,SEND_REMINDER,0.5699473,6745.6967889577145,6745.6967889577145,MEDIUM
E00642,10447.29,SUBSCRIPTION_FAILED,Bank_C,E11,P016,UPI,ALTERNATE_PAYMENT,0.64518744,6740.460264278055,6740.460264278055,MEDIUM
E04489,13563.91,INVOICE_OVERDUE,Bank_C,E11,P004,NETBANKING,SEND_REMINDER,0.49670586,6737.27358014971,6737.27358014971,MEDIUM
E03074,9953.46,PAYMENT_FAILED,Bank_B,E17,P009,WALLET,RETRY_PAYMENT,0.67645705,6733.08816363573,6733.08816363573,MEDIUM
E03163,9918.5,SUBSCRIPTION_FAILED,Bank_D,E17,P019,CARD,ALTERNATE_PAYMENT,0.67831624,6727.879582226276,6727.879582226276,MEDIUM
E01632,10172.62,SUBSCRIPTION_FAILED,Bank_D,E42,P013,CARD,ALTERNATE_PAYMENT,0.66068083,6720.855029743911,6720.855029743911,MEDIUM
E03133,8728.43,CHECKOUT_ABANDONED,Bank_A,E42,P009,WALLET,ALTERNATE_PAYMENT,0.76988876,6719.920137745142,6719.920137745142,MEDIUM
E04778,12416.89,INVOICE_OVERDUE,Bank_D,E11,P017,NETBANKING,SEND_REMINDER,0.5407972,6715.019021582007,6715.019021582007,MEDIUM
E01990,10346.52,CHECKOUT_ABANDONED,Bank_C,E23,P007,WALLET,SEND_REMINDER,0.6487869,6712.686661705971,6712.686661705971,MEDIUM
E01142,13430.17,PAYMENT_FAILED,Bank_C,E42,P004,CARD,ALTERNATE_PAYMENT,0.49911532,6703.203571148812,6703.203571148812,MEDIUM
E02193,11525.7,INVOICE_OVERDUE,Bank_D,E11,P018,WALLET,SEND_REMINDER,0.5815734,6703.040844386816,6703.040844386816,MEDIUM
E04483,12073.61,INVOICE_OVERDUE,Bank_C,E17,P002,WALLET,SEND_REMINDER,0.5550605,6701.584074240924,6701.584074240924,MEDIUM
E01736,10406.93,SUBSCRIPTION_FAILED,Bank_D,E17,P018,NETBANKING,ALTERNATE_PAYMENT,0.64383227,6700.317327445149,6700.317327445149,MEDIUM
E00882,13425.31,INVOICE_OVERDUE,Bank_B,E23,P002,CARD,ALTERNATE_PAYMENT,0.4987373,6695.70293359667,6695.70293359667,MEDIUM
E03560,8996.78,SUBSCRIPTION_FAILED,Bank_D,E17,P006,WALLET,ALTERNATE_PAYMENT,0.74362147,6690.198755767346,6690.198755767346,MEDIUM
E01692,11025.27,PAYMENT_FAILED,Bank_B,E17,P012,WALLET,RETRY_PAYMENT,0.6060815,6682.21202237606,6682.21202237606,MEDIUM
E02122,9732.47,PAYMENT_FAILED,Bank_A,E42,P008,UPI,ALTERNATE_PAYMENT,0.68618494,6678.274369496703,6678.274369496703,MEDIUM
E03069,13322.62,INVOICE_OVERDUE,Bank_B,E17,P014,UPI,SEND_REMINDER,0.5012236,6677.611874278784,6677.611874278784,MEDIUM
E04684,12936.45,INVOICE_OVERDUE,Bank_A,E11,P003,CARD,ALTERNATE_PAYMENT,0.5159891,6675.067513194681,6675.067513194681,MEDIUM
E04143,11000.52,CHECKOUT_ABANDONED,Bank_B,E17,P002,NETBANKING,SEND_REMINDER,0.60621864,6668.72023008585,6668.72023008585,MEDIUM
E02964,10342.76,SUBSCRIPTION_FAILED,Bank_B,E17,P019,UPI,ALTERNATE_PAYMENT,0.6446716,6667.683833491802,6667.683833491802,MEDIUM
E00283,12179.04,INVOICE_OVERDUE,Bank_A,E23,P016,NETBANKING,SEND_REMINDER,0.547251,6664.991649742127,6664.991649742127,MEDIUM
E03604,12828.84,INVOICE_OVERDUE,Bank_D,E11,P020,CARD,RETRY_PAYMENT,0.5193959,6663.2467419075965,6663.2467419075965,MEDIUM
E03917,9126.84,INVOICE_OVERDUE,Bank_A,E42,P015,NETBANKING,ALTERNATE_PAYMENT,0.729717,6660.010452318192,6660.010452318192,MEDIUM
E02021,9461.4,SUBSCRIPTION_FAILED,Bank_D,E42,P014,CARD,ALTERNATE_PAYMENT,0.70371556,6658.13442606926,6658.13442606926,MEDIUM
E01320,10103.95,SUBSCRIPTION_FAILED,Bank_C,E11,P007,NETBANKING,ALTERNATE_PAYMENT,0.6588426,6656.912923023106,6656.912923023106,MEDIUM
E01224,11370.69,INVOICE_OVERDUE,Bank_A,E11,P007,NETBANKING,SEND_REMINDER,0.58474827,6648.991284914017,6648.991284914017,MEDIUM
E04966,13258.97,INVOICE_OVERDUE,Bank_B,E17,P017,CARD,SEND_REMINDER,0.5013429,6647.290373317003,6647.290373317003,MEDIUM
E04802,10834.81,CHECKOUT_ABANDONED,Bank_A,E17,P001,WALLET,SEND_REMINDER,0.6133909,6645.974101514816,6645.974101514816,MEDIUM
E01303,10693.73,CHECKOUT_ABANDONED,Bank_A,E17,P011,WALLET,SEND_REMINDER,0.62110555,6641.935071591139,6641.935071591139,MEDIUM
E03230,10547.2,SUBSCRIPTION_FAILED,Bank_C,E23,P016,NETBANKING,ALTERNATE_PAYMENT,0.6295242,6639.717340087891,6639.717340087891,MEDIUM
E02038,9623.82,SUBSCRIPTION_FAILED,Bank_C,E42,P003,CARD,ALTERNATE_PAYMENT,0.6898429,6638.923703209161,6638.923703209161,MEDIUM
E04000,11915.77,CHECKOUT_ABANDONED,Bank_B,E11,P009,NETBANKING,SEND_REMINDER,0.557059,6637.786801292301,6637.786801292301,MEDIUM
E04976,10867.21,SUBSCRIPTION_FAILED,Bank_B,E23,P015,UPI,ALTERNATE_PAYMENT,0.6107594,6637.250414539575,6637.250414539575,MEDIUM
E03239,10925.59,CHECKOUT_ABANDONED,Bank_D,E11,P019,CARD,SEND_REMINDER,0.6064446,6625.7650272059445,6625.7650272059445,MEDIUM
E01012,13065.14,INVOICE_OVERDUE,Bank_B,E23,P014,WALLET,SEND_REMINDER,0.506858,6622.1706153893465,6622.1706153893465,MEDIUM
E04796,10356.62,SUBSCRIPTION_FAILED,Bank_C,E17,P002,WALLET,ALTERNATE_PAYMENT,0.63920766,6620.030847638846,6620.030847638846,MEDIUM
E04415,10624.65,SUBSCRIPTION_FAILED,Bank_D,E11,P008,CARD,ALTERNATE_PAYMENT,0.6226716,6615.667859101295,6615.667859101295,MEDIUM
E04954,8884.54,INVOICE_OVERDUE,Bank_A,E42,P002,UPI,ALTERNATE_PAYMENT,0.74330235,6603.899418697358,6603.899418697358,MEDIUM
E04492,8649.3,INVOICE_OVERDUE,Bank_A,E42,P009,UPI,ALTERNATE_PAYMENT,0.76323205,6601.422990185022,6601.422990185022,MEDIUM
E02390,8754.71,INVOICE_OVERDUE,Bank_A,E42,P003,CARD,ALTERNATE_PAYMENT,0.75403047,6601.318061692714,6601.318061692714,MEDIUM
E04560,13293.23,INVOICE_OVERDUE,Bank_C,E11,P018,CARD,SEND_REMINDER,0.49656513,6600.954527378976,6600.954527378976,MEDIUM
E03480,11524.01,INVOICE_OVERDUE,Bank_A,E11,P006,WALLET,SEND_REMINDER,0.5726087,6598.748492467404,6598.748492467404,MEDIUM
E03805,11028.66,SUBSCRIPTION_FAILED,Bank_C,E17,P014,CARD,ALTERNATE_PAYMENT,0.59809726,6596.211380041837,6596.211380041837,MEDIUM
E04557,15022.88,PAYMENT_FAILED,Bank_C,E17,P001,UPI,RETRY_PAYMENT,0.4387776,6591.703167767524,6591.703167767524,MEDIUM
E02589,10687.5,SUBSCRIPTION_FAILED,Bank_D,E23,P002,NETBANKING,ALTERNATE_PAYMENT,0.6165944,6589.852374047041,6589.852374047041,MEDIUM
E04298,10492.06,CHECKOUT_ABANDONED,Bank_B,E42,P006,CARD,SEND_REMINDER,0.62747,6583.453061103821,6583.453061103821,MEDIUM
E02872,10031.27,PAYMENT_FAILED,Bank_D,E23,P020,WALLET,RETRY_PAYMENT,0.6562353,6582.873253659606,6582.873253659606,MEDIUM
E02970,10709.62,PAYMENT_FAILED,Bank_D,E11,P008,NETBANKING,RETRY_PAYMENT,0.6146333,6582.489315409661,6582.489315409661,MEDIUM
E03180,10123.6,CHECKOUT_ABANDONED,Bank_D,E17,P017,WALLET,SEND_REMINDER,0.6501682,6582.042591762543,6582.042591762543,MEDIUM
E03259,11181.25,PAYMENT_FAILED,Bank_B,E11,P012,CARD,RETRY_PAYMENT,0.5883458,6578.441763296723,6578.441763296723,MEDIUM
E04501,11985.08,SUBSCRIPTION_FAILED,Bank_B,E11,P017,CARD,ALTERNATE_PAYMENT,0.54832816,6571.756878709793,6571.756878709793,MEDIUM
E01611,10008.98,SUBSCRIPTION_FAILED,Bank_C,E17,P016,NETBANKING,ALTERNATE_PAYMENT,0.6561798,6567.690351760387,6567.690351760387,MEDIUM
E01296,8835.46,INVOICE_OVERDUE,Bank_A,E42,P009,WALLET,ALTERNATE_PAYMENT,0.74253595,6560.646673772334,6560.646673772334,MEDIUM
E02747,9975.87,CHECKOUT_ABANDONED,Bank_D,E11,P016,WALLET,SEND_REMINDER,0.6573727,6557.864727323055,6557.864727323055,MEDIUM
E01764,10207.77,PAYMENT_FAILED,Bank_A,E11,P016,NETBANKING,RETRY_PAYMENT,0.64153993,6548.692064498663,6548.692064498663,MEDIUM
E01795,12001.15,INVOICE_OVERDUE,Bank_A,E23,P002,UPI,ALTERNATE_PAYMENT,0.5453377,6544.67926235199,6544.67926235199,MEDIUM
E02555,13111.8,INVOICE_OVERDUE,Bank_C,E42,P014,CARD,ALTERNATE_PAYMENT,0.49850044,6536.238023883104,6536.238023883104,MEDIUM
E00161,9754.29,PAYMENT_FAILED,Bank_A,E42,P008,NETBANKING,ALTERNATE_PAYMENT,0.6696463,6531.924429314733,6531.924429314733,MEDIUM
E04392,14996.17,SUBSCRIPTION_FAILED,Bank_C,E11,P001,UPI,ALTERNATE_PAYMENT,0.43545777,6530.198687596917,6530.198687596917,MEDIUM
E04362,12239.62,CHECKOUT_ABANDONED,Bank_D,E11,P003,UPI,SEND_REMINDER,0.53344476,6529.161180684567,6529.161180684567,MEDIUM
E00002,8675.86,INVOICE_OVERDUE,Bank_A,E42,P003,CARD,ALTERNATE_PAYMENT,0.7522939,6526.796422983409,6526.796422983409,MEDIUM
E01575,7407.27,SUBSCRIPTION_FAILED,Bank_A,E42,P006,NETBANKING,ALTERNATE_PAYMENT,0.88077205,6524.116413879991,6524.116413879991,MEDIUM
E02033,12303.02,INVOICE_OVERDUE,Bank_C,E17,P011,NETBANKING,SEND_REMINDER,0.52977324,6517.810709619523,6517.810709619523,MEDIUM
E03119,10891.7,CHECKOUT_ABANDONED,Bank_C,E42,P020,CARD,SEND_REMINDER,0.598281,6516.29744964838,6516.29744964838,MEDIUM
E02837,9199.82,SUBSCRIPTION_FAILED,Bank_B,E11,P006,NETBANKING,ALTERNATE_PAYMENT,0.70793945,6512.915473846197,6512.915473846197,MEDIUM
E01144,14016.95,INVOICE_OVERDUE,Bank_C,E17,P003,UPI,SEND_REMINDER,0.46444598,6510.116056977213,6510.116056977213,MEDIUM
E02757,8652.71,INVOICE_OVERDUE,Bank_A,E42,P008,UPI,ALTERNATE_PAYMENT,0.7521787,6508.38440657556,6508.38440657556,MEDIUM
E03668,9986.97,INVOICE_OVERDUE,Bank_B,E17,P015,NETBANKING,SEND_REMINDER,0.651655,6508.059118407368,6508.059118407368,MEDIUM
E04714,12458.33,INVOICE_OVERDUE,Bank_A,E23,P014,WALLET,ALTERNATE_PAYMENT,0.52230245,6507.016266329884,6507.016266329884,MEDIUM
E04125,10510.9,PAYMENT_FAILED,Bank_D,E42,P010,WALLET,ALTERNATE_PAYMENT,0.61904764,6506.747857713699,6506.747857713699,MEDIUM
E02363,8660.3,PAYMENT_FAILED,Bank_A,E42,P016,CARD,ALTERNATE_PAYMENT,0.7509927,6503.822212821245,6503.822212821245,MEDIUM
E00249,12705.8,INVOICE_OVERDUE,Bank_A,E23,P006,CARD,ALTERNATE_PAYMENT,0.51153207,6499.424152803421,6499.424152803421,MEDIUM
E04372,10295.93,CHECKOUT_ABANDONED,Bank_C,E23,P005,NETBANKING,SEND_REMINDER,0.6305626,6492.228425982595,6492.228425982595,MEDIUM
E01734,12284.02,INVOICE_OVERDUE,Bank_D,E17,P012,CARD,ALTERNATE_PAYMENT,0.5284012,6490.890859724284,6490.890859724284,MEDIUM
E02180,8720.43,SUBSCRIPTION_FAILED,Bank_D,E42,P019,UPI,ALTERNATE_PAYMENT,0.744304,6490.650942329765,6490.650942329765,MEDIUM
E03292,13424.39,INVOICE_OVERDUE,Bank_B,E23,P014,CARD,ALTERNATE_PAYMENT,0.48314735,6485.958493252098,6485.958493252098,MEDIUM
E00884,11556.03,PAYMENT_FAILED,Bank_B,E17,P020,UPI,RETRY_PAYMENT,0.5611478,6484.640915569067,6484.640915569067,MEDIUM
E03625,8633.79,PAYMENT_FAILED,Bank_A,E42,P016,UPI,ALTERNATE_PAYMENT,0.75064296,6480.893641067148,6480.893641067148,MEDIUM
E02292,10096.52,SUBSCRIPTION_FAILED,Bank_B,E23,P010,CARD,ALTERNATE_PAYMENT,0.641652,6478.452130179406,6478.452130179406,MEDIUM
E02788,13329.66,CHECKOUT_ABANDONED,Bank_B,E11,P005,UPI,SEND_REMINDER,0.48595402,6477.601814873815,6477.601814873815,MEDIUM
E03507,11932.82,INVOICE_OVERDUE,Bank_D,E23,P012,NETBANKING,SEND_REMINDER,0.5424563,6473.033730252981,6473.033730252981,MEDIUM
E04461,11596.86,SUBSCRIPTION_FAILED,Bank_D,E11,P001,WALLET,ALTERNATE_PAYMENT,0.5581144,6472.374670336247,6472.374670336247,MEDIUM
E00031,12022.37,INVOICE_OVERDUE,Bank_C,E17,P006,CARD,SEND_REMINDER,0.5380911,6469.130575672984,6469.130575672984,MEDIUM
E04344,9449.19,SUBSCRIPTION_FAILED,Bank_A,E23,P009,UPI,ALTERNATE_PAYMENT,0.6845302,6468.255907064081,6468.255907064081,MEDIUM
E02790,10063.33,SUBSCRIPTION_FAILED,Bank_C,E11,P005,CARD,ALTERNATE_PAYMENT,0.64267695,6467.470226222276,6467.470226222276,MEDIUM
E03576,10026.49,CHECKOUT_ABANDONED,Bank_C,E42,P005,NETBANKING,SEND_REMINDER,0.6450022,6467.107970898747,6467.107970898747,MEDIUM
E03111,9493.53,SUBSCRIPTION_FAILED,Bank_B,E17,P011,CARD,ALTERNATE_PAYMENT,0.6809662,6464.773033917547,6464.773033917547,MEDIUM
E04438,10319.63,PAYMENT_FAILED,Bank_D,E23,P018,NETBANKING,RETRY_PAYMENT,0.6258356,6458.391807184815,6458.391807184815,MEDIUM
E04017,13246.84,INVOICE_OVERDUE,Bank_D,E11,P019,UPI,SEND_REMINDER,0.4874287,6456.889933589697,6456.889933589697,MEDIUM
E03021,11308.15,INVOICE_OVERDUE,Bank_D,E17,P003,CARD,SEND_REMINDER,0.57029814,6449.01685847342,6449.01685847342,MEDIUM
E04816,10130.29,CHECKOUT_ABANDONED,Bank_D,E23,P018,CARD,SEND_REMINDER,0.6364457,6447.379521622062,6447.379521622062,MEDIUM
E00747,10557.15,INVOICE_OVERDUE,Bank_D,E42,P017,NETBANKING,ALTERNATE_PAYMENT,0.6105816,6446.001293769478,6446.001293769478,MEDIUM
E03957,10780.52,CHECKOUT_ABANDONED,Bank_B,E42,P008,NETBANKING,SEND_REMINDER,0.5978114,6444.71776352644,6444.71776352644,MEDIUM
E03883,11578.24,CHECKOUT_ABANDONED,Bank_A,E23,P010,UPI,SEND_REMINDER,0.55615294,6439.272213668824,6439.272213668824,MEDIUM
E01364,12099.16,INVOICE_OVERDUE,Bank_C,E23,P014,CARD,SEND_REMINDER,0.53179824,6434.3120360994335,6434.3120360994335,MEDIUM
E01902,9026.33,PAYMENT_FAILED,Bank_A,E42,P015,NETBANKING,ALTERNATE_PAYMENT,0.711878,6425.645762993693,6425.645762993693,MEDIUM
E03974,10401.33,PAYMENT_FAILED,Bank_D,E11,P017,WALLET,RETRY_PAYMENT,0.61653316,6412.764855283499,6412.764855283499,MEDIUM
E03691,9522.38,SUBSCRIPTION_FAILED,Bank_C,E17,P010,CARD,ALTERNATE_PAYMENT,0.67330956,6411.509531664848,6411.509531664848,MEDIUM
E02067,10387.47,PAYMENT_FAILED,Bank_C,E42,P010,CARD,ALTERNATE_PAYMENT,0.61714065,6410.52999543786,6410.52999543786,MEDIUM
E02863,10880.41,INVOICE_OVERDUE,Bank_A,E17,P018,NETBANKING,SEND_REMINDER,0.5890903,6409.543857035041,6409.543857035041,MEDIUM
E04095,11905.24,INVOICE_OVERDUE,Bank_D,E42,P003,WALLET,SEND_REMINDER,0.5382551,6408.056092934608,6408.056092934608,MEDIUM
E03885,11988.92,PAYMENT_FAILED,Bank_B,E11,P005,NETBANKING,RETRY_PAYMENT,0.53423876,6404.94570302248,6404.94570302248,MEDIUM
E02639,10271.5,PAYMENT_FAILED,Bank_B,E17,P003,NETBANKING,RETRY_PAYMENT,0.62352765,6404.564216554165,6404.564216554165,MEDIUM
E03944,11123.69,INVOICE_OVERDUE,Bank_B,E17,P014,NETBANKING,SEND_REMINDER,0.5756902,6403.799430579544,6403.799430579544,MEDIUM
E02800,9196.67,CHECKOUT_ABANDONED,Bank_C,E42,P019,CARD,ALTERNATE_PAYMENT,0.6957078,6398.19503467083,6398.19503467083,MEDIUM
E01857,10466.83,INVOICE_OVERDUE,Bank_C,E42,P009,WALLET,ALTERNATE_PAYMENT,0.61108047,6396.07537174642,6396.07537174642,MEDIUM
E00262,11511.13,PAYMENT_FAILED,Bank_B,E11,P011,WALLET,RETRY_PAYMENT,0.555029,6389.010685105919,6389.010685105919,MEDIUM
E02793,9983.38,INVOICE_OVERDUE,Bank_B,E42,P008,WALLET,ALTERNATE_PAYMENT,0.6399164,6388.528788928985,6388.528788928985,MEDIUM
E04040,9693.99,PAYMENT_FAILED,Bank_A,E42,P004,UPI,ALTERNATE_PAYMENT,0.658874,6387.117727594971,6387.117727594971,MEDIUM
E01689,8851.63,CHECKOUT_ABANDONED,Bank_A,E42,P015,NETBANKING,ALTERNATE_PAYMENT,0.72155464,6386.934671112298,6386.934671112298,MEDIUM
E03012,10366.18,PAYMENT_FAILED,Bank_D,E17,P005,WALLET,RETRY_PAYMENT,0.616115,6386.75872140646,6386.75872140646,MEDIUM
E03802,11740.66,INVOICE_OVERDUE,Bank_D,E23,P018,CARD,SEND_REMINDER,0.54388624,6385.58347296834,6385.58347296834,MEDIUM
E01162,7343.82,SUBSCRIPTION_FAILED,Bank_A,E42,P011,NETBANKING,ALTERNATE_PAYMENT,0.86931455,6384.089588520526,6384.089588520526,MEDIUM
E03010,10936.34,SUBSCRIPTION_FAILED,Bank_B,E11,P012,UPI,ALTERNATE_PAYMENT,0.5835922,6382.362462859154,6382.362462859154,MEDIUM
E04907,8868.46,PAYMENT_FAILED,Bank_A,E42,P007,WALLET,ALTERNATE_PAYMENT,0.71934336,6379.467852016687,6379.467852016687,MEDIUM
E01644,12645.07,INVOICE_OVERDUE,Bank_D,E11,P002,NETBANKING,ALTERNATE_PAYMENT,0.5039775,6372.830482049584,6372.830482049584,MEDIUM
E01612,10623.26,PAYMENT_FAILED,Bank_C,E17,P010,WALLET,RETRY_PAYMENT,0.5998786,6372.666433762312,6372.666433762312,MEDIUM
E03815,10886.76,INVOICE_OVERDUE,Bank_C,E42,P017,CARD,ALTERNATE_PAYMENT,0.58495134,6368.224862802029,6368.224862802029,MEDIUM
E01318,9044.65,SUBSCRIPTION_FAILED,Bank_D,E11,P006,CARD,ALTERNATE_PAYMENT,0.7027797,6356.39650669992,6356.39650669992,MEDIUM
E00664,8493.22,SUBSCRIPTION_FAILED,Bank_C,E42,P010,NETBANKING,ALTERNATE_PAYMENT,0.7481475,6354.181204977035,6354.181204977035,MEDIUM
E01590,10788.5,INVOICE_OVERDUE,Bank_D,E42,P004,WALLET,ALTERNATE_PAYMENT,0.58834475,6347.357365459204,6347.357365459204,MEDIUM
E02318,12010.15,INVOICE_OVERDUE,Bank_A,E11,P015,UPI,SEND_REMINDER,0.5282297,6344.118092870712,6344.118092870712,MEDIUM
E00214,13143.94,INVOICE_OVERDUE,Bank_D,E11,P003,WALLET,SEND_REMINDER,0.4825651,6342.8067857062815,6342.8067857062815,MEDIUM
E02099,10557.66,CHECKOUT_ABANDONED,Bank_B,E17,P011,NETBANKING,SEND_REMINDER,0.60054994,6340.402040419578,6340.402040419578,MEDIUM
E04568,9219.71,PAYMENT_FAILED,Bank_A,E42,P007,NETBANKING,ALTERNATE_PAYMENT,0.6875848,6339.332616918682,6339.332616918682,MEDIUM
E03363,9278.91,SUBSCRIPTION_FAILED,Bank_D,E11,P016,WALLET,ALTERNATE_PAYMENT,0.68316114,6338.9907288086415,6338.9907288086415,MEDIUM
E03101,8979.55,INVOICE_OVERDUE,Bank_A,E42,P006,UPI,ALTERNATE_PAYMENT,0.7057723,6337.517483097315,6337.517483097315,MEDIUM
E00441,10764.22,SUBSCRIPTION_FAILED,Bank_A,E23,P017,UPI,ALTERNATE_PAYMENT,0.5886249,6336.087863155603,6336.087863155603,MEDIUM
E03124,10191.76,SUBSCRIPTION_FAILED,Bank_D,E17,P016,CARD,ALTERNATE_PAYMENT,0.62141424,6333.304837212563,6333.304837212563,MEDIUM
E00008,12631.83,INVOICE_OVERDUE,Bank_D,E23,P003,CARD,SEND_REMINDER,0.50096434,6328.096423757673,6328.096423757673,MEDIUM
E00803,10335.81,CHECKOUT_ABANDONED,Bank_A,E42,P001,UPI,ALTERNATE_PAYMENT,0.61213887,6326.951026836633,6326.951026836633,MEDIUM
E04982,10948.34,PAYMENT_FAILED,Bank_D,E42,P013,WALLET,ALTERNATE_PAYMENT,0.57690644,6316.167882237434,6316.167882237434,MEDIUM
E01654,10579.57,CHECKOUT_ABANDONED,Bank_C,E17,P006,UPI,SEND_REMINDER,0.59672105,6313.052151993513,6313.052151993513,MEDIUM
E02949,11015.66,INVOICE_OVERDUE,Bank_C,E42,P018,NETBANKING,ALTERNATE_PAYMENT,0.5728915,6310.777691950798,6310.777691950798,MEDIUM
E04324,10978.64,PAYMENT_FAILED,Bank_A,E17,P018,WALLET,RETRY_PAYMENT,0.5744593,6306.782006855011,6306.782006855011,MEDIUM
E00801,11707.35,INVOICE_OVERDUE,Bank_C,E11,P006,WALLET,SEND_REMINDER,0.5386774,6306.48479321301,6306.48479321301,MEDIUM
E02610,11677.88,INVOICE_OVERDUE,Bank_A,E17,P019,UPI,SEND_REMINDER,0.5397697,6303.365890624523,6303.365890624523,MEDIUM
E00966,10457.21,PAYMENT_FAILED,Bank_A,E42,P013,UPI,ALTERNATE_PAYMENT,0.60271466,6302.71374652028,6302.71374652028,MEDIUM
E02342,9483.35,CHECKOUT_ABANDONED,Bank_A,E42,P013,UPI,ALTERNATE_PAYMENT,0.6637433,6294.510186478496,6294.510186478496,MEDIUM
E01974,10886.93,INVOICE_OVERDUE,Bank_C,E23,P007,NETBANKING,SEND_REMINDER,0.57813406,6294.105040812493,6294.105040812493,MEDIUM
E01233,8741.65,PAYMENT_FAILED,Bank_A,E42,P007,UPI,ALTERNATE_PAYMENT,0.71956825,6290.213815021515,6290.213815021515,MEDIUM
E03281,9800.04,PAYMENT_FAILED,Bank_D,E17,P008,WALLET,RETRY_PAYMENT,0.6415148,6286.870486335755,6286.870486335755,MEDIUM
E02815,9957.76,CHECKOUT_ABANDONED,Bank_A,E17,P013,NETBANKING,SEND_REMINDER,0.63073176,6280.675504951477,6280.675504951477,MEDIUM
E04737,11927.22,INVOICE_OVERDUE,Bank_A,E23,P002,UPI,ALTERNATE_PAYMENT,0.5265505,6280.283318055868,6280.283318055868,MEDIUM
E04533,11206.03,INVOICE_OVERDUE,Bank_D,E23,P008,WALLET,SEND_REMINDER,0.5600633,6276.086169903875,6276.086169903875,MEDIUM
E04275,9479.54,SUBSCRIPTION_FAILED,Bank_B,E11,P016,UPI,ALTERNATE_PAYMENT,0.66115344,6267.43043992281,6267.43043992281,MEDIUM
E00533,10367.73,PAYMENT_FAILED,Bank_A,E42,P013,UPI,ALTERNATE_PAYMENT,0.60393083,6261.391794022322,6261.391794022322,MEDIUM
E04170,9695.04,CHECKOUT_ABANDONED,Bank_C,E23,P003,WALLET,SEND_REMINDER,0.64569366,6260.0258593368535,6260.0258593368535,MEDIUM
E04265,12589.75,PAYMENT_FAILED,Bank_D,E11,P002,WALLET,RETRY_PAYMENT,0.4971266,6258.699726752937,6258.699726752937,MEDIUM
E00735,8446.47,INVOICE_OVERDUE,Bank_A,E42,P009,NETBANKING,ALTERNATE_PAYMENT,0.74096835,6258.566910470724,6258.566910470724,MEDIUM
E01083,9879.42,CHECKOUT_ABANDONED,Bank_C,E11,P007,CARD,SEND_REMINDER,0.6317533,6241.356438639164,6241.356438639164,MEDIUM
E03840,10330.76,CHECKOUT_ABANDONED,Bank_C,E42,P008,NETBANKING,SEND_REMINDER,0.60394657,6239.227032179832,6239.227032179832,MEDIUM
E04376,10276.75,PAYMENT_FAILED,Bank_B,E11,P010,WALLET,RETRY_PAYMENT,0.60674715,6235.388778090477,6235.388778090477,MEDIUM
E04106,12613.59,INVOICE_OVERDUE,Bank_D,E23,P001,CARD,ALTERNATE_PAYMENT,0.49408075,6232.132034313977,6232.132034313977,MEDIUM
E02764,8590.27,SUBSCRIPTION_FAILED,Bank_A,E11,P006,CARD,ALTERNATE_PAYMENT,0.72454625,6224.047946609855,6224.047946609855,MEDIUM
E01169,10355.38,CHECKOUT_ABANDONED,Bank_C,E17,P008,CARD,SEND_REMINDER,0.60055727,6218.998718441724,6218.998718441724,MEDIUM
E02479,9618.58,PAYMENT_FAILED,Bank_D,E17,P017,WALLET,RETRY_PAYMENT,0.6459879,6213.486563671827,6213.486563671827,MEDIUM
E00761,7333.98,SUBSCRIPTION_FAILED,Bank_A,E42,P004,NETBANKING,ALTERNATE_PAYMENT,0.8468403,6210.709984871149,6210.709984871149,MEDIUM
E04138,8691.3,SUBSCRIPTION_FAILED,Bank_C,E17,P019,WALLET,ALTERNATE_PAYMENT,0.71458775,6210.696494632959,6210.696494632959,MEDIUM
E02103,11121.86,INVOICE_OVERDUE,Bank_D,E23,P016,WALLET,SEND_REMINDER,0.55754656,6200.954739269018,6200.954739269018,MEDIUM
E04891,10439.21,INVOICE_OVERDUE,Bank_C,E17,P019,WALLET,SEND_REMINDER,0.59379673,6198.768762216568,6198.768762216568,MEDIUM
E01188,9390.21,INVOICE_OVERDUE,Bank_C,E42,P012,NETBANKING,ALTERNATE_PAYMENT,0.6596359,6194.119638165235,6194.119638165235,MEDIUM
E02417,9715.67,SUBSCRIPTION_FAILED,Bank_A,E17,P010,CARD,ALTERNATE_PAYMENT,0.63748443,6193.588364325762,6193.588364325762,MEDIUM
E01093,10286.09,CHECKOUT_ABANDONED,Bank_B,E11,P014,WALLET,SEND_REMINDER,0.6017064,6189.206035984755,6189.206035984755,MEDIUM
E01631,12738.95,INVOICE_OVERDUE,Bank_C,E17,P002,UPI,SEND_REMINDER,0.48582658,6188.920533157885,6188.920533157885,MEDIUM
E04336,9885.63,SUBSCRIPTION_FAILED,Bank_B,E11,P018,WALLET,ALTERNATE_PAYMENT,0.6259024,6187.439684092998,6187.439684092998,MEDIUM
E01936,12041.53,INVOICE_OVERDUE,Bank_D,E23,P012,CARD,SEND_REMINDER,0.513624,6184.818954880834,6184.818954880834,MEDIUM
E04030,8757.52,INVOICE_OVERDUE,Bank_A,E42,P020,CARD,ALTERNATE_PAYMENT,0.7059769,6182.60685140133,6182.60685140133,MEDIUM
E04821,11387.4,INVOICE_OVERDUE,Bank_B,E11,P006,WALLET,SEND_REMINDER,0.5428148,6181.249153339863,6181.249153339863,MEDIUM
E00425,11045.47,SUBSCRIPTION_FAILED,Bank_D,E11,P012,CARD,ALTERNATE_PAYMENT,0.5588864,6173.16306187272,6173.16306187272,MEDIUM
E02478,9859.85,CHECKOUT_ABANDONED,Bank_A,E11,P015,WALLET,SEND_REMINDER,0.62602097,6172.472840943933,6172.472840943933,MEDIUM
E00742,6980.64,SUBSCRIPTION_FAILED,Bank_A,E42,P002,WALLET,ALTERNATE_PAYMENT,0.8837956,6169.459049892426,6169.459049892426,MEDIUM
E02332,9208.51,PAYMENT_FAILED,Bank_A,E42,P008,NETBANKING,ALTERNATE_PAYMENT,0.6696463,6166.44485929668,6166.44485929668,MEDIUM
E03085,9679.0,PAYMENT_FAILED,Bank_B,E42,P011,CARD,ALTERNATE_PAYMENT,0.6368034,6163.619998216629,6163.619998216629,MEDIUM
E04952,9729.51,CHECKOUT_ABANDONED,Bank_C,E11,P010,WALLET,SEND_REMINDER,0.6333122,6161.817629585266,6161.817629585266,MEDIUM
E00345,8787.55,CHECKOUT_ABANDONED,Bank_A,E42,P018,NETBANKING,ALTERNATE_PAYMENT,0.7009704,6159.812537825107,6159.812537825107,MEDIUM
E01397,13145.3,INVOICE_OVERDUE,Bank_C,E11,P020,CARD,SEND_REMINDER,0.46842477,6157.584093007445,6157.584093007445,MEDIUM
E03122,13024.57,CHECKOUT_ABANDONED,Bank_A,E23,P003,UPI,ALTERNATE_PAYMENT,0.4723557,6152.22979591459,6152.22979591459,MEDIUM
E04649,8953.31,CHECKOUT_ABANDONED,Bank_A,E42,P006,NETBANKING,ALTERNATE_PAYMENT,0.68703,6151.192724872231,6151.192724872231,MEDIUM
E03397,8880.88,CHECKOUT_ABANDONED,Bank_A,E42,P010,NETBANKING,ALTERNATE_PAYMENT,0.69258606,6150.773727064132,6150.773727064132,MEDIUM
E00123,11075.66,INVOICE_OVERDUE,Bank_C,E42,P010,UPI,ALTERNATE_PAYMENT,0.5552153,6149.375879956484,6149.375879956484,MEDIUM
E03651,10259.85,PAYMENT_FAILED,Bank_C,E11,P018,WALLET,RETRY_PAYMENT,0.5991458,6147.146340617538,6147.146340617538,MEDIUM
E00654,10346.24,CHECKOUT_ABANDONED,Bank_D,E42,P002,UPI,ALTERNATE_PAYMENT,0.5940378,6146.057350158691,6146.057350158691,MEDIUM
E01117,10469.01,PAYMENT_FAILED,Bank_B,E11,P003,CARD,RETRY_PAYMENT,0.58607304,6135.604526563883,6135.604526563883,MEDIUM
E03716,7020.62,SUBSCRIPTION_FAILED,Bank_A,E42,P014,WALLET,ALTERNATE_PAYMENT,0.87301654,6129.117354627848,6129.117354627848,MEDIUM
E01824,10254.66,CHECKOUT_ABANDONED,Bank_C,E17,P002,NETBANKING,SEND_REMINDER,0.5975242,6127.407776437998,6127.407776437998,MEDIUM
E03860,9307.45,CHECKOUT_ABANDONED,Bank_A,E42,P020,WALLET,ALTERNATE_PAYMENT,0.6583108,6127.194585436583,6127.194585436583,MEDIUM
E01248,10455.98,CHECKOUT_ABANDONED,Bank_D,E42,P003,CARD,SEND_REMINDER,0.58570105,6124.078447779417,6124.078447779417,MEDIUM
E04912,11077.72,PAYMENT_FAILED,Bank_C,E42,P006,UPI,ALTERNATE_PAYMENT,0.55282426,6124.032348241805,6124.032348241805,MEDIUM
E04424,9908.3,INVOICE_OVERDUE,Bank_A,E11,P018,UPI,SEND_REMINDER,0.6179914,6123.244068175554,6123.244068175554,MEDIUM
E04409,7022.47,SUBSCRIPTION_FAILED,Bank_A,E42,P019,NETBANKING,ALTERNATE_PAYMENT,0.8714011,6119.387882916928,6119.387882916928,MEDIUM
E01027,8264.15,INVOICE_OVERDUE,Bank_A,E42,P012,UPI,ALTERNATE_PAYMENT,0.74046624,6119.324053066969,6119.324053066969,MEDIUM
E04508,9711.67,PAYMENT_FAILED,Bank_D,E11,P017,CARD,RETRY_PAYMENT,0.62966937,6115.141113718152,6115.141113718152,MEDIUM
E01475,10590.38,CHECKOUT_ABANDONED,Bank_B,E11,P003,CARD,SEND_REMINDER,0.57734716,6114.32580981493,6114.32580981493,MEDIUM
E04825,10480.89,CHECKOUT_ABANDONED,Bank_C,E42,P014,UPI,SEND_REMINDER,0.5830784,6111.180408267975,6111.180408267975,MEDIUM
E02047,11507.75,INVOICE_OVERDUE,Bank_A,E23,P011,UPI,ALTERNATE_PAYMENT,0.53051823,6105.071204736829,6105.071204736829,MEDIUM
E04335,11237.73,PAYMENT_FAILED,Bank_A,E11,P004,CARD,RETRY_PAYMENT,0.54317594,6104.064508402347,6104.064508402347,MEDIUM
E04753,8998.12,INVOICE_OVERDUE,Bank_D,E42,P009,UPI,ALTERNATE_PAYMENT,0.67813563,6101.945806226731,6101.945806226731,MEDIUM
E04584,12195.36,PAYMENT_FAILED,Bank_A,E17,P005,UPI,RETRY_PAYMENT,0.5001151,6099.083644094468,6099.083644094468,MEDIUM
E01705,11028.56,INVOICE_OVERDUE,Bank_D,E17,P002,WALLET,SEND_REMINDER,0.5526524,6094.960357823372,6094.960357823372,MEDIUM
E02695,19018.92,INVOICE_OVERDUE,Bank_A,E17,P001,UPI,ALTERNATE_PAYMENT,0.3203432,6092.581624724864,6092.581624724864,MEDIUM
E02353,9671.24,SUBSCRIPTION_FAILED,Bank_A,E11,P008,NETBANKING,ALTERNATE_PAYMENT,0.6298058,6091.003077096939,6091.003077096939,MEDIUM
E04453,9027.28,CHECKOUT_ABANDONED,Bank_D,E17,P009,WALLET,SEND_REMINDER,0.67469746,6090.68287537098,6090.68287537098,MEDIUM
E02492,8180.14,SUBSCRIPTION_FAILED,Bank_B,E17,P006,CARD,ALTERNATE_PAYMENT,0.74443084,6089.548491643667,6089.548491643667,MEDIUM
E00009,8136.92,INVOICE_OVERDUE,Bank_A,E42,P010,WALLET,ALTERNATE_PAYMENT,0.74751544,6082.473333940506,6082.473333940506,MEDIUM
E03707,12317.85,INVOICE_OVERDUE,Bank_C,E17,P007,UPI,SEND_REMINDER,0.49373332,6081.732934619487,6081.732934619487,MEDIUM
E03092,9955.08,CHECKOUT_ABANDONED,Bank_D,E23,P020,CARD,SEND_REMINDER,0.60995203,6072.121280357837,6072.121280357837,MEDIUM
E01714,9782.73,PAYMENT_FAILED,Bank_D,E23,P018,UPI,RETRY_PAYMENT,0.620344,6068.657694509625,6068.657694509625,MEDIUM
E04779,6860.4,SUBSCRIPTION_FAILED,Bank_A,E42,P011,UPI,ALTERNATE_PAYMENT,0.88445985,6067.748376703262,6067.748376703262,MEDIUM
E01539,9719.64,PAYMENT_FAILED,Bank_A,E11,P019,CARD,RETRY_PAYMENT,0.62364894,6061.64319792509,6061.64319792509,MEDIUM
E00076,7792.06,CHECKOUT_ABANDONED,Bank_A,E42,P017,WALLET,ALTERNATE_PAYMENT,0.77683383,6053.135831030608,6053.135831030608,MEDIUM
E01837,10917.14,INVOICE_OVERDUE,Bank_B,E23,P012,NETBANKING,SEND_REMINDER,0.55407184,6048.87988690257,6048.87988690257,MEDIUM
E03981,10755.79,CHECKOUT_ABANDONED,Bank_A,E23,P019,CARD,SEND_REMINDER,0.5623746,6048.783011031152,6048.783011031152,MEDIUM
E01277,7537.81,SUBSCRIPTION_FAILED,Bank_D,E42,P005,UPI,ALTERNATE_PAYMENT,0.8016915,6042.997998554111,6042.997998554111,MEDIUM
E04452,12883.32,INVOICE_OVERDUE,Bank_C,E17,P004,NETBANKING,SEND_REMINDER,0.4688474,6040.311007933617,6040.311007933617,MEDIUM
E00085,9760.7,PAYMENT_FAILED,Bank_C,E23,P010,CARD,RETRY_PAYMENT,0.61837256,6035.7490419745445,6035.7490419745445,MEDIUM
E03997,11248.37,INVOICE_OVERDUE,Bank_D,E23,P002,UPI,SEND_REMINDER,0.53620857,6031.4723925703765,6031.4723925703765,MEDIUM
E04199,9924.43,CHECKOUT_ABANDONED,Bank_C,E42,P017,CARD,SEND_REMINDER,0.6071604,6025.720783604979,6025.720783604979,MEDIUM
E01122,10308.74,PAYMENT_FAILED,Bank_A,E11,P006,NETBANKING,RETRY_PAYMENT,0.5840381,6020.696704293489,6020.696704293489,MEDIUM
E00106,9089.4,CHECKOUT_ABANDONED,Bank_D,E42,P018,CARD,SEND_REMINDER,0.6621219,6018.290724921227,6018.290724921227,MEDIUM
E04681,9625.86,SUBSCRIPTION_FAILED,Bank_C,E17,P017,WALLET,ALTERNATE_PAYMENT,0.6247951,6014.189961369038,6014.189961369038,MEDIUM
E03376,10129.45,CHECKOUT_ABANDONED,Bank_B,E23,P020,NETBANKING,SEND_REMINDER,0.5934872,6011.698949655891,6011.698949655891,MEDIUM
E04034,10015.43,PAYMENT_FAILED,Bank_A,E42,P013,CARD,ALTERNATE_PAYMENT,0.59975964,6006.850674313903,6006.850674313903,MEDIUM
E00120,9743.46,SUBSCRIPTION_FAILED,Bank_D,E11,P007,UPI,ALTERNATE_PAYMENT,0.61646485,6006.50063940525,6006.50063940525,MEDIUM
E04090,12249.97,INVOICE_OVERDUE,Bank_B,E17,P009,CARD,SEND_REMINDER,0.49029797,6006.135462221503,6006.135462221503,MEDIUM
E04434,9868.86,INVOICE_OVERDUE,Bank_C,E17,P018,WALLET,SEND_REMINDER,0.6083723,6003.940770982505,6003.940770982505,MEDIUM
E00211,8561.76,PAYMENT_FAILED,Bank_A,E42,P005,NETBANKING,ALTERNATE_PAYMENT,0.7011074,6002.713145542145,6002.713145542145,MEDIUM
E04448,11601.78,INVOICE_OVERDUE,Bank_C,E11,P003,CARD,SEND_REMINDER,0.51737565,6002.478445705176,6002.478445705176,MEDIUM
E01102,8912.76,PAYMENT_FAILED,Bank_A,E42,P008,NETBANKING,ALTERNATE_PAYMENT,0.6732318,6000.353284227848,6000.353284227848,MEDIUM
E04214,10056.15,CHECKOUT_ABANDONED,Bank_B,E11,P017,NETBANKING,SEND_REMINDER,0.59654665,5998.962593722344,5998.962593722344,MEDIUM
E04791,10467.48,INVOICE_OVERDUE,Bank_B,E17,P009,NETBANKING,SEND_REMINDER,0.5728265,5996.049981493949,5996.049981493949,MEDIUM
E02209,9906.51,INVOICE_OVERDUE,Bank_A,E42,P001,UPI,ALTERNATE_PAYMENT,0.60519445,5995.364865170717,5995.364865170717,MEDIUM
E00960,13157.38,INVOICE_OVERDUE,Bank_B,E17,P008,UPI,SEND_REMINDER,0.45557392,5994.15913662672,5994.15913662672,MEDIUM
E01299,12329.94,INVOICE_OVERDUE,Bank_A,E11,P009,NETBANKING,ALTERNATE_PAYMENT,0.48590988,5991.239656037093,5991.239656037093,MEDIUM
E00490,12669.04,INVOICE_OVERDUE,Bank_D,E17,P002,CARD,ALTERNATE_PAYMENT,0.47271588,5988.85644869566,5988.85644869566,MEDIUM
E03179,9030.88,SUBSCRIPTION_FAILED,Bank_A,E11,P007,UPI,ALTERNATE_PAYMENT,0.6626682,5984.47724822998,5984.47724822998,MEDIUM
E04641,13189.08,PAYMENT_FAILED,Bank_A,E11,P005,CARD,RETRY_PAYMENT,0.4533481,5979.24436119318,5979.24436119318,MEDIUM
E00981,9549.18,CHECKOUT_ABANDONED,Bank_A,E17,P017,WALLET,SEND_REMINDER,0.6257657,5975.549128239155,5975.549128239155,MEDIUM
E03652,8410.07,PAYMENT_FAILED,Bank_A,E42,P002,NETBANKING,ALTERNATE_PAYMENT,0.7102583,5973.322063743472,5973.322063743472,MEDIUM
E04092,8924.09,INVOICE_OVERDUE,Bank_B,E42,P015,NETBANKING,ALTERNATE_PAYMENT,0.6689796,5970.034026226402,5970.034026226402,MEDIUM
E01204,10634.81,INVOICE_OVERDUE,Bank_A,E42,P001,CARD,ALTERNATE_PAYMENT,0.5613302,5969.640016196966,5969.640016196966,MEDIUM
E02907,10310.91,INVOICE_OVERDUE,Bank_C,E23,P018,WALLET,SEND_REMINDER,0.578913,5969.119566600322,5969.119566600322,MEDIUM
E01825,8558.53,INVOICE_OVERDUE,Bank_A,E42,P013,UPI,ALTERNATE_PAYMENT,0.69696987,5965.03751369834,5965.03751369834,MEDIUM
E00114,9424.61,CHECKOUT_ABANDONED,Bank_A,E42,P013,NETBANKING,ALTERNATE_PAYMENT,0.6326971,5962.923466596604,5962.923466596604,MEDIUM
E03748,10961.89,INVOICE_OVERDUE,Bank_D,E23,P015,UPI,SEND_REMINDER,0.5435574,5958.416487467289,5958.416487467289,MEDIUM
E02050,9531.21,INVOICE_OVERDUE,Bank_D,E17,P018,WALLET,SEND_REMINDER,0.6248908,5955.965482764244,5955.965482764244,MEDIUM
E03375,6792.07,SUBSCRIPTION_FAILED,Bank_A,E42,P007,CARD,ALTERNATE_PAYMENT,0.8758527,5948.852875584364,5948.852875584364,MEDIUM
E01916,11137.57,INVOICE_OVERDUE,Bank_D,E17,P003,WALLET,SEND_REMINDER,0.53390765,5946.433846585751,5946.433846585751,MEDIUM
E00132,9546.15,PAYMENT_FAILED,Bank_C,E23,P005,NETBANKING,RETRY_PAYMENT,0.6227661,5945.0183909028765,5945.0183909028765,MEDIUM
E00543,9426.68,PAYMENT_FAILED,Bank_D,E17,P015,NETBANKING,RETRY_PAYMENT,0.6301615,5940.331033353806,5940.331033353806,MEDIUM
E04858,9989.92,CHECKOUT_ABANDONED,Bank_C,E42,P010,UPI,SEND_REMINDER,0.59374,5931.414965133668,5931.414965133668,MEDIUM
E02154,9443.62,PAYMENT_FAILED,Bank_A,E42,P004,NETBANKING,ALTERNATE_PAYMENT,0.6277235,5927.982341042758,5927.982341042758,MEDIUM
E01509,7935.66,CHECKOUT_ABANDONED,Bank_A,E42,P017,CARD,ALTERNATE_PAYMENT,0.7462926,5922.324263448715,5922.324263448715,MEDIUM
E00954,11014.16,PAYMENT_FAILED,Bank_C,E42,P020,WALLET,ALTERNATE_PAYMENT,0.5370988,5915.692394118309,5915.692394118309,MEDIUM
E04328,10496.25,INVOICE_OVERDUE,Bank_C,E11,P008,WALLET,SEND_REMINDER,0.5634797,5914.424027279019,5914.424027279019,MEDIUM
E03453,9139.11,SUBSCRIPTION_FAILED,Bank_B,E42,P013,NETBANKING,ALTERNATE_PAYMENT,0.64697224,5912.750459327102,5912.750459327102,MEDIUM
E04350,9281.43,SUBSCRIPTION_FAILED,Bank_B,E23,P011,NETBANKING,ALTERNATE_PAYMENT,0.6362003,5904.848632103205,5904.848632103205,MEDIUM
E03606,9317.74,SUBSCRIPTION_FAILED,Bank_C,E23,P010,NETBANKING,ALTERNATE_PAYMENT,0.6335242,5903.013587908745,5903.013587908745,MEDIUM
E03022,6709.99,SUBSCRIPTION_FAILED,Bank_A,E42,P002,NETBANKING,ALTERNATE_PAYMENT,0.87913114,5898.961146847606,5898.961146847606,MEDIUM
E02841,9701.87,PAYMENT_FAILED,Bank_A,E11,P012,WALLET,RETRY_PAYMENT,0.60744995,5893.400434644819,5893.400434644819,MEDIUM
E04387,11407.7,INVOICE_OVERDUE,Bank_A,E23,P010,CARD,SEND_REMINDER,0.51606065,5887.065080982447,5887.065080982447,MEDIUM
E02212,10480.19,INVOICE_OVERDUE,Bank_B,E23,P018,UPI,SEND_REMINDER,0.56122917,5881.788328526616,5881.788328526616,MEDIUM
E01155,10557.22,INVOICE_OVERDUE,Bank_D,E23,P006,NETBANKING,SEND_REMINDER,0.55659556,5876.101818995476,5876.101818995476,MEDIUM
E02319,9881.45,INVOICE_OVERDUE,Bank_C,E23,P016,CARD,SEND_REMINDER,0.59455216,5875.037434607744,5875.037434607744,MEDIUM
E01329,12433.52,PAYMENT_FAILED,Bank_B,E11,P005,UPI,RETRY_PAYMENT,0.47251597,5875.036769139767,5875.036769139767,MEDIUM
E02927,10110.08,INVOICE_OVERDUE,Bank_D,E11,P019,WALLET,RETRY_PAYMENT,0.5810936,5874.902877845764,5874.902877845764,MEDIUM
E03025,9319.06,PAYMENT_FAILED,Bank_D,E17,P015,NETBANKING,RETRY_PAYMENT,0.6301615,5872.513050160408,5872.513050160408,MEDIUM
E00327,9510.1,SUBSCRIPTION_FAILED,Bank_D,E11,P014,NETBANKING,ALTERNATE_PAYMENT,0.6172927,5870.515327173472,5870.515327173472,MEDIUM
E02470,9127.39,SUBSCRIPTION_FAILED,Bank_D,E11,P002,WALLET,ALTERNATE_PAYMENT,0.64310443,5869.864979969263,5869.864979969263,MEDIUM
E03741,8308.25,SUBSCRIPTION_FAILED,Bank_C,E42,P008,NETBANKING,ALTERNATE_PAYMENT,0.7053985,5860.627087339759,5860.627087339759,MEDIUM
E02882,13642.54,PAYMENT_FAILED,Bank_C,E23,P001,UPI,RETRY_PAYMENT,0.42955098,5860.166366131902,5860.166366131902,MEDIUM
E04274,6751.31,SUBSCRIPTION_FAILED,Bank_A,E42,P003,NETBANKING,ALTERNATE_PAYMENT,0.867668,5857.895463075042,5857.895463075042,MEDIUM
E00704,10574.34,INVOICE_OVERDUE,Bank_A,E11,P018,WALLET,SEND_REMINDER,0.55358386,5853.783958353996,5853.783958353996,MEDIUM
E02729,10067.63,INVOICE_OVERDUE,Bank_D,E17,P013,CARD,SEND_REMINDER,0.58143413,5853.663696943521,5853.663696943521,MEDIUM
E00582,10276.37,CHECKOUT_ABANDONED,Bank_C,E11,P014,CARD,SEND_REMINDER,0.56941265,5851.49506049335,5851.49506049335,MEDIUM
E04869,7934.79,CHECKOUT_ABANDONED,Bank_A,E42,P019,WALLET,ALTERNATE_PAYMENT,0.73736763,5850.857296886444,5850.857296886444,MEDIUM
E03303,10469.91,CHECKOUT_ABANDONED,Bank_B,E11,P013,NETBANKING,SEND_REMINDER,0.55876666,5850.236673390269,5850.236673390269,MEDIUM
E04116,9163.33,INVOICE_OVERDUE,Bank_B,E17,P013,NETBANKING,SEND_REMINDER,0.63826203,5848.605639088154,5848.605639088154,MEDIUM
E02705,9415.07,PAYMENT_FAILED,Bank_D,E23,P018,NETBANKING,RETRY_PAYMENT,0.62103456,5847.083879182935,5847.083879182935,MEDIUM
E00419,7881.0,INVOICE_OVERDUE,Bank_A,E42,P003,UPI,ALTERNATE_PAYMENT,0.74192095,5847.0789914131165,5847.0789914131165,MEDIUM
E02739,9339.77,SUBSCRIPTION_FAILED,Bank_D,E11,P011,NETBANKING,ALTERNATE_PAYMENT,0.62604046,5847.073894758225,5847.073894758225,MEDIUM
E00916,9862.03,PAYMENT_FAILED,Bank_B,E42,P001,CARD,ALTERNATE_PAYMENT,0.59226876,5840.972328223586,5840.972328223586,MEDIUM
E04495,9943.25,PAYMENT_FAILED,Bank_C,E23,P008,NETBANKING,RETRY_PAYMENT,0.5873319,5839.987825781107,5839.987825781107,MEDIUM
E03345,11101.31,PAYMENT_FAILED,Bank_A,E17,P008,CARD,RETRY_PAYMENT,0.52604204,5839.755805284381,5839.755805284381,MEDIUM
E03629,9882.21,SUBSCRIPTION_FAILED,Bank_C,E23,P014,WALLET,ALTERNATE_PAYMENT,0.5890187,5820.806512101888,5820.806512101888,MEDIUM
E00613,10100.55,PAYMENT_FAILED,Bank_A,E23,P003,NETBANKING,RETRY_PAYMENT,0.57577795,5815.673951688408,5815.673951688408,MEDIUM
E02722,8837.78,SUBSCRIPTION_FAILED,Bank_C,E17,P019,UPI,ALTERNATE_PAYMENT,0.65665966,5803.413634024859,5803.413634024859,MEDIUM
E03448,8980.15,SUBSCRIPTION_FAILED,Bank_C,E11,P002,NETBANKING,ALTERNATE_PAYMENT,0.6462362,5803.297843134403,5803.297843134403,MEDIUM
E02312,11201.06,CHECKOUT_ABANDONED,Bank_A,E23,P020,UPI,SEND_REMINDER,0.5178409,5800.367236419916,5800.367236419916,MEDIUM
E01931,9441.45,SUBSCRIPTION_FAILED,Bank_A,E11,P012,NETBANKING,ALTERNATE_PAYMENT,0.6141798,5798.747778484226,5798.747778484226,MEDIUM
E04296,10309.92,INVOICE_OVERDUE,Bank_D,E42,P006,CARD,ALTERNATE_PAYMENT,0.5622522,5796.775444021225,5796.775444021225,MEDIUM
E00939,8532.15,CHECKOUT_ABANDONED,Bank_D,E17,P019,WALLET,SEND_REMINDER,0.6792563,5795.516810685396,5795.516810685396,MEDIUM
E02725,9622.97,SUBSCRIPTION_FAILED,Bank_C,E23,P020,CARD,ALTERNATE_PAYMENT,0.601959,5792.6333029341695,5792.6333029341695,MEDIUM
E00934,12139.96,INVOICE_OVERDUE,Bank_B,E17,P012,UPI,ALTERNATE_PAYMENT,0.47682127,5788.591188231706,5788.591188231706,MEDIUM
E01861,8709.76,CHECKOUT_ABANDONED,Bank_A,E42,P013,UPI,ALTERNATE_PAYMENT,0.6644204,5786.942448616028,5786.942448616028,MEDIUM
E02249,7752.6,CHECKOUT_ABANDONED,Bank_A,E42,P017,CARD,ALTERNATE_PAYMENT,0.7462926,5785.70794172287,5785.70794172287,MEDIUM
E00922,8899.55,PAYMENT_FAILED,Bank_B,E42,P018,WALLET,ALTERNATE_PAYMENT,0.65005434,5785.19106233716,5785.19106233716,MEDIUM
E04122,7931.72,INVOICE_OVERDUE,Bank_A,E42,P014,WALLET,ALTERNATE_PAYMENT,0.72922057,5783.973372609616,5783.973372609616,MEDIUM
E04248,9242.95,INVOICE_OVERDUE,Bank_C,E42,P015,WALLET,SEND_REMINDER,0.62575877,5783.856996625663,5783.856996625663,MEDIUM
E00107,9032.26,CHECKOUT_ABANDONED,Bank_C,E23,P001,WALLET,SEND_REMINDER,0.63978875,5778.73830647707,5778.73830647707,MEDIUM
E02755,9104.59,INVOICE_OVERDUE,Bank_D,E42,P012,UPI,ALTERNATE_PAYMENT,0.6347006,5778.688702363372,5778.688702363372,MEDIUM
E02009,9867.93,INVOICE_OVERDUE,Bank_A,E23,P020,NETBANKING,SEND_REMINDER,0.5846485,5769.270373452902,5769.270373452902,MEDIUM
E02409,10775.05,PAYMENT_FAILED,Bank_B,E23,P010,UPI,RETRY_PAYMENT,0.53534746,5768.39566719532,5768.39566719532,MEDIUM
E02603,7645.64,INVOICE_OVERDUE,Bank_A,E42,P008,WALLET,ALTERNATE_PAYMENT,0.7543932,5767.818978161812,5767.818978161812,MEDIUM
E03130,10373.49,PAYMENT_FAILED,Bank_A,E17,P006,WALLET,RETRY_PAYMENT,0.554877,5756.010836099982,5756.010836099982,MEDIUM
E02437,10309.65,INVOICE_OVERDUE,Bank_C,E42,P020,NETBANKING,ALTERNATE_PAYMENT,0.5571847,5744.379203152656,5744.379203152656,MEDIUM
E03034,8518.24,SUBSCRIPTION_FAILED,Bank_D,E17,P019,UPI,ALTERNATE_PAYMENT,0.6738382,5739.915493307113,5739.915493307113,MEDIUM
E04993,9565.67,CHECKOUT_ABANDONED,Bank_B,E42,P008,UPI,ALTERNATE_PAYMENT,0.59953153,5734.92078333497,5734.92078333497,MEDIUM
E04465,11173.62,SUBSCRIPTION_FAILED,Bank_D,E23,P017,WALLET,ALTERNATE_PAYMENT,0.5131197,5733.404515171052,5733.404515171052,MEDIUM
E03187,9217.84,PAYMENT_FAILED,Bank_C,E23,P017,CARD,RETRY_PAYMENT,0.62187004,5732.298537750245,5732.298537750245,MEDIUM
E02248,6494.81,SUBSCRIPTION_FAILED,Bank_A,E42,P006,NETBANKING,ALTERNATE_PAYMENT,0.88249654,5731.647325536609,5731.647325536609,MEDIUM
E00292,9338.93,CHECKOUT_ABANDONED,Bank_B,E42,P008,WALLET,ALTERNATE_PAYMENT,0.61345893,5729.050018649697,5729.050018649697,MEDIUM
E03684,7640.94,PAYMENT_FAILED,Bank_A,E42,P012,WALLET,ALTERNATE_PAYMENT,0.74976087,5728.877792716026,5728.877792716026,MEDIUM
E03758,9984.47,PAYMENT_FAILED,Bank_D,E42,P002,NETBANKING,ALTERNATE_PAYMENT,0.57371247,5728.214926842451,5728.214926842451,MEDIUM
E02208,6769.13,SUBSCRIPTION_FAILED,Bank_A,E42,P004,NETBANKING,ALTERNATE_PAYMENT,0.8458773,5725.853338514567,5725.853338514567,MEDIUM
E04353,9164.98,CHECKOUT_ABANDONED,Bank_C,E23,P009,NETBANKING,SEND_REMINDER,0.62435955,5722.242771071195,5722.242771071195,MEDIUM
E02794,8713.57,INVOICE_OVERDUE,Bank_D,E42,P012,WALLET,ALTERNATE_PAYMENT,0.65626335,5718.3966512107845,5718.3966512107845,MEDIUM
E00202,9916.0,SUBSCRIPTION_FAILED,Bank_C,E11,P004,WALLET,ALTERNATE_PAYMENT,0.5763885,5715.468150615692,5715.468150615692,MEDIUM
E02822,10577.41,PAYMENT_FAILED,Bank_C,E11,P020,UPI,RETRY_PAYMENT,0.5403035,5715.011943369508,5715.011943369508,MEDIUM
E00961,7606.08,PAYMENT_FAILED,Bank_A,E42,P016,UPI,ALTERNATE_PAYMENT,0.7503173,5706.973223018646,5706.973223018646,MEDIUM
E03580,7383.22,CHECKOUT_ABANDONED,Bank_A,E42,P012,WALLET,ALTERNATE_PAYMENT,0.77294636,5706.833007297516,5706.833007297516,MEDIUM
E02903,10274.48,CHECKOUT_ABANDONED,Bank_A,E23,P013,NETBANKING,SEND_REMINDER,0.5545483,5697.695655283927,5697.695655283927,MEDIUM
E01656,11178.28,PAYMENT_FAILED,Bank_B,E11,P008,NETBANKING,RETRY_PAYMENT,0.50956565,5696.067529919148,5696.067529919148,MEDIUM
E02191,10260.99,CHECKOUT_ABANDONED,Bank_D,E17,P008,UPI,SEND_REMINDER,0.5548466,5693.2752581352,5693.2752581352,MEDIUM
E03024,10068.77,CHECKOUT_ABANDONED,Bank_B,E17,P019,UPI,SEND_REMINDER,0.5654229,5693.113058027029,5693.113058027029,MEDIUM
E04447,10061.83,PAYMENT_FAILED,Bank_C,E17,P005,UPI,RETRY_PAYMENT,0.5655396,5690.363298022747,5690.363298022747,MEDIUM
E03063,10057.77,CHECKOUT_ABANDONED,Bank_B,E17,P019,UPI,SEND_REMINDER,0.5654229,5686.893406208754,5686.893406208754,MEDIUM
E04067,9836.48,INVOICE_OVERDUE,Bank_A,E23,P010,WALLET,SEND_REMINDER,0.5778443,5683.954113788604,5683.954113788604,MEDIUM
E01355,9808.15,CHECKOUT_ABANDONED,Bank_C,E23,P006,CARD,SEND_REMINDER,0.5790447,5679.357271057367,5679.357271057367,MEDIUM
E04002,9125.83,CHECKOUT_ABANDONED,Bank_D,E23,P009,NETBANKING,SEND_REMINDER,0.6220006,5676.271507951021,5676.271507951021,MEDIUM
E01745,10345.07,INVOICE_OVERDUE,Bank_A,E23,P015,WALLET,SEND_REMINDER,0.54842055,5673.448963040113,5673.448963040113,MEDIUM
E03432,11256.56,INVOICE_OVERDUE,Bank_C,E42,P001,UPI,ALTERNATE_PAYMENT,0.50394356,5672.670947980881,5672.670947980881,MEDIUM
E01775,7778.86,CHECKOUT_ABANDONED,Bank_A,E42,P006,WALLET,ALTERNATE_PAYMENT,0.7291497,5671.953429205418,5671.953429205418,MEDIUM
E00686,9707.22,INVOICE_OVERDUE,Bank_C,E11,P018,UPI,SEND_REMINDER,0.584222,5671.171664546728,5671.171664546728,MEDIUM
E04570,8215.07,SUBSCRIPTION_FAILED,Bank_C,E17,P006,UPI,ALTERNATE_PAYMENT,0.6902849,5670.738837667107,5670.738837667107,MEDIUM
E00867,8265.09,CHECKOUT_ABANDONED,Bank_C,E42,P019,CARD,ALTERNATE_PAYMENT,0.6858408,5668.535817856193,5668.535817856193,MEDIUM
E01763,9881.28,INVOICE_OVERDUE,Bank_A,E11,P011,NETBANKING,SEND_REMINDER,0.57346207,5666.53927350998,5666.53927350998,MEDIUM
E04193,9095.77,PAYMENT_FAILED,Bank_D,E11,P012,CARD,RETRY_PAYMENT,0.62279326,5664.7842253738645,5664.7842253738645,MEDIUM
E03715,10524.06,PAYMENT_FAILED,Bank_A,E17,P015,UPI,RETRY_PAYMENT,0.5377183,5658.979610738754,5658.979610738754,MEDIUM
E02653,8590.2,SUBSCRIPTION_FAILED,Bank_B,E11,P003,WALLET,ALTERNATE_PAYMENT,0.65867746,5658.171106266976,5658.171106266976,MEDIUM
E02959,7488.96,CHECKOUT_ABANDONED,Bank_A,E42,P016,WALLET,ALTERNATE_PAYMENT,0.7544623,5650.137999172211,5650.137999172211,MEDIUM
E00694,8954.55,SUBSCRIPTION_FAILED,Bank_A,E23,P019,CARD,ALTERNATE_PAYMENT,0.63067824,5647.439802512526,5647.439802512526,MEDIUM
E02115,11020.76,CHECKOUT_ABANDONED,Bank_D,E11,P003,UPI,SEND_REMINDER,0.5121082,5643.821640610695,5643.821640610695,MEDIUM
E04118,9387.05,CHECKOUT_ABANDONED,Bank_B,E23,P019,NETBANKING,SEND_REMINDER,0.6010347,5641.9427888065575,5641.9427888065575,MEDIUM
E02588,6630.01,SUBSCRIPTION_FAILED,Bank_A,E42,P014,CARD,ALTERNATE_PAYMENT,0.8500329,5635.726797095537,5635.726797095537,MEDIUM
E00907,9737.82,CHECKOUT_ABANDONED,Bank_D,E23,P014,CARD,SEND_REMINDER,0.577669,5625.236979839801,5625.236979839801,MEDIUM
E02432,8668.23,SUBSCRIPTION_FAILED,Bank_D,E23,P005,NETBANKING,ALTERNATE_PAYMENT,0.6484895,5621.255924048423,5621.255924048423,MEDIUM
E03891,9790.73,INVOICE_OVERDUE,Bank_A,E11,P011,WALLET,SEND_REMINDER,0.57366246,5616.574255530238,5616.574255530238,MEDIUM
E04999,7444.33,SUBSCRIPTION_FAILED,Bank_B,E42,P016,NETBANKING,ALTERNATE_PAYMENT,0.7540898,5613.693117613197,5613.693117613197,MEDIUM
E00992,8566.15,CHECKOUT_ABANDONED,Bank_B,E42,P005,CARD,ALTERNATE_PAYMENT,0.65521604,5612.678865858912,5612.678865858912,MEDIUM
E00323,7785.2,INVOICE_OVERDUE,Bank_A,E42,P019,UPI,ALTERNATE_PAYMENT,0.71980417,5603.819406747818,5603.819406747818,MEDIUM
E03738,9355.61,CHECKOUT_ABANDONED,Bank_B,E17,P001,NETBANKING,SEND_REMINDER,0.59834707,5597.901811288595,5597.901811288595,MEDIUM
E01496,8441.31,PAYMENT_FAILED,Bank_B,E42,P015,CARD,ALTERNATE_PAYMENT,0.66315395,5597.888039283156,5597.888039283156,MEDIUM
E00573,10388.22,INVOICE_OVERDUE,Bank_B,E11,P018,CARD,SEND_REMINDER,0.538187,5590.80523738861,5590.80523738861,MEDIUM
E02885,8301.57,PAYMENT_FAILED,Bank_C,E23,P009,UPI,RETRY_PAYMENT,0.6734615,5590.787758238911,5590.787758238911,MEDIUM
E01486,10691.75,INVOICE_OVERDUE,Bank_D,E11,P011,CARD,SEND_REMINDER,0.52269584,5588.533240959048,5588.533240959048,MEDIUM
E01620,13799.61,PAYMENT_FAILED,Bank_A,E23,P001,UPI,ALTERNATE_PAYMENT,0.4048456,5586.711326183081,5586.711326183081,MEDIUM
E03770,8819.47,CHECKOUT_ABANDONED,Bank_C,E42,P014,WALLET,ALTERNATE_PAYMENT,0.6330403,5583.080013595819,5583.080013595819,MEDIUM
E03310,9861.66,CHECKOUT_ABANDONED,Bank_B,E23,P010,UPI,SEND_REMINDER,0.5659732,5581.435486990214,5581.435486990214,MEDIUM
E04525,9226.97,PAYMENT_FAILED,Bank_D,E17,P020,UPI,RETRY_PAYMENT,0.60434777,5576.298701334596,5576.298701334596,MEDIUM
E03987,8566.43,SUBSCRIPTION_FAILED,Bank_A,E23,P015,NETBANKING,ALTERNATE_PAYMENT,0.65054244,5572.826257415414,5572.826257415414,MEDIUM
E00936,6437.67,SUBSCRIPTION_FAILED,Bank_A,E42,P017,CARD,ALTERNATE_PAYMENT,0.8653979,5571.145909243226,5571.145909243226,MEDIUM
E03916,9220.54,CHECKOUT_ABANDONED,Bank_D,E23,P020,WALLET,SEND_REMINDER,0.60408187,5569.961037545205,5569.961037545205,MEDIUM
E03888,9247.37,PAYMENT_FAILED,Bank_B,E11,P018,NETBANKING,RETRY_PAYMENT,0.6021448,5568.255553651453,5568.255553651453,MEDIUM
E00285,6465.32,SUBSCRIPTION_FAILED,Bank_A,E42,P019,NETBANKING,ALTERNATE_PAYMENT,0.8611901,5567.869452180862,5567.869452180862,MEDIUM
E00004,7635.11,PAYMENT_FAILED,Bank_A,E42,P010,WALLET,ALTERNATE_PAYMENT,0.7291714,5567.30381198287,5567.30381198287,MEDIUM
E00720,7930.5,SUBSCRIPTION_FAILED,Bank_A,E11,P006,UPI,ALTERNATE_PAYMENT,0.70179707,5565.601648718119,5565.601648718119,MEDIUM
E02476,9727.68,CHECKOUT_ABANDONED,Bank_C,E11,P002,CARD,SEND_REMINDER,0.5720687,5564.901166534424,5564.901166534424,MEDIUM
E01173,9195.81,CHECKOUT_ABANDONED,Bank_D,E17,P007,CARD,SEND_REMINDER,0.6048201,5561.810472283959,5561.810472283959,MEDIUM
E00507,10405.1,SUBSCRIPTION_FAILED,Bank_C,E11,P012,CARD,ALTERNATE_PAYMENT,0.5345257,5561.793282645941,5561.793282645941,MEDIUM
E03128,9428.46,SUBSCRIPTION_FAILED,Bank_C,E17,P004,UPI,ALTERNATE_PAYMENT,0.589674,5559.717684059143,5559.717684059143,MEDIUM
E00380,6301.22,SUBSCRIPTION_FAILED,Bank_A,E42,P011,WALLET,ALTERNATE_PAYMENT,0.88186395,5556.818769624233,5556.818769624233,MEDIUM
E04820,8305.38,PAYMENT_FAILED,Bank_B,E42,P019,CARD,ALTERNATE_PAYMENT,0.6687179,5553.956444889306,5553.956444889306,MEDIUM
E00611,8525.03,CHECKOUT_ABANDONED,Bank_A,E42,P001,CARD,ALTERNATE_PAYMENT,0.6514662,5553.768820683361,5553.768820683361,MEDIUM
E01801,8779.67,SUBSCRIPTION_FAILED,Bank_C,E11,P002,UPI,ALTERNATE_PAYMENT,0.6322785,5551.196595544219,5551.196595544219,MEDIUM
E04331,6598.32,SUBSCRIPTION_FAILED,Bank_A,E42,P016,CARD,ALTERNATE_PAYMENT,0.8407113,5547.282156014442,5547.282156014442,MEDIUM
E02606,6417.8,SUBSCRIPTION_FAILED,Bank_A,E42,P014,NETBANKING,ALTERNATE_PAYMENT,0.86403,5545.171756768227,5545.171756768227,MEDIUM
E01483,9678.91,CHECKOUT_ABANDONED,Bank_D,E11,P010,CARD,SEND_REMINDER,0.5718643,5535.02315895617,5535.02315895617,MEDIUM
E00698,8141.05,SUBSCRIPTION_FAILED,Bank_D,E17,P014,WALLET,ALTERNATE_PAYMENT,0.6797992,5534.279269868136,5534.279269868136,MEDIUM
E01255,8353.91,SUBSCRIPTION_FAILED,Bank_C,E17,P005,NETBANKING,ALTERNATE_PAYMENT,0.6619679,5530.020038722753,5530.020038722753,MEDIUM
E02407,7277.25,INVOICE_OVERDUE,Bank_A,E42,P012,WALLET,ALTERNATE_PAYMENT,0.7598533,5529.642452403903,5529.642452403903,MEDIUM
E02787,9925.44,PAYMENT_FAILED,Bank_C,E11,P003,CARD,RETRY_PAYMENT,0.55650884,5523.595092258453,5523.595092258453,MEDIUM
E02772,10013.3,PAYMENT_FAILED,Bank_A,E11,P017,NETBANKING,RETRY_PAYMENT,0.55162203,5523.556904232501,5523.556904232501,MEDIUM
E01653,10264.7,PAYMENT_FAILED,Bank_A,E11,P015,UPI,RETRY_PAYMENT,0.5377631,5519.977084970475,5519.977084970475,MEDIUM
E01211,9987.53,CHECKOUT_ABANDONED,Bank_B,E11,P020,CARD,SEND_REMINDER,0.5524096,5517.207345327735,5517.207345327735,MEDIUM
E03235,8683.36,SUBSCRIPTION_FAILED,Bank_D,E23,P015,WALLET,ALTERNATE_PAYMENT,0.63473976,5511.673812732697,5511.673812732697,MEDIUM
E01160,7878.8,INVOICE_OVERDUE,Bank_A,E42,P013,UPI,ALTERNATE_PAYMENT,0.69914,5508.384328627587,5508.384328627587,MEDIUM
E02285,9050.38,INVOICE_OVERDUE,Bank_B,E23,P001,NETBANKING,ALTERNATE_PAYMENT,0.6077986,5500.808079471588,5500.808079471588,MEDIUM
E00194,12286.02,INVOICE_OVERDUE,Bank_C,E42,P005,NETBANKING,ALTERNATE_PAYMENT,0.44735387,5496.198589923978,5496.198589923978,MEDIUM
E04232,8286.86,CHECKOUT_ABANDONED,Bank_C,E17,P009,CARD,SEND_REMINDER,0.6622705,5488.142802554369,5488.142802554369,MEDIUM
E03893,7922.71,INVOICE_OVERDUE,Bank_A,E42,P013,WALLET,ALTERNATE_PAYMENT,0.69228506,5484.773774704933,5484.773774704933,MEDIUM
E03842,8951.03,SUBSCRIPTION_FAILED,Bank_D,E17,P001,WALLET,ALTERNATE_PAYMENT,0.6122073,5479.885850430727,5479.885850430727,MEDIUM
E04213,8560.76,SUBSCRIPTION_FAILED,Bank_C,E17,P013,CARD,ALTERNATE_PAYMENT,0.64003843,5479.215395920277,5479.215395920277,MEDIUM
E02785,10542.82,CHECKOUT_ABANDONED,Bank_B,E11,P014,UPI,SEND_REMINDER,0.5195109,5477.110168370008,5477.110168370008,MEDIUM
E03415,8193.46,PAYMENT_FAILED,Bank_A,E42,P008,NETBANKING,ALTERNATE_PAYMENT,0.668399,5476.500276567936,5476.500276567936,MEDIUM
E01905,7004.73,CHECKOUT_ABANDONED,Bank_A,E42,P017,WALLET,ALTERNATE_PAYMENT,0.78178144,5476.167871277332,5476.167871277332,MEDIUM
E03470,9698.55,INVOICE_OVERDUE,Bank_B,E23,P020,CARD,RETRY_PAYMENT,0.5644055,5473.914970645308,5473.914970645308,MEDIUM
E02723,9043.1,CHECKOUT_ABANDONED,Bank_D,E17,P003,WALLET,SEND_REMINDER,0.60474145,5468.73744379282,5468.73744379282,MEDIUM
E02627,8754.39,SUBSCRIPTION_FAILED,Bank_C,E17,P004,WALLET,ALTERNATE_PAYMENT,0.6245294,5467.374120792746,5467.374120792746,MEDIUM
E02197,9300.24,PAYMENT_FAILED,Bank_B,E23,P013,NETBANKING,RETRY_PAYMENT,0.58685076,5457.852934198379,5457.852934198379,MEDIUM
E01651,6147.12,SUBSCRIPTION_FAILED,Bank_A,E42,P016,NETBANKING,ALTERNATE_PAYMENT,0.88775104,5457.112190480232,5457.112190480232,MEDIUM
E03502,9656.47,INVOICE_OVERDUE,Bank_C,E23,P016,NETBANKING,SEND_REMINDER,0.56505173,5456.40512214005,5456.40512214005,MEDIUM
E01478,9885.2,INVOICE_OVERDUE,Bank_B,E17,P009,CARD,SEND_REMINDER,0.5517657,5454.314103031159,5454.314103031159,MEDIUM
E02085,9620.85,PAYMENT_FAILED,Bank_C,E42,P007,UPI,ALTERNATE_PAYMENT,0.5668403,5453.485413891077,5453.485413891077,MEDIUM
E02152,7981.85,PAYMENT_FAILED,Bank_A,E11,P009,NETBANKING,RETRY_PAYMENT,0.6831336,5452.6699422597885,5452.6699422597885,MEDIUM
E04997,10563.7,INVOICE_OVERDUE,Bank_A,E23,P008,UPI,ALTERNATE_PAYMENT,0.5156954,5447.651423937083,5447.651423937083,MEDIUM
E01006,6299.52,SUBSCRIPTION_FAILED,Bank_A,E42,P004,WALLET,ALTERNATE_PAYMENT,0.86447,5445.7460861206055,5445.7460861206055,MEDIUM
E04220,8095.62,SUBSCRIPTION_FAILED,Bank_C,E11,P009,CARD,ALTERNATE_PAYMENT,0.67246425,5444.015043876171,5444.015043876171,MEDIUM
E00574,10241.5,PAYMENT_FAILED,Bank_A,E23,P010,CARD,RETRY_PAYMENT,0.53135675,5441.890174776316,5441.890174776316,MEDIUM
E01170,9092.39,INVOICE_OVERDUE,Bank_A,E42,P001,UPI,ALTERNATE_PAYMENT,0.59776866,5435.1458261406415,5435.1458261406415,MEDIUM
E03912,9840.26,INVOICE_OVERDUE,Bank_D,E42,P013,NETBANKING,ALTERNATE_PAYMENT,0.55157876,5427.67841032505,5427.67841032505,MEDIUM
E04368,8330.64,SUBSCRIPTION_FAILED,Bank_A,E11,P016,UPI,ALTERNATE_PAYMENT,0.65121937,5425.07411567688,5425.07411567688,MEDIUM
E00071,9942.22,INVOICE_OVERDUE,Bank_A,E17,P002,NETBANKING,SEND_REMINDER,0.5451934,5420.43246841073,5420.43246841073,MEDIUM
E01576,9363.37,PAYMENT_FAILED,Bank_D,E42,P006,UPI,ALTERNATE_PAYMENT,0.5784941,5416.654038572312,5416.654038572312,MEDIUM
E00453,8124.83,SUBSCRIPTION_FAILED,Bank_C,E17,P005,WALLET,ALTERNATE_PAYMENT,0.66666746,5416.55979036808,5416.55979036808,MEDIUM
E03127,9671.26,PAYMENT_FAILED,Bank_A,E17,P014,WALLET,RETRY_PAYMENT,0.55951065,5411.172951999903,5411.172951999903,MEDIUM
E03626,9425.95,CHECKOUT_ABANDONED,Bank_C,E11,P016,UPI,SEND_REMINDER,0.573619,5406.904089063406,5406.904089063406,MEDIUM
E00821,9935.01,CHECKOUT_ABANDONED,Bank_C,E23,P013,UPI,SEND_REMINDER,0.5441461,5406.097149108053,5406.097149108053,MEDIUM
E02980,11156.5,SUBSCRIPTION_FAILED,Bank_B,E17,P012,WALLET,ALTERNATE_PAYMENT,0.4844412,5404.668146923184,5404.668146923184,MEDIUM
E04136,7650.37,PAYMENT_FAILED,Bank_A,E42,P002,CARD,ALTERNATE_PAYMENT,0.70587605,5400.212974843383,5400.212974843383,MEDIUM
E04630,7686.54,PAYMENT_FAILED,Bank_A,E42,P005,NETBANKING,ALTERNATE_PAYMENT,0.70222884,5397.710099834204,5397.710099834204,MEDIUM
E02733,8308.22,PAYMENT_FAILED,Bank_C,E23,P019,CARD,RETRY_PAYMENT,0.6494383,5395.676452203988,5395.676452203988,MEDIUM
E03385,10158.93,INVOICE_OVERDUE,Bank_C,E17,P014,UPI,SEND_REMINDER,0.5309051,5393.428027170897,5393.428027170897,MEDIUM
E00130,10923.19,INVOICE_OVERDUE,Bank_B,E17,P020,UPI,SEND_REMINDER,0.49372292,5393.029214992524,5393.029214992524,MEDIUM
E02819,8644.97,PAYMENT_FAILED,Bank_D,E23,P006,WALLET,RETRY_PAYMENT,0.6234247,5389.487905208468,5389.487905208468,MEDIUM
E00411,10503.51,PAYMENT_FAILED,Bank_C,E11,P004,WALLET,RETRY_PAYMENT,0.51289505,5387.198262096047,5387.198262096047,MEDIUM
E03704,10470.82,INVOICE_OVERDUE,Bank_C,E23,P002,UPI,SEND_REMINDER,0.51300323,5371.564481742382,5371.564481742382,MEDIUM
E00632,11061.63,INVOICE_OVERDUE,Bank_B,E17,P006,UPI,SEND_REMINDER,0.48556986,5371.194180376231,5371.194180376231,MEDIUM
E02251,9792.82,CHECKOUT_ABANDONED,Bank_C,E11,P004,CARD,SEND_REMINDER,0.5484639,5371.008063288927,5371.008063288927,MEDIUM
E02424,8807.38,SUBSCRIPTION_FAILED,Bank_C,E23,P015,NETBANKING,ALTERNATE_PAYMENT,0.60953575,5368.413006659745,5368.413006659745,MEDIUM
E02851,7196.57,SUBSCRIPTION_FAILED,Bank_B,E42,P010,NETBANKING,ALTERNATE_PAYMENT,0.74559355,5365.716158442497,5365.716158442497,MEDIUM
E00099,7198.47,SUBSCRIPTION_FAILED,Bank_A,E23,P006,WALLET,ALTERNATE_PAYMENT,0.7450269,5363.0536913985015,5363.0536913985015,MEDIUM
E01742,9495.76,INVOICE_OVERDUE,Bank_C,E17,P020,NETBANKING,SEND_REMINDER,0.56462556,5361.548819375038,5361.548819375038,MEDIUM
E02767,10425.59,INVOICE_OVERDUE,Bank_C,E17,P011,CARD,SEND_REMINDER,0.51423967,5361.251949125528,5361.251949125528,MEDIUM
E04614,10317.99,INVOICE_OVERDUE,Bank_D,E23,P006,UPI,SEND_REMINDER,0.51954454,5360.65538721621,5360.65538721621,MEDIUM
E02519,9226.09,PAYMENT_FAILED,Bank_B,E11,P020,WALLET,RETRY_PAYMENT,0.58097035,5360.0847080856565,5360.0847080856565,MEDIUM
E03494,11788.18,CHECKOUT_ABANDONED,Bank_A,E23,P001,UPI,ALTERNATE_PAYMENT,0.45432308,5355.642282472253,5355.642282472253,MEDIUM
E01765,7742.26,PAYMENT_FAILED,Bank_C,E23,P009,WALLET,RETRY_PAYMENT,0.6917305,5355.557375259399,5355.557375259399,MEDIUM
E01468,8877.4,SUBSCRIPTION_FAILED,Bank_C,E17,P013,UPI,ALTERNATE_PAYMENT,0.6029174,5352.338688671589,5352.338688671589,MEDIUM
E00601,8505.19,PAYMENT_FAILED,Bank_C,E42,P010,CARD,ALTERNATE_PAYMENT,0.6286388,5346.692469043136,5346.692469043136,MEDIUM
E04373,11177.06,SUBSCRIPTION_FAILED,Bank_C,E17,P012,WALLET,ALTERNATE_PAYMENT,0.47644028,5325.201603531241,5325.201603531241,MEDIUM
E01098,11085.65,INVOICE_OVERDUE,Bank_A,E17,P017,CARD,ALTERNATE_PAYMENT,0.4802046,5323.380257202684,5323.380257202684,MEDIUM
E01718,6353.17,SUBSCRIPTION_FAILED,Bank_A,E42,P001,NETBANKING,ALTERNATE_PAYMENT,0.8378757,5323.166912420988,5323.166912420988,MEDIUM
E03004,7564.36,INVOICE_OVERDUE,Bank_A,E42,P010,CARD,ALTERNATE_PAYMENT,0.7037161,5323.161912615299,5323.161912615299,MEDIUM
E04606,7259.06,INVOICE_OVERDUE,Bank_A,E42,P017,NETBANKING,ALTERNATE_PAYMENT,0.73321646,5322.462308934927,5322.462308934927,MEDIUM
E03517,9901.64,INVOICE_OVERDUE,Bank_A,E17,P004,WALLET,SEND_REMINDER,0.53732747,5320.423154160976,5320.423154160976,MEDIUM
E03804,10210.41,CHECKOUT_ABANDONED,Bank_D,E23,P011,UPI,SEND_REMINDER,0.52103215,5319.951921241879,5319.951921241879,MEDIUM
E00324,7001.99,CHECKOUT_ABANDONED,Bank_A,E42,P016,WALLET,ALTERNATE_PAYMENT,0.7597525,5319.779491345882,5319.779491345882,MEDIUM
E01685,10037.03,INVOICE_OVERDUE,Bank_D,E11,P012,NETBANKING,SEND_REMINDER,0.5299961,5319.586726353765,5319.586726353765,MEDIUM
E01946,10857.59,SUBSCRIPTION_FAILED,Bank_C,E11,P017,CARD,ALTERNATE_PAYMENT,0.48992023,5319.35297614485,5319.35297614485,MEDIUM
E04517,7668.3,PAYMENT_FAILED,Bank_A,E42,P003,CARD,ALTERNATE_PAYMENT,0.69341224,5317.2931131184105,5317.2931131184105,MEDIUM
E01987,8726.77,INVOICE_OVERDUE,Bank_D,E17,P018,UPI,SEND_REMINDER,0.6090804,5315.304337514043,5315.304337514043,MEDIUM
E03961,8960.69,PAYMENT_FAILED,Bank_C,E17,P005,NETBANKING,RETRY_PAYMENT,0.5926283,5310.35848322928,5310.35848322928,MEDIUM
E01600,13089.96,INVOICE_OVERDUE,Bank_A,E23,P012,WALLET,SEND_REMINDER,0.40547204,5307.612787027359,5307.612787027359,MEDIUM
E04656,9575.14,PAYMENT_FAILED,Bank_C,E23,P015,UPI,RETRY_PAYMENT,0.5539311,5303.967996184826,5303.967996184826,MEDIUM
E04498,8085.76,SUBSCRIPTION_FAILED,Bank_B,E11,P003,WALLET,ALTERNATE_PAYMENT,0.6558516,5303.058653869629,5303.058653869629,MEDIUM
E04126,8861.59,PAYMENT_FAILED,Bank_B,E42,P014,UPI,ALTERNATE_PAYMENT,0.59749484,5294.75430470705,5294.75430470705,MEDIUM
E02324,7178.56,INVOICE_OVERDUE,Bank_A,E42,P018,CARD,ALTERNATE_PAYMENT,0.7370354,5290.852795906068,5290.852795906068,MEDIUM
E04009,8780.77,CHECKOUT_ABANDONED,Bank_B,E42,P008,UPI,ALTERNATE_PAYMENT,0.6016742,5283.162757269144,5283.162757269144,MEDIUM
E04280,8963.5,PAYMENT_FAILED,Bank_C,E42,P008,NETBANKING,ALTERNATE_PAYMENT,0.5892452,5281.699351608753,5281.699351608753,MEDIUM
E00840,7919.33,SUBSCRIPTION_FAILED,Bank_A,E17,P011,NETBANKING,ALTERNATE_PAYMENT,0.6657671,5272.429159220457,5272.429159220457,MEDIUM
E02468,7222.37,PAYMENT_FAILED,Bank_A,E42,P014,WALLET,ALTERNATE_PAYMENT,0.7299462,5271.941508176923,5271.941508176923,MEDIUM
E04991,9249.37,CHECKOUT_ABANDONED,Bank_B,E23,P020,CARD,SEND_REMINDER,0.56967205,5269.107551459671,5269.107551459671,MEDIUM
E03076,8168.73,CHECKOUT_ABANDONED,Bank_D,E42,P019,UPI,ALTERNATE_PAYMENT,0.64485836,5267.67383345604,5267.67383345604,MEDIUM
E01770,7800.5,PAYMENT_FAILED,Bank_C,E17,P019,NETBANKING,RETRY_PAYMENT,0.675276,5267.490293115377,5267.490293115377,MEDIUM
E04325,7900.93,CHECKOUT_ABANDONED,Bank_C,E17,P015,WALLET,SEND_REMINDER,0.6666806,5267.39655082941,5267.39655082941,MEDIUM
E02063,11110.46,INVOICE_OVERDUE,Bank_D,E23,P002,UPI,SEND_REMINDER,0.4737516,5263.598252366781,5263.598252366781,MEDIUM
E02352,7662.17,PAYMENT_FAILED,Bank_B,E23,P009,NETBANKING,RETRY_PAYMENT,0.685985,5256.133907689452,5256.133907689452,MEDIUM
E02414,12096.97,INVOICE_OVERDUE,Bank_A,E11,P005,CARD,ALTERNATE_PAYMENT,0.4344298,5255.284191776812,5255.284191776812,MEDIUM
E00622,9627.07,CHECKOUT_ABANDONED,Bank_C,E17,P004,NETBANKING,SEND_REMINDER,0.5456639,5253.144496528506,5253.144496528506,MEDIUM
E02205,7498.79,INVOICE_OVERDUE,Bank_A,E42,P020,UPI,ALTERNATE_PAYMENT,0.699977,5248.980382999778,5248.980382999778,MEDIUM
E01605,8323.26,SUBSCRIPTION_FAILED,Bank_C,E17,P018,NETBANKING,ALTERNATE_PAYMENT,0.630309,5246.225568401814,5246.225568401814,MEDIUM
E04648,9608.15,INVOICE_OVERDUE,Bank_B,E42,P005,UPI,ALTERNATE_PAYMENT,0.5459075,5245.161121201515,5245.161121201515,MEDIUM
E00733,11127.38,INVOICE_OVERDUE,Bank_C,E17,P008,CARD,SEND_REMINDER,0.47084624,5239.284986783266,5239.284986783266,MEDIUM
E04763,7431.97,SUBSCRIPTION_FAILED,Bank_A,E17,P009,NETBANKING,ALTERNATE_PAYMENT,0.70440716,5235.132847563625,5235.132847563625,MEDIUM
E02753,7157.59,PAYMENT_FAILED,Bank_A,E42,P016,NETBANKING,ALTERNATE_PAYMENT,0.73092127,5231.634761939049,5231.634761939049,MEDIUM
E02214,8032.82,PAYMENT_FAILED,Bank_A,E42,P020,UPI,ALTERNATE_PAYMENT,0.6509833,5229.231462916136,5229.231462916136,MEDIUM
E02690,9286.27,SUBSCRIPTION_FAILED,Bank_C,E23,P013,UPI,ALTERNATE_PAYMENT,0.56289935,5227.2353573250775,5227.2353573250775,MEDIUM
E01852,9148.62,CHECKOUT_ABANDONED,Bank_B,E42,P010,UPI,ALTERNATE_PAYMENT,0.5710842,5224.632346025705,5224.632346025705,MEDIUM
E01728,9529.78,CHECKOUT_ABANDONED,Bank_B,E23,P003,UPI,SEND_REMINDER,0.5477677,5220.105660334826,5220.105660334826,MEDIUM
E00866,8811.4,CHECKOUT_ABANDONED,Bank_D,E23,P016,NETBANKING,SEND_REMINDER,0.5921752,5217.892431104183,5217.892431104183,MEDIUM
E02145,9894.84,INVOICE_OVERDUE,Bank_D,E17,P017,CARD,SEND_REMINDER,0.5261363,5206.0342999506,5206.0342999506,MEDIUM
E00725,8331.48,INVOICE_OVERDUE,Bank_D,E42,P017,NETBANKING,ALTERNATE_PAYMENT,0.6248308,5205.765167062283,5205.765167062283,MEDIUM
E00699,8912.97,CHECKOUT_ABANDONED,Bank_D,E11,P001,NETBANKING,SEND_REMINDER,0.58398706,5205.059121292233,5205.059121292233,MEDIUM
E01767,7478.89,INVOICE_OVERDUE,Bank_A,E42,P018,NETBANKING,ALTERNATE_PAYMENT,0.6953217,5200.234352718592,5200.234352718592,MEDIUM
E00687,8840.08,INVOICE_OVERDUE,Bank_B,E11,P019,WALLET,SEND_REMINDER,0.58804613,5198.374863991738,5198.374863991738,MEDIUM
E02968,10390.0,SUBSCRIPTION_FAILED,Bank_B,E11,P004,NETBANKING,ALTERNATE_PAYMENT,0.5001827,5196.898130774498,5196.898130774498,MEDIUM
E00072,9034.25,PAYMENT_FAILED,Bank_D,E17,P004,UPI,RETRY_PAYMENT,0.57492185,5193.987690746784,5193.987690746784,MEDIUM
E00584,11133.51,PAYMENT_FAILED,Bank_A,E23,P004,UPI,RETRY_PAYMENT,0.4658794,5186.873075654805,5186.873075654805,MEDIUM
E02671,9052.52,CHECKOUT_ABANDONED,Bank_C,E11,P005,WALLET,SEND_REMINDER,0.5727229,5184.58561384201,5184.58561384201,MEDIUM
E01010,8728.17,INVOICE_OVERDUE,Bank_C,E42,P019,UPI,ALTERNATE_PAYMENT,0.59395766,5184.163451821804,5184.163451821804,MEDIUM
E00028,7036.13,PAYMENT_FAILED,Bank_A,E42,P002,WALLET,ALTERNATE_PAYMENT,0.7366385,5183.0841532105205,5183.0841532105205,MEDIUM
E04005,8147.4,PAYMENT_FAILED,Bank_A,E11,P019,WALLET,RETRY_PAYMENT,0.6360101,5181.828773295879,5181.828773295879,MEDIUM
E01165,7781.75,CHECKOUT_ABANDONED,Bank_D,E17,P018,WALLET,SEND_REMINDER,0.66588026,5181.713735446334,5181.713735446334,MEDIUM
E02738,8075.59,PAYMENT_FAILED,Bank_B,E17,P009,UPI,RETRY_PAYMENT,0.6413791,5179.514791252614,5179.514791252614,MEDIUM
E01976,8505.16,PAYMENT_FAILED,Bank_C,E17,P016,WALLET,RETRY_PAYMENT,0.60865754,5176.729753472805,5176.729753472805,MEDIUM
E02748,8714.56,INVOICE_OVERDUE,Bank_A,E42,P001,UPI,ALTERNATE_PAYMENT,0.5938733,5175.344697055816,5175.344697055816,MEDIUM
E03829,7133.17,INVOICE_OVERDUE,Bank_A,E42,P009,WALLET,ALTERNATE_PAYMENT,0.72523534,5173.226991480589,5173.226991480589,MEDIUM
E00870,7998.16,SUBSCRIPTION_FAILED,Bank_B,E23,P003,NETBANKING,ALTERNATE_PAYMENT,0.64642745,5170.230194001198,5170.230194001198,MEDIUM
E02732,8543.56,PAYMENT_FAILED,Bank_A,E17,P016,CARD,RETRY_PAYMENT,0.60502803,5169.093303809165,5169.093303809165,MEDIUM
E04477,8505.51,PAYMENT_FAILED,Bank_A,E23,P009,WALLET,RETRY_PAYMENT,0.60715497,5164.162629765272,5164.162629765272,MEDIUM
E04638,7907.95,PAYMENT_FAILED,Bank_D,E23,P020,CARD,RETRY_PAYMENT,0.6527251,5161.717458635569,5161.717458635569,MEDIUM
E02022,7062.2,CHECKOUT_ABANDONED,Bank_A,E42,P002,UPI,ALTERNATE_PAYMENT,0.72997063,5155.198611319065,5155.198611319065,MEDIUM
E00887,6860.28,PAYMENT_FAILED,Bank_A,E42,P016,NETBANKING,ALTERNATE_PAYMENT,0.7514049,5154.847880301475,5154.847880301475,MEDIUM
E00708,9200.73,PAYMENT_FAILED,Bank_A,E17,P016,WALLET,RETRY_PAYMENT,0.55951136,5147.912987553477,5147.912987553477,MEDIUM
E02586,10273.98,INVOICE_OVERDUE,Bank_D,E11,P004,UPI,SEND_REMINDER,0.50042814,5141.38870347619,5141.38870347619,MEDIUM
E00138,8246.82,INVOICE_OVERDUE,Bank_B,E17,P018,WALLET,SEND_REMINDER,0.6234107,5141.155843420029,5141.155843420029,MEDIUM
E01392,7430.7,SUBSCRIPTION_FAILED,Bank_B,E17,P016,NETBANKING,ALTERNATE_PAYMENT,0.69187397,5141.1078913986685,5141.1078913986685,MEDIUM
E01378,10358.64,INVOICE_OVERDUE,Bank_A,E17,P014,CARD,SEND_REMINDER,0.4962359,5140.329116492271,5140.329116492271,MEDIUM
E03019,8710.54,SUBSCRIPTION_FAILED,Bank_B,E11,P014,UPI,ALTERNATE_PAYMENT,0.5888245,5128.979452338219,5128.979452338219,MEDIUM
E04166,9086.95,CHECKOUT_ABANDONED,Bank_B,E11,P001,NETBANKING,SEND_REMINDER,0.56382245,5123.426396158338,5123.426396158338,MEDIUM
E03727,8352.33,SUBSCRIPTION_FAILED,Bank_D,E17,P002,UPI,ALTERNATE_PAYMENT,0.6133716,5123.082104709149,5123.082104709149,MEDIUM
E01663,8885.51,INVOICE_OVERDUE,Bank_C,E42,P006,WALLET,ALTERNATE_PAYMENT,0.576301,5120.728108898401,5120.728108898401,MEDIUM
E02876,8264.76,SUBSCRIPTION_FAILED,Bank_B,E11,P014,CARD,ALTERNATE_PAYMENT,0.6195756,5120.643798651696,5120.643798651696,MEDIUM
E02678,9205.74,CHECKOUT_ABANDONED,Bank_C,E23,P004,NETBANKING,SEND_REMINDER,0.555807,5116.614680979252,5116.614680979252,MEDIUM
E04597,9002.62,PAYMENT_FAILED,Bank_C,E17,P019,UPI,RETRY_PAYMENT,0.5681328,5114.683867689371,5114.683867689371,MEDIUM
E03967,8071.16,PAYMENT_FAILED,Bank_A,E42,P004,UPI,ALTERNATE_PAYMENT,0.6332975,5111.44547426939,5111.44547426939,MEDIUM
E00506,8764.97,CHECKOUT_ABANDONED,Bank_A,E11,P017,WALLET,SEND_REMINDER,0.5830222,5110.171892662644,5110.171892662644,MEDIUM
E00651,10638.77,INVOICE_OVERDUE,Bank_D,E23,P012,CARD,SEND_REMINDER,0.48033088,5110.12980363071,5110.12980363071,MEDIUM
E02155,8584.25,INVOICE_OVERDUE,Bank_A,E17,P013,CARD,SEND_REMINDER,0.59500176,5107.643833771348,5107.643833771348,MEDIUM
E03197,7184.02,SUBSCRIPTION_FAILED,Bank_D,E42,P012,NETBANKING,ALTERNATE_PAYMENT,0.7106655,5105.435337768793,5105.435337768793,MEDIUM
E01904,9026.74,INVOICE_OVERDUE,Bank_D,E23,P009,NETBANKING,SEND_REMINDER,0.56517565,5101.693669483661,5101.693669483661,MEDIUM
E00983,7416.69,PAYMENT_FAILED,Bank_A,E42,P007,NETBANKING,ALTERNATE_PAYMENT,0.6877429,5100.775806879401,5100.775806879401,MEDIUM
E03451,9611.5,PAYMENT_FAILED,Bank_A,E11,P008,UPI,RETRY_PAYMENT,0.52945536,5088.860228687525,5088.860228687525,MEDIUM
E03597,7181.74,CHECKOUT_ABANDONED,Bank_A,E42,P003,NETBANKING,ALTERNATE_PAYMENT,0.70829713,5086.805855152607,5086.805855152607,MEDIUM
E00752,7070.27,PAYMENT_FAILED,Bank_A,E42,P002,CARD,ALTERNATE_PAYMENT,0.7192015,5084.948826058508,5084.948826058508,MEDIUM
E00676,9618.24,INVOICE_OVERDUE,Bank_D,E23,P006,NETBANKING,SEND_REMINDER,0.52832276,5081.535067462921,5081.535067462921,MEDIUM
E04699,9633.93,PAYMENT_FAILED,Bank_A,E11,P010,NETBANKING,RETRY_PAYMENT,0.5267642,5074.809564555288,5074.809564555288,MEDIUM
E01586,9081.67,INVOICE_OVERDUE,Bank_D,E23,P020,NETBANKING,SEND_REMINDER,0.55833346,5070.6002020400765,5070.6002020400765,MEDIUM
E01278,9197.87,SUBSCRIPTION_FAILED,Bank_B,E17,P001,NETBANKING,ALTERNATE_PAYMENT,0.5509893,5067.927678788901,5067.927678788901,MEDIUM
E03932,7771.51,PAYMENT_FAILED,Bank_D,E23,P018,CARD,RETRY_PAYMENT,0.6513725,5062.147837738395,5062.147837738395,MEDIUM
E04725,8753.52,INVOICE_OVERDUE,Bank_C,E42,P020,CARD,ALTERNATE_PAYMENT,0.57793355,5058.952887554169,5058.952887554169,MEDIUM
E02413,7249.95,PAYMENT_FAILED,Bank_C,E17,P007,WALLET,RETRY_PAYMENT,0.6971931,5054.615014913678,5054.615014913678,MEDIUM
E03003,7753.55,SUBSCRIPTION_FAILED,Bank_B,E11,P010,NETBANKING,ALTERNATE_PAYMENT,0.6518364,5054.046082496643,5054.046082496643,MEDIUM
E03655,9928.87,INVOICE_OVERDUE,Bank_C,E42,P005,UPI,ALTERNATE_PAYMENT,0.5087498,5051.31045832336,5051.31045832336,MEDIUM
E00226,8428.45,PAYMENT_FAILED,Bank_A,E23,P019,NETBANKING,RETRY_PAYMENT,0.5989936,5048.5876029878855,5048.5876029878855,MEDIUM
E02565,8488.73,SUBSCRIPTION_FAILED,Bank_D,E11,P012,WALLET,ALTERNATE_PAYMENT,0.5946341,5047.68845693171,5047.68845693171,MEDIUM
E01933,8399.91,CHECKOUT_ABANDONED,Bank_D,E17,P012,CARD,SEND_REMINDER,0.60036016,5042.971270473004,5042.971270473004,MEDIUM
E01417,9549.87,INVOICE_OVERDUE,Bank_A,E23,P010,NETBANKING,SEND_REMINDER,0.527974,5042.083154236078,5042.083154236078,MEDIUM
E01129,8424.35,CHECKOUT_ABANDONED,Bank_A,E42,P001,UPI,ALTERNATE_PAYMENT,0.5972442,5031.394202306867,5031.394202306867,MEDIUM
E02852,7033.16,INVOICE_OVERDUE,Bank_A,E42,P014,CARD,ALTERNATE_PAYMENT,0.71538156,5031.392991588115,5031.392991588115,MEDIUM
E02986,9009.95,SUBSCRIPTION_FAILED,Bank_C,E23,P013,NETBANKING,ALTERNATE_PAYMENT,0.5581341,5028.760144901276,5028.760144901276,MEDIUM
E02165,6944.76,INVOICE_OVERDUE,Bank_A,E42,P011,WALLET,ALTERNATE_PAYMENT,0.7229868,5020.969929728508,5020.969929728508,MEDIUM
E02449,8111.38,SUBSCRIPTION_FAILED,Bank_A,E11,P010,CARD,ALTERNATE_PAYMENT,0.61832184,5015.443374050856,5015.443374050856,MEDIUM
E02282,7893.59,CHECKOUT_ABANDONED,Bank_B,E42,P002,WALLET,ALTERNATE_PAYMENT,0.634911,5011.727126241326,5011.727126241326,MEDIUM
E03518,5982.67,SUBSCRIPTION_FAILED,Bank_A,E42,P001,NETBANKING,ALTERNATE_PAYMENT,0.8376294,5011.260149933696,5011.260149933696,MEDIUM
E01342,8508.88,INVOICE_OVERDUE,Bank_D,E42,P010,UPI,ALTERNATE_PAYMENT,0.58879745,5010.006846914291,5010.006846914291,MEDIUM
E02967,9396.65,CHECKOUT_ABANDONED,Bank_B,E11,P013,CARD,SEND_REMINDER,0.53300786,5008.488309395313,5008.488309395313,MEDIUM
E00434,7690.48,CHECKOUT_ABANDONED,Bank_D,E17,P009,UPI,SEND_REMINDER,0.65083504,5005.233837127686,5005.233837127686,MEDIUM
E01344,7314.52,CHECKOUT_ABANDONED,Bank_A,E42,P018,NETBANKING,ALTERNATE_PAYMENT,0.6837503,5001.305038065911,5001.305038065911,MEDIUM
E00865,8431.41,PAYMENT_FAILED,Bank_D,E23,P014,UPI,RETRY_PAYMENT,0.5930063,4999.879356202483,4999.879356202483,MEDIUM
E04804,8303.71,CHECKOUT_ABANDONED,Bank_C,E11,P002,WALLET,SEND_REMINDER,0.6019951,4998.792819107771,4998.792819107771,MEDIUM
E02147,9228.2,SUBSCRIPTION_FAILED,Bank_C,E23,P012,CARD,ALTERNATE_PAYMENT,0.54152125,4997.266410338879,4997.266410338879,MEDIUM
E03247,6352.07,CHECKOUT_ABANDONED,Bank_A,E42,P012,UPI,ALTERNATE_PAYMENT,0.7862487,4994.306677727699,4994.306677727699,MEDIUM
E03984,7403.74,PAYMENT_FAILED,Bank_D,E23,P007,NETBANKING,RETRY_PAYMENT,0.67446697,4993.578066570759,4993.578066570759,MEDIUM
E01816,7724.21,SUBSCRIPTION_FAILED,Bank_A,E17,P010,NETBANKING,ALTERNATE_PAYMENT,0.6459518,4989.467411001325,4989.467411001325,MEDIUM
E01074,5537.73,SUBSCRIPTION_FAILED,Bank_A,E42,P007,WALLET,ALTERNATE_PAYMENT,0.90052044,4986.839077888727,4986.839077888727,MEDIUM
E00609,8724.01,SUBSCRIPTION_FAILED,Bank_B,E23,P008,NETBANKING,ALTERNATE_PAYMENT,0.57150376,4985.8045035851,4985.8045035851,MEDIUM
E03712,8122.59,CHECKOUT_ABANDONED,Bank_B,E17,P001,CARD,SEND_REMINDER,0.61369044,4984.755797626376,4984.755797626376,MEDIUM
E02406,9402.01,INVOICE_OVERDUE,Bank_D,E17,P019,UPI,SEND_REMINDER,0.5293954,4977.380858648419,4977.380858648419,MEDIUM
E01472,6566.62,INVOICE_OVERDUE,Bank_A,E42,P012,NETBANKING,ALTERNATE_PAYMENT,0.75768584,4975.434991513491,4975.434991513491,MEDIUM
E01713,8569.16,SUBSCRIPTION_FAILED,Bank_C,E11,P013,CARD,ALTERNATE_PAYMENT,0.5802322,4972.102584717273,4972.102584717273,MEDIUM
E00158,7300.89,SUBSCRIPTION_FAILED,Bank_A,E11,P018,UPI,ALTERNATE_PAYMENT,0.68053746,4968.529152653217,4968.529152653217,MEDIUM
E04139,8977.75,SUBSCRIPTION_FAILED,Bank_D,E11,P020,UPI,ALTERNATE_PAYMENT,0.5532348,4966.8038657307625,4966.8038657307625,MEDIUM
E02036,9043.22,CHECKOUT_ABANDONED,Bank_B,E17,P005,UPI,SEND_REMINDER,0.54895186,4964.292477755546,4964.292477755546,MEDIUM
E01941,9173.48,INVOICE_OVERDUE,Bank_A,E23,P003,NETBANKING,ALTERNATE_PAYMENT,0.5408558,4961.530093038082,4961.530093038082,MEDIUM
E01315,7666.62,CHECKOUT_ABANDONED,Bank_A,E42,P020,CARD,ALTERNATE_PAYMENT,0.64712316,4961.247345417738,4961.247345417738,MEDIUM
E02937,6680.36,SUBSCRIPTION_FAILED,Bank_B,E42,P006,UPI,ALTERNATE_PAYMENT,0.74258775,4960.753469455242,4960.753469455242,MEDIUM
E03203,7768.1,CHECKOUT_ABANDONED,Bank_A,E42,P013,CARD,ALTERNATE_PAYMENT,0.6383272,4958.589377361536,4958.589377361536,MEDIUM
E04743,8315.48,CHECKOUT_ABANDONED,Bank_D,E17,P013,NETBANKING,SEND_REMINDER,0.5959279,4955.426484959125,4955.426484959125,MEDIUM
E00559,8143.61,PAYMENT_FAILED,Bank_C,E42,P015,WALLET,ALTERNATE_PAYMENT,0.6083915,4954.503293559551,4954.503293559551,MEDIUM
E03515,8421.34,PAYMENT_FAILED,Bank_C,E23,P014,WALLET,RETRY_PAYMENT,0.58813953,4952.9229832267765,4952.9229832267765,MEDIUM
E03797,7474.8,PAYMENT_FAILED,Bank_A,E42,P019,NETBANKING,ALTERNATE_PAYMENT,0.66235435,4950.966296052933,4950.966296052933,MEDIUM
E02861,8505.52,CHECKOUT_ABANDONED,Bank_B,E23,P005,NETBANKING,SEND_REMINDER,0.58196366,4949.903535223008,4949.903535223008,MEDIUM
E02177,7889.12,PAYMENT_FAILED,Bank_C,E42,P016,UPI,ALTERNATE_PAYMENT,0.62742037,4949.794556322097,4949.794556322097,MEDIUM
E03509,8616.81,PAYMENT_FAILED,Bank_A,E23,P014,CARD,ALTERNATE_PAYMENT,0.57385194,4944.773161100149,4944.773161100149,MEDIUM
E03728,8504.73,CHECKOUT_ABANDONED,Bank_C,E23,P002,NETBANKING,SEND_REMINDER,0.5806956,4938.659537844657,4938.659537844657,MEDIUM
E01256,8994.61,SUBSCRIPTION_FAILED,Bank_D,E11,P004,NETBANKING,ALTERNATE_PAYMENT,0.54804903,4929.487309907079,4929.487309907079,MEDIUM
E01136,8341.39,CHECKOUT_ABANDONED,Bank_C,E11,P018,UPI,SEND_REMINDER,0.5909205,4929.098415457606,4929.098415457606,MEDIUM
E00215,7042.19,PAYMENT_FAILED,Bank_D,E23,P019,WALLET,RETRY_PAYMENT,0.6998748,4928.651446860433,4928.651446860433,MEDIUM
E02266,5530.83,SUBSCRIPTION_FAILED,Bank_A,E42,P011,UPI,ALTERNATE_PAYMENT,0.8906416,4925.987444770932,4925.987444770932,MEDIUM
E04905,11118.32,INVOICE_OVERDUE,Bank_A,E17,P016,CARD,SEND_REMINDER,0.44303644,4925.820878610611,4925.820878610611,MEDIUM
E03244,9846.54,PAYMENT_FAILED,Bank_B,E11,P007,UPI,RETRY_PAYMENT,0.49937934,4917.158615309,4917.158615309,MEDIUM
E01360,7046.64,SUBSCRIPTION_FAILED,Bank_B,E11,P006,CARD,ALTERNATE_PAYMENT,0.6969663,4911.27054110527,4911.27054110527,MEDIUM
E01678,8463.91,SUBSCRIPTION_FAILED,Bank_C,E11,P013,CARD,ALTERNATE_PAYMENT,0.5802322,4911.033145350813,4911.033145350813,MEDIUM
E00959,9486.56,CHECKOUT_ABANDONED,Bank_D,E11,P020,UPI,SEND_REMINDER,0.5174243,4908.576529016495,4908.576529016495,MEDIUM
E04430,9651.35,PAYMENT_FAILED,Bank_D,E23,P002,WALLET,RETRY_PAYMENT,0.5083475,4906.239753103257,4906.239753103257,MEDIUM
E03863,7497.46,SUBSCRIPTION_FAILED,Bank_D,E23,P010,WALLET,ALTERNATE_PAYMENT,0.65423167,4905.0757579541205,4905.0757579541205,MEDIUM
E00069,9959.51,INVOICE_OVERDUE,Bank_C,E11,P008,CARD,SEND_REMINDER,0.49240872,4904.149597211183,4904.149597211183,MEDIUM
E04592,7534.05,PAYMENT_FAILED,Bank_C,E17,P018,WALLET,RETRY_PAYMENT,0.6505649,4901.388552510739,4901.388552510739,MEDIUM
E00339,7765.12,SUBSCRIPTION_FAILED,Bank_D,E17,P020,NETBANKING,ALTERNATE_PAYMENT,0.63118273,4901.209641914367,4901.209641914367,MEDIUM
E04773,7720.8,SUBSCRIPTION_FAILED,Bank_D,E23,P005,NETBANKING,ALTERNATE_PAYMENT,0.6345158,4898.9697579860685,4898.9697579860685,MEDIUM
E01571,7472.6,SUBSCRIPTION_FAILED,Bank_B,E11,P011,UPI,ALTERNATE_PAYMENT,0.65535927,4897.2376674652105,4897.2376674652105,MEDIUM
E01276,7537.41,CHECKOUT_ABANDONED,Bank_A,E42,P004,CARD,ALTERNATE_PAYMENT,0.64965117,4896.687223588228,4896.687223588228,MEDIUM
E02400,8517.87,INVOICE_OVERDUE,Bank_B,E11,P011,WALLET,SEND_REMINDER,0.57437664,4892.465573589207,4892.465573589207,MEDIUM
E03476,9665.59,PAYMENT_FAILED,Bank_C,E11,P017,UPI,RETRY_PAYMENT,0.5059473,4890.27908464253,4890.27908464253,MEDIUM
E04464,6170.6,PAYMENT_FAILED,Bank_A,E42,P017,UPI,ALTERNATE_PAYMENT,0.7918794,4886.371121358872,4886.371121358872,MEDIUM
E02169,8435.68,SUBSCRIPTION_FAILED,Bank_A,E11,P004,NETBANKING,ALTERNATE_PAYMENT,0.5790958,4885.066696596145,4885.066696596145,MEDIUM
E02839,6289.99,SUBSCRIPTION_FAILED,Bank_A,E42,P001,CARD,ALTERNATE_PAYMENT,0.77601045,4881.0979936748745,4881.0979936748745,MEDIUM
E03525,7441.76,SUBSCRIPTION_FAILED,Bank_B,E23,P003,NETBANKING,ALTERNATE_PAYMENT,0.6556708,4879.344893846512,4879.344893846512,MEDIUM
E03529,8730.91,CHECKOUT_ABANDONED,Bank_A,E11,P007,WALLET,SEND_REMINDER,0.55861896,4877.251888192296,4877.251888192296,MEDIUM
E00077,9195.18,INVOICE_OVERDUE,Bank_A,E23,P014,NETBANKING,ALTERNATE_PAYMENT,0.53009003,4874.273278909922,4874.273278909922,MEDIUM
E04272,5673.43,SUBSCRIPTION_FAILED,Bank_A,E42,P019,NETBANKING,ALTERNATE_PAYMENT,0.8591343,4874.238404945136,4874.238404945136,MEDIUM
E04591,6300.92,INVOICE_OVERDUE,Bank_A,E42,P020,WALLET,ALTERNATE_PAYMENT,0.77293664,4870.211947381496,4870.211947381496,MEDIUM
E01396,8651.99,CHECKOUT_ABANDONED,Bank_D,E23,P017,NETBANKING,SEND_REMINDER,0.5622261,4864.374739057422,4864.374739057422,MEDIUM
E04299,8443.49,INVOICE_OVERDUE,Bank_D,E42,P001,CARD,ALTERNATE_PAYMENT,0.5759944,4863.402723144292,4863.402723144292,MEDIUM
E02045,7643.63,PAYMENT_FAILED,Bank_D,E17,P020,WALLET,RETRY_PAYMENT,0.6361863,4862.772701326013,4862.772701326013,MEDIUM
E01324,8088.46,PAYMENT_FAILED,Bank_B,E42,P009,UPI,RETRY_PAYMENT,0.6008529,4859.974701758623,4859.974701758623,MEDIUM
E01924,5689.08,SUBSCRIPTION_FAILED,Bank_A,E42,P010,WALLET,ALTERNATE_PAYMENT,0.8532067,4853.961139419079,4853.961139419079,MEDIUM
E01943,6835.31,CHECKOUT_ABANDONED,Bank_A,E42,P009,CARD,ALTERNATE_PAYMENT,0.7101252,4853.925934817791,4853.925934817791,MEDIUM
E00325,6107.92,SUBSCRIPTION_FAILED,Bank_D,E42,P007,WALLET,ALTERNATE_PAYMENT,0.7944733,4852.579300165176,4852.579300165176,MEDIUM
E01354,10534.24,INVOICE_OVERDUE,Bank_A,E11,P004,CARD,SEND_REMINDER,0.4604765,4850.76983763218,4850.76983763218,MEDIUM
E01542,7720.51,SUBSCRIPTION_FAILED,Bank_A,E23,P019,UPI,ALTERNATE_PAYMENT,0.6279574,4848.1514145296815,4848.1514145296815,MEDIUM
E01737,6418.83,INVOICE_OVERDUE,Bank_A,E42,P009,UPI,ALTERNATE_PAYMENT,0.7549101,4845.639670532942,4845.639670532942,MEDIUM
E00872,8166.53,INVOICE_OVERDUE,Bank_C,E42,P007,UPI,ALTERNATE_PAYMENT,0.5930475,4843.1401973712445,4843.1401973712445,MEDIUM
E04659,8490.08,PAYMENT_FAILED,Bank_A,E11,P006,NETBANKING,RETRY_PAYMENT,0.5700043,4839.381974744797,4839.381974744797,MEDIUM
E04187,6957.32,SUBSCRIPTION_FAILED,Bank_D,E11,P009,UPI,ALTERNATE_PAYMENT,0.6949247,4834.81359855175,4834.81359855175,MEDIUM
E03559,6270.1,CHECKOUT_ABANDONED,Bank_A,E42,P011,UPI,ALTERNATE_PAYMENT,0.77082974,4833.179535132647,4833.179535132647,MEDIUM
E04469,8622.83,PAYMENT_FAILED,Bank_A,E11,P019,UPI,RETRY_PAYMENT,0.5604852,4832.968460811972,4832.968460811972,MEDIUM
E03186,9370.37,CHECKOUT_ABANDONED,Bank_D,E23,P013,UPI,SEND_REMINDER,0.51575375,4832.80342921257,4832.80342921257,MEDIUM
E01773,7515.97,CHECKOUT_ABANDONED,Bank_C,E42,P017,WALLET,ALTERNATE_PAYMENT,0.64270973,4830.58706483841,4830.58706483841,MEDIUM
E02643,5810.56,SUBSCRIPTION_FAILED,Bank_A,E42,P010,NETBANKING,ALTERNATE_PAYMENT,0.83118606,4829.6564503479,4829.6564503479,MEDIUM
E00293,7900.48,PAYMENT_FAILED,Bank_B,E23,P019,WALLET,RETRY_PAYMENT,0.6112355,4829.053838157653,4829.053838157653,MEDIUM
E02830,7000.5,SUBSCRIPTION_FAILED,Bank_C,E42,P004,WALLET,ALTERNATE_PAYMENT,0.6897724,4828.751875787973,4828.751875787973,MEDIUM
E03366,8864.6,CHECKOUT_ABANDONED,Bank_B,E17,P008,NETBANKING,SEND_REMINDER,0.54430604,4825.055320501328,4825.055320501328,MEDIUM
E01913,7555.48,CHECKOUT_ABANDONED,Bank_D,E23,P005,WALLET,SEND_REMINDER,0.6385042,4824.205766918659,4824.205766918659,MEDIUM
E02056,8153.94,SUBSCRIPTION_FAILED,Bank_B,E23,P015,UPI,ALTERNATE_PAYMENT,0.5916152,4823.994844236374,4823.994844236374,MEDIUM
E04154,7158.95,SUBSCRIPTION_FAILED,Bank_A,E23,P007,UPI,ALTERNATE_PAYMENT,0.6733634,4820.574823549389,4820.574823549389,MEDIUM
E02995,7495.01,SUBSCRIPTION_FAILED,Bank_D,E11,P017,UPI,ALTERNATE_PAYMENT,0.6425879,4816.202737591267,4816.202737591267,MEDIUM
E01064,7992.43,CHECKOUT_ABANDONED,Bank_C,E17,P001,NETBANKING,SEND_REMINDER,0.6016254,4808.44875905335,4808.44875905335,MEDIUM
E01843,7148.3,SUBSCRIPTION_FAILED,Bank_B,E11,P019,NETBANKING,ALTERNATE_PAYMENT,0.67266935,4808.442322474718,4808.442322474718,MEDIUM
E01473,15569.74,PAYMENT_FAILED,Bank_A,E23,P001,UPI,RETRY_PAYMENT,0.30854383,4803.947228986621,4803.947228986621,MEDIUM
E04486,9495.01,INVOICE_OVERDUE,Bank_B,E11,P006,WALLET,SEND_REMINDER,0.50593626,4803.869895459414,4803.869895459414,MEDIUM
E01815,6221.77,CHECKOUT_ABANDONED,Bank_A,E42,P013,WALLET,ALTERNATE_PAYMENT,0.7719613,4802.965481815934,4802.965481815934,MEDIUM
E01884,8428.91,INVOICE_OVERDUE,Bank_B,E23,P003,CARD,SEND_REMINDER,0.5688003,4794.366288504005,4794.366288504005,MEDIUM
E02001,6781.94,SUBSCRIPTION_FAILED,Bank_A,E23,P005,UPI,ALTERNATE_PAYMENT,0.70686483,4793.91489115715,4793.91489115715,MEDIUM
E01076,8724.22,CHECKOUT_ABANDONED,Bank_D,E17,P016,CARD,SEND_REMINDER,0.54944175,4793.450746217965,4793.450746217965,MEDIUM
E02043,6757.99,PAYMENT_FAILED,Bank_A,E42,P016,CARD,ALTERNATE_PAYMENT,0.70865417,4789.077762339115,4789.077762339115,MEDIUM
E01958,6728.34,CHECKOUT_ABANDONED,Bank_A,E42,P011,UPI,ALTERNATE_PAYMENT,0.71133256,4786.087313961983,4786.087313961983,MEDIUM
E01698,8844.11,CHECKOUT_ABANDONED,Bank_C,E17,P020,UPI,SEND_REMINDER,0.5409151,4783.912397109866,4783.912397109866,MEDIUM
E01907,8330.64,SUBSCRIPTION_FAILED,Bank_C,E11,P014,UPI,ALTERNATE_PAYMENT,0.5736557,4778.919324960708,4778.919324960708,MEDIUM
E04865,6004.71,CHECKOUT_ABANDONED,Bank_A,E42,P007,UPI,ALTERNATE_PAYMENT,0.79585916,4778.903444868923,4778.903444868923,MEDIUM
E01458,8868.46,CHECKOUT_ABANDONED,Bank_D,E11,P006,UPI,SEND_REMINDER,0.53838164,4774.616004866361,4774.616004866361,MEDIUM
E03617,6291.9,SUBSCRIPTION_FAILED,Bank_D,E17,P016,UPI,ALTERNATE_PAYMENT,0.7586733,4773.496600949764,4773.496600949764,MEDIUM
E01972,6668.82,CHECKOUT_ABANDONED,Bank_A,E42,P006,UPI,ALTERNATE_PAYMENT,0.71514016,4769.141027809381,4769.141027809381,MEDIUM
E00682,9724.99,INVOICE_OVERDUE,Bank_B,E11,P004,UPI,SEND_REMINDER,0.4900838,4766.06018707633,4766.06018707633,MEDIUM
E00172,5878.01,INVOICE_OVERDUE,Bank_A,E42,P012,WALLET,ALTERNATE_PAYMENT,0.8100833,4761.677912678123,4761.677912678123,MEDIUM
E01638,5962.28,SUBSCRIPTION_FAILED,Bank_A,E42,P001,WALLET,ALTERNATE_PAYMENT,0.7983434,4759.947006368637,4759.947006368637,MEDIUM
E00377,7252.5,SUBSCRIPTION_FAILED,Bank_D,E23,P010,WALLET,ALTERNATE_PAYMENT,0.656195,4759.054128080607,4759.054128080607,MEDIUM
E00848,9360.35,PAYMENT_FAILED,Bank_B,E42,P013,NETBANKING,ALTERNATE_PAYMENT,0.507607,4751.379025053978,4751.379025053978,MEDIUM
E01743,8701.02,INVOICE_OVERDUE,Bank_C,E11,P003,NETBANKING,SEND_REMINDER,0.54583836,4749.350452480317,4749.350452480317,MEDIUM
E00040,7456.06,PAYMENT_FAILED,Bank_C,E11,P018,CARD,RETRY_PAYMENT,0.6355426,4738.643545991183,4738.643545991183,MEDIUM
E03297,8613.82,CHECKOUT_ABANDONED,Bank_D,E17,P003,CARD,SEND_REMINDER,0.5496064,4734.210452693701,4734.210452693701,MEDIUM
E00775,6714.07,SUBSCRIPTION_FAILED,Bank_B,E17,P016,NETBANKING,ALTERNATE_PAYMENT,0.7045612,4730.473040953279,4730.473040953279,MEDIUM
E04992,7365.04,SUBSCRIPTION_FAILED,Bank_A,E23,P003,CARD,ALTERNATE_PAYMENT,0.6421592,4729.528367862701,4729.528367862701,MEDIUM
E04283,9780.7,INVOICE_OVERDUE,Bank_A,E17,P011,UPI,SEND_REMINDER,0.48353678,4729.328182977439,4729.328182977439,MEDIUM
E02972,7668.61,PAYMENT_FAILED,Bank_C,E17,P017,WALLET,RETRY_PAYMENT,0.6152794,4718.337579473853,4718.337579473853,MEDIUM
E01839,8866.92,INVOICE_OVERDUE,Bank_A,E17,P012,NETBANKING,ALTERNATE_PAYMENT,0.5316013,4713.666285681725,4713.666285681725,MEDIUM
E00263,9794.29,INVOICE_OVERDUE,Bank_D,E17,P005,NETBANKING,SEND_REMINDER,0.4812465,4713.467794310153,4713.467794310153,MEDIUM
E00113,8954.52,PAYMENT_FAILED,Bank_C,E11,P006,UPI,RETRY_PAYMENT,0.5263176,4712.9214436340335,4712.9214436340335,MEDIUM
E01652,6703.58,INVOICE_OVERDUE,Bank_A,E42,P011,CARD,ALTERNATE_PAYMENT,0.7028443,4711.573138247728,4711.573138247728,MEDIUM
E01002,7928.88,CHECKOUT_ABANDONED,Bank_D,E11,P016,NETBANKING,SEND_REMINDER,0.59367526,4707.179862012863,4707.179862012863,MEDIUM
E00280,9644.67,INVOICE_OVERDUE,Bank_A,E11,P006,CARD,ALTERNATE_PAYMENT,0.4879116,4705.746484934985,4705.746484934985,MEDIUM
E00810,8415.94,PAYMENT_FAILED,Bank_C,E11,P013,CARD,RETRY_PAYMENT,0.5589858,4704.391200687885,4704.391200687885,MEDIUM
E04889,5914.05,INVOICE_OVERDUE,Bank_A,E42,P012,CARD,ALTERNATE_PAYMENT,0.79506737,4702.0681791812185,4702.0681791812185,MEDIUM
E01849,7981.15,CHECKOUT_ABANDONED,Bank_D,E17,P010,NETBANKING,SEND_REMINDER,0.58914644,4702.066071781516,4702.066071781516,MEDIUM
E04590,8223.66,CHECKOUT_ABANDONED,Bank_D,E17,P004,NETBANKING,SEND_REMINDER,0.5715606,4700.320218644142,4700.320218644142,MEDIUM
E03136,6093.61,PAYMENT_FAILED,Bank_A,E42,P015,CARD,ALTERNATE_PAYMENT,0.7707872,4696.876464690566,4696.876464690566,MEDIUM
E03820,7969.1,PAYMENT_FAILED,Bank_D,E11,P020,WALLET,RETRY_PAYMENT,0.58927363,4695.98049736619,4695.98049736619,MEDIUM
E00813,7368.2,PAYMENT_FAILED,Bank_D,E23,P015,CARD,RETRY_PAYMENT,0.6370934,4694.231772589684,4694.231772589684,MEDIUM
E04014,7032.65,SUBSCRIPTION_FAILED,Bank_B,E17,P002,NETBANKING,ALTERNATE_PAYMENT,0.6672561,4692.578730285168,4692.578730285168,MEDIUM
E04380,6092.98,INVOICE_OVERDUE,Bank_A,E42,P018,WALLET,ALTERNATE_PAYMENT,0.7700089,4691.648959271907,4691.648959271907,MEDIUM
E02114,7238.83,CHECKOUT_ABANDONED,Bank_A,E42,P013,NETBANKING,ALTERNATE_PAYMENT,0.64724547,4685.299901778102,4685.299901778102,MEDIUM
E00542,6755.07,PAYMENT_FAILED,Bank_D,E11,P019,WALLET,RETRY_PAYMENT,0.6929001,4680.588821795583,4680.588821795583,MEDIUM
E03209,8325.84,SUBSCRIPTION_FAILED,Bank_B,E17,P004,WALLET,ALTERNATE_PAYMENT,0.5621527,4680.3933003473285,4680.3933003473285,MEDIUM
E02144,7180.59,INVOICE_OVERDUE,Bank_B,E42,P014,NETBANKING,ALTERNATE_PAYMENT,0.65171343,4679.686944653392,4679.686944653392,MEDIUM
E02345,8298.29,SUBSCRIPTION_FAILED,Bank_B,E11,P015,WALLET,ALTERNATE_PAYMENT,0.5636195,4677.078014501334,4677.078014501334,MEDIUM
E03618,8720.87,INVOICE_OVERDUE,Bank_D,E11,P011,NETBANKING,SEND_REMINDER,0.5362383,4676.464614261389,4676.464614261389,MEDIUM
E01579,7295.0,CHECKOUT_ABANDONED,Bank_B,E17,P003,NETBANKING,SEND_REMINDER,0.64080983,4674.707739055157,4674.707739055157,MEDIUM
E03781,7314.77,INVOICE_OVERDUE,Bank_B,E42,P002,CARD,ALTERNATE_PAYMENT,0.63857555,4671.033304357529,4671.033304357529,MEDIUM
E03814,6376.12,PAYMENT_FAILED,Bank_A,E42,P003,CARD,ALTERNATE_PAYMENT,0.7310211,4661.078295938969,4661.078295938969,MEDIUM
E01992,6160.39,SUBSCRIPTION_FAILED,Bank_C,E17,P009,UPI,ALTERNATE_PAYMENT,0.75485384,4650.194075998068,4650.194075998068,MEDIUM
E00118,6684.71,SUBSCRIPTION_FAILED,Bank_B,E17,P003,NETBANKING,ALTERNATE_PAYMENT,0.69497347,4645.6960964918135,4645.6960964918135,MEDIUM
E03388,6519.77,CHECKOUT_ABANDONED,Bank_A,E42,P004,WALLET,ALTERNATE_PAYMENT,0.7115727,4639.290385957361,4639.290385957361,MEDIUM
E03601,6269.61,INVOICE_OVERDUE,Bank_B,E17,P013,NETBANKING,SEND_REMINDER,0.7388712,4632.434369398356,4632.434369398356,MEDIUM
E04025,7427.73,PAYMENT_FAILED,Bank_B,E11,P016,WALLET,RETRY_PAYMENT,0.62355006,4631.561467934846,4631.561467934846,MEDIUM
E01552,8444.15,PAYMENT_FAILED,Bank_A,E23,P005,CARD,RETRY_PAYMENT,0.54840595,4630.822063013911,4630.822063013911,MEDIUM
E02346,6998.07,CHECKOUT_ABANDONED,Bank_A,E42,P004,NETBANKING,ALTERNATE_PAYMENT,0.6615252,4629.399585519433,4629.399585519433,MEDIUM
E01326,6855.29,CHECKOUT_ABANDONED,Bank_D,E11,P012,NETBANKING,SEND_REMINDER,0.6752028,4628.710913161635,4628.710913161635,MEDIUM
E03550,6807.5,CHECKOUT_ABANDONED,Bank_C,E17,P012,WALLET,SEND_REMINDER,0.6793412,4624.615198671818,4624.615198671818,MEDIUM
E01065,8549.98,CHECKOUT_ABANDONED,Bank_D,E11,P006,UPI,SEND_REMINDER,0.5408226,4624.022628667354,4624.022628667354,MEDIUM
E01433,8157.32,PAYMENT_FAILED,Bank_B,E17,P018,UPI,RETRY_PAYMENT,0.5663679,4620.044395544529,4620.044395544529,MEDIUM
E03080,7903.33,CHECKOUT_ABANDONED,Bank_A,E23,P016,WALLET,SEND_REMINDER,0.58456016,4619.971816680431,4619.971816680431,MEDIUM
E04909,5255.54,SUBSCRIPTION_FAILED,Bank_A,E42,P006,NETBANKING,ALTERNATE_PAYMENT,0.87861645,4617.603909285069,4617.603909285069,MEDIUM
E04239,7986.0,SUBSCRIPTION_FAILED,Bank_A,E11,P015,NETBANKING,ALTERNATE_PAYMENT,0.5780474,4616.2864944934845,4616.2864944934845,MEDIUM
E00630,5765.36,PAYMENT_FAILED,Bank_A,E42,P012,CARD,ALTERNATE_PAYMENT,0.80017656,4613.305937027931,4613.305937027931,MEDIUM
E02817,8953.75,INVOICE_OVERDUE,Bank_D,E11,P020,WALLET,SEND_REMINDER,0.51465666,4608.107095807791,4608.107095807791,MEDIUM
E02825,8243.26,INVOICE_OVERDUE,Bank_D,E11,P007,WALLET,SEND_REMINDER,0.55771595,4597.3976017510895,4597.3976017510895,MEDIUM
E00796,8618.13,CHECKOUT_ABANDONED,Bank_A,E17,P004,NETBANKING,SEND_REMINDER,0.53315485,4594.797766388654,4594.797766388654,MEDIUM
E00466,6079.87,CHECKOUT_ABANDONED,Bank_A,E42,P002,NETBANKING,ALTERNATE_PAYMENT,0.75522804,4591.6883193779,4591.6883193779,MEDIUM
E00633,6013.53,CHECKOUT_ABANDONED,Bank_A,E42,P013,WALLET,ALTERNATE_PAYMENT,0.76331097,4590.1934106642,4590.1934106642,MEDIUM
E01693,8654.05,INVOICE_OVERDUE,Bank_A,E23,P009,UPI,ALTERNATE_PAYMENT,0.5303805,4589.939257347583,4589.939257347583,MEDIUM
E03827,6775.21,PAYMENT_FAILED,Bank_D,E23,P020,UPI,RETRY_PAYMENT,0.6771678,4587.953868979215,4587.953868979215,MEDIUM
E03649,9039.9,PAYMENT_FAILED,Bank_C,E23,P007,UPI,RETRY_PAYMENT,0.50740683,4586.907009637355,4586.907009637355,MEDIUM
E00320,8139.5,INVOICE_OVERDUE,Bank_D,E42,P020,CARD,ALTERNATE_PAYMENT,0.5631485,4583.747203826904,4583.747203826904,MEDIUM
E03079,7712.55,CHECKOUT_ABANDONED,Bank_B,E11,P001,WALLET,SEND_REMINDER,0.59429425,4583.524117925764,4583.524117925764,MEDIUM
E02581,7647.24,CHECKOUT_ABANDONED,Bank_C,E17,P005,NETBANKING,SEND_REMINDER,0.5986947,4578.361920905113,4578.361920905113,MEDIUM
E03803,7402.37,CHECKOUT_ABANDONED,Bank_D,E17,P015,UPI,SEND_REMINDER,0.6184794,4578.213142033816,4578.213142033816,MEDIUM
E03678,8908.25,INVOICE_OVERDUE,Bank_A,E17,P014,CARD,ALTERNATE_PAYMENT,0.5136771,4575.96420609951,4575.96420609951,MEDIUM
E02161,8321.79,INVOICE_OVERDUE,Bank_D,E23,P009,WALLET,SEND_REMINDER,0.54969615,4574.45590282023,4574.45590282023,MEDIUM
E00751,5798.14,SUBSCRIPTION_FAILED,Bank_B,E42,P005,NETBANKING,ALTERNATE_PAYMENT,0.78780985,4567.831796636582,4567.831796636582,MEDIUM
E02077,6714.9,PAYMENT_FAILED,Bank_B,E17,P020,UPI,RETRY_PAYMENT,0.6797525,4564.47025474906,4564.47025474906,MEDIUM
E03105,6320.36,INVOICE_OVERDUE,Bank_A,E42,P007,WALLET,ALTERNATE_PAYMENT,0.72081506,4555.810688567161,4555.810688567161,MEDIUM
E01995,7534.73,INVOICE_OVERDUE,Bank_B,E42,P001,WALLET,ALTERNATE_PAYMENT,0.6045737,4555.299795432091,4555.299795432091,MEDIUM
E03549,6679.86,PAYMENT_FAILED,Bank_A,E42,P011,CARD,ALTERNATE_PAYMENT,0.6818558,4554.701269276142,4554.701269276142,MEDIUM
E04227,6505.74,SUBSCRIPTION_FAILED,Bank_A,E11,P005,UPI,ALTERNATE_PAYMENT,0.7000125,4554.099354633093,4554.099354633093,MEDIUM
E04894,8906.82,INVOICE_OVERDUE,Bank_A,E23,P011,NETBANKING,ALTERNATE_PAYMENT,0.5112129,4553.281151758432,4553.281151758432,MEDIUM
E04695,6131.06,SUBSCRIPTION_FAILED,Bank_C,E42,P012,CARD,ALTERNATE_PAYMENT,0.74237186,4551.526398597956,4551.526398597956,MEDIUM
E03342,6897.62,SUBSCRIPTION_FAILED,Bank_A,E23,P016,UPI,ALTERNATE_PAYMENT,0.6585849,4542.668327928782,4542.668327928782,MEDIUM
E03766,7380.06,CHECKOUT_ABANDONED,Bank_C,E17,P019,NETBANKING,RETRY_PAYMENT,0.6154619,4542.14564586997,4542.14564586997,MEDIUM
E02382,8389.79,INVOICE_OVERDUE,Bank_B,E23,P013,WALLET,SEND_REMINDER,0.5413856,4542.111417768598,4542.111417768598,MEDIUM
E04599,6135.71,PAYMENT_FAILED,Bank_B,E42,P018,CARD,ALTERNATE_PAYMENT,0.74004287,4540.688408904672,4540.688408904672,MEDIUM
E00785,8223.37,INVOICE_OVERDUE,Bank_D,E17,P001,NETBANKING,SEND_REMINDER,0.5518035,4537.684588431716,4537.684588431716,MEDIUM
E04717,6497.43,INVOICE_OVERDUE,Bank_A,E42,P010,CARD,ALTERNATE_PAYMENT,0.6983757,4537.647236824036,4537.647236824036,MEDIUM
E02512,8563.42,INVOICE_OVERDUE,Bank_A,E17,P003,NETBANKING,SEND_REMINDER,0.52936924,4533.211094715595,4533.211094715595,MEDIUM
E02094,8307.54,CHECKOUT_ABANDONED,Bank_A,E23,P003,NETBANKING,SEND_REMINDER,0.545171,4529.030075554848,4529.030075554848,MEDIUM
E03775,6062.01,PAYMENT_FAILED,Bank_A,E42,P019,WALLET,ALTERNATE_PAYMENT,0.7468773,4527.577738119364,4527.577738119364,MEDIUM
E04074,7446.0,CHECKOUT_ABANDONED,Bank_D,E42,P009,CARD,ALTERNATE_PAYMENT,0.60781455,4525.787142276764,4525.787142276764,MEDIUM
E03982,13280.14,INVOICE_OVERDUE,Bank_A,E23,P005,NETBANKING,ALTERNATE_PAYMENT,0.3407449,4525.140143939257,4525.140143939257,MEDIUM
E04850,5315.31,SUBSCRIPTION_FAILED,Bank_A,E42,P010,WALLET,ALTERNATE_PAYMENT,0.85070914,4521.782800531983,4521.782800531983,MEDIUM
E03720,7309.97,INVOICE_OVERDUE,Bank_B,E17,P016,NETBANKING,SEND_REMINDER,0.6181773,4518.857479165793,4518.857479165793,MEDIUM
E03167,7538.01,CHECKOUT_ABANDONED,Bank_A,E23,P018,UPI,SEND_REMINDER,0.5987089,4513.073883574605,4513.073883574605,MEDIUM
E01522,8614.6,PAYMENT_FAILED,Bank_B,E17,P002,WALLET,RETRY_PAYMENT,0.52377427,4512.105793976784,4512.105793976784,MEDIUM
E01234,6396.7,SUBSCRIPTION_FAILED,Bank_C,E11,P011,UPI,ALTERNATE_PAYMENT,0.70516753,4510.745151734352,4510.745151734352,MEDIUM
E00941,7215.95,SUBSCRIPTION_FAILED,Bank_C,E11,P005,NETBANKING,ALTERNATE_PAYMENT,0.6247487,4508.155430960655,4508.155430960655,MEDIUM
E00521,7896.96,CHECKOUT_ABANDONED,Bank_B,E11,P015,WALLET,SEND_REMINDER,0.5708367,4507.8747668838505,4507.8747668838505,MEDIUM
E02496,7162.27,PAYMENT_FAILED,Bank_D,E42,P018,WALLET,ALTERNATE_PAYMENT,0.6286284,4502.406138132811,4502.406138132811,MEDIUM
E03094,8397.7,PAYMENT_FAILED,Bank_A,E17,P018,NETBANKING,RETRY_PAYMENT,0.5361166,4502.146372127533,4502.146372127533,MEDIUM
E03734,5109.41,SUBSCRIPTION_FAILED,Bank_A,E42,P016,WALLET,ALTERNATE_PAYMENT,0.8787136,4489.7080947685245,4489.7080947685245,MEDIUM
E03423,8712.24,CHECKOUT_ABANDONED,Bank_B,E23,P004,UPI,SEND_REMINDER,0.51511747,4487.826995902062,4487.826995902062,MEDIUM
E02146,9069.43,PAYMENT_FAILED,Bank_C,E17,P004,UPI,RETRY_PAYMENT,0.49450734,4484.899727987945,4484.899727987945,MEDIUM
E00621,6172.94,SUBSCRIPTION_FAILED,Bank_A,E17,P010,UPI,ALTERNATE_PAYMENT,0.7262998,4483.405225256681,4483.405225256681,MEDIUM
E00209,5983.53,PAYMENT_FAILED,Bank_C,E17,P009,WALLET,RETRY_PAYMENT,0.74879646,4480.446100330352,4480.446100330352,MEDIUM
E04289,5914.57,CHECKOUT_ABANDONED,Bank_A,E42,P008,WALLET,ALTERNATE_PAYMENT,0.75739205,4479.648290282487,4479.648290282487,MEDIUM
E03808,5961.51,CHECKOUT_ABANDONED,Bank_A,E42,P013,UPI,ALTERNATE_PAYMENT,0.7513018,4478.8933430331945,4478.8933430331945,MEDIUM
E04258,6268.53,PAYMENT_FAILED,Bank_D,E23,P019,NETBANKING,RETRY_PAYMENT,0.7144824,4478.754525886774,4478.754525886774,MEDIUM
E00734,5772.51,INVOICE_OVERDUE,Bank_A,E42,P003,CARD,ALTERNATE_PAYMENT,0.7742283,4469.2404586941,4469.2404586941,MEDIUM
E04752,6067.58,PAYMENT_FAILED,Bank_D,E23,P007,UPI,RETRY_PAYMENT,0.73648864,4468.703744162321,4468.703744162321,MEDIUM
E02539,7858.9,PAYMENT_FAILED,Bank_D,E42,P011,UPI,ALTERNATE_PAYMENT,0.56756127,4460.407255423069,4460.407255423069,MEDIUM
E04400,7673.75,INVOICE_OVERDUE,Bank_B,E17,P017,NETBANKING,SEND_REMINDER,0.5811903,4459.908973053098,4459.908973053098,MEDIUM
E03348,7700.96,INVOICE_OVERDUE,Bank_D,E42,P014,CARD,ALTERNATE_PAYMENT,0.5789615,4458.559288234711,4458.559288234711,MEDIUM
E02131,7742.18,INVOICE_OVERDUE,Bank_D,E17,P008,WALLET,SEND_REMINDER,0.5755008,4455.630677710772,4455.630677710772,MEDIUM
E01915,7365.3,PAYMENT_FAILED,Bank_C,E23,P008,WALLET,RETRY_PAYMENT,0.60490334,4455.294572603702,4455.294572603702,MEDIUM
E02902,8323.3,INVOICE_OVERDUE,Bank_A,E11,P010,CARD,SEND_REMINDER,0.53486484,4451.840546840429,4451.840546840429,MEDIUM
E01822,7983.38,INVOICE_OVERDUE,Bank_C,E11,P010,UPI,SEND_REMINDER,0.55746675,4450.468865704536,4450.468865704536,MEDIUM
E02211,5237.88,SUBSCRIPTION_FAILED,Bank_A,E42,P010,UPI,ALTERNATE_PAYMENT,0.84965897,4450.411705169678,4450.411705169678,MEDIUM
E02287,7177.01,CHECKOUT_ABANDONED,Bank_B,E17,P002,WALLET,SEND_REMINDER,0.61985713,4448.720838056207,4448.720838056207,MEDIUM
E02575,6733.3,CHECKOUT_ABANDONED,Bank_C,E42,P005,WALLET,ALTERNATE_PAYMENT,0.6604346,4446.904317033291,4446.904317033291,MEDIUM
E04428,7055.16,PAYMENT_FAILED,Bank_C,E42,P016,NETBANKING,ALTERNATE_PAYMENT,0.6300685,4445.233944189548,4445.233944189548,MEDIUM
E01190,8206.82,PAYMENT_FAILED,Bank_A,E11,P010,CARD,RETRY_PAYMENT,0.5414347,4443.457167800665,4443.457167800665,MEDIUM
E03086,11083.7,INVOICE_OVERDUE,Bank_C,E17,P001,UPI,SEND_REMINDER,0.4006374,4440.54461991787,4440.54461991787,MEDIUM
E01215,7560.03,SUBSCRIPTION_FAILED,Bank_D,E11,P002,CARD,ALTERNATE_PAYMENT,0.5871264,4438.693003081084,4438.693003081084,MEDIUM
E04396,7328.45,INVOICE_OVERDUE,Bank_B,E42,P020,NETBANKING,ALTERNATE_PAYMENT,0.6055541,4437.772972369194,4437.772972369194,MEDIUM
E04077,7715.55,PAYMENT_FAILED,Bank_B,E11,P003,NETBANKING,RETRY_PAYMENT,0.57516503,4437.714572989941,4437.714572989941,MEDIUM
E03825,6976.46,SUBSCRIPTION_FAILED,Bank_D,E42,P003,NETBANKING,ALTERNATE_PAYMENT,0.6354932,4433.493021918535,4433.493021918535,MEDIUM
E01838,9054.43,CHECKOUT_ABANDONED,Bank_D,E23,P013,UPI,SEND_REMINDER,0.48953104,4432.424536242485,4432.424536242485,MEDIUM
E04235,7196.27,SUBSCRIPTION_FAILED,Bank_D,E17,P016,CARD,ALTERNATE_PAYMENT,0.6156997,4430.741341012121,4430.741341012121,MEDIUM
E04959,8052.43,PAYMENT_FAILED,Bank_A,E11,P015,WALLET,RETRY_PAYMENT,0.5495604,4425.296874548197,4425.296874548197,MEDIUM
E02636,6833.4,PAYMENT_FAILED,Bank_C,E42,P002,NETBANKING,ALTERNATE_PAYMENT,0.64744806,4424.271592998504,4424.271592998504,MEDIUM
E02005,5887.13,SUBSCRIPTION_FAILED,Bank_C,E42,P002,WALLET,ALTERNATE_PAYMENT,0.75027925,4416.991467869878,4416.991467869878,MEDIUM
E00146,6116.66,PAYMENT_FAILED,Bank_A,E42,P013,CARD,ALTERNATE_PAYMENT,0.7220663,4416.633951957226,4416.633951957226,MEDIUM
E04851,7168.88,PAYMENT_FAILED,Bank_D,E11,P017,NETBANKING,RETRY_PAYMENT,0.6160259,4416.215930938721,4416.215930938721,MEDIUM
E01033,6887.36,SUBSCRIPTION_FAILED,Bank_A,E23,P011,CARD,ALTERNATE_PAYMENT,0.6411141,4415.583716011047,4415.583716011047,MEDIUM
E00822,5256.99,SUBSCRIPTION_FAILED,Bank_A,E42,P004,NETBANKING,ALTERNATE_PAYMENT,0.8396516,4414.039983859062,4414.039983859062,MEDIUM
E00083,6214.09,PAYMENT_FAILED,Bank_A,E11,P016,UPI,RETRY_PAYMENT,0.71017027,4413.061966967583,4413.061966967583,MEDIUM
E03702,5059.46,SUBSCRIPTION_FAILED,Bank_A,E42,P011,WALLET,ALTERNATE_PAYMENT,0.8719135,4411.411439672708,4411.411439672708,MEDIUM
E02924,5060.24,SUBSCRIPTION_FAILED,Bank_A,E42,P015,UPI,ALTERNATE_PAYMENT,0.87162226,4410.617847132683,4410.617847132683,MEDIUM
E00710,8506.47,CHECKOUT_ABANDONED,Bank_D,E17,P011,UPI,SEND_REMINDER,0.51834315,4409.270460417866,4409.270460417866,MEDIUM
E00859,6357.13,PAYMENT_FAILED,Bank_A,E42,P020,NETBANKING,ALTERNATE_PAYMENT,0.6929067,4404.897828152776,4404.897828152776,MEDIUM
E00440,6789.01,CHECKOUT_ABANDONED,Bank_C,E42,P001,NETBANKING,ALTERNATE_PAYMENT,0.6488122,4404.792342818975,4404.792342818975,MEDIUM
E01132,5560.09,SUBSCRIPTION_FAILED,Bank_A,E42,P001,WALLET,ALTERNATE_PAYMENT,0.7919419,4403.268134129047,4403.268134129047,MEDIUM
E03201,6483.87,PAYMENT_FAILED,Bank_D,E23,P014,NETBANKING,RETRY_PAYMENT,0.67894626,4402.199265024662,4402.199265024662,MEDIUM
E01245,6830.62,CHECKOUT_ABANDONED,Bank_A,E17,P006,WALLET,SEND_REMINDER,0.6438235,4397.713705952167,4397.713705952167,MEDIUM
E02331,6674.14,PAYMENT_FAILED,Bank_B,E23,P009,WALLET,RETRY_PAYMENT,0.6586668,4396.034366685152,4396.034366685152,MEDIUM
E01207,8562.31,INVOICE_OVERDUE,Bank_D,E23,P006,UPI,SEND_REMINDER,0.51285774,4391.246914312244,4391.246914312244,MEDIUM
E04160,6937.44,PAYMENT_FAILED,Bank_D,E42,P007,WALLET,ALTERNATE_PAYMENT,0.6325509,4388.283882493973,4388.283882493973,MEDIUM
E00989,7626.48,PAYMENT_FAILED,Bank_D,E11,P013,NETBANKING,RETRY_PAYMENT,0.5749529,4384.866795916557,4384.866795916557,MEDIUM
E03271,6789.11,SUBSCRIPTION_FAILED,Bank_B,E11,P005,CARD,ALTERNATE_PAYMENT,0.6451923,4380.281666362882,4380.281666362882,MEDIUM
E02558,8209.88,INVOICE_OVERDUE,Bank_D,E23,P002,WALLET,SEND_REMINDER,0.53334713,4378.715934181213,4378.715934181213,MEDIUM
E00310,7926.64,INVOICE_OVERDUE,Bank_A,E17,P013,CARD,SEND_REMINDER,0.5523403,4378.202943034173,4378.202943034173,MEDIUM
E04149,7267.14,SUBSCRIPTION_FAILED,Bank_D,E23,P003,WALLET,ALTERNATE_PAYMENT,0.60240614,4377.76978634119,4377.76978634119,MEDIUM
E00927,6912.9,CHECKOUT_ABANDONED,Bank_A,E17,P018,WALLET,SEND_REMINDER,0.6331995,4377.244913130999,4377.244913130999,MEDIUM
E00509,5885.23,SUBSCRIPTION_FAILED,Bank_D,E42,P012,NETBANKING,ALTERNATE_PAYMENT,0.7433321,4374.680304222703,4374.680304222703,MEDIUM
E03737,6608.29,SUBSCRIPTION_FAILED,Bank_B,E11,P019,NETBANKING,ALTERNATE_PAYMENT,0.661961,4374.430382506252,4374.430382506252,MEDIUM
E02058,6135.01,PAYMENT_FAILED,Bank_A,E11,P013,CARD,RETRY_PAYMENT,0.7123038,4369.991042003036,4369.991042003036,MEDIUM
E02384,7184.16,CHECKOUT_ABANDONED,Bank_B,E17,P014,UPI,SEND_REMINDER,0.6082771,4369.959884605408,4369.959884605408,MEDIUM
E02883,8936.99,PAYMENT_FAILED,Bank_C,E11,P004,UPI,RETRY_PAYMENT,0.48796764,4360.961920447052,4360.961920447052,MEDIUM
E04089,7036.76,PAYMENT_FAILED,Bank_D,E11,P008,UPI,RETRY_PAYMENT,0.61943096,4358.786996634007,4358.786996634007,MEDIUM
E03290,6128.5,SUBSCRIPTION_FAILED,Bank_D,E11,P016,WALLET,ALTERNATE_PAYMENT,0.7107382,4355.758948802948,4355.758948802948,MEDIUM
E00660,9013.92,INVOICE_OVERDUE,Bank_B,E17,P012,UPI,ALTERNATE_PAYMENT,0.48288995,4352.731380586624,4352.731380586624,MEDIUM
E01944,8082.3,PAYMENT_FAILED,Bank_C,E23,P018,UPI,RETRY_PAYMENT,0.5381265,4349.300039380789,4349.300039380789,MEDIUM
E04930,8399.34,PAYMENT_FAILED,Bank_C,E11,P008,UPI,RETRY_PAYMENT,0.5177724,4348.946233144999,4348.946233144999,MEDIUM
E04129,5074.2,SUBSCRIPTION_FAILED,Bank_A,E42,P003,UPI,ALTERNATE_PAYMENT,0.8565947,4346.5327340841295,4346.5327340841295,MEDIUM
E02391,6522.76,PAYMENT_FAILED,Bank_D,E11,P003,WALLET,RETRY_PAYMENT,0.66509724,4338.269651222229,4338.269651222229,MEDIUM
E04476,8300.19,CHECKOUT_ABANDONED,Bank_B,E23,P013,WALLET,SEND_REMINDER,0.52200353,4332.7284917557245,4332.7284917557245,MEDIUM
E02484,7576.01,CHECKOUT_ABANDONED,Bank_D,E11,P005,NETBANKING,SEND_REMINDER,0.57180005,4331.962920435071,4331.962920435071,MEDIUM
E01784,8871.94,PAYMENT_FAILED,Bank_C,E11,P004,UPI,RETRY_PAYMENT,0.48796764,4329.219625454545,4329.219625454545,MEDIUM
E01223,7285.39,PAYMENT_FAILED,Bank_C,E42,P010,NETBANKING,ALTERNATE_PAYMENT,0.5938095,4326.133687096834,4326.133687096834,MEDIUM
E03508,8468.02,SUBSCRIPTION_FAILED,Bank_C,E23,P012,CARD,ALTERNATE_PAYMENT,0.5105247,4323.1332866942885,4323.1332866942885,MEDIUM
E04673,7823.52,PAYMENT_FAILED,Bank_A,E23,P002,NETBANKING,ALTERNATE_PAYMENT,0.55256385,4322.994301328659,4322.994301328659,MEDIUM
E00842,6002.76,PAYMENT_FAILED,Bank_A,E42,P019,NETBANKING,ALTERNATE_PAYMENT,0.7197945,4320.753703622818,4320.753703622818,MEDIUM
E00701,8864.92,INVOICE_OVERDUE,Bank_D,E23,P002,NETBANKING,SEND_REMINDER,0.48734042,4320.233840361833,4320.233840361833,MEDIUM
E03880,7669.92,SUBSCRIPTION_FAILED,Bank_C,E11,P020,WALLET,ALTERNATE_PAYMENT,0.562618,4315.2351824569705,4315.2351824569705,MEDIUM
E00938,8080.61,INVOICE_OVERDUE,Bank_D,E17,P014,CARD,SEND_REMINDER,0.5338856,4314.121303530931,4314.121303530931,MEDIUM
E04671,6210.21,PAYMENT_FAILED,Bank_C,E23,P016,NETBANKING,RETRY_PAYMENT,0.69423246,4311.329389243126,4311.329389243126,MEDIUM
E00093,6120.17,CHECKOUT_ABANDONED,Bank_B,E42,P005,UPI,ALTERNATE_PAYMENT,0.70409775,4309.197913169861,4309.197913169861,MEDIUM
E01529,7977.76,CHECKOUT_ABANDONED,Bank_B,E17,P010,UPI,SEND_REMINDER,0.5400053,4308.032891712189,4308.032891712189,MEDIUM
E02042,5014.11,SUBSCRIPTION_FAILED,Bank_A,E42,P019,CARD,ALTERNATE_PAYMENT,0.85729104,4298.551590637564,4298.551590637564,MEDIUM
E03049,5831.54,PAYMENT_FAILED,Bank_A,E42,P009,WALLET,ALTERNATE_PAYMENT,0.7367425,4296.343337984085,4296.343337984085,MEDIUM
E04932,6060.12,PAYMENT_FAILED,Bank_D,E23,P003,NETBANKING,RETRY_PAYMENT,0.7087336,4295.010774686337,4295.010774686337,MEDIUM
E00438,7769.83,INVOICE_OVERDUE,Bank_D,E11,P007,WALLET,SEND_REMINDER,0.55266106,4294.082493818998,4294.082493818998,MEDIUM
E02354,5883.88,CHECKOUT_ABANDONED,Bank_A,E42,P020,WALLET,ALTERNATE_PAYMENT,0.7293984,4291.6928307414055,4291.6928307414055,MEDIUM
E01087,7839.13,PAYMENT_FAILED,Bank_A,E23,P017,WALLET,RETRY_PAYMENT,0.54744875,4291.521953378916,4291.521953378916,MEDIUM
E00498,7089.72,CHECKOUT_ABANDONED,Bank_C,E11,P019,NETBANKING,SEND_REMINDER,0.60450757,4285.789377264977,4285.789377264977,MEDIUM
E01408,8057.5,CHECKOUT_ABANDONED,Bank_A,E11,P016,CARD,SEND_REMINDER,0.5312116,4280.237584710121,4280.237584710121,MEDIUM
E03558,7231.25,PAYMENT_FAILED,Bank_C,E42,P002,CARD,ALTERNATE_PAYMENT,0.5914646,4277.028237655759,4277.028237655759,MEDIUM
E03132,8981.54,INVOICE_OVERDUE,Bank_B,E23,P017,UPI,SEND_REMINDER,0.47609785,4276.091901577115,4276.091901577115,MEDIUM
E02702,8013.38,PAYMENT_FAILED,Bank_C,E11,P014,NETBANKING,RETRY_PAYMENT,0.5331096,4272.009849017859,4272.009849017859,MEDIUM
E01880,4850.51,SUBSCRIPTION_FAILED,Bank_A,E42,P005,CARD,ALTERNATE_PAYMENT,0.8803185,4269.993796344996,4269.993796344996,MEDIUM
E04310,6857.15,SUBSCRIPTION_FAILED,Bank_C,E17,P016,CARD,ALTERNATE_PAYMENT,0.62238866,4267.812406143546,4267.812406143546,MEDIUM
E01604,7554.39,INVOICE_OVERDUE,Bank_D,E17,P019,CARD,RETRY_PAYMENT,0.5645237,4264.632170619965,4264.632170619965,MEDIUM
E00131,7571.45,CHECKOUT_ABANDONED,Bank_A,E17,P011,NETBANKING,SEND_REMINDER,0.563212,4264.331326904893,4264.331326904893,MEDIUM
E03210,7792.96,CHECKOUT_ABANDONED,Bank_C,E17,P020,CARD,SEND_REMINDER,0.5471203,4263.686403560639,4263.686403560639,MEDIUM
E04739,8033.16,INVOICE_OVERDUE,Bank_C,E23,P013,NETBANKING,SEND_REMINDER,0.5305297,4261.829787061214,4261.829787061214,MEDIUM
E01749,6010.2,SUBSCRIPTION_FAILED,Bank_A,E23,P005,WALLET,ALTERNATE_PAYMENT,0.70907146,4261.661273181438,4261.661273181438,MEDIUM
E01525,6372.87,INVOICE_OVERDUE,Bank_B,E42,P016,WALLET,ALTERNATE_PAYMENT,0.66859317,4260.857344200611,4260.857344200611,MEDIUM
E02598,7385.18,CHECKOUT_ABANDONED,Bank_D,E17,P007,UPI,SEND_REMINDER,0.57667696,4258.863186604977,4258.863186604977,MEDIUM
E03202,9195.49,INVOICE_OVERDUE,Bank_D,E17,P002,UPI,SEND_REMINDER,0.46293545,4256.918279905319,4256.918279905319,MEDIUM
E02162,6930.28,SUBSCRIPTION_FAILED,Bank_A,E11,P016,CARD,ALTERNATE_PAYMENT,0.6135086,4251.786256461143,4251.786256461143,MEDIUM
E01827,7232.36,CHECKOUT_ABANDONED,Bank_C,E11,P014,NETBANKING,SEND_REMINDER,0.58717066,4246.6295981431,4246.6295981431,MEDIUM
E00165,6720.27,SUBSCRIPTION_FAILED,Bank_A,E11,P008,CARD,ALTERNATE_PAYMENT,0.63147515,4243.683510223032,4243.683510223032,MEDIUM
E02186,8361.59,PAYMENT_FAILED,Bank_A,E11,P017,UPI,RETRY_PAYMENT,0.507257,4241.474930787086,4241.474930787086,MEDIUM
E01532,6926.47,PAYMENT_FAILED,Bank_D,E17,P004,NETBANKING,RETRY_PAYMENT,0.6122849,4240.972982699871,4240.972982699871,MEDIUM
E03001,8549.9,CHECKOUT_ABANDONED,Bank_A,E23,P013,NETBANKING,SEND_REMINDER,0.49570668,4238.242521417141,4238.242521417141,MEDIUM
E01105,5663.7,INVOICE_OVERDUE,Bank_A,E42,P010,WALLET,ALTERNATE_PAYMENT,0.7478406,4235.544711774587,4235.544711774587,MEDIUM
E00288,7179.29,CHECKOUT_ABANDONED,Bank_B,E17,P011,NETBANKING,SEND_REMINDER,0.58965874,4233.331075267792,4233.331075267792,MEDIUM
E04555,6019.01,CHECKOUT_ABANDONED,Bank_B,E42,P011,NETBANKING,ALTERNATE_PAYMENT,0.7032159,4232.663516703248,4232.663516703248,MEDIUM
E01616,7377.39,CHECKOUT_ABANDONED,Bank_D,E23,P006,NETBANKING,SEND_REMINDER,0.5726846,4224.917538265586,4224.917538265586,MEDIUM
E03009,5685.94,CHECKOUT_ABANDONED,Bank_A,E42,P018,WALLET,ALTERNATE_PAYMENT,0.74273765,4223.161718595027,4223.161718595027,MEDIUM
E04797,7350.52,CHECKOUT_ABANDONED,Bank_A,E11,P005,NETBANKING,SEND_REMINDER,0.5736658,4216.741919386387,4216.741919386387,MEDIUM
E01106,6828.36,PAYMENT_FAILED,Bank_A,E17,P001,NETBANKING,RETRY_PAYMENT,0.61646074,4209.415862452984,4209.415862452984,MEDIUM
E04940,6596.37,CHECKOUT_ABANDONED,Bank_C,E42,P015,NETBANKING,SEND_REMINDER,0.6371387,4202.802766989469,4202.802766989469,MEDIUM
E01895,6187.28,CHECKOUT_ABANDONED,Bank_C,E23,P007,WALLET,SEND_REMINDER,0.6791924,4202.353700056076,4202.353700056076,MEDIUM
E03283,7651.79,PAYMENT_FAILED,Bank_B,E23,P012,CARD,RETRY_PAYMENT,0.5489405,4200.377273587585,4200.377273587585,MEDIUM
E01521,5628.38,PAYMENT_FAILED,Bank_A,E42,P002,NETBANKING,ALTERNATE_PAYMENT,0.74619853,4199.888910229206,4199.888910229206,MEDIUM
E03760,6349.99,SUBSCRIPTION_FAILED,Bank_A,E23,P011,CARD,ALTERNATE_PAYMENT,0.66107476,4197.818099859953,4197.818099859953,MEDIUM
E02255,8566.47,INVOICE_OVERDUE,Bank_B,E23,P020,UPI,SEND_REMINDER,0.4892215,4190.901416793466,4190.901416793466,MEDIUM
E01089,7105.94,CHECKOUT_ABANDONED,Bank_B,E17,P016,UPI,SEND_REMINDER,0.58920443,4186.851331436634,4186.851331436634,MEDIUM
E01057,8680.61,INVOICE_OVERDUE,Bank_A,E23,P019,CARD,SEND_REMINDER,0.48225728,4186.287339332402,4186.287339332402,MEDIUM
E01161,5515.63,PAYMENT_FAILED,Bank_A,E42,P005,UPI,ALTERNATE_PAYMENT,0.7588165,4185.350945093632,4185.350945093632,MEDIUM
E00526,5868.38,PAYMENT_FAILED,Bank_A,E42,P018,NETBANKING,ALTERNATE_PAYMENT,0.71235615,4180.376584419012,4180.376584419012,MEDIUM
E00512,7845.11,INVOICE_OVERDUE,Bank_D,E42,P013,NETBANKING,ALTERNATE_PAYMENT,0.5328097,4179.950507398247,4179.950507398247,MEDIUM
E01871,7306.91,INVOICE_OVERDUE,Bank_C,E17,P017,WALLET,SEND_REMINDER,0.57047695,4168.423724988103,4168.423724988103,MEDIUM
E00976,6271.91,PAYMENT_FAILED,Bank_B,E23,P005,UPI,RETRY_PAYMENT,0.66448665,4167.600444004535,4167.600444004535,MEDIUM
E00148,6070.1,CHECKOUT_ABANDONED,Bank_B,E42,P015,CARD,ALTERNATE_PAYMENT,0.68653536,4167.3382791996,4167.3382791996,MEDIUM
E00605,6125.15,INVOICE_OVERDUE,Bank_D,E17,P013,UPI,SEND_REMINDER,0.6800404,4165.34957306087,4165.34957306087,MEDIUM
E00918,5500.15,INVOICE_OVERDUE,Bank_A,E42,P018,CARD,ALTERNATE_PAYMENT,0.75704503,4163.861225020885,4163.861225020885,MEDIUM
E02728,5764.34,CHECKOUT_ABANDONED,Bank_A,E42,P019,NETBANKING,ALTERNATE_PAYMENT,0.72212464,4162.571925278902,4162.571925278902,MEDIUM
E04665,4852.09,SUBSCRIPTION_FAILED,Bank_A,E42,P015,CARD,ALTERNATE_PAYMENT,0.85789186,4162.568503459096,4162.568503459096,MEDIUM
E04016,8148.62,PAYMENT_FAILED,Bank_C,E23,P017,UPI,RETRY_PAYMENT,0.5106708,4161.26214057684,4161.26214057684,MEDIUM
E00892,6201.84,CHECKOUT_ABANDONED,Bank_D,E17,P018,CARD,SEND_REMINDER,0.6705717,4158.778297891617,4158.778297891617,MEDIUM
E03602,8039.97,CHECKOUT_ABANDONED,Bank_B,E11,P020,WALLET,SEND_REMINDER,0.516422,4152.017175931334,4152.017175931334,MEDIUM
E04784,7733.13,INVOICE_OVERDUE,Bank_C,E23,P006,WALLET,SEND_REMINDER,0.5367769,4150.965550950766,4150.965550950766,MEDIUM
E01750,7307.74,INVOICE_OVERDUE,Bank_D,E42,P006,WALLET,ALTERNATE_PAYMENT,0.56792116,4150.220189847946,4150.220189847946,MEDIUM
E04830,7340.31,SUBSCRIPTION_FAILED,Bank_A,E17,P012,CARD,ALTERNATE_PAYMENT,0.5650782,4147.849154239297,4147.849154239297,MEDIUM
E04260,6248.97,SUBSCRIPTION_FAILED,Bank_D,E23,P020,WALLET,ALTERNATE_PAYMENT,0.6633886,4145.495521520376,4145.495521520376,MEDIUM
E02335,6863.9,INVOICE_OVERDUE,Bank_B,E11,P017,WALLET,ALTERNATE_PAYMENT,0.60388905,4145.034037250281,4145.034037250281,MEDIUM
E00608,5691.41,PAYMENT_FAILED,Bank_A,E42,P014,NETBANKING,ALTERNATE_PAYMENT,0.7276685,4141.459912974834,4141.459912974834,MEDIUM
E02999,5297.71,INVOICE_OVERDUE,Bank_A,E42,P017,WALLET,ALTERNATE_PAYMENT,0.78112954,4138.197770124078,4138.197770124078,MEDIUM
E04564,7439.71,PAYMENT_FAILED,Bank_A,E17,P015,CARD,RETRY_PAYMENT,0.5558107,4135.070347950458,4135.070347950458,MEDIUM
E03975,6699.27,CHECKOUT_ABANDONED,Bank_A,E11,P016,WALLET,SEND_REMINDER,0.61706716,4133.899501063228,4133.899501063228,MEDIUM
E04726,7304.56,PAYMENT_FAILED,Bank_A,E23,P015,NETBANKING,RETRY_PAYMENT,0.56587,4133.431272320748,4133.431272320748,MEDIUM
E04329,6041.0,PAYMENT_FAILED,Bank_D,E17,P001,CARD,RETRY_PAYMENT,0.6833162,4127.912990033627,4127.912990033627,MEDIUM
E01629,7248.44,INVOICE_OVERDUE,Bank_D,E11,P009,UPI,ALTERNATE_PAYMENT,0.5693056,4126.57747410059,4126.57747410059,MEDIUM
E04313,6937.72,SUBSCRIPTION_FAILED,Bank_C,E23,P011,NETBANKING,ALTERNATE_PAYMENT,0.5945912,4125.107262504101,4125.107262504101,MEDIUM
E04787,6964.69,CHECKOUT_ABANDONED,Bank_A,E23,P018,CARD,SEND_REMINDER,0.5914228,4119.076434810161,4119.076434810161,MEDIUM
E01131,7022.67,CHECKOUT_ABANDONED,Bank_A,E17,P015,CARD,SEND_REMINDER,0.5862629,4117.130751820207,4117.130751820207,MEDIUM
E04813,5565.01,CHECKOUT_ABANDONED,Bank_A,E42,P008,CARD,ALTERNATE_PAYMENT,0.7395268,4115.474083245397,4115.474083245397,MEDIUM
E02160,6148.49,INVOICE_OVERDUE,Bank_D,E42,P002,UPI,ALTERNATE_PAYMENT,0.6692591,4114.932707605361,4114.932707605361,MEDIUM
E00206,5901.91,PAYMENT_FAILED,Bank_C,E17,P003,WALLET,RETRY_PAYMENT,0.6970641,4114.009592440724,4114.009592440724,MEDIUM
E02284,6293.61,PAYMENT_FAILED,Bank_C,E17,P008,NETBANKING,RETRY_PAYMENT,0.6532229,4111.130292166471,4111.130292166471,MEDIUM
E01641,6934.52,PAYMENT_FAILED,Bank_B,E11,P013,NETBANKING,RETRY_PAYMENT,0.59263754,4109.656866321564,4109.656866321564,MEDIUM
E01301,6128.05,PAYMENT_FAILED,Bank_B,E17,P008,WALLET,RETRY_PAYMENT,0.6700261,4105.953586259485,4105.953586259485,MEDIUM
E03819,6445.45,PAYMENT_FAILED,Bank_B,E42,P019,NETBANKING,ALTERNATE_PAYMENT,0.6368958,4105.079878097772,4105.079878097772,MEDIUM
E04805,8123.34,INVOICE_OVERDUE,Bank_D,E23,P013,NETBANKING,SEND_REMINDER,0.5051704,4103.670957030058,4103.670957030058,MEDIUM
E04497,8205.2,INVOICE_OVERDUE,Bank_A,E23,P011,NETBANKING,ALTERNATE_PAYMENT,0.49959347,4099.264311492443,4099.264311492443,MEDIUM
E01664,7894.95,CHECKOUT_ABANDONED,Bank_C,E17,P013,UPI,SEND_REMINDER,0.51879585,4095.8672793209553,4095.8672793209553,MEDIUM
E02128,6026.71,CHECKOUT_ABANDONED,Bank_C,E42,P002,WALLET,ALTERNATE_PAYMENT,0.6793757,4094.400373782516,4094.400373782516,MEDIUM
E03096,6816.04,SUBSCRIPTION_FAILED,Bank_C,E23,P018,CARD,ALTERNATE_PAYMENT,0.6005668,4093.487361524105,4093.487361524105,MEDIUM
E01703,6483.73,CHECKOUT_ABANDONED,Bank_B,E42,P009,UPI,ALTERNATE_PAYMENT,0.62970877,4082.8616234540937,4082.8616234540937,MEDIUM
E04783,7447.71,INVOICE_OVERDUE,Bank_D,E11,P017,WALLET,SEND_REMINDER,0.54791915,4080.742963682413,4080.742963682413,MEDIUM
E04945,7774.47,CHECKOUT_ABANDONED,Bank_D,E23,P008,UPI,SEND_REMINDER,0.52482456,4080.2327945619822,4080.2327945619822,MEDIUM
E02562,6464.62,SUBSCRIPTION_FAILED,Bank_B,E23,P010,NETBANKING,ALTERNATE_PAYMENT,0.63112843,4080.005473515987,4080.005473515987,MEDIUM
E00948,6596.07,SUBSCRIPTION_FAILED,Bank_C,E11,P008,CARD,ALTERNATE_PAYMENT,0.6181883,4077.613442392945,4077.613442392945,MEDIUM
E02159,7299.89,INVOICE_OVERDUE,Bank_A,E17,P005,WALLET,SEND_REMINDER,0.557233,4067.739428879023,4067.739428879023,MEDIUM
E02385,5499.79,CHECKOUT_ABANDONED,Bank_A,E42,P008,CARD,ALTERNATE_PAYMENT,0.7395268,4067.242144810557,4067.242144810557,MEDIUM
E04432,7518.39,PAYMENT_FAILED,Bank_C,E42,P003,UPI,ALTERNATE_PAYMENT,0.54033875,4062.477489602566,4062.477489602566,MEDIUM
E03914,8138.22,PAYMENT_FAILED,Bank_B,E23,P010,UPI,RETRY_PAYMENT,0.49910313,4061.811065758467,4061.811065758467,MEDIUM
E02624,4741.57,SUBSCRIPTION_FAILED,Bank_A,E42,P002,UPI,ALTERNATE_PAYMENT,0.85606986,4059.115179558396,4059.115179558396,MEDIUM
E01927,7643.65,CHECKOUT_ABANDONED,Bank_A,E11,P003,UPI,SEND_REMINDER,0.5302981,4053.413177722692,4053.413177722692,MEDIUM
E01380,6526.99,PAYMENT_FAILED,Bank_D,E42,P015,CARD,ALTERNATE_PAYMENT,0.6208725,4052.4285828399657,4052.4285828399657,MEDIUM
E02583,6549.45,SUBSCRIPTION_FAILED,Bank_B,E23,P015,WALLET,ALTERNATE_PAYMENT,0.6183276,4049.705815386772,4049.705815386772,MEDIUM
E02071,6693.82,CHECKOUT_ABANDONED,Bank_D,E17,P012,UPI,SEND_REMINDER,0.6047194,4047.882816824913,4047.882816824913,MEDIUM
E04922,7374.32,INVOICE_OVERDUE,Bank_C,E17,P009,NETBANKING,SEND_REMINDER,0.5480606,4041.5742142152794,4041.5742142152794,MEDIUM
E00048,7714.0,INVOICE_OVERDUE,Bank_D,E11,P001,WALLET,SEND_REMINDER,0.523484,4038.155511379242,4038.155511379242,MEDIUM
E03782,7865.97,CHECKOUT_ABANDONED,Bank_A,E23,P007,UPI,ALTERNATE_PAYMENT,0.5129676,4034.9876465177535,4034.9876465177535,MEDIUM
E04755,5415.79,INVOICE_OVERDUE,Bank_A,E42,P014,CARD,ALTERNATE_PAYMENT,0.74369425,4027.69185954392,4027.69185954392,MEDIUM
E03759,6921.3,INVOICE_OVERDUE,Bank_C,E42,P005,CARD,ALTERNATE_PAYMENT,0.5816837,4026.007360392809,4026.007360392809,MEDIUM
E01994,6009.44,INVOICE_OVERDUE,Bank_B,E17,P014,NETBANKING,SEND_REMINDER,0.6693114,4022.1867250251767,4022.1867250251767,MEDIUM
E04647,7920.93,PAYMENT_FAILED,Bank_C,E23,P013,CARD,RETRY_PAYMENT,0.5067646,4014.046849731803,4014.046849731803,MEDIUM
E04028,5690.73,PAYMENT_FAILED,Bank_B,E11,P016,UPI,RETRY_PAYMENT,0.7052385,4013.3220091742273,4013.3220091742273,MEDIUM
E00391,6350.51,CHECKOUT_ABANDONED,Bank_D,E42,P017,NETBANKING,ALTERNATE_PAYMENT,0.63177896,4012.1185744357113,4012.1185744357113,MEDIUM
E03609,6387.49,SUBSCRIPTION_FAILED,Bank_B,E17,P008,UPI,ALTERNATE_PAYMENT,0.6280266,4011.5136569511888,4011.5136569511888,MEDIUM
E02491,4670.71,SUBSCRIPTION_FAILED,Bank_A,E42,P016,WALLET,ALTERNATE_PAYMENT,0.8586882,4010.683449022174,4010.683449022174,MEDIUM
E01312,7673.92,PAYMENT_FAILED,Bank_D,E23,P011,UPI,RETRY_PAYMENT,0.522498,4009.607941093445,4009.607941093445,MEDIUM
E00367,6278.51,SUBSCRIPTION_FAILED,Bank_C,E11,P020,UPI,ALTERNATE_PAYMENT,0.6381874,4006.866025810242,4006.866025810242,MEDIUM
E04534,4840.55,SUBSCRIPTION_FAILED,Bank_A,E42,P004,CARD,ALTERNATE_PAYMENT,0.82766867,4006.371565270424,4006.371565270424,MEDIUM
E00289,5022.34,PAYMENT_FAILED,Bank_A,E42,P017,CARD,ALTERNATE_PAYMENT,0.79768175,4006.228954604864,4006.228954604864,MEDIUM
E04436,5521.46,PAYMENT_FAILED,Bank_B,E42,P005,CARD,ALTERNATE_PAYMENT,0.7253569,4005.0289812529086,4005.0289812529086,MEDIUM
E04680,6848.44,CHECKOUT_ABANDONED,Bank_C,E23,P009,UPI,SEND_REMINDER,0.58375734,3997.827123768329,3997.827123768329,MEDIUM
E04998,5758.2,PAYMENT_FAILED,Bank_B,E42,P015,WALLET,ALTERNATE_PAYMENT,0.694247,3997.613117837906,3997.613117837906,MEDIUM
E00841,9071.43,SUBSCRIPTION_FAILED,Bank_B,E11,P001,UPI,ALTERNATE_PAYMENT,0.440455,3995.5566069576143,3995.5566069576143,MEDIUM
E00101,6406.58,PAYMENT_FAILED,Bank_B,E23,P014,UPI,RETRY_PAYMENT,0.6234196,3993.9874310553073,3993.9874310553073,MEDIUM
E01145,6826.56,INVOICE_OVERDUE,Bank_C,E42,P006,WALLET,ALTERNATE_PAYMENT,0.58481556,3992.27852136612,3992.27852136612,MEDIUM
E01591,7116.43,SUBSCRIPTION_FAILED,Bank_D,E23,P013,UPI,ALTERNATE_PAYMENT,0.56075025,3990.539873483181,3990.539873483181,MEDIUM
E01383,5278.84,SUBSCRIPTION_FAILED,Bank_C,E42,P011,WALLET,ALTERNATE_PAYMENT,0.7554911,3988.1165216612817,3988.1165216612817,MEDIUM
E00502,5785.65,CHECKOUT_ABANDONED,Bank_B,E42,P013,UPI,ALTERNATE_PAYMENT,0.6890369,3986.526373842358,3986.526373842358,MEDIUM
E02666,5998.42,CHECKOUT_ABANDONED,Bank_B,E17,P011,CARD,SEND_REMINDER,0.664596,3986.52606533885,3986.52606533885,MEDIUM
E00864,7094.46,INVOICE_OVERDUE,Bank_B,E23,P016,WALLET,SEND_REMINDER,0.5617919,3985.6101403141024,3985.6101403141024,MEDIUM
E02166,6617.17,INVOICE_OVERDUE,Bank_C,E17,P013,WALLET,SEND_REMINDER,0.60172665,3981.727544466257,3981.727544466257,MEDIUM
E03215,6651.96,CHECKOUT_ABANDONED,Bank_A,E11,P012,CARD,SEND_REMINDER,0.59846777,3980.9836489605914,3980.9836489605914,MEDIUM
E03650,7500.93,INVOICE_OVERDUE,Bank_B,E42,P005,NETBANKING,ALTERNATE_PAYMENT,0.5306419,3980.3078475844864,3980.3078475844864,MEDIUM
E01214,5356.05,SUBSCRIPTION_FAILED,Bank_C,E42,P018,CARD,ALTERNATE_PAYMENT,0.7427392,3978.1482953310015,3978.1482953310015,MEDIUM
E02188,8298.72,INVOICE_OVERDUE,Bank_D,E23,P002,NETBANKING,SEND_REMINDER,0.47854617,3971.320691657066,3971.320691657066,MEDIUM
E03801,6466.89,PAYMENT_FAILED,Bank_B,E11,P019,CARD,RETRY_PAYMENT,0.6135612,3967.8328728443385,3967.8328728443385,MEDIUM
E00082,5953.12,PAYMENT_FAILED,Bank_C,E17,P018,NETBANKING,RETRY_PAYMENT,0.6663559,3966.896682538986,3966.896682538986,MEDIUM
E02420,7864.48,INVOICE_OVERDUE,Bank_A,E23,P003,CARD,ALTERNATE_PAYMENT,0.50432193,3966.229754009247,3966.229754009247,MEDIUM
E00429,7089.49,PAYMENT_FAILED,Bank_C,E11,P006,CARD,RETRY_PAYMENT,0.55893946,3962.595690579414,3962.595690579414,MEDIUM
E02235,7554.47,INVOICE_OVERDUE,Bank_A,E23,P015,WALLET,SEND_REMINDER,0.52429956,3960.8053119713063,3960.8053119713063,MEDIUM
E01553,8537.71,PAYMENT_FAILED,Bank_B,E23,P002,UPI,RETRY_PAYMENT,0.46357304,3957.8521671980616,3957.8521671980616,MEDIUM
E04829,5754.87,SUBSCRIPTION_FAILED,Bank_D,E17,P015,UPI,ALTERNATE_PAYMENT,0.6870278,3953.7557444679737,3953.7557444679737,MEDIUM
E01493,6497.6,PAYMENT_FAILED,Bank_C,E11,P013,NETBANKING,RETRY_PAYMENT,0.60798955,3950.472897720337,3950.472897720337,MEDIUM
E01597,7407.45,INVOICE_OVERDUE,Bank_C,E11,P020,UPI,SEND_REMINDER,0.53326786,3950.1549772918224,3950.1549772918224,MEDIUM
E02746,5082.35,CHECKOUT_ABANDONED,Bank_A,E42,P012,NETBANKING,ALTERNATE_PAYMENT,0.776185,3944.8437132865192,3944.8437132865192,MEDIUM
E01942,6649.17,CHECKOUT_ABANDONED,Bank_D,E42,P011,WALLET,ALTERNATE_PAYMENT,0.5932698,3944.7519221735,3944.7519221735,MEDIUM
E01979,6269.05,PAYMENT_FAILED,Bank_C,E42,P003,CARD,ALTERNATE_PAYMENT,0.6292299,3944.673724788428,3944.673724788428,MEDIUM
E04393,6395.32,INVOICE_OVERDUE,Bank_C,E42,P019,WALLET,ALTERNATE_PAYMENT,0.61659986,3943.3534026312823,3943.3534026312823,MEDIUM
E03768,4631.58,SUBSCRIPTION_FAILED,Bank_A,E42,P019,WALLET,ALTERNATE_PAYMENT,0.85126424,3942.698421092033,3942.698421092033,MEDIUM
E04643,6271.27,CHECKOUT_ABANDONED,Bank_C,E11,P018,CARD,SEND_REMINDER,0.6283128,3940.3193772912023,3940.3193772912023,MEDIUM
E01929,9800.96,INVOICE_OVERDUE,Bank_A,E11,P005,WALLET,ALTERNATE_PAYMENT,0.401915,3939.152973556518,3939.152973556518,MEDIUM
E03455,5729.51,CHECKOUT_ABANDONED,Bank_C,E11,P012,WALLET,SEND_REMINDER,0.6870646,3936.543427992464,3936.543427992464,MEDIUM
E03954,7411.28,INVOICE_OVERDUE,Bank_A,E17,P020,WALLET,SEND_REMINDER,0.5306167,3932.5489411878575,3932.5489411878575,MEDIUM
E04885,4980.92,INVOICE_OVERDUE,Bank_A,E42,P012,WALLET,ALTERNATE_PAYMENT,0.7890654,3930.271734912396,3930.271734912396,MEDIUM
E04817,7255.54,CHECKOUT_ABANDONED,Bank_A,E23,P017,NETBANKING,SEND_REMINDER,0.5416792,3930.175128237009,3930.175128237009,MEDIUM
E00019,5442.12,PAYMENT_FAILED,Bank_B,E42,P007,UPI,ALTERNATE_PAYMENT,0.72180957,3928.174275434017,3928.174275434017,MEDIUM
E04848,6206.66,PAYMENT_FAILED,Bank_C,E42,P010,NETBANKING,ALTERNATE_PAYMENT,0.6321868,3923.7683406138417,3923.7683406138417,MEDIUM
E00207,5799.94,SUBSCRIPTION_FAILED,Bank_A,E17,P003,WALLET,ALTERNATE_PAYMENT,0.6761713,3921.7529859352103,3921.7529859352103,MEDIUM
E02482,5537.32,SUBSCRIPTION_FAILED,Bank_D,E42,P013,NETBANKING,ALTERNATE_PAYMENT,0.7077824,3919.21757124424,3919.21757124424,MEDIUM
E04041,5962.19,SUBSCRIPTION_FAILED,Bank_B,E11,P017,UPI,ALTERNATE_PAYMENT,0.65734375,3919.2083043825614,3919.2083043825614,MEDIUM
E03408,5889.93,SUBSCRIPTION_FAILED,Bank_A,E17,P012,UPI,ALTERNATE_PAYMENT,0.66538644,3919.079544947148,3919.079544947148,MEDIUM
E00754,6865.79,CHECKOUT_ABANDONED,Bank_C,E17,P020,WALLET,SEND_REMINDER,0.5707632,3918.7400698918095,3918.7400698918095,MEDIUM
E01527,6565.33,PAYMENT_FAILED,Bank_B,E23,P012,CARD,RETRY_PAYMENT,0.5965648,3916.64497107327,3916.64497107327,MEDIUM
E00975,5771.31,PAYMENT_FAILED,Bank_D,E11,P008,UPI,RETRY_PAYMENT,0.6785051,3915.863399468065,3915.863399468065,MEDIUM
E03275,5183.98,PAYMENT_FAILED,Bank_A,E42,P003,WALLET,ALTERNATE_PAYMENT,0.75461614,3911.9149842762954,3911.9149842762954,MEDIUM
E04799,6208.43,INVOICE_OVERDUE,Bank_C,E17,P016,WALLET,SEND_REMINDER,0.6296838,3909.347748436332,3909.347748436332,MEDIUM
E00328,6590.22,CHECKOUT_ABANDONED,Bank_B,E11,P006,NETBANKING,ALTERNATE_PAYMENT,0.59274435,3906.315673112869,3906.315673112869,MEDIUM
E04243,7073.05,INVOICE_OVERDUE,Bank_D,E42,P003,WALLET,SEND_REMINDER,0.5521482,3905.371988147497,3905.371988147497,MEDIUM
E00448,8004.68,PAYMENT_FAILED,Bank_A,E23,P012,CARD,RETRY_PAYMENT,0.48769787,3903.86538234353,3903.86538234353,MEDIUM
E01886,5819.94,PAYMENT_FAILED,Bank_A,E42,P004,CARD,ALTERNATE_PAYMENT,0.67076945,3903.837970576286,3903.837970576286,MEDIUM
E03268,7106.09,PAYMENT_FAILED,Bank_C,E17,P011,CARD,RETRY_PAYMENT,0.5492829,3903.2537828338154,3903.2537828338154,MEDIUM
E01231,8489.6,INVOICE_OVERDUE,Bank_B,E23,P007,UPI,SEND_REMINDER,0.45958558,3901.697716617584,3901.697716617584,MEDIUM
E04916,6849.13,CHECKOUT_ABANDONED,Bank_C,E11,P006,UPI,ALTERNATE_PAYMENT,0.56877023,3895.581244142652,3895.581244142652,MEDIUM
E04490,5213.39,PAYMENT_FAILED,Bank_A,E42,P020,WALLET,ALTERNATE_PAYMENT,0.7462791,3890.6441037380696,3890.6441037380696,MEDIUM
E01280,7935.85,CHECKOUT_ABANDONED,Bank_C,E11,P013,UPI,SEND_REMINDER,0.48992315,3887.956624747813,3887.956624747813,MEDIUM
E03495,5178.74,PAYMENT_FAILED,Bank_A,E42,P003,CARD,ALTERNATE_PAYMENT,0.74932647,3880.5669503736494,3880.5669503736494,MEDIUM
E00315,8401.94,PAYMENT_FAILED,Bank_D,E17,P002,NETBANKING,ALTERNATE_PAYMENT,0.4618338,3880.299918286205,3880.299918286205,MEDIUM
E02887,5203.12,INVOICE_OVERDUE,Bank_A,E42,P011,CARD,ALTERNATE_PAYMENT,0.744863,3875.611435666084,3875.611435666084,MEDIUM
E02481,6968.66,INVOICE_OVERDUE,Bank_B,E17,P004,UPI,SEND_REMINDER,0.55577374,3872.9981964683534,3872.9981964683534,MEDIUM
E03253,6206.41,CHECKOUT_ABANDONED,Bank_C,E11,P006,CARD,SEND_REMINDER,0.6239064,3872.218758518696,3872.218758518696,MEDIUM
E03928,7402.24,INVOICE_OVERDUE,Bank_A,E23,P015,WALLET,SEND_REMINDER,0.5229393,3870.922384490967,3870.922384490967,MEDIUM
E01572,4508.79,SUBSCRIPTION_FAILED,Bank_A,E42,P016,NETBANKING,ALTERNATE_PAYMENT,0.8568779,3863.482610496282,3863.482610496282,MEDIUM
E03693,6242.52,CHECKOUT_ABANDONED,Bank_B,E23,P009,WALLET,SEND_REMINDER,0.618484,3860.898865985871,3860.898865985871,MEDIUM
E04965,6132.39,CHECKOUT_ABANDONED,Bank_C,E23,P009,UPI,SEND_REMINDER,0.6295555,3860.6799961155657,3860.6799961155657,MEDIUM
E03270,6524.25,PAYMENT_FAILED,Bank_C,E11,P014,UPI,RETRY_PAYMENT,0.591552,3859.4332607388496,3859.4332607388496,MEDIUM
E01806,5917.52,SUBSCRIPTION_FAILED,Bank_B,E17,P016,CARD,ALTERNATE_PAYMENT,0.6520117,3858.2922307443614,3858.2922307443614,MEDIUM
E04908,5839.54,SUBSCRIPTION_FAILED,Bank_B,E11,P014,UPI,ALTERNATE_PAYMENT,0.66059166,3857.551433507204,3857.551433507204,MEDIUM
E01967,7767.21,PAYMENT_FAILED,Bank_B,E42,P013,WALLET,ALTERNATE_PAYMENT,0.49506983,3845.31134677738,3845.31134677738,MEDIUM
E04771,6807.33,PAYMENT_FAILED,Bank_D,E42,P020,CARD,ALTERNATE_PAYMENT,0.5637246,3837.45922765553,3837.45922765553,MEDIUM
E02760,7066.29,CHECKOUT_ABANDONED,Bank_D,E11,P016,CARD,SEND_REMINDER,0.54265517,3834.55880096376,3834.55880096376,MEDIUM
E00577,7051.35,CHECKOUT_ABANDONED,Bank_C,E23,P003,CARD,SEND_REMINDER,0.54315037,3829.943328729272,3829.943328729272,MEDIUM
E01585,6416.9,PAYMENT_FAILED,Bank_B,E23,P012,CARD,RETRY_PAYMENT,0.5965648,3828.0968534529206,3828.0968534529206,MEDIUM
E01110,6633.34,PAYMENT_FAILED,Bank_C,E17,P006,CARD,RETRY_PAYMENT,0.5770642,3827.863147469759,3827.863147469759,MEDIUM
E00791,6226.65,SUBSCRIPTION_FAILED,Bank_C,E23,P010,NETBANKING,ALTERNATE_PAYMENT,0.61441725,3825.7612003773447,3825.7612003773447,MEDIUM
E02173,5797.71,INVOICE_OVERDUE,Bank_C,E11,P018,UPI,SEND_REMINDER,0.659706,3824.784053045512,3824.784053045512,MEDIUM
E03190,5325.06,INVOICE_OVERDUE,Bank_A,E42,P016,NETBANKING,ALTERNATE_PAYMENT,0.71789426,3822.829987467528,3822.829987467528,MEDIUM
E00125,6020.65,CHECKOUT_ABANDONED,Bank_A,E11,P016,WALLET,SEND_REMINDER,0.63466805,3821.1142084568737,3821.1142084568737,MEDIUM
E02185,6483.64,SUBSCRIPTION_FAILED,Bank_C,E17,P004,NETBANKING,ALTERNATE_PAYMENT,0.5890293,3819.05400932312,3819.05400932312,MEDIUM
E00470,5478.97,SUBSCRIPTION_FAILED,Bank_D,E17,P015,NETBANKING,ALTERNATE_PAYMENT,0.69548154,3810.522486488819,3810.522486488819,MEDIUM
E00033,5895.91,SUBSCRIPTION_FAILED,Bank_D,E42,P003,NETBANKING,ALTERNATE_PAYMENT,0.6459211,3808.292738186121,3808.292738186121,MEDIUM
E02230,5117.96,SUBSCRIPTION_FAILED,Bank_D,E42,P005,NETBANKING,ALTERNATE_PAYMENT,0.7434268,3804.8286241722103,3804.8286241722103,MEDIUM
E00001,4994.15,PAYMENT_FAILED,Bank_A,E42,P007,CARD,ALTERNATE_PAYMENT,0.7613123,3802.107852646708,3802.107852646708,MEDIUM
E01554,5795.33,SUBSCRIPTION_FAILED,Bank_C,E11,P003,NETBANKING,ALTERNATE_PAYMENT,0.65605974,3802.082704453468,3802.082704453468,MEDIUM
E03043,5214.07,CHECKOUT_ABANDONED,Bank_A,E42,P003,CARD,ALTERNATE_PAYMENT,0.7273423,3792.4137056189775,3792.4137056189775,MEDIUM
E04162,5970.34,SUBSCRIPTION_FAILED,Bank_D,E11,P002,CARD,ALTERNATE_PAYMENT,0.63501227,3791.239150221348,3791.239150221348,MEDIUM
E02002,5698.42,INVOICE_OVERDUE,Bank_D,E11,P018,UPI,ALTERNATE_PAYMENT,0.6643814,3785.9241710543633,3785.9241710543633,MEDIUM
E03818,7487.29,INVOICE_OVERDUE,Bank_D,E23,P010,CARD,SEND_REMINDER,0.50552,3784.974737120867,3784.974737120867,MEDIUM
E03639,6255.74,CHECKOUT_ABANDONED,Bank_C,E17,P016,CARD,SEND_REMINDER,0.60462695,3782.389018725157,3782.389018725157,MEDIUM
E03212,7916.76,INVOICE_OVERDUE,Bank_B,E23,P011,UPI,SEND_REMINDER,0.47767863,3781.66704531312,3781.66704531312,MEDIUM
E00485,7666.62,INVOICE_OVERDUE,Bank_C,E23,P007,UPI,SEND_REMINDER,0.49230018,3774.2784257787466,3774.2784257787466,MEDIUM
E02329,6032.7,PAYMENT_FAILED,Bank_C,E23,P010,CARD,RETRY_PAYMENT,0.6254325,3773.0465902805327,3773.0465902805327,MEDIUM
E00587,5752.96,PAYMENT_FAILED,Bank_D,E23,P011,WALLET,RETRY_PAYMENT,0.65565896,3771.979772491455,3771.979772491455,MEDIUM
E01198,5621.92,SUBSCRIPTION_FAILED,Bank_A,E11,P012,UPI,ALTERNATE_PAYMENT,0.6706256,3770.203625173569,3770.203625173569,MEDIUM
E02472,5963.81,PAYMENT_FAILED,Bank_A,E11,P003,CARD,RETRY_PAYMENT,0.6321042,3769.7494563871614,3769.7494563871614,MEDIUM
E00646,6107.45,PAYMENT_FAILED,Bank_A,E23,P011,CARD,RETRY_PAYMENT,0.6172046,3769.54627417028,3769.54627417028,MEDIUM
E03635,6235.27,INVOICE_OVERDUE,Bank_B,E23,P011,UPI,ALTERNATE_PAYMENT,0.60433155,3768.170402364135,3768.170402364135,MEDIUM
E01462,6556.55,CHECKOUT_ABANDONED,Bank_C,E42,P014,CARD,ALTERNATE_PAYMENT,0.5746761,3767.892560109496,3767.892560109496,MEDIUM
E03993,8454.39,PAYMENT_FAILED,Bank_A,E23,P004,CARD,RETRY_PAYMENT,0.44467562,3759.461151922345,3759.461151922345,MEDIUM
E04793,5641.47,PAYMENT_FAILED,Bank_A,E23,P020,CARD,RETRY_PAYMENT,0.6659749,3757.077503880859,3757.077503880859,MEDIUM
E02034,6190.51,CHECKOUT_ABANDONED,Bank_B,E17,P010,CARD,SEND_REMINDER,0.60581076,3750.277576874495,3750.277576874495,MEDIUM
E02286,7099.24,INVOICE_OVERDUE,Bank_B,E23,P019,UPI,SEND_REMINDER,0.5279918,3748.340305309296,3748.340305309296,MEDIUM
E00465,5432.15,SUBSCRIPTION_FAILED,Bank_D,E17,P008,WALLET,ALTERNATE_PAYMENT,0.68986887,3747.471168032289,3747.471168032289,MEDIUM
E02027,6906.58,PAYMENT_FAILED,Bank_A,E11,P010,CARD,RETRY_PAYMENT,0.5421833,3744.632197921276,3744.632197921276,MEDIUM
E00639,6600.71,INVOICE_OVERDUE,Bank_B,E17,P006,WALLET,SEND_REMINDER,0.56614316,3736.946785286665,3736.946785286665,MEDIUM
E00003,5702.31,CHECKOUT_ABANDONED,Bank_D,E42,P001,WALLET,ALTERNATE_PAYMENT,0.6550161,3735.104995463491,3735.104995463491,MEDIUM
E00780,6734.79,INVOICE_OVERDUE,Bank_C,E11,P008,UPI,SEND_REMINDER,0.5543674,3733.548177133799,3733.548177133799,MEDIUM
E00890,6180.11,PAYMENT_FAILED,Bank_B,E23,P004,WALLET,RETRY_PAYMENT,0.6040287,3732.963820171356,3732.963820171356,MEDIUM
E01799,5074.96,PAYMENT_FAILED,Bank_D,E23,P007,NETBANKING,RETRY_PAYMENT,0.7354873,3732.568538060189,3732.568538060189,MEDIUM
E03627,5316.2,SUBSCRIPTION_FAILED,Bank_A,E17,P002,WALLET,ALTERNATE_PAYMENT,0.70153904,3729.5218423843385,3729.5218423843385,MEDIUM
E04602,5831.82,SUBSCRIPTION_FAILED,Bank_B,E11,P009,UPI,ALTERNATE_PAYMENT,0.6385432,3723.868937977552,3723.868937977552,MEDIUM
E03563,6716.84,CHECKOUT_ABANDONED,Bank_D,E17,P010,CARD,SEND_REMINDER,0.5542538,3722.834205522537,3722.834205522537,MEDIUM
E00525,5324.68,PAYMENT_FAILED,Bank_D,E17,P016,WALLET,RETRY_PAYMENT,0.69866866,3720.1870337843898,3720.1870337843898,MEDIUM
E03335,6694.32,SUBSCRIPTION_FAILED,Bank_B,E11,P015,CARD,ALTERNATE_PAYMENT,0.55548555,3718.5980042409897,3718.5980042409897,MEDIUM
E00834,6396.43,SUBSCRIPTION_FAILED,Bank_C,E23,P014,CARD,ALTERNATE_PAYMENT,0.58039165,3712.434532587528,3712.434532587528,MEDIUM
E04822,5659.31,SUBSCRIPTION_FAILED,Bank_C,E11,P002,WALLET,ALTERNATE_PAYMENT,0.6558784,3711.819327374697,3711.819327374697,MEDIUM
E03104,5999.77,INVOICE_OVERDUE,Bank_D,E17,P008,UPI,SEND_REMINDER,0.6183459,3709.933278066516,3709.933278066516,MEDIUM
E01082,6468.56,CHECKOUT_ABANDONED,Bank_B,E23,P002,NETBANKING,SEND_REMINDER,0.57270217,3704.558345012665,3704.558345012665,MEDIUM
E03933,5905.03,PAYMENT_FAILED,Bank_C,E42,P001,WALLET,ALTERNATE_PAYMENT,0.6264868,3699.42322022438,3699.42322022438,MEDIUM
E03769,7081.02,INVOICE_OVERDUE,Bank_A,E11,P009,WALLET,SEND_REMINDER,0.522438,3699.3938539087776,3699.3938539087776,MEDIUM
E02518,6153.83,INVOICE_OVERDUE,Bank_A,E17,P011,WALLET,SEND_REMINDER,0.60033256,3694.344506351352,3694.344506351352,MEDIUM
E03857,6359.0,INVOICE_OVERDUE,Bank_A,E11,P011,CARD,SEND_REMINDER,0.5809614,3694.3335822224617,3694.3335822224617,MEDIUM
E02293,6163.81,CHECKOUT_ABANDONED,Bank_C,E23,P004,UPI,SEND_REMINDER,0.59922713,3693.522178711296,3693.522178711296,MEDIUM
E04981,6397.52,CHECKOUT_ABANDONED,Bank_D,E42,P020,NETBANKING,SEND_REMINDER,0.5771738,3692.4811150074006,3692.4811150074006,MEDIUM
E04806,5742.42,INVOICE_OVERDUE,Bank_B,E42,P009,WALLET,ALTERNATE_PAYMENT,0.64250845,3689.553357199431,3689.553357199431,MEDIUM
E01820,6009.73,INVOICE_OVERDUE,Bank_D,E17,P015,CARD,SEND_REMINDER,0.6138666,3689.172685580849,3689.172685580849,MEDIUM
E04420,5073.7,PAYMENT_FAILED,Bank_A,E42,P003,NETBANKING,ALTERNATE_PAYMENT,0.7249215,3678.034338980913,3678.034338980913,MEDIUM
E00026,5859.72,CHECKOUT_ABANDONED,Bank_C,E23,P009,WALLET,SEND_REMINDER,0.6274512,3676.68823674202,3676.68823674202,MEDIUM
E02528,5011.19,CHECKOUT_ABANDONED,Bank_A,E42,P014,WALLET,ALTERNATE_PAYMENT,0.7334373,3675.393662025928,3675.393662025928,MEDIUM
E00784,8510.06,SUBSCRIPTION_FAILED,Bank_C,E11,P001,UPI,ALTERNATE_PAYMENT,0.43159926,3672.935593249797,3672.935593249797,MEDIUM
E00532,4858.26,INVOICE_OVERDUE,Bank_A,E42,P008,WALLET,ALTERNATE_PAYMENT,0.7535357,3660.87229121089,3660.87229121089,MEDIUM
E01414,6018.38,CHECKOUT_ABANDONED,Bank_A,E17,P004,NETBANKING,SEND_REMINDER,0.608261,3660.745772116185,3660.745772116185,MEDIUM
E02840,5228.8,PAYMENT_FAILED,Bank_D,E11,P013,UPI,RETRY_PAYMENT,0.69911265,3655.5202438354495,3655.5202438354495,MEDIUM
E01564,5590.38,CHECKOUT_ABANDONED,Bank_D,E17,P007,CARD,SEND_REMINDER,0.6537241,3654.5659908413886,3654.5659908413886,MEDIUM
E02096,4724.81,PAYMENT_FAILED,Bank_A,E42,P012,UPI,ALTERNATE_PAYMENT,0.7734193,3654.259340085388,3654.259340085388,MEDIUM
E01774,4918.72,CHECKOUT_ABANDONED,Bank_A,E42,P017,NETBANKING,ALTERNATE_PAYMENT,0.7400989,3640.339230136872,3640.339230136872,MEDIUM
E03937,6402.29,PAYMENT_FAILED,Bank_C,E23,P017,NETBANKING,RETRY_PAYMENT,0.5680946,3637.106448134184,3637.106448134184,MEDIUM
E03751,6557.65,CHECKOUT_ABANDONED,Bank_A,E17,P017,CARD,SEND_REMINDER,0.55463,3637.069298300147,3637.069298300147,MEDIUM
E03669,7019.15,INVOICE_OVERDUE,Bank_C,E23,P006,NETBANKING,SEND_REMINDER,0.51785964,3634.934476223588,3634.934476223588,MEDIUM
E02934,5069.78,PAYMENT_FAILED,Bank_B,E17,P014,CARD,RETRY_PAYMENT,0.7162187,3631.071291308403,3631.071291308403,MEDIUM
E03228,6648.83,INVOICE_OVERDUE,Bank_A,E23,P003,NETBANKING,ALTERNATE_PAYMENT,0.5458952,3629.564507941008,3629.564507941008,MEDIUM
E03008,4740.57,SUBSCRIPTION_FAILED,Bank_A,E42,P001,WALLET,ALTERNATE_PAYMENT,0.7654574,3628.704347555637,3628.704347555637,MEDIUM
E00844,5296.01,SUBSCRIPTION_FAILED,Bank_A,E11,P016,UPI,ALTERNATE_PAYMENT,0.68504846,3628.0234997308257,3628.0234997308257,MEDIUM
E02880,6215.01,CHECKOUT_ABANDONED,Bank_C,E23,P006,UPI,SEND_REMINDER,0.5836038,3627.1034489554168,3627.1034489554168,MEDIUM
E00027,6548.46,INVOICE_OVERDUE,Bank_A,E17,P002,NETBANKING,ALTERNATE_PAYMENT,0.5536284,3625.413334475756,3625.413334475756,MEDIUM
E01519,4988.36,CHECKOUT_ABANDONED,Bank_A,E42,P007,NETBANKING,ALTERNATE_PAYMENT,0.7248786,3615.955458891392,3615.955458891392,MEDIUM
E01350,7549.1,INVOICE_OVERDUE,Bank_C,E17,P002,CARD,SEND_REMINDER,0.47876936,3614.277790468932,3614.277790468932,MEDIUM
E02080,7186.47,INVOICE_OVERDUE,Bank_C,E23,P019,UPI,SEND_REMINDER,0.50169605,3605.4236136442414,3605.4236136442414,MEDIUM
E01646,4814.19,SUBSCRIPTION_FAILED,Bank_B,E42,P010,WALLET,ALTERNATE_PAYMENT,0.7489083,3605.386758878231,3605.386758878231,MEDIUM
E02592,6246.33,CHECKOUT_ABANDONED,Bank_B,E23,P010,NETBANKING,SEND_REMINDER,0.5765858,3601.545362868905,3601.545362868905,MEDIUM
E00251,5487.67,SUBSCRIPTION_FAILED,Bank_A,E17,P012,UPI,ALTERNATE_PAYMENT,0.6551999,3595.5207549393176,3595.5207549393176,MEDIUM
E01333,4981.61,CHECKOUT_ABANDONED,Bank_A,E42,P008,WALLET,ALTERNATE_PAYMENT,0.7212963,3593.216912975311,3593.216912975311,MEDIUM
E03862,6329.44,INVOICE_OVERDUE,Bank_B,E11,P002,UPI,ALTERNATE_PAYMENT,0.5673157,3590.7906694602966,3590.7906694602966,MEDIUM
E01469,5873.35,PAYMENT_FAILED,Bank_C,E23,P010,NETBANKING,RETRY_PAYMENT,0.6113224,3590.5104353904726,3590.5104353904726,MEDIUM
E02647,5147.56,PAYMENT_FAILED,Bank_A,E42,P004,UPI,ALTERNATE_PAYMENT,0.6970978,3588.352639770508,3588.352639770508,MEDIUM
E02983,5529.37,SUBSCRIPTION_FAILED,Bank_C,E17,P002,WALLET,ALTERNATE_PAYMENT,0.64779496,3581.898028643131,3581.898028643131,MEDIUM
E00265,7108.87,INVOICE_OVERDUE,Bank_C,E11,P009,NETBANKING,SEND_REMINDER,0.5030669,3576.2371748650075,3576.2371748650075,MEDIUM
E04348,8421.42,INVOICE_OVERDUE,Bank_C,E23,P005,UPI,SEND_REMINDER,0.42432138,3573.3885832268,3573.3885832268,MEDIUM
E03279,5845.29,PAYMENT_FAILED,Bank_C,E11,P002,NETBANKING,RETRY_PAYMENT,0.6111974,3572.6261204713583,3572.6261204713583,MEDIUM
E00081,4003.3,SUBSCRIPTION_FAILED,Bank_A,E42,P012,UPI,ALTERNATE_PAYMENT,0.89202636,3571.049146217108,3571.049146217108,MEDIUM
E02111,5122.47,PAYMENT_FAILED,Bank_A,E42,P004,UPI,ALTERNATE_PAYMENT,0.6970978,3570.8624565124514,3570.8624565124514,MEDIUM
E03231,6464.68,SUBSCRIPTION_FAILED,Bank_B,E17,P001,WALLET,ALTERNATE_PAYMENT,0.5520475,3568.810374593735,3568.810374593735,MEDIUM
E01828,5569.45,PAYMENT_FAILED,Bank_B,E17,P008,WALLET,RETRY_PAYMENT,0.6390122,3558.9465948760508,3558.9465948760508,MEDIUM
E01999,5660.48,PAYMENT_FAILED,Bank_D,E42,P001,UPI,ALTERNATE_PAYMENT,0.6279109,3554.2771593666075,3554.2771593666075,MEDIUM
E02338,6145.34,CHECKOUT_ABANDONED,Bank_A,E23,P017,NETBANKING,ALTERNATE_PAYMENT,0.57708865,3546.405989226103,3546.405989226103,MEDIUM
E04500,5268.37,SUBSCRIPTION_FAILED,Bank_C,E42,P006,NETBANKING,ALTERNATE_PAYMENT,0.672577,3543.384613329172,3543.384613329172,MEDIUM
E04146,5408.56,CHECKOUT_ABANDONED,Bank_B,E17,P011,NETBANKING,SEND_REMINDER,0.65381294,3536.186541209221,3536.186541209221,MEDIUM
E02139,4844.13,PAYMENT_FAILED,Bank_A,E42,P005,UPI,ALTERNATE_PAYMENT,0.72929037,3532.7773414886,3532.7773414886,MEDIUM
E03749,5669.82,PAYMENT_FAILED,Bank_B,E23,P002,WALLET,RETRY_PAYMENT,0.62286013,3531.5048429596422,3531.5048429596422,MEDIUM
E03784,4019.36,SUBSCRIPTION_FAILED,Bank_A,E42,P016,WALLET,ALTERNATE_PAYMENT,0.87810683,3529.4274782943726,3529.4274782943726,MEDIUM
E01112,4949.97,PAYMENT_FAILED,Bank_A,E11,P009,NETBANKING,RETRY_PAYMENT,0.7124993,3526.8502615302805,3526.8502615302805,MEDIUM
E03457,5397.65,PAYMENT_FAILED,Bank_D,E11,P015,CARD,RETRY_PAYMENT,0.653055,3524.962386742234,3524.962386742234,MEDIUM
E01339,5434.28,INVOICE_OVERDUE,Bank_B,E42,P010,CARD,ALTERNATE_PAYMENT,0.6484123,3523.6539242768285,3523.6539242768285,MEDIUM
E04386,4879.58,PAYMENT_FAILED,Bank_A,E42,P009,CARD,ALTERNATE_PAYMENT,0.72129494,3519.61636097312,3519.61636097312,MEDIUM
E01415,5055.37,PAYMENT_FAILED,Bank_B,E11,P013,NETBANKING,RETRY_PAYMENT,0.69611514,3519.119575821161,3519.119575821161,MEDIUM
E02961,5670.87,INVOICE_OVERDUE,Bank_A,E42,P001,CARD,ALTERNATE_PAYMENT,0.61912054,3510.9520866590738,3510.9520866590738,MEDIUM
E01746,6433.8,CHECKOUT_ABANDONED,Bank_B,E23,P008,CARD,SEND_REMINDER,0.54566807,3510.7192001223566,3510.7192001223566,MEDIUM
E03763,4495.11,PAYMENT_FAILED,Bank_A,E42,P012,CARD,ALTERNATE_PAYMENT,0.77830744,3498.577547163963,3498.577547163963,MEDIUM
E00921,6174.18,PAYMENT_FAILED,Bank_D,E11,P002,WALLET,RETRY_PAYMENT,0.56619215,3495.772249403,3495.772249403,MEDIUM
E00305,4794.92,PAYMENT_FAILED,Bank_A,E42,P015,UPI,ALTERNATE_PAYMENT,0.7285528,3493.352479515076,3493.352479515076,MEDIUM
E00270,4478.36,SUBSCRIPTION_FAILED,Bank_B,E42,P001,NETBANKING,ALTERNATE_PAYMENT,0.7798516,3492.456280472278,3492.456280472278,MEDIUM
E01148,5355.81,PAYMENT_FAILED,Bank_A,E17,P007,CARD,RETRY_PAYMENT,0.6517164,3490.4692718070746,3490.4692718070746,MEDIUM
E03522,4509.11,PAYMENT_FAILED,Bank_D,E17,P019,CARD,RETRY_PAYMENT,0.77292615,3485.2090401285886,3485.2090401285886,MEDIUM
E04269,5000.88,PAYMENT_FAILED,Bank_A,E42,P001,NETBANKING,ALTERNATE_PAYMENT,0.6968211,3484.718670358658,3484.718670358658,MEDIUM
E01982,6702.23,INVOICE_OVERDUE,Bank_D,E23,P017,NETBANKING,ALTERNATE_PAYMENT,0.5197706,3483.6222575855254,3483.6222575855254,MEDIUM
E02306,6124.89,INVOICE_OVERDUE,Bank_B,E11,P004,UPI,SEND_REMINDER,0.56826097,3480.535918648839,3480.535918648839,MEDIUM
E00548,6145.21,INVOICE_OVERDUE,Bank_A,E11,P015,WALLET,SEND_REMINDER,0.56615347,3479.131945108772,3479.131945108772,MEDIUM
E01875,5373.48,PAYMENT_FAILED,Bank_A,E17,P020,UPI,RETRY_PAYMENT,0.6468647,3475.914593918323,3475.914593918323,MEDIUM
E01025,5731.8,INVOICE_OVERDUE,Bank_D,E11,P010,UPI,SEND_REMINDER,0.606126,3474.1930665135383,3474.1930665135383,MEDIUM
E02940,7631.43,SUBSCRIPTION_FAILED,Bank_A,E17,P001,CARD,ALTERNATE_PAYMENT,0.45458624,3469.1430517342687,3469.1430517342687,MEDIUM
E02135,4134.52,SUBSCRIPTION_FAILED,Bank_A,E42,P014,CARD,ALTERNATE_PAYMENT,0.8384113,3466.428170540333,3466.428170540333,MEDIUM
E04319,6407.86,CHECKOUT_ABANDONED,Bank_D,E17,P007,UPI,SEND_REMINDER,0.5394452,3456.689456554651,3456.689456554651,MEDIUM
E01463,5312.81,CHECKOUT_ABANDONED,Bank_B,E17,P016,WALLET,SEND_REMINDER,0.6502314,3454.555995770097,3454.555995770097,MEDIUM
E04426,6035.96,INVOICE_OVERDUE,Bank_C,E23,P002,NETBANKING,SEND_REMINDER,0.5712276,3447.9070055270195,3447.9070055270195,MEDIUM
E04849,5547.67,SUBSCRIPTION_FAILED,Bank_C,E17,P014,CARD,ALTERNATE_PAYMENT,0.6214915,3447.829704284072,3447.829704284072,MEDIUM
E03429,4878.64,SUBSCRIPTION_FAILED,Bank_A,E11,P006,CARD,ALTERNATE_PAYMENT,0.70508456,3439.8537490272524,3439.8537490272524,MEDIUM
E03577,5187.95,PAYMENT_FAILED,Bank_D,E23,P015,NETBANKING,RETRY_PAYMENT,0.6608714,3428.567709738016,3428.567709738016,MEDIUM
E03386,6957.57,PAYMENT_FAILED,Bank_A,E23,P013,UPI,RETRY_PAYMENT,0.49253303,3426.8330204969643,3426.8330204969643,MEDIUM
E03238,6340.61,CHECKOUT_ABANDONED,Bank_C,E23,P007,CARD,SEND_REMINDER,0.5404511,3426.789708831906,3426.789708831906,MEDIUM
E03469,4546.14,CHECKOUT_ABANDONED,Bank_A,E42,P016,WALLET,ALTERNATE_PAYMENT,0.7530817,3423.6147457337383,3423.6147457337383,MEDIUM
E03900,4694.2,PAYMENT_FAILED,Bank_A,E42,P007,WALLET,ALTERNATE_PAYMENT,0.7291767,3422.90126568079,3422.90126568079,MEDIUM
E00474,6773.17,CHECKOUT_ABANDONED,Bank_C,E23,P013,NETBANKING,SEND_REMINDER,0.50437754,3416.234849194884,3416.234849194884,MEDIUM
E03586,4775.5,PAYMENT_FAILED,Bank_A,E42,P010,WALLET,ALTERNATE_PAYMENT,0.714142,3410.385238081217,3410.385238081217,MEDIUM
E03654,5920.11,PAYMENT_FAILED,Bank_A,E17,P004,UPI,RETRY_PAYMENT,0.5759088,3409.4433281457423,3409.4433281457423,MEDIUM
E03309,5570.35,PAYMENT_FAILED,Bank_A,E11,P005,UPI,RETRY_PAYMENT,0.61197215,3408.899083504081,3408.899083504081,MEDIUM
E01729,7138.6,INVOICE_OVERDUE,Bank_C,E23,P004,NETBANKING,SEND_REMINDER,0.47609547,3398.6551064789296,3398.6551064789296,MEDIUM
E02060,7235.25,INVOICE_OVERDUE,Bank_D,E17,P002,CARD,ALTERNATE_PAYMENT,0.46955386,3397.339551396668,3397.339551396668,MEDIUM
E03567,6544.28,CHECKOUT_ABANDONED,Bank_D,E23,P001,CARD,SEND_REMINDER,0.51720613,3384.7417482209203,3384.7417482209203,MEDIUM
E01680,5294.84,CHECKOUT_ABANDONED,Bank_B,E17,P014,CARD,SEND_REMINDER,0.6392424,3384.6862856578828,3384.6862856578828,MEDIUM
E01511,5920.33,INVOICE_OVERDUE,Bank_A,E11,P008,CARD,ALTERNATE_PAYMENT,0.5715131,3383.546248177886,3383.546248177886,MEDIUM
E00504,5380.77,CHECKOUT_ABANDONED,Bank_D,E42,P011,NETBANKING,ALTERNATE_PAYMENT,0.6288139,3383.503089260459,3383.503089260459,MEDIUM
E02143,5865.02,CHECKOUT_ABANDONED,Bank_A,E11,P006,CARD,SEND_REMINDER,0.5764323,3380.786895965338,3380.786895965338,MEDIUM
E02881,4848.09,SUBSCRIPTION_FAILED,Bank_C,E42,P002,NETBANKING,ALTERNATE_PAYMENT,0.69713646,3379.78030877173,3379.78030877173,MEDIUM
E04317,6358.29,CHECKOUT_ABANDONED,Bank_A,E17,P019,UPI,ALTERNATE_PAYMENT,0.5310307,3376.4472817736864,3376.4472817736864,MEDIUM
E02618,5513.32,PAYMENT_FAILED,Bank_A,E17,P014,CARD,RETRY_PAYMENT,0.61080784,3367.5790586829185,3367.5790586829185,MEDIUM
E04244,6723.68,CHECKOUT_ABANDONED,Bank_B,E11,P007,UPI,ALTERNATE_PAYMENT,0.50038624,3364.4369413757327,3364.4369413757327,MEDIUM
E02798,6144.18,INVOICE_OVERDUE,Bank_C,E11,P005,CARD,SEND_REMINDER,0.547507,3363.9814858281616,3363.9814858281616,MEDIUM
E00405,6486.33,CHECKOUT_ABANDONED,Bank_D,E17,P001,UPI,ALTERNATE_PAYMENT,0.5177167,3358.0814003258943,3358.0814003258943,MEDIUM
E02101,5509.16,PAYMENT_FAILED,Bank_C,E42,P005,NETBANKING,ALTERNATE_PAYMENT,0.6089025,3354.5413739228247,3354.5413739228247,MEDIUM
E02730,5714.84,INVOICE_OVERDUE,Bank_A,E23,P017,CARD,ALTERNATE_PAYMENT,0.58677006,3353.296996421814,3353.296996421814,MEDIUM
E01687,6520.88,PAYMENT_FAILED,Bank_A,E23,P001,WALLET,RETRY_PAYMENT,0.51309705,3345.844277095795,3345.844277095795,MEDIUM
E00647,5685.08,SUBSCRIPTION_FAILED,Bank_D,E11,P012,CARD,ALTERNATE_PAYMENT,0.5876778,3340.995175406933,3340.995175406933,MEDIUM
E02221,4422.36,INVOICE_OVERDUE,Bank_A,E42,P012,NETBANKING,ALTERNATE_PAYMENT,0.7546914,3337.517156932354,3337.517156932354,MEDIUM
E04881,6432.82,INVOICE_OVERDUE,Bank_C,E11,P009,NETBANKING,ALTERNATE_PAYMENT,0.5186345,3336.282372192144,3336.282372192144,MEDIUM
E00636,5822.16,INVOICE_OVERDUE,Bank_D,E11,P006,UPI,SEND_REMINDER,0.57238317,3332.506370029449,3332.506370029449,MEDIUM
E02452,5251.17,CHECKOUT_ABANDONED,Bank_D,E42,P016,NETBANKING,ALTERNATE_PAYMENT,0.6345194,3331.9692283111813,3331.9692283111813,MEDIUM
E00978,6355.86,INVOICE_OVERDUE,Bank_A,E23,P003,UPI,ALTERNATE_PAYMENT,0.52381516,3329.2957912445067,3329.2957912445067,MEDIUM
E01441,4535.58,PAYMENT_FAILED,Bank_A,E42,P017,NETBANKING,ALTERNATE_PAYMENT,0.7336696,3327.6170692527294,3327.6170692527294,MEDIUM
E01897,5099.34,PAYMENT_FAILED,Bank_B,E17,P002,NETBANKING,RETRY_PAYMENT,0.6525541,3327.595197733641,3327.595197733641,MEDIUM
E01405,7622.7,SUBSCRIPTION_FAILED,Bank_A,E11,P001,WALLET,ALTERNATE_PAYMENT,0.43596306,3323.215651246905,3323.215651246905,MEDIUM
E00942,5313.93,SUBSCRIPTION_FAILED,Bank_A,E23,P008,UPI,ALTERNATE_PAYMENT,0.62448174,3318.452239957452,3318.452239957452,MEDIUM
E00321,5792.94,INVOICE_OVERDUE,Bank_C,E17,P002,WALLET,SEND_REMINDER,0.57278234,3318.0937151563166,3318.0937151563166,MEDIUM
E04389,4925.6,CHECKOUT_ABANDONED,Bank_B,E42,P011,NETBANKING,ALTERNATE_PAYMENT,0.6736298,3318.031043100357,3318.031043100357,MEDIUM
E01061,5469.9,CHECKOUT_ABANDONED,Bank_D,E42,P001,UPI,ALTERNATE_PAYMENT,0.6043125,3305.528831595182,3305.528831595182,MEDIUM
E02530,5893.17,PAYMENT_FAILED,Bank_A,E23,P004,NETBANKING,ALTERNATE_PAYMENT,0.55882514,3293.251522189378,3293.251522189378,MEDIUM
E03340,5248.2,PAYMENT_FAILED,Bank_B,E11,P015,NETBANKING,RETRY_PAYMENT,0.62717235,3291.5259319067,3291.5259319067,MEDIUM
E00827,4568.83,PAYMENT_FAILED,Bank_D,E17,P011,CARD,RETRY_PAYMENT,0.72005856,3289.8251523816584,3289.8251523816584,MEDIUM
E04613,4417.49,INVOICE_OVERDUE,Bank_A,E42,P013,UPI,ALTERNATE_PAYMENT,0.7435296,3284.534651275277,3284.534651275277,MEDIUM
E04958,5558.27,PAYMENT_FAILED,Bank_C,E17,P005,CARD,RETRY_PAYMENT,0.59084076,3284.052453816533,3284.052453816533,MEDIUM
E03792,5225.9,PAYMENT_FAILED,Bank_C,E11,P003,NETBANKING,RETRY_PAYMENT,0.6277262,3280.434334170818,3280.434334170818,MEDIUM
E03696,4523.41,SUBSCRIPTION_FAILED,Bank_B,E42,P009,UPI,ALTERNATE_PAYMENT,0.7247789,3278.4720815730093,3278.4720815730093,MEDIUM
E04536,5160.55,CHECKOUT_ABANDONED,Bank_B,E17,P003,CARD,SEND_REMINDER,0.63527805,3278.384120962024,3278.384120962024,MEDIUM
E02542,5774.18,INVOICE_OVERDUE,Bank_D,E11,P014,NETBANKING,ALTERNATE_PAYMENT,0.56721187,3275.183414607048,3275.183414607048,MEDIUM
E03149,5552.59,CHECKOUT_ABANDONED,Bank_A,E11,P009,NETBANKING,ALTERNATE_PAYMENT,0.58980995,3274.9728534048795,3274.9728534048795,MEDIUM
E02256,4366.76,SUBSCRIPTION_FAILED,Bank_B,E42,P001,WALLET,ALTERNATE_PAYMENT,0.7494822,3272.8089547753334,3272.8089547753334,MEDIUM
E01075,5160.58,INVOICE_OVERDUE,Bank_A,E42,P001,WALLET,ALTERNATE_PAYMENT,0.6337739,3270.6410311436653,3270.6410311436653,MEDIUM
E01829,5565.63,INVOICE_OVERDUE,Bank_C,E11,P020,WALLET,SEND_REMINDER,0.58705264,3267.3178031247853,3267.3178031247853,MEDIUM
E03869,5550.4,PAYMENT_FAILED,Bank_C,E17,P005,UPI,RETRY_PAYMENT,0.58750445,3260.884679889679,3260.884679889679,MEDIUM
E02862,4808.52,PAYMENT_FAILED,Bank_D,E42,P007,WALLET,ALTERNATE_PAYMENT,0.6774577,3257.5688526678086,3257.5688526678086,MEDIUM
E03115,4853.76,PAYMENT_FAILED,Bank_A,E17,P013,NETBANKING,RETRY_PAYMENT,0.67110443,3257.37984375,3257.37984375,MEDIUM
E01659,4366.85,PAYMENT_FAILED,Bank_C,E17,P019,WALLET,RETRY_PAYMENT,0.7455764,3255.820222353936,3255.820222353936,MEDIUM
E00340,4765.68,SUBSCRIPTION_FAILED,Bank_C,E42,P005,CARD,ALTERNATE_PAYMENT,0.6828927,3254.447988023758,3254.447988023758,MEDIUM
E04562,4586.4,PAYMENT_FAILED,Bank_D,E23,P009,WALLET,RETRY_PAYMENT,0.7089794,3251.6632477283474,3251.6632477283474,MEDIUM
E02892,7075.27,INVOICE_OVERDUE,Bank_A,E23,P012,NETBANKING,SEND_REMINDER,0.45883134,3246.355615489185,3246.355615489185,MEDIUM
E02991,6785.05,INVOICE_OVERDUE,Bank_D,E17,P004,CARD,SEND_REMINDER,0.47839066,3245.904573838413,3245.904573838413,MEDIUM
E02381,6387.91,INVOICE_OVERDUE,Bank_D,E17,P001,UPI,ALTERNATE_PAYMENT,0.5080922,3245.647402431369,3245.647402431369,MEDIUM
E00597,4407.56,CHECKOUT_ABANDONED,Bank_A,E42,P005,UPI,ALTERNATE_PAYMENT,0.7337986,3234.26145916462,3234.26145916462,MEDIUM
E00749,7539.5,INVOICE_OVERDUE,Bank_A,E23,P016,CARD,SEND_REMINDER,0.4285799,3231.278131082654,3231.278131082654,MEDIUM
E00011,5301.58,CHECKOUT_ABANDONED,Bank_C,E42,P008,UPI,ALTERNATE_PAYMENT,0.6089851,3228.583364397288,3228.583364397288,MEDIUM
E01674,5750.35,SUBSCRIPTION_FAILED,Bank_C,E23,P013,CARD,ALTERNATE_PAYMENT,0.5601798,3221.23008312583,3221.23008312583,MEDIUM
E02349,4167.0,SUBSCRIPTION_FAILED,Bank_B,E42,P001,NETBANKING,ALTERNATE_PAYMENT,0.7726609,3219.678016483784,3219.678016483784,MEDIUM
E01556,4926.24,INVOICE_OVERDUE,Bank_B,E42,P008,WALLET,ALTERNATE_PAYMENT,0.65298414,3216.75660118103,3216.75660118103,MEDIUM
E02283,5055.86,CHECKOUT_ABANDONED,Bank_C,E11,P015,WALLET,SEND_REMINDER,0.6352923,3211.948885617256,3211.948885617256,MEDIUM
E02203,5359.73,CHECKOUT_ABANDONED,Bank_B,E17,P020,UPI,SEND_REMINDER,0.59833443,3206.9110033380985,3206.9110033380985,MEDIUM
E00723,6358.99,INVOICE_OVERDUE,Bank_A,E23,P019,NETBANKING,ALTERNATE_PAYMENT,0.50424826,3206.509652088881,3206.509652088881,MEDIUM
E02625,5031.16,CHECKOUT_ABANDONED,Bank_A,E17,P005,WALLET,SEND_REMINDER,0.63627213,3201.186901628971,3201.186901628971,MEDIUM
E03436,5005.85,SUBSCRIPTION_FAILED,Bank_D,E11,P018,CARD,ALTERNATE_PAYMENT,0.6366229,3186.838772654534,3186.838772654534,MEDIUM
E00503,3580.24,SUBSCRIPTION_FAILED,Bank_A,E42,P006,WALLET,ALTERNATE_PAYMENT,0.88947403,3184.5305165958403,3184.5305165958403,MEDIUM
E01900,5208.23,PAYMENT_FAILED,Bank_C,E11,P014,WALLET,RETRY_PAYMENT,0.61120576,3183.3001580315827,3183.3001580315827,MEDIUM
E00933,5792.77,INVOICE_OVERDUE,Bank_A,E11,P004,UPI,ALTERNATE_PAYMENT,0.5478551,3173.598466987014,3173.598466987014,MEDIUM
E01602,4668.5,PAYMENT_FAILED,Bank_D,E11,P012,NETBANKING,RETRY_PAYMENT,0.6789322,3169.594928741455,3169.594928741455,MEDIUM
E03968,5180.79,SUBSCRIPTION_FAILED,Bank_D,E11,P005,NETBANKING,ALTERNATE_PAYMENT,0.6114209,3167.6434369915723,3167.6434369915723,MEDIUM
E03735,6335.55,SUBSCRIPTION_FAILED,Bank_B,E11,P004,CARD,ALTERNATE_PAYMENT,0.4990612,3161.8271669223905,3161.8271669223905,MEDIUM
E04223,5177.95,PAYMENT_FAILED,Bank_C,E23,P018,NETBANKING,RETRY_PAYMENT,0.6101554,3159.35417214334,3159.35417214334,MEDIUM
E03256,4841.95,PAYMENT_FAILED,Bank_B,E23,P007,UPI,RETRY_PAYMENT,0.65231985,3158.500090625882,3158.500090625882,MEDIUM
E04853,4183.58,SUBSCRIPTION_FAILED,Bank_D,E42,P001,NETBANKING,ALTERNATE_PAYMENT,0.7543437,3155.8571682846546,3155.8571682846546,MEDIUM
E00126,4747.65,CHECKOUT_ABANDONED,Bank_A,E42,P009,NETBANKING,ALTERNATE_PAYMENT,0.66433746,3154.041724053025,3154.041724053025,MEDIUM
E04306,4189.71,PAYMENT_FAILED,Bank_A,E42,P017,UPI,ALTERNATE_PAYMENT,0.7522005,3151.501890975237,3151.501890975237,MEDIUM
E03269,4664.91,SUBSCRIPTION_FAILED,Bank_D,E42,P012,NETBANKING,ALTERNATE_PAYMENT,0.67448264,3146.400828976035,3146.400828976035,MEDIUM
E01077,3692.85,SUBSCRIPTION_FAILED,Bank_A,E42,P013,WALLET,ALTERNATE_PAYMENT,0.85200626,3146.3313046127555,3146.3313046127555,MEDIUM
E04972,3785.82,SUBSCRIPTION_FAILED,Bank_A,E42,P004,CARD,ALTERNATE_PAYMENT,0.8299596,3142.077544451952,3142.077544451952,MEDIUM
E00680,4790.52,PAYMENT_FAILED,Bank_A,E23,P009,NETBANKING,RETRY_PAYMENT,0.65535754,3139.5034008622174,3139.5034008622174,MEDIUM
E01023,3777.56,SUBSCRIPTION_FAILED,Bank_A,E42,P019,NETBANKING,ALTERNATE_PAYMENT,0.82999545,3135.3576247859,3135.3576247859,MEDIUM
E04931,4586.64,PAYMENT_FAILED,Bank_B,E23,P020,NETBANKING,RETRY_PAYMENT,0.6834875,3134.910991959572,3134.910991959572,MEDIUM
E03845,4882.53,CHECKOUT_ABANDONED,Bank_A,E23,P012,NETBANKING,SEND_REMINDER,0.64091486,3129.2860186403987,3129.2860186403987,MEDIUM
E04531,5993.44,INVOICE_OVERDUE,Bank_A,E23,P012,WALLET,ALTERNATE_PAYMENT,0.5219916,3128.5253981971737,3128.5253981971737,MEDIUM
E04632,4837.79,SUBSCRIPTION_FAILED,Bank_C,E42,P006,UPI,ALTERNATE_PAYMENT,0.64664245,3128.320361340046,3128.320361340046,MEDIUM
E02253,4748.04,SUBSCRIPTION_FAILED,Bank_D,E42,P013,CARD,ALTERNATE_PAYMENT,0.6586388,3127.2432509064674,3127.2432509064674,MEDIUM
E01097,3631.39,SUBSCRIPTION_FAILED,Bank_A,E42,P003,UPI,ALTERNATE_PAYMENT,0.8605118,3124.8538719940184,3124.8538719940184,MEDIUM
E03543,4411.24,SUBSCRIPTION_FAILED,Bank_C,E17,P009,NETBANKING,ALTERNATE_PAYMENT,0.7081301,3123.731915979385,3123.731915979385,MEDIUM
E01565,3555.09,SUBSCRIPTION_FAILED,Bank_A,E42,P012,CARD,ALTERNATE_PAYMENT,0.8782463,3122.244664878845,3122.244664878845,MEDIUM
E03172,5498.21,INVOICE_OVERDUE,Bank_D,E11,P002,WALLET,ALTERNATE_PAYMENT,0.56775373,3121.629247943759,3121.629247943759,MEDIUM
E04701,5339.9,INVOICE_OVERDUE,Bank_D,E17,P016,WALLET,SEND_REMINDER,0.5839179,3118.0632786929605,3118.0632786929605,MEDIUM
E00347,5338.03,INVOICE_OVERDUE,Bank_D,E11,P017,WALLET,ALTERNATE_PAYMENT,0.5840746,3117.8078247535227,3117.8078247535227,MEDIUM
E03091,4478.05,PAYMENT_FAILED,Bank_A,E17,P020,CARD,RETRY_PAYMENT,0.69573665,3115.5434905409816,3115.5434905409816,MEDIUM
E03036,4626.15,PAYMENT_FAILED,Bank_D,E23,P008,CARD,RETRY_PAYMENT,0.67330265,3114.7990563869475,3114.7990563869475,MEDIUM
E00940,5571.34,CHECKOUT_ABANDONED,Bank_D,E23,P011,UPI,SEND_REMINDER,0.55889344,3113.7853900098803,3113.7853900098803,MEDIUM
E03237,4725.13,CHECKOUT_ABANDONED,Bank_A,E42,P003,NETBANKING,ALTERNATE_PAYMENT,0.6583239,3110.6659340536594,3110.6659340536594,MEDIUM
E04543,4298.34,PAYMENT_FAILED,Bank_C,E17,P009,NETBANKING,RETRY_PAYMENT,0.7236267,3110.3934745752813,3110.3934745752813,MEDIUM
E02100,4474.62,SUBSCRIPTION_FAILED,Bank_B,E17,P010,NETBANKING,ALTERNATE_PAYMENT,0.691212,3092.911032561064,3092.911032561064,MEDIUM
E02637,3747.95,SUBSCRIPTION_FAILED,Bank_A,E42,P013,NETBANKING,ALTERNATE_PAYMENT,0.82460135,3090.5646380335093,3090.5646380335093,MEDIUM
E02163,4283.17,SUBSCRIPTION_FAILED,Bank_B,E42,P015,WALLET,ALTERNATE_PAYMENT,0.7211858,3088.9613976061346,3088.9613976061346,MEDIUM
E04713,4582.68,PAYMENT_FAILED,Bank_B,E11,P012,NETBANKING,RETRY_PAYMENT,0.67353743,3086.6065241360666,3086.6065241360666,MEDIUM
E04747,5025.1,INVOICE_OVERDUE,Bank_B,E23,P018,UPI,SEND_REMINDER,0.6139516,3085.168302947283,3085.168302947283,MEDIUM
E00719,4975.47,CHECKOUT_ABANDONED,Bank_B,E23,P015,CARD,SEND_REMINDER,0.61856186,3077.635996974707,3077.635996974707,MEDIUM
E01481,7745.94,INVOICE_OVERDUE,Bank_C,E23,P005,CARD,SEND_REMINDER,0.39694571,3074.717691264153,3074.717691264153,MEDIUM
E03391,5365.28,INVOICE_OVERDUE,Bank_C,E11,P009,UPI,ALTERNATE_PAYMENT,0.57255346,3071.9096054935453,3071.9096054935453,MEDIUM
E02574,4916.03,PAYMENT_FAILED,Bank_C,E23,P014,CARD,RETRY_PAYMENT,0.62350225,3065.1557881212234,3065.1557881212234,MEDIUM
E01813,4546.74,CHECKOUT_ABANDONED,Bank_B,E17,P007,WALLET,SEND_REMINDER,0.6734611,3062.052429049015,3062.052429049015,MEDIUM
E03417,4406.77,SUBSCRIPTION_FAILED,Bank_A,E23,P002,NETBANKING,ALTERNATE_PAYMENT,0.69479406,3061.7976144969466,3061.7976144969466,MEDIUM
E02350,4719.35,PAYMENT_FAILED,Bank_B,E23,P003,CARD,RETRY_PAYMENT,0.64874935,3061.6752520084383,3061.6752520084383,MEDIUM
E00061,4980.22,INVOICE_OVERDUE,Bank_B,E17,P001,WALLET,SEND_REMINDER,0.61447316,3060.2115412223343,3060.2115412223343,MEDIUM
E03605,4853.67,INVOICE_OVERDUE,Bank_B,E17,P007,UPI,ALTERNATE_PAYMENT,0.63026536,3059.100046137572,3059.100046137572,MEDIUM
E01676,5025.49,INVOICE_OVERDUE,Bank_C,E42,P002,NETBANKING,ALTERNATE_PAYMENT,0.608119,3056.0960082149504,3056.0960082149504,MEDIUM
E00075,6336.79,PAYMENT_FAILED,Bank_A,E23,P017,UPI,ALTERNATE_PAYMENT,0.48174432,3052.712584466636,3052.712584466636,MEDIUM
E04608,6479.96,INVOICE_OVERDUE,Bank_B,E23,P009,CARD,SEND_REMINDER,0.47077268,3050.58815895319,3050.58815895319,MEDIUM
E00350,4847.0,INVOICE_OVERDUE,Bank_C,E42,P011,UPI,ALTERNATE_PAYMENT,0.6285625,3046.642486035824,3046.642486035824,MEDIUM
E00296,5551.56,INVOICE_OVERDUE,Bank_C,E23,P010,UPI,SEND_REMINDER,0.54798627,3042.1786515140534,3042.1786515140534,MEDIUM
E02108,4780.13,PAYMENT_FAILED,Bank_B,E42,P019,NETBANKING,ALTERNATE_PAYMENT,0.6361268,3040.7688782697915,3040.7688782697915,MEDIUM
E00545,4214.08,INVOICE_OVERDUE,Bank_A,E42,P017,NETBANKING,ALTERNATE_PAYMENT,0.72067696,3036.990357532501,3036.990357532501,MEDIUM
E01237,4293.61,CHECKOUT_ABANDONED,Bank_A,E42,P006,WALLET,ALTERNATE_PAYMENT,0.70707357,3035.898147872686,3035.898147872686,MEDIUM
E03318,4391.52,CHECKOUT_ABANDONED,Bank_A,E42,P001,WALLET,ALTERNATE_PAYMENT,0.69063187,3032.923654174805,3032.923654174805,MEDIUM
E02593,5006.71,SUBSCRIPTION_FAILED,Bank_D,E11,P015,UPI,ALTERNATE_PAYMENT,0.6051066,3029.593226125241,3029.593226125241,MEDIUM
E01550,6605.49,SUBSCRIPTION_FAILED,Bank_B,E17,P001,CARD,ALTERNATE_PAYMENT,0.45835325,3027.6478173932437,3027.6478173932437,MEDIUM
E04060,4103.95,PAYMENT_FAILED,Bank_A,E42,P008,CARD,ALTERNATE_PAYMENT,0.73760915,3027.1110630393027,3027.1110630393027,MEDIUM
E00239,4075.09,INVOICE_OVERDUE,Bank_A,E42,P014,WALLET,ALTERNATE_PAYMENT,0.7422882,3024.8911078339816,3024.8911078339816,MEDIUM
E04511,3846.43,INVOICE_OVERDUE,Bank_A,E42,P017,WALLET,ALTERNATE_PAYMENT,0.785856,3022.740126888752,3022.740126888752,MEDIUM
E01830,4728.92,CHECKOUT_ABANDONED,Bank_C,E11,P012,UPI,SEND_REMINDER,0.63902044,3021.876553134918,3021.876553134918,MEDIUM
E01505,5408.33,CHECKOUT_ABANDONED,Bank_A,E23,P003,NETBANKING,ALTERNATE_PAYMENT,0.5585184,3020.651870889664,3020.651870889664,MEDIUM
E02691,5495.22,INVOICE_OVERDUE,Bank_A,E11,P015,WALLET,SEND_REMINDER,0.5494204,3019.1860603630544,3019.1860603630544,MEDIUM
E00497,4978.78,PAYMENT_FAILED,Bank_A,E23,P012,NETBANKING,RETRY_PAYMENT,0.6054908,3014.6055037379265,3014.6055037379265,MEDIUM
E01310,4101.87,CHECKOUT_ABANDONED,Bank_A,E42,P015,WALLET,ALTERNATE_PAYMENT,0.7343585,3012.2430573803185,3012.2430573803185,MEDIUM
E02224,4980.9,SUBSCRIPTION_FAILED,Bank_D,E17,P001,WALLET,ALTERNATE_PAYMENT,0.60393554,3008.142529803514,3008.142529803514,MEDIUM
E01289,4405.17,SUBSCRIPTION_FAILED,Bank_B,E23,P020,UPI,ALTERNATE_PAYMENT,0.6825229,3006.629372345209,3006.629372345209,MEDIUM
E03284,4483.71,SUBSCRIPTION_FAILED,Bank_D,E11,P009,WALLET,ALTERNATE_PAYMENT,0.670038,3004.256013042927,3004.256013042927,MEDIUM
E02073,4786.18,PAYMENT_FAILED,Bank_C,E42,P009,NETBANKING,ALTERNATE_PAYMENT,0.62720555,3001.9186625087264,3001.9186625087264,MEDIUM
E04123,4930.22,CHECKOUT_ABANDONED,Bank_D,E42,P011,WALLET,ALTERNATE_PAYMENT,0.6088435,3001.732427107096,3001.732427107096,MEDIUM
E02137,4866.71,CHECKOUT_ABANDONED,Bank_B,E42,P016,CARD,ALTERNATE_PAYMENT,0.61623204,2999.0226194369798,2999.0226194369798,MEDIUM
E00713,4726.83,SUBSCRIPTION_FAILED,Bank_D,E42,P008,NETBANKING,ALTERNATE_PAYMENT,0.63339466,2993.9488739472627,2993.9488739472627,MEDIUM
E00032,4192.58,PAYMENT_FAILED,Bank_A,E42,P006,WALLET,ALTERNATE_PAYMENT,0.7139739,2993.3926090312,2993.3926090312,MEDIUM
E04216,3960.12,INVOICE_OVERDUE,Bank_A,E42,P003,CARD,ALTERNATE_PAYMENT,0.75570697,2992.690269892216,2992.690269892216,MEDIUM
E02070,4389.57,SUBSCRIPTION_FAILED,Bank_B,E23,P014,NETBANKING,ALTERNATE_PAYMENT,0.68166405,2992.2120623141527,2992.2120623141527,MEDIUM
E03856,5521.54,INVOICE_OVERDUE,Bank_A,E23,P011,CARD,ALTERNATE_PAYMENT,0.5417797,2991.458267849684,2991.458267849684,MEDIUM
E00362,4942.32,INVOICE_OVERDUE,Bank_B,E17,P020,UPI,SEND_REMINDER,0.6046034,2988.143524160385,2988.143524160385,MEDIUM
E01520,4659.08,SUBSCRIPTION_FAILED,Bank_D,E17,P009,CARD,ALTERNATE_PAYMENT,0.64115334,2987.1846826934816,2987.1846826934816,MEDIUM
E04135,4198.9,CHECKOUT_ABANDONED,Bank_A,E42,P013,WALLET,ALTERNATE_PAYMENT,0.7108282,2984.6964663386343,2984.6964663386343,MEDIUM
E02809,4432.63,INVOICE_OVERDUE,Bank_D,E42,P001,NETBANKING,ALTERNATE_PAYMENT,0.67239386,2980.4731887048483,2980.4731887048483,MEDIUM
E00579,4765.0,PAYMENT_FAILED,Bank_D,E17,P010,UPI,RETRY_PAYMENT,0.62542295,2980.140378475189,2980.140378475189,MEDIUM
E00999,3998.95,PAYMENT_FAILED,Bank_A,E42,P015,CARD,ALTERNATE_PAYMENT,0.74361247,2973.6690798789264,2973.6690798789264,MEDIUM
E04969,3448.99,SUBSCRIPTION_FAILED,Bank_A,E42,P014,UPI,ALTERNATE_PAYMENT,0.8616053,2971.6680174243447,2971.6680174243447,MEDIUM
E01017,3428.51,SUBSCRIPTION_FAILED,Bank_A,E42,P006,NETBANKING,ALTERNATE_PAYMENT,0.8658849,2968.695038818121,2968.695038818121,MEDIUM
E04629,4526.78,SUBSCRIPTION_FAILED,Bank_C,E11,P016,UPI,ALTERNATE_PAYMENT,0.65430295,2961.885529158116,2961.885529158116,MEDIUM
E00400,3499.63,SUBSCRIPTION_FAILED,Bank_A,E42,P013,CARD,ALTERNATE_PAYMENT,0.8429662,2950.069798730612,2950.069798730612,MEDIUM
E01430,5941.01,INVOICE_OVERDUE,Bank_A,E11,P001,UPI,ALTERNATE_PAYMENT,0.49646077,2949.47837303847,2949.47837303847,MEDIUM
E01793,4896.41,CHECKOUT_ABANDONED,Bank_A,E17,P018,UPI,SEND_REMINDER,0.60038334,2939.72299623549,2939.72299623549,MEDIUM
E00041,4810.17,PAYMENT_FAILED,Bank_D,E11,P001,CARD,RETRY_PAYMENT,0.6082015,2925.552627310753,2925.552627310753,MEDIUM
E00064,4795.59,INVOICE_OVERDUE,Bank_B,E17,P016,UPI,SEND_REMINDER,0.60961497,2923.463445829153,2923.463445829153,MEDIUM
E00233,5045.38,INVOICE_OVERDUE,Bank_C,E42,P008,NETBANKING,ALTERNATE_PAYMENT,0.5791336,2921.9492331147194,2921.9492331147194,MEDIUM
E04226,4220.16,SUBSCRIPTION_FAILED,Bank_A,E17,P009,WALLET,ALTERNATE_PAYMENT,0.6909919,2916.096286010742,2916.096286010742,MEDIUM
E03986,4794.06,INVOICE_OVERDUE,Bank_A,E42,P005,NETBANKING,ALTERNATE_PAYMENT,0.6081807,2915.654774948359,2915.654774948359,MEDIUM
E00163,4957.24,INVOICE_OVERDUE,Bank_C,E23,P007,NETBANKING,SEND_REMINDER,0.58627707,2906.3161308932304,2906.3161308932304,MEDIUM
E00159,4142.24,PAYMENT_FAILED,Bank_A,E42,P008,UPI,ALTERNATE_PAYMENT,0.7015319,2905.913443832397,2905.913443832397,MEDIUM
E03930,3359.76,SUBSCRIPTION_FAILED,Bank_A,E42,P019,WALLET,ALTERNATE_PAYMENT,0.8632469,2900.302464294434,2900.302464294434,MEDIUM
E04024,5116.15,INVOICE_OVERDUE,Bank_C,E42,P006,UPI,ALTERNATE_PAYMENT,0.56668514,2899.246179690957,2899.246179690957,MEDIUM
E04526,5580.76,INVOICE_OVERDUE,Bank_D,E23,P012,CARD,ALTERNATE_PAYMENT,0.5189456,2896.1107058000566,2896.1107058000566,MEDIUM
E04809,4506.62,PAYMENT_FAILED,Bank_C,E17,P016,NETBANKING,RETRY_PAYMENT,0.64249295,2895.471578160524,2895.471578160524,MEDIUM
E05000,4120.03,CHECKOUT_ABANDONED,Bank_A,E42,P006,CARD,ALTERNATE_PAYMENT,0.7011698,2888.8405651038884,2888.8405651038884,MEDIUM
E03667,4680.5,SUBSCRIPTION_FAILED,Bank_C,E11,P016,WALLET,ALTERNATE_PAYMENT,0.6166342,2886.1563266813755,2886.1563266813755,MEDIUM
E00851,4533.2,SUBSCRIPTION_FAILED,Bank_A,E17,P012,WALLET,ALTERNATE_PAYMENT,0.6364548,2885.176992893219,2885.176992893219,MEDIUM
E01831,5107.01,CHECKOUT_ABANDONED,Bank_D,E11,P017,CARD,SEND_REMINDER,0.56472456,2884.0539984142783,2884.0539984142783,MEDIUM
E04061,5596.09,CHECKOUT_ABANDONED,Bank_D,E23,P019,UPI,SEND_REMINDER,0.51491094,2881.4879418301584,2881.4879418301584,MEDIUM
E02898,5076.62,INVOICE_OVERDUE,Bank_C,E11,P008,WALLET,SEND_REMINDER,0.56679785,2877.4173140406606,2877.4173140406606,MEDIUM
E04463,4941.67,INVOICE_OVERDUE,Bank_B,E11,P019,WALLET,SEND_REMINDER,0.58195055,2875.8075512468813,2875.8075512468813,MEDIUM
E00463,4548.43,SUBSCRIPTION_FAILED,Bank_C,E42,P003,UPI,ALTERNATE_PAYMENT,0.6321609,2875.3396115899086,2875.3396115899086,MEDIUM
E04645,4283.05,PAYMENT_FAILED,Bank_D,E17,P003,CARD,RETRY_PAYMENT,0.6704442,2871.545990130305,2871.545990130305,MEDIUM
E04229,4129.46,SUBSCRIPTION_FAILED,Bank_D,E17,P019,UPI,ALTERNATE_PAYMENT,0.6945722,2868.208159594536,2868.208159594536,MEDIUM
E01210,3863.93,SUBSCRIPTION_FAILED,Bank_B,E42,P006,WALLET,ALTERNATE_PAYMENT,0.7413711,2864.6060158008336,2864.6060158008336,MEDIUM
E04207,4870.15,CHECKOUT_ABANDONED,Bank_C,E42,P014,NETBANKING,ALTERNATE_PAYMENT,0.58765775,2861.981389471888,2861.981389471888,MEDIUM
E00216,4429.8,SUBSCRIPTION_FAILED,Bank_A,E23,P011,UPI,ALTERNATE_PAYMENT,0.64563394,2860.029209375381,2860.029209375381,MEDIUM
E02238,3689.76,INVOICE_OVERDUE,Bank_A,E42,P002,UPI,ALTERNATE_PAYMENT,0.77439064,2857.3156000041963,2857.3156000041963,MEDIUM
E04039,6455.05,SUBSCRIPTION_FAILED,Bank_B,E11,P001,CARD,ALTERNATE_PAYMENT,0.44185567,2852.200436317921,2852.200436317921,MEDIUM
E04010,4728.78,SUBSCRIPTION_FAILED,Bank_C,E11,P013,CARD,ALTERNATE_PAYMENT,0.60178584,2845.712837873697,2845.712837873697,MEDIUM
E02988,4170.5,PAYMENT_FAILED,Bank_C,E17,P013,CARD,RETRY_PAYMENT,0.6788402,2831.1031374037266,2831.1031374037266,MEDIUM
E00969,6031.84,INVOICE_OVERDUE,Bank_B,E11,P005,NETBANKING,SEND_REMINDER,0.46752623,2820.0433984899523,2820.0433984899523,MEDIUM
E02701,4233.97,SUBSCRIPTION_FAILED,Bank_D,E17,P018,UPI,ALTERNATE_PAYMENT,0.6648051,2814.7649096626046,2814.7649096626046,MEDIUM
E01094,3874.49,INVOICE_OVERDUE,Bank_A,E42,P009,CARD,ALTERNATE_PAYMENT,0.7264667,2814.688023901582,2814.688023901582,MEDIUM
E02475,4683.36,SUBSCRIPTION_FAILED,Bank_A,E17,P018,WALLET,ALTERNATE_PAYMENT,0.6009493,2814.4618547058103,2814.4618547058103,MEDIUM
E00847,3650.61,INVOICE_OVERDUE,Bank_A,E42,P003,UPI,ALTERNATE_PAYMENT,0.7694007,2808.781947208643,2808.781947208643,MEDIUM
E03722,4774.42,PAYMENT_FAILED,Bank_C,E23,P013,WALLET,RETRY_PAYMENT,0.58778477,2806.3313479804992,2806.3313479804992,MEDIUM
E00229,3717.71,CHECKOUT_ABANDONED,Bank_A,E42,P017,CARD,ALTERNATE_PAYMENT,0.7543673,2804.5188248711825,2804.5188248711825,MEDIUM
E00309,3628.98,INVOICE_OVERDUE,Bank_A,E42,P012,CARD,ALTERNATE_PAYMENT,0.7720858,2801.883875191212,2801.883875191212,MEDIUM
E02485,5077.45,INVOICE_OVERDUE,Bank_A,E11,P009,UPI,ALTERNATE_PAYMENT,0.55180115,2801.742724069953,2801.742724069953,MEDIUM
E03676,4310.08,CHECKOUT_ABANDONED,Bank_C,E42,P013,WALLET,ALTERNATE_PAYMENT,0.6494914,2799.360019721985,2799.360019721985,MEDIUM
E04990,4390.99,SUBSCRIPTION_FAILED,Bank_A,E17,P003,CARD,ALTERNATE_PAYMENT,0.63744164,2798.9998454475403,2798.9998454475403,MEDIUM
E03139,5784.44,INVOICE_OVERDUE,Bank_A,E17,P005,UPI,SEND_REMINDER,0.4831212,2794.5855160081383,2794.5855160081383,MEDIUM
E02696,4307.33,PAYMENT_FAILED,Bank_B,E17,P018,WALLET,RETRY_PAYMENT,0.6474488,2788.7755455994607,2788.7755455994607,MEDIUM
E03953,6848.15,INVOICE_OVERDUE,Bank_A,E23,P001,UPI,ALTERNATE_PAYMENT,0.40712908,2788.081003062427,2788.081003062427,MEDIUM
E01779,5127.32,INVOICE_OVERDUE,Bank_A,E17,P011,CARD,ALTERNATE_PAYMENT,0.5435681,2787.047460787296,2787.047460787296,MEDIUM
E03996,4274.49,INVOICE_OVERDUE,Bank_D,E17,P019,WALLET,SEND_REMINDER,0.65130335,2783.989660497308,2783.989660497308,MEDIUM
E02969,4082.69,PAYMENT_FAILED,Bank_A,E42,P020,NETBANKING,ALTERNATE_PAYMENT,0.6817556,2783.3967801982167,2783.3967801982167,MEDIUM
E02469,3636.43,PAYMENT_FAILED,Bank_A,E42,P009,UPI,ALTERNATE_PAYMENT,0.76257527,2773.051584523916,2773.051584523916,MEDIUM
E01314,3253.46,SUBSCRIPTION_FAILED,Bank_A,E42,P014,WALLET,ALTERNATE_PAYMENT,0.85155165,2770.4892375683785,2770.4892375683785,MEDIUM
E01865,4919.49,INVOICE_OVERDUE,Bank_B,E23,P016,UPI,SEND_REMINDER,0.5625105,2767.264732503891,2767.264732503891,MEDIUM
E01446,4777.97,PAYMENT_FAILED,Bank_C,E11,P014,WALLET,RETRY_PAYMENT,0.57807666,2762.032942205072,2762.032942205072,MEDIUM
E00530,4486.14,PAYMENT_FAILED,Bank_C,E23,P018,CARD,RETRY_PAYMENT,0.6145188,2756.8174647152427,2756.8174647152427,MEDIUM
E02018,4560.85,SUBSCRIPTION_FAILED,Bank_D,E17,P016,CARD,ALTERNATE_PAYMENT,0.6040923,2755.1743661731484,2755.1743661731484,MEDIUM
E02795,3730.37,CHECKOUT_ABANDONED,Bank_A,E42,P009,UPI,ALTERNATE_PAYMENT,0.7384186,2754.574514923096,2754.574514923096,MEDIUM
E01362,3723.35,PAYMENT_FAILED,Bank_A,E42,P009,CARD,ALTERNATE_PAYMENT,0.73971635,2754.2228756159543,2754.2228756159543,MEDIUM
E03943,3783.45,PAYMENT_FAILED,Bank_D,E11,P009,CARD,RETRY_PAYMENT,0.72743213,2752.2030989348887,2752.2030989348887,MEDIUM
E03148,5289.34,INVOICE_OVERDUE,Bank_D,E23,P002,NETBANKING,ALTERNATE_PAYMENT,0.52023834,2751.7174607718,2751.7174607718,MEDIUM
E04109,6682.86,SUBSCRIPTION_FAILED,Bank_C,E11,P001,CARD,ALTERNATE_PAYMENT,0.41081983,2745.4513991582394,2745.4513991582394,MEDIUM
E04782,4796.97,SUBSCRIPTION_FAILED,Bank_C,E23,P015,WALLET,ALTERNATE_PAYMENT,0.57213634,2744.5208710044626,2744.5208710044626,MEDIUM
E00259,4506.33,SUBSCRIPTION_FAILED,Bank_D,E17,P002,NETBANKING,ALTERNATE_PAYMENT,0.60694486,2735.093826583028,2735.093826583028,MEDIUM
E02303,3629.7,PAYMENT_FAILED,Bank_A,E42,P015,CARD,ALTERNATE_PAYMENT,0.75051546,2724.1459686756134,2724.1459686756134,MEDIUM
E00718,4322.88,CHECKOUT_ABANDONED,Bank_A,E17,P017,WALLET,SEND_REMINDER,0.62834126,2716.2438555336,2716.2438555336,MEDIUM
E01086,4482.75,PAYMENT_FAILED,Bank_A,E11,P015,CARD,RETRY_PAYMENT,0.6052349,2713.1168420165777,2713.1168420165777,MEDIUM
E01482,3841.09,INVOICE_OVERDUE,Bank_A,E42,P016,CARD,ALTERNATE_PAYMENT,0.7058902,2711.3877064275744,2711.3877064275744,MEDIUM
E00707,3858.69,CHECKOUT_ABANDONED,Bank_A,E42,P014,UPI,ALTERNATE_PAYMENT,0.702552,2710.9304561752083,2710.9304561752083,MEDIUM
E01870,4171.03,PAYMENT_FAILED,Bank_C,E17,P012,UPI,RETRY_PAYMENT,0.6488596,2706.412941201925,2706.412941201925,MEDIUM
E01835,3890.27,INVOICE_OVERDUE,Bank_D,E42,P012,WALLET,ALTERNATE_PAYMENT,0.6953211,2704.986749830246,2704.986749830246,MEDIUM
E02978,4350.97,PAYMENT_FAILED,Bank_B,E23,P008,NETBANKING,RETRY_PAYMENT,0.61992615,2697.280100938678,2697.280100938678,MEDIUM
E02351,3849.03,PAYMENT_FAILED,Bank_B,E17,P012,WALLET,RETRY_PAYMENT,0.7002997,2695.4744782072307,2695.4744782072307,MEDIUM
E01070,4092.06,INVOICE_OVERDUE,Bank_D,E42,P019,CARD,ALTERNATE_PAYMENT,0.6578912,2692.130320726633,2692.130320726633,MEDIUM
E03575,3676.43,CHECKOUT_ABANDONED,Bank_A,E42,P002,WALLET,ALTERNATE_PAYMENT,0.7319559,2690.98457755208,2690.98457755208,MEDIUM
E04792,4572.28,PAYMENT_FAILED,Bank_C,E23,P002,CARD,RETRY_PAYMENT,0.5874465,2685.969932363033,2685.969932363033,MEDIUM
E00837,3929.69,SUBSCRIPTION_FAILED,Bank_A,E17,P008,WALLET,ALTERNATE_PAYMENT,0.6834787,2685.8594638288023,2685.8594638288023,MEDIUM
E04312,3186.77,SUBSCRIPTION_FAILED,Bank_A,E42,P013,NETBANKING,ALTERNATE_PAYMENT,0.8389316,2673.482119053006,2673.482119053006,MEDIUM
E01137,3614.21,PAYMENT_FAILED,Bank_A,E42,P003,WALLET,ALTERNATE_PAYMENT,0.73886293,2670.405796481967,2670.405796481967,MEDIUM
E00369,4867.19,INVOICE_OVERDUE,Bank_D,E42,P006,NETBANKING,SEND_REMINDER,0.5478116,2666.3032747066018,2666.3032747066018,MEDIUM
E04459,4190.15,PAYMENT_FAILED,Bank_D,E11,P003,NETBANKING,RETRY_PAYMENT,0.63560724,2663.2896875143047,2663.2896875143047,MEDIUM
E04617,4791.58,CHECKOUT_ABANDONED,Bank_B,E23,P010,CARD,SEND_REMINDER,0.55464286,2657.615616532564,2657.615616532564,MEDIUM
E00853,4709.82,SUBSCRIPTION_FAILED,Bank_C,E23,P020,CARD,ALTERNATE_PAYMENT,0.56414634,2657.0277145564555,2657.0277145564555,MEDIUM
E02228,4460.97,INVOICE_OVERDUE,Bank_B,E23,P002,UPI,ALTERNATE_PAYMENT,0.5956158,2657.024234041572,2657.024234041572,MEDIUM
E02501,5012.81,INVOICE_OVERDUE,Bank_C,E23,P006,NETBANKING,SEND_REMINDER,0.52943856,2653.974884095788,2653.974884095788,MEDIUM
E04795,3867.76,INVOICE_OVERDUE,Bank_B,E17,P010,WALLET,SEND_REMINDER,0.68506235,2649.656750359535,2649.656750359535,MEDIUM
E03273,4299.79,INVOICE_OVERDUE,Bank_B,E11,P013,WALLET,SEND_REMINDER,0.6155721,2646.830738004446,2646.830738004446,MEDIUM
E02823,4489.74,INVOICE_OVERDUE,Bank_A,E11,P002,CARD,ALTERNATE_PAYMENT,0.5894457,2646.4579828333854,2646.4579828333854,MEDIUM
E01108,3701.48,PAYMENT_FAILED,Bank_B,E42,P017,CARD,ALTERNATE_PAYMENT,0.7147744,2645.723256409168,2645.723256409168,MEDIUM
E03214,5023.37,SUBSCRIPTION_FAILED,Bank_B,E11,P004,WALLET,ALTERNATE_PAYMENT,0.52646786,2644.642852607369,2644.642852607369,MEDIUM
E01782,3800.54,CHECKOUT_ABANDONED,Bank_A,E42,P020,UPI,ALTERNATE_PAYMENT,0.694378,2639.011433970928,2639.011433970928,MEDIUM
E02536,4713.27,SUBSCRIPTION_FAILED,Bank_D,E23,P018,NETBANKING,ALTERNATE_PAYMENT,0.55990136,2638.966267479658,2638.966267479658,MEDIUM
E00058,3752.26,INVOICE_OVERDUE,Bank_A,E42,P010,CARD,ALTERNATE_PAYMENT,0.7020135,2634.1371476840973,2634.1371476840973,MEDIUM
E00467,3700.98,CHECKOUT_ABANDONED,Bank_A,E42,P007,WALLET,ALTERNATE_PAYMENT,0.7115221,2633.32907037735,2633.32907037735,MEDIUM
E02304,4639.82,CHECKOUT_ABANDONED,Bank_A,E17,P018,UPI,SEND_REMINDER,0.5672547,2631.959804779291,2631.959804779291,MEDIUM
E00149,3908.35,PAYMENT_FAILED,Bank_D,E17,P001,NETBANKING,RETRY_PAYMENT,0.67269707,2629.135582828522,2629.135582828522,MEDIUM
E02617,3035.69,SUBSCRIPTION_FAILED,Bank_A,E42,P010,CARD,ALTERNATE_PAYMENT,0.8648766,2625.4973306167126,2625.4973306167126,MEDIUM
E04994,4483.11,CHECKOUT_ABANDONED,Bank_C,E17,P018,CARD,SEND_REMINDER,0.5852735,2623.845499670505,2623.845499670505,MEDIUM
E01091,3825.77,PAYMENT_FAILED,Bank_A,E42,P013,UPI,ALTERNATE_PAYMENT,0.68492883,2620.380186929107,2620.380186929107,MEDIUM
E01636,4135.84,INVOICE_OVERDUE,Bank_A,E42,P005,NETBANKING,ALTERNATE_PAYMENT,0.6334046,2619.6601327323915,2619.6601327323915,MEDIUM
E04182,4295.78,PAYMENT_FAILED,Bank_B,E11,P003,WALLET,RETRY_PAYMENT,0.60955215,2618.501913466453,2618.501913466453,MEDIUM
E04271,3785.03,SUBSCRIPTION_FAILED,Bank_B,E17,P010,UPI,ALTERNATE_PAYMENT,0.691285,2616.5345171177387,2616.5345171177387,MEDIUM
E02895,3876.17,PAYMENT_FAILED,Bank_B,E17,P006,CARD,RETRY_PAYMENT,0.673576,2610.895073658228,2610.895073658228,MEDIUM
E02893,4226.85,SUBSCRIPTION_FAILED,Bank_B,E23,P014,UPI,ALTERNATE_PAYMENT,0.6165196,2605.9357459366324,2605.9357459366324,MEDIUM
E01124,5819.03,INVOICE_OVERDUE,Bank_D,E23,P005,UPI,SEND_REMINDER,0.44723928,2602.4987860262395,2602.4987860262395,MEDIUM
E02996,4504.67,CHECKOUT_ABANDONED,Bank_C,E23,P007,NETBANKING,SEND_REMINDER,0.577605,2601.9199562478066,2601.9199562478066,MEDIUM
E00814,3613.86,CHECKOUT_ABANDONED,Bank_A,E42,P011,CARD,ALTERNATE_PAYMENT,0.71965146,2600.7196275758743,2600.7196275758743,MEDIUM
E04352,4055.92,PAYMENT_FAILED,Bank_A,E17,P016,WALLET,RETRY_PAYMENT,0.6400616,2596.038713207245,2596.038713207245,MEDIUM
E02605,4800.03,INVOICE_OVERDUE,Bank_B,E23,P004,UPI,SEND_REMINDER,0.5408046,2595.878422014713,2595.878422014713,MEDIUM
E01322,4585.72,CHECKOUT_ABANDONED,Bank_C,E11,P002,NETBANKING,SEND_REMINDER,0.5658049,2594.62284024477,2594.62284024477,MEDIUM
E04036,4237.93,PAYMENT_FAILED,Bank_C,E11,P013,UPI,RETRY_PAYMENT,0.6113048,2590.6670340591672,2590.6670340591672,MEDIUM
E00046,4839.21,INVOICE_OVERDUE,Bank_D,E11,P014,UPI,ALTERNATE_PAYMENT,0.5350287,2589.116216261387,2589.116216261387,MEDIUM
E01257,3692.79,PAYMENT_FAILED,Bank_D,E17,P014,WALLET,RETRY_PAYMENT,0.69870764,2580.180586547256,2580.180586547256,MEDIUM
E04286,5776.73,INVOICE_OVERDUE,Bank_C,E17,P004,CARD,SEND_REMINDER,0.44590706,2575.884669522643,2575.884669522643,MEDIUM
E01963,4272.37,INVOICE_OVERDUE,Bank_C,E17,P007,WALLET,SEND_REMINDER,0.60076696,2566.6987232500314,2566.6987232500314,MEDIUM
E01327,4265.26,INVOICE_OVERDUE,Bank_B,E17,P020,UPI,ALTERNATE_PAYMENT,0.60091966,2563.0786056721213,2563.0786056721213,MEDIUM
E02069,4162.96,INVOICE_OVERDUE,Bank_B,E42,P010,CARD,ALTERNATE_PAYMENT,0.61514556,2560.826377439499,2560.826377439499,MEDIUM
E04651,4812.69,CHECKOUT_ABANDONED,Bank_B,E17,P008,UPI,SEND_REMINDER,0.52928317,2547.275799847841,2547.275799847841,MEDIUM
E01399,4137.84,PAYMENT_FAILED,Bank_A,E42,P004,NETBANKING,ALTERNATE_PAYMENT,0.61534595,2546.2031060028075,2546.2031060028075,MEDIUM
E01121,3479.33,PAYMENT_FAILED,Bank_A,E42,P018,UPI,ALTERNATE_PAYMENT,0.7317615,2546.0397924739123,2546.0397924739123,MEDIUM
E04195,4613.09,SUBSCRIPTION_FAILED,Bank_C,E11,P017,UPI,ALTERNATE_PAYMENT,0.5518939,2545.936184577346,2545.936184577346,MEDIUM
E04033,4639.38,CHECKOUT_ABANDONED,Bank_B,E42,P006,NETBANKING,ALTERNATE_PAYMENT,0.54795766,2542.183802933693,2542.183802933693,MEDIUM
E00319,3811.57,INVOICE_OVERDUE,Bank_A,E17,P013,WALLET,SEND_REMINDER,0.66679907,2541.551325335503,2541.551325335503,MEDIUM
E04910,3813.4,INVOICE_OVERDUE,Bank_B,E42,P001,WALLET,ALTERNATE_PAYMENT,0.66646147,2541.484161090851,2541.484161090851,MEDIUM
E02474,4096.52,SUBSCRIPTION_FAILED,Bank_C,E23,P002,NETBANKING,ALTERNATE_PAYMENT,0.6198122,2539.0730347609524,2539.0730347609524,MEDIUM
E03721,3599.03,CHECKOUT_ABANDONED,Bank_A,E42,P014,WALLET,ALTERNATE_PAYMENT,0.70500207,2537.323598096371,2537.323598096371,MEDIUM
E01150,3530.43,INVOICE_OVERDUE,Bank_A,E42,P020,CARD,ALTERNATE_PAYMENT,0.718208,2535.583122273088,2535.583122273088,MEDIUM
E03745,4007.24,SUBSCRIPTION_FAILED,Bank_C,E23,P011,UPI,ALTERNATE_PAYMENT,0.63164157,2531.139351956844,2531.139351956844,MEDIUM
E03970,4054.05,CHECKOUT_ABANDONED,Bank_D,E17,P007,NETBANKING,SEND_REMINDER,0.6236861,2528.4545332074167,2528.4545332074167,MEDIUM
E04177,4399.42,INVOICE_OVERDUE,Bank_D,E11,P007,NETBANKING,SEND_REMINDER,0.573702,2523.955954864025,2523.955954864025,MEDIUM
E00408,3105.42,INVOICE_OVERDUE,Bank_A,E42,P008,WALLET,ALTERNATE_PAYMENT,0.8083637,2510.308726944924,2510.308726944924,MEDIUM
E04287,4084.17,INVOICE_OVERDUE,Bank_B,E23,P010,WALLET,SEND_REMINDER,0.61160517,2497.8994764947893,2497.8994764947893,LOW
E04388,3827.27,PAYMENT_FAILED,Bank_A,E17,P002,CARD,RETRY_PAYMENT,0.6525175,2497.36064280808,2497.36064280808,LOW
E01456,3186.09,INVOICE_OVERDUE,Bank_A,E42,P002,WALLET,ALTERNATE_PAYMENT,0.7818557,2491.0626348602773,2491.0626348602773,LOW
E03546,3606.39,INVOICE_OVERDUE,Bank_B,E42,P018,UPI,ALTERNATE_PAYMENT,0.6907024,2490.942151699662,2490.942151699662,LOW
E04704,4666.22,CHECKOUT_ABANDONED,Bank_B,E17,P002,UPI,SEND_REMINDER,0.533746,2490.5762792730334,2490.5762792730334,LOW
E00183,4469.34,INVOICE_OVERDUE,Bank_D,E23,P011,UPI,ALTERNATE_PAYMENT,0.5571367,2490.033403397799,2490.033403397799,LOW
E02824,4068.48,CHECKOUT_ABANDONED,Bank_A,E11,P011,WALLET,SEND_REMINDER,0.6116405,2488.4471940994263,2488.4471940994263,LOW
E01716,3556.03,SUBSCRIPTION_FAILED,Bank_D,E23,P006,WALLET,ALTERNATE_PAYMENT,0.6986347,2484.365895649791,2484.365895649791,LOW
E01894,3948.88,PAYMENT_FAILED,Bank_B,E11,P014,CARD,RETRY_PAYMENT,0.62841624,2481.5403226614,2481.5403226614,LOW
E02628,7331.52,PAYMENT_FAILED,Bank_A,E23,P001,UPI,RETRY_PAYMENT,0.3383872,2480.892460727692,2480.892460727692,LOW
E04068,3896.22,INVOICE_OVERDUE,Bank_D,E42,P009,WALLET,ALTERNATE_PAYMENT,0.63648844,2479.898980550766,2479.898980550766,LOW
E02130,3351.81,INVOICE_OVERDUE,Bank_A,E42,P002,WALLET,ALTERNATE_PAYMENT,0.739698,2479.327129252553,2479.327129252553,LOW
E02737,4271.95,PAYMENT_FAILED,Bank_B,E42,P005,WALLET,ALTERNATE_PAYMENT,0.5791381,2474.049006924033,2474.049006924033,LOW
E02762,3327.06,SUBSCRIPTION_FAILED,Bank_D,E42,P012,WALLET,ALTERNATE_PAYMENT,0.7431223,2472.412411712408,2472.412411712408,LOW
E04175,3732.09,SUBSCRIPTION_FAILED,Bank_D,E11,P009,CARD,ALTERNATE_PAYMENT,0.66180825,2469.9279604554176,2469.9279604554176,LOW
E00666,4295.67,INVOICE_OVERDUE,Bank_B,E23,P002,NETBANKING,ALTERNATE_PAYMENT,0.5740858,2466.083028368354,2466.083028368354,LOW
E04634,5464.08,INVOICE_OVERDUE,Bank_D,E11,P005,CARD,SEND_REMINDER,0.45079365,2463.172587454319,2463.172587454319,LOW
E02125,3287.18,SUBSCRIPTION_FAILED,Bank_D,E42,P013,UPI,ALTERNATE_PAYMENT,0.7492949,2463.0671339488026,2463.0671339488026,LOW
E03925,3582.56,PAYMENT_FAILED,Bank_B,E17,P016,WALLET,RETRY_PAYMENT,0.6848348,2453.46168337822,2453.46168337822,LOW
E03838,4069.78,PAYMENT_FAILED,Bank_A,E23,P019,CARD,RETRY_PAYMENT,0.602785,2453.202301747799,2453.202301747799,LOW
E01125,4172.78,SUBSCRIPTION_FAILED,Bank_A,E23,P001,NETBANKING,ALTERNATE_PAYMENT,0.58769953,2452.3408552622795,2452.3408552622795,LOW
E04454,4053.74,PAYMENT_FAILED,Bank_B,E42,P005,NETBANKING,ALTERNATE_PAYMENT,0.60467255,2451.185307519436,2451.185307519436,LOW
E02531,3998.84,PAYMENT_FAILED,Bank_A,E17,P015,CARD,RETRY_PAYMENT,0.6126032,2449.70213054657,2449.70213054657,LOW
E04978,4103.29,CHECKOUT_ABANDONED,Bank_D,E11,P016,UPI,ALTERNATE_PAYMENT,0.5967818,2448.768752141595,2448.768752141595,LOW
E00667,4321.53,INVOICE_OVERDUE,Bank_D,E17,P006,CARD,SEND_REMINDER,0.5664904,2448.105309126377,2448.105309126377,LOW
E01213,3590.37,CHECKOUT_ABANDONED,Bank_A,E42,P014,CARD,ALTERNATE_PAYMENT,0.6818102,2447.950888543725,2447.950888543725,LOW
E02890,4631.39,CHECKOUT_ABANDONED,Bank_D,E23,P018,NETBANKING,SEND_REMINDER,0.52824557,2446.5112424552444,2446.5112424552444,LOW
E01560,3957.19,SUBSCRIPTION_FAILED,Bank_C,E42,P001,CARD,ALTERNATE_PAYMENT,0.6181355,2446.079666237235,2446.079666237235,LOW
E00883,3486.26,SUBSCRIPTION_FAILED,Bank_A,E23,P006,CARD,ALTERNATE_PAYMENT,0.700571,2442.3726564681533,2442.3726564681533,LOW
E02328,3442.22,INVOICE_OVERDUE,Bank_A,E42,P009,WALLET,ALTERNATE_PAYMENT,0.70916975,2441.118281166553,2441.118281166553,LOW
E01036,3765.46,INVOICE_OVERDUE,Bank_A,E42,P013,NETBANKING,ALTERNATE_PAYMENT,0.6475817,2438.4429749417304,2438.4429749417304,LOW
E00266,3491.69,PAYMENT_FAILED,Bank_A,E42,P005,UPI,ALTERNATE_PAYMENT,0.69712865,2434.157148231268,2434.157148231268,LOW
E01570,4839.48,CHECKOUT_ABANDONED,Bank_C,E23,P014,UPI,ALTERNATE_PAYMENT,0.50287616,2433.6591310358044,2433.6591310358044,LOW
E00857,3756.74,SUBSCRIPTION_FAILED,Bank_B,E11,P016,NETBANKING,ALTERNATE_PAYMENT,0.647683,2433.1767251086235,2433.1767251086235,LOW
E02264,3620.05,PAYMENT_FAILED,Bank_C,E42,P002,WALLET,ALTERNATE_PAYMENT,0.6706397,2427.7492233127355,2427.7492233127355,LOW
E04867,4119.84,PAYMENT_FAILED,Bank_A,E23,P003,WALLET,RETRY_PAYMENT,0.58758616,2420.760983848572,2420.760983848572,LOW
E01273,2618.21,SUBSCRIPTION_FAILED,Bank_A,E42,P012,UPI,ALTERNATE_PAYMENT,0.9198834,2408.4478392136098,2408.4478392136098,LOW
E04371,3892.8,SUBSCRIPTION_FAILED,Bank_D,E23,P014,WALLET,ALTERNATE_PAYMENT,0.61770254,2404.592462253571,2404.592462253571,LOW
E03463,4043.39,INVOICE_OVERDUE,Bank_C,E17,P013,CARD,SEND_REMINDER,0.5922398,2394.656473258138,2394.656473258138,LOW
E04780,4749.65,INVOICE_OVERDUE,Bank_C,E42,P006,NETBANKING,SEND_REMINDER,0.5037151,2392.4704147607085,2392.4704147607085,LOW
E02404,3212.29,PAYMENT_FAILED,Bank_A,E42,P015,UPI,ALTERNATE_PAYMENT,0.7435878,2388.61962810576,2388.61962810576,LOW
E01876,3802.55,PAYMENT_FAILED,Bank_C,E42,P018,CARD,ALTERNATE_PAYMENT,0.6281509,2388.5751300245524,2388.5751300245524,LOW
E03192,4628.77,INVOICE_OVERDUE,Bank_C,E23,P002,NETBANKING,ALTERNATE_PAYMENT,0.5155599,2386.4082526087764,2386.4082526087764,LOW
E04399,4412.39,INVOICE_OVERDUE,Bank_C,E11,P006,NETBANKING,ALTERNATE_PAYMENT,0.54056495,2385.183398619294,2385.183398619294,LOW
E01681,4030.55,SUBSCRIPTION_FAILED,Bank_D,E17,P012,UPI,ALTERNATE_PAYMENT,0.5914372,2383.8172893822198,2383.8172893822198,LOW
E02187,4201.73,CHECKOUT_ABANDONED,Bank_D,E23,P015,CARD,SEND_REMINDER,0.5662468,2379.216198793053,2379.216198793053,LOW
E03887,4230.96,SUBSCRIPTION_FAILED,Bank_C,E23,P019,CARD,ALTERNATE_PAYMENT,0.5614621,2375.5237048959734,2375.5237048959734,LOW
E01395,4188.34,SUBSCRIPTION_FAILED,Bank_B,E11,P005,NETBANKING,ALTERNATE_PAYMENT,0.56694585,2374.561984945536,2374.561984945536,LOW
E04345,3982.51,PAYMENT_FAILED,Bank_C,E11,P018,UPI,RETRY_PAYMENT,0.59613955,2374.1317201030256,2374.1317201030256,LOW
E00863,4107.06,CHECKOUT_ABANDONED,Bank_B,E23,P020,WALLET,SEND_REMINDER,0.5744465,2359.286239610911,2359.286239610911,LOW
E00967,3716.56,PAYMENT_FAILED,Bank_D,E11,P015,CARD,RETRY_PAYMENT,0.63421863,2357.111603312492,2357.111603312492,LOW
E03711,3832.95,CHECKOUT_ABANDONED,Bank_B,E42,P006,WALLET,ALTERNATE_PAYMENT,0.61484504,2356.670286333561,2356.670286333561,LOW
E04221,4071.81,SUBSCRIPTION_FAILED,Bank_A,E17,P004,CARD,ALTERNATE_PAYMENT,0.5781031,2353.926085794568,2353.926085794568,LOW
E01932,3679.17,SUBSCRIPTION_FAILED,Bank_B,E11,P005,NETBANKING,ALTERNATE_PAYMENT,0.63873464,2350.013320632577,2350.013320632577,LOW
E01594,3969.48,INVOICE_OVERDUE,Bank_A,E11,P003,WALLET,SEND_REMINDER,0.59173435,2348.8776665568357,2348.8776665568357,LOW
E00996,3242.4,PAYMENT_FAILED,Bank_D,E17,P011,UPI,RETRY_PAYMENT,0.7239665,2347.38891248703,2347.38891248703,LOW
E03302,3930.63,CHECKOUT_ABANDONED,Bank_D,E11,P016,UPI,ALTERNATE_PAYMENT,0.5967818,2345.7284082359074,2345.7284082359074,LOW
E02383,4761.72,CHECKOUT_ABANDONED,Bank_D,E11,P007,UPI,ALTERNATE_PAYMENT,0.492074,2343.118668022156,2343.118668022156,LOW
E03872,4159.36,SUBSCRIPTION_FAILED,Bank_C,E23,P008,CARD,ALTERNATE_PAYMENT,0.56330335,2342.9814276885986,2342.9814276885986,LOW
E00904,3407.19,PAYMENT_FAILED,Bank_D,E11,P019,UPI,RETRY_PAYMENT,0.6874718,2342.347066102624,2342.347066102624,LOW
E04124,3768.8,PAYMENT_FAILED,Bank_B,E11,P014,CARD,RETRY_PAYMENT,0.62115496,2341.008828210831,2341.008828210831,LOW
E01495,3092.11,PAYMENT_FAILED,Bank_A,E42,P015,WALLET,ALTERNATE_PAYMENT,0.7569084,2340.444084510804,2340.444084510804,LOW
E02202,3338.26,SUBSCRIPTION_FAILED,Bank_B,E17,P002,WALLET,ALTERNATE_PAYMENT,0.7004966,2338.4398265826703,2338.4398265826703,LOW
E01371,4112.59,CHECKOUT_ABANDONED,Bank_D,E42,P016,CARD,ALTERNATE_PAYMENT,0.56857586,2338.319392251969,2338.319392251969,LOW
E04556,3661.81,SUBSCRIPTION_FAILED,Bank_A,E17,P008,NETBANKING,ALTERNATE_PAYMENT,0.6380707,2336.493679314852,2336.493679314852,LOW
E00333,3762.05,PAYMENT_FAILED,Bank_A,E17,P017,WALLET,RETRY_PAYMENT,0.6206076,2334.756876194477,2334.756876194477,LOW
E01789,2517.55,SUBSCRIPTION_FAILED,Bank_A,E42,P007,WALLET,ALTERNATE_PAYMENT,0.9257765,2330.688581323624,2330.688581323624,LOW
E02559,3764.06,PAYMENT_FAILED,Bank_D,E42,P020,CARD,ALTERNATE_PAYMENT,0.6184127,2327.7424077141286,2327.7424077141286,LOW
E00596,3082.13,INVOICE_OVERDUE,Bank_A,E42,P003,CARD,ALTERNATE_PAYMENT,0.7537216,2323.0679390132427,2323.0679390132427,LOW
E01715,3435.71,SUBSCRIPTION_FAILED,Bank_D,E42,P004,CARD,ALTERNATE_PAYMENT,0.6758305,2321.957550247908,2321.957550247908,LOW
E01898,3475.89,INVOICE_OVERDUE,Bank_A,E42,P008,NETBANKING,ALTERNATE_PAYMENT,0.66651887,2316.746264671683,2316.746264671683,LOW
E01246,2625.34,SUBSCRIPTION_FAILED,Bank_A,E42,P013,UPI,ALTERNATE_PAYMENT,0.88137394,2313.906264623404,2313.906264623404,LOW
E01167,2794.01,INVOICE_OVERDUE,Bank_A,E42,P008,WALLET,ALTERNATE_PAYMENT,0.8278097,2312.9085559499267,2312.9085559499267,LOW
E01332,3709.86,PAYMENT_FAILED,Bank_D,E17,P015,NETBANKING,RETRY_PAYMENT,0.6233008,2312.358671708107,2312.358671708107,LOW
E00360,3555.49,PAYMENT_FAILED,Bank_D,E23,P004,WALLET,RETRY_PAYMENT,0.6489983,2307.5070371419188,2307.5070371419188,LOW
E01848,3827.89,SUBSCRIPTION_FAILED,Bank_A,E11,P014,UPI,ALTERNATE_PAYMENT,0.60221404,2305.2090953439474,2305.2090953439474,LOW
E01265,2914.4,PAYMENT_FAILED,Bank_A,E42,P018,WALLET,ALTERNATE_PAYMENT,0.7895609,2301.0963278770446,2301.0963278770446,LOW
E02510,3325.32,INVOICE_OVERDUE,Bank_A,E42,P019,CARD,ALTERNATE_PAYMENT,0.6915375,2299.5834775972367,2299.5834775972367,LOW
E03837,4078.72,CHECKOUT_ABANDONED,Bank_B,E42,P008,NETBANKING,ALTERNATE_PAYMENT,0.56377786,2299.492049369812,2299.492049369812,LOW
E03598,2772.22,SUBSCRIPTION_FAILED,Bank_B,E42,P001,NETBANKING,ALTERNATE_PAYMENT,0.82806855,2295.5882078826426,2295.5882078826426,LOW
E03607,4244.29,INVOICE_OVERDUE,Bank_D,E17,P014,CARD,ALTERNATE_PAYMENT,0.5406255,2294.571456872821,2294.571456872821,LOW
E00023,3491.15,CHECKOUT_ABANDONED,Bank_A,E42,P007,CARD,ALTERNATE_PAYMENT,0.65681887,2293.053186583519,2293.053186583519,LOW
E03979,4052.85,CHECKOUT_ABANDONED,Bank_A,E17,P011,NETBANKING,SEND_REMINDER,0.56570256,2292.707610422373,2292.707610422373,LOW
E01337,2727.92,SUBSCRIPTION_FAILED,Bank_A,E42,P001,UPI,ALTERNATE_PAYMENT,0.8401038,2291.735971913338,2291.735971913338,LOW
E02371,3482.92,INVOICE_OVERDUE,Bank_A,E42,P009,NETBANKING,ALTERNATE_PAYMENT,0.65702087,2288.351117641926,2288.351117641926,LOW
E00143,4216.03,PAYMENT_FAILED,Bank_C,E42,P005,NETBANKING,ALTERNATE_PAYMENT,0.5426131,2287.6730619734526,2287.6730619734526,LOW
E03811,4088.53,INVOICE_OVERDUE,Bank_C,E17,P003,UPI,SEND_REMINDER,0.5594041,2287.1403433555365,2287.1403433555365,LOW
E04401,3674.76,INVOICE_OVERDUE,Bank_B,E23,P001,NETBANKING,ALTERNATE_PAYMENT,0.621747,2284.771067848206,2284.771067848206,LOW
E04831,2898.85,CHECKOUT_ABANDONED,Bank_A,E42,P002,UPI,ALTERNATE_PAYMENT,0.7879575,2284.170568409562,2284.170568409562,LOW
E00121,3434.17,CHECKOUT_ABANDONED,Bank_B,E17,P013,WALLET,SEND_REMINDER,0.6643737,2281.572215078473,2281.572215078473,LOW
E00782,2826.65,INVOICE_OVERDUE,Bank_A,E42,P012,NETBANKING,ALTERNATE_PAYMENT,0.8067971,2280.53298651278,2280.53298651278,LOW
E00175,3740.77,INVOICE_OVERDUE,Bank_C,E17,P013,CARD,SEND_REMINDER,0.60917217,2278.772961140275,2278.772961140275,LOW
E01394,4481.21,INVOICE_OVERDUE,Bank_A,E23,P006,NETBANKING,ALTERNATE_PAYMENT,0.5081491,2277.122772077918,2277.122772077918,LOW
E01661,3511.32,CHECKOUT_ABANDONED,Bank_A,E42,P007,WALLET,ALTERNATE_PAYMENT,0.64817333,2275.9439848709108,2275.9439848709108,LOW
E01792,2828.64,PAYMENT_FAILED,Bank_A,E42,P016,CARD,ALTERNATE_PAYMENT,0.8045706,2275.8406252384184,2275.8406252384184,LOW
E02243,3536.51,SUBSCRIPTION_FAILED,Bank_D,E23,P009,UPI,ALTERNATE_PAYMENT,0.64342004,2275.461407808661,2275.461407808661,LOW
E00920,2633.24,SUBSCRIPTION_FAILED,Bank_A,E42,P013,WALLET,ALTERNATE_PAYMENT,0.86344695,2273.663049020767,2273.663049020767,LOW
E03135,3979.04,CHECKOUT_ABANDONED,Bank_D,E17,P017,CARD,SEND_REMINDER,0.57029843,2269.240278053284,2269.240278053284,LOW
E02220,4205.46,CHECKOUT_ABANDONED,Bank_C,E17,P008,NETBANKING,SEND_REMINDER,0.5394468,2268.621818178892,2268.621818178892,LOW
E03061,4536.93,INVOICE_OVERDUE,Bank_B,E11,P004,CARD,SEND_REMINDER,0.4999006,2268.014071146548,2268.014071146548,LOW
E03159,4268.75,SUBSCRIPTION_FAILED,Bank_B,E23,P005,CARD,ALTERNATE_PAYMENT,0.5310263,2266.8185342103243,2266.8185342103243,LOW
E00352,4191.56,SUBSCRIPTION_FAILED,Bank_C,E23,P013,CARD,ALTERNATE_PAYMENT,0.54003525,2263.5901432800297,2263.5901432800297,LOW
E01084,2909.45,PAYMENT_FAILED,Bank_A,E42,P010,NETBANKING,ALTERNATE_PAYMENT,0.7775208,2262.1578211367128,2262.1578211367128,LOW
E01630,2732.86,INVOICE_OVERDUE,Bank_A,E42,P012,UPI,ALTERNATE_PAYMENT,0.8273017,2260.8996720516684,2260.8996720516684,LOW
E02151,3430.95,CHECKOUT_ABANDONED,Bank_A,E42,P006,WALLET,ALTERNATE_PAYMENT,0.6583441,2258.745655533671,2258.745655533671,LOW
E03690,3407.07,PAYMENT_FAILED,Bank_B,E23,P016,UPI,RETRY_PAYMENT,0.6627225,2257.94204340756,2257.94204340756,LOW
E03898,3900.35,CHECKOUT_ABANDONED,Bank_D,E42,P003,CARD,SEND_REMINDER,0.57836485,2255.8253391504286,2255.8253391504286,LOW
E04245,3409.8,INVOICE_OVERDUE,Bank_A,E42,P018,NETBANKING,ALTERNATE_PAYMENT,0.6602489,2251.316616082192,2251.316616082192,LOW
E01225,2461.55,SUBSCRIPTION_FAILED,Bank_A,E42,P011,UPI,ALTERNATE_PAYMENT,0.91452885,2251.158482694626,2251.158482694626,LOW
E01707,3234.05,SUBSCRIPTION_FAILED,Bank_B,E42,P014,WALLET,ALTERNATE_PAYMENT,0.69490385,2247.353797888756,2247.353797888756,LOW
E03125,3088.25,PAYMENT_FAILED,Bank_B,E17,P011,CARD,RETRY_PAYMENT,0.7274769,2246.630520537496,2246.630520537496,LOW
E04200,4450.3,INVOICE_OVERDUE,Bank_D,E23,P017,NETBANKING,ALTERNATE_PAYMENT,0.5047391,2246.2404421031474,2246.2404421031474,LOW
E04654,3705.12,PAYMENT_FAILED,Bank_D,E23,P010,UPI,RETRY_PAYMENT,0.60591143,2244.9745712184904,2244.9745712184904,LOW
E02325,3650.38,INVOICE_OVERDUE,Bank_C,E11,P012,UPI,ALTERNATE_PAYMENT,0.61478305,2244.191745057106,2244.191745057106,LOW
E02446,3662.72,CHECKOUT_ABANDONED,Bank_B,E11,P013,WALLET,SEND_REMINDER,0.6125995,2243.7804116058346,2243.7804116058346,LOW
E01800,3130.35,INVOICE_OVERDUE,Bank_B,E17,P010,WALLET,SEND_REMINDER,0.7140628,2235.2665171086787,2235.2665171086787,LOW
E02195,3506.41,PAYMENT_FAILED,Bank_A,E17,P008,WALLET,RETRY_PAYMENT,0.63673383,2232.649868763089,2232.649868763089,LOW
E01559,3777.14,SUBSCRIPTION_FAILED,Bank_B,E23,P009,WALLET,ALTERNATE_PAYMENT,0.5908316,2231.653585687876,2231.653585687876,LOW
E02697,4073.79,INVOICE_OVERDUE,Bank_A,E11,P010,NETBANKING,SEND_REMINDER,0.54740876,2230.028330746293,2230.028330746293,LOW
E03879,4155.06,CHECKOUT_ABANDONED,Bank_B,E23,P010,NETBANKING,SEND_REMINDER,0.53669775,2230.011333682537,2230.011333682537,LOW
E02663,3292.07,PAYMENT_FAILED,Bank_C,E17,P013,WALLET,RETRY_PAYMENT,0.6751862,2222.7602888435126,2222.7602888435126,LOW
E00056,3612.98,SUBSCRIPTION_FAILED,Bank_C,E17,P008,UPI,ALTERNATE_PAYMENT,0.61453295,2220.2952488040924,2220.2952488040924,LOW
E04870,3963.25,INVOICE_OVERDUE,Bank_C,E11,P012,CARD,ALTERNATE_PAYMENT,0.5596945,2218.2093403935432,2218.2093403935432,LOW
E04318,3322.81,SUBSCRIPTION_FAILED,Bank_B,E17,P018,CARD,ALTERNATE_PAYMENT,0.6674527,2217.8184827792643,2217.8184827792643,LOW
E00020,3913.62,CHECKOUT_ABANDONED,Bank_D,E42,P013,NETBANKING,ALTERNATE_PAYMENT,0.56640303,2216.686231548786,2216.686231548786,LOW
E00674,3587.05,INVOICE_OVERDUE,Bank_C,E11,P013,UPI,SEND_REMINDER,0.616855,2212.68981847167,2212.68981847167,LOW
E03886,4459.61,INVOICE_OVERDUE,Bank_D,E17,P016,CARD,SEND_REMINDER,0.49600738,2211.999484719634,2211.999484719634,LOW
E03485,4250.58,CHECKOUT_ABANDONED,Bank_D,E42,P006,NETBANKING,SEND_REMINDER,0.5191142,2206.5364205110072,2206.5364205110072,LOW
E02557,4058.21,INVOICE_OVERDUE,Bank_B,E23,P019,NETBANKING,SEND_REMINDER,0.5419939,2199.525129991174,2199.525129991174,LOW
E03405,3894.41,INVOICE_OVERDUE,Bank_C,E17,P020,CARD,SEND_REMINDER,0.5639269,2196.1624635714293,2196.1624635714293,LOW
E03007,3838.79,CHECKOUT_ABANDONED,Bank_D,E17,P006,CARD,SEND_REMINDER,0.57172453,2194.730424007177,2194.730424007177,LOW
E01657,3282.89,PAYMENT_FAILED,Bank_A,E42,P005,WALLET,ALTERNATE_PAYMENT,0.66405624,2180.02359469831,2180.02359469831,LOW
E04064,3448.94,PAYMENT_FAILED,Bank_D,E42,P013,UPI,ALTERNATE_PAYMENT,0.6316311,2178.4576844179637,2178.4576844179637,LOW
E00054,2802.56,CHECKOUT_ABANDONED,Bank_A,E42,P019,UPI,ALTERNATE_PAYMENT,0.7769941,2177.5726105499266,2177.5726105499266,LOW
E01711,3118.69,PAYMENT_FAILED,Bank_C,E11,P007,CARD,RETRY_PAYMENT,0.69762415,2175.6734508150817,2175.6734508150817,LOW
E01624,2893.83,CHECKOUT_ABANDONED,Bank_A,E42,P014,UPI,ALTERNATE_PAYMENT,0.7513369,2174.2411819714307,2174.2411819714307,LOW
E04308,2788.49,CHECKOUT_ABANDONED,Bank_A,E42,P009,UPI,ALTERNATE_PAYMENT,0.7756901,2163.00402765274,2163.00402765274,LOW
E00913,5204.39,SUBSCRIPTION_FAILED,Bank_C,E23,P001,UPI,ALTERNATE_PAYMENT,0.41526997,2161.226883820296,2161.226883820296,LOW
E03359,3930.01,INVOICE_OVERDUE,Bank_D,E17,P010,CARD,SEND_REMINDER,0.5496004,2159.935155966878,2159.935155966878,LOW
E01761,3875.19,PAYMENT_FAILED,Bank_C,E23,P005,UPI,RETRY_PAYMENT,0.5573069,2159.670070470572,2159.670070470572,LOW
E00153,3554.24,INVOICE_OVERDUE,Bank_B,E17,P001,NETBANKING,SEND_REMINDER,0.6065106,2155.684162387848,2155.684162387848,LOW
E03664,3705.35,CHECKOUT_ABANDONED,Bank_D,E42,P020,CARD,SEND_REMINDER,0.5817634,2155.63696500659,2155.63696500659,LOW
E02097,3313.31,PAYMENT_FAILED,Bank_D,E11,P015,WALLET,RETRY_PAYMENT,0.64598334,2140.3430548083784,2140.3430548083784,LOW
E03355,3240.57,INVOICE_OVERDUE,Bank_D,E17,P011,WALLET,SEND_REMINDER,0.6592258,2136.267420362234,2136.267420362234,LOW
E01135,2978.56,SUBSCRIPTION_FAILED,Bank_D,E17,P018,NETBANKING,ALTERNATE_PAYMENT,0.7165607,2134.3191023254394,2134.3191023254394,LOW
E02181,3218.43,INVOICE_OVERDUE,Bank_B,E17,P003,UPI,SEND_REMINDER,0.6623573,2131.750510795712,2131.750510795712,LOW
E00276,2716.8,PAYMENT_FAILED,Bank_D,E11,P009,NETBANKING,RETRY_PAYMENT,0.7814333,2122.997946739197,2122.997946739197,LOW
E03926,2938.48,CHECKOUT_ABANDONED,Bank_A,E42,P004,CARD,ALTERNATE_PAYMENT,0.72086453,2118.246016979217,2118.246016979217,LOW
E01808,3632.32,CHECKOUT_ABANDONED,Bank_A,E17,P018,UPI,SEND_REMINDER,0.5827964,2116.903000850677,2116.903000850677,LOW
E04311,3036.45,PAYMENT_FAILED,Bank_B,E17,P016,WALLET,RETRY_PAYMENT,0.6959847,2113.322806638479,2113.322806638479,LOW
E01041,4065.13,CHECKOUT_ABANDONED,Bank_D,E17,P002,CARD,SEND_REMINDER,0.5194452,2111.612188203335,2111.612188203335,LOW
E01872,2750.33,SUBSCRIPTION_FAILED,Bank_A,E17,P002,NETBANKING,ALTERNATE_PAYMENT,0.76760715,2111.172979630828,2111.172979630828,LOW
E03757,2763.84,PAYMENT_FAILED,Bank_D,E42,P011,CARD,ALTERNATE_PAYMENT,0.7634624,2110.0879867172243,2110.0879867172243,LOW
E01950,3600.34,CHECKOUT_ABANDONED,Bank_C,E17,P009,CARD,SEND_REMINDER,0.58489954,2105.837226822376,2105.837226822376,LOW
E02646,3804.43,CHECKOUT_ABANDONED,Bank_B,E17,P010,UPI,SEND_REMINDER,0.55213,2100.5398746562005,2100.5398746562005,LOW
E04883,4068.76,INVOICE_OVERDUE,Bank_A,E11,P014,CARD,ALTERNATE_PAYMENT,0.5154228,2097.131757354736,2097.131757354736,LOW
E01133,2692.09,INVOICE_OVERDUE,Bank_A,E42,P013,UPI,ALTERNATE_PAYMENT,0.77835333,2095.397225509882,2095.397225509882,LOW
E02506,3299.09,SUBSCRIPTION_FAILED,Bank_B,E17,P014,CARD,ALTERNATE_PAYMENT,0.6330684,2088.549570813775,2088.549570813775,LOW
E03706,3248.86,SUBSCRIPTION_FAILED,Bank_B,E11,P020,WALLET,ALTERNATE_PAYMENT,0.640789,2081.833660799265,2081.833660799265,LOW
E00953,2592.37,SUBSCRIPTION_FAILED,Bank_B,E42,P006,UPI,ALTERNATE_PAYMENT,0.80272,2080.9472730511425,2080.9472730511425,LOW
E01874,3160.88,SUBSCRIPTION_FAILED,Bank_D,E23,P013,WALLET,ALTERNATE_PAYMENT,0.65550226,2071.9639827394485,2071.9639827394485,LOW
E02853,3203.2,SUBSCRIPTION_FAILED,Bank_C,E17,P015,WALLET,ALTERNATE_PAYMENT,0.64607894,2069.5200740814207,2069.5200740814207,LOW
E02644,2941.7,INVOICE_OVERDUE,Bank_A,E42,P005,UPI,ALTERNATE_PAYMENT,0.7033468,2069.0352488577364,2069.0352488577364,LOW
E03746,3381.41,CHECKOUT_ABANDONED,Bank_D,E42,P010,WALLET,SEND_REMINDER,0.61133707,2067.181267317533,2067.181267317533,LOW
E01184,3011.16,PAYMENT_FAILED,Bank_D,E42,P010,CARD,ALTERNATE_PAYMENT,0.68437964,2060.776588475704,2060.776588475704,LOW
E02341,3998.23,INVOICE_OVERDUE,Bank_B,E23,P016,NETBANKING,SEND_REMINDER,0.51529175,2060.25493532598,2060.25493532598,LOW
E03298,2671.59,PAYMENT_FAILED,Bank_A,E42,P020,CARD,ALTERNATE_PAYMENT,0.77050817,2058.481922231913,2058.481922231913,LOW
E00802,3816.21,CHECKOUT_ABANDONED,Bank_B,E23,P010,CARD,SEND_REMINDER,0.539371,2058.3530559682845,2058.3530559682845,LOW
E04827,3390.01,SUBSCRIPTION_FAILED,Bank_A,E23,P015,UPI,ALTERNATE_PAYMENT,0.6068185,2057.120773628354,2057.120773628354,LOW
E00908,4605.38,CHECKOUT_ABANDONED,Bank_D,E23,P017,UPI,SEND_REMINDER,0.4462183,2055.004888736009,2055.004888736009,LOW
E00558,3412.42,SUBSCRIPTION_FAILED,Bank_D,E11,P012,WALLET,ALTERNATE_PAYMENT,0.60099745,2050.855711393356,2050.855711393356,LOW
E00297,3973.47,CHECKOUT_ABANDONED,Bank_A,E11,P003,NETBANKING,SEND_REMINDER,0.51568234,2049.0483062016965,2049.0483062016965,LOW
E01544,3446.15,PAYMENT_FAILED,Bank_A,E17,P017,CARD,RETRY_PAYMENT,0.5939665,2046.8975990772249,2046.8975990772249,LOW
E00583,2996.38,CHECKOUT_ABANDONED,Bank_B,E42,P018,NETBANKING,ALTERNATE_PAYMENT,0.68184423,2043.0644272708892,2043.0644272708892,LOW
E00790,2607.79,PAYMENT_FAILED,Bank_A,E42,P016,NETBANKING,ALTERNATE_PAYMENT,0.7831952,2042.4086043030024,2042.4086043030024,LOW
E04818,3216.84,INVOICE_OVERDUE,Bank_A,E17,P013,CARD,SEND_REMINDER,0.6342531,2040.290692856312,2040.290692856312,LOW
E01910,2287.72,SUBSCRIPTION_FAILED,Bank_A,E42,P002,CARD,ALTERNATE_PAYMENT,0.8912298,2038.8842571139332,2038.8842571139332,LOW
E03075,4159.04,CHECKOUT_ABANDONED,Bank_C,E17,P005,UPI,SEND_REMINDER,0.48888844,2033.306587963104,2033.306587963104,LOW
E03449,2648.57,CHECKOUT_ABANDONED,Bank_A,E42,P002,CARD,ALTERNATE_PAYMENT,0.76756465,2032.9487165725232,2032.9487165725232,LOW
E04339,3277.83,PAYMENT_FAILED,Bank_A,E42,P019,NETBANKING,ALTERNATE_PAYMENT,0.61970794,2031.297283555269,2031.297283555269,LOW
E00426,4538.2,CHECKOUT_ABANDONED,Bank_A,E23,P008,UPI,ALTERNATE_PAYMENT,0.44689125,2028.081862699985,2028.081862699985,LOW
E00877,3082.33,SUBSCRIPTION_FAILED,Bank_C,E42,P014,NETBANKING,ALTERNATE_PAYMENT,0.65518814,2019.5060695940256,2019.5060695940256,LOW
E03789,2563.23,CHECKOUT_ABANDONED,Bank_A,E42,P002,CARD,ALTERNATE_PAYMENT,0.78568906,2013.901758804917,2013.901758804917,LOW
E02979,3494.74,PAYMENT_FAILED,Bank_B,E23,P017,CARD,RETRY_PAYMENT,0.5761763,2013.5863128399849,2013.5863128399849,LOW
E00493,2526.53,PAYMENT_FAILED,Bank_A,E42,P011,UPI,ALTERNATE_PAYMENT,0.79424506,2006.683982201219,2006.683982201219,LOW
E02039,3390.49,PAYMENT_FAILED,Bank_C,E17,P005,CARD,RETRY_PAYMENT,0.59177417,2006.4043908280128,2006.4043908280128,LOW
E01909,2808.15,SUBSCRIPTION_FAILED,Bank_D,E17,P002,UPI,ALTERNATE_PAYMENT,0.7138179,2004.507720324397,2004.507720324397,LOW
E00661,2585.04,PAYMENT_FAILED,Bank_B,E17,P002,CARD,RETRY_PAYMENT,0.7754091,2004.463546171188,2004.463546171188,LOW
E02372,2846.31,SUBSCRIPTION_FAILED,Bank_C,E42,P005,WALLET,ALTERNATE_PAYMENT,0.7038398,2003.346201081276,2003.346201081276,LOW
E01250,3890.74,INVOICE_OVERDUE,Bank_C,E23,P013,CARD,SEND_REMINDER,0.5143433,2001.176134005785,2001.176134005785,LOW
E01040,3768.7,SUBSCRIPTION_FAILED,Bank_D,E17,P012,CARD,ALTERNATE_PAYMENT,0.5302803,1998.4673365890976,1998.4673365890976,LOW
E01177,2610.33,CHECKOUT_ABANDONED,Bank_A,E42,P007,NETBANKING,ALTERNATE_PAYMENT,0.76410913,1994.576997513771,1994.576997513771,LOW
E02225,3748.26,CHECKOUT_ABANDONED,Bank_C,E17,P017,UPI,SEND_REMINDER,0.53171486,1993.0055284917355,1993.0055284917355,LOW
E04553,2857.04,CHECKOUT_ABANDONED,Bank_A,E42,P003,WALLET,ALTERNATE_PAYMENT,0.69622093,1989.131058392525,1989.131058392525,LOW
E03688,3750.87,CHECKOUT_ABANDONED,Bank_B,E23,P004,UPI,SEND_REMINDER,0.5277001,1979.334572251439,1979.334572251439,LOW
E04888,2848.32,SUBSCRIPTION_FAILED,Bank_D,E17,P018,WALLET,ALTERNATE_PAYMENT,0.69408286,1976.9700809097287,1976.9700809097287,LOW
E01307,2791.24,CHECKOUT_ABANDONED,Bank_B,E17,P019,WALLET,SEND_REMINDER,0.7066287,1972.370237402916,1972.370237402916,LOW
E01138,3092.01,PAYMENT_FAILED,Bank_A,E42,P001,UPI,ALTERNATE_PAYMENT,0.63724726,1970.3749139517547,1970.3749139517547,LOW
E00203,2690.57,PAYMENT_FAILED,Bank_A,E11,P007,WALLET,RETRY_PAYMENT,0.73199546,1969.4850338828564,1969.4850338828564,LOW
E03841,3781.22,INVOICE_OVERDUE,Bank_A,E23,P014,CARD,ALTERNATE_PAYMENT,0.5207199,1968.9564466834067,1968.9564466834067,LOW
E01696,2866.42,INVOICE_OVERDUE,Bank_C,E42,P013,UPI,ALTERNATE_PAYMENT,0.68363917,1959.5969860577584,1959.5969860577584,LOW
E04022,3809.22,CHECKOUT_ABANDONED,Bank_B,E11,P014,UPI,ALTERNATE_PAYMENT,0.51426554,1958.950569849014,1958.950569849014,LOW
E00286,2984.81,SUBSCRIPTION_FAILED,Bank_A,E17,P004,WALLET,ALTERNATE_PAYMENT,0.6556238,1956.912455381155,1956.912455381155,LOW
E00435,3289.04,PAYMENT_FAILED,Bank_A,E11,P007,NETBANKING,RETRY_PAYMENT,0.5935187,1952.1066607618327,1952.1066607618327,LOW
E03418,2836.66,CHECKOUT_ABANDONED,Bank_B,E17,P007,CARD,SEND_REMINDER,0.68661016,1947.6795828711984,1947.6795828711984,LOW
E01818,3737.96,CHECKOUT_ABANDONED,Bank_D,E17,P002,UPI,SEND_REMINDER,0.5193461,1941.29501513958,1941.29501513958,LOW
E00586,2739.09,PAYMENT_FAILED,Bank_B,E42,P015,WALLET,ALTERNATE_PAYMENT,0.70813566,1939.6473171740768,1939.6473171740768,LOW
E01287,3548.64,CHECKOUT_ABANDONED,Bank_B,E42,P008,WALLET,SEND_REMINDER,0.54543376,1935.548056983948,1935.548056983948,LOW
E03566,3231.99,PAYMENT_FAILED,Bank_C,E11,P003,UPI,RETRY_PAYMENT,0.59855497,1934.523673721552,1934.523673721552,LOW
E02196,2954.15,CHECKOUT_ABANDONED,Bank_B,E42,P010,WALLET,SEND_REMINDER,0.6545267,1933.570081853867,1933.570081853867,LOW
E02720,2662.82,INVOICE_OVERDUE,Bank_B,E42,P002,CARD,ALTERNATE_PAYMENT,0.7254683,1931.7914398407936,1931.7914398407936,LOW
E02020,3838.17,CHECKOUT_ABANDONED,Bank_C,E11,P014,CARD,SEND_REMINDER,0.5030187,1930.6711964017156,1930.6711964017156,LOW
E04237,2714.15,SUBSCRIPTION_FAILED,Bank_D,E17,P009,WALLET,ALTERNATE_PAYMENT,0.71105266,1929.9035667538644,1929.9035667538644,LOW
E00180,2528.57,PAYMENT_FAILED,Bank_A,E42,P019,CARD,ALTERNATE_PAYMENT,0.7627196,1928.5898271363972,1928.5898271363972,LOW
E00563,3403.06,CHECKOUT_ABANDONED,Bank_C,E42,P003,NETBANKING,SEND_REMINDER,0.5664816,1927.770840587616,1927.770840587616,LOW
E00096,2527.34,CHECKOUT_ABANDONED,Bank_A,E42,P018,NETBANKING,ALTERNATE_PAYMENT,0.76109296,1923.5406836354732,1923.5406836354732,LOW
E03223,2696.05,PAYMENT_FAILED,Bank_A,E11,P019,WALLET,RETRY_PAYMENT,0.7134194,1923.4143135279417,1923.4143135279417,LOW
E02910,2140.86,SUBSCRIPTION_FAILED,Bank_A,E42,P009,WALLET,ALTERNATE_PAYMENT,0.8962187,1918.6788026869297,1918.6788026869297,LOW
E01450,3967.27,PAYMENT_FAILED,Bank_B,E42,P004,NETBANKING,ALTERNATE_PAYMENT,0.4832634,1917.2364015230537,1917.2364015230537,LOW
E04872,2430.96,CHECKOUT_ABANDONED,Bank_A,E42,P012,WALLET,ALTERNATE_PAYMENT,0.786228,1911.2888215970995,1911.2888215970995,LOW
E00256,3723.41,PAYMENT_FAILED,Bank_A,E23,P004,WALLET,RETRY_PAYMENT,0.51131344,1903.8295697307583,1903.8295697307583,LOW
E03919,3331.29,INVOICE_OVERDUE,Bank_B,E17,P008,UPI,SEND_REMINDER,0.5712909,1903.135696386695,1903.135696386695,LOW
E02279,2206.99,SUBSCRIPTION_FAILED,Bank_A,E42,P010,UPI,ALTERNATE_PAYMENT,0.8621474,1902.750670115352,1902.750670115352,LOW
E01230,2460.45,SUBSCRIPTION_FAILED,Bank_D,E42,P013,UPI,ALTERNATE_PAYMENT,0.77222705,1900.0260424017904,1900.0260424017904,LOW
E04854,3262.99,INVOICE_OVERDUE,Bank_D,E23,P003,WALLET,SEND_REMINDER,0.5822748,1899.95683196187,1899.95683196187,LOW
E03561,3072.26,PAYMENT_FAILED,Bank_A,E23,P018,CARD,RETRY_PAYMENT,0.6183597,1899.761725666523,1899.761725666523,LOW
E02821,3042.66,SUBSCRIPTION_FAILED,Bank_D,E23,P005,UPI,ALTERNATE_PAYMENT,0.6233793,1896.7312308275696,1896.7312308275696,LOW
E01008,2718.71,CHECKOUT_ABANDONED,Bank_B,E11,P012,CARD,SEND_REMINDER,0.6969857,1894.9020511388776,1894.9020511388776,LOW
E03659,2625.95,SUBSCRIPTION_FAILED,Bank_D,E17,P002,WALLET,ALTERNATE_PAYMENT,0.7199895,1890.6563712984323,1890.6563712984323,LOW
E02676,2919.45,CHECKOUT_ABANDONED,Bank_D,E23,P012,UPI,SEND_REMINDER,0.64753646,1890.450308176875,1890.450308176875,LOW
E00169,3508.03,SUBSCRIPTION_FAILED,Bank_C,E11,P004,UPI,ALTERNATE_PAYMENT,0.53764236,1886.065527216196,1886.065527216196,LOW
E00141,3364.0,SUBSCRIPTION_FAILED,Bank_D,E23,P003,NETBANKING,ALTERNATE_PAYMENT,0.56023395,1884.6270098686216,1884.6270098686216,LOW
E01596,2976.67,CHECKOUT_ABANDONED,Bank_C,E11,P015,WALLET,SEND_REMINDER,0.63189745,1880.9501809835435,1880.9501809835435,LOW
E02775,2844.31,PAYMENT_FAILED,Bank_A,E23,P002,WALLET,RETRY_PAYMENT,0.65882784,1873.910617236495,1873.910617236495,LOW
E04140,2454.05,INVOICE_OVERDUE,Bank_A,E42,P018,CARD,ALTERNATE_PAYMENT,0.7627086,1871.725050470233,1871.725050470233,LOW
E01598,2587.41,CHECKOUT_ABANDONED,Bank_C,E11,P007,NETBANKING,SEND_REMINDER,0.72001797,1862.981694744229,1862.981694744229,LOW
E04970,2986.54,INVOICE_OVERDUE,Bank_D,E17,P004,NETBANKING,SEND_REMINDER,0.6237614,1862.8884177923203,1862.8884177923203,LOW
E04512,3400.0,SUBSCRIPTION_FAILED,Bank_C,E23,P009,CARD,ALTERNATE_PAYMENT,0.54607594,1856.65819644928,1856.65819644928,LOW
E02236,3440.07,CHECKOUT_ABANDONED,Bank_D,E23,P014,WALLET,SEND_REMINDER,0.5396302,1856.3655748629567,1856.3655748629567,LOW
E04212,3310.0,CHECKOUT_ABANDONED,Bank_A,E42,P020,NETBANKING,ALTERNATE_PAYMENT,0.56059897,1855.5825889110563,1855.5825889110563,LOW
E04379,2481.38,SUBSCRIPTION_FAILED,Bank_A,E17,P011,WALLET,ALTERNATE_PAYMENT,0.74603146,1851.187552021742,1851.187552021742,LOW
E01266,2688.83,CHECKOUT_ABANDONED,Bank_C,E11,P015,NETBANKING,SEND_REMINDER,0.68816864,1850.368497480154,1850.368497480154,LOW
E01700,3042.48,CHECKOUT_ABANDONED,Bank_B,E23,P014,NETBANKING,SEND_REMINDER,0.60741496,1848.0478701210025,1848.0478701210025,LOW
E03434,3234.86,INVOICE_OVERDUE,Bank_C,E17,P006,UPI,SEND_REMINDER,0.5707023,1846.142088685036,1846.142088685036,LOW
E01341,3074.89,SUBSCRIPTION_FAILED,Bank_B,E11,P015,UPI,ALTERNATE_PAYMENT,0.6003605,1846.042536998987,1846.042536998987,LOW
E01092,2953.8,SUBSCRIPTION_FAILED,Bank_A,E17,P003,CARD,ALTERNATE_PAYMENT,0.623561,1841.874554657936,1841.874554657936,LOW
E01290,2592.51,CHECKOUT_ABANDONED,Bank_B,E17,P014,NETBANKING,SEND_REMINDER,0.7103102,1841.4863503146173,1841.4863503146173,LOW
E01480,3402.31,CHECKOUT_ABANDONED,Bank_B,E42,P009,CARD,ALTERNATE_PAYMENT,0.54053336,1839.062069055438,1839.062069055438,LOW
E01885,3553.05,CHECKOUT_ABANDONED,Bank_C,E11,P014,WALLET,SEND_REMINDER,0.5164388,1834.9328151494265,1834.9328151494265,LOW
E01518,3263.52,PAYMENT_FAILED,Bank_C,E17,P012,NETBANKING,RETRY_PAYMENT,0.5620227,1834.1722762298584,1834.1722762298584,LOW
E00444,3453.68,CHECKOUT_ABANDONED,Bank_C,E42,P006,NETBANKING,SEND_REMINDER,0.5309448,1833.7135205078123,1833.7135205078123,LOW
E04425,2985.68,INVOICE_OVERDUE,Bank_A,E17,P010,UPI,SEND_REMINDER,0.6114863,1825.702463140488,1825.702463140488,LOW
E02234,2044.32,SUBSCRIPTION_FAILED,Bank_A,E42,P015,NETBANKING,ALTERNATE_PAYMENT,0.8925401,1824.6375715827944,1824.6375715827944,LOW
E01622,2448.23,SUBSCRIPTION_FAILED,Bank_D,E17,P010,WALLET,ALTERNATE_PAYMENT,0.7444691,1822.631599865556,1822.631599865556,LOW
E01398,2604.8,PAYMENT_FAILED,Bank_C,E11,P008,NETBANKING,RETRY_PAYMENT,0.6993052,1821.550124359131,1821.550124359131,LOW
E00155,3299.55,PAYMENT_FAILED,Bank_A,E17,P011,CARD,RETRY_PAYMENT,0.5519752,1821.269740274549,1821.269740274549,LOW
E04377,2488.95,INVOICE_OVERDUE,Bank_A,E42,P017,NETBANKING,ALTERNATE_PAYMENT,0.7311454,1819.7842983484268,1819.7842983484268,LOW
E01134,2722.66,INVOICE_OVERDUE,Bank_A,E17,P016,NETBANKING,SEND_REMINDER,0.66819596,1819.2704203653332,1819.2704203653332,LOW
E00015,3338.79,CHECKOUT_ABANDONED,Bank_B,E23,P009,WALLET,SEND_REMINDER,0.5444028,1817.646551654935,1817.646551654935,LOW
E03624,3485.33,CHECKOUT_ABANDONED,Bank_C,E23,P006,CARD,SEND_REMINDER,0.52036667,1813.6495614242556,1813.6495614242556,LOW
E02576,2704.65,PAYMENT_FAILED,Bank_C,E23,P018,WALLET,RETRY_PAYMENT,0.67049634,1813.4579383313653,1813.4579383313653,LOW
E01015,3548.34,CHECKOUT_ABANDONED,Bank_C,E11,P003,CARD,SEND_REMINDER,0.51014405,1810.1645557272436,1810.1645557272436,LOW
E00334,2372.21,INVOICE_OVERDUE,Bank_A,E42,P010,CARD,ALTERNATE_PAYMENT,0.7628099,1809.5452079451084,1809.5452079451084,LOW
E04939,4144.83,INVOICE_OVERDUE,Bank_C,E11,P004,CARD,SEND_REMINDER,0.4360714,1807.4418037605285,1807.4418037605285,LOW
E03103,3519.72,INVOICE_OVERDUE,Bank_D,E17,P005,NETBANKING,SEND_REMINDER,0.513387,1806.978577530384,1806.978577530384,LOW
E01282,3208.31,CHECKOUT_ABANDONED,Bank_B,E11,P003,UPI,SEND_REMINDER,0.5629397,1806.085080022216,1806.085080022216,LOW
E01546,3217.55,CHECKOUT_ABANDONED,Bank_C,E11,P005,CARD,SEND_REMINDER,0.5612361,1805.8051604896784,1805.8051604896784,LOW
E04765,4190.5,CHECKOUT_ABANDONED,Bank_A,E23,P017,UPI,ALTERNATE_PAYMENT,0.43067777,1804.7552017569544,1804.7552017569544,LOW
E00351,3144.62,CHECKOUT_ABANDONED,Bank_A,E11,P015,WALLET,SEND_REMINDER,0.5729597,1801.740598129034,1801.740598129034,LOW
E04316,2808.59,CHECKOUT_ABANDONED,Bank_B,E11,P004,NETBANKING,SEND_REMINDER,0.64053154,1798.9904776954652,1798.9904776954652,LOW
E04479,3626.49,SUBSCRIPTION_FAILED,Bank_B,E23,P004,UPI,ALTERNATE_PAYMENT,0.49597308,1798.6414163276552,1798.6414163276552,LOW
E04059,2845.41,PAYMENT_FAILED,Bank_A,E23,P012,WALLET,RETRY_PAYMENT,0.6314277,1796.6707069033384,1796.6707069033384,LOW
E04808,3499.43,PAYMENT_FAILED,Bank_A,E23,P012,NETBANKING,RETRY_PAYMENT,0.51324445,1796.0630259865522,1796.0630259865522,LOW
E00344,3291.94,INVOICE_OVERDUE,Bank_D,E23,P016,WALLET,SEND_REMINDER,0.5448163,1793.5026205742358,1793.5026205742358,LOW
E01152,3284.33,CHECKOUT_ABANDONED,Bank_B,E23,P011,NETBANKING,SEND_REMINDER,0.5443155,1787.7117817801236,1787.7117817801236,LOW
E02465,2963.65,INVOICE_OVERDUE,Bank_D,E17,P015,CARD,SEND_REMINDER,0.6026543,1786.0563518196343,1786.0563518196343,LOW
E01239,2408.04,PAYMENT_FAILED,Bank_A,E42,P014,WALLET,ALTERNATE_PAYMENT,0.7415117,1785.5898401784896,1785.5898401784896,LOW
E02356,2802.11,CHECKOUT_ABANDONED,Bank_D,E17,P020,CARD,SEND_REMINDER,0.6361226,1782.485454813242,1782.485454813242,LOW
E02367,3309.89,SUBSCRIPTION_FAILED,Bank_A,E11,P015,CARD,ALTERNATE_PAYMENT,0.53659064,1776.055979450345,1776.055979450345,LOW
E01739,2779.24,INVOICE_OVERDUE,Bank_B,E11,P004,UPI,SEND_REMINDER,0.63854665,1774.6743794322012,1774.6743794322012,LOW
E04047,3052.18,INVOICE_OVERDUE,Bank_B,E23,P020,UPI,RETRY_PAYMENT,0.58023083,1770.968941118717,1770.968941118717,LOW
E02731,2297.91,SUBSCRIPTION_FAILED,Bank_C,E42,P009,UPI,ALTERNATE_PAYMENT,0.7701263,1769.6808873564005,1769.6808873564005,LOW
E02233,2893.73,PAYMENT_FAILED,Bank_B,E11,P017,CARD,RETRY_PAYMENT,0.61145246,1769.378327912092,1769.378327912092,LOW
E02523,2447.06,CHECKOUT_ABANDONED,Bank_B,E42,P012,UPI,ALTERNATE_PAYMENT,0.7228376,1768.82704336524,1768.82704336524,LOW
E01191,2379.72,PAYMENT_FAILED,Bank_A,E42,P014,WALLET,ALTERNATE_PAYMENT,0.7415117,1764.5902287626266,1764.5902287626266,LOW
E00748,2645.99,PAYMENT_FAILED,Bank_D,E42,P016,WALLET,ALTERNATE_PAYMENT,0.66441464,1758.0345045161246,1758.0345045161246,LOW
E03864,3365.16,INVOICE_OVERDUE,Bank_B,E42,P004,CARD,ALTERNATE_PAYMENT,0.5221794,1757.2173130345343,1757.2173130345343,LOW
E00871,2564.26,CHECKOUT_ABANDONED,Bank_B,E23,P007,CARD,SEND_REMINDER,0.68518823,1757.000780538321,1757.000780538321,LOW
E03249,2731.13,CHECKOUT_ABANDONED,Bank_C,E23,P008,WALLET,SEND_REMINDER,0.6423213,1754.2629408949615,1754.2629408949615,LOW
E03500,2678.91,SUBSCRIPTION_FAILED,Bank_A,E17,P003,UPI,ALTERNATE_PAYMENT,0.65428036,1752.758211298585,1752.758211298585,LOW
E03573,2831.52,CHECKOUT_ABANDONED,Bank_C,E17,P017,WALLET,SEND_REMINDER,0.61726457,1747.7969718647005,1747.7969718647005,LOW
E00005,2719.86,CHECKOUT_ABANDONED,Bank_D,E23,P019,WALLET,SEND_REMINDER,0.6422317,1746.7803191900257,1746.7803191900257,LOW
E03890,2793.15,CHECKOUT_ABANDONED,Bank_C,E23,P004,CARD,SEND_REMINDER,0.6248319,1745.2492631077766,1745.2492631077766,LOW
E04711,2310.15,SUBSCRIPTION_FAILED,Bank_B,E42,P019,WALLET,ALTERNATE_PAYMENT,0.75411934,1742.1287854582072,1742.1287854582072,LOW
E01788,3249.91,CHECKOUT_ABANDONED,Bank_B,E11,P010,UPI,SEND_REMINDER,0.5359782,1741.8809056293965,1741.8809056293965,LOW
E03430,2387.29,CHECKOUT_ABANDONED,Bank_A,E42,P018,WALLET,ALTERNATE_PAYMENT,0.72804135,1738.0458364504575,1738.0458364504575,LOW
E00741,2381.78,CHECKOUT_ABANDONED,Bank_D,E42,P011,UPI,ALTERNATE_PAYMENT,0.7271765,1731.9744142687323,1731.9744142687323,LOW
E00078,2540.47,SUBSCRIPTION_FAILED,Bank_C,E17,P003,WALLET,ALTERNATE_PAYMENT,0.68147886,1731.276594368219,1731.276594368219,LOW
E00241,2652.73,PAYMENT_FAILED,Bank_A,E42,P001,UPI,ALTERNATE_PAYMENT,0.6503746,1725.2681897133589,1725.2681897133589,LOW
E00901,3116.62,CHECKOUT_ABANDONED,Bank_C,E11,P016,CARD,SEND_REMINDER,0.55334294,1724.5596687483787,1724.5596687483787,LOW
E01953,2272.54,PAYMENT_FAILED,Bank_A,E42,P008,CARD,ALTERNATE_PAYMENT,0.75857896,1723.9010209572316,1723.9010209572316,LOW
E03764,3815.08,PAYMENT_FAILED,Bank_C,E23,P001,UPI,RETRY_PAYMENT,0.45128188,1721.676457093954,1721.676457093954,LOW
E00413,3219.24,SUBSCRIPTION_FAILED,Bank_C,E23,P014,CARD,ALTERNATE_PAYMENT,0.53400385,1719.086566300392,1719.086566300392,LOW
E03328,2423.06,PAYMENT_FAILED,Bank_B,E42,P016,CARD,ALTERNATE_PAYMENT,0.70462424,1707.3468003857135,1707.3468003857135,LOW
E01390,2428.09,PAYMENT_FAILED,Bank_A,E11,P020,UPI,RETRY_PAYMENT,0.7024083,1705.5106025362015,1705.5106025362015,LOW
E01222,3253.46,CHECKOUT_ABANDONED,Bank_C,E23,P018,WALLET,SEND_REMINDER,0.5242033,1705.4744699668884,1705.4744699668884,LOW
E04046,2716.91,INVOICE_OVERDUE,Bank_C,E17,P014,UPI,SEND_REMINDER,0.6272718,1704.2409485185146,1704.2409485185146,LOW
E04337,2423.68,PAYMENT_FAILED,Bank_C,E17,P002,WALLET,RETRY_PAYMENT,0.70250773,1702.653945465088,1702.653945465088,LOW
E00035,3280.1,PAYMENT_FAILED,Bank_C,E42,P010,NETBANKING,ALTERNATE_PAYMENT,0.51792717,1698.8529096603393,1698.8529096603393,LOW
E00273,3271.19,INVOICE_OVERDUE,Bank_D,E11,P014,WALLET,SEND_REMINDER,0.5181886,1695.0933526027202,1695.0933526027202,LOW
E04091,3333.74,INVOICE_OVERDUE,Bank_C,E11,P009,WALLET,SEND_REMINDER,0.50757664,1692.12856257081,1692.12856257081,LOW
E00767,1968.61,SUBSCRIPTION_FAILED,Bank_A,E42,P013,CARD,ALTERNATE_PAYMENT,0.8591878,1691.4056591504811,1691.4056591504811,LOW
E04524,2283.98,PAYMENT_FAILED,Bank_A,E42,P008,UPI,ALTERNATE_PAYMENT,0.73934966,1688.6598438870908,1688.6598438870908,LOW
E00213,3181.99,INVOICE_OVERDUE,Bank_B,E11,P005,UPI,SEND_REMINDER,0.5306426,1688.499538000822,1688.499538000822,LOW
E00070,2969.06,INVOICE_OVERDUE,Bank_A,E11,P019,CARD,SEND_REMINDER,0.56708634,1683.713365662098,1683.713365662098,LOW
E01054,3011.97,SUBSCRIPTION_FAILED,Bank_B,E23,P005,NETBANKING,ALTERNATE_PAYMENT,0.55845606,1682.052908889055,1682.052908889055,LOW
E04515,2623.11,SUBSCRIPTION_FAILED,Bank_A,E23,P017,WALLET,ALTERNATE_PAYMENT,0.6412374,1682.0361789214612,1682.0361789214612,LOW
E00709,3093.4,CHECKOUT_ABANDONED,Bank_D,E23,P008,NETBANKING,SEND_REMINDER,0.542996,1679.7037933707238,1679.7037933707238,LOW
E03956,2823.4,INVOICE_OVERDUE,Bank_C,E17,P009,NETBANKING,SEND_REMINDER,0.5945976,1678.7868018627166,1678.7868018627166,LOW
E02054,2457.4,PAYMENT_FAILED,Bank_A,E17,P013,CARD,RETRY_PAYMENT,0.6800478,1671.1494884848596,1671.1494884848596,LOW
E02629,2413.69,PAYMENT_FAILED,Bank_A,E42,P018,NETBANKING,ALTERNATE_PAYMENT,0.6923243,1671.056193176508,1671.056193176508,LOW
E00399,3382.28,INVOICE_OVERDUE,Bank_B,E23,P014,NETBANKING,SEND_REMINDER,0.49388307,1670.4508412623406,1670.4508412623406,LOW
E03983,2304.44,CHECKOUT_ABANDONED,Bank_A,E42,P004,UPI,ALTERNATE_PAYMENT,0.72359157,1667.4733485507966,1667.4733485507966,LOW
E00192,3324.41,INVOICE_OVERDUE,Bank_A,E23,P018,NETBANKING,SEND_REMINDER,0.4987241,1657.9633951675892,1657.9633951675892,LOW
E01701,3265.03,SUBSCRIPTION_FAILED,Bank_C,E23,P020,NETBANKING,ALTERNATE_PAYMENT,0.50777036,1657.8854569309951,1657.8854569309951,LOW
E02974,2868.9,CHECKOUT_ABANDONED,Bank_B,E23,P009,NETBANKING,SEND_REMINDER,0.5770326,1655.4488997995854,1655.4488997995854,LOW
E00057,2591.01,SUBSCRIPTION_FAILED,Bank_D,E11,P020,CARD,ALTERNATE_PAYMENT,0.6379575,1652.9542966192962,1652.9542966192962,LOW
E02806,2595.35,SUBSCRIPTION_FAILED,Bank_D,E17,P012,NETBANKING,ALTERNATE_PAYMENT,0.63661325,1652.2341978132724,1652.2341978132724,LOW
E01348,2390.04,PAYMENT_FAILED,Bank_A,E42,P020,NETBANKING,ALTERNATE_PAYMENT,0.68998826,1649.0995301771163,1649.0995301771163,LOW
E03315,2145.37,CHECKOUT_ABANDONED,Bank_B,E17,P015,WALLET,SEND_REMINDER,0.768045,1647.740719204545,1647.740719204545,LOW
E03821,2222.05,PAYMENT_FAILED,Bank_D,E11,P012,UPI,RETRY_PAYMENT,0.7410263,1646.5974506080152,1646.5974506080152,LOW
E04174,2497.36,CHECKOUT_ABANDONED,Bank_C,E11,P020,NETBANKING,SEND_REMINDER,0.65811896,1643.5599740409853,1643.5599740409853,LOW
E03973,2576.86,INVOICE_OVERDUE,Bank_C,E42,P013,WALLET,ALTERNATE_PAYMENT,0.6371521,1641.851697962284,1641.851697962284,LOW
E01537,3087.16,INVOICE_OVERDUE,Bank_D,E23,P020,NETBANKING,SEND_REMINDER,0.53106254,1639.4750414586067,1639.4750414586067,LOW
E01781,2202.96,CHECKOUT_ABANDONED,Bank_A,E42,P020,UPI,ALTERNATE_PAYMENT,0.7410787,1632.5666774225235,1632.5666774225235,LOW
E02706,2810.66,SUBSCRIPTION_FAILED,Bank_D,E23,P003,UPI,ALTERNATE_PAYMENT,0.5790585,1627.536642158031,1627.536642158031,LOW
E00569,2556.03,CHECKOUT_ABANDONED,Bank_C,E11,P019,CARD,SEND_REMINDER,0.63648254,1626.868458518386,1626.868458518386,LOW
E03587,2072.07,CHECKOUT_ABANDONED,Bank_A,E42,P011,WALLET,ALTERNATE_PAYMENT,0.7832709,1622.992124399543,1622.992124399543,LOW
E04585,3263.42,PAYMENT_FAILED,Bank_C,E17,P010,NETBANKING,RETRY_PAYMENT,0.49553096,1617.125655090809,1617.125655090809,LOW
E04880,2519.52,INVOICE_OVERDUE,Bank_B,E42,P006,NETBANKING,ALTERNATE_PAYMENT,0.63991165,1612.2702044677735,1612.2702044677735,LOW
E03109,2328.29,SUBSCRIPTION_FAILED,Bank_D,E42,P007,CARD,ALTERNATE_PAYMENT,0.69055986,1607.823625855446,1607.823625855446,LOW
E04609,2350.61,SUBSCRIPTION_FAILED,Bank_D,E11,P007,WALLET,ALTERNATE_PAYMENT,0.6834811,1606.5975019395353,1606.5975019395353,LOW
E04141,1985.73,INVOICE_OVERDUE,Bank_A,E42,P006,UPI,ALTERNATE_PAYMENT,0.8020217,1592.5985151189566,1592.5985151189566,LOW
E03097,2066.97,SUBSCRIPTION_FAILED,Bank_A,E17,P011,UPI,ALTERNATE_PAYMENT,0.76930195,1590.1240535169838,1590.1240535169838,LOW
E04163,2472.65,PAYMENT_FAILED,Bank_C,E23,P019,UPI,RETRY_PAYMENT,0.64243686,1588.5215068042278,1588.5215068042278,LOW
E02661,2051.32,CHECKOUT_ABANDONED,Bank_A,E42,P006,CARD,ALTERNATE_PAYMENT,0.77314734,1585.9726109027863,1585.9726109027863,LOW
E01438,3260.5,CHECKOUT_ABANDONED,Bank_A,E17,P004,UPI,SEND_REMINDER,0.48572564,1583.708453297615,1583.708453297615,LOW
E00220,2560.41,INVOICE_OVERDUE,Bank_C,E17,P017,UPI,SEND_REMINDER,0.61616725,1577.6407816475628,1577.6407816475628,LOW
E01043,3253.73,CHECKOUT_ABANDONED,Bank_A,E23,P007,CARD,SEND_REMINDER,0.4847093,1577.113166774809,1577.113166774809,LOW
E00944,2771.51,INVOICE_OVERDUE,Bank_D,E17,P009,CARD,SEND_REMINDER,0.56581336,1568.157392575145,1568.157392575145,LOW
E04621,2367.36,PAYMENT_FAILED,Bank_B,E42,P017,UPI,ALTERNATE_PAYMENT,0.66218257,1567.6245277404787,1567.6245277404787,LOW
E02041,3115.53,INVOICE_OVERDUE,Bank_B,E23,P016,CARD,SEND_REMINDER,0.5024635,1565.4401691359285,1565.4401691359285,LOW
E04777,2539.5,CHECKOUT_ABANDONED,Bank_A,E23,P008,NETBANKING,SEND_REMINDER,0.6136397,1558.3380494713783,1558.3380494713783,LOW
E01096,2047.99,CHECKOUT_ABANDONED,Bank_B,E11,P011,NETBANKING,SEND_REMINDER,0.76052946,1557.5567257601024,1557.5567257601024,LOW
E00447,2150.92,PAYMENT_FAILED,Bank_C,E42,P011,CARD,ALTERNATE_PAYMENT,0.72372276,1556.6697501397134,1556.6697501397134,LOW
E03685,1727.62,SUBSCRIPTION_FAILED,Bank_A,E42,P009,CARD,ALTERNATE_PAYMENT,0.8987216,1552.649368674755,1552.649368674755,LOW
E03795,2413.98,SUBSCRIPTION_FAILED,Bank_D,E23,P010,WALLET,ALTERNATE_PAYMENT,0.640992,1547.3418338763713,1547.3418338763713,LOW
E03291,2278.45,PAYMENT_FAILED,Bank_B,E23,P020,UPI,RETRY_PAYMENT,0.6788375,1546.6972521156072,1546.6972521156072,LOW
E01776,1953.07,PAYMENT_FAILED,Bank_A,E42,P016,UPI,ALTERNATE_PAYMENT,0.7869124,1536.8949652272463,1536.8949652272463,LOW
E00119,3125.71,INVOICE_OVERDUE,Bank_C,E23,P006,NETBANKING,SEND_REMINDER,0.4914334,1536.0783297118544,1536.0783297118544,LOW
E04470,1904.44,INVOICE_OVERDUE,Bank_A,E42,P015,WALLET,ALTERNATE_PAYMENT,0.8014892,1526.38804322958,1526.38804322958,LOW
E00772,2701.98,CHECKOUT_ABANDONED,Bank_A,E17,P014,CARD,SEND_REMINDER,0.5644177,1525.0453906559944,1525.0453906559944,LOW
E04748,1679.09,SUBSCRIPTION_FAILED,Bank_A,E42,P007,CARD,ALTERNATE_PAYMENT,0.9077378,1524.1734483939408,1524.1734483939408,LOW
E03574,1892.56,PAYMENT_FAILED,Bank_A,E42,P011,CARD,ALTERNATE_PAYMENT,0.80465823,1522.8639875650406,1522.8639875650406,LOW
E00375,1903.37,CHECKOUT_ABANDONED,Bank_A,E42,P012,WALLET,ALTERNATE_PAYMENT,0.79624087,1515.5409774690866,1515.5409774690866,LOW
E02037,2136.53,INVOICE_OVERDUE,Bank_A,E17,P015,NETBANKING,SEND_REMINDER,0.706433,1509.3152936023475,1509.3152936023475,LOW
E00484,2286.09,CHECKOUT_ABANDONED,Bank_B,E42,P015,NETBANKING,ALTERNATE_PAYMENT,0.6564221,1500.6399496883157,1500.6399496883157,LOW
E02631,2454.2,CHECKOUT_ABANDONED,Bank_D,E11,P009,UPI,SEND_REMINDER,0.6113011,1500.2552187561987,1500.2552187561987,LOW
E01419,2573.89,INVOICE_OVERDUE,Bank_B,E23,P015,CARD,SEND_REMINDER,0.58231825,1498.8231111353634,1498.8231111353634,LOW
E02317,2494.06,CHECKOUT_ABANDONED,Bank_B,E11,P017,NETBANKING,SEND_REMINDER,0.59999603,1496.4260994064807,1496.4260994064807,LOW
E02708,2353.29,CHECKOUT_ABANDONED,Bank_D,E42,P019,WALLET,ALTERNATE_PAYMENT,0.63338387,1490.5359277260304,1490.5359277260304,LOW
E02864,2299.39,PAYMENT_FAILED,Bank_C,E23,P011,CARD,RETRY_PAYMENT,0.64398676,1480.7767196863888,1480.7767196863888,LOW
E02552,1790.5,INVOICE_OVERDUE,Bank_B,E17,P011,WALLET,SEND_REMINDER,0.82364905,1474.7436218857763,1474.7436218857763,LOW
E03382,1999.68,SUBSCRIPTION_FAILED,Bank_C,E17,P010,WALLET,ALTERNATE_PAYMENT,0.7346144,1468.9936679077148,1468.9936679077148,LOW
E04828,2893.35,SUBSCRIPTION_FAILED,Bank_D,E23,P001,UPI,ALTERNATE_PAYMENT,0.5072383,1467.61801764071,1467.61801764071,LOW
E02375,2345.38,CHECKOUT_ABANDONED,Bank_C,E17,P007,WALLET,SEND_REMINDER,0.62553066,1467.1070997083189,1467.1070997083189,LOW
E04708,2656.13,SUBSCRIPTION_FAILED,Bank_B,E23,P004,UPI,RETRY_PAYMENT,0.5522176,1466.7617411386968,1466.7617411386968,LOW
E04334,1980.09,PAYMENT_FAILED,Bank_A,E42,P006,UPI,ALTERNATE_PAYMENT,0.7395033,1464.2831368821858,1464.2831368821858,LOW
E01232,2002.92,PAYMENT_FAILED,Bank_A,E42,P019,WALLET,ALTERNATE_PAYMENT,0.7309257,1463.9856613969805,1463.9856613969805,LOW
E01840,2451.57,CHECKOUT_ABANDONED,Bank_D,E23,P016,UPI,SEND_REMINDER,0.5966816,1462.8066974830629,1462.8066974830629,LOW
E04635,2127.92,INVOICE_OVERDUE,Bank_B,E17,P008,NETBANKING,SEND_REMINDER,0.68652993,1460.8807780218124,1460.8807780218124,LOW
E03976,2879.29,INVOICE_OVERDUE,Bank_B,E11,P009,UPI,SEND_REMINDER,0.5041134,1451.4886027878522,1451.4886027878522,LOW
E04294,2348.52,SUBSCRIPTION_FAILED,Bank_D,E23,P018,UPI,ALTERNATE_PAYMENT,0.61574775,1446.0959053730965,1446.0959053730965,LOW
E04539,2054.51,SUBSCRIPTION_FAILED,Bank_A,E11,P011,WALLET,ALTERNATE_PAYMENT,0.7035973,1445.547703626156,1445.547703626156,LOW
E03595,2187.01,PAYMENT_FAILED,Bank_A,E42,P007,NETBANKING,ALTERNATE_PAYMENT,0.65877867,1440.7555334997178,1440.7555334997178,LOW
E01859,2423.92,PAYMENT_FAILED,Bank_A,E42,P013,NETBANKING,ALTERNATE_PAYMENT,0.5942198,1440.3412668514252,1440.3412668514252,LOW
E04449,2466.32,INVOICE_OVERDUE,Bank_B,E11,P015,CARD,SEND_REMINDER,0.5839759,1440.2714691638948,1440.2714691638948,LOW
E03874,2237.38,SUBSCRIPTION_FAILED,Bank_A,E17,P018,CARD,ALTERNATE_PAYMENT,0.64157945,1435.4570279991628,1435.4570279991628,LOW
E04121,1940.71,INVOICE_OVERDUE,Bank_A,E42,P004,CARD,ALTERNATE_PAYMENT,0.7392306,1434.632165670991,1434.632165670991,LOW
E04579,1734.75,CHECKOUT_ABANDONED,Bank_A,E42,P017,CARD,ALTERNATE_PAYMENT,0.8262528,1433.3420762121675,1433.3420762121675,LOW
E04346,2341.92,PAYMENT_FAILED,Bank_C,E17,P004,UPI,RETRY_PAYMENT,0.61163384,1432.3975160694122,1432.3975160694122,LOW
E03330,2299.39,CHECKOUT_ABANDONED,Bank_B,E11,P012,CARD,SEND_REMINDER,0.6210648,1428.070149410963,1428.070149410963,LOW
E03031,2371.64,INVOICE_OVERDUE,Bank_D,E23,P010,WALLET,SEND_REMINDER,0.6003975,1423.9267914509774,1423.9267914509774,LOW
E02827,1587.86,SUBSCRIPTION_FAILED,Bank_A,E42,P002,WALLET,ALTERNATE_PAYMENT,0.89607614,1422.843464087248,1422.843464087248,LOW
E02803,3540.37,CHECKOUT_ABANDONED,Bank_A,E23,P008,UPI,SEND_REMINDER,0.40179813,1422.5140422570703,1422.5140422570703,LOW
E02301,2174.62,PAYMENT_FAILED,Bank_A,E42,P013,UPI,ALTERNATE_PAYMENT,0.65046865,1414.5221301829815,1414.5221301829815,LOW
E02740,1969.49,PAYMENT_FAILED,Bank_A,E42,P001,NETBANKING,ALTERNATE_PAYMENT,0.71680725,1411.74470333457,1411.74470333457,LOW
E03963,2331.57,PAYMENT_FAILED,Bank_C,E11,P013,UPI,RETRY_PAYMENT,0.60511994,1410.879506943226,1410.879506943226,LOW
E02998,2252.7,INVOICE_OVERDUE,Bank_D,E42,P010,CARD,ALTERNATE_PAYMENT,0.6216225,1400.329012066126,1400.329012066126,LOW
E01842,1595.32,SUBSCRIPTION_FAILED,Bank_A,E42,P020,NETBANKING,ALTERNATE_PAYMENT,0.8770395,1399.1586425852774,1399.1586425852774,LOW
E01772,2227.37,SUBSCRIPTION_FAILED,Bank_B,E17,P005,NETBANKING,ALTERNATE_PAYMENT,0.62435764,1390.6754782623052,1390.6754782623052,LOW
E02016,2174.54,INVOICE_OVERDUE,Bank_D,E17,P014,WALLET,SEND_REMINDER,0.6394219,1390.448455468416,1390.448455468416,LOW
E02668,3047.89,INVOICE_OVERDUE,Bank_A,E23,P004,CARD,SEND_REMINDER,0.45611188,1390.1788323149085,1390.1788323149085,LOW
E03422,1527.43,SUBSCRIPTION_FAILED,Bank_A,E42,P012,WALLET,ALTERNATE_PAYMENT,0.90926164,1388.8335127216578,1388.8335127216578,LOW
E02925,1895.22,INVOICE_OVERDUE,Bank_A,E17,P015,WALLET,SEND_REMINDER,0.73203504,1387.367450129986,1387.367450129986,LOW
E00388,2025.69,INVOICE_OVERDUE,Bank_C,E17,P006,WALLET,SEND_REMINDER,0.6830803,1383.7089644873142,1383.7089644873142,LOW
E03992,2098.2,PAYMENT_FAILED,Bank_A,E17,P015,NETBANKING,RETRY_PAYMENT,0.6582587,1381.1583550930022,1381.1583550930022,LOW
E03360,2077.63,PAYMENT_FAILED,Bank_B,E42,P019,UPI,ALTERNATE_PAYMENT,0.6638974,1379.3331450521946,1379.3331450521946,LOW
E01691,2135.38,CHECKOUT_ABANDONED,Bank_D,E17,P004,UPI,SEND_REMINDER,0.6433283,1373.750404598713,1373.750404598713,LOW
E02089,1998.71,SUBSCRIPTION_FAILED,Bank_B,E11,P013,NETBANKING,ALTERNATE_PAYMENT,0.68728167,1373.6767430204154,1373.6767430204154,LOW
E02106,2090.03,PAYMENT_FAILED,Bank_C,E11,P015,UPI,RETRY_PAYMENT,0.6558008,1370.6433865642548,1370.6433865642548,LOW
E01981,2022.08,SUBSCRIPTION_FAILED,Bank_A,E11,P009,CARD,ALTERNATE_PAYMENT,0.6775607,1370.0819141006468,1370.0819141006468,LOW
E02842,1558.97,SUBSCRIPTION_FAILED,Bank_A,E42,P018,WALLET,ALTERNATE_PAYMENT,0.87593484,1365.5561363434792,1365.5561363434792,LOW
E00338,2245.79,SUBSCRIPTION_FAILED,Bank_A,E11,P017,UPI,ALTERNATE_PAYMENT,0.6072424,1363.7389216560125,1363.7389216560125,LOW
E02835,1858.91,INVOICE_OVERDUE,Bank_D,E11,P011,NETBANKING,SEND_REMINDER,0.7325783,1361.7970859909058,1361.7970859909058,LOW
E02219,1778.53,CHECKOUT_ABANDONED,Bank_A,E42,P017,NETBANKING,ALTERNATE_PAYMENT,0.7638626,1358.5525675201416,1358.5525675201416,LOW
E01267,2350.41,SUBSCRIPTION_FAILED,Bank_D,E11,P005,UPI,ALTERNATE_PAYMENT,0.57756966,1357.52551284492,1357.52551284492,LOW
E00384,2676.59,CHECKOUT_ABANDONED,Bank_D,E23,P001,UPI,SEND_REMINDER,0.50483495,1351.236178740859,1351.236178740859,LOW
E03176,2234.69,PAYMENT_FAILED,Bank_D,E42,P014,CARD,ALTERNATE_PAYMENT,0.6041945,1350.1874561536313,1350.1874561536313,LOW
E00557,1771.43,SUBSCRIPTION_FAILED,Bank_A,E17,P013,CARD,ALTERNATE_PAYMENT,0.7612881,1348.5685903936626,1348.5685903936626,LOW
E04429,2221.97,INVOICE_OVERDUE,Bank_A,E11,P018,WALLET,SEND_REMINDER,0.60622877,1347.022137467265,1347.022137467265,LOW
E03331,2863.27,INVOICE_OVERDUE,Bank_C,E23,P001,CARD,SEND_REMINDER,0.46833935,1340.9820215544105,1340.9820215544105,LOW
E03906,2575.17,CHECKOUT_ABANDONED,Bank_A,E23,P014,UPI,ALTERNATE_PAYMENT,0.5201365,1339.4398477756977,1339.4398477756977,LOW
E02568,1684.3,INVOICE_OVERDUE,Bank_A,E42,P015,WALLET,ALTERNATE_PAYMENT,0.7921178,1334.1639675676822,1334.1639675676822,LOW
E00095,2366.91,CHECKOUT_ABANDONED,Bank_A,E11,P018,NETBANKING,SEND_REMINDER,0.5618876,1329.937431102991,1329.937431102991,LOW
E00833,2282.01,INVOICE_OVERDUE,Bank_C,E23,P015,UPI,SEND_REMINDER,0.57932377,1322.0226332187651,1322.0226332187651,LOW
E01317,1486.89,SUBSCRIPTION_FAILED,Bank_A,E42,P016,CARD,ALTERNATE_PAYMENT,0.8872353,1319.2212712061405,1319.2212712061405,LOW
E00829,1857.69,PAYMENT_FAILED,Bank_D,E23,P015,UPI,RETRY_PAYMENT,0.7071193,1313.6084265214206,1313.6084265214206,LOW
E02889,1739.73,CHECKOUT_ABANDONED,Bank_A,E42,P019,CARD,ALTERNATE_PAYMENT,0.75360405,1311.0675816500186,1311.0675816500186,LOW
E01730,2364.45,CHECKOUT_ABANDONED,Bank_D,E42,P020,NETBANKING,ALTERNATE_PAYMENT,0.55398655,1309.8734966754912,1309.8734966754912,LOW
E00436,1598.91,SUBSCRIPTION_FAILED,Bank_A,E42,P013,NETBANKING,ALTERNATE_PAYMENT,0.8187813,1309.1576344138384,1309.1576344138384,LOW
E02396,1724.58,INVOICE_OVERDUE,Bank_A,E42,P014,WALLET,ALTERNATE_PAYMENT,0.7589853,1308.93083589077,1308.93083589077,LOW
E04637,1961.72,SUBSCRIPTION_FAILED,Bank_A,E17,P012,CARD,ALTERNATE_PAYMENT,0.6660376,1306.5793181681634,1306.5793181681634,LOW
E01957,1799.13,CHECKOUT_ABANDONED,Bank_A,E42,P019,WALLET,ALTERNATE_PAYMENT,0.7233901,1301.472834906578,1301.472834906578,LOW
E03798,2046.08,CHECKOUT_ABANDONED,Bank_A,E17,P004,UPI,SEND_REMINDER,0.6357524,1300.8002294540404,1300.8002294540404,LOW
E04764,1709.17,CHECKOUT_ABANDONED,Bank_A,E42,P009,WALLET,ALTERNATE_PAYMENT,0.7595889,1298.266555475593,1298.266555475593,LOW
E03129,1793.19,SUBSCRIPTION_FAILED,Bank_D,E42,P013,NETBANKING,ALTERNATE_PAYMENT,0.71740997,1286.4523811924455,1286.4523811924455,LOW
E02355,2071.31,CHECKOUT_ABANDONED,Bank_B,E23,P005,CARD,SEND_REMINDER,0.6205967,1285.4481649011373,1285.4481649011373,LOW
E01294,2403.95,SUBSCRIPTION_FAILED,Bank_A,E23,P004,NETBANKING,ALTERNATE_PAYMENT,0.5325531,1280.23096883893,1280.23096883893,LOW
E00109,2122.78,INVOICE_OVERDUE,Bank_B,E11,P002,CARD,SEND_REMINDER,0.59780705,1269.012849071026,1269.012849071026,LOW
E00879,1656.32,CHECKOUT_ABANDONED,Bank_B,E17,P015,CARD,SEND_REMINDER,0.76530075,1267.582939453125,1267.582939453125,LOW
E03687,1806.58,PAYMENT_FAILED,Bank_D,E17,P010,CARD,RETRY_PAYMENT,0.7012968,1266.9487843894958,1266.9487843894958,LOW
E03046,2146.04,PAYMENT_FAILED,Bank_C,E23,P010,WALLET,RETRY_PAYMENT,0.58973676,1265.5986757063863,1265.5986757063863,LOW
E01617,2007.8,PAYMENT_FAILED,Bank_D,E11,P018,NETBANKING,RETRY_PAYMENT,0.6272599,1259.4124475121498,1259.4124475121498,LOW
E00665,2032.84,PAYMENT_FAILED,Bank_D,E11,P004,NETBANKING,RETRY_PAYMENT,0.619491,1259.3260460233687,1259.3260460233687,LOW
E02791,2243.83,INVOICE_OVERDUE,Bank_C,E42,P001,CARD,ALTERNATE_PAYMENT,0.5606554,1258.0154399698972,1258.0154399698972,LOW
E04746,2309.24,CHECKOUT_ABANDONED,Bank_C,E11,P009,UPI,SEND_REMINDER,0.54451156,1257.4078670215606,1257.4078670215606,LOW
E02665,1983.53,CHECKOUT_ABANDONED,Bank_B,E42,P004,NETBANKING,SEND_REMINDER,0.6313855,1252.37209112823,1252.37209112823,LOW
E01305,1687.37,INVOICE_OVERDUE,Bank_B,E42,P020,WALLET,ALTERNATE_PAYMENT,0.74057597,1249.6256731814144,1249.6256731814144,LOW
E01769,2351.09,INVOICE_OVERDUE,Bank_D,E11,P012,NETBANKING,SEND_REMINDER,0.53073955,1247.8164387869836,1247.8164387869836,LOW
E01393,2462.19,INVOICE_OVERDUE,Bank_D,E23,P014,NETBANKING,SEND_REMINDER,0.50476944,1242.8382784688472,1242.8382784688472,LOW
E01535,1387.08,SUBSCRIPTION_FAILED,Bank_A,E42,P017,UPI,ALTERNATE_PAYMENT,0.89379734,1239.768411605358,1239.768411605358,LOW
E00576,2174.19,CHECKOUT_ABANDONED,Bank_A,E23,P020,WALLET,SEND_REMINDER,0.5697397,1238.7223569595817,1238.7223569595817,LOW
E00991,2344.89,INVOICE_OVERDUE,Bank_C,E11,P002,CARD,ALTERNATE_PAYMENT,0.5280111,1238.1279098296166,1238.1279098296166,LOW
E04904,2018.85,INVOICE_OVERDUE,Bank_B,E23,P002,CARD,SEND_REMINDER,0.60747105,1226.3929269343614,1226.3929269343614,LOW
E00381,1780.32,PAYMENT_FAILED,Bank_D,E23,P014,UPI,RETRY_PAYMENT,0.687798,1224.5005767059326,1224.5005767059326,LOW
E01007,1914.66,PAYMENT_FAILED,Bank_B,E11,P009,WALLET,RETRY_PAYMENT,0.6382887,1222.1057978045942,1222.1057978045942,LOW
E03499,1654.91,CHECKOUT_ABANDONED,Bank_C,E17,P015,CARD,SEND_REMINDER,0.7381937,1221.6441208034755,1221.6441208034755,LOW
E01107,1865.34,CHECKOUT_ABANDONED,Bank_C,E17,P016,UPI,SEND_REMINDER,0.65139276,1215.0689670073984,1215.0689670073984,LOW
E02965,1748.86,SUBSCRIPTION_FAILED,Bank_B,E23,P020,UPI,ALTERNATE_PAYMENT,0.6901362,1206.951584639549,1206.951584639549,LOW
E00420,2080.04,INVOICE_OVERDUE,Bank_B,E11,P008,CARD,SEND_REMINDER,0.5761792,1198.4757964205742,1198.4757964205742,LOW
E03980,1909.41,INVOICE_OVERDUE,Bank_C,E23,P002,WALLET,SEND_REMINDER,0.6249675,1193.319223710895,1193.319223710895,LOW
E02386,1997.51,INVOICE_OVERDUE,Bank_A,E23,P018,NETBANKING,SEND_REMINDER,0.59689695,1192.3076194638013,1192.3076194638013,LOW
E04183,1817.49,CHECKOUT_ABANDONED,Bank_C,E11,P010,WALLET,SEND_REMINDER,0.6545654,1189.666057804227,1189.666057804227,LOW
E04474,1969.85,SUBSCRIPTION_FAILED,Bank_C,E11,P015,UPI,ALTERNATE_PAYMENT,0.60177004,1185.3967199385163,1185.3967199385163,LOW
E01514,1957.26,CHECKOUT_ABANDONED,Bank_D,E23,P018,NETBANKING,SEND_REMINDER,0.604482,1183.1284297406671,1183.1284297406671,LOW
E04211,2227.11,SUBSCRIPTION_FAILED,Bank_C,E17,P012,NETBANKING,ALTERNATE_PAYMENT,0.5299993,1180.3667760747671,1180.3667760747671,LOW
E02086,1318.37,SUBSCRIPTION_FAILED,Bank_A,E42,P018,UPI,ALTERNATE_PAYMENT,0.89386827,1178.4491078716514,1178.4491078716514,LOW
E04435,1802.71,INVOICE_OVERDUE,Bank_B,E11,P004,WALLET,SEND_REMINDER,0.653626,1178.2981710284948,1178.2981710284948,LOW
E00547,1838.54,CHECKOUT_ABANDONED,Bank_D,E17,P008,NETBANKING,SEND_REMINDER,0.6395844,1175.901543428898,1175.901543428898,LOW
E04756,2273.15,CHECKOUT_ABANDONED,Bank_C,E23,P018,UPI,SEND_REMINDER,0.5169729,1175.1569463551043,1175.1569463551043,LOW
E01682,1435.97,PAYMENT_FAILED,Bank_A,E42,P016,UPI,ALTERNATE_PAYMENT,0.81611484,1171.9164309471846,1171.9164309471846,LOW
E04700,2261.25,PAYMENT_FAILED,Bank_C,E11,P005,WALLET,RETRY_PAYMENT,0.5166388,1168.249521329999,1168.249521329999,LOW
E02888,1225.04,SUBSCRIPTION_FAILED,Bank_A,E42,P011,UPI,ALTERNATE_PAYMENT,0.9533963,1167.9486282730102,1167.9486282730102,LOW
E01665,2008.14,INVOICE_OVERDUE,Bank_A,E11,P006,CARD,SEND_REMINDER,0.5802654,1165.2541659665108,1165.2541659665108,LOW
E03411,1884.61,CHECKOUT_ABANDONED,Bank_C,E11,P017,CARD,SEND_REMINDER,0.61756545,1163.870028477311,1163.870028477311,LOW
E00715,1733.56,CHECKOUT_ABANDONED,Bank_D,E23,P012,UPI,SEND_REMINDER,0.6690762,1159.883744726181,1159.883744726181,LOW
E03232,1730.29,PAYMENT_FAILED,Bank_A,E42,P006,NETBANKING,ALTERNATE_PAYMENT,0.6696035,1158.6082860273125,1158.6082860273125,LOW
E00374,1721.13,INVOICE_OVERDUE,Bank_B,E17,P018,NETBANKING,SEND_REMINDER,0.6728889,1158.1292294418813,1158.1292294418813,LOW
E04810,2035.1,PAYMENT_FAILED,Bank_A,E11,P004,UPI,RETRY_PAYMENT,0.56711406,1154.133813649416,1154.133813649416,LOW
E00372,1875.33,PAYMENT_FAILED,Bank_A,E23,P014,CARD,RETRY_PAYMENT,0.61453354,1152.453190294504,1152.453190294504,LOW
E01368,1737.43,PAYMENT_FAILED,Bank_C,E17,P016,UPI,RETRY_PAYMENT,0.6597574,1146.2822572922707,1146.2822572922707,LOW
E03171,2024.97,CHECKOUT_ABANDONED,Bank_C,E11,P003,CARD,SEND_REMINDER,0.56552637,1145.17392583251,1145.17392583251,LOW
E04927,1907.76,INVOICE_OVERDUE,Bank_D,E23,P009,UPI,SEND_REMINDER,0.600093,1144.833435201645,1144.833435201645,LOW
E01516,1792.54,INVOICE_OVERDUE,Bank_B,E23,P018,CARD,SEND_REMINDER,0.6351425,1138.5183462154864,1138.5183462154864,LOW
E04895,1664.97,PAYMENT_FAILED,Bank_D,E23,P013,WALLET,RETRY_PAYMENT,0.68115824,1134.1080425280334,1134.1080425280334,LOW
E03876,1392.77,SUBSCRIPTION_FAILED,Bank_B,E17,P011,NETBANKING,ALTERNATE_PAYMENT,0.8111338,1129.722825323939,1129.722825323939,LOW
E02215,1548.19,SUBSCRIPTION_FAILED,Bank_A,E17,P007,WALLET,ALTERNATE_PAYMENT,0.72287905,1119.1541197669503,1119.1541197669503,LOW
E04710,1716.88,PAYMENT_FAILED,Bank_A,E17,P008,CARD,RETRY_PAYMENT,0.65170455,1118.8985074424745,1118.8985074424745,LOW
E01855,1725.55,PAYMENT_FAILED,Bank_B,E17,P001,WALLET,RETRY_PAYMENT,0.64702165,1116.4682103455066,1116.4682103455066,LOW
E02679,1450.71,PAYMENT_FAILED,Bank_A,E11,P011,WALLET,RETRY_PAYMENT,0.7658346,1111.0039554136993,1111.0039554136993,LOW
E03487,1176.59,SUBSCRIPTION_FAILED,Bank_A,E42,P018,UPI,ALTERNATE_PAYMENT,0.9440987,1110.8171023917198,1110.8171023917198,LOW
E02622,1674.17,INVOICE_OVERDUE,Bank_A,E42,P013,NETBANKING,ALTERNATE_PAYMENT,0.66172177,1107.8347289758922,1107.8347289758922,LOW
E02548,1458.56,INVOICE_OVERDUE,Bank_A,E42,P019,CARD,ALTERNATE_PAYMENT,0.757789,1105.2807468414303,1105.2807468414303,LOW
E04741,1374.69,INVOICE_OVERDUE,Bank_A,E42,P011,WALLET,ALTERNATE_PAYMENT,0.8035041,1104.569064127207,1104.569064127207,LOW
E01574,1707.2,INVOICE_OVERDUE,Bank_A,E17,P010,WALLET,SEND_REMINDER,0.64650863,1103.7195401191711,1103.7195401191711,LOW
E03521,1381.6,INVOICE_OVERDUE,Bank_B,E17,P011,UPI,SEND_REMINDER,0.7972149,1101.432140779495,1101.432140779495,LOW
E04096,1650.37,PAYMENT_FAILED,Bank_A,E17,P015,WALLET,RETRY_PAYMENT,0.66697514,1100.755762745142,1100.755762745142,LOW
E00546,1420.49,PAYMENT_FAILED,Bank_D,E23,P009,UPI,RETRY_PAYMENT,0.77003264,1093.823670861721,1093.823670861721,LOW
E03895,1489.79,PAYMENT_FAILED,Bank_B,E23,P019,CARD,RETRY_PAYMENT,0.7299334,1087.447451800108,1087.447451800108,LOW
E02298,1945.58,INVOICE_OVERDUE,Bank_A,E23,P007,UPI,ALTERNATE_PAYMENT,0.5554653,1080.7021414268015,1080.7021414268015,LOW
E01302,1782.51,INVOICE_OVERDUE,Bank_C,E23,P004,UPI,SEND_REMINDER,0.6032574,1075.3123795866966,1075.3123795866966,LOW
E04598,1598.59,PAYMENT_FAILED,Bank_B,E11,P009,WALLET,RETRY_PAYMENT,0.6714604,1073.3898649954797,1073.3898649954797,LOW
E04268,1189.51,PAYMENT_FAILED,Bank_A,E42,P016,WALLET,ALTERNATE_PAYMENT,0.8997619,1070.2757957577703,1070.2757957577703,LOW
E03752,1657.42,SUBSCRIPTION_FAILED,Bank_C,E17,P014,NETBANKING,ALTERNATE_PAYMENT,0.6455587,1069.9619251942636,1069.9619251942636,LOW
E02118,1261.82,SUBSCRIPTION_FAILED,Bank_C,E11,P011,CARD,ALTERNATE_PAYMENT,0.84027094,1060.2706730806826,1060.2706730806826,LOW
E02529,2250.24,CHECKOUT_ABANDONED,Bank_A,E11,P005,CARD,SEND_REMINDER,0.47100106,1059.865422592163,1059.865422592163,LOW
E00415,1165.79,INVOICE_OVERDUE,Bank_A,E42,P016,UPI,ALTERNATE_PAYMENT,0.90580875,1055.9827789491414,1055.9827789491414,LOW
E02541,1341.14,INVOICE_OVERDUE,Bank_A,E42,P018,CARD,ALTERNATE_PAYMENT,0.7845099,1052.1376035737992,1052.1376035737992,LOW
E02361,1836.22,PAYMENT_FAILED,Bank_C,E42,P014,NETBANKING,ALTERNATE_PAYMENT,0.5698229,1046.3202191138269,1046.3202191138269,LOW
E03390,1664.92,CHECKOUT_ABANDONED,Bank_D,E11,P015,CARD,SEND_REMINDER,0.6283822,1046.2061023521424,1046.2061023521424,LOW
E01370,1689.79,SUBSCRIPTION_FAILED,Bank_B,E11,P015,CARD,ALTERNATE_PAYMENT,0.6190892,1046.1307159346345,1046.1307159346345,LOW
E02715,1434.76,PAYMENT_FAILED,Bank_C,E42,P017,CARD,ALTERNATE_PAYMENT,0.72713536,1043.2647294592855,1043.2647294592855,LOW
E02447,1785.28,PAYMENT_FAILED,Bank_A,E11,P002,NETBANKING,RETRY_PAYMENT,0.5834503,1041.6221826171875,1041.6221826171875,LOW
E04733,1740.88,SUBSCRIPTION_FAILED,Bank_C,E11,P008,NETBANKING,ALTERNATE_PAYMENT,0.5965434,1038.51042488575,1038.51042488575,LOW
E02259,1193.95,CHECKOUT_ABANDONED,Bank_A,E42,P009,WALLET,ALTERNATE_PAYMENT,0.8640726,1031.659505686164,1031.659505686164,LOW
E00743,1465.1,SUBSCRIPTION_FAILED,Bank_B,E17,P019,CARD,ALTERNATE_PAYMENT,0.70099145,1027.022575944662,1027.022575944662,LOW
E02749,1540.54,CHECKOUT_ABANDONED,Bank_B,E11,P007,CARD,SEND_REMINDER,0.6586148,1014.622465993166,1014.622465993166,LOW
E04198,1561.8,PAYMENT_FAILED,Bank_A,E42,P013,WALLET,ALTERNATE_PAYMENT,0.6494643,1014.3333581328392,1014.3333581328392,LOW
E00911,1555.95,PAYMENT_FAILED,Bank_C,E17,P005,UPI,RETRY_PAYMENT,0.6511525,1013.1607192575932,1013.1607192575932,LOW
E01627,1352.58,PAYMENT_FAILED,Bank_B,E17,P013,CARD,RETRY_PAYMENT,0.74628437,1009.409307296276,1009.409307296276,LOW
E04369,1519.95,INVOICE_OVERDUE,Bank_A,E42,P005,WALLET,ALTERNATE_PAYMENT,0.66149527,1005.4397331207992,1005.4397331207992,LOW
E03173,1267.77,INVOICE_OVERDUE,Bank_D,E42,P015,WALLET,ALTERNATE_PAYMENT,0.7839168,993.8261652928592,993.8261652928592,LOW
E01452,1321.87,PAYMENT_FAILED,Bank_A,E42,P014,WALLET,ALTERNATE_PAYMENT,0.7478571,988.569856595993,988.569856595993,LOW
E04801,1369.34,PAYMENT_FAILED,Bank_C,E17,P009,NETBANKING,RETRY_PAYMENT,0.7195903,985.3637900042534,985.3637900042534,LOW
E02017,1295.27,INVOICE_OVERDUE,Bank_A,E42,P014,UPI,ALTERNATE_PAYMENT,0.7605893,985.168504665494,985.168504665494,LOW
E00267,1518.54,SUBSCRIPTION_FAILED,Bank_A,E11,P020,UPI,ALTERNATE_PAYMENT,0.64863527,984.9786001896858,984.9786001896858,LOW
E03910,1437.47,PAYMENT_FAILED,Bank_B,E23,P002,UPI,RETRY_PAYMENT,0.6821464,980.564943074584,980.564943074584,LOW
E01402,1361.78,PAYMENT_FAILED,Bank_A,E42,P004,UPI,ALTERNATE_PAYMENT,0.718284,978.1448003458976,978.1448003458976,LOW
E01425,1199.99,INVOICE_OVERDUE,Bank_B,E42,P007,UPI,ALTERNATE_PAYMENT,0.8136414,976.361578322649,976.361578322649,LOW
E03321,1610.62,SUBSCRIPTION_FAILED,Bank_C,E11,P003,UPI,ALTERNATE_PAYMENT,0.5935134,955.9245992815494,955.9245992815494,LOW
E01440,1085.16,SUBSCRIPTION_FAILED,Bank_A,E42,P013,WALLET,ALTERNATE_PAYMENT,0.8798682,954.7977860713006,954.7977860713006,LOW
E04134,1640.95,INVOICE_OVERDUE,Bank_C,E23,P018,UPI,SEND_REMINDER,0.5794509,950.8499630898236,950.8499630898236,LOW
E03622,1044.41,SUBSCRIPTION_FAILED,Bank_A,E42,P004,CARD,ALTERNATE_PAYMENT,0.9055391,945.7540866285564,945.7540866285564,LOW
E02990,1087.9,PAYMENT_FAILED,Bank_A,E42,P009,CARD,ALTERNATE_PAYMENT,0.86865866,945.0137582182884,945.0137582182884,LOW
E02922,1922.55,PAYMENT_FAILED,Bank_A,E23,P017,NETBANKING,ALTERNATE_PAYMENT,0.48934236,940.7851574644446,940.7851574644446,LOW
E00843,1561.22,CHECKOUT_ABANDONED,Bank_B,E23,P006,NETBANKING,SEND_REMINDER,0.602357,940.411749187708,940.411749187708,LOW
E03513,1595.78,PAYMENT_FAILED,Bank_C,E42,P007,UPI,ALTERNATE_PAYMENT,0.5888489,939.6732798874378,939.6732798874378,LOW
E04742,1626.32,CHECKOUT_ABANDONED,Bank_A,E11,P010,WALLET,SEND_REMINDER,0.57386917,933.2949065351486,933.2949065351486,LOW
E03736,1230.36,PAYMENT_FAILED,Bank_B,E23,P005,WALLET,RETRY_PAYMENT,0.74825454,920.6224528598784,920.6224528598784,LOW
E02526,1623.37,INVOICE_OVERDUE,Bank_A,E17,P012,NETBANKING,ALTERNATE_PAYMENT,0.5659855,918.8038824540376,918.8038824540376,LOW
E02395,1619.77,INVOICE_OVERDUE,Bank_C,E17,P018,NETBANKING,SEND_REMINDER,0.56117636,908.9766320759056,908.9766320759056,LOW
E03729,1098.57,CHECKOUT_ABANDONED,Bank_C,E42,P002,CARD,ALTERNATE_PAYMENT,0.8261053,907.5344956988096,907.5344956988096,LOW
E02104,1666.57,PAYMENT_FAILED,Bank_C,E23,P017,WALLET,RETRY_PAYMENT,0.54367197,906.0673877084256,906.0673877084256,LOW
E03988,1002.8,SUBSCRIPTION_FAILED,Bank_A,E42,P018,NETBANKING,ALTERNATE_PAYMENT,0.9012174,903.7408097505568,903.7408097505568,LOW
E00956,1393.3,SUBSCRIPTION_FAILED,Bank_A,E23,P008,CARD,ALTERNATE_PAYMENT,0.64783466,902.628029859066,902.628029859066,LOW
E04169,1329.19,INVOICE_OVERDUE,Bank_B,E42,P016,NETBANKING,ALTERNATE_PAYMENT,0.6746698,896.7643543714286,896.7643543714286,LOW
E04744,1405.58,INVOICE_OVERDUE,Bank_C,E23,P011,NETBANKING,SEND_REMINDER,0.6371425,895.5547262227535,895.5547262227535,LOW
E02500,1649.01,INVOICE_OVERDUE,Bank_D,E23,P020,UPI,SEND_REMINDER,0.5408732,891.9053641837835,891.9053641837835,LOW
E01347,1636.87,INVOICE_OVERDUE,Bank_D,E23,P003,NETBANKING,SEND_REMINDER,0.5447568,891.6961118942498,891.6961118942498,LOW
E02072,1425.68,INVOICE_OVERDUE,Bank_C,E42,P005,CARD,ALTERNATE_PAYMENT,0.62527955,891.4485428333282,891.4485428333282,LOW
E01724,1268.36,PAYMENT_FAILED,Bank_B,E17,P006,NETBANKING,RETRY_PAYMENT,0.7021855,890.6240154790878,890.6240154790878,LOW
E04626,1102.25,INVOICE_OVERDUE,Bank_D,E42,P015,CARD,ALTERNATE_PAYMENT,0.8051244,887.4483721554279,887.4483721554279,LOW
E03533,1250.29,CHECKOUT_ABANDONED,Bank_B,E11,P005,UPI,ALTERNATE_PAYMENT,0.7072699,884.2924920201301,884.2924920201301,LOW
E00371,1092.7,SUBSCRIPTION_FAILED,Bank_C,E11,P013,CARD,ALTERNATE_PAYMENT,0.79769206,871.638114476204,871.638114476204,LOW
E04230,1079.53,INVOICE_OVERDUE,Bank_A,E42,P009,WALLET,ALTERNATE_PAYMENT,0.804794,868.7992813938856,868.7992813938856,LOW
E01420,1397.43,INVOICE_OVERDUE,Bank_D,E42,P020,WALLET,ALTERNATE_PAYMENT,0.61928946,865.413667010665,865.413667010665,LOW
E04099,1613.75,INVOICE_OVERDUE,Bank_D,E11,P019,UPI,SEND_REMINDER,0.53472406,862.9109465330839,862.9109465330839,LOW
E03708,1474.28,INVOICE_OVERDUE,Bank_B,E23,P008,WALLET,SEND_REMINDER,0.58182305,857.7700875926017,857.7700875926017,LOW
E00450,1171.8,PAYMENT_FAILED,Bank_B,E23,P001,WALLET,RETRY_PAYMENT,0.73141646,857.0738123416901,857.0738123416901,LOW
E04108,1041.3,PAYMENT_FAILED,Bank_D,E42,P005,CARD,ALTERNATE_PAYMENT,0.8087547,842.1562509298324,842.1562509298324,LOW
E03383,1218.28,SUBSCRIPTION_FAILED,Bank_B,E17,P001,WALLET,ALTERNATE_PAYMENT,0.6908184,841.6102756738662,841.6102756738662,LOW
E00619,1528.64,INVOICE_OVERDUE,Bank_D,E17,P012,NETBANKING,ALTERNATE_PAYMENT,0.54715806,836.4077005958558,836.4077005958558,LOW
E04838,1158.08,CHECKOUT_ABANDONED,Bank_C,E17,P015,NETBANKING,SEND_REMINDER,0.7210625,835.0480384635924,835.0480384635924,LOW
E02711,1372.93,PAYMENT_FAILED,Bank_C,E42,P019,NETBANKING,ALTERNATE_PAYMENT,0.6079276,834.6420678907633,834.6420678907633,LOW
E03145,1207.19,INVOICE_OVERDUE,Bank_B,E17,P007,UPI,ALTERNATE_PAYMENT,0.68384725,825.5335599821806,825.5335599821806,LOW
E02261,1335.34,INVOICE_OVERDUE,Bank_C,E42,P015,WALLET,SEND_REMINDER,0.6172989,824.3039145696163,824.3039145696163,LOW
E00855,993.38,PAYMENT_FAILED,Bank_B,E42,P020,UPI,ALTERNATE_PAYMENT,0.82587916,820.4118365728855,820.4118365728855,LOW
E01336,949.78,SUBSCRIPTION_FAILED,Bank_B,E42,P011,NETBANKING,ALTERNATE_PAYMENT,0.8633995,820.0395824432372,820.0395824432372,LOW
E00830,1044.35,PAYMENT_FAILED,Bank_D,E42,P002,WALLET,ALTERNATE_PAYMENT,0.7821629,816.8518295645713,816.8518295645713,LOW
E03440,1124.54,CHECKOUT_ABANDONED,Bank_B,E42,P004,NETBANKING,ALTERNATE_PAYMENT,0.7186999,808.2067546141147,808.2067546141147,LOW
E04735,1158.96,PAYMENT_FAILED,Bank_A,E17,P008,WALLET,RETRY_PAYMENT,0.6956597,806.2417624998093,806.2417624998093,LOW
E04683,1480.11,INVOICE_OVERDUE,Bank_C,E11,P004,CARD,SEND_REMINDER,0.54422987,805.5200655949116,805.5200655949116,LOW
E02227,1239.7,INVOICE_OVERDUE,Bank_C,E11,P006,NETBANKING,ALTERNATE_PAYMENT,0.6490675,804.6490059018136,804.6490059018136,LOW
E00567,984.99,PAYMENT_FAILED,Bank_D,E11,P011,UPI,RETRY_PAYMENT,0.81444794,802.223075825572,802.223075825572,LOW
E03474,1204.12,CHECKOUT_ABANDONED,Bank_A,E11,P006,WALLET,ALTERNATE_PAYMENT,0.66369516,799.1686119341849,799.1686119341849,LOW
E03858,1402.87,INVOICE_OVERDUE,Bank_D,E17,P019,NETBANKING,SEND_REMINDER,0.568053,796.9045221066474,796.9045221066474,LOW
E03323,1306.39,CHECKOUT_ABANDONED,Bank_D,E42,P006,CARD,ALTERNATE_PAYMENT,0.6090751,795.689657816291,795.689657816291,LOW
E04855,1261.17,CHECKOUT_ABANDONED,Bank_D,E17,P006,CARD,SEND_REMINDER,0.6307137,795.4371986031533,795.4371986031533,LOW
E01991,990.58,CHECKOUT_ABANDONED,Bank_A,E42,P018,WALLET,ALTERNATE_PAYMENT,0.7993685,791.8384494328499,791.8384494328499,LOW
E01067,969.61,PAYMENT_FAILED,Bank_A,E42,P001,UPI,ALTERNATE_PAYMENT,0.8026908,778.2970304709673,778.2970304709673,LOW
E02141,1410.93,CHECKOUT_ABANDONED,Bank_C,E42,P018,WALLET,ALTERNATE_PAYMENT,0.54974806,775.6560346519948,775.6560346519948,LOW
E03945,1329.88,INVOICE_OVERDUE,Bank_C,E11,P016,WALLET,SEND_REMINDER,0.58136785,773.149476761818,773.149476761818,LOW
E04724,933.45,PAYMENT_FAILED,Bank_A,E42,P007,CARD,ALTERNATE_PAYMENT,0.82611376,771.1358897119761,771.1358897119761,LOW
E02521,930.35,CHECKOUT_ABANDONED,Bank_B,E42,P017,WALLET,ALTERNATE_PAYMENT,0.82848305,770.7792010098696,770.7792010098696,LOW
E01445,1270.43,PAYMENT_FAILED,Bank_A,E17,P002,CARD,RETRY_PAYMENT,0.60114884,763.7175255846978,763.7175255846978,LOW
E02275,1278.83,SUBSCRIPTION_FAILED,Bank_A,E23,P012,NETBANKING,ALTERNATE_PAYMENT,0.5957405,761.8508199220895,761.8508199220895,LOW
E03806,1389.26,SUBSCRIPTION_FAILED,Bank_C,E23,P008,NETBANKING,ALTERNATE_PAYMENT,0.5462545,758.8895484089851,758.8895484089851,LOW
E00753,1349.48,CHECKOUT_ABANDONED,Bank_B,E11,P019,NETBANKING,SEND_REMINDER,0.56138945,757.5838299369813,757.5838299369813,LOW
E00614,944.04,PAYMENT_FAILED,Bank_C,E11,P011,UPI,RETRY_PAYMENT,0.80203843,757.1563605594635,757.1563605594635,LOW
E00693,969.31,CHECKOUT_ABANDONED,Bank_A,E42,P019,CARD,ALTERNATE_PAYMENT,0.77901614,755.1081318747997,755.1081318747997,LOW
E04360,822.91,PAYMENT_FAILED,Bank_A,E42,P012,UPI,ALTERNATE_PAYMENT,0.90835524,747.4946073007584,747.4946073007584,LOW
E04577,1320.16,CHECKOUT_ABANDONED,Bank_D,E11,P007,NETBANKING,SEND_REMINDER,0.5636757,744.1421142482758,744.1421142482758,LOW
E00626,858.39,PAYMENT_FAILED,Bank_B,E42,P012,UPI,ALTERNATE_PAYMENT,0.8636364,741.3368274843692,741.3368274843692,LOW
E00581,877.17,PAYMENT_FAILED,Bank_A,E42,P007,UPI,ALTERNATE_PAYMENT,0.84205693,738.627077345252,738.627077345252,LOW
E01844,1354.57,SUBSCRIPTION_FAILED,Bank_D,E17,P004,UPI,ALTERNATE_PAYMENT,0.5416486,733.7009797644615,733.7009797644615,LOW
E03294,968.6,PAYMENT_FAILED,Bank_C,E23,P014,NETBANKING,RETRY_PAYMENT,0.75592715,732.1910331130028,732.1910331130028,LOW
E00341,1013.15,CHECKOUT_ABANDONED,Bank_D,E42,P016,WALLET,ALTERNATE_PAYMENT,0.7143696,723.7635552257299,723.7635552257299,LOW
E02648,972.83,PAYMENT_FAILED,Bank_A,E23,P005,WALLET,ALTERNATE_PAYMENT,0.7375415,717.5024942868948,717.5024942868948,LOW
E02102,848.59,INVOICE_OVERDUE,Bank_A,E42,P007,UPI,ALTERNATE_PAYMENT,0.8369438,710.2221436697245,710.2221436697245,LOW
E00066,874.96,SUBSCRIPTION_FAILED,Bank_B,E42,P001,WALLET,ALTERNATE_PAYMENT,0.7997482,699.7476695823669,699.7476695823669,LOW
E04101,1167.31,CHECKOUT_ABANDONED,Bank_D,E11,P005,NETBANKING,SEND_REMINDER,0.59589547,695.5947401386499,695.5947401386499,LOW
E03326,899.49,SUBSCRIPTION_FAILED,Bank_D,E17,P010,WALLET,ALTERNATE_PAYMENT,0.75869805,682.4413055831194,682.4413055831194,LOW
E04561,1271.95,INVOICE_OVERDUE,Bank_C,E42,P018,NETBANKING,ALTERNATE_PAYMENT,0.53432083,679.6293813705445,679.6293813705445,LOW
E00818,851.11,INVOICE_OVERDUE,Bank_A,E42,P009,CARD,ALTERNATE_PAYMENT,0.79093146,673.1696776795387,673.1696776795387,LOW
E00063,852.64,CHECKOUT_ABANDONED,Bank_A,E42,P005,NETBANKING,ALTERNATE_PAYMENT,0.78160304,666.426014585495,666.426014585495,LOW
E02649,997.61,SUBSCRIPTION_FAILED,Bank_A,E23,P015,UPI,ALTERNATE_PAYMENT,0.6634048,661.819284824133,661.819284824133,LOW
E00272,929.14,CHECKOUT_ABANDONED,Bank_B,E23,P017,CARD,SEND_REMINDER,0.7092004,658.9464431476592,658.9464431476592,LOW
E00560,893.52,CHECKOUT_ABANDONED,Bank_A,E42,P020,NETBANKING,ALTERNATE_PAYMENT,0.73218584,654.2226922988891,654.2226922988891,LOW
E02897,759.88,SUBSCRIPTION_FAILED,Bank_A,E42,P015,CARD,ALTERNATE_PAYMENT,0.84925514,645.3319992756843,645.3319992756843,LOW
E01639,795.71,CHECKOUT_ABANDONED,Bank_A,E42,P017,CARD,ALTERNATE_PAYMENT,0.80256134,638.6060860127211,638.6060860127211,LOW
E04552,955.51,CHECKOUT_ABANDONED,Bank_A,E23,P005,CARD,ALTERNATE_PAYMENT,0.6641205,634.5737744826079,634.5737744826079,LOW
E01328,940.71,INVOICE_OVERDUE,Bank_A,E23,P003,WALLET,ALTERNATE_PAYMENT,0.6739721,634.0122661739588,634.0122661739588,LOW
E01284,814.13,SUBSCRIPTION_FAILED,Bank_B,E17,P016,UPI,ALTERNATE_PAYMENT,0.77243876,628.8655714011193,628.8655714011193,LOW
E03662,941.41,PAYMENT_FAILED,Bank_D,E11,P013,NETBANKING,ALTERNATE_PAYMENT,0.6677361,628.6134542065859,628.6134542065859,LOW
E03623,1038.58,CHECKOUT_ABANDONED,Bank_C,E42,P007,NETBANKING,ALTERNATE_PAYMENT,0.6042272,627.5382700562477,627.5382700562477,LOW
E01260,895.05,PAYMENT_FAILED,Bank_A,E11,P010,WALLET,ALTERNATE_PAYMENT,0.6987269,625.3955051064491,625.3955051064491,LOW
E03426,821.49,PAYMENT_FAILED,Bank_A,E42,P013,WALLET,ALTERNATE_PAYMENT,0.75919986,623.67509111166,623.67509111166,LOW
E00964,892.69,CHECKOUT_ABANDONED,Bank_C,E42,P018,UPI,ALTERNATE_PAYMENT,0.69817615,623.2548633742333,623.2548633742333,LOW
E04882,830.68,SUBSCRIPTION_FAILED,Bank_D,E42,P009,NETBANKING,ALTERNATE_PAYMENT,0.7484549,621.7265399217605,621.7265399217605,LOW
E00820,802.36,PAYMENT_FAILED,Bank_C,E23,P019,CARD,RETRY_PAYMENT,0.7737137,620.7969306898117,620.7969306898117,LOW
E04559,1454.77,PAYMENT_FAILED,Bank_A,E11,P001,UPI,RETRY_PAYMENT,0.4265384,620.5152795189618,620.5152795189618,LOW
E02321,920.22,PAYMENT_FAILED,Bank_D,E11,P010,NETBANKING,ALTERNATE_PAYMENT,0.6700408,616.5849323379994,616.5849323379994,LOW
E04107,796.82,CHECKOUT_ABANDONED,Bank_A,E42,P013,UPI,ALTERNATE_PAYMENT,0.7539595,600.7699904215336,600.7699904215336,LOW
E04052,1014.13,CHECKOUT_ABANDONED,Bank_D,E17,P020,WALLET,ALTERNATE_PAYMENT,0.5885462,596.8623745268583,596.8623745268583,LOW
E01268,923.56,CHECKOUT_ABANDONED,Bank_B,E17,P001,CARD,SEND_REMINDER,0.64583516,596.4675214862823,596.4675214862823,LOW
E03817,850.53,CHECKOUT_ABANDONED,Bank_B,E23,P020,CARD,SEND_REMINDER,0.69271106,589.1715338462591,589.1715338462591,LOW
E02836,718.36,PAYMENT_FAILED,Bank_A,E42,P003,UPI,ALTERNATE_PAYMENT,0.8192233,588.4972388124467,588.4972388124467,LOW
E00221,722.27,INVOICE_OVERDUE,Bank_A,E42,P003,WALLET,ALTERNATE_PAYMENT,0.79832023,576.6027552825212,576.6027552825212,LOW
E01116,619.28,SUBSCRIPTION_FAILED,Bank_A,E42,P018,WALLET,ALTERNATE_PAYMENT,0.9293963,575.5565231418609,575.5565231418609,LOW
E01409,812.75,INVOICE_OVERDUE,Bank_A,E42,P013,NETBANKING,ALTERNATE_PAYMENT,0.70768625,575.1719959825277,575.1719959825277,LOW
E01235,708.14,PAYMENT_FAILED,Bank_A,E42,P009,CARD,ALTERNATE_PAYMENT,0.81125283,574.4805807447433,574.4805807447433,LOW
E01379,632.26,SUBSCRIPTION_FAILED,Bank_A,E42,P016,CARD,ALTERNATE_PAYMENT,0.90264213,570.7045136523246,570.7045136523246,LOW
E00618,827.51,SUBSCRIPTION_FAILED,Bank_A,E23,P008,CARD,ALTERNATE_PAYMENT,0.68368226,565.7539093703032,565.7539093703032,LOW
E03083,732.9,INVOICE_OVERDUE,Bank_A,E17,P012,WALLET,ALTERNATE_PAYMENT,0.77129513,565.2822009623051,565.2822009623051,LOW
E02113,698.07,CHECKOUT_ABANDONED,Bank_A,E42,P016,CARD,ALTERNATE_PAYMENT,0.80589384,562.5703117758036,562.5703117758036,LOW
E04663,740.11,PAYMENT_FAILED,Bank_B,E23,P015,CARD,RETRY_PAYMENT,0.7559837,559.5111038219928,559.5111038219928,LOW
E02064,996.86,INVOICE_OVERDUE,Bank_D,E17,P014,UPI,ALTERNATE_PAYMENT,0.5465732,544.856981767416,544.856981767416,LOW
E04455,988.34,INVOICE_OVERDUE,Bank_A,E23,P015,NETBANKING,ALTERNATE_PAYMENT,0.5481537,541.7622263205052,541.7622263205052,LOW
E01009,834.71,SUBSCRIPTION_FAILED,Bank_D,E23,P015,WALLET,ALTERNATE_PAYMENT,0.64723235,540.2513179463149,540.2513179463149,LOW
E00212,624.51,SUBSCRIPTION_FAILED,Bank_D,E42,P005,WALLET,ALTERNATE_PAYMENT,0.8639051,539.517356647253,539.517356647253,LOW
E02262,613.79,SUBSCRIPTION_FAILED,Bank_B,E42,P007,CARD,ALTERNATE_PAYMENT,0.8783668,539.132775336504,539.132775336504,LOW
E03978,1045.92,INVOICE_OVERDUE,Bank_C,E11,P016,NETBANKING,ALTERNATE_PAYMENT,0.511608,535.1010441398621,535.1010441398621,LOW
E01850,885.53,INVOICE_OVERDUE,Bank_B,E11,P004,WALLET,SEND_REMINDER,0.6035428,534.455259861946,534.455259861946,LOW
E00086,778.16,PAYMENT_FAILED,Bank_B,E23,P020,WALLET,RETRY_PAYMENT,0.68239194,531.01011323452,531.01011323452,LOW
E02783,926.02,CHECKOUT_ABANDONED,Bank_A,E11,P005,NETBANKING,ALTERNATE_PAYMENT,0.56766754,525.6714989912509,525.6714989912509,LOW
E04164,584.98,CHECKOUT_ABANDONED,Bank_B,E23,P012,WALLET,SEND_REMINDER,0.890933,521.1779730021954,521.1779730021954,LOW
E04868,605.03,PAYMENT_FAILED,Bank_B,E23,P014,NETBANKING,RETRY_PAYMENT,0.8573737,518.7368184518814,518.7368184518814,LOW
E00668,576.95,SUBSCRIPTION_FAILED,Bank_B,E42,P017,UPI,ALTERNATE_PAYMENT,0.8962594,517.0968764483929,517.0968764483929,LOW
E04343,703.15,INVOICE_OVERDUE,Bank_A,E42,P014,NETBANKING,ALTERNATE_PAYMENT,0.735285,517.0156365782022,517.0156365782022,LOW
E00604,824.65,PAYMENT_FAILED,Bank_C,E17,P015,UPI,RETRY_PAYMENT,0.625475,515.7979500204325,515.7979500204325,LOW
E04277,629.91,SUBSCRIPTION_FAILED,Bank_C,E11,P003,UPI,ALTERNATE_PAYMENT,0.81324166,512.2690544253587,512.2690544253587,LOW
E03682,736.98,PAYMENT_FAILED,Bank_B,E42,P004,UPI,ALTERNATE_PAYMENT,0.68910974,507.8600981318951,507.8600981318951,LOW
E00473,577.61,INVOICE_OVERDUE,Bank_A,E42,P017,UPI,ALTERNATE_PAYMENT,0.87714523,506.6478567451239,506.6478567451239,LOW
E03299,733.84,CHECKOUT_ABANDONED,Bank_C,E42,P006,NETBANKING,ALTERNATE_PAYMENT,0.6902446,506.5291083288193,506.5291083288193,LOW
E03320,958.89,CHECKOUT_ABANDONED,Bank_A,E17,P001,NETBANKING,SEND_REMINDER,0.52245563,500.9774816268682,500.9774816268682,LOW
E00439,551.54,SUBSCRIPTION_FAILED,Bank_A,E42,P013,NETBANKING,ALTERNATE_PAYMENT,0.90821874,500.9189646410942,500.9189646410942,LOW
E03477,530.46,SUBSCRIPTION_FAILED,Bank_A,E42,P018,NETBANKING,ALTERNATE_PAYMENT,0.9392255,498.2215560042858,498.2215560042858,LOW
E01028,808.61,CHECKOUT_ABANDONED,Bank_D,E17,P017,WALLET,ALTERNATE_PAYMENT,0.61380476,496.3286650389433,496.3286650389433,LOW
E00478,556.78,SUBSCRIPTION_FAILED,Bank_A,E42,P001,WALLET,ALTERNATE_PAYMENT,0.88496107,492.72862379193305,492.72862379193305,LOW
E01854,797.06,INVOICE_OVERDUE,Bank_A,E42,P007,WALLET,ALTERNATE_PAYMENT,0.6111253,487.1035239613056,487.1035239613056,LOW
E02347,649.14,PAYMENT_FAILED,Bank_A,E42,P015,WALLET,ALTERNATE_PAYMENT,0.7421713,481.7730695915222,481.7730695915222,LOW
E02489,617.6,PAYMENT_FAILED,Bank_C,E11,P020,CARD,RETRY_PAYMENT,0.77850044,480.8018703460693,480.8018703460693,LOW
E01811,1053.81,CHECKOUT_ABANDONED,Bank_A,E23,P007,CARD,ALTERNATE_PAYMENT,0.45191905,476.2368130525946,476.2368130525946,LOW
E03351,996.62,INVOICE_OVERDUE,Bank_D,E23,P007,NETBANKING,ALTERNATE_PAYMENT,0.47023022,468.64084359884265,468.64084359884265,LOW
E04687,535.46,PAYMENT_FAILED,Bank_A,E42,P005,CARD,ALTERNATE_PAYMENT,0.8748626,468.4539338433743,468.4539338433743,LOW
E04754,1051.66,CHECKOUT_ABANDONED,Bank_A,E23,P003,UPI,ALTERNATE_PAYMENT,0.44372797,466.6509570598603,466.6509570598603,LOW
E02456,586.02,SUBSCRIPTION_FAILED,Bank_D,E17,P018,WALLET,ALTERNATE_PAYMENT,0.7936266,465.08106392025945,465.08106392025945,LOW
E00580,663.71,INVOICE_OVERDUE,Bank_B,E23,P004,CARD,SEND_REMINDER,0.69006133,458.0006058621407,458.0006058621407,LOW
E01269,769.83,CHECKOUT_ABANDONED,Bank_D,E42,P004,UPI,ALTERNATE_PAYMENT,0.59343374,456.8430943357945,456.8430943357945,LOW
E03185,688.6,INVOICE_OVERDUE,Bank_C,E42,P017,WALLET,ALTERNATE_PAYMENT,0.65410495,450.4166672229767,450.4166672229767,LOW
E02497,744.29,SUBSCRIPTION_FAILED,Bank_A,E11,P017,CARD,ALTERNATE_PAYMENT,0.6047778,450.1300784063339,450.1300784063339,LOW
E04210,638.15,SUBSCRIPTION_FAILED,Bank_A,E11,P013,CARD,ALTERNATE_PAYMENT,0.7049967,449.8936473309994,449.8936473309994,LOW
E00219,527.44,SUBSCRIPTION_FAILED,Bank_B,E23,P014,UPI,ALTERNATE_PAYMENT,0.8496991,448.1652827501297,448.1652827501297,LOW
E00595,1036.88,CHECKOUT_ABANDONED,Bank_D,E23,P007,UPI,ALTERNATE_PAYMENT,0.42835027,444.147827744484,444.147827744484,LOW
E00024,512.75,CHECKOUT_ABANDONED,Bank_A,E42,P009,NETBANKING,ALTERNATE_PAYMENT,0.8435118,432.5106856226921,432.5106856226921,LOW
E04646,752.43,SUBSCRIPTION_FAILED,Bank_B,E11,P013,NETBANKING,ALTERNATE_PAYMENT,0.56771076,427.16260508179664,427.16260508179664,LOW
E02129,774.38,PAYMENT_FAILED,Bank_B,E23,P017,NETBANKING,RETRY_PAYMENT,0.5502561,426.1072981774807,426.1072981774807,LOW
E03709,582.38,PAYMENT_FAILED,Bank_A,E17,P020,CARD,RETRY_PAYMENT,0.72382003,421.5383094727993,421.5383094727993,LOW
E00291,563.31,SUBSCRIPTION_FAILED,Bank_B,E23,P009,CARD,ALTERNATE_PAYMENT,0.7329757,412.8925535988808,412.8925535988808,LOW
E00479,638.81,PAYMENT_FAILED,Bank_A,E23,P005,WALLET,RETRY_PAYMENT,0.6408055,409.35295050859446,409.35295050859446,LOW
E04989,604.74,INVOICE_OVERDUE,Bank_A,E17,P002,WALLET,ALTERNATE_PAYMENT,0.67522204,408.3337759995461,408.3337759995461,LOW
E00237,784.7,PAYMENT_FAILED,Bank_D,E11,P018,CARD,RETRY_PAYMENT,0.51981163,407.8961862564087,407.8961862564087,LOW
E03081,781.7,CHECKOUT_ABANDONED,Bank_D,E42,P004,NETBANKING,ALTERNATE_PAYMENT,0.51434976,402.0672063171864,402.0672063171864,LOW
E01453,659.87,SUBSCRIPTION_FAILED,Bank_D,E23,P019,NETBANKING,ALTERNATE_PAYMENT,0.60762984,400.9566996210813,400.9566996210813,LOW
E01072,556.92,CHECKOUT_ABANDONED,Bank_C,E11,P007,UPI,SEND_REMINDER,0.716324,398.9351463460922,398.9351463460922,LOW
E02913,774.91,CHECKOUT_ABANDONED,Bank_A,E23,P010,WALLET,SEND_REMINDER,0.50999665,395.2015060687065,395.2015060687065,LOW
E00531,721.44,PAYMENT_FAILED,Bank_D,E11,P010,NETBANKING,ALTERNATE_PAYMENT,0.5451013,393.2578710365296,393.2578710365296,LOW
E01694,779.05,SUBSCRIPTION_FAILED,Bank_B,E23,P014,NETBANKING,ALTERNATE_PAYMENT,0.5017948,390.9232506752014,390.9232506752014,LOW
E00858,522.77,PAYMENT_FAILED,Bank_A,E17,P010,UPI,ALTERNATE_PAYMENT,0.73386693,383.643615000248,383.643615000248,LOW
E02241,649.04,INVOICE_OVERDUE,Bank_B,E11,P007,CARD,ALTERNATE_PAYMENT,0.5662724,367.5334241962433,367.5334241962433,LOW
E04769,647.02,CHECKOUT_ABANDONED,Bank_A,E11,P009,CARD,ALTERNATE_PAYMENT,0.5264247,340.6073132646084,340.6073132646084,LOW
E04320,580.4,INVOICE_OVERDUE,Bank_D,E23,P002,CARD,ALTERNATE_PAYMENT,0.5838845,338.88655080795286,338.88655080795286,LOW
E04707,610.08,PAYMENT_FAILED,Bank_A,E23,P015,CARD,RETRY_PAYMENT,0.54451996,332.200737733841,332.200737733841,LOW
E04224,640.95,CHECKOUT_ABANDONED,Bank_D,E11,P005,CARD,SEND_REMINDER,0.5053788,323.9225308030844,323.9225308030844,LOW
E04363,616.77,PAYMENT_FAILED,Bank_B,E17,P015,WALLET,RETRY_PAYMENT,0.5015548,309.3439460760355,309.3439460760355,LOW
E02105,791.66,INVOICE_OVERDUE,Bank_C,E17,P008,CARD,ALTERNATE_PAYMENT,0.37696475,298.4279123270512,298.4279123270512,LOW
E00744,776.91,INVOICE_OVERDUE,Bank_C,E17,P011,NETBANKING,SEND_REMINDER,0.38394433,298.29019143998624,298.29019143998624,LOW
E03947,796.77,INVOICE_OVERDUE,Bank_D,E11,P002,WALLET,ALTERNATE_PAYMENT,0.3667714,292.2324483579397,292.2324483579397,LOW
E04703,793.08,CHECKOUT_ABANDONED,Bank_D,E11,P014,CARD,SEND_REMINDER,0.32067305,254.31938130140307,254.31938130140307,LOW
E01432,788.61,INVOICE_OVERDUE,Bank_B,E11,P005,NETBANKING,ALTERNATE_PAYMENT,0.25295323,199.48144776284693,199.48144776284693,LOW
