event_id,customer_id,amount,event_type,bank,error_code,product_id,payment_method
E00001,C0072,4994.15,PAYMENT_FAILED,Bank_A,E42,P007,CARD
E00002,C0872,8675.86,INVOICE_OVERDUE,Bank_A,E42,P003,CARD
E00003,C0192,5702.31,CHECKOUT_ABANDONED,Bank_D,E42,P001,WALLET
E00004,C0059,7635.11,PAYMENT_FAILED,Bank_A,E42,P010,WALLET
E00005,C0958,2719.86,CHECKOUT_ABANDONED,Bank_D,E23,P019,WALLET
E00006,C0647,21568.54,SUBSCRIPTION_FAILED,Bank_A,E42,P009,NETBANKING
E00007,C0777,20305.74,CHECKOUT_ABANDONED,Bank_A,E42,P002,WALLET
E00008,C0943,12631.83,INVOICE_OVERDUE,Bank_D,E23,P003,CARD
E00009,C0390,8136.92,INVOICE_OVERDUE,Bank_A,E42,P010,WALLET
E00010,C0202,11518.98,CHECKOUT_ABANDONED,Bank_C,E17,P004,CARD
E00011,C0702,5301.58,CHECKOUT_ABANDONED,Bank_C,E42,P008,UPI
E00012,C0217,14875.4,PAYMENT_FAILED,Bank_B,E23,P013,UPI
E00013,C0344,24678.73,PAYMENT_FAILED,Bank_A,E11,P001,WALLET
E00014,C0675,17818.0,SUBSCRIPTION_FAILED,Bank_C,E23,P003,UPI
E00015,C0135,3338.79,CHECKOUT_ABANDONED,Bank_B,E23,P009,WALLET
E00016,C0728,8119.07,SUBSCRIPTION_FAILED,Bank_A,E42,P005,NETBANKING
E00017,C0613,12069.27,SUBSCRIPTION_FAILED,Bank_B,E23,P015,CARD
E00018,C0871,19388.7,SUBSCRIPTION_FAILED,Bank_A,E17,P009,NETBANKING
E00019,C0864,5442.12,PAYMENT_FAILED,Bank_B,E42,P007,UPI
E00020,C0231,3913.62,CHECKOUT_ABANDONED,Bank_D,E42,P013,NETBANKING
E00021,C0243,15172.2,INVOICE_OVERDUE,Bank_D,E11,P002,CARD
E00022,C0620,11685.1,CHECKOUT_ABANDONED,Bank_A,E11,P012,WALLET
E00023,C0473,3491.15,CHECKOUT_ABANDONED,Bank_A,E42,P007,CARD
E00024,C0973,512.75,CHECKOUT_ABANDONED,Bank_A,E42,P009,NETBANKING
E00025,C0225,12378.33,PAYMENT_FAILED,Bank_D,E23,P019,CARD
E00026,C0472,5859.72,CHECKOUT_ABANDONED,Bank_C,E23,P009,WALLET
E00027,C0807,6548.46,INVOICE_OVERDUE,Bank_A,E17,P002,NETBANKING
E00028,C0002,7036.13,PAYMENT_FAILED,Bank_A,E42,P002,WALLET
E00029,C0638,16041.61,PAYMENT_FAILED,Bank_A,E42,P002,UPI
E00030,C0439,15021.07,INVOICE_OVERDUE,Bank_D,E17,P011,WALLET
E00031,C0610,12022.37,INVOICE_OVERDUE,Bank_C,E17,P006,CARD
E00032,C0187,4192.58,PAYMENT_FAILED,Bank_A,E42,P006,WALLET
E00033,C0346,5895.91,SUBSCRIPTION_FAILED,Bank_D,E42,P003,NETBANKING
E00034,C0936,23542.82,INVOICE_OVERDUE,Bank_D,E23,P007,CARD
E00035,C0151,3280.1,PAYMENT_FAILED,Bank_C,E42,P010,NETBANKING
E00036,C0572,14102.42,INVOICE_OVERDUE,Bank_D,E17,P017,CARD
E00037,C0009,22560.24,PAYMENT_FAILED,Bank_B,E42,P009,NETBANKING
E00038,C0120,22233.62,INVOICE_OVERDUE,Bank_D,E23,P001,WALLET
E00039,C0852,22514.58,INVOICE_OVERDUE,Bank_A,E42,P003,WALLET
E00040,C0878,7456.06,PAYMENT_FAILED,Bank_C,E11,P018,CARD
E00041,C0580,4810.17,PAYMENT_FAILED,Bank_D,E11,P001,CARD
E00042,C0195,18732.18,INVOICE_OVERDUE,Bank_D,E42,P017,WALLET
E00043,C0022,16090.15,SUBSCRIPTION_FAILED,Bank_D,E23,P014,CARD
E00044,C0027,22699.42,CHECKOUT_ABANDONED,Bank_A,E23,P002,UPI
E00045,C0829,21672.11,INVOICE_OVERDUE,Bank_D,E23,P016,NETBANKING
E00046,C0220,4839.21,INVOICE_OVERDUE,Bank_D,E11,P014,UPI
E00047,C0497,23243.8,PAYMENT_FAILED,Bank_D,E11,P014,UPI
E00048,C0981,7714.0,INVOICE_OVERDUE,Bank_D,E11,P001,WALLET
E00049,C0570,23435.79,CHECKOUT_ABANDONED,Bank_A,E42,P003,WALLET
E00050,C0962,24756.32,SUBSCRIPTION_FAILED,Bank_B,E42,P010,CARD
E00051,C0176,17710.86,PAYMENT_FAILED,Bank_D,E11,P007,UPI
E00052,C0525,21743.27,CHECKOUT_ABANDONED,Bank_B,E23,P007,UPI
E00053,C0400,17698.19,INVOICE_OVERDUE,Bank_D,E11,P014,WALLET
E00054,C0727,2802.56,CHECKOUT_ABANDONED,Bank_A,E42,P019,UPI
E00055,C0342,14975.41,CHECKOUT_ABANDONED,Bank_A,E42,P017,WALLET
E00056,C0993,3612.98,SUBSCRIPTION_FAILED,Bank_C,E17,P008,UPI
E00057,C0877,2591.01,SUBSCRIPTION_FAILED,Bank_D,E11,P020,CARD
E00058,C0370,3752.26,INVOICE_OVERDUE,Bank_A,E42,P010,CARD
E00059,C0951,11254.8,SUBSCRIPTION_FAILED,Bank_D,E23,P005,CARD
E00060,C0641,17368.25,PAYMENT_FAILED,Bank_C,E23,P001,NETBANKING
E00061,C0237,4980.22,INVOICE_OVERDUE,Bank_B,E17,P001,WALLET
E00062,C0247,15487.16,PAYMENT_FAILED,Bank_D,E23,P003,WALLET
E00063,C0974,852.64,CHECKOUT_ABANDONED,Bank_A,E42,P005,NETBANKING
E00064,C0912,4795.59,INVOICE_OVERDUE,Bank_B,E17,P016,UPI
E00065,C0762,16419.46,CHECKOUT_ABANDONED,Bank_A,E17,P010,CARD
E00066,C0659,874.96,SUBSCRIPTION_FAILED,Bank_B,E42,P001,WALLET
E00067,C0258,23625.34,INVOICE_OVERDUE,Bank_D,E42,P017,WALLET
E00068,C0675,17090.62,INVOICE_OVERDUE,Bank_C,E42,P001,UPI
E00069,C0417,9959.51,INVOICE_OVERDUE,Bank_C,E11,P008,CARD
E00070,C0898,2969.06,INVOICE_OVERDUE,Bank_A,E11,P019,CARD
E00071,C0970,9942.22,INVOICE_OVERDUE,Bank_A,E17,P002,NETBANKING
E00072,C0075,9034.25,PAYMENT_FAILED,Bank_D,E17,P004,UPI
E00073,C0920,10875.04,CHECKOUT_ABANDONED,Bank_A,E42,P003,UPI
E00074,C0664,19522.12,PAYMENT_FAILED,Bank_D,E17,P005,WALLET
E00075,C0798,6336.79,PAYMENT_FAILED,Bank_A,E23,P017,UPI
E00076,C0019,7792.06,CHECKOUT_ABANDONED,Bank_A,E42,P017,WALLET
E00077,C0796,9195.18,INVOICE_OVERDUE,Bank_A,E23,P014,NETBANKING
E00078,C0069,2540.47,SUBSCRIPTION_FAILED,Bank_C,E17,P003,WALLET
E00079,C0144,23681.77,INVOICE_OVERDUE,Bank_C,E11,P007,UPI
E00080,C0133,13963.46,CHECKOUT_ABANDONED,Bank_B,E23,P003,NETBANKING
E00081,C0074,4003.3,SUBSCRIPTION_FAILED,Bank_A,E42,P012,UPI
E00082,C0393,5953.12,PAYMENT_FAILED,Bank_C,E17,P018,NETBANKING
E00083,C0648,6214.09,PAYMENT_FAILED,Bank_A,E11,P016,UPI
E00084,C0301,22738.5,SUBSCRIPTION_FAILED,Bank_D,E11,P004,WALLET
E00085,C0167,9760.7,PAYMENT_FAILED,Bank_C,E23,P010,CARD
E00086,C0220,778.16,PAYMENT_FAILED,Bank_B,E23,P020,WALLET
E00087,C0973,18778.1,SUBSCRIPTION_FAILED,Bank_C,E11,P017,UPI
E00088,C0685,20151.68,CHECKOUT_ABANDONED,Bank_B,E11,P013,UPI
E00089,C0229,24827.64,PAYMENT_FAILED,Bank_D,E17,P004,NETBANKING
E00090,C0526,15920.27,SUBSCRIPTION_FAILED,Bank_A,E17,P015,NETBANKING
E00091,C0953,22578.37,SUBSCRIPTION_FAILED,Bank_B,E17,P011,WALLET
E00092,C0668,11663.59,CHECKOUT_ABANDONED,Bank_A,E42,P008,CARD
E00093,C0540,6120.17,CHECKOUT_ABANDONED,Bank_B,E42,P005,UPI
E00094,C0929,13634.36,SUBSCRIPTION_FAILED,Bank_C,E17,P020,UPI
E00095,C0390,2366.91,CHECKOUT_ABANDONED,Bank_A,E11,P018,NETBANKING
E00096,C0798,2527.34,CHECKOUT_ABANDONED,Bank_A,E42,P018,NETBANKING
E00097,C0146,19551.26,PAYMENT_FAILED,Bank_C,E42,P015,UPI
E00098,C0795,24262.9,PAYMENT_FAILED,Bank_A,E42,P017,UPI
E00099,C0823,7198.47,SUBSCRIPTION_FAILED,Bank_A,E23,P006,WALLET
E00100,C0023,22872.56,CHECKOUT_ABANDONED,Bank_C,E11,P005,UPI
E00101,C0457,6406.58,PAYMENT_FAILED,Bank_B,E23,P014,UPI
E00102,C0488,22016.41,CHECKOUT_ABANDONED,Bank_A,E42,P002,WALLET
E00103,C0118,13247.54,CHECKOUT_ABANDONED,Bank_C,E17,P003,NETBANKING
E00104,C0734,14242.98,INVOICE_OVERDUE,Bank_A,E17,P017,WALLET
E00105,C0578,15697.58,PAYMENT_FAILED,Bank_C,E23,P011,NETBANKING
E00106,C0098,9089.4,CHECKOUT_ABANDONED,Bank_D,E42,P018,CARD
E00107,C0166,9032.26,CHECKOUT_ABANDONED,Bank_C,E23,P001,WALLET
E00108,C0133,21627.91,CHECKOUT_ABANDONED,Bank_B,E23,P004,CARD
E00109,C0069,2122.78,INVOICE_OVERDUE,Bank_B,E11,P002,CARD
E00110,C0971,14701.42,SUBSCRIPTION_FAILED,Bank_A,E42,P019,NETBANKING
E00111,C0912,10307.36,SUBSCRIPTION_FAILED,Bank_A,E42,P008,WALLET
E00112,C0667,21920.78,SUBSCRIPTION_FAILED,Bank_A,E42,P018,UPI
E00113,C0682,8954.52,PAYMENT_FAILED,Bank_C,E11,P006,UPI
E00114,C0078,9424.61,CHECKOUT_ABANDONED,Bank_A,E42,P013,NETBANKING
E00115,C0056,17350.73,PAYMENT_FAILED,Bank_A,E23,P011,NETBANKING
E00116,C0625,20251.93,INVOICE_OVERDUE,Bank_A,E17,P003,UPI
E00117,C0474,12370.81,INVOICE_OVERDUE,Bank_C,E23,P014,WALLET
E00118,C0007,6684.71,SUBSCRIPTION_FAILED,Bank_B,E17,P003,NETBANKING
E00119,C0506,3125.71,INVOICE_OVERDUE,Bank_C,E23,P006,NETBANKING
E00120,C0714,9743.46,SUBSCRIPTION_FAILED,Bank_D,E11,P007,UPI
E00121,C0145,3434.17,CHECKOUT_ABANDONED,Bank_B,E17,P013,WALLET
E00122,C0111,12711.83,PAYMENT_FAILED,Bank_B,E23,P004,NETBANKING
E00123,C0595,11075.66,INVOICE_OVERDUE,Bank_C,E42,P010,UPI
E00124,C0952,14484.07,INVOICE_OVERDUE,Bank_D,E17,P013,CARD
E00125,C0582,6020.65,CHECKOUT_ABANDONED,Bank_A,E11,P016,WALLET
E00126,C0823,4747.65,CHECKOUT_ABANDONED,Bank_A,E42,P009,NETBANKING
E00127,C0223,24568.28,PAYMENT_FAILED,Bank_C,E42,P006,CARD
E00128,C0881,20518.27,SUBSCRIPTION_FAILED,Bank_C,E42,P006,NETBANKING
E00129,C0435,14504.51,SUBSCRIPTION_FAILED,Bank_B,E23,P013,WALLET
E00130,C0225,10923.19,INVOICE_OVERDUE,Bank_B,E17,P020,UPI
E00131,C0805,7571.45,CHECKOUT_ABANDONED,Bank_A,E17,P011,NETBANKING
E00132,C0010,9546.15,PAYMENT_FAILED,Bank_C,E23,P005,NETBANKING
E00133,C0321,20341.92,INVOICE_OVERDUE,Bank_B,E11,P005,UPI
E00134,C0419,15349.5,INVOICE_OVERDUE,Bank_C,E23,P017,UPI
E00135,C0459,23356.98,CHECKOUT_ABANDONED,Bank_A,E42,P009,CARD
E00136,C0572,18179.12,INVOICE_OVERDUE,Bank_C,E11,P008,NETBANKING
E00137,C0165,20715.75,CHECKOUT_ABANDONED,Bank_B,E42,P005,NETBANKING
E00138,C0042,8246.82,INVOICE_OVERDUE,Bank_B,E17,P018,WALLET
E00139,C0422,11835.65,INVOICE_OVERDUE,Bank_D,E17,P001,NETBANKING
E00140,C0503,22539.58,PAYMENT_FAILED,Bank_A,E42,P002,CARD
E00141,C0646,3364.0,SUBSCRIPTION_FAILED,Bank_D,E23,P003,NETBANKING
E00142,C0669,19953.62,INVOICE_OVERDUE,Bank_B,E42,P001,WALLET
E00143,C0097,4216.03,PAYMENT_FAILED,Bank_C,E42,P005,NETBANKING
E00144,C0517,17994.57,CHECKOUT_ABANDONED,Bank_A,E42,P010,UPI
E00145,C0216,21238.08,SUBSCRIPTION_FAILED,Bank_A,E23,P020,WALLET
E00146,C0844,6116.66,PAYMENT_FAILED,Bank_A,E42,P013,CARD
E00147,C0811,13796.75,INVOICE_OVERDUE,Bank_A,E42,P005,WALLET
E00148,C0023,6070.1,CHECKOUT_ABANDONED,Bank_B,E42,P015,CARD
E00149,C0210,3908.35,PAYMENT_FAILED,Bank_D,E17,P001,NETBANKING
E00150,C0324,14345.76,INVOICE_OVERDUE,Bank_A,E42,P005,WALLET
E00151,C0378,14619.06,PAYMENT_FAILED,Bank_A,E42,P009,CARD
E00152,C0407,23176.43,PAYMENT_FAILED,Bank_B,E42,P001,CARD
E00153,C0825,3554.24,INVOICE_OVERDUE,Bank_B,E17,P001,NETBANKING
E00154,C0969,10275.57,SUBSCRIPTION_FAILED,Bank_C,E42,P009,CARD
E00155,C0244,3299.55,PAYMENT_FAILED,Bank_A,E17,P011,CARD
E00156,C0640,23002.14,CHECKOUT_ABANDONED,Bank_B,E23,P011,NETBANKING
E00157,C0180,14651.98,INVOICE_OVERDUE,Bank_C,E17,P006,UPI
E00158,C0666,7300.89,SUBSCRIPTION_FAILED,Bank_A,E11,P018,UPI
E00159,C0630,4142.24,PAYMENT_FAILED,Bank_A,E42,P008,UPI
E00160,C0891,18874.03,CHECKOUT_ABANDONED,Bank_D,E11,P019,CARD
E00161,C0144,9754.29,PAYMENT_FAILED,Bank_A,E42,P008,NETBANKING
E00162,C0502,13427.37,SUBSCRIPTION_FAILED,Bank_B,E23,P017,CARD
E00163,C0925,4957.24,INVOICE_OVERDUE,Bank_C,E23,P007,NETBANKING
E00164,C0993,13401.17,CHECKOUT_ABANDONED,Bank_B,E23,P018,NETBANKING
E00165,C0983,6720.27,SUBSCRIPTION_FAILED,Bank_A,E11,P008,CARD
E00166,C0264,16492.28,SUBSCRIPTION_FAILED,Bank_A,E23,P002,NETBANKING
E00167,C0912,20267.83,INVOICE_OVERDUE,Bank_B,E42,P004,WALLET
E00168,C0978,8437.76,SUBSCRIPTION_FAILED,Bank_A,E42,P007,CARD
E00169,C0915,3508.03,SUBSCRIPTION_FAILED,Bank_C,E11,P004,UPI
E00170,C0523,15806.65,SUBSCRIPTION_FAILED,Bank_B,E11,P010,NETBANKING
E00171,C0805,20851.04,INVOICE_OVERDUE,Bank_C,E23,P006,WALLET
E00172,C0506,5878.01,INVOICE_OVERDUE,Bank_A,E42,P012,WALLET
E00173,C0128,22416.53,SUBSCRIPTION_FAILED,Bank_A,E42,P017,CARD
E00174,C0281,17621.72,INVOICE_OVERDUE,Bank_A,E42,P007,UPI
E00175,C0029,3740.77,INVOICE_OVERDUE,Bank_C,E17,P013,CARD
E00176,C0042,13476.71,CHECKOUT_ABANDONED,Bank_C,E17,P004,UPI
E00177,C0588,12687.89,PAYMENT_FAILED,Bank_A,E42,P010,CARD
E00178,C0610,18438.52,CHECKOUT_ABANDONED,Bank_A,E23,P012,UPI
E00179,C0981,21033.62,PAYMENT_FAILED,Bank_C,E17,P014,WALLET
E00180,C0292,2528.57,PAYMENT_FAILED,Bank_A,E42,P019,CARD
E00181,C0113,9213.98,SUBSCRIPTION_FAILED,Bank_C,E42,P007,WALLET
E00182,C0406,23875.13,SUBSCRIPTION_FAILED,Bank_B,E23,P005,WALLET
E00183,C0244,4469.34,INVOICE_OVERDUE,Bank_D,E23,P011,UPI
E00184,C0450,15771.65,CHECKOUT_ABANDONED,Bank_A,E23,P009,UPI
E00185,C0042,17365.86,PAYMENT_FAILED,Bank_A,E11,P007,NETBANKING
E00186,C0102,24208.64,INVOICE_OVERDUE,Bank_A,E42,P002,WALLET
E00187,C0017,24071.42,SUBSCRIPTION_FAILED,Bank_D,E23,P010,UPI
E00188,C0339,23975.18,CHECKOUT_ABANDONED,Bank_C,E42,P008,NETBANKING
E00189,C0200,16112.17,CHECKOUT_ABANDONED,Bank_C,E11,P018,UPI
E00190,C0047,23629.45,PAYMENT_FAILED,Bank_C,E17,P010,WALLET
E00191,C0391,12093.65,PAYMENT_FAILED,Bank_C,E17,P014,NETBANKING
E00192,C0827,3324.41,INVOICE_OVERDUE,Bank_A,E23,P018,NETBANKING
E00193,C0615,13299.65,CHECKOUT_ABANDONED,Bank_C,E23,P017,CARD
E00194,C0131,12286.02,INVOICE_OVERDUE,Bank_C,E42,P005,NETBANKING
E00195,C0888,14524.48,INVOICE_OVERDUE,Bank_C,E23,P017,WALLET
E00196,C0493,13244.12,CHECKOUT_ABANDONED,Bank_A,E11,P010,WALLET
E00197,C0251,24763.36,CHECKOUT_ABANDONED,Bank_C,E23,P013,UPI
E00198,C0029,24949.39,SUBSCRIPTION_FAILED,Bank_A,E42,P017,UPI
E00199,C0239,21905.09,INVOICE_OVERDUE,Bank_D,E11,P010,CARD
E00200,C0689,18440.66,PAYMENT_FAILED,Bank_C,E42,P003,UPI
E00201,C0293,18031.06,INVOICE_OVERDUE,Bank_B,E17,P016,UPI
E00202,C0344,9916.0,SUBSCRIPTION_FAILED,Bank_C,E11,P004,WALLET
E00203,C0710,2690.57,PAYMENT_FAILED,Bank_A,E11,P007,WALLET
E00204,C0153,15528.58,CHECKOUT_ABANDONED,Bank_A,E42,P007,WALLET
E00205,C0885,16416.34,PAYMENT_FAILED,Bank_A,E42,P019,UPI
E00206,C0753,5901.91,PAYMENT_FAILED,Bank_C,E17,P003,WALLET
E00207,C0521,5799.94,SUBSCRIPTION_FAILED,Bank_A,E17,P003,WALLET
E00208,C0850,13123.57,CHECKOUT_ABANDONED,Bank_A,E23,P017,WALLET
E00209,C0089,5983.53,PAYMENT_FAILED,Bank_C,E17,P009,WALLET
E00210,C0635,10083.66,PAYMENT_FAILED,Bank_B,E23,P009,NETBANKING
E00211,C0537,8561.76,PAYMENT_FAILED,Bank_A,E42,P005,NETBANKING
E00212,C0251,624.51,SUBSCRIPTION_FAILED,Bank_D,E42,P005,WALLET
E00213,C0796,3181.99,INVOICE_OVERDUE,Bank_B,E11,P005,UPI
E00214,C0115,13143.94,INVOICE_OVERDUE,Bank_D,E11,P003,WALLET
E00215,C0262,7042.19,PAYMENT_FAILED,Bank_D,E23,P019,WALLET
E00216,C0781,4429.8,SUBSCRIPTION_FAILED,Bank_A,E23,P011,UPI
E00217,C0700,17625.27,SUBSCRIPTION_FAILED,Bank_B,E42,P007,UPI
E00218,C0426,22037.25,SUBSCRIPTION_FAILED,Bank_B,E11,P010,WALLET
E00219,C0258,527.44,SUBSCRIPTION_FAILED,Bank_B,E23,P014,UPI
E00220,C0667,2560.41,INVOICE_OVERDUE,Bank_C,E17,P017,UPI
E00221,C0365,722.27,INVOICE_OVERDUE,Bank_A,E42,P003,WALLET
E00222,C0994,11089.9,CHECKOUT_ABANDONED,Bank_B,E23,P015,CARD
E00223,C0242,17353.2,INVOICE_OVERDUE,Bank_A,E42,P004,NETBANKING
E00224,C0705,14763.18,PAYMENT_FAILED,Bank_D,E17,P018,CARD
E00225,C0227,18866.47,INVOICE_OVERDUE,Bank_C,E11,P020,UPI
E00226,C0079,8428.45,PAYMENT_FAILED,Bank_A,E23,P019,NETBANKING
E00227,C0516,11979.22,CHECKOUT_ABANDONED,Bank_B,E17,P017,NETBANKING
E00228,C0075,20735.06,SUBSCRIPTION_FAILED,Bank_A,E42,P020,WALLET
E00229,C0707,3717.71,CHECKOUT_ABANDONED,Bank_A,E42,P017,CARD
E00230,C0869,22783.35,PAYMENT_FAILED,Bank_D,E11,P020,CARD
E00231,C0892,10528.68,SUBSCRIPTION_FAILED,Bank_A,E23,P006,NETBANKING
E00232,C0524,16465.84,PAYMENT_FAILED,Bank_C,E42,P018,NETBANKING
E00233,C0657,5045.38,INVOICE_OVERDUE,Bank_C,E42,P008,NETBANKING
E00234,C0960,15842.4,SUBSCRIPTION_FAILED,Bank_B,E42,P012,UPI
E00235,C0153,20015.16,INVOICE_OVERDUE,Bank_A,E42,P014,NETBANKING
E00236,C0944,14181.11,INVOICE_OVERDUE,Bank_D,E42,P002,WALLET
E00237,C0274,784.7,PAYMENT_FAILED,Bank_D,E11,P018,CARD
E00238,C0801,17527.06,SUBSCRIPTION_FAILED,Bank_A,E42,P006,UPI
E00239,C0588,4075.09,INVOICE_OVERDUE,Bank_A,E42,P014,WALLET
E00240,C0714,17710.39,INVOICE_OVERDUE,Bank_B,E17,P008,WALLET
E00241,C0973,2652.73,PAYMENT_FAILED,Bank_A,E42,P001,UPI
E00242,C0090,24447.93,CHECKOUT_ABANDONED,Bank_B,E23,P014,CARD
E00243,C0872,16924.44,SUBSCRIPTION_FAILED,Bank_B,E17,P011,UPI
E00244,C0223,15606.81,CHECKOUT_ABANDONED,Bank_B,E11,P009,CARD
E00245,C0318,20142.34,INVOICE_OVERDUE,Bank_D,E17,P015,NETBANKING
E00246,C0314,13916.01,INVOICE_OVERDUE,Bank_C,E42,P003,NETBANKING
E00247,C0012,18258.25,SUBSCRIPTION_FAILED,Bank_B,E17,P012,UPI
E00248,C0356,24408.7,SUBSCRIPTION_FAILED,Bank_C,E17,P013,WALLET
E00249,C0594,12705.8,INVOICE_OVERDUE,Bank_A,E23,P006,CARD
E00250,C0643,24382.43,INVOICE_OVERDUE,Bank_A,E42,P010,NETBANKING
E00251,C0903,5487.67,SUBSCRIPTION_FAILED,Bank_A,E17,P012,UPI
E00252,C0805,21233.01,PAYMENT_FAILED,Bank_C,E17,P004,WALLET
E00253,C0947,13810.86,INVOICE_OVERDUE,Bank_A,E42,P009,WALLET
E00254,C0418,21898.87,INVOICE_OVERDUE,Bank_B,E42,P004,CARD
E00255,C0268,22852.9,CHECKOUT_ABANDONED,Bank_C,E23,P003,UPI
E00256,C0520,3723.41,PAYMENT_FAILED,Bank_A,E23,P004,WALLET
E00257,C0375,24299.18,CHECKOUT_ABANDONED,Bank_A,E42,P005,UPI
E00258,C0623,21833.37,CHECKOUT_ABANDONED,Bank_A,E17,P014,WALLET
E00259,C0891,4506.33,SUBSCRIPTION_FAILED,Bank_D,E17,P002,NETBANKING
E00260,C0676,15168.49,INVOICE_OVERDUE,Bank_C,E11,P013,NETBANKING
E00261,C0592,11329.6,SUBSCRIPTION_FAILED,Bank_C,E17,P010,UPI
E00262,C0776,11511.13,PAYMENT_FAILED,Bank_B,E11,P011,WALLET
E00263,C0107,9794.29,INVOICE_OVERDUE,Bank_D,E17,P005,NETBANKING
E00264,C0824,17781.95,PAYMENT_FAILED,Bank_A,E11,P015,NETBANKING
E00265,C0642,7108.87,INVOICE_OVERDUE,Bank_C,E11,P009,NETBANKING
E00266,C0198,3491.69,PAYMENT_FAILED,Bank_A,E42,P005,UPI
E00267,C0490,1518.54,SUBSCRIPTION_FAILED,Bank_A,E11,P020,UPI
E00268,C0306,23819.39,CHECKOUT_ABANDONED,Bank_C,E23,P007,NETBANKING
E00269,C0852,16838.17,SUBSCRIPTION_FAILED,Bank_C,E17,P013,WALLET
E00270,C0341,4478.36,SUBSCRIPTION_FAILED,Bank_B,E42,P001,NETBANKING
E00271,C0175,24102.0,PAYMENT_FAILED,Bank_D,E17,P002,UPI
E00272,C0978,929.14,CHECKOUT_ABANDONED,Bank_B,E23,P017,CARD
E00273,C0345,3271.19,INVOICE_OVERDUE,Bank_D,E11,P014,WALLET
E00274,C0304,20757.55,INVOICE_OVERDUE,Bank_A,E42,P005,UPI
E00275,C0575,15321.37,CHECKOUT_ABANDONED,Bank_D,E17,P009,UPI
E00276,C0159,2716.8,PAYMENT_FAILED,Bank_D,E11,P009,NETBANKING
E00277,C0019,23179.03,CHECKOUT_ABANDONED,Bank_A,E17,P006,CARD
E00278,C0641,21788.07,SUBSCRIPTION_FAILED,Bank_A,E23,P007,UPI
E00279,C0917,10206.23,CHECKOUT_ABANDONED,Bank_A,E42,P019,WALLET
E00280,C0940,9644.67,INVOICE_OVERDUE,Bank_A,E11,P006,CARD
E00281,C0942,15677.51,CHECKOUT_ABANDONED,Bank_D,E17,P009,NETBANKING
E00282,C0629,12239.96,CHECKOUT_ABANDONED,Bank_D,E42,P012,UPI
E00283,C0043,12179.04,INVOICE_OVERDUE,Bank_A,E23,P016,NETBANKING
E00284,C0021,13270.24,SUBSCRIPTION_FAILED,Bank_B,E42,P011,NETBANKING
E00285,C0715,6465.32,SUBSCRIPTION_FAILED,Bank_A,E42,P019,NETBANKING
E00286,C0893,2984.81,SUBSCRIPTION_FAILED,Bank_A,E17,P004,WALLET
E00287,C0291,20174.13,PAYMENT_FAILED,Bank_A,E42,P008,WALLET
E00288,C0644,7179.29,CHECKOUT_ABANDONED,Bank_B,E17,P011,NETBANKING
E00289,C0959,5022.34,PAYMENT_FAILED,Bank_A,E42,P017,CARD
E00290,C0775,12346.87,INVOICE_OVERDUE,Bank_A,E42,P001,WALLET
E00291,C0918,563.31,SUBSCRIPTION_FAILED,Bank_B,E23,P009,CARD
E00292,C0682,9338.93,CHECKOUT_ABANDONED,Bank_B,E42,P008,WALLET
E00293,C0664,7900.48,PAYMENT_FAILED,Bank_B,E23,P019,WALLET
E00294,C0970,19283.08,CHECKOUT_ABANDONED,Bank_B,E11,P001,NETBANKING
E00295,C0673,21796.86,SUBSCRIPTION_FAILED,Bank_A,E42,P017,CARD
E00296,C0523,5551.56,INVOICE_OVERDUE,Bank_C,E23,P010,UPI
E00297,C0320,3973.47,CHECKOUT_ABANDONED,Bank_A,E11,P003,NETBANKING
E00298,C0937,11421.88,CHECKOUT_ABANDONED,Bank_C,E17,P017,NETBANKING
E00299,C0102,15278.88,SUBSCRIPTION_FAILED,Bank_D,E17,P010,WALLET
E00300,C0676,16309.6,INVOICE_OVERDUE,Bank_B,E42,P003,UPI
E00301,C0781,15620.32,PAYMENT_FAILED,Bank_A,E42,P017,WALLET
E00302,C0776,16184.12,SUBSCRIPTION_FAILED,Bank_A,E42,P006,WALLET
E00303,C0342,11693.04,PAYMENT_FAILED,Bank_B,E42,P006,CARD
E00304,C0471,24889.27,PAYMENT_FAILED,Bank_B,E17,P020,WALLET
E00305,C0287,4794.92,PAYMENT_FAILED,Bank_A,E42,P015,UPI
E00306,C0912,11534.09,CHECKOUT_ABANDONED,Bank_B,E17,P012,UPI
E00307,C0237,23215.86,SUBSCRIPTION_FAILED,Bank_A,E42,P019,WALLET
E00308,C0633,13728.95,INVOICE_OVERDUE,Bank_D,E42,P020,CARD
E00309,C0784,3628.98,INVOICE_OVERDUE,Bank_A,E42,P012,CARD
E00310,C0114,7926.64,INVOICE_OVERDUE,Bank_A,E17,P013,CARD
E00311,C0843,14068.15,PAYMENT_FAILED,Bank_B,E23,P003,WALLET
E00312,C0419,13134.15,CHECKOUT_ABANDONED,Bank_B,E42,P011,NETBANKING
E00313,C0561,12778.25,CHECKOUT_ABANDONED,Bank_A,E42,P010,CARD
E00314,C0462,13545.79,INVOICE_OVERDUE,Bank_C,E17,P006,NETBANKING
E00315,C0675,8401.94,PAYMENT_FAILED,Bank_D,E17,P002,NETBANKING
E00316,C0266,14539.52,INVOICE_OVERDUE,Bank_B,E17,P002,UPI
E00317,C0110,12433.02,SUBSCRIPTION_FAILED,Bank_A,E42,P016,CARD
E00318,C0025,10267.24,SUBSCRIPTION_FAILED,Bank_A,E42,P013,UPI
E00319,C0580,3811.57,INVOICE_OVERDUE,Bank_A,E17,P013,WALLET
E00320,C0846,8139.5,INVOICE_OVERDUE,Bank_D,E42,P020,CARD
E00321,C0254,5792.94,INVOICE_OVERDUE,Bank_C,E17,P002,WALLET
E00322,C0778,19628.66,PAYMENT_FAILED,Bank_C,E23,P002,CARD
E00323,C0983,7785.2,INVOICE_OVERDUE,Bank_A,E42,P019,UPI
E00324,C0263,7001.99,CHECKOUT_ABANDONED,Bank_A,E42,P016,WALLET
E00325,C0101,6107.92,SUBSCRIPTION_FAILED,Bank_D,E42,P007,WALLET
E00326,C0690,21276.39,INVOICE_OVERDUE,Bank_D,E42,P005,WALLET
E00327,C0092,9510.1,SUBSCRIPTION_FAILED,Bank_D,E11,P014,NETBANKING
E00328,C0574,6590.22,CHECKOUT_ABANDONED,Bank_B,E11,P006,NETBANKING
E00329,C0065,13615.1,INVOICE_OVERDUE,Bank_C,E17,P013,UPI
E00330,C0173,20137.66,PAYMENT_FAILED,Bank_A,E42,P004,UPI
E00331,C0768,12733.68,SUBSCRIPTION_FAILED,Bank_D,E23,P004,CARD
E00332,C0733,20361.81,INVOICE_OVERDUE,Bank_D,E17,P020,UPI
E00333,C0192,3762.05,PAYMENT_FAILED,Bank_A,E17,P017,WALLET
E00334,C0097,2372.21,INVOICE_OVERDUE,Bank_A,E42,P010,CARD
E00335,C0759,20715.74,PAYMENT_FAILED,Bank_D,E42,P002,WALLET
E00336,C0855,22290.08,SUBSCRIPTION_FAILED,Bank_A,E42,P013,NETBANKING
E00337,C0845,17165.58,SUBSCRIPTION_FAILED,Bank_D,E11,P008,UPI
E00338,C0664,2245.79,SUBSCRIPTION_FAILED,Bank_A,E11,P017,UPI
E00339,C0651,7765.12,SUBSCRIPTION_FAILED,Bank_D,E17,P020,NETBANKING
E00340,C0261,4765.68,SUBSCRIPTION_FAILED,Bank_C,E42,P005,CARD
E00341,C0992,1013.15,CHECKOUT_ABANDONED,Bank_D,E42,P016,WALLET
E00342,C0962,15804.26,INVOICE_OVERDUE,Bank_A,E42,P015,CARD
E00343,C0169,19478.53,INVOICE_OVERDUE,Bank_D,E17,P018,CARD
E00344,C0781,3291.94,INVOICE_OVERDUE,Bank_D,E23,P016,WALLET
E00345,C0936,8787.55,CHECKOUT_ABANDONED,Bank_A,E42,P018,NETBANKING
E00346,C0985,11265.42,CHECKOUT_ABANDONED,Bank_D,E23,P018,CARD
E00347,C0686,5338.03,INVOICE_OVERDUE,Bank_D,E11,P017,WALLET
E00348,C0497,21603.56,CHECKOUT_ABANDONED,Bank_B,E42,P012,UPI
E00349,C0904,11783.22,CHECKOUT_ABANDONED,Bank_A,E11,P014,WALLET
E00350,C0598,4847.0,INVOICE_OVERDUE,Bank_C,E42,P011,UPI
E00351,C0213,3144.62,CHECKOUT_ABANDONED,Bank_A,E11,P015,WALLET
E00352,C0044,4191.56,SUBSCRIPTION_FAILED,Bank_C,E23,P013,CARD
E00353,C0630,15492.54,INVOICE_OVERDUE,Bank_A,E11,P019,NETBANKING
E00354,C0229,21989.89,SUBSCRIPTION_FAILED,Bank_C,E42,P015,WALLET
E00355,C0515,18671.95,PAYMENT_FAILED,Bank_A,E42,P001,WALLET
E00356,C0473,16610.23,CHECKOUT_ABANDONED,Bank_D,E42,P010,UPI
E00357,C0112,17353.16,SUBSCRIPTION_FAILED,Bank_C,E23,P013,UPI
E00358,C0012,21079.12,CHECKOUT_ABANDONED,Bank_B,E17,P017,CARD
E00359,C0912,17120.28,PAYMENT_FAILED,Bank_B,E11,P019,NETBANKING
E00360,C0623,3555.49,PAYMENT_FAILED,Bank_D,E23,P004,WALLET
E00361,C0469,10092.38,CHECKOUT_ABANDONED,Bank_A,E42,P008,NETBANKING
E00362,C0941,4942.32,INVOICE_OVERDUE,Bank_B,E17,P020,UPI
E00363,C0741,18223.42,CHECKOUT_ABANDONED,Bank_D,E11,P016,CARD
E00364,C0670,12421.64,CHECKOUT_ABANDONED,Bank_D,E42,P018,NETBANKING
E00365,C0211,16094.02,PAYMENT_FAILED,Bank_D,E23,P013,WALLET
E00366,C0019,20715.7,SUBSCRIPTION_FAILED,Bank_A,E42,P016,UPI
E00367,C0831,6278.51,SUBSCRIPTION_FAILED,Bank_C,E11,P020,UPI
E00368,C0118,18473.59,SUBSCRIPTION_FAILED,Bank_C,E23,P013,UPI
E00369,C0399,4867.19,INVOICE_OVERDUE,Bank_D,E42,P006,NETBANKING
E00370,C0837,23782.66,PAYMENT_FAILED,Bank_C,E23,P020,UPI
E00371,C0254,1092.7,SUBSCRIPTION_FAILED,Bank_C,E11,P013,CARD
E00372,C0547,1875.33,PAYMENT_FAILED,Bank_A,E23,P014,CARD
E00373,C0917,12282.2,PAYMENT_FAILED,Bank_A,E42,P010,WALLET
E00374,C0295,1721.13,INVOICE_OVERDUE,Bank_B,E17,P018,NETBANKING
E00375,C0686,1903.37,CHECKOUT_ABANDONED,Bank_A,E42,P012,WALLET
E00376,C0926,23937.06,PAYMENT_FAILED,Bank_D,E42,P012,CARD
E00377,C0270,7252.5,SUBSCRIPTION_FAILED,Bank_D,E23,P010,WALLET
E00378,C0556,19529.41,PAYMENT_FAILED,Bank_C,E17,P009,UPI
E00379,C0441,22707.72,CHECKOUT_ABANDONED,Bank_C,E42,P004,CARD
E00380,C0672,6301.22,SUBSCRIPTION_FAILED,Bank_A,E42,P011,WALLET
E00381,C0492,1780.32,PAYMENT_FAILED,Bank_D,E23,P014,UPI
E00382,C0730,16527.28,PAYMENT_FAILED,Bank_A,E17,P005,WALLET
E00383,C0445,15408.92,PAYMENT_FAILED,Bank_A,E42,P009,UPI
E00384,C0598,2676.59,CHECKOUT_ABANDONED,Bank_D,E23,P001,UPI
E00385,C0681,18208.95,INVOICE_OVERDUE,Bank_A,E17,P007,CARD
E00386,C0577,11728.37,CHECKOUT_ABANDONED,Bank_A,E42,P010,UPI
E00387,C0098,16891.05,PAYMENT_FAILED,Bank_B,E42,P016,WALLET
E00388,C0936,2025.69,INVOICE_OVERDUE,Bank_C,E17,P006,WALLET
E00389,C0960,19763.82,SUBSCRIPTION_FAILED,Bank_A,E42,P007,UPI
E00390,C0655,18975.64,CHECKOUT_ABANDONED,Bank_C,E42,P008,UPI
E00391,C0680,6350.51,CHECKOUT_ABANDONED,Bank_D,E42,P017,NETBANKING
E00392,C0097,22775.9,SUBSCRIPTION_FAILED,Bank_D,E17,P010,WALLET
E00393,C0178,20641.53,SUBSCRIPTION_FAILED,Bank_C,E42,P011,NETBANKING
E00394,C0920,13321.58,INVOICE_OVERDUE,Bank_C,E42,P009,WALLET
E00395,C0944,10201.28,PAYMENT_FAILED,Bank_D,E23,P014,WALLET
E00396,C0775,19934.9,CHECKOUT_ABANDONED,Bank_D,E42,P016,NETBANKING
E00397,C0929,24596.28,SUBSCRIPTION_FAILED,Bank_A,E42,P001,NETBANKING
E00398,C0613,20599.25,INVOICE_OVERDUE,Bank_A,E42,P004,CARD
E00399,C0907,3382.28,INVOICE_OVERDUE,Bank_B,E23,P014,NETBANKING
E00400,C0670,3499.63,SUBSCRIPTION_FAILED,Bank_A,E42,P013,CARD
E00401,C0640,16575.28,SUBSCRIPTION_FAILED,Bank_A,E42,P005,UPI
E00402,C0382,22311.32,INVOICE_OVERDUE,Bank_A,E42,P005,NETBANKING
E00403,C0646,22996.1,INVOICE_OVERDUE,Bank_A,E11,P019,WALLET
E00404,C0457,16465.86,SUBSCRIPTION_FAILED,Bank_C,E17,P002,CARD
E00405,C0156,6486.33,CHECKOUT_ABANDONED,Bank_D,E17,P001,UPI
E00406,C0314,11533.6,SUBSCRIPTION_FAILED,Bank_B,E11,P011,UPI
E00407,C0651,21115.47,PAYMENT_FAILED,Bank_D,E17,P015,NETBANKING
E00408,C0483,3105.42,INVOICE_OVERDUE,Bank_A,E42,P008,WALLET
E00409,C0001,16554.42,PAYMENT_FAILED,Bank_C,E17,P008,NETBANKING
E00410,C0815,21726.47,INVOICE_OVERDUE,Bank_C,E23,P006,NETBANKING
E00411,C0654,10503.51,PAYMENT_FAILED,Bank_C,E11,P004,WALLET
E00412,C0210,16792.13,INVOICE_OVERDUE,Bank_A,E23,P019,UPI
E00413,C0888,3219.24,SUBSCRIPTION_FAILED,Bank_C,E23,P014,CARD
E00414,C0542,9819.81,CHECKOUT_ABANDONED,Bank_A,E42,P014,NETBANKING
E00415,C0614,1165.79,INVOICE_OVERDUE,Bank_A,E42,P016,UPI
E00416,C0284,17633.23,CHECKOUT_ABANDONED,Bank_C,E23,P020,UPI
E00417,C0633,15891.83,SUBSCRIPTION_FAILED,Bank_C,E11,P019,NETBANKING
E00418,C0936,13747.11,PAYMENT_FAILED,Bank_A,E42,P017,CARD
E00419,C0203,7881.0,INVOICE_OVERDUE,Bank_A,E42,P003,UPI
E00420,C0988,2080.04,INVOICE_OVERDUE,Bank_B,E11,P008,CARD
E00421,C0255,24731.19,PAYMENT_FAILED,Bank_B,E17,P016,UPI
E00422,C0576,14778.77,INVOICE_OVERDUE,Bank_D,E17,P014,CARD
E00423,C0963,20868.65,INVOICE_OVERDUE,Bank_A,E11,P012,UPI
E00424,C0977,16895.41,PAYMENT_FAILED,Bank_A,E11,P002,WALLET
E00425,C0332,11045.47,SUBSCRIPTION_FAILED,Bank_D,E11,P012,CARD
E00426,C0406,4538.2,CHECKOUT_ABANDONED,Bank_A,E23,P008,UPI
E00427,C0823,16170.34,PAYMENT_FAILED,Bank_A,E42,P007,WALLET
E00428,C0492,24283.77,PAYMENT_FAILED,Bank_B,E42,P002,WALLET
E00429,C0934,7089.49,PAYMENT_FAILED,Bank_C,E11,P006,CARD
E00430,C0283,15299.76,INVOICE_OVERDUE,Bank_A,E11,P008,NETBANKING
E00431,C0867,12087.8,PAYMENT_FAILED,Bank_A,E11,P008,CARD
E00432,C0701,14976.25,INVOICE_OVERDUE,Bank_A,E42,P006,UPI
E00433,C0865,21176.15,SUBSCRIPTION_FAILED,Bank_B,E42,P007,UPI
E00434,C0382,7690.48,CHECKOUT_ABANDONED,Bank_D,E17,P009,UPI
E00435,C0819,3289.04,PAYMENT_FAILED,Bank_A,E11,P007,NETBANKING
E00436,C0907,1598.91,SUBSCRIPTION_FAILED,Bank_A,E42,P013,NETBANKING
E00437,C0584,18381.58,INVOICE_OVERDUE,Bank_A,E42,P008,UPI
E00438,C0602,7769.83,INVOICE_OVERDUE,Bank_D,E11,P007,WALLET
E00439,C0670,551.54,SUBSCRIPTION_FAILED,Bank_A,E42,P013,NETBANKING
E00440,C0324,6789.01,CHECKOUT_ABANDONED,Bank_C,E42,P001,NETBANKING
E00441,C0084,10764.22,SUBSCRIPTION_FAILED,Bank_A,E23,P017,UPI
E00442,C0959,23572.28,PAYMENT_FAILED,Bank_C,E23,P009,CARD
E00443,C0563,12802.76,CHECKOUT_ABANDONED,Bank_A,E42,P009,UPI
E00444,C0514,3453.68,CHECKOUT_ABANDONED,Bank_C,E42,P006,NETBANKING
E00445,C0268,17524.62,PAYMENT_FAILED,Bank_D,E17,P003,NETBANKING
E00446,C0574,22798.3,CHECKOUT_ABANDONED,Bank_A,E23,P017,NETBANKING
E00447,C0277,2150.92,PAYMENT_FAILED,Bank_C,E42,P011,CARD
E00448,C0634,8004.68,PAYMENT_FAILED,Bank_A,E23,P012,CARD
E00449,C0063,22957.56,INVOICE_OVERDUE,Bank_C,E42,P008,NETBANKING
E00450,C0380,1171.8,PAYMENT_FAILED,Bank_B,E23,P001,WALLET
E00451,C0421,16320.64,PAYMENT_FAILED,Bank_D,E42,P001,UPI
E00452,C0988,16322.65,CHECKOUT_ABANDONED,Bank_C,E11,P003,NETBANKING
E00453,C0806,8124.83,SUBSCRIPTION_FAILED,Bank_C,E17,P005,WALLET
E00454,C0031,14212.37,INVOICE_OVERDUE,Bank_A,E42,P004,UPI
E00455,C0579,24447.58,INVOICE_OVERDUE,Bank_A,E17,P011,UPI
E00456,C0987,23178.11,CHECKOUT_ABANDONED,Bank_A,E42,P010,NETBANKING
E00457,C0938,12452.35,SUBSCRIPTION_FAILED,Bank_A,E42,P005,CARD
E00458,C0646,12113.16,PAYMENT_FAILED,Bank_B,E42,P004,CARD
E00459,C0638,15368.49,PAYMENT_FAILED,Bank_A,E11,P020,UPI
E00460,C0489,24512.67,INVOICE_OVERDUE,Bank_D,E17,P017,UPI
E00461,C0899,21044.46,SUBSCRIPTION_FAILED,Bank_B,E11,P010,CARD
E00462,C0383,12932.44,PAYMENT_FAILED,Bank_C,E17,P012,UPI
E00463,C0959,4548.43,SUBSCRIPTION_FAILED,Bank_C,E42,P003,UPI
E00464,C0099,19668.51,SUBSCRIPTION_FAILED,Bank_C,E42,P018,WALLET
E00465,C0853,5432.15,SUBSCRIPTION_FAILED,Bank_D,E17,P008,WALLET
E00466,C0064,6079.87,CHECKOUT_ABANDONED,Bank_A,E42,P002,NETBANKING
E00467,C0395,3700.98,CHECKOUT_ABANDONED,Bank_A,E42,P007,WALLET
E00468,C0524,21988.72,PAYMENT_FAILED,Bank_D,E42,P006,UPI
E00469,C0864,12343.48,INVOICE_OVERDUE,Bank_B,E42,P006,NETBANKING
E00470,C0216,5478.97,SUBSCRIPTION_FAILED,Bank_D,E17,P015,NETBANKING
E00471,C0949,18280.05,CHECKOUT_ABANDONED,Bank_A,E23,P014,NETBANKING
E00472,C0903,14989.47,SUBSCRIPTION_FAILED,Bank_C,E23,P013,NETBANKING
E00473,C0337,577.61,INVOICE_OVERDUE,Bank_A,E42,P017,UPI
E00474,C0837,6773.17,CHECKOUT_ABANDONED,Bank_C,E23,P013,NETBANKING
E00475,C0022,19183.61,INVOICE_OVERDUE,Bank_C,E23,P011,NETBANKING
E00476,C0204,16289.52,CHECKOUT_ABANDONED,Bank_B,E42,P002,UPI
E00477,C0163,19938.15,PAYMENT_FAILED,Bank_D,E17,P019,CARD
E00478,C0579,556.78,SUBSCRIPTION_FAILED,Bank_A,E42,P001,WALLET
E00479,C0648,638.81,PAYMENT_FAILED,Bank_A,E23,P005,WALLET
E00480,C0703,17650.84,INVOICE_OVERDUE,Bank_C,E11,P008,NETBANKING
E00481,C0991,17341.46,INVOICE_OVERDUE,Bank_B,E17,P006,NETBANKING
E00482,C0992,14637.5,INVOICE_OVERDUE,Bank_C,E17,P002,UPI
E00483,C0657,17202.84,INVOICE_OVERDUE,Bank_C,E17,P002,CARD
E00484,C0013,2286.09,CHECKOUT_ABANDONED,Bank_B,E42,P015,NETBANKING
E00485,C0632,7666.62,INVOICE_OVERDUE,Bank_C,E23,P007,UPI
E00486,C0533,24485.04,CHECKOUT_ABANDONED,Bank_A,E11,P019,UPI
E00487,C0023,22272.15,SUBSCRIPTION_FAILED,Bank_A,E17,P010,CARD
E00488,C0014,17224.12,INVOICE_OVERDUE,Bank_B,E42,P018,WALLET
E00489,C0703,14036.27,SUBSCRIPTION_FAILED,Bank_A,E42,P004,UPI
E00490,C0974,12669.04,INVOICE_OVERDUE,Bank_D,E17,P002,CARD
E00491,C0591,18841.81,PAYMENT_FAILED,Bank_C,E23,P017,CARD
E00492,C0343,17820.92,CHECKOUT_ABANDONED,Bank_A,E42,P018,WALLET
E00493,C0668,2526.53,PAYMENT_FAILED,Bank_A,E42,P011,UPI
E00494,C0452,21730.43,SUBSCRIPTION_FAILED,Bank_C,E11,P004,CARD
E00495,C0568,9744.18,PAYMENT_FAILED,Bank_A,E42,P012,NETBANKING
E00496,C0828,14333.41,CHECKOUT_ABANDONED,Bank_A,E42,P010,NETBANKING
E00497,C0536,4978.78,PAYMENT_FAILED,Bank_A,E23,P012,NETBANKING
E00498,C0852,7089.72,CHECKOUT_ABANDONED,Bank_C,E11,P019,NETBANKING
E00499,C0871,12714.98,PAYMENT_FAILED,Bank_B,E11,P009,NETBANKING
E00500,C0873,19384.13,CHECKOUT_ABANDONED,Bank_A,E42,P007,UPI
E00501,C0528,21333.53,INVOICE_OVERDUE,Bank_A,E11,P009,UPI
E00502,C0621,5785.65,CHECKOUT_ABANDONED,Bank_B,E42,P013,UPI
E00503,C0003,3580.24,SUBSCRIPTION_FAILED,Bank_A,E42,P006,WALLET
E00504,C0356,5380.77,CHECKOUT_ABANDONED,Bank_D,E42,P011,NETBANKING
E00505,C0044,13138.62,CHECKOUT_ABANDONED,Bank_A,E17,P015,UPI
E00506,C0982,8764.97,CHECKOUT_ABANDONED,Bank_A,E11,P017,WALLET
E00507,C0017,10405.1,SUBSCRIPTION_FAILED,Bank_C,E11,P012,CARD
E00508,C0188,24105.73,PAYMENT_FAILED,Bank_A,E23,P006,UPI
E00509,C0604,5885.23,SUBSCRIPTION_FAILED,Bank_D,E42,P012,NETBANKING
E00510,C0674,20275.31,SUBSCRIPTION_FAILED,Bank_B,E23,P005,CARD
E00511,C0954,19441.98,PAYMENT_FAILED,Bank_D,E11,P007,WALLET
E00512,C0484,7845.11,INVOICE_OVERDUE,Bank_D,E42,P013,NETBANKING
E00513,C0225,22514.73,INVOICE_OVERDUE,Bank_C,E11,P008,UPI
E00514,C0157,17898.32,SUBSCRIPTION_FAILED,Bank_D,E42,P002,CARD
E00515,C0516,16955.24,SUBSCRIPTION_FAILED,Bank_C,E42,P008,UPI
E00516,C0143,13839.82,INVOICE_OVERDUE,Bank_D,E42,P009,UPI
E00517,C0025,22453.84,CHECKOUT_ABANDONED,Bank_D,E23,P010,NETBANKING
E00518,C0068,13418.0,PAYMENT_FAILED,Bank_C,E11,P015,NETBANKING
E00519,C0102,23711.18,PAYMENT_FAILED,Bank_C,E11,P015,NETBANKING
E00520,C0596,23299.87,PAYMENT_FAILED,Bank_B,E17,P020,UPI
E00521,C0738,7896.96,CHECKOUT_ABANDONED,Bank_B,E11,P015,WALLET
E00522,C0574,15712.26,PAYMENT_FAILED,Bank_A,E17,P018,CARD
E00523,C0518,14241.42,CHECKOUT_ABANDONED,Bank_A,E23,P008,WALLET
E00524,C0333,24539.22,PAYMENT_FAILED,Bank_D,E11,P018,NETBANKING
E00525,C0867,5324.68,PAYMENT_FAILED,Bank_D,E17,P016,WALLET
E00526,C0357,5868.38,PAYMENT_FAILED,Bank_A,E42,P018,NETBANKING
E00527,C0260,24538.86,CHECKOUT_ABANDONED,Bank_B,E17,P012,NETBANKING
E00528,C0245,24023.32,PAYMENT_FAILED,Bank_A,E17,P016,CARD
E00529,C0352,12184.05,CHECKOUT_ABANDONED,Bank_D,E11,P004,NETBANKING
E00530,C0600,4486.14,PAYMENT_FAILED,Bank_C,E23,P018,CARD
E00531,C0613,721.44,PAYMENT_FAILED,Bank_D,E11,P010,NETBANKING
E00532,C0567,4858.26,INVOICE_OVERDUE,Bank_A,E42,P008,WALLET
E00533,C0876,10367.73,PAYMENT_FAILED,Bank_A,E42,P013,UPI
E00534,C0546,24757.12,INVOICE_OVERDUE,Bank_A,E42,P019,UPI
E00535,C0404,16068.37,PAYMENT_FAILED,Bank_A,E23,P003,NETBANKING
E00536,C0685,15739.97,CHECKOUT_ABANDONED,Bank_C,E17,P020,UPI
E00537,C0769,21258.16,INVOICE_OVERDUE,Bank_A,E42,P013,WALLET
E00538,C0901,18918.42,SUBSCRIPTION_FAILED,Bank_A,E42,P001,UPI
E00539,C0709,23786.25,PAYMENT_FAILED,Bank_D,E11,P011,WALLET
E00540,C0109,21071.66,CHECKOUT_ABANDONED,Bank_C,E42,P007,NETBANKING
E00541,C0132,10776.48,PAYMENT_FAILED,Bank_B,E42,P010,WALLET
E00542,C0368,6755.07,PAYMENT_FAILED,Bank_D,E11,P019,WALLET
E00543,C0890,9426.68,PAYMENT_FAILED,Bank_D,E17,P015,NETBANKING
E00544,C0959,20755.3,INVOICE_OVERDUE,Bank_C,E23,P004,CARD
E00545,C0953,4214.08,INVOICE_OVERDUE,Bank_A,E42,P017,NETBANKING
E00546,C0254,1420.49,PAYMENT_FAILED,Bank_D,E23,P009,UPI
E00547,C0650,1838.54,CHECKOUT_ABANDONED,Bank_D,E17,P008,NETBANKING
E00548,C0691,6145.21,INVOICE_OVERDUE,Bank_A,E11,P015,WALLET
E00549,C0169,16195.57,SUBSCRIPTION_FAILED,Bank_B,E23,P005,UPI
E00550,C0112,20541.66,CHECKOUT_ABANDONED,Bank_A,E42,P019,CARD
E00551,C0551,20263.99,SUBSCRIPTION_FAILED,Bank_D,E23,P016,WALLET
E00552,C0571,16694.85,INVOICE_OVERDUE,Bank_A,E42,P010,CARD
E00553,C0651,14802.43,CHECKOUT_ABANDONED,Bank_B,E23,P010,CARD
E00554,C0635,15987.91,INVOICE_OVERDUE,Bank_D,E42,P005,CARD
E00555,C0489,9547.38,SUBSCRIPTION_FAILED,Bank_A,E42,P002,WALLET
E00556,C0407,23064.37,CHECKOUT_ABANDONED,Bank_C,E23,P007,UPI
E00557,C0073,1771.43,SUBSCRIPTION_FAILED,Bank_A,E17,P013,CARD
E00558,C0561,3412.42,SUBSCRIPTION_FAILED,Bank_D,E11,P012,WALLET
E00559,C0474,8143.61,PAYMENT_FAILED,Bank_C,E42,P015,WALLET
E00560,C0043,893.52,CHECKOUT_ABANDONED,Bank_A,E42,P020,NETBANKING
E00561,C0759,21160.31,CHECKOUT_ABANDONED,Bank_B,E11,P004,WALLET
E00562,C0168,13590.12,PAYMENT_FAILED,Bank_C,E17,P019,UPI
E00563,C0240,3403.06,CHECKOUT_ABANDONED,Bank_C,E42,P003,NETBANKING
E00564,C0095,20315.35,CHECKOUT_ABANDONED,Bank_C,E23,P004,WALLET
E00565,C0840,12787.13,SUBSCRIPTION_FAILED,Bank_D,E17,P007,CARD
E00566,C0179,24556.69,INVOICE_OVERDUE,Bank_C,E17,P018,WALLET
E00567,C0565,984.99,PAYMENT_FAILED,Bank_D,E11,P011,UPI
E00568,C0924,11048.24,PAYMENT_FAILED,Bank_A,E42,P014,UPI
E00569,C0489,2556.03,CHECKOUT_ABANDONED,Bank_C,E11,P019,CARD
E00570,C0289,9845.31,SUBSCRIPTION_FAILED,Bank_B,E17,P013,WALLET
E00571,C0128,19634.4,CHECKOUT_ABANDONED,Bank_C,E23,P020,UPI
E00572,C0218,24519.03,PAYMENT_FAILED,Bank_A,E42,P010,UPI
E00573,C0965,10388.22,INVOICE_OVERDUE,Bank_B,E11,P018,CARD
E00574,C0387,10241.5,PAYMENT_FAILED,Bank_A,E23,P010,CARD
E00575,C0166,13965.35,INVOICE_OVERDUE,Bank_A,E42,P011,NETBANKING
E00576,C0553,2174.19,CHECKOUT_ABANDONED,Bank_A,E23,P020,WALLET
E00577,C0802,7051.35,CHECKOUT_ABANDONED,Bank_C,E23,P003,CARD
E00578,C0326,16965.37,PAYMENT_FAILED,Bank_B,E11,P009,NETBANKING
E00579,C0595,4765.0,PAYMENT_FAILED,Bank_D,E17,P010,UPI
E00580,C0248,663.71,INVOICE_OVERDUE,Bank_B,E23,P004,CARD
E00581,C0068,877.17,PAYMENT_FAILED,Bank_A,E42,P007,UPI
E00582,C0237,10276.37,CHECKOUT_ABANDONED,Bank_C,E11,P014,CARD
E00583,C0370,2996.38,CHECKOUT_ABANDONED,Bank_B,E42,P018,NETBANKING
E00584,C0271,11133.51,PAYMENT_FAILED,Bank_A,E23,P004,UPI
E00585,C0785,14941.62,SUBSCRIPTION_FAILED,Bank_C,E17,P011,UPI
E00586,C0369,2739.09,PAYMENT_FAILED,Bank_B,E42,P015,WALLET
E00587,C0069,5752.96,PAYMENT_FAILED,Bank_D,E23,P011,WALLET
E00588,C0314,18451.97,CHECKOUT_ABANDONED,Bank_C,E11,P001,NETBANKING
E00589,C0550,21043.05,SUBSCRIPTION_FAILED,Bank_B,E42,P019,WALLET
E00590,C0870,10237.48,CHECKOUT_ABANDONED,Bank_A,E42,P001,NETBANKING
E00591,C0721,19383.19,SUBSCRIPTION_FAILED,Bank_B,E42,P009,UPI
E00592,C0865,21697.24,PAYMENT_FAILED,Bank_A,E42,P005,UPI
E00593,C0363,15941.06,CHECKOUT_ABANDONED,Bank_C,E11,P006,CARD
E00594,C0092,23438.88,SUBSCRIPTION_FAILED,Bank_B,E42,P018,CARD
E00595,C0772,1036.88,CHECKOUT_ABANDONED,Bank_D,E23,P007,UPI
E00596,C0823,3082.13,INVOICE_OVERDUE,Bank_A,E42,P003,CARD
E00597,C0925,4407.56,CHECKOUT_ABANDONED,Bank_A,E42,P005,UPI
E00598,C0303,18153.86,SUBSCRIPTION_FAILED,Bank_A,E42,P020,NETBANKING
E00599,C0283,23151.75,INVOICE_OVERDUE,Bank_A,E11,P010,NETBANKING
E00600,C0153,20799.61,CHECKOUT_ABANDONED,Bank_A,E23,P013,NETBANKING
E00601,C0177,8505.19,PAYMENT_FAILED,Bank_C,E42,P010,CARD
E00602,C0006,22637.18,PAYMENT_FAILED,Bank_A,E11,P019,UPI
E00603,C0087,19964.9,CHECKOUT_ABANDONED,Bank_B,E11,P017,WALLET
E00604,C0457,824.65,PAYMENT_FAILED,Bank_C,E17,P015,UPI
E00605,C0919,6125.15,INVOICE_OVERDUE,Bank_D,E17,P013,UPI
E00606,C0018,18443.83,PAYMENT_FAILED,Bank_A,E42,P001,CARD
E00607,C0634,22100.73,CHECKOUT_ABANDONED,Bank_A,E42,P010,NETBANKING
E00608,C0011,5691.41,PAYMENT_FAILED,Bank_A,E42,P014,NETBANKING
E00609,C0382,8724.01,SUBSCRIPTION_FAILED,Bank_B,E23,P008,NETBANKING
E00610,C0195,21850.98,CHECKOUT_ABANDONED,Bank_C,E11,P010,WALLET
E00611,C0141,8525.03,CHECKOUT_ABANDONED,Bank_A,E42,P001,CARD
E00612,C0832,15338.13,INVOICE_OVERDUE,Bank_C,E11,P007,WALLET
E00613,C0305,10100.55,PAYMENT_FAILED,Bank_A,E23,P003,NETBANKING
E00614,C0529,944.04,PAYMENT_FAILED,Bank_C,E11,P011,UPI
E00615,C0416,15896.45,PAYMENT_FAILED,Bank_C,E23,P016,UPI
E00616,C0505,20984.88,INVOICE_OVERDUE,Bank_A,E42,P016,UPI
E00617,C0413,13523.65,PAYMENT_FAILED,Bank_C,E17,P019,NETBANKING
E00618,C0942,827.51,SUBSCRIPTION_FAILED,Bank_A,E23,P008,CARD
E00619,C0518,1528.64,INVOICE_OVERDUE,Bank_D,E17,P012,NETBANKING
E00620,C0049,13866.84,INVOICE_OVERDUE,Bank_D,E23,P013,CARD
E00621,C0221,6172.94,SUBSCRIPTION_FAILED,Bank_A,E17,P010,UPI
E00622,C0059,9627.07,CHECKOUT_ABANDONED,Bank_C,E17,P004,NETBANKING
E00623,C0859,17864.76,SUBSCRIPTION_FAILED,Bank_C,E17,P011,CARD
E00624,C0482,15983.72,INVOICE_OVERDUE,Bank_A,E42,P015,WALLET
E00625,C0368,13926.79,CHECKOUT_ABANDONED,Bank_D,E11,P013,CARD
E00626,C0211,858.39,PAYMENT_FAILED,Bank_B,E42,P012,UPI
E00627,C0925,22315.03,SUBSCRIPTION_FAILED,Bank_D,E11,P017,WALLET
E00628,C0490,19470.42,INVOICE_OVERDUE,Bank_C,E11,P005,UPI
E00629,C0267,10666.79,CHECKOUT_ABANDONED,Bank_B,E42,P016,WALLET
E00630,C0606,5765.36,PAYMENT_FAILED,Bank_A,E42,P012,CARD
E00631,C0178,14824.37,PAYMENT_FAILED,Bank_C,E42,P012,NETBANKING
E00632,C0062,11061.63,INVOICE_OVERDUE,Bank_B,E17,P006,UPI
E00633,C0990,6013.53,CHECKOUT_ABANDONED,Bank_A,E42,P013,WALLET
E00634,C0903,16540.37,PAYMENT_FAILED,Bank_B,E17,P010,NETBANKING
E00635,C0838,19140.86,INVOICE_OVERDUE,Bank_C,E42,P020,CARD
E00636,C0677,5822.16,INVOICE_OVERDUE,Bank_D,E11,P006,UPI
E00637,C0814,15935.98,PAYMENT_FAILED,Bank_C,E23,P018,WALLET
E00638,C0767,13097.93,SUBSCRIPTION_FAILED,Bank_D,E17,P007,WALLET
E00639,C0182,6600.71,INVOICE_OVERDUE,Bank_B,E17,P006,WALLET
E00640,C0480,18830.51,PAYMENT_FAILED,Bank_D,E23,P010,NETBANKING
E00641,C0781,7948.74,SUBSCRIPTION_FAILED,Bank_A,E42,P017,NETBANKING
E00642,C0926,10447.29,SUBSCRIPTION_FAILED,Bank_C,E11,P016,UPI
E00643,C0433,22956.78,CHECKOUT_ABANDONED,Bank_A,E42,P004,WALLET
E00644,C0208,14303.19,CHECKOUT_ABANDONED,Bank_D,E23,P005,UPI
E00645,C0383,24771.64,INVOICE_OVERDUE,Bank_C,E11,P019,NETBANKING
E00646,C0211,6107.45,PAYMENT_FAILED,Bank_A,E23,P011,CARD
E00647,C0563,5685.08,SUBSCRIPTION_FAILED,Bank_D,E11,P012,CARD
E00648,C0014,23528.33,INVOICE_OVERDUE,Bank_A,E17,P011,WALLET
E00649,C0888,21659.21,SUBSCRIPTION_FAILED,Bank_B,E23,P011,UPI
E00650,C0182,17579.83,SUBSCRIPTION_FAILED,Bank_A,E42,P010,CARD
E00651,C0616,10638.77,INVOICE_OVERDUE,Bank_D,E23,P012,CARD
E00652,C0434,23744.24,PAYMENT_FAILED,Bank_C,E11,P020,CARD
E00653,C0296,11612.69,SUBSCRIPTION_FAILED,Bank_C,E23,P020,CARD
E00654,C0973,10346.24,CHECKOUT_ABANDONED,Bank_D,E42,P002,UPI
E00655,C0968,14788.17,CHECKOUT_ABANDONED,Bank_B,E42,P012,WALLET
E00656,C0926,10871.71,PAYMENT_FAILED,Bank_D,E42,P017,WALLET
E00657,C0519,16646.61,CHECKOUT_ABANDONED,Bank_C,E42,P016,UPI
E00658,C0088,18566.94,SUBSCRIPTION_FAILED,Bank_D,E42,P009,NETBANKING
E00659,C0631,15754.45,PAYMENT_FAILED,Bank_A,E17,P008,NETBANKING
E00660,C0309,9013.92,INVOICE_OVERDUE,Bank_B,E17,P012,UPI
E00661,C0523,2585.04,PAYMENT_FAILED,Bank_B,E17,P002,CARD
E00662,C0358,11993.13,SUBSCRIPTION_FAILED,Bank_A,E42,P010,WALLET
E00663,C0808,24639.94,SUBSCRIPTION_FAILED,Bank_A,E42,P008,WALLET
E00664,C0904,8493.22,SUBSCRIPTION_FAILED,Bank_C,E42,P010,NETBANKING
E00665,C0101,2032.84,PAYMENT_FAILED,Bank_D,E11,P004,NETBANKING
E00666,C0471,4295.67,INVOICE_OVERDUE,Bank_B,E23,P002,NETBANKING
E00667,C0192,4321.53,INVOICE_OVERDUE,Bank_D,E17,P006,CARD
E00668,C0828,576.95,SUBSCRIPTION_FAILED,Bank_B,E42,P017,UPI
E00669,C0181,18022.07,PAYMENT_FAILED,Bank_A,E42,P002,UPI
E00670,C0936,16846.7,CHECKOUT_ABANDONED,Bank_A,E42,P017,NETBANKING
E00671,C0849,21082.65,SUBSCRIPTION_FAILED,Bank_C,E23,P009,WALLET
E00672,C0201,12036.25,CHECKOUT_ABANDONED,Bank_C,E11,P012,WALLET
E00673,C0018,21564.97,PAYMENT_FAILED,Bank_D,E23,P016,NETBANKING
E00674,C0909,3587.05,INVOICE_OVERDUE,Bank_C,E11,P013,UPI
E00675,C0858,14693.2,PAYMENT_FAILED,Bank_B,E23,P014,NETBANKING
E00676,C0672,9618.24,INVOICE_OVERDUE,Bank_D,E23,P006,NETBANKING
E00677,C0643,21429.39,CHECKOUT_ABANDONED,Bank_D,E11,P013,CARD
E00678,C0247,14627.04,PAYMENT_FAILED,Bank_A,E42,P008,CARD
E00679,C0768,23502.93,SUBSCRIPTION_FAILED,Bank_B,E42,P012,UPI
E00680,C0345,4790.52,PAYMENT_FAILED,Bank_A,E23,P009,NETBANKING
E00681,C0388,14928.86,SUBSCRIPTION_FAILED,Bank_B,E42,P013,UPI
E00682,C0337,9724.99,INVOICE_OVERDUE,Bank_B,E11,P004,UPI
E00683,C0731,12410.2,INVOICE_OVERDUE,Bank_A,E11,P013,NETBANKING
E00684,C0781,19752.41,CHECKOUT_ABANDONED,Bank_D,E23,P007,UPI
E00685,C0758,15573.71,INVOICE_OVERDUE,Bank_A,E11,P018,NETBANKING
E00686,C0238,9707.22,INVOICE_OVERDUE,Bank_C,E11,P018,UPI
E00687,C0936,8840.08,INVOICE_OVERDUE,Bank_B,E11,P019,WALLET
E00688,C0471,12781.25,INVOICE_OVERDUE,Bank_D,E17,P020,CARD
E00689,C0044,24911.76,CHECKOUT_ABANDONED,Bank_D,E11,P003,NETBANKING
E00690,C0237,11909.22,SUBSCRIPTION_FAILED,Bank_A,E42,P014,UPI
E00691,C0107,17542.8,CHECKOUT_ABANDONED,Bank_D,E23,P008,CARD
E00692,C0481,16462.13,SUBSCRIPTION_FAILED,Bank_C,E23,P008,NETBANKING
E00693,C0192,969.31,CHECKOUT_ABANDONED,Bank_A,E42,P019,CARD
E00694,C0817,8954.55,SUBSCRIPTION_FAILED,Bank_A,E23,P019,CARD
E00695,C0006,15133.66,INVOICE_OVERDUE,Bank_C,E23,P019,WALLET
E00696,C0244,15190.88,SUBSCRIPTION_FAILED,Bank_B,E17,P004,CARD
E00697,C0570,11662.67,CHECKOUT_ABANDONED,Bank_C,E42,P017,UPI
E00698,C0355,8141.05,SUBSCRIPTION_FAILED,Bank_D,E17,P014,WALLET
E00699,C0808,8912.97,CHECKOUT_ABANDONED,Bank_D,E11,P001,NETBANKING
E00700,C0492,23251.45,CHECKOUT_ABANDONED,Bank_A,E42,P009,NETBANKING
E00701,C0749,8864.92,INVOICE_OVERDUE,Bank_D,E23,P002,NETBANKING
E00702,C0916,22666.78,CHECKOUT_ABANDONED,Bank_A,E42,P008,CARD
E00703,C0464,19047.68,SUBSCRIPTION_FAILED,Bank_D,E11,P017,NETBANKING
E00704,C0162,10574.34,INVOICE_OVERDUE,Bank_A,E11,P018,WALLET
E00705,C0129,17430.87,INVOICE_OVERDUE,Bank_D,E23,P002,CARD
E00706,C0726,20858.25,INVOICE_OVERDUE,Bank_A,E11,P001,WALLET
E00707,C0975,3858.69,CHECKOUT_ABANDONED,Bank_A,E42,P014,UPI
E00708,C0875,9200.73,PAYMENT_FAILED,Bank_A,E17,P016,WALLET
E00709,C0739,3093.4,CHECKOUT_ABANDONED,Bank_D,E23,P008,NETBANKING
E00710,C0712,8506.47,CHECKOUT_ABANDONED,Bank_D,E17,P011,UPI
E00711,C0056,11867.55,PAYMENT_FAILED,Bank_B,E11,P013,CARD
E00712,C0360,19695.75,INVOICE_OVERDUE,Bank_A,E23,P019,CARD
E00713,C0891,4726.83,SUBSCRIPTION_FAILED,Bank_D,E42,P008,NETBANKING
E00714,C0457,24597.4,INVOICE_OVERDUE,Bank_A,E17,P007,NETBANKING
E00715,C0564,1733.56,CHECKOUT_ABANDONED,Bank_D,E23,P012,UPI
E00716,C0761,14573.7,SUBSCRIPTION_FAILED,Bank_D,E11,P010,CARD
E00717,C0208,12195.08,CHECKOUT_ABANDONED,Bank_C,E11,P008,CARD
E00718,C0166,4322.88,CHECKOUT_ABANDONED,Bank_A,E17,P017,WALLET
E00719,C0072,4975.47,CHECKOUT_ABANDONED,Bank_B,E23,P015,CARD
E00720,C0675,7930.5,SUBSCRIPTION_FAILED,Bank_A,E11,P006,UPI
E00721,C0815,15241.21,PAYMENT_FAILED,Bank_A,E23,P005,CARD
E00722,C0388,15671.36,INVOICE_OVERDUE,Bank_B,E23,P017,UPI
E00723,C0399,6358.99,INVOICE_OVERDUE,Bank_A,E23,P019,NETBANKING
E00724,C0916,16381.78,PAYMENT_FAILED,Bank_D,E23,P004,NETBANKING
E00725,C0381,8331.48,INVOICE_OVERDUE,Bank_D,E42,P017,NETBANKING
E00726,C0966,18875.7,INVOICE_OVERDUE,Bank_A,E42,P014,UPI
E00727,C0720,14130.04,INVOICE_OVERDUE,Bank_A,E42,P016,CARD
E00728,C0287,22043.59,INVOICE_OVERDUE,Bank_B,E42,P003,CARD
E00729,C0557,23973.89,SUBSCRIPTION_FAILED,Bank_A,E42,P002,WALLET
E00730,C0313,16067.65,SUBSCRIPTION_FAILED,Bank_A,E42,P016,NETBANKING
E00731,C0733,17097.23,CHECKOUT_ABANDONED,Bank_B,E17,P007,WALLET
E00732,C0902,20906.78,SUBSCRIPTION_FAILED,Bank_B,E11,P014,WALLET
E00733,C0783,11127.38,INVOICE_OVERDUE,Bank_C,E17,P008,CARD
E00734,C0376,5772.51,INVOICE_OVERDUE,Bank_A,E42,P003,CARD
E00735,C0849,8446.47,INVOICE_OVERDUE,Bank_A,E42,P009,NETBANKING
E00736,C0193,11294.05,CHECKOUT_ABANDONED,Bank_B,E42,P020,CARD
E00737,C0393,19614.64,SUBSCRIPTION_FAILED,Bank_C,E11,P012,NETBANKING
E00738,C0791,23493.98,SUBSCRIPTION_FAILED,Bank_B,E11,P010,NETBANKING
E00739,C0030,13888.23,INVOICE_OVERDUE,Bank_A,E23,P002,UPI
E00740,C0494,22500.13,CHECKOUT_ABANDONED,Bank_C,E11,P009,UPI
E00741,C0459,2381.78,CHECKOUT_ABANDONED,Bank_D,E42,P011,UPI
E00742,C0894,6980.64,SUBSCRIPTION_FAILED,Bank_A,E42,P002,WALLET
E00743,C0241,1465.1,SUBSCRIPTION_FAILED,Bank_B,E17,P019,CARD
E00744,C0364,776.91,INVOICE_OVERDUE,Bank_C,E17,P011,NETBANKING
E00745,C0999,10243.27,INVOICE_OVERDUE,Bank_B,E42,P002,CARD
E00746,C0703,18910.6,SUBSCRIPTION_FAILED,Bank_C,E23,P015,NETBANKING
E00747,C0555,10557.15,INVOICE_OVERDUE,Bank_D,E42,P017,NETBANKING
E00748,C0090,2645.99,PAYMENT_FAILED,Bank_D,E42,P016,WALLET
E00749,C0663,7539.5,INVOICE_OVERDUE,Bank_A,E23,P016,CARD
E00750,C0797,19097.63,INVOICE_OVERDUE,Bank_A,E42,P003,NETBANKING
E00751,C0021,5798.14,SUBSCRIPTION_FAILED,Bank_B,E42,P005,NETBANKING
E00752,C0164,7070.27,PAYMENT_FAILED,Bank_A,E42,P002,CARD
E00753,C0045,1349.48,CHECKOUT_ABANDONED,Bank_B,E11,P019,NETBANKING
E00754,C0534,6865.79,CHECKOUT_ABANDONED,Bank_C,E17,P020,WALLET
E00755,C0582,10576.95,SUBSCRIPTION_FAILED,Bank_A,E23,P020,NETBANKING
E00756,C0850,20696.59,INVOICE_OVERDUE,Bank_D,E11,P005,WALLET
E00757,C0989,16946.14,CHECKOUT_ABANDONED,Bank_A,E42,P012,CARD
E00758,C0147,24716.31,SUBSCRIPTION_FAILED,Bank_A,E17,P010,CARD
E00759,C0339,21719.49,PAYMENT_FAILED,Bank_C,E11,P002,NETBANKING
E00760,C0864,16801.45,INVOICE_OVERDUE,Bank_B,E17,P016,WALLET
E00761,C0907,7333.98,SUBSCRIPTION_FAILED,Bank_A,E42,P004,NETBANKING
E00762,C0971,12038.28,SUBSCRIPTION_FAILED,Bank_B,E42,P001,NETBANKING
E00763,C0772,15260.51,CHECKOUT_ABANDONED,Bank_A,E42,P012,NETBANKING
E00764,C0195,24113.67,SUBSCRIPTION_FAILED,Bank_D,E17,P012,NETBANKING
E00765,C0898,19262.81,CHECKOUT_ABANDONED,Bank_A,E42,P020,CARD
E00766,C0808,17462.68,CHECKOUT_ABANDONED,Bank_D,E11,P001,UPI
E00767,C0720,1968.61,SUBSCRIPTION_FAILED,Bank_A,E42,P013,CARD
E00768,C0162,18486.71,SUBSCRIPTION_FAILED,Bank_B,E23,P002,WALLET
E00769,C0505,15756.94,PAYMENT_FAILED,Bank_A,E42,P002,WALLET
E00770,C0676,16984.75,PAYMENT_FAILED,Bank_D,E17,P002,NETBANKING
E00771,C0156,22314.42,SUBSCRIPTION_FAILED,Bank_A,E42,P020,UPI
E00772,C0658,2701.98,CHECKOUT_ABANDONED,Bank_A,E17,P014,CARD
E00773,C0685,21364.06,INVOICE_OVERDUE,Bank_D,E17,P004,CARD
E00774,C0096,15334.29,INVOICE_OVERDUE,Bank_D,E11,P001,UPI
E00775,C0877,6714.07,SUBSCRIPTION_FAILED,Bank_B,E17,P016,NETBANKING
E00776,C0991,15039.8,SUBSCRIPTION_FAILED,Bank_A,E42,P014,CARD
E00777,C0711,14136.17,SUBSCRIPTION_FAILED,Bank_A,E11,P014,WALLET
E00778,C0610,23000.74,CHECKOUT_ABANDONED,Bank_A,E11,P005,UPI
E00779,C0847,19605.61,INVOICE_OVERDUE,Bank_A,E42,P011,UPI
E00780,C0950,6734.79,INVOICE_OVERDUE,Bank_C,E11,P008,UPI
E00781,C0511,14051.24,PAYMENT_FAILED,Bank_C,E11,P002,UPI
E00782,C0724,2826.65,INVOICE_OVERDUE,Bank_A,E42,P012,NETBANKING
E00783,C0925,11380.54,CHECKOUT_ABANDONED,Bank_C,E23,P016,NETBANKING
E00784,C0111,8510.06,SUBSCRIPTION_FAILED,Bank_C,E11,P001,UPI
E00785,C0947,8223.37,INVOICE_OVERDUE,Bank_D,E17,P001,NETBANKING
E00786,C0621,17488.84,INVOICE_OVERDUE,Bank_A,E23,P020,UPI
E00787,C0685,18391.11,SUBSCRIPTION_FAILED,Bank_C,E17,P011,UPI
E00788,C0949,11354.33,INVOICE_OVERDUE,Bank_A,E17,P013,CARD
E00789,C0752,24105.26,INVOICE_OVERDUE,Bank_D,E42,P019,CARD
E00790,C0211,2607.79,PAYMENT_FAILED,Bank_A,E42,P016,NETBANKING
E00791,C0666,6226.65,SUBSCRIPTION_FAILED,Bank_C,E23,P010,NETBANKING
E00792,C0942,17388.11,SUBSCRIPTION_FAILED,Bank_B,E23,P020,CARD
E00793,C0443,20343.15,SUBSCRIPTION_FAILED,Bank_D,E11,P020,CARD
E00794,C0921,11921.45,SUBSCRIPTION_FAILED,Bank_C,E23,P012,CARD
E00795,C0046,22827.81,SUBSCRIPTION_FAILED,Bank_D,E23,P016,UPI
E00796,C0630,8618.13,CHECKOUT_ABANDONED,Bank_A,E17,P004,NETBANKING
E00797,C0438,10600.85,CHECKOUT_ABANDONED,Bank_C,E17,P009,NETBANKING
E00798,C0538,24248.38,SUBSCRIPTION_FAILED,Bank_B,E42,P019,UPI
E00799,C0963,12732.92,CHECKOUT_ABANDONED,Bank_B,E23,P016,CARD
E00800,C0217,11576.12,SUBSCRIPTION_FAILED,Bank_A,E11,P019,CARD
E00801,C0506,11707.35,INVOICE_OVERDUE,Bank_C,E11,P006,WALLET
E00802,C0169,3816.21,CHECKOUT_ABANDONED,Bank_B,E23,P010,CARD
E00803,C0820,10335.81,CHECKOUT_ABANDONED,Bank_A,E42,P001,UPI
E00804,C0427,18491.96,INVOICE_OVERDUE,Bank_A,E42,P004,UPI
E00805,C0765,14636.05,PAYMENT_FAILED,Bank_B,E11,P019,WALLET
E00806,C0377,15022.89,SUBSCRIPTION_FAILED,Bank_C,E23,P018,WALLET
E00807,C0031,21813.48,SUBSCRIPTION_FAILED,Bank_A,E42,P004,UPI
E00808,C0489,12012.93,CHECKOUT_ABANDONED,Bank_A,E42,P004,CARD
E00809,C0804,22936.81,INVOICE_OVERDUE,Bank_C,E17,P018,CARD
E00810,C0858,8415.94,PAYMENT_FAILED,Bank_C,E11,P013,CARD
E00811,C0914,12003.21,CHECKOUT_ABANDONED,Bank_D,E42,P005,CARD
E00812,C0862,19755.17,PAYMENT_FAILED,Bank_A,E17,P007,UPI
E00813,C0702,7368.2,PAYMENT_FAILED,Bank_D,E23,P015,CARD
E00814,C0135,3613.86,CHECKOUT_ABANDONED,Bank_A,E42,P011,CARD
E00815,C0607,20966.63,PAYMENT_FAILED,Bank_A,E42,P011,WALLET
E00816,C0022,20094.69,CHECKOUT_ABANDONED,Bank_D,E11,P002,WALLET
E00817,C0567,15164.79,SUBSCRIPTION_FAILED,Bank_B,E11,P016,NETBANKING
E00818,C0433,851.11,INVOICE_OVERDUE,Bank_A,E42,P009,CARD
E00819,C0053,19799.68,SUBSCRIPTION_FAILED,Bank_D,E11,P010,NETBANKING
E00820,C0387,802.36,PAYMENT_FAILED,Bank_C,E23,P019,CARD
E00821,C0294,9935.01,CHECKOUT_ABANDONED,Bank_C,E23,P013,UPI
E00822,C0175,5256.99,SUBSCRIPTION_FAILED,Bank_A,E42,P004,NETBANKING
E00823,C0195,13251.01,SUBSCRIPTION_FAILED,Bank_A,E42,P016,UPI
E00824,C0839,22979.8,PAYMENT_FAILED,Bank_A,E42,P006,CARD
E00825,C0266,11554.23,PAYMENT_FAILED,Bank_D,E11,P011,WALLET
E00826,C0345,23454.73,PAYMENT_FAILED,Bank_A,E42,P017,WALLET
E00827,C0791,4568.83,PAYMENT_FAILED,Bank_D,E17,P011,CARD
E00828,C0555,23237.27,CHECKOUT_ABANDONED,Bank_A,E42,P014,WALLET
E00829,C0056,1857.69,PAYMENT_FAILED,Bank_D,E23,P015,UPI
E00830,C0249,1044.35,PAYMENT_FAILED,Bank_D,E42,P002,WALLET
E00831,C0487,24097.4,INVOICE_OVERDUE,Bank_A,E42,P013,UPI
E00832,C0066,20039.09,CHECKOUT_ABANDONED,Bank_A,E42,P010,NETBANKING
E00833,C0114,2282.01,INVOICE_OVERDUE,Bank_C,E23,P015,UPI
E00834,C0750,6396.43,SUBSCRIPTION_FAILED,Bank_C,E23,P014,CARD
E00835,C0887,10536.99,PAYMENT_FAILED,Bank_D,E11,P019,CARD
E00836,C0915,14669.81,INVOICE_OVERDUE,Bank_A,E42,P020,UPI
E00837,C0483,3929.69,SUBSCRIPTION_FAILED,Bank_A,E17,P008,WALLET
E00838,C0528,24914.89,INVOICE_OVERDUE,Bank_B,E23,P016,NETBANKING
E00839,C0214,18389.25,INVOICE_OVERDUE,Bank_B,E42,P008,UPI
E00840,C0343,7919.33,SUBSCRIPTION_FAILED,Bank_A,E17,P011,NETBANKING
E00841,C0463,9071.43,SUBSCRIPTION_FAILED,Bank_B,E11,P001,UPI
E00842,C0088,6002.76,PAYMENT_FAILED,Bank_A,E42,P019,NETBANKING
E00843,C0347,1561.22,CHECKOUT_ABANDONED,Bank_B,E23,P006,NETBANKING
E00844,C0296,5296.01,SUBSCRIPTION_FAILED,Bank_A,E11,P016,UPI
E00845,C0604,22843.01,PAYMENT_FAILED,Bank_C,E42,P017,WALLET
E00846,C0331,10680.09,CHECKOUT_ABANDONED,Bank_A,E42,P006,CARD
E00847,C0885,3650.61,INVOICE_OVERDUE,Bank_A,E42,P003,UPI
E00848,C0344,9360.35,PAYMENT_FAILED,Bank_B,E42,P013,NETBANKING
E00849,C0126,12615.77,PAYMENT_FAILED,Bank_D,E11,P011,CARD
E00850,C0025,20305.67,SUBSCRIPTION_FAILED,Bank_B,E11,P016,CARD
E00851,C0848,4533.2,SUBSCRIPTION_FAILED,Bank_A,E17,P012,WALLET
E00852,C0021,15054.21,PAYMENT_FAILED,Bank_B,E11,P006,WALLET
E00853,C0542,4709.82,SUBSCRIPTION_FAILED,Bank_C,E23,P020,CARD
E00854,C0516,15318.57,PAYMENT_FAILED,Bank_D,E11,P008,UPI
E00855,C0611,993.38,PAYMENT_FAILED,Bank_B,E42,P020,UPI
E00856,C0605,22204.89,CHECKOUT_ABANDONED,Bank_D,E23,P013,WALLET
E00857,C0067,3756.74,SUBSCRIPTION_FAILED,Bank_B,E11,P016,NETBANKING
E00858,C0485,522.77,PAYMENT_FAILED,Bank_A,E17,P010,UPI
E00859,C0073,6357.13,PAYMENT_FAILED,Bank_A,E42,P020,NETBANKING
E00860,C0832,15699.1,SUBSCRIPTION_FAILED,Bank_D,E42,P007,UPI
E00861,C0735,22214.06,SUBSCRIPTION_FAILED,Bank_B,E17,P018,WALLET
E00862,C0634,24147.64,CHECKOUT_ABANDONED,Bank_A,E11,P007,WALLET
E00863,C0587,4107.06,CHECKOUT_ABANDONED,Bank_B,E23,P020,WALLET
E00864,C0367,7094.46,INVOICE_OVERDUE,Bank_B,E23,P016,WALLET
E00865,C0547,8431.41,PAYMENT_FAILED,Bank_D,E23,P014,UPI
E00866,C0985,8811.4,CHECKOUT_ABANDONED,Bank_D,E23,P016,NETBANKING
E00867,C0500,8265.09,CHECKOUT_ABANDONED,Bank_C,E42,P019,CARD
E00868,C0546,21502.16,SUBSCRIPTION_FAILED,Bank_A,E11,P004,UPI
E00869,C0921,17222.24,CHECKOUT_ABANDONED,Bank_B,E23,P017,CARD
E00870,C0284,7998.16,SUBSCRIPTION_FAILED,Bank_B,E23,P003,NETBANKING
E00871,C0566,2564.26,CHECKOUT_ABANDONED,Bank_B,E23,P007,CARD
E00872,C0059,8166.53,INVOICE_OVERDUE,Bank_C,E42,P007,UPI
E00873,C0708,17104.22,INVOICE_OVERDUE,Bank_A,E23,P003,NETBANKING
E00874,C0731,18077.89,SUBSCRIPTION_FAILED,Bank_A,E42,P016,CARD
E00875,C0885,20992.83,SUBSCRIPTION_FAILED,Bank_C,E11,P001,CARD
E00876,C0739,15305.67,SUBSCRIPTION_FAILED,Bank_A,E11,P016,UPI
E00877,C0116,3082.33,SUBSCRIPTION_FAILED,Bank_C,E42,P014,NETBANKING
E00878,C0024,22042.35,SUBSCRIPTION_FAILED,Bank_A,E23,P020,NETBANKING
E00879,C0582,1656.32,CHECKOUT_ABANDONED,Bank_B,E17,P015,CARD
E00880,C0973,15925.89,SUBSCRIPTION_FAILED,Bank_D,E23,P009,CARD
E00881,C0884,24889.12,INVOICE_OVERDUE,Bank_D,E11,P017,UPI
E00882,C0349,13425.31,INVOICE_OVERDUE,Bank_B,E23,P002,CARD
E00883,C0921,3486.26,SUBSCRIPTION_FAILED,Bank_A,E23,P006,CARD
E00884,C0601,11556.03,PAYMENT_FAILED,Bank_B,E17,P020,UPI
E00885,C0634,20596.21,PAYMENT_FAILED,Bank_B,E23,P017,NETBANKING
E00886,C0935,23305.19,CHECKOUT_ABANDONED,Bank_B,E23,P002,CARD
E00887,C0448,6860.28,PAYMENT_FAILED,Bank_A,E42,P016,NETBANKING
E00888,C0834,21620.87,PAYMENT_FAILED,Bank_D,E11,P009,NETBANKING
E00889,C0157,20644.59,CHECKOUT_ABANDONED,Bank_A,E42,P006,NETBANKING
E00890,C0513,6180.11,PAYMENT_FAILED,Bank_B,E23,P004,WALLET
E00891,C0284,15722.6,SUBSCRIPTION_FAILED,Bank_C,E23,P010,UPI
E00892,C0599,6201.84,CHECKOUT_ABANDONED,Bank_D,E17,P018,CARD
E00893,C0973,20158.84,INVOICE_OVERDUE,Bank_A,E11,P017,UPI
E00894,C0919,21605.42,PAYMENT_FAILED,Bank_A,E17,P019,CARD
E00895,C0146,20297.66,SUBSCRIPTION_FAILED,Bank_B,E42,P010,NETBANKING
E00896,C0817,22219.31,PAYMENT_FAILED,Bank_A,E42,P020,CARD
E00897,C0431,21539.66,CHECKOUT_ABANDONED,Bank_A,E17,P012,CARD
E00898,C0411,22651.32,INVOICE_OVERDUE,Bank_C,E17,P006,WALLET
E00899,C0967,13670.82,INVOICE_OVERDUE,Bank_A,E11,P019,CARD
E00900,C0989,9400.18,SUBSCRIPTION_FAILED,Bank_C,E42,P011,WALLET
E00901,C0543,3116.62,CHECKOUT_ABANDONED,Bank_C,E11,P016,CARD
E00902,C0207,17013.43,CHECKOUT_ABANDONED,Bank_A,E42,P014,WALLET
E00903,C0482,8493.91,SUBSCRIPTION_FAILED,Bank_A,E42,P003,CARD
E00904,C0321,3407.19,PAYMENT_FAILED,Bank_D,E11,P019,UPI
E00905,C0054,11281.74,INVOICE_OVERDUE,Bank_A,E42,P008,CARD
E00906,C0273,12810.41,CHECKOUT_ABANDONED,Bank_A,E42,P007,WALLET
E00907,C0452,9737.82,CHECKOUT_ABANDONED,Bank_D,E23,P014,CARD
E00908,C0125,4605.38,CHECKOUT_ABANDONED,Bank_D,E23,P017,UPI
E00909,C0438,16315.59,PAYMENT_FAILED,Bank_B,E42,P015,UPI
E00910,C0279,10631.15,CHECKOUT_ABANDONED,Bank_C,E17,P013,NETBANKING
E00911,C0621,1555.95,PAYMENT_FAILED,Bank_C,E17,P005,UPI
E00912,C0631,24540.81,INVOICE_OVERDUE,Bank_B,E11,P016,CARD
E00913,C0546,5204.39,SUBSCRIPTION_FAILED,Bank_C,E23,P001,UPI
E00914,C0594,15823.12,CHECKOUT_ABANDONED,Bank_C,E23,P011,NETBANKING
E00915,C0103,16073.31,INVOICE_OVERDUE,Bank_A,E17,P010,NETBANKING
E00916,C0209,9862.03,PAYMENT_FAILED,Bank_B,E42,P001,CARD
E00917,C0056,16248.48,SUBSCRIPTION_FAILED,Bank_C,E17,P016,UPI
E00918,C0494,5500.15,INVOICE_OVERDUE,Bank_A,E42,P018,CARD
E00919,C0601,10621.13,SUBSCRIPTION_FAILED,Bank_A,E42,P001,NETBANKING
E00920,C0041,2633.24,SUBSCRIPTION_FAILED,Bank_A,E42,P013,WALLET
E00921,C0825,6174.18,PAYMENT_FAILED,Bank_D,E11,P002,WALLET
E00922,C0273,8899.55,PAYMENT_FAILED,Bank_B,E42,P018,WALLET
E00923,C0695,13893.59,PAYMENT_FAILED,Bank_B,E23,P010,UPI
E00924,C0082,22953.98,INVOICE_OVERDUE,Bank_B,E42,P017,UPI
E00925,C0404,23825.53,INVOICE_OVERDUE,Bank_A,E42,P015,NETBANKING
E00926,C0997,11893.39,SUBSCRIPTION_FAILED,Bank_A,E23,P019,CARD
E00927,C0433,6912.9,CHECKOUT_ABANDONED,Bank_A,E17,P018,WALLET
E00928,C0929,14062.18,CHECKOUT_ABANDONED,Bank_B,E11,P012,UPI
E00929,C0355,21287.56,PAYMENT_FAILED,Bank_C,E23,P008,WALLET
E00930,C0912,18669.87,CHECKOUT_ABANDONED,Bank_A,E42,P001,UPI
E00931,C0157,11533.58,INVOICE_OVERDUE,Bank_B,E42,P007,WALLET
E00932,C0811,18859.55,SUBSCRIPTION_FAILED,Bank_D,E42,P014,NETBANKING
E00933,C0436,5792.77,INVOICE_OVERDUE,Bank_A,E11,P004,UPI
E00934,C0140,12139.96,INVOICE_OVERDUE,Bank_B,E17,P012,UPI
E00935,C0661,16834.92,CHECKOUT_ABANDONED,Bank_A,E42,P016,WALLET
E00936,C0791,6437.67,SUBSCRIPTION_FAILED,Bank_A,E42,P017,CARD
E00937,C0899,18338.85,INVOICE_OVERDUE,Bank_B,E42,P012,WALLET
E00938,C0556,8080.61,INVOICE_OVERDUE,Bank_D,E17,P014,CARD
E00939,C0123,8532.15,CHECKOUT_ABANDONED,Bank_D,E17,P019,WALLET
E00940,C0565,5571.34,CHECKOUT_ABANDONED,Bank_D,E23,P011,UPI
E00941,C0387,7215.95,SUBSCRIPTION_FAILED,Bank_C,E11,P005,NETBANKING
E00942,C0529,5313.93,SUBSCRIPTION_FAILED,Bank_A,E23,P008,UPI
E00943,C0547,16839.72,CHECKOUT_ABANDONED,Bank_B,E42,P014,NETBANKING
E00944,C0546,2771.51,INVOICE_OVERDUE,Bank_D,E17,P009,CARD
E00945,C0769,20383.51,CHECKOUT_ABANDONED,Bank_A,E23,P012,NETBANKING
E00946,C0121,17938.56,CHECKOUT_ABANDONED,Bank_A,E17,P004,CARD
E00947,C0774,18167.74,PAYMENT_FAILED,Bank_B,E42,P008,UPI
E00948,C0002,6596.07,SUBSCRIPTION_FAILED,Bank_C,E11,P008,CARD
E00949,C0112,20422.12,CHECKOUT_ABANDONED,Bank_A,E42,P008,WALLET
E00950,C0754,21472.03,CHECKOUT_ABANDONED,Bank_A,E42,P012,CARD
E00951,C0129,12808.11,SUBSCRIPTION_FAILED,Bank_A,E42,P006,CARD
E00952,C0446,21379.2,INVOICE_OVERDUE,Bank_D,E17,P006,UPI
E00953,C0712,2592.37,SUBSCRIPTION_FAILED,Bank_B,E42,P006,UPI
E00954,C0952,11014.16,PAYMENT_FAILED,Bank_C,E42,P020,WALLET
E00955,C0180,12870.33,CHECKOUT_ABANDONED,Bank_B,E23,P010,WALLET
E00956,C0180,1393.3,SUBSCRIPTION_FAILED,Bank_A,E23,P008,CARD
E00957,C0213,11228.55,SUBSCRIPTION_FAILED,Bank_A,E42,P002,CARD
E00958,C0882,11502.42,INVOICE_OVERDUE,Bank_A,E17,P018,CARD
E00959,C0906,9486.56,CHECKOUT_ABANDONED,Bank_D,E11,P020,UPI
E00960,C0525,13157.38,INVOICE_OVERDUE,Bank_B,E17,P008,UPI
E00961,C0954,7606.08,PAYMENT_FAILED,Bank_A,E42,P016,UPI
E00962,C0057,12398.04,PAYMENT_FAILED,Bank_A,E42,P016,UPI
E00963,C0090,8910.25,SUBSCRIPTION_FAILED,Bank_A,E42,P008,NETBANKING
E00964,C0668,892.69,CHECKOUT_ABANDONED,Bank_C,E42,P018,UPI
E00965,C0282,17236.3,SUBSCRIPTION_FAILED,Bank_A,E42,P012,WALLET
E00966,C0997,10457.21,PAYMENT_FAILED,Bank_A,E42,P013,UPI
E00967,C0178,3716.56,PAYMENT_FAILED,Bank_D,E11,P015,CARD
E00968,C0255,17071.76,INVOICE_OVERDUE,Bank_A,E42,P015,WALLET
E00969,C0026,6031.84,INVOICE_OVERDUE,Bank_B,E11,P005,NETBANKING
E00970,C0487,11349.32,PAYMENT_FAILED,Bank_A,E42,P008,UPI
E00971,C0616,24652.19,PAYMENT_FAILED,Bank_A,E42,P016,NETBANKING
E00972,C0256,9862.26,INVOICE_OVERDUE,Bank_A,E42,P016,UPI
E00973,C0284,16046.63,CHECKOUT_ABANDONED,Bank_D,E11,P003,UPI
E00974,C0368,23562.69,SUBSCRIPTION_FAILED,Bank_B,E11,P014,NETBANKING
E00975,C0105,5771.31,PAYMENT_FAILED,Bank_D,E11,P008,UPI
E00976,C0399,6271.91,PAYMENT_FAILED,Bank_B,E23,P005,UPI
E00977,C0863,23886.57,INVOICE_OVERDUE,Bank_C,E17,P018,WALLET
E00978,C0101,6355.86,INVOICE_OVERDUE,Bank_A,E23,P003,UPI
E00979,C0633,13793.05,SUBSCRIPTION_FAILED,Bank_B,E23,P002,UPI
E00980,C0207,11392.05,SUBSCRIPTION_FAILED,Bank_A,E42,P010,WALLET
E00981,C0864,9549.18,CHECKOUT_ABANDONED,Bank_A,E17,P017,WALLET
E00982,C0935,22166.41,CHECKOUT_ABANDONED,Bank_D,E23,P017,CARD
E00983,C0836,7416.69,PAYMENT_FAILED,Bank_A,E42,P007,NETBANKING
E00984,C0239,20036.16,SUBSCRIPTION_FAILED,Bank_D,E42,P015,WALLET
E00985,C0380,22793.29,SUBSCRIPTION_FAILED,Bank_C,E17,P016,UPI
E00986,C0478,23502.49,INVOICE_OVERDUE,Bank_C,E23,P012,CARD
E00987,C0754,21659.21,CHECKOUT_ABANDONED,Bank_B,E11,P017,WALLET
E00988,C0698,21913.33,SUBSCRIPTION_FAILED,Bank_D,E42,P020,NETBANKING
E00989,C0037,7626.48,PAYMENT_FAILED,Bank_D,E11,P013,NETBANKING
E00990,C0468,13073.15,CHECKOUT_ABANDONED,Bank_B,E17,P020,NETBANKING
E00991,C0507,2344.89,INVOICE_OVERDUE,Bank_C,E11,P002,CARD
E00992,C0231,8566.15,CHECKOUT_ABANDONED,Bank_B,E42,P005,CARD
E00993,C0405,17787.57,INVOICE_OVERDUE,Bank_B,E23,P008,UPI
E00994,C0049,19263.78,PAYMENT_FAILED,Bank_C,E17,P009,UPI
E00995,C0296,10653.01,SUBSCRIPTION_FAILED,Bank_A,E42,P006,NETBANKING
E00996,C0609,3242.4,PAYMENT_FAILED,Bank_D,E17,P011,UPI
E00997,C0897,22241.9,SUBSCRIPTION_FAILED,Bank_D,E17,P007,CARD
E00998,C0983,24070.43,INVOICE_OVERDUE,Bank_D,E23,P020,WALLET
E00999,C0530,3998.95,PAYMENT_FAILED,Bank_A,E42,P015,CARD
E01000,C0387,24970.43,PAYMENT_FAILED,Bank_C,E42,P010,UPI
E01001,C0998,11269.29,PAYMENT_FAILED,Bank_A,E42,P013,NETBANKING
E01002,C0951,7928.88,CHECKOUT_ABANDONED,Bank_D,E11,P016,NETBANKING
E01003,C0849,22785.09,PAYMENT_FAILED,Bank_A,E11,P002,NETBANKING
E01004,C0315,15449.8,SUBSCRIPTION_FAILED,Bank_A,E42,P020,UPI
E01005,C0019,17364.29,SUBSCRIPTION_FAILED,Bank_C,E17,P017,UPI
E01006,C0551,6299.52,SUBSCRIPTION_FAILED,Bank_A,E42,P004,WALLET
E01007,C0196,1914.66,PAYMENT_FAILED,Bank_B,E11,P009,WALLET
E01008,C0723,2718.71,CHECKOUT_ABANDONED,Bank_B,E11,P012,CARD
E01009,C0641,834.71,SUBSCRIPTION_FAILED,Bank_D,E23,P015,WALLET
E01010,C0419,8728.17,INVOICE_OVERDUE,Bank_C,E42,P019,UPI
E01011,C0522,18889.66,PAYMENT_FAILED,Bank_A,E42,P015,NETBANKING
E01012,C0880,13065.14,INVOICE_OVERDUE,Bank_B,E23,P014,WALLET
E01013,C0082,21876.74,SUBSCRIPTION_FAILED,Bank_B,E23,P012,WALLET
E01014,C0508,10024.83,SUBSCRIPTION_FAILED,Bank_B,E17,P006,NETBANKING
E01015,C0179,3548.34,CHECKOUT_ABANDONED,Bank_C,E11,P003,CARD
E01016,C0960,21017.52,INVOICE_OVERDUE,Bank_D,E17,P012,CARD
E01017,C0893,3428.51,SUBSCRIPTION_FAILED,Bank_A,E42,P006,NETBANKING
E01018,C0351,18808.79,PAYMENT_FAILED,Bank_D,E11,P012,CARD
E01019,C0871,19214.48,CHECKOUT_ABANDONED,Bank_B,E17,P018,CARD
E01020,C0327,19765.13,CHECKOUT_ABANDONED,Bank_B,E42,P009,NETBANKING
E01021,C0710,17083.37,SUBSCRIPTION_FAILED,Bank_C,E23,P018,CARD
E01022,C0078,21119.74,CHECKOUT_ABANDONED,Bank_C,E17,P006,CARD
E01023,C0074,3777.56,SUBSCRIPTION_FAILED,Bank_A,E42,P019,NETBANKING
E01024,C0376,15695.75,PAYMENT_FAILED,Bank_A,E42,P002,WALLET
E01025,C0325,5731.8,INVOICE_OVERDUE,Bank_D,E11,P010,UPI
E01026,C0152,21722.56,INVOICE_OVERDUE,Bank_C,E11,P003,NETBANKING
E01027,C0479,8264.15,INVOICE_OVERDUE,Bank_A,E42,P012,UPI
E01028,C0262,808.61,CHECKOUT_ABANDONED,Bank_D,E17,P017,WALLET
E01029,C0589,24827.11,PAYMENT_FAILED,Bank_C,E11,P020,CARD
E01030,C0107,11382.51,CHECKOUT_ABANDONED,Bank_C,E23,P003,NETBANKING
E01031,C0551,17476.55,PAYMENT_FAILED,Bank_A,E42,P013,UPI
E01032,C0353,22919.91,PAYMENT_FAILED,Bank_A,E42,P008,CARD
E01033,C0730,6887.36,SUBSCRIPTION_FAILED,Bank_A,E23,P011,CARD
E01034,C0579,18004.26,CHECKOUT_ABANDONED,Bank_D,E17,P008,NETBANKING
E01035,C0447,23276.42,CHECKOUT_ABANDONED,Bank_A,E42,P020,UPI
E01036,C0657,3765.46,INVOICE_OVERDUE,Bank_A,E42,P013,NETBANKING
E01037,C0642,19508.99,CHECKOUT_ABANDONED,Bank_C,E23,P020,UPI
E01038,C0052,14645.16,INVOICE_OVERDUE,Bank_A,E11,P001,CARD
E01039,C0373,16154.59,CHECKOUT_ABANDONED,Bank_A,E23,P005,CARD
E01040,C0688,3768.7,SUBSCRIPTION_FAILED,Bank_D,E17,P012,CARD
E01041,C0668,4065.13,CHECKOUT_ABANDONED,Bank_D,E17,P002,CARD
E01042,C0181,16414.12,PAYMENT_FAILED,Bank_D,E23,P007,UPI
E01043,C0923,3253.73,CHECKOUT_ABANDONED,Bank_A,E23,P007,CARD
E01044,C0738,23603.08,PAYMENT_FAILED,Bank_C,E17,P015,WALLET
E01045,C0182,23342.53,PAYMENT_FAILED,Bank_C,E23,P019,NETBANKING
E01046,C0523,15270.88,INVOICE_OVERDUE,Bank_C,E42,P001,CARD
E01047,C0102,10493.45,PAYMENT_FAILED,Bank_A,E42,P014,CARD
E01048,C0447,22043.45,CHECKOUT_ABANDONED,Bank_C,E23,P003,NETBANKING
E01049,C0596,18918.97,PAYMENT_FAILED,Bank_C,E11,P003,NETBANKING
E01050,C0970,15021.05,INVOICE_OVERDUE,Bank_B,E17,P005,UPI
E01051,C0114,23698.56,PAYMENT_FAILED,Bank_D,E17,P012,WALLET
E01052,C0387,22889.97,CHECKOUT_ABANDONED,Bank_A,E23,P010,UPI
E01053,C0255,17638.59,PAYMENT_FAILED,Bank_A,E11,P012,CARD
E01054,C0656,3011.97,SUBSCRIPTION_FAILED,Bank_B,E23,P005,NETBANKING
E01055,C0747,24585.09,INVOICE_OVERDUE,Bank_C,E11,P002,CARD
E01056,C0174,10821.87,CHECKOUT_ABANDONED,Bank_B,E17,P011,WALLET
E01057,C0200,8680.61,INVOICE_OVERDUE,Bank_A,E23,P019,CARD
E01058,C0302,13093.57,INVOICE_OVERDUE,Bank_D,E42,P018,UPI
E01059,C0797,19037.84,CHECKOUT_ABANDONED,Bank_A,E42,P016,WALLET
E01060,C0425,23721.0,CHECKOUT_ABANDONED,Bank_A,E42,P008,UPI
E01061,C0373,5469.9,CHECKOUT_ABANDONED,Bank_D,E42,P001,UPI
E01062,C0541,24180.69,INVOICE_OVERDUE,Bank_C,E23,P019,UPI
E01063,C0554,17330.07,SUBSCRIPTION_FAILED,Bank_D,E42,P007,CARD
E01064,C0073,7992.43,CHECKOUT_ABANDONED,Bank_C,E17,P001,NETBANKING
E01065,C0006,8549.98,CHECKOUT_ABANDONED,Bank_D,E11,P006,UPI
E01066,C0662,20325.27,SUBSCRIPTION_FAILED,Bank_B,E17,P005,WALLET
E01067,C0763,969.61,PAYMENT_FAILED,Bank_A,E42,P001,UPI
E01068,C0823,19828.71,SUBSCRIPTION_FAILED,Bank_B,E11,P011,WALLET
E01069,C0536,12347.58,CHECKOUT_ABANDONED,Bank_D,E11,P010,NETBANKING
E01070,C0977,4092.06,INVOICE_OVERDUE,Bank_D,E42,P019,CARD
E01071,C0847,15045.27,CHECKOUT_ABANDONED,Bank_C,E11,P019,WALLET
E01072,C0482,556.92,CHECKOUT_ABANDONED,Bank_C,E11,P007,UPI
E01073,C0716,11716.22,SUBSCRIPTION_FAILED,Bank_C,E23,P007,UPI
E01074,C0895,5537.73,SUBSCRIPTION_FAILED,Bank_A,E42,P007,WALLET
E01075,C0333,5160.58,INVOICE_OVERDUE,Bank_A,E42,P001,WALLET
E01076,C0439,8724.22,CHECKOUT_ABANDONED,Bank_D,E17,P016,CARD
E01077,C0619,3692.85,SUBSCRIPTION_FAILED,Bank_A,E42,P013,WALLET
E01078,C0181,23131.42,INVOICE_OVERDUE,Bank_A,E42,P018,CARD
E01079,C0384,17089.54,CHECKOUT_ABANDONED,Bank_A,E42,P012,NETBANKING
E01080,C0336,11661.39,CHECKOUT_ABANDONED,Bank_A,E17,P019,UPI
E01081,C0238,17448.55,CHECKOUT_ABANDONED,Bank_A,E11,P014,NETBANKING
E01082,C0980,6468.56,CHECKOUT_ABANDONED,Bank_B,E23,P002,NETBANKING
E01083,C0140,9879.42,CHECKOUT_ABANDONED,Bank_C,E11,P007,CARD
E01084,C0032,2909.45,PAYMENT_FAILED,Bank_A,E42,P010,NETBANKING
E01085,C0996,15790.78,PAYMENT_FAILED,Bank_A,E17,P004,CARD
E01086,C0921,4482.75,PAYMENT_FAILED,Bank_A,E11,P015,CARD
E01087,C0754,7839.13,PAYMENT_FAILED,Bank_A,E23,P017,WALLET
E01088,C0062,10427.33,SUBSCRIPTION_FAILED,Bank_A,E42,P010,WALLET
E01089,C0570,7105.94,CHECKOUT_ABANDONED,Bank_B,E17,P016,UPI
E01090,C0092,16740.06,SUBSCRIPTION_FAILED,Bank_A,E42,P020,UPI
E01091,C0927,3825.77,PAYMENT_FAILED,Bank_A,E42,P013,UPI
E01092,C0204,2953.8,SUBSCRIPTION_FAILED,Bank_A,E17,P003,CARD
E01093,C0515,10286.09,CHECKOUT_ABANDONED,Bank_B,E11,P014,WALLET
E01094,C0471,3874.49,INVOICE_OVERDUE,Bank_A,E42,P009,CARD
E01095,C0047,18323.19,INVOICE_OVERDUE,Bank_A,E42,P002,WALLET
E01096,C0330,2047.99,CHECKOUT_ABANDONED,Bank_B,E11,P011,NETBANKING
E01097,C0886,3631.39,SUBSCRIPTION_FAILED,Bank_A,E42,P003,UPI
E01098,C0811,11085.65,INVOICE_OVERDUE,Bank_A,E17,P017,CARD
E01099,C0986,15935.46,SUBSCRIPTION_FAILED,Bank_D,E17,P018,UPI
E01100,C0699,21901.59,INVOICE_OVERDUE,Bank_D,E17,P018,NETBANKING
E01101,C0879,22108.4,INVOICE_OVERDUE,Bank_D,E17,P009,NETBANKING
E01102,C0896,8912.76,PAYMENT_FAILED,Bank_A,E42,P008,NETBANKING
E01103,C0083,11164.67,CHECKOUT_ABANDONED,Bank_D,E42,P018,CARD
E01104,C0979,11346.0,PAYMENT_FAILED,Bank_D,E11,P001,NETBANKING
E01105,C0645,5663.7,INVOICE_OVERDUE,Bank_A,E42,P010,WALLET
E01106,C0269,6828.36,PAYMENT_FAILED,Bank_A,E17,P001,NETBANKING
E01107,C0794,1865.34,CHECKOUT_ABANDONED,Bank_C,E17,P016,UPI
E01108,C0898,3701.48,PAYMENT_FAILED,Bank_B,E42,P017,CARD
E01109,C0425,15056.34,INVOICE_OVERDUE,Bank_A,E42,P008,WALLET
E01110,C0974,6633.34,PAYMENT_FAILED,Bank_C,E17,P006,CARD
E01111,C0944,22517.36,CHECKOUT_ABANDONED,Bank_A,E42,P007,WALLET
E01112,C0695,4949.97,PAYMENT_FAILED,Bank_A,E11,P009,NETBANKING
E01113,C0034,17905.33,CHECKOUT_ABANDONED,Bank_A,E11,P003,CARD
E01114,C0432,16826.98,SUBSCRIPTION_FAILED,Bank_A,E42,P017,NETBANKING
E01115,C0835,24074.22,INVOICE_OVERDUE,Bank_C,E11,P011,UPI
E01116,C0029,619.28,SUBSCRIPTION_FAILED,Bank_A,E42,P018,WALLET
E01117,C0024,10469.01,PAYMENT_FAILED,Bank_B,E11,P003,CARD
E01118,C0496,21218.23,CHECKOUT_ABANDONED,Bank_C,E17,P015,WALLET
E01119,C0192,22045.13,INVOICE_OVERDUE,Bank_A,E23,P019,CARD
E01120,C0794,20723.28,SUBSCRIPTION_FAILED,Bank_B,E17,P003,CARD
E01121,C0502,3479.33,PAYMENT_FAILED,Bank_A,E42,P018,UPI
E01122,C0362,10308.74,PAYMENT_FAILED,Bank_A,E11,P006,NETBANKING
E01123,C0379,16972.53,PAYMENT_FAILED,Bank_D,E42,P008,CARD
E01124,C0302,5819.03,INVOICE_OVERDUE,Bank_D,E23,P005,UPI
E01125,C0728,4172.78,SUBSCRIPTION_FAILED,Bank_A,E23,P001,NETBANKING
E01126,C0523,13643.52,INVOICE_OVERDUE,Bank_A,E23,P002,WALLET
E01127,C0058,15184.29,SUBSCRIPTION_FAILED,Bank_C,E17,P005,WALLET
E01128,C0660,20544.57,SUBSCRIPTION_FAILED,Bank_A,E42,P018,UPI
E01129,C0323,8424.35,CHECKOUT_ABANDONED,Bank_A,E42,P001,UPI
E01130,C0825,15390.57,INVOICE_OVERDUE,Bank_A,E23,P019,NETBANKING
E01131,C0697,7022.67,CHECKOUT_ABANDONED,Bank_A,E17,P015,CARD
E01132,C0104,5560.09,SUBSCRIPTION_FAILED,Bank_A,E42,P001,WALLET
E01133,C0332,2692.09,INVOICE_OVERDUE,Bank_A,E42,P013,UPI
E01134,C0728,2722.66,INVOICE_OVERDUE,Bank_A,E17,P016,NETBANKING
E01135,C0589,2978.56,SUBSCRIPTION_FAILED,Bank_D,E17,P018,NETBANKING
E01136,C0330,8341.39,CHECKOUT_ABANDONED,Bank_C,E11,P018,UPI
E01137,C0528,3614.21,PAYMENT_FAILED,Bank_A,E42,P003,WALLET
E01138,C0433,3092.01,PAYMENT_FAILED,Bank_A,E42,P001,UPI
E01139,C0398,23781.84,SUBSCRIPTION_FAILED,Bank_C,E11,P020,CARD
E01140,C0446,20233.92,PAYMENT_FAILED,Bank_C,E42,P014,UPI
E01141,C0950,23396.24,PAYMENT_FAILED,Bank_B,E11,P017,NETBANKING
E01142,C0921,13430.17,PAYMENT_FAILED,Bank_C,E42,P004,CARD
E01143,C0445,19571.5,SUBSCRIPTION_FAILED,Bank_A,E23,P017,WALLET
E01144,C0524,14016.95,INVOICE_OVERDUE,Bank_C,E17,P003,UPI
E01145,C0809,6826.56,INVOICE_OVERDUE,Bank_C,E42,P006,WALLET
E01146,C0829,17877.76,PAYMENT_FAILED,Bank_A,E17,P006,NETBANKING
E01147,C0198,14311.56,SUBSCRIPTION_FAILED,Bank_C,E11,P013,CARD
E01148,C0182,5355.81,PAYMENT_FAILED,Bank_A,E17,P007,CARD
E01149,C0618,22694.84,SUBSCRIPTION_FAILED,Bank_C,E42,P017,CARD
E01150,C0703,3530.43,INVOICE_OVERDUE,Bank_A,E42,P020,CARD
E01151,C0320,16643.09,PAYMENT_FAILED,Bank_A,E17,P008,WALLET
E01152,C0867,3284.33,CHECKOUT_ABANDONED,Bank_B,E23,P011,NETBANKING
E01153,C0599,12988.29,SUBSCRIPTION_FAILED,Bank_A,E42,P019,WALLET
E01154,C0626,19029.6,PAYMENT_FAILED,Bank_C,E11,P011,CARD
E01155,C0818,10557.22,INVOICE_OVERDUE,Bank_D,E23,P006,NETBANKING
E01156,C0123,9360.82,INVOICE_OVERDUE,Bank_A,E42,P008,UPI
E01157,C0118,13050.38,CHECKOUT_ABANDONED,Bank_B,E23,P010,NETBANKING
E01158,C0693,13735.32,INVOICE_OVERDUE,Bank_C,E23,P007,CARD
E01159,C0171,18712.15,PAYMENT_FAILED,Bank_C,E23,P015,NETBANKING
E01160,C0818,7878.8,INVOICE_OVERDUE,Bank_A,E42,P013,UPI
E01161,C0419,5515.63,PAYMENT_FAILED,Bank_A,E42,P005,UPI
E01162,C0849,7343.82,SUBSCRIPTION_FAILED,Bank_A,E42,P011,NETBANKING
E01163,C0012,22119.03,SUBSCRIPTION_FAILED,Bank_B,E17,P013,CARD
E01164,C0222,12728.16,PAYMENT_FAILED,Bank_C,E11,P014,WALLET
E01165,C0262,7781.75,CHECKOUT_ABANDONED,Bank_D,E17,P018,WALLET
E01166,C0975,24996.31,CHECKOUT_ABANDONED,Bank_A,E42,P011,CARD
E01167,C0363,2794.01,INVOICE_OVERDUE,Bank_A,E42,P008,WALLET
E01168,C0675,16431.25,SUBSCRIPTION_FAILED,Bank_A,E17,P020,UPI
E01169,C0280,10355.38,CHECKOUT_ABANDONED,Bank_C,E17,P008,CARD
E01170,C0261,9092.39,INVOICE_OVERDUE,Bank_A,E42,P001,UPI
E01171,C0441,9647.15,SUBSCRIPTION_FAILED,Bank_D,E23,P005,CARD
E01172,C0476,9484.69,SUBSCRIPTION_FAILED,Bank_A,E42,P014,UPI
E01173,C0409,9195.81,CHECKOUT_ABANDONED,Bank_D,E17,P007,CARD
E01174,C0250,9902.43,SUBSCRIPTION_FAILED,Bank_C,E42,P020,NETBANKING
E01175,C0919,10071.99,SUBSCRIPTION_FAILED,Bank_C,E42,P007,CARD
E01176,C0210,19044.71,PAYMENT_FAILED,Bank_A,E42,P009,WALLET
E01177,C0403,2610.33,CHECKOUT_ABANDONED,Bank_A,E42,P007,NETBANKING
E01178,C0147,10308.08,CHECKOUT_ABANDONED,Bank_C,E42,P015,CARD
E01179,C0869,13232.28,CHECKOUT_ABANDONED,Bank_B,E23,P009,CARD
E01180,C0763,21657.14,CHECKOUT_ABANDONED,Bank_B,E42,P008,WALLET
E01181,C0349,16778.38,PAYMENT_FAILED,Bank_B,E17,P001,CARD
E01182,C0865,15737.45,PAYMENT_FAILED,Bank_A,E42,P015,CARD
E01183,C0257,12967.69,SUBSCRIPTION_FAILED,Bank_D,E11,P011,WALLET
E01184,C0776,3011.16,PAYMENT_FAILED,Bank_D,E42,P010,CARD
E01185,C0437,23816.71,CHECKOUT_ABANDONED,Bank_C,E23,P020,CARD
E01186,C0994,17702.84,SUBSCRIPTION_FAILED,Bank_D,E17,P014,CARD
E01187,C0302,15964.11,SUBSCRIPTION_FAILED,Bank_D,E23,P006,WALLET
E01188,C0079,9390.21,INVOICE_OVERDUE,Bank_C,E42,P012,NETBANKING
E01189,C0733,18346.35,INVOICE_OVERDUE,Bank_C,E17,P009,UPI
E01190,C0197,8206.82,PAYMENT_FAILED,Bank_A,E11,P010,CARD
E01191,C0239,2379.72,PAYMENT_FAILED,Bank_A,E42,P014,WALLET
E01192,C0906,17223.68,SUBSCRIPTION_FAILED,Bank_A,E11,P017,UPI
E01193,C0218,12963.3,INVOICE_OVERDUE,Bank_A,E42,P014,NETBANKING
E01194,C0798,11787.45,CHECKOUT_ABANDONED,Bank_A,E42,P012,WALLET
E01195,C0708,20700.67,CHECKOUT_ABANDONED,Bank_D,E23,P020,WALLET
E01196,C0093,15108.34,INVOICE_OVERDUE,Bank_A,E42,P007,WALLET
E01197,C0240,23058.89,SUBSCRIPTION_FAILED,Bank_C,E23,P008,UPI
E01198,C0345,5621.92,SUBSCRIPTION_FAILED,Bank_A,E11,P012,UPI
E01199,C0923,14762.55,CHECKOUT_ABANDONED,Bank_C,E11,P015,NETBANKING
E01200,C0713,16768.3,CHECKOUT_ABANDONED,Bank_A,E42,P008,WALLET
E01201,C0621,18093.49,PAYMENT_FAILED,Bank_A,E42,P005,WALLET
E01202,C0857,13486.28,PAYMENT_FAILED,Bank_B,E11,P019,NETBANKING
E01203,C0109,14152.67,INVOICE_OVERDUE,Bank_C,E17,P007,UPI
E01204,C0603,10634.81,INVOICE_OVERDUE,Bank_A,E42,P001,CARD
E01205,C0752,12705.64,CHECKOUT_ABANDONED,Bank_D,E42,P008,NETBANKING
E01206,C0477,22119.81,INVOICE_OVERDUE,Bank_A,E11,P018,WALLET
E01207,C0166,8562.31,INVOICE_OVERDUE,Bank_D,E23,P006,UPI
E01208,C0332,9129.66,SUBSCRIPTION_FAILED,Bank_A,E42,P017,NETBANKING
E01209,C0103,19485.75,INVOICE_OVERDUE,Bank_B,E42,P018,NETBANKING
E01210,C0226,3863.93,SUBSCRIPTION_FAILED,Bank_B,E42,P006,WALLET
E01211,C0857,9987.53,CHECKOUT_ABANDONED,Bank_B,E11,P020,CARD
E01212,C0604,13122.21,PAYMENT_FAILED,Bank_B,E42,P006,NETBANKING
E01213,C0976,3590.37,CHECKOUT_ABANDONED,Bank_A,E42,P014,CARD
E01214,C0293,5356.05,SUBSCRIPTION_FAILED,Bank_C,E42,P018,CARD
E01215,C0940,7560.03,SUBSCRIPTION_FAILED,Bank_D,E11,P002,CARD
E01216,C0824,12729.66,CHECKOUT_ABANDONED,Bank_A,E17,P007,CARD
E01217,C0113,17287.44,CHECKOUT_ABANDONED,Bank_C,E23,P012,WALLET
E01218,C0512,12425.4,CHECKOUT_ABANDONED,Bank_A,E23,P018,UPI
E01219,C0703,23691.67,SUBSCRIPTION_FAILED,Bank_C,E17,P010,NETBANKING
E01220,C0996,16423.83,CHECKOUT_ABANDONED,Bank_A,E42,P005,UPI
E01221,C0323,18325.29,PAYMENT_FAILED,Bank_B,E42,P018,UPI
E01222,C0240,3253.46,CHECKOUT_ABANDONED,Bank_C,E23,P018,WALLET
E01223,C0749,7285.39,PAYMENT_FAILED,Bank_C,E42,P010,NETBANKING
E01224,C0628,11370.69,INVOICE_OVERDUE,Bank_A,E11,P007,NETBANKING
E01225,C0890,2461.55,SUBSCRIPTION_FAILED,Bank_A,E42,P011,UPI
E01226,C0653,14210.61,INVOICE_OVERDUE,Bank_C,E42,P019,CARD
E01227,C0455,21215.01,PAYMENT_FAILED,Bank_D,E42,P011,NETBANKING
E01228,C0527,18315.49,SUBSCRIPTION_FAILED,Bank_B,E11,P011,CARD
E01229,C0423,24014.7,CHECKOUT_ABANDONED,Bank_C,E11,P013,UPI
E01230,C0904,2460.45,SUBSCRIPTION_FAILED,Bank_D,E42,P013,UPI
E01231,C0538,8489.6,INVOICE_OVERDUE,Bank_B,E23,P007,UPI
E01232,C0706,2002.92,PAYMENT_FAILED,Bank_A,E42,P019,WALLET
E01233,C0798,8741.65,PAYMENT_FAILED,Bank_A,E42,P007,UPI
E01234,C0010,6396.7,SUBSCRIPTION_FAILED,Bank_C,E11,P011,UPI
E01235,C0466,708.14,PAYMENT_FAILED,Bank_A,E42,P009,CARD
E01236,C0997,18995.85,CHECKOUT_ABANDONED,Bank_A,E23,P017,CARD
E01237,C0676,4293.61,CHECKOUT_ABANDONED,Bank_A,E42,P006,WALLET
E01238,C0951,10796.12,SUBSCRIPTION_FAILED,Bank_B,E11,P007,WALLET
E01239,C0144,2408.04,PAYMENT_FAILED,Bank_A,E42,P014,WALLET
E01240,C0473,14438.57,INVOICE_OVERDUE,Bank_A,E42,P019,UPI
E01241,C0558,16894.28,CHECKOUT_ABANDONED,Bank_B,E42,P017,NETBANKING
E01242,C0384,19867.58,PAYMENT_FAILED,Bank_A,E17,P014,WALLET
E01243,C0560,18850.48,PAYMENT_FAILED,Bank_C,E23,P014,WALLET
E01244,C0341,11435.69,PAYMENT_FAILED,Bank_A,E23,P020,WALLET
E01245,C0892,6830.62,CHECKOUT_ABANDONED,Bank_A,E17,P006,WALLET
E01246,C0249,2625.34,SUBSCRIPTION_FAILED,Bank_A,E42,P013,UPI
E01247,C0665,16738.25,CHECKOUT_ABANDONED,Bank_B,E17,P015,CARD
E01248,C0246,10455.98,CHECKOUT_ABANDONED,Bank_D,E42,P003,CARD
E01249,C0779,20291.87,CHECKOUT_ABANDONED,Bank_B,E42,P012,CARD
E01250,C0801,3890.74,INVOICE_OVERDUE,Bank_C,E23,P013,CARD
E01251,C0823,22718.23,PAYMENT_FAILED,Bank_D,E42,P009,CARD
E01252,C0198,15248.54,SUBSCRIPTION_FAILED,Bank_B,E23,P003,WALLET
E01253,C0422,18247.47,INVOICE_OVERDUE,Bank_C,E11,P015,UPI
E01254,C0617,11231.53,CHECKOUT_ABANDONED,Bank_C,E23,P002,WALLET
E01255,C0810,8353.91,SUBSCRIPTION_FAILED,Bank_C,E17,P005,NETBANKING
E01256,C0148,8994.61,SUBSCRIPTION_FAILED,Bank_D,E11,P004,NETBANKING
E01257,C0865,3692.79,PAYMENT_FAILED,Bank_D,E17,P014,WALLET
E01258,C0208,14497.66,SUBSCRIPTION_FAILED,Bank_D,E42,P013,WALLET
E01259,C0497,16558.18,CHECKOUT_ABANDONED,Bank_A,E42,P011,NETBANKING
E01260,C0295,895.05,PAYMENT_FAILED,Bank_A,E11,P010,WALLET
E01261,C0910,19858.22,CHECKOUT_ABANDONED,Bank_C,E42,P012,NETBANKING
E01262,C0371,18651.64,CHECKOUT_ABANDONED,Bank_D,E42,P001,WALLET
E01263,C0743,14494.72,PAYMENT_FAILED,Bank_B,E17,P007,WALLET
E01264,C0585,20540.11,CHECKOUT_ABANDONED,Bank_B,E17,P020,UPI
E01265,C0105,2914.4,PAYMENT_FAILED,Bank_A,E42,P018,WALLET
E01266,C0638,2688.83,CHECKOUT_ABANDONED,Bank_C,E11,P015,NETBANKING
E01267,C0211,2350.41,SUBSCRIPTION_FAILED,Bank_D,E11,P005,UPI
E01268,C0381,923.56,CHECKOUT_ABANDONED,Bank_B,E17,P001,CARD
E01269,C0202,769.83,CHECKOUT_ABANDONED,Bank_D,E42,P004,UPI
E01270,C0856,22269.07,CHECKOUT_ABANDONED,Bank_A,E42,P002,WALLET
E01271,C0999,16162.74,INVOICE_OVERDUE,Bank_C,E11,P010,UPI
E01272,C0441,24824.39,SUBSCRIPTION_FAILED,Bank_A,E42,P005,UPI
E01273,C0919,2618.21,SUBSCRIPTION_FAILED,Bank_A,E42,P012,UPI
E01274,C0060,24980.58,CHECKOUT_ABANDONED,Bank_A,E42,P017,UPI
E01275,C0062,24326.8,SUBSCRIPTION_FAILED,Bank_B,E11,P014,WALLET
E01276,C0597,7537.41,CHECKOUT_ABANDONED,Bank_A,E42,P004,CARD
E01277,C0426,7537.81,SUBSCRIPTION_FAILED,Bank_D,E42,P005,UPI
E01278,C0807,9197.87,SUBSCRIPTION_FAILED,Bank_B,E17,P001,NETBANKING
E01279,C0546,19569.31,CHECKOUT_ABANDONED,Bank_A,E42,P014,WALLET
E01280,C0065,7935.85,CHECKOUT_ABANDONED,Bank_C,E11,P013,UPI
E01281,C0496,24059.48,INVOICE_OVERDUE,Bank_A,E42,P013,NETBANKING
E01282,C0810,3208.31,CHECKOUT_ABANDONED,Bank_B,E11,P003,UPI
E01283,C0520,23968.85,SUBSCRIPTION_FAILED,Bank_A,E42,P013,NETBANKING
E01284,C0020,814.13,SUBSCRIPTION_FAILED,Bank_B,E17,P016,UPI
E01285,C0793,23346.35,INVOICE_OVERDUE,Bank_A,E42,P003,UPI
E01286,C0862,24393.49,CHECKOUT_ABANDONED,Bank_D,E17,P006,CARD
E01287,C0001,3548.64,CHECKOUT_ABANDONED,Bank_B,E42,P008,WALLET
E01288,C0558,23003.78,INVOICE_OVERDUE,Bank_C,E11,P005,CARD
E01289,C0276,4405.17,SUBSCRIPTION_FAILED,Bank_B,E23,P020,UPI
E01290,C0201,2592.51,CHECKOUT_ABANDONED,Bank_B,E17,P014,NETBANKING
E01291,C0846,15175.77,PAYMENT_FAILED,Bank_C,E42,P004,CARD
E01292,C0753,19641.62,SUBSCRIPTION_FAILED,Bank_C,E11,P006,NETBANKING
E01293,C0128,22784.87,PAYMENT_FAILED,Bank_D,E17,P007,CARD
E01294,C0681,2403.95,SUBSCRIPTION_FAILED,Bank_A,E23,P004,NETBANKING
E01295,C0668,14662.77,CHECKOUT_ABANDONED,Bank_A,E17,P013,NETBANKING
E01296,C0456,8835.46,INVOICE_OVERDUE,Bank_A,E42,P009,WALLET
E01297,C0421,17752.3,INVOICE_OVERDUE,Bank_D,E17,P009,UPI
E01298,C0943,21434.15,SUBSCRIPTION_FAILED,Bank_C,E42,P011,CARD
E01299,C0331,12329.94,INVOICE_OVERDUE,Bank_A,E11,P009,NETBANKING
E01300,C0310,12547.58,CHECKOUT_ABANDONED,Bank_D,E23,P008,CARD
E01301,C0019,6128.05,PAYMENT_FAILED,Bank_B,E17,P008,WALLET
E01302,C0465,1782.51,INVOICE_OVERDUE,Bank_C,E23,P004,UPI
E01303,C0677,10693.73,CHECKOUT_ABANDONED,Bank_A,E17,P011,WALLET
E01304,C0004,18998.98,SUBSCRIPTION_FAILED,Bank_A,E42,P012,WALLET
E01305,C0213,1687.37,INVOICE_OVERDUE,Bank_B,E42,P020,WALLET
E01306,C0076,10374.45,PAYMENT_FAILED,Bank_C,E11,P009,UPI
E01307,C0476,2791.24,CHECKOUT_ABANDONED,Bank_B,E17,P019,WALLET
E01308,C0578,14448.7,CHECKOUT_ABANDONED,Bank_A,E11,P010,CARD
E01309,C0368,13673.25,PAYMENT_FAILED,Bank_B,E11,P020,NETBANKING
E01310,C0958,4101.87,CHECKOUT_ABANDONED,Bank_A,E42,P015,WALLET
E01311,C0003,11445.92,SUBSCRIPTION_FAILED,Bank_A,E42,P012,WALLET
E01312,C0958,7673.92,PAYMENT_FAILED,Bank_D,E23,P011,UPI
E01313,C0850,23360.4,SUBSCRIPTION_FAILED,Bank_A,E17,P014,CARD
E01314,C0746,3253.46,SUBSCRIPTION_FAILED,Bank_A,E42,P014,WALLET
E01315,C0157,7666.62,CHECKOUT_ABANDONED,Bank_A,E42,P020,CARD
E01316,C0840,13646.88,CHECKOUT_ABANDONED,Bank_C,E17,P014,UPI
E01317,C0520,1486.89,SUBSCRIPTION_FAILED,Bank_A,E42,P016,CARD
E01318,C0131,9044.65,SUBSCRIPTION_FAILED,Bank_D,E11,P006,CARD
E01319,C0010,11662.83,PAYMENT_FAILED,Bank_B,E23,P017,NETBANKING
E01320,C0133,10103.95,SUBSCRIPTION_FAILED,Bank_C,E11,P007,NETBANKING
E01321,C0887,20979.27,SUBSCRIPTION_FAILED,Bank_A,E23,P012,CARD
E01322,C0922,4585.72,CHECKOUT_ABANDONED,Bank_C,E11,P002,NETBANKING
E01323,C0923,22612.28,PAYMENT_FAILED,Bank_A,E42,P019,WALLET
E01324,C0051,8088.46,PAYMENT_FAILED,Bank_B,E42,P009,UPI
E01325,C0196,18451.15,SUBSCRIPTION_FAILED,Bank_A,E42,P001,WALLET
E01326,C0365,6855.29,CHECKOUT_ABANDONED,Bank_D,E11,P012,NETBANKING
E01327,C0575,4265.26,INVOICE_OVERDUE,Bank_B,E17,P020,UPI
E01328,C0306,940.71,INVOICE_OVERDUE,Bank_A,E23,P003,WALLET
E01329,C0840,12433.52,PAYMENT_FAILED,Bank_B,E11,P005,UPI
E01330,C0434,12516.0,PAYMENT_FAILED,Bank_C,E23,P016,UPI
E01331,C0400,22815.19,CHECKOUT_ABANDONED,Bank_B,E11,P015,CARD
E01332,C0183,3709.86,PAYMENT_FAILED,Bank_D,E17,P015,NETBANKING
E01333,C0497,4981.61,CHECKOUT_ABANDONED,Bank_A,E42,P008,WALLET
E01334,C0321,12840.45,PAYMENT_FAILED,Bank_B,E23,P004,WALLET
E01335,C0215,18588.24,CHECKOUT_ABANDONED,Bank_A,E11,P020,NETBANKING
E01336,C0600,949.78,SUBSCRIPTION_FAILED,Bank_B,E42,P011,NETBANKING
E01337,C0052,2727.92,SUBSCRIPTION_FAILED,Bank_A,E42,P001,UPI
E01338,C0210,20971.51,PAYMENT_FAILED,Bank_B,E23,P015,CARD
E01339,C0940,5434.28,INVOICE_OVERDUE,Bank_B,E42,P010,CARD
E01340,C0522,16770.47,CHECKOUT_ABANDONED,Bank_C,E23,P016,UPI
E01341,C0299,3074.89,SUBSCRIPTION_FAILED,Bank_B,E11,P015,UPI
E01342,C0743,8508.88,INVOICE_OVERDUE,Bank_D,E42,P010,UPI
E01343,C0982,12550.76,PAYMENT_FAILED,Bank_A,E42,P019,CARD
E01344,C0574,7314.52,CHECKOUT_ABANDONED,Bank_A,E42,P018,NETBANKING
E01345,C0359,16946.96,INVOICE_OVERDUE,Bank_B,E17,P010,NETBANKING
E01346,C0698,18538.22,SUBSCRIPTION_FAILED,Bank_A,E42,P003,NETBANKING
E01347,C0889,1636.87,INVOICE_OVERDUE,Bank_D,E23,P003,NETBANKING
E01348,C0800,2390.04,PAYMENT_FAILED,Bank_A,E42,P020,NETBANKING
E01349,C0591,20601.49,CHECKOUT_ABANDONED,Bank_C,E11,P014,NETBANKING
E01350,C0468,7549.1,INVOICE_OVERDUE,Bank_C,E17,P002,CARD
E01351,C0992,11243.45,SUBSCRIPTION_FAILED,Bank_D,E11,P006,CARD
E01352,C0051,20537.34,PAYMENT_FAILED,Bank_D,E11,P019,UPI
E01353,C0238,24066.26,CHECKOUT_ABANDONED,Bank_C,E42,P018,WALLET
E01354,C0573,10534.24,INVOICE_OVERDUE,Bank_A,E11,P004,CARD
E01355,C0433,9808.15,CHECKOUT_ABANDONED,Bank_C,E23,P006,CARD
E01356,C0189,12870.85,CHECKOUT_ABANDONED,Bank_C,E11,P016,NETBANKING
E01357,C0520,19270.85,PAYMENT_FAILED,Bank_D,E11,P006,CARD
E01358,C0334,13200.79,SUBSCRIPTION_FAILED,Bank_C,E17,P017,UPI
E01359,C0287,10462.59,SUBSCRIPTION_FAILED,Bank_A,E23,P020,CARD
E01360,C0296,7046.64,SUBSCRIPTION_FAILED,Bank_B,E11,P006,CARD
E01361,C0244,18010.21,PAYMENT_FAILED,Bank_C,E23,P007,NETBANKING
E01362,C0365,3723.35,PAYMENT_FAILED,Bank_A,E42,P009,CARD
E01363,C0929,14258.82,CHECKOUT_ABANDONED,Bank_B,E42,P007,WALLET
E01364,C0899,12099.16,INVOICE_OVERDUE,Bank_C,E23,P014,CARD
E01365,C0711,22686.76,CHECKOUT_ABANDONED,Bank_B,E42,P004,CARD
E01366,C0959,16879.39,CHECKOUT_ABANDONED,Bank_A,E42,P015,CARD
E01367,C0306,22901.34,PAYMENT_FAILED,Bank_D,E11,P014,CARD
E01368,C0623,1737.43,PAYMENT_FAILED,Bank_C,E17,P016,UPI
E01369,C0198,20516.51,CHECKOUT_ABANDONED,Bank_C,E23,P013,CARD
E01370,C0974,1689.79,SUBSCRIPTION_FAILED,Bank_B,E11,P015,CARD
E01371,C0938,4112.59,CHECKOUT_ABANDONED,Bank_D,E42,P016,CARD
E01372,C0577,19208.28,INVOICE_OVERDUE,Bank_B,E11,P015,UPI
E01373,C0357,22084.6,SUBSCRIPTION_FAILED,Bank_B,E11,P009,CARD
E01374,C0577,23736.42,PAYMENT_FAILED,Bank_D,E42,P012,UPI
E01375,C0672,12573.14,PAYMENT_FAILED,Bank_B,E11,P010,CARD
E01376,C0002,9420.97,SUBSCRIPTION_FAILED,Bank_C,E42,P009,WALLET
E01377,C0844,22249.91,PAYMENT_FAILED,Bank_B,E42,P020,CARD
E01378,C0293,10358.64,INVOICE_OVERDUE,Bank_A,E17,P014,CARD
E01379,C0792,632.26,SUBSCRIPTION_FAILED,Bank_A,E42,P016,CARD
E01380,C0913,6526.99,PAYMENT_FAILED,Bank_D,E42,P015,CARD
E01381,C0219,18584.69,PAYMENT_FAILED,Bank_B,E17,P012,CARD
E01382,C0181,23583.54,SUBSCRIPTION_FAILED,Bank_D,E11,P014,UPI
E01383,C0473,5278.84,SUBSCRIPTION_FAILED,Bank_C,E42,P011,WALLET
E01384,C0493,12488.41,SUBSCRIPTION_FAILED,Bank_A,E42,P011,CARD
E01385,C0115,17812.74,PAYMENT_FAILED,Bank_A,E42,P005,CARD
E01386,C0889,24630.41,INVOICE_OVERDUE,Bank_D,E42,P004,NETBANKING
E01387,C0063,17796.76,CHECKOUT_ABANDONED,Bank_A,E17,P001,WALLET
E01388,C0597,18426.15,PAYMENT_FAILED,Bank_A,E17,P009,UPI
E01389,C0364,17017.58,SUBSCRIPTION_FAILED,Bank_D,E42,P008,NETBANKING
E01390,C0195,2428.09,PAYMENT_FAILED,Bank_A,E11,P020,UPI
E01391,C0854,12795.09,PAYMENT_FAILED,Bank_A,E23,P018,UPI
E01392,C0462,7430.7,SUBSCRIPTION_FAILED,Bank_B,E17,P016,NETBANKING
E01393,C0688,2462.19,INVOICE_OVERDUE,Bank_D,E23,P014,NETBANKING
E01394,C0123,4481.21,INVOICE_OVERDUE,Bank_A,E23,P006,NETBANKING
E01395,C0566,4188.34,SUBSCRIPTION_FAILED,Bank_B,E11,P005,NETBANKING
E01396,C0569,8651.99,CHECKOUT_ABANDONED,Bank_D,E23,P017,NETBANKING
E01397,C0979,13145.3,INVOICE_OVERDUE,Bank_C,E11,P020,CARD
E01398,C0778,2604.8,PAYMENT_FAILED,Bank_C,E11,P008,NETBANKING
E01399,C0693,4137.84,PAYMENT_FAILED,Bank_A,E42,P004,NETBANKING
E01400,C0023,22252.89,SUBSCRIPTION_FAILED,Bank_C,E17,P018,UPI
E01401,C0513,20530.35,SUBSCRIPTION_FAILED,Bank_A,E17,P003,NETBANKING
E01402,C0989,1361.78,PAYMENT_FAILED,Bank_A,E42,P004,UPI
E01403,C0471,19416.19,CHECKOUT_ABANDONED,Bank_A,E42,P009,NETBANKING
E01404,C0041,13642.05,SUBSCRIPTION_FAILED,Bank_A,E23,P003,CARD
E01405,C0451,7622.7,SUBSCRIPTION_FAILED,Bank_A,E11,P001,WALLET
E01406,C0881,21216.0,PAYMENT_FAILED,Bank_C,E17,P014,WALLET
E01407,C0307,20943.51,PAYMENT_FAILED,Bank_A,E17,P006,NETBANKING
E01408,C0031,8057.5,CHECKOUT_ABANDONED,Bank_A,E11,P016,CARD
E01409,C0479,812.75,INVOICE_OVERDUE,Bank_A,E42,P013,NETBANKING
E01410,C0599,11266.9,PAYMENT_FAILED,Bank_D,E17,P013,WALLET
E01411,C0067,24054.73,INVOICE_OVERDUE,Bank_B,E11,P007,WALLET
E01412,C0914,14452.32,SUBSCRIPTION_FAILED,Bank_A,E11,P007,UPI
E01413,C0132,10419.07,INVOICE_OVERDUE,Bank_A,E42,P002,UPI
E01414,C0897,6018.38,CHECKOUT_ABANDONED,Bank_A,E17,P004,NETBANKING
E01415,C0528,5055.37,PAYMENT_FAILED,Bank_B,E11,P013,NETBANKING
E01416,C0500,20604.12,CHECKOUT_ABANDONED,Bank_B,E23,P010,WALLET
E01417,C0649,9549.87,INVOICE_OVERDUE,Bank_A,E23,P010,NETBANKING
E01418,C0481,15510.77,PAYMENT_FAILED,Bank_B,E17,P018,WALLET
E01419,C0659,2573.89,INVOICE_OVERDUE,Bank_B,E23,P015,CARD
E01420,C0384,1397.43,INVOICE_OVERDUE,Bank_D,E42,P020,WALLET
E01421,C0275,21934.98,PAYMENT_FAILED,Bank_A,E11,P014,WALLET
E01422,C0089,11744.76,CHECKOUT_ABANDONED,Bank_B,E11,P006,WALLET
E01423,C0440,14530.73,SUBSCRIPTION_FAILED,Bank_C,E23,P004,WALLET
E01424,C0411,17053.28,PAYMENT_FAILED,Bank_C,E11,P013,WALLET
E01425,C0037,1199.99,INVOICE_OVERDUE,Bank_B,E42,P007,UPI
E01426,C0544,23036.84,SUBSCRIPTION_FAILED,Bank_A,E42,P006,WALLET
E01427,C0545,15746.76,INVOICE_OVERDUE,Bank_A,E42,P010,WALLET
E01428,C0427,23347.13,SUBSCRIPTION_FAILED,Bank_B,E42,P016,NETBANKING
E01429,C0009,18142.49,PAYMENT_FAILED,Bank_D,E23,P009,NETBANKING
E01430,C0637,5941.01,INVOICE_OVERDUE,Bank_A,E11,P001,UPI
E01431,C0786,18260.36,PAYMENT_FAILED,Bank_A,E23,P017,CARD
E01432,C0025,788.61,INVOICE_OVERDUE,Bank_B,E11,P005,NETBANKING
E01433,C0623,8157.32,PAYMENT_FAILED,Bank_B,E17,P018,UPI
E01434,C0425,22081.59,INVOICE_OVERDUE,Bank_D,E23,P007,CARD
E01435,C0662,21094.79,PAYMENT_FAILED,Bank_C,E42,P016,WALLET
E01436,C0345,24294.89,PAYMENT_FAILED,Bank_D,E11,P013,WALLET
E01437,C0377,17420.26,SUBSCRIPTION_FAILED,Bank_D,E11,P018,WALLET
E01438,C0859,3260.5,CHECKOUT_ABANDONED,Bank_A,E17,P004,UPI
E01439,C0835,21027.9,SUBSCRIPTION_FAILED,Bank_A,E42,P007,CARD
E01440,C0473,1085.16,SUBSCRIPTION_FAILED,Bank_A,E42,P013,WALLET
E01441,C0768,4535.58,PAYMENT_FAILED,Bank_A,E42,P017,NETBANKING
E01442,C0888,14999.29,INVOICE_OVERDUE,Bank_A,E11,P018,UPI
E01443,C0465,18934.03,INVOICE_OVERDUE,Bank_A,E42,P012,WALLET
E01444,C0007,16235.82,PAYMENT_FAILED,Bank_C,E11,P005,UPI
E01445,C0213,1270.43,PAYMENT_FAILED,Bank_A,E17,P002,CARD
E01446,C0047,4777.97,PAYMENT_FAILED,Bank_C,E11,P014,WALLET
E01447,C0353,23389.61,CHECKOUT_ABANDONED,Bank_D,E42,P005,UPI
E01448,C0163,13481.95,SUBSCRIPTION_FAILED,Bank_D,E23,P015,WALLET
E01449,C0497,18807.0,CHECKOUT_ABANDONED,Bank_B,E23,P006,WALLET
E01450,C0259,3967.27,PAYMENT_FAILED,Bank_B,E42,P004,NETBANKING
E01451,C0720,21197.4,SUBSCRIPTION_FAILED,Bank_A,E23,P004,UPI
E01452,C0599,1321.87,PAYMENT_FAILED,Bank_A,E42,P014,WALLET
E01453,C0478,659.87,SUBSCRIPTION_FAILED,Bank_D,E23,P019,NETBANKING
E01454,C0814,11210.72,CHECKOUT_ABANDONED,Bank_A,E42,P010,WALLET
E01455,C0365,23096.54,CHECKOUT_ABANDONED,Bank_C,E23,P013,NETBANKING
E01456,C0880,3186.09,INVOICE_OVERDUE,Bank_A,E42,P002,WALLET
E01457,C0107,23375.13,PAYMENT_FAILED,Bank_A,E42,P008,CARD
E01458,C0607,8868.46,CHECKOUT_ABANDONED,Bank_D,E11,P006,UPI
E01459,C0024,14705.94,INVOICE_OVERDUE,Bank_A,E42,P016,WALLET
E01460,C0434,24748.55,INVOICE_OVERDUE,Bank_A,E42,P009,CARD
E01461,C0420,23074.77,CHECKOUT_ABANDONED,Bank_D,E11,P012,UPI
E01462,C0317,6556.55,CHECKOUT_ABANDONED,Bank_C,E42,P014,CARD
E01463,C0527,5312.81,CHECKOUT_ABANDONED,Bank_B,E17,P016,WALLET
E01464,C0529,16655.87,PAYMENT_FAILED,Bank_C,E42,P018,WALLET
E01465,C0830,18116.06,PAYMENT_FAILED,Bank_C,E11,P001,UPI
E01466,C0101,18863.15,SUBSCRIPTION_FAILED,Bank_B,E23,P007,CARD
E01467,C0228,15995.57,CHECKOUT_ABANDONED,Bank_A,E17,P012,WALLET
E01468,C0086,8877.4,SUBSCRIPTION_FAILED,Bank_C,E17,P013,UPI
E01469,C0260,5873.35,PAYMENT_FAILED,Bank_C,E23,P010,NETBANKING
E01470,C0439,23452.91,INVOICE_OVERDUE,Bank_A,E23,P012,NETBANKING
E01471,C0746,11619.78,INVOICE_OVERDUE,Bank_A,E42,P013,NETBANKING
E01472,C0018,6566.62,INVOICE_OVERDUE,Bank_A,E42,P012,NETBANKING
E01473,C0402,15569.74,PAYMENT_FAILED,Bank_A,E23,P001,UPI
E01474,C0935,15797.13,INVOICE_OVERDUE,Bank_A,E23,P011,NETBANKING
E01475,C0874,10590.38,CHECKOUT_ABANDONED,Bank_B,E11,P003,CARD
E01476,C0025,14237.01,INVOICE_OVERDUE,Bank_A,E42,P016,WALLET
E01477,C0703,21975.73,CHECKOUT_ABANDONED,Bank_C,E42,P015,UPI
E01478,C0718,9885.2,INVOICE_OVERDUE,Bank_B,E17,P009,CARD
E01479,C0623,11884.89,SUBSCRIPTION_FAILED,Bank_A,E23,P013,WALLET
E01480,C0676,3402.31,CHECKOUT_ABANDONED,Bank_B,E42,P009,CARD
E01481,C0235,7745.94,INVOICE_OVERDUE,Bank_C,E23,P005,CARD
E01482,C0619,3841.09,INVOICE_OVERDUE,Bank_A,E42,P016,CARD
E01483,C0364,9678.91,CHECKOUT_ABANDONED,Bank_D,E11,P010,CARD
E01484,C0064,15192.76,SUBSCRIPTION_FAILED,Bank_C,E11,P011,NETBANKING
E01485,C0221,21845.98,CHECKOUT_ABANDONED,Bank_C,E11,P018,WALLET
E01486,C0026,10691.75,INVOICE_OVERDUE,Bank_D,E11,P011,CARD
E01487,C0931,12606.86,SUBSCRIPTION_FAILED,Bank_D,E23,P016,NETBANKING
E01488,C0241,14494.74,INVOICE_OVERDUE,Bank_C,E11,P009,NETBANKING
E01489,C0359,12333.79,CHECKOUT_ABANDONED,Bank_D,E11,P006,UPI
E01490,C0307,14637.0,SUBSCRIPTION_FAILED,Bank_A,E42,P019,NETBANKING
E01491,C0600,24806.26,PAYMENT_FAILED,Bank_C,E42,P016,UPI
E01492,C0038,22075.94,INVOICE_OVERDUE,Bank_D,E23,P011,NETBANKING
E01493,C0413,6497.6,PAYMENT_FAILED,Bank_C,E11,P013,NETBANKING
E01494,C0416,17945.76,SUBSCRIPTION_FAILED,Bank_B,E11,P020,NETBANKING
E01495,C0757,3092.11,PAYMENT_FAILED,Bank_A,E42,P015,WALLET
E01496,C0888,8441.31,PAYMENT_FAILED,Bank_B,E42,P015,CARD
E01497,C0966,14838.89,PAYMENT_FAILED,Bank_A,E42,P015,WALLET
E01498,C0433,22580.85,CHECKOUT_ABANDONED,Bank_D,E17,P017,UPI
E01499,C0311,18357.33,INVOICE_OVERDUE,Bank_A,E17,P019,UPI
E01500,C0550,15273.84,CHECKOUT_ABANDONED,Bank_C,E23,P003,CARD
E01501,C0683,24993.66,INVOICE_OVERDUE,Bank_B,E23,P007,WALLET
E01502,C0812,22498.5,INVOICE_OVERDUE,Bank_D,E23,P005,NETBANKING
E01503,C0293,23427.48,CHECKOUT_ABANDONED,Bank_A,E42,P019,UPI
E01504,C0561,22914.02,SUBSCRIPTION_FAILED,Bank_A,E42,P009,UPI
E01505,C0221,5408.33,CHECKOUT_ABANDONED,Bank_A,E23,P003,NETBANKING
E01506,C0191,19659.04,INVOICE_OVERDUE,Bank_D,E42,P003,UPI
E01507,C0661,17328.23,PAYMENT_FAILED,Bank_A,E23,P012,NETBANKING
E01508,C0435,15871.22,CHECKOUT_ABANDONED,Bank_A,E17,P004,NETBANKING
E01509,C0651,7935.66,CHECKOUT_ABANDONED,Bank_A,E42,P017,CARD
E01510,C0514,19035.2,INVOICE_OVERDUE,Bank_C,E42,P002,UPI
E01511,C0128,5920.33,INVOICE_OVERDUE,Bank_A,E11,P008,CARD
E01512,C0714,22405.24,INVOICE_OVERDUE,Bank_B,E17,P003,WALLET
E01513,C0162,18756.05,INVOICE_OVERDUE,Bank_A,E11,P005,WALLET
E01514,C0876,1957.26,CHECKOUT_ABANDONED,Bank_D,E23,P018,NETBANKING
E01515,C0899,21349.59,SUBSCRIPTION_FAILED,Bank_A,E11,P018,WALLET
E01516,C0449,1792.54,INVOICE_OVERDUE,Bank_B,E23,P018,CARD
E01517,C0607,20241.93,CHECKOUT_ABANDONED,Bank_D,E11,P003,UPI
E01518,C0569,3263.52,PAYMENT_FAILED,Bank_C,E17,P012,NETBANKING
E01519,C0133,4988.36,CHECKOUT_ABANDONED,Bank_A,E42,P007,NETBANKING
E01520,C0997,4659.08,SUBSCRIPTION_FAILED,Bank_D,E17,P009,CARD
E01521,C0855,5628.38,PAYMENT_FAILED,Bank_A,E42,P002,NETBANKING
E01522,C0553,8614.6,PAYMENT_FAILED,Bank_B,E17,P002,WALLET
E01523,C0507,23810.34,PAYMENT_FAILED,Bank_C,E17,P017,WALLET
E01524,C0819,11474.62,INVOICE_OVERDUE,Bank_D,E11,P001,NETBANKING
E01525,C0077,6372.87,INVOICE_OVERDUE,Bank_B,E42,P016,WALLET
E01526,C0771,8344.56,SUBSCRIPTION_FAILED,Bank_A,E42,P020,CARD
E01527,C0986,6565.33,PAYMENT_FAILED,Bank_B,E23,P012,CARD
E01528,C0115,15307.33,INVOICE_OVERDUE,Bank_C,E42,P004,CARD
E01529,C0427,7977.76,CHECKOUT_ABANDONED,Bank_B,E17,P010,UPI
E01530,C0403,18412.02,CHECKOUT_ABANDONED,Bank_D,E23,P016,CARD
E01531,C0039,17139.38,PAYMENT_FAILED,Bank_B,E23,P009,WALLET
E01532,C0889,6926.47,PAYMENT_FAILED,Bank_D,E17,P004,NETBANKING
E01533,C0709,24287.17,CHECKOUT_ABANDONED,Bank_A,E42,P020,WALLET
E01534,C0662,24113.53,PAYMENT_FAILED,Bank_A,E42,P010,WALLET
E01535,C0318,1387.08,SUBSCRIPTION_FAILED,Bank_A,E42,P017,UPI
E01536,C0367,19640.8,INVOICE_OVERDUE,Bank_C,E23,P019,CARD
E01537,C0691,3087.16,INVOICE_OVERDUE,Bank_D,E23,P020,NETBANKING
E01538,C0059,17108.43,SUBSCRIPTION_FAILED,Bank_D,E17,P019,CARD
E01539,C0615,9719.64,PAYMENT_FAILED,Bank_A,E11,P019,CARD
E01540,C0282,16446.23,INVOICE_OVERDUE,Bank_C,E11,P008,NETBANKING
E01541,C0993,24568.57,CHECKOUT_ABANDONED,Bank_A,E42,P019,NETBANKING
E01542,C0235,7720.51,SUBSCRIPTION_FAILED,Bank_A,E23,P019,UPI
E01543,C0529,13326.77,PAYMENT_FAILED,Bank_D,E42,P010,NETBANKING
E01544,C0730,3446.15,PAYMENT_FAILED,Bank_A,E17,P017,CARD
E01545,C0080,17380.5,PAYMENT_FAILED,Bank_A,E42,P011,WALLET
E01546,C0202,3217.55,CHECKOUT_ABANDONED,Bank_C,E11,P005,CARD
E01547,C0871,11955.93,SUBSCRIPTION_FAILED,Bank_A,E42,P010,WALLET
E01548,C0012,22504.03,PAYMENT_FAILED,Bank_D,E42,P017,WALLET
E01549,C0917,24477.02,CHECKOUT_ABANDONED,Bank_D,E23,P010,UPI
E01550,C0271,6605.49,SUBSCRIPTION_FAILED,Bank_B,E17,P001,CARD
E01551,C0763,19155.74,SUBSCRIPTION_FAILED,Bank_B,E23,P006,WALLET
E01552,C0256,8444.15,PAYMENT_FAILED,Bank_A,E23,P005,CARD
E01553,C0184,8537.71,PAYMENT_FAILED,Bank_B,E23,P002,UPI
E01554,C0485,5795.33,SUBSCRIPTION_FAILED,Bank_C,E11,P003,NETBANKING
E01555,C0786,24473.4,INVOICE_OVERDUE,Bank_C,E42,P020,WALLET
E01556,C0647,4926.24,INVOICE_OVERDUE,Bank_B,E42,P008,WALLET
E01557,C0176,19080.89,SUBSCRIPTION_FAILED,Bank_A,E42,P012,NETBANKING
E01558,C0233,12263.09,INVOICE_OVERDUE,Bank_C,E42,P007,WALLET
E01559,C0093,3777.14,SUBSCRIPTION_FAILED,Bank_B,E23,P009,WALLET
E01560,C0749,3957.19,SUBSCRIPTION_FAILED,Bank_C,E42,P001,CARD
E01561,C0646,18211.8,INVOICE_OVERDUE,Bank_A,E23,P018,NETBANKING
E01562,C0908,16970.83,CHECKOUT_ABANDONED,Bank_D,E11,P010,WALLET
E01563,C0764,13261.41,PAYMENT_FAILED,Bank_D,E42,P012,CARD
E01564,C0813,5590.38,CHECKOUT_ABANDONED,Bank_D,E17,P007,CARD
E01565,C0257,3555.09,SUBSCRIPTION_FAILED,Bank_A,E42,P012,CARD
E01566,C0343,19943.99,SUBSCRIPTION_FAILED,Bank_C,E42,P010,NETBANKING
E01567,C0252,23671.72,CHECKOUT_ABANDONED,Bank_A,E42,P003,NETBANKING
E01568,C0487,12627.08,SUBSCRIPTION_FAILED,Bank_B,E42,P008,UPI
E01569,C0664,16976.8,SUBSCRIPTION_FAILED,Bank_B,E11,P012,UPI
E01570,C0581,4839.48,CHECKOUT_ABANDONED,Bank_C,E23,P014,UPI
E01571,C0984,7472.6,SUBSCRIPTION_FAILED,Bank_B,E11,P011,UPI
E01572,C0685,4508.79,SUBSCRIPTION_FAILED,Bank_A,E42,P016,NETBANKING
E01573,C0108,20373.48,INVOICE_OVERDUE,Bank_A,E42,P008,NETBANKING
E01574,C0841,1707.2,INVOICE_OVERDUE,Bank_A,E17,P010,WALLET
E01575,C0181,7407.27,SUBSCRIPTION_FAILED,Bank_A,E42,P006,NETBANKING
E01576,C0592,9363.37,PAYMENT_FAILED,Bank_D,E42,P006,UPI
E01577,C0849,24212.63,CHECKOUT_ABANDONED,Bank_A,E42,P014,NETBANKING
E01578,C0697,17386.48,INVOICE_OVERDUE,Bank_A,E11,P015,CARD
E01579,C0920,7295.0,CHECKOUT_ABANDONED,Bank_B,E17,P003,NETBANKING
E01580,C0855,14884.75,PAYMENT_FAILED,Bank_B,E11,P012,UPI
E01581,C0077,17725.8,INVOICE_OVERDUE,Bank_D,E17,P012,NETBANKING
E01582,C0740,24001.27,INVOICE_OVERDUE,Bank_A,E42,P019,UPI
E01583,C0920,11522.86,INVOICE_OVERDUE,Bank_D,E17,P016,NETBANKING
E01584,C0986,14791.66,SUBSCRIPTION_FAILED,Bank_B,E17,P014,NETBANKING
E01585,C0983,6416.9,PAYMENT_FAILED,Bank_B,E23,P012,CARD
E01586,C0727,9081.67,INVOICE_OVERDUE,Bank_D,E23,P020,NETBANKING
E01587,C0736,18774.36,INVOICE_OVERDUE,Bank_D,E23,P005,WALLET
E01588,C0186,10767.65,SUBSCRIPTION_FAILED,Bank_A,E42,P004,WALLET
E01589,C0205,21851.93,INVOICE_OVERDUE,Bank_A,E42,P011,UPI
E01590,C0387,10788.5,INVOICE_OVERDUE,Bank_D,E42,P004,WALLET
E01591,C0757,7116.43,SUBSCRIPTION_FAILED,Bank_D,E23,P013,UPI
E01592,C0942,17383.17,INVOICE_OVERDUE,Bank_B,E11,P014,WALLET
E01593,C0856,17001.16,CHECKOUT_ABANDONED,Bank_A,E42,P017,NETBANKING
E01594,C0697,3969.48,INVOICE_OVERDUE,Bank_A,E11,P003,WALLET
E01595,C0552,17297.28,SUBSCRIPTION_FAILED,Bank_D,E11,P017,CARD
E01596,C0383,2976.67,CHECKOUT_ABANDONED,Bank_C,E11,P015,WALLET
E01597,C0012,7407.45,INVOICE_OVERDUE,Bank_C,E11,P020,UPI
E01598,C0353,2587.41,CHECKOUT_ABANDONED,Bank_C,E11,P007,NETBANKING
E01599,C0015,23230.89,INVOICE_OVERDUE,Bank_A,E42,P004,UPI
E01600,C0462,13089.96,INVOICE_OVERDUE,Bank_A,E23,P012,WALLET
E01601,C0382,23557.82,INVOICE_OVERDUE,Bank_D,E11,P001,WALLET
E01602,C0259,4668.5,PAYMENT_FAILED,Bank_D,E11,P012,NETBANKING
E01603,C0635,16795.44,CHECKOUT_ABANDONED,Bank_A,E42,P006,UPI
E01604,C0341,7554.39,INVOICE_OVERDUE,Bank_D,E17,P019,CARD
E01605,C0560,8323.26,SUBSCRIPTION_FAILED,Bank_C,E17,P018,NETBANKING
E01606,C0119,12483.78,SUBSCRIPTION_FAILED,Bank_A,E42,P005,CARD
E01607,C0516,11380.77,INVOICE_OVERDUE,Bank_B,E42,P008,UPI
E01608,C0293,10461.84,PAYMENT_FAILED,Bank_A,E42,P010,NETBANKING
E01609,C0076,12033.68,PAYMENT_FAILED,Bank_B,E42,P001,WALLET
E01610,C0007,16649.31,INVOICE_OVERDUE,Bank_B,E17,P004,CARD
E01611,C0428,10008.98,SUBSCRIPTION_FAILED,Bank_C,E17,P016,NETBANKING
E01612,C0014,10623.26,PAYMENT_FAILED,Bank_C,E17,P010,WALLET
E01613,C0093,19414.78,INVOICE_OVERDUE,Bank_B,E23,P009,UPI
E01614,C0875,22105.44,PAYMENT_FAILED,Bank_A,E42,P011,NETBANKING
E01615,C0732,11479.94,PAYMENT_FAILED,Bank_D,E11,P016,UPI
E01616,C0242,7377.39,CHECKOUT_ABANDONED,Bank_D,E23,P006,NETBANKING
E01617,C0538,2007.8,PAYMENT_FAILED,Bank_D,E11,P018,NETBANKING
E01618,C0063,11856.92,SUBSCRIPTION_FAILED,Bank_D,E42,P002,UPI
E01619,C0259,21260.2,SUBSCRIPTION_FAILED,Bank_C,E23,P006,WALLET
E01620,C0165,13799.61,PAYMENT_FAILED,Bank_A,E23,P001,UPI
E01621,C0415,10749.89,SUBSCRIPTION_FAILED,Bank_A,E23,P010,WALLET
E01622,C0696,2448.23,SUBSCRIPTION_FAILED,Bank_D,E17,P010,WALLET
E01623,C0314,24832.51,PAYMENT_FAILED,Bank_C,E11,P019,CARD
E01624,C0271,2893.83,CHECKOUT_ABANDONED,Bank_A,E42,P014,UPI
E01625,C0883,12812.42,INVOICE_OVERDUE,Bank_D,E23,P018,WALLET
E01626,C0231,21627.21,PAYMENT_FAILED,Bank_D,E11,P008,NETBANKING
E01627,C0128,1352.58,PAYMENT_FAILED,Bank_B,E17,P013,CARD
E01628,C0655,11697.09,SUBSCRIPTION_FAILED,Bank_D,E23,P011,NETBANKING
E01629,C0013,7248.44,INVOICE_OVERDUE,Bank_D,E11,P009,UPI
E01630,C0572,2732.86,INVOICE_OVERDUE,Bank_A,E42,P012,UPI
E01631,C0226,12738.95,INVOICE_OVERDUE,Bank_C,E17,P002,UPI
E01632,C0778,10172.62,SUBSCRIPTION_FAILED,Bank_D,E42,P013,CARD
E01633,C0243,22520.98,SUBSCRIPTION_FAILED,Bank_B,E23,P008,CARD
E01634,C0210,16517.23,SUBSCRIPTION_FAILED,Bank_B,E11,P014,NETBANKING
E01635,C0579,13874.61,INVOICE_OVERDUE,Bank_B,E23,P007,NETBANKING
E01636,C0147,4135.84,INVOICE_OVERDUE,Bank_A,E42,P005,NETBANKING
E01637,C0401,22101.03,SUBSCRIPTION_FAILED,Bank_A,E23,P018,WALLET
E01638,C0802,5962.28,SUBSCRIPTION_FAILED,Bank_A,E42,P001,WALLET
E01639,C0074,795.71,CHECKOUT_ABANDONED,Bank_A,E42,P017,CARD
E01640,C0977,10684.14,INVOICE_OVERDUE,Bank_D,E42,P009,CARD
E01641,C0165,6934.52,PAYMENT_FAILED,Bank_B,E11,P013,NETBANKING
E01642,C0738,18227.73,SUBSCRIPTION_FAILED,Bank_B,E17,P012,WALLET
E01643,C0968,22283.42,SUBSCRIPTION_FAILED,Bank_A,E42,P007,UPI
E01644,C0849,12645.07,INVOICE_OVERDUE,Bank_D,E11,P002,NETBANKING
E01645,C0121,18248.35,INVOICE_OVERDUE,Bank_B,E42,P017,WALLET
E01646,C0200,4814.19,SUBSCRIPTION_FAILED,Bank_B,E42,P010,WALLET
E01647,C0796,24560.9,PAYMENT_FAILED,Bank_A,E42,P002,UPI
E01648,C0535,15184.41,SUBSCRIPTION_FAILED,Bank_A,E11,P014,CARD
E01649,C0308,12866.12,INVOICE_OVERDUE,Bank_A,E23,P004,NETBANKING
E01650,C0997,15437.85,SUBSCRIPTION_FAILED,Bank_A,E23,P017,CARD
E01651,C0632,6147.12,SUBSCRIPTION_FAILED,Bank_A,E42,P016,NETBANKING
E01652,C0884,6703.58,INVOICE_OVERDUE,Bank_A,E42,P011,CARD
E01653,C0913,10264.7,PAYMENT_FAILED,Bank_A,E11,P015,UPI
E01654,C0503,10579.57,CHECKOUT_ABANDONED,Bank_C,E17,P006,UPI
E01655,C0940,19435.41,CHECKOUT_ABANDONED,Bank_A,E11,P010,CARD
E01656,C0815,11178.28,PAYMENT_FAILED,Bank_B,E11,P008,NETBANKING
E01657,C0186,3282.89,PAYMENT_FAILED,Bank_A,E42,P005,WALLET
E01658,C0020,9231.47,INVOICE_OVERDUE,Bank_A,E42,P016,WALLET
E01659,C0221,4366.85,PAYMENT_FAILED,Bank_C,E17,P019,WALLET
E01660,C0456,14027.94,CHECKOUT_ABANDONED,Bank_D,E23,P020,CARD
E01661,C0813,3511.32,CHECKOUT_ABANDONED,Bank_A,E42,P007,WALLET
E01662,C0812,16538.22,INVOICE_OVERDUE,Bank_B,E17,P020,UPI
E01663,C0989,8885.51,INVOICE_OVERDUE,Bank_C,E42,P006,WALLET
E01664,C0203,7894.95,CHECKOUT_ABANDONED,Bank_C,E17,P013,UPI
E01665,C0696,2008.14,INVOICE_OVERDUE,Bank_A,E11,P006,CARD
E01666,C0373,12825.17,INVOICE_OVERDUE,Bank_A,E23,P008,CARD
E01667,C0478,21413.93,PAYMENT_FAILED,Bank_A,E42,P002,WALLET
E01668,C0121,16601.34,CHECKOUT_ABANDONED,Bank_A,E23,P010,UPI
E01669,C0940,17400.62,PAYMENT_FAILED,Bank_A,E23,P014,CARD
E01670,C0745,14570.19,SUBSCRIPTION_FAILED,Bank_A,E23,P007,NETBANKING
E01671,C0971,20692.41,CHECKOUT_ABANDONED,Bank_D,E17,P014,UPI
E01672,C0914,17450.25,PAYMENT_FAILED,Bank_A,E42,P003,NETBANKING
E01673,C0250,22961.76,PAYMENT_FAILED,Bank_C,E17,P011,NETBANKING
E01674,C0113,5750.35,SUBSCRIPTION_FAILED,Bank_C,E23,P013,CARD
E01675,C0954,20355.61,SUBSCRIPTION_FAILED,Bank_A,E17,P006,CARD
E01676,C0478,5025.49,INVOICE_OVERDUE,Bank_C,E42,P002,NETBANKING
E01677,C0703,15164.83,SUBSCRIPTION_FAILED,Bank_D,E42,P009,WALLET
E01678,C0898,8463.91,SUBSCRIPTION_FAILED,Bank_C,E11,P013,CARD
E01679,C0078,13521.41,SUBSCRIPTION_FAILED,Bank_D,E17,P008,WALLET
E01680,C0440,5294.84,CHECKOUT_ABANDONED,Bank_B,E17,P014,CARD
E01681,C0573,4030.55,SUBSCRIPTION_FAILED,Bank_D,E17,P012,UPI
E01682,C0293,1435.97,PAYMENT_FAILED,Bank_A,E42,P016,UPI
E01683,C0985,15014.8,SUBSCRIPTION_FAILED,Bank_A,E17,P011,WALLET
E01684,C0896,16856.24,CHECKOUT_ABANDONED,Bank_C,E17,P018,CARD
E01685,C0546,10037.03,INVOICE_OVERDUE,Bank_D,E11,P012,NETBANKING
E01686,C0040,23266.89,CHECKOUT_ABANDONED,Bank_A,E23,P013,NETBANKING
E01687,C0084,6520.88,PAYMENT_FAILED,Bank_A,E23,P001,WALLET
E01688,C0293,14338.07,CHECKOUT_ABANDONED,Bank_C,E42,P004,CARD
E01689,C0502,8851.63,CHECKOUT_ABANDONED,Bank_A,E42,P015,NETBANKING
E01690,C0125,14141.9,PAYMENT_FAILED,Bank_C,E17,P017,UPI
E01691,C0945,2135.38,CHECKOUT_ABANDONED,Bank_D,E17,P004,UPI
E01692,C0489,11025.27,PAYMENT_FAILED,Bank_B,E17,P012,WALLET
E01693,C0875,8654.05,INVOICE_OVERDUE,Bank_A,E23,P009,UPI
E01694,C0892,779.05,SUBSCRIPTION_FAILED,Bank_B,E23,P014,NETBANKING
E01695,C0925,11737.12,PAYMENT_FAILED,Bank_B,E11,P019,WALLET
E01696,C0949,2866.42,INVOICE_OVERDUE,Bank_C,E42,P013,UPI
E01697,C0591,22882.66,INVOICE_OVERDUE,Bank_D,E17,P012,UPI
E01698,C0497,8844.11,CHECKOUT_ABANDONED,Bank_C,E17,P020,UPI
E01699,C0145,23223.84,CHECKOUT_ABANDONED,Bank_C,E11,P019,UPI
E01700,C0865,3042.48,CHECKOUT_ABANDONED,Bank_B,E23,P014,NETBANKING
E01701,C0068,3265.03,SUBSCRIPTION_FAILED,Bank_C,E23,P020,NETBANKING
E01702,C0062,20295.16,INVOICE_OVERDUE,Bank_A,E17,P007,WALLET
E01703,C0531,6483.73,CHECKOUT_ABANDONED,Bank_B,E42,P009,UPI
E01704,C0662,14639.5,INVOICE_OVERDUE,Bank_A,E17,P013,WALLET
E01705,C0274,11028.56,INVOICE_OVERDUE,Bank_D,E17,P002,WALLET
E01706,C0476,13177.1,CHECKOUT_ABANDONED,Bank_C,E17,P004,CARD
E01707,C0566,3234.05,SUBSCRIPTION_FAILED,Bank_B,E42,P014,WALLET
E01708,C0407,23570.01,CHECKOUT_ABANDONED,Bank_A,E11,P014,NETBANKING
E01709,C0476,19484.64,INVOICE_OVERDUE,Bank_A,E42,P016,WALLET
E01710,C0815,12873.19,CHECKOUT_ABANDONED,Bank_B,E17,P009,NETBANKING
E01711,C0371,3118.69,PAYMENT_FAILED,Bank_C,E11,P007,CARD
E01712,C0653,23369.3,SUBSCRIPTION_FAILED,Bank_C,E23,P006,WALLET
E01713,C0389,8569.16,SUBSCRIPTION_FAILED,Bank_C,E11,P013,CARD
E01714,C0124,9782.73,PAYMENT_FAILED,Bank_D,E23,P018,UPI
E01715,C0628,3435.71,SUBSCRIPTION_FAILED,Bank_D,E42,P004,CARD
E01716,C0663,3556.03,SUBSCRIPTION_FAILED,Bank_D,E23,P006,WALLET
E01717,C0633,11103.64,PAYMENT_FAILED,Bank_A,E11,P013,WALLET
E01718,C0624,6353.17,SUBSCRIPTION_FAILED,Bank_A,E42,P001,NETBANKING
E01719,C0567,16275.4,SUBSCRIPTION_FAILED,Bank_B,E42,P012,NETBANKING
E01720,C0160,22066.08,PAYMENT_FAILED,Bank_B,E17,P001,CARD
E01721,C0567,17386.91,SUBSCRIPTION_FAILED,Bank_B,E42,P020,UPI
E01722,C0650,17141.55,SUBSCRIPTION_FAILED,Bank_A,E42,P014,WALLET
E01723,C0027,19935.8,CHECKOUT_ABANDONED,Bank_B,E23,P018,WALLET
E01724,C0533,1268.36,PAYMENT_FAILED,Bank_B,E17,P006,NETBANKING
E01725,C0834,10525.32,PAYMENT_FAILED,Bank_A,E42,P007,UPI
E01726,C0173,12653.85,INVOICE_OVERDUE,Bank_B,E17,P012,NETBANKING
E01727,C0805,16657.51,PAYMENT_FAILED,Bank_A,E42,P002,UPI
E01728,C0700,9529.78,CHECKOUT_ABANDONED,Bank_B,E23,P003,UPI
E01729,C0821,7138.6,INVOICE_OVERDUE,Bank_C,E23,P004,NETBANKING
E01730,C0229,2364.45,CHECKOUT_ABANDONED,Bank_D,E42,P020,NETBANKING
E01731,C0944,14296.6,INVOICE_OVERDUE,Bank_A,E42,P003,UPI
E01732,C0034,17065.47,CHECKOUT_ABANDONED,Bank_A,E17,P009,CARD
E01733,C0089,23871.06,PAYMENT_FAILED,Bank_A,E42,P015,WALLET
E01734,C0134,12284.02,INVOICE_OVERDUE,Bank_D,E17,P012,CARD
E01735,C0143,10623.48,PAYMENT_FAILED,Bank_C,E17,P007,WALLET
E01736,C0622,10406.93,SUBSCRIPTION_FAILED,Bank_D,E17,P018,NETBANKING
E01737,C0522,6418.83,INVOICE_OVERDUE,Bank_A,E42,P009,UPI
E01738,C0998,15114.64,INVOICE_OVERDUE,Bank_C,E23,P003,NETBANKING
E01739,C0355,2779.24,INVOICE_OVERDUE,Bank_B,E11,P004,UPI
E01740,C0780,23220.48,SUBSCRIPTION_FAILED,Bank_D,E17,P011,CARD
E01741,C0003,12160.58,PAYMENT_FAILED,Bank_C,E11,P020,WALLET
E01742,C0134,9495.76,INVOICE_OVERDUE,Bank_C,E17,P020,NETBANKING
E01743,C0013,8701.02,INVOICE_OVERDUE,Bank_C,E11,P003,NETBANKING
E01744,C0637,11475.39,CHECKOUT_ABANDONED,Bank_A,E42,P014,UPI
E01745,C0279,10345.07,INVOICE_OVERDUE,Bank_A,E23,P015,WALLET
E01746,C0595,6433.8,CHECKOUT_ABANDONED,Bank_B,E23,P008,CARD
E01747,C0463,17341.05,SUBSCRIPTION_FAILED,Bank_A,E42,P016,UPI
E01748,C0506,23954.18,PAYMENT_FAILED,Bank_C,E42,P014,CARD
E01749,C0846,6010.2,SUBSCRIPTION_FAILED,Bank_A,E23,P005,WALLET
E01750,C0932,7307.74,INVOICE_OVERDUE,Bank_D,E42,P006,WALLET
E01751,C0048,20487.6,INVOICE_OVERDUE,Bank_B,E11,P010,UPI
E01752,C0255,11950.25,INVOICE_OVERDUE,Bank_B,E42,P004,CARD
E01753,C0464,14554.5,CHECKOUT_ABANDONED,Bank_B,E23,P015,CARD
E01754,C0972,13758.46,CHECKOUT_ABANDONED,Bank_A,E17,P004,UPI
E01755,C0248,8846.05,SUBSCRIPTION_FAILED,Bank_A,E42,P005,CARD
E01756,C0263,22076.38,INVOICE_OVERDUE,Bank_B,E17,P011,WALLET
E01757,C0810,14097.64,SUBSCRIPTION_FAILED,Bank_A,E42,P020,WALLET
E01758,C0941,23714.58,PAYMENT_FAILED,Bank_D,E23,P020,CARD
E01759,C0219,11003.77,PAYMENT_FAILED,Bank_D,E17,P017,WALLET
E01760,C0207,22662.83,CHECKOUT_ABANDONED,Bank_C,E17,P015,NETBANKING
E01761,C0741,3875.19,PAYMENT_FAILED,Bank_C,E23,P005,UPI
E01762,C0427,17534.22,CHECKOUT_ABANDONED,Bank_A,E17,P004,WALLET
E01763,C0688,9881.28,INVOICE_OVERDUE,Bank_A,E11,P011,NETBANKING
E01764,C0051,10207.77,PAYMENT_FAILED,Bank_A,E11,P016,NETBANKING
E01765,C0565,7742.26,PAYMENT_FAILED,Bank_C,E23,P009,WALLET
E01766,C0923,17325.81,CHECKOUT_ABANDONED,Bank_B,E42,P007,NETBANKING
E01767,C0467,7478.89,INVOICE_OVERDUE,Bank_A,E42,P018,NETBANKING
E01768,C0688,14743.48,CHECKOUT_ABANDONED,Bank_A,E42,P007,WALLET
E01769,C0282,2351.09,INVOICE_OVERDUE,Bank_D,E11,P012,NETBANKING
E01770,C0049,7800.5,PAYMENT_FAILED,Bank_C,E17,P019,NETBANKING
E01771,C0519,13604.38,SUBSCRIPTION_FAILED,Bank_C,E11,P008,WALLET
E01772,C0766,2227.37,SUBSCRIPTION_FAILED,Bank_B,E17,P005,NETBANKING
E01773,C0638,7515.97,CHECKOUT_ABANDONED,Bank_C,E42,P017,WALLET
E01774,C0771,4918.72,CHECKOUT_ABANDONED,Bank_A,E42,P017,NETBANKING
E01775,C0868,7778.86,CHECKOUT_ABANDONED,Bank_A,E42,P006,WALLET
E01776,C0647,1953.07,PAYMENT_FAILED,Bank_A,E42,P016,UPI
E01777,C0813,13426.8,CHECKOUT_ABANDONED,Bank_B,E42,P007,UPI
E01778,C0414,10340.5,INVOICE_OVERDUE,Bank_A,E42,P016,CARD
E01779,C0057,5127.32,INVOICE_OVERDUE,Bank_A,E17,P011,CARD
E01780,C0764,17562.73,PAYMENT_FAILED,Bank_A,E42,P016,WALLET
E01781,C0382,2202.96,CHECKOUT_ABANDONED,Bank_A,E42,P020,UPI
E01782,C0526,3800.54,CHECKOUT_ABANDONED,Bank_A,E42,P020,UPI
E01783,C0120,11230.12,CHECKOUT_ABANDONED,Bank_D,E17,P010,UPI
E01784,C0746,8871.94,PAYMENT_FAILED,Bank_C,E11,P004,UPI
E01785,C0627,23888.62,PAYMENT_FAILED,Bank_B,E42,P013,WALLET
E01786,C0584,11893.37,INVOICE_OVERDUE,Bank_A,E42,P016,CARD
E01787,C0720,20471.92,SUBSCRIPTION_FAILED,Bank_A,E42,P007,NETBANKING
E01788,C0152,3249.91,CHECKOUT_ABANDONED,Bank_B,E11,P010,UPI
E01789,C0750,2517.55,SUBSCRIPTION_FAILED,Bank_A,E42,P007,WALLET
E01790,C0239,7753.56,SUBSCRIPTION_FAILED,Bank_A,E42,P005,UPI
E01791,C0870,14805.3,PAYMENT_FAILED,Bank_C,E17,P002,NETBANKING
E01792,C0566,2828.64,PAYMENT_FAILED,Bank_A,E42,P016,CARD
E01793,C0078,4896.41,CHECKOUT_ABANDONED,Bank_A,E17,P018,UPI
E01794,C0048,23984.37,SUBSCRIPTION_FAILED,Bank_A,E42,P018,NETBANKING
E01795,C0304,12001.15,INVOICE_OVERDUE,Bank_A,E23,P002,UPI
E01796,C0359,15454.65,PAYMENT_FAILED,Bank_D,E17,P013,WALLET
E01797,C0983,23752.2,PAYMENT_FAILED,Bank_B,E11,P020,UPI
E01798,C0329,11300.95,PAYMENT_FAILED,Bank_C,E42,P014,NETBANKING
E01799,C0480,5074.96,PAYMENT_FAILED,Bank_D,E23,P007,NETBANKING
E01800,C0215,3130.35,INVOICE_OVERDUE,Bank_B,E17,P010,WALLET
E01801,C0946,8779.67,SUBSCRIPTION_FAILED,Bank_C,E11,P002,UPI
E01802,C0434,12925.03,CHECKOUT_ABANDONED,Bank_A,E42,P015,WALLET
E01803,C0603,16700.22,PAYMENT_FAILED,Bank_C,E42,P012,CARD
E01804,C0271,12494.9,INVOICE_OVERDUE,Bank_A,E42,P018,UPI
E01805,C0502,17340.62,SUBSCRIPTION_FAILED,Bank_A,E42,P010,CARD
E01806,C0597,5917.52,SUBSCRIPTION_FAILED,Bank_B,E17,P016,CARD
E01807,C0502,23622.83,PAYMENT_FAILED,Bank_C,E11,P004,CARD
E01808,C0368,3632.32,CHECKOUT_ABANDONED,Bank_A,E17,P018,UPI
E01809,C0830,12695.04,CHECKOUT_ABANDONED,Bank_A,E42,P010,WALLET
E01810,C0893,19426.2,INVOICE_OVERDUE,Bank_D,E11,P002,NETBANKING
E01811,C0564,1053.81,CHECKOUT_ABANDONED,Bank_A,E23,P007,CARD
E01812,C0619,22633.49,PAYMENT_FAILED,Bank_A,E42,P001,CARD
E01813,C0792,4546.74,CHECKOUT_ABANDONED,Bank_B,E17,P007,WALLET
E01814,C0997,22987.26,INVOICE_OVERDUE,Bank_C,E23,P003,WALLET
E01815,C0324,6221.77,CHECKOUT_ABANDONED,Bank_A,E42,P013,WALLET
E01816,C0557,7724.21,SUBSCRIPTION_FAILED,Bank_A,E17,P010,NETBANKING
E01817,C0178,11225.54,CHECKOUT_ABANDONED,Bank_A,E42,P003,WALLET
E01818,C0774,3737.96,CHECKOUT_ABANDONED,Bank_D,E17,P002,UPI
E01819,C0053,14950.94,PAYMENT_FAILED,Bank_C,E11,P005,NETBANKING
E01820,C0117,6009.73,INVOICE_OVERDUE,Bank_D,E17,P015,CARD
E01821,C0021,20522.85,SUBSCRIPTION_FAILED,Bank_C,E17,P009,CARD
E01822,C0206,7983.38,INVOICE_OVERDUE,Bank_C,E11,P010,UPI
E01823,C0851,19674.96,CHECKOUT_ABANDONED,Bank_A,E42,P006,UPI
E01824,C0376,10254.66,CHECKOUT_ABANDONED,Bank_C,E17,P002,NETBANKING
E01825,C0791,8558.53,INVOICE_OVERDUE,Bank_A,E42,P013,UPI
E01826,C0986,14071.57,INVOICE_OVERDUE,Bank_B,E42,P018,WALLET
E01827,C0547,7232.36,CHECKOUT_ABANDONED,Bank_C,E11,P014,NETBANKING
E01828,C0691,5569.45,PAYMENT_FAILED,Bank_B,E17,P008,WALLET
E01829,C0391,5565.63,INVOICE_OVERDUE,Bank_C,E11,P020,WALLET
E01830,C0046,4728.92,CHECKOUT_ABANDONED,Bank_C,E11,P012,UPI
E01831,C0649,5107.01,CHECKOUT_ABANDONED,Bank_D,E11,P017,CARD
E01832,C0853,12721.85,CHECKOUT_ABANDONED,Bank_A,E42,P019,WALLET
E01833,C0285,19367.18,INVOICE_OVERDUE,Bank_A,E23,P010,CARD
E01834,C0600,24171.36,PAYMENT_FAILED,Bank_D,E17,P008,UPI
E01835,C0003,3890.27,INVOICE_OVERDUE,Bank_D,E42,P012,WALLET
E01836,C0683,18301.35,CHECKOUT_ABANDONED,Bank_B,E23,P005,UPI
E01837,C0204,10917.14,INVOICE_OVERDUE,Bank_B,E23,P012,NETBANKING
E01838,C0334,9054.43,CHECKOUT_ABANDONED,Bank_D,E23,P013,UPI
E01839,C0634,8866.92,INVOICE_OVERDUE,Bank_A,E17,P012,NETBANKING
E01840,C0529,2451.57,CHECKOUT_ABANDONED,Bank_D,E23,P016,UPI
E01841,C0119,18281.39,SUBSCRIPTION_FAILED,Bank_A,E23,P009,NETBANKING
E01842,C0693,1595.32,SUBSCRIPTION_FAILED,Bank_A,E42,P020,NETBANKING
E01843,C0629,7148.3,SUBSCRIPTION_FAILED,Bank_B,E11,P019,NETBANKING
E01844,C0508,1354.57,SUBSCRIPTION_FAILED,Bank_D,E17,P004,UPI
E01845,C0348,23478.23,INVOICE_OVERDUE,Bank_A,E17,P018,WALLET
E01846,C0273,12802.23,INVOICE_OVERDUE,Bank_A,E23,P009,WALLET
E01847,C0596,12458.38,PAYMENT_FAILED,Bank_B,E42,P006,WALLET
E01848,C0321,3827.89,SUBSCRIPTION_FAILED,Bank_A,E11,P014,UPI
E01849,C0793,7981.15,CHECKOUT_ABANDONED,Bank_D,E17,P010,NETBANKING
E01850,C0057,885.53,INVOICE_OVERDUE,Bank_B,E11,P004,WALLET
E01851,C0165,7688.21,SUBSCRIPTION_FAILED,Bank_A,E42,P007,WALLET
E01852,C0608,9148.62,CHECKOUT_ABANDONED,Bank_B,E42,P010,UPI
E01853,C0435,24509.66,SUBSCRIPTION_FAILED,Bank_D,E23,P018,CARD
E01854,C0591,797.06,INVOICE_OVERDUE,Bank_A,E42,P007,WALLET
E01855,C0269,1725.55,PAYMENT_FAILED,Bank_B,E17,P001,WALLET
E01856,C0079,24913.04,INVOICE_OVERDUE,Bank_B,E42,P014,WALLET
E01857,C0081,10466.83,INVOICE_OVERDUE,Bank_C,E42,P009,WALLET
E01858,C0854,16325.81,INVOICE_OVERDUE,Bank_A,E17,P012,NETBANKING
E01859,C0456,2423.92,PAYMENT_FAILED,Bank_A,E42,P013,NETBANKING
E01860,C0774,14209.58,PAYMENT_FAILED,Bank_A,E11,P020,CARD
E01861,C0743,8709.76,CHECKOUT_ABANDONED,Bank_A,E42,P013,UPI
E01862,C0934,17948.61,CHECKOUT_ABANDONED,Bank_A,E42,P002,WALLET
E01863,C0344,19574.81,CHECKOUT_ABANDONED,Bank_A,E42,P002,CARD
E01864,C0944,24127.54,SUBSCRIPTION_FAILED,Bank_B,E17,P008,NETBANKING
E01865,C0560,4919.49,INVOICE_OVERDUE,Bank_B,E23,P016,UPI
E01866,C0080,18113.22,SUBSCRIPTION_FAILED,Bank_D,E17,P020,WALLET
E01867,C0077,20857.6,CHECKOUT_ABANDONED,Bank_A,E11,P004,UPI
E01868,C0032,23283.58,PAYMENT_FAILED,Bank_C,E42,P006,NETBANKING
E01869,C0992,14705.63,INVOICE_OVERDUE,Bank_A,E42,P017,WALLET
E01870,C0078,4171.03,PAYMENT_FAILED,Bank_C,E17,P012,UPI
E01871,C0981,7306.91,INVOICE_OVERDUE,Bank_C,E17,P017,WALLET
E01872,C0668,2750.33,SUBSCRIPTION_FAILED,Bank_A,E17,P002,NETBANKING
E01873,C0161,20669.05,INVOICE_OVERDUE,Bank_D,E23,P007,WALLET
E01874,C0030,3160.88,SUBSCRIPTION_FAILED,Bank_D,E23,P013,WALLET
E01875,C0800,5373.48,PAYMENT_FAILED,Bank_A,E17,P020,UPI
E01876,C0034,3802.55,PAYMENT_FAILED,Bank_C,E42,P018,CARD
E01877,C0852,9984.7,SUBSCRIPTION_FAILED,Bank_B,E17,P010,WALLET
E01878,C0933,19039.27,CHECKOUT_ABANDONED,Bank_C,E17,P009,WALLET
E01879,C0066,12364.52,SUBSCRIPTION_FAILED,Bank_B,E11,P006,WALLET
E01880,C0942,4850.51,SUBSCRIPTION_FAILED,Bank_A,E42,P005,CARD
E01881,C0617,23346.05,CHECKOUT_ABANDONED,Bank_A,E42,P005,NETBANKING
E01882,C0895,10121.36,PAYMENT_FAILED,Bank_C,E17,P019,WALLET
E01883,C0147,22790.68,CHECKOUT_ABANDONED,Bank_C,E42,P016,NETBANKING
E01884,C0103,8428.91,INVOICE_OVERDUE,Bank_B,E23,P003,CARD
E01885,C0977,3553.05,CHECKOUT_ABANDONED,Bank_C,E11,P014,WALLET
E01886,C0183,5819.94,PAYMENT_FAILED,Bank_A,E42,P004,CARD
E01887,C0494,23367.7,SUBSCRIPTION_FAILED,Bank_B,E23,P009,CARD
E01888,C0022,19192.75,INVOICE_OVERDUE,Bank_D,E42,P004,UPI
E01889,C0120,15802.63,SUBSCRIPTION_FAILED,Bank_A,E42,P006,UPI
E01890,C0743,18856.29,CHECKOUT_ABANDONED,Bank_A,E42,P008,WALLET
E01891,C0909,17707.29,SUBSCRIPTION_FAILED,Bank_B,E23,P012,NETBANKING
E01892,C0832,24629.35,PAYMENT_FAILED,Bank_D,E11,P002,UPI
E01893,C0609,22394.39,SUBSCRIPTION_FAILED,Bank_B,E42,P020,CARD
E01894,C0579,3948.88,PAYMENT_FAILED,Bank_B,E11,P014,CARD
E01895,C0419,6187.28,CHECKOUT_ABANDONED,Bank_C,E23,P007,WALLET
E01896,C0645,11775.06,PAYMENT_FAILED,Bank_A,E42,P005,WALLET
E01897,C0310,5099.34,PAYMENT_FAILED,Bank_B,E17,P002,NETBANKING
E01898,C0306,3475.89,INVOICE_OVERDUE,Bank_A,E42,P008,NETBANKING
E01899,C0020,21995.68,CHECKOUT_ABANDONED,Bank_A,E42,P002,NETBANKING
E01900,C0518,5208.23,PAYMENT_FAILED,Bank_C,E11,P014,WALLET
E01901,C0263,16009.21,INVOICE_OVERDUE,Bank_C,E23,P003,NETBANKING
E01902,C0024,9026.33,PAYMENT_FAILED,Bank_A,E42,P015,NETBANKING
E01903,C0276,15642.07,CHECKOUT_ABANDONED,Bank_B,E17,P019,CARD
E01904,C0876,9026.74,INVOICE_OVERDUE,Bank_D,E23,P009,NETBANKING
E01905,C0497,7004.73,CHECKOUT_ABANDONED,Bank_A,E42,P017,WALLET
E01906,C0407,12475.1,CHECKOUT_ABANDONED,Bank_D,E23,P020,CARD
E01907,C0801,8330.64,SUBSCRIPTION_FAILED,Bank_C,E11,P014,UPI
E01908,C0078,12556.86,SUBSCRIPTION_FAILED,Bank_B,E23,P002,NETBANKING
E01909,C0424,2808.15,SUBSCRIPTION_FAILED,Bank_D,E17,P002,UPI
E01910,C0525,2287.72,SUBSCRIPTION_FAILED,Bank_A,E42,P002,CARD
E01911,C0960,24840.79,INVOICE_OVERDUE,Bank_A,E42,P009,NETBANKING
E01912,C0856,15817.82,INVOICE_OVERDUE,Bank_D,E42,P020,CARD
E01913,C0136,7555.48,CHECKOUT_ABANDONED,Bank_D,E23,P005,WALLET
E01914,C0539,19706.17,INVOICE_OVERDUE,Bank_D,E17,P020,WALLET
E01915,C0052,7365.3,PAYMENT_FAILED,Bank_C,E23,P008,WALLET
E01916,C0201,11137.57,INVOICE_OVERDUE,Bank_D,E17,P003,WALLET
E01917,C0379,10095.83,SUBSCRIPTION_FAILED,Bank_B,E42,P017,WALLET
E01918,C0450,11711.98,INVOICE_OVERDUE,Bank_B,E42,P019,UPI
E01919,C0527,21579.07,SUBSCRIPTION_FAILED,Bank_B,E17,P018,NETBANKING
E01920,C0039,11434.02,INVOICE_OVERDUE,Bank_D,E17,P010,WALLET
E01921,C0819,12622.46,SUBSCRIPTION_FAILED,Bank_A,E42,P015,WALLET
E01922,C0368,15944.82,PAYMENT_FAILED,Bank_A,E11,P001,WALLET
E01923,C0181,23267.38,PAYMENT_FAILED,Bank_D,E42,P019,NETBANKING
E01924,C0563,5689.08,SUBSCRIPTION_FAILED,Bank_A,E42,P010,WALLET
E01925,C0239,16291.8,SUBSCRIPTION_FAILED,Bank_A,E42,P020,NETBANKING
E01926,C0077,14474.49,SUBSCRIPTION_FAILED,Bank_C,E42,P006,UPI
E01927,C0106,7643.65,CHECKOUT_ABANDONED,Bank_A,E11,P003,UPI
E01928,C0002,15958.78,CHECKOUT_ABANDONED,Bank_A,E42,P009,UPI
E01929,C0725,9800.96,INVOICE_OVERDUE,Bank_A,E11,P005,WALLET
E01930,C0428,24232.94,CHECKOUT_ABANDONED,Bank_C,E23,P019,UPI
E01931,C0618,9441.45,SUBSCRIPTION_FAILED,Bank_A,E11,P012,NETBANKING
E01932,C0202,3679.17,SUBSCRIPTION_FAILED,Bank_B,E11,P005,NETBANKING
E01933,C0792,8399.91,CHECKOUT_ABANDONED,Bank_D,E17,P012,CARD
E01934,C0278,14903.2,SUBSCRIPTION_FAILED,Bank_A,E17,P014,NETBANKING
E01935,C0993,17162.69,PAYMENT_FAILED,Bank_A,E42,P013,UPI
E01936,C0105,12041.53,INVOICE_OVERDUE,Bank_D,E23,P012,CARD
E01937,C0645,24491.92,SUBSCRIPTION_FAILED,Bank_A,E42,P009,NETBANKING
E01938,C0513,20839.48,PAYMENT_FAILED,Bank_C,E42,P016,CARD
E01939,C0077,20808.78,CHECKOUT_ABANDONED,Bank_C,E11,P001,UPI
E01940,C0310,15667.78,INVOICE_OVERDUE,Bank_A,E42,P011,NETBANKING
E01941,C0565,9173.48,INVOICE_OVERDUE,Bank_A,E23,P003,NETBANKING
E01942,C0271,6649.17,CHECKOUT_ABANDONED,Bank_D,E42,P011,WALLET
E01943,C0590,6835.31,CHECKOUT_ABANDONED,Bank_A,E42,P009,CARD
E01944,C0908,8082.3,PAYMENT_FAILED,Bank_C,E23,P018,UPI
E01945,C0875,17877.16,PAYMENT_FAILED,Bank_D,E11,P002,WALLET
E01946,C0821,10857.59,SUBSCRIPTION_FAILED,Bank_C,E11,P017,CARD
E01947,C0602,24360.01,CHECKOUT_ABANDONED,Bank_A,E17,P001,WALLET
E01948,C0890,17945.55,CHECKOUT_ABANDONED,Bank_D,E11,P013,WALLET
E01949,C0050,19766.0,INVOICE_OVERDUE,Bank_C,E23,P014,CARD
E01950,C0606,3600.34,CHECKOUT_ABANDONED,Bank_C,E17,P009,CARD
E01951,C0344,11147.89,PAYMENT_FAILED,Bank_A,E42,P014,CARD
E01952,C0055,14669.06,INVOICE_OVERDUE,Bank_C,E17,P020,NETBANKING
E01953,C0102,2272.54,PAYMENT_FAILED,Bank_A,E42,P008,CARD
E01954,C0743,22249.96,CHECKOUT_ABANDONED,Bank_C,E17,P003,WALLET
E01955,C0462,20554.29,CHECKOUT_ABANDONED,Bank_B,E17,P004,CARD
E01956,C0681,22659.61,SUBSCRIPTION_FAILED,Bank_A,E42,P015,WALLET
E01957,C0900,1799.13,CHECKOUT_ABANDONED,Bank_A,E42,P019,WALLET
E01958,C0745,6728.34,CHECKOUT_ABANDONED,Bank_A,E42,P011,UPI
E01959,C0700,24402.32,PAYMENT_FAILED,Bank_D,E17,P012,WALLET
E01960,C0584,16336.84,PAYMENT_FAILED,Bank_C,E11,P012,WALLET
E01961,C0152,16368.87,PAYMENT_FAILED,Bank_C,E11,P001,CARD
E01962,C0843,16302.74,SUBSCRIPTION_FAILED,Bank_D,E23,P018,NETBANKING
E01963,C0175,4272.37,INVOICE_OVERDUE,Bank_C,E17,P007,WALLET
E01964,C0036,23480.7,INVOICE_OVERDUE,Bank_A,E42,P013,CARD
E01965,C0931,14202.9,INVOICE_OVERDUE,Bank_C,E23,P007,CARD
E01966,C0038,19633.15,PAYMENT_FAILED,Bank_B,E17,P020,NETBANKING
E01967,C0123,7767.21,PAYMENT_FAILED,Bank_B,E42,P013,WALLET
E01968,C0376,16669.17,CHECKOUT_ABANDONED,Bank_C,E11,P007,CARD
E01969,C0059,23310.95,INVOICE_OVERDUE,Bank_A,E42,P006,CARD
E01970,C0632,10159.33,SUBSCRIPTION_FAILED,Bank_A,E42,P014,UPI
E01971,C0109,23836.04,INVOICE_OVERDUE,Bank_B,E17,P007,UPI
E01972,C0413,6668.82,CHECKOUT_ABANDONED,Bank_A,E42,P006,UPI
E01973,C0073,13368.64,PAYMENT_FAILED,Bank_C,E11,P008,NETBANKING
E01974,C0673,10886.93,INVOICE_OVERDUE,Bank_C,E23,P007,NETBANKING
E01975,C0185,21093.56,SUBSCRIPTION_FAILED,Bank_B,E17,P019,CARD
E01976,C0787,8505.16,PAYMENT_FAILED,Bank_C,E17,P016,WALLET
E01977,C0683,19352.39,SUBSCRIPTION_FAILED,Bank_A,E23,P005,CARD
E01978,C0554,23459.26,INVOICE_OVERDUE,Bank_A,E42,P013,CARD
E01979,C0357,6269.05,PAYMENT_FAILED,Bank_C,E42,P003,CARD
E01980,C0488,14957.85,CHECKOUT_ABANDONED,Bank_A,E42,P017,WALLET
E01981,C0329,2022.08,SUBSCRIPTION_FAILED,Bank_A,E11,P009,CARD
E01982,C0793,6702.23,INVOICE_OVERDUE,Bank_D,E23,P017,NETBANKING
E01983,C0952,12606.08,PAYMENT_FAILED,Bank_C,E23,P009,WALLET
E01984,C0646,13587.65,INVOICE_OVERDUE,Bank_A,E17,P006,WALLET
E01985,C0190,21686.52,CHECKOUT_ABANDONED,Bank_D,E17,P012,NETBANKING
E01986,C0360,14561.79,PAYMENT_FAILED,Bank_A,E42,P015,CARD
E01987,C0499,8726.77,INVOICE_OVERDUE,Bank_D,E17,P018,UPI
E01988,C0756,15505.99,INVOICE_OVERDUE,Bank_D,E17,P017,WALLET
E01989,C0023,23850.28,SUBSCRIPTION_FAILED,Bank_B,E23,P009,CARD
E01990,C0830,10346.52,CHECKOUT_ABANDONED,Bank_C,E23,P007,WALLET
E01991,C0223,990.58,CHECKOUT_ABANDONED,Bank_A,E42,P018,WALLET
E01992,C0429,6160.39,SUBSCRIPTION_FAILED,Bank_C,E17,P009,UPI
E01993,C0784,23248.79,PAYMENT_FAILED,Bank_C,E23,P002,CARD
E01994,C0312,6009.44,INVOICE_OVERDUE,Bank_B,E17,P014,NETBANKING
E01995,C0543,7534.73,INVOICE_OVERDUE,Bank_B,E42,P001,WALLET
E01996,C0293,17107.78,PAYMENT_FAILED,Bank_A,E42,P010,WALLET
E01997,C0478,22006.89,INVOICE_OVERDUE,Bank_B,E23,P006,WALLET
E01998,C0013,12641.11,PAYMENT_FAILED,Bank_A,E42,P020,WALLET
E01999,C0905,5660.48,PAYMENT_FAILED,Bank_D,E42,P001,UPI
E02000,C0334,16394.3,SUBSCRIPTION_FAILED,Bank_D,E17,P015,CARD
E02001,C0905,6781.94,SUBSCRIPTION_FAILED,Bank_A,E23,P005,UPI
E02002,C0372,5698.42,INVOICE_OVERDUE,Bank_D,E11,P018,UPI
E02003,C0208,15561.89,CHECKOUT_ABANDONED,Bank_B,E23,P020,NETBANKING
E02004,C0576,13367.45,CHECKOUT_ABANDONED,Bank_A,E42,P012,CARD
E02005,C0709,5887.13,SUBSCRIPTION_FAILED,Bank_C,E42,P002,WALLET
E02006,C0169,18999.8,CHECKOUT_ABANDONED,Bank_A,E42,P004,NETBANKING
E02007,C0144,12142.34,PAYMENT_FAILED,Bank_B,E11,P018,CARD
E02008,C0930,24599.24,CHECKOUT_ABANDONED,Bank_C,E11,P007,NETBANKING
E02009,C0692,9867.93,INVOICE_OVERDUE,Bank_A,E23,P020,NETBANKING
E02010,C0378,20896.94,CHECKOUT_ABANDONED,Bank_B,E11,P010,UPI
E02011,C0583,10855.83,PAYMENT_FAILED,Bank_B,E42,P016,CARD
E02012,C0585,11813.56,SUBSCRIPTION_FAILED,Bank_A,E17,P017,WALLET
E02013,C0084,21938.35,INVOICE_OVERDUE,Bank_D,E23,P012,NETBANKING
E02014,C0871,23881.48,PAYMENT_FAILED,Bank_B,E11,P008,CARD
E02015,C0625,11669.94,CHECKOUT_ABANDONED,Bank_D,E17,P013,CARD
E02016,C0706,2174.54,INVOICE_OVERDUE,Bank_D,E17,P014,WALLET
E02017,C0823,1295.27,INVOICE_OVERDUE,Bank_A,E42,P014,UPI
E02018,C0711,4560.85,SUBSCRIPTION_FAILED,Bank_D,E17,P016,CARD
E02019,C0976,18331.94,CHECKOUT_ABANDONED,Bank_C,E17,P008,CARD
E02020,C0857,3838.17,CHECKOUT_ABANDONED,Bank_C,E11,P014,CARD
E02021,C0082,9461.4,SUBSCRIPTION_FAILED,Bank_D,E42,P014,CARD
E02022,C0216,7062.2,CHECKOUT_ABANDONED,Bank_A,E42,P002,UPI
E02023,C0583,24532.21,SUBSCRIPTION_FAILED,Bank_D,E11,P009,WALLET
E02024,C0441,20064.25,SUBSCRIPTION_FAILED,Bank_D,E23,P019,UPI
E02025,C0013,12555.92,SUBSCRIPTION_FAILED,Bank_C,E42,P020,UPI
E02026,C0198,16583.55,PAYMENT_FAILED,Bank_D,E42,P012,WALLET
E02027,C0042,6906.58,PAYMENT_FAILED,Bank_A,E11,P010,CARD
E02028,C0437,16340.11,PAYMENT_FAILED,Bank_D,E11,P014,NETBANKING
E02029,C0873,23396.16,INVOICE_OVERDUE,Bank_A,E17,P008,WALLET
E02030,C0549,16321.86,SUBSCRIPTION_FAILED,Bank_C,E42,P006,CARD
E02031,C0805,17608.68,INVOICE_OVERDUE,Bank_D,E11,P012,NETBANKING
E02032,C0532,20255.7,SUBSCRIPTION_FAILED,Bank_B,E23,P013,WALLET
E02033,C0009,12303.02,INVOICE_OVERDUE,Bank_C,E17,P011,NETBANKING
E02034,C0059,6190.51,CHECKOUT_ABANDONED,Bank_B,E17,P010,CARD
E02035,C0203,20573.68,INVOICE_OVERDUE,Bank_A,E42,P001,UPI
E02036,C0814,9043.22,CHECKOUT_ABANDONED,Bank_B,E17,P005,UPI
E02037,C0138,2136.53,INVOICE_OVERDUE,Bank_A,E17,P015,NETBANKING
E02038,C0422,9623.82,SUBSCRIPTION_FAILED,Bank_C,E42,P003,CARD
E02039,C0790,3390.49,PAYMENT_FAILED,Bank_C,E17,P005,CARD
E02040,C0968,17657.51,SUBSCRIPTION_FAILED,Bank_D,E23,P020,CARD
E02041,C0649,3115.53,INVOICE_OVERDUE,Bank_B,E23,P016,CARD
E02042,C0550,5014.11,SUBSCRIPTION_FAILED,Bank_A,E42,P019,CARD
E02043,C0942,6757.99,PAYMENT_FAILED,Bank_A,E42,P016,CARD
E02044,C0436,16446.53,CHECKOUT_ABANDONED,Bank_C,E17,P008,CARD
E02045,C0222,7643.63,PAYMENT_FAILED,Bank_D,E17,P020,WALLET
E02046,C0287,24488.03,CHECKOUT_ABANDONED,Bank_B,E17,P018,UPI
E02047,C0925,11507.75,INVOICE_OVERDUE,Bank_A,E23,P011,UPI
E02048,C0278,14140.83,SUBSCRIPTION_FAILED,Bank_D,E42,P002,WALLET
E02049,C0511,11094.96,PAYMENT_FAILED,Bank_A,E42,P018,NETBANKING
E02050,C0058,9531.21,INVOICE_OVERDUE,Bank_D,E17,P018,WALLET
E02051,C0853,22800.43,CHECKOUT_ABANDONED,Bank_C,E42,P003,NETBANKING
E02052,C0499,23337.96,CHECKOUT_ABANDONED,Bank_C,E17,P018,UPI
E02053,C0172,13084.49,INVOICE_OVERDUE,Bank_B,E42,P019,NETBANKING
E02054,C0189,2457.4,PAYMENT_FAILED,Bank_A,E17,P013,CARD
E02055,C0033,15499.12,INVOICE_OVERDUE,Bank_C,E17,P009,UPI
E02056,C0728,8153.94,SUBSCRIPTION_FAILED,Bank_B,E23,P015,UPI
E02057,C0005,15414.58,INVOICE_OVERDUE,Bank_D,E42,P009,WALLET
E02058,C0331,6135.01,PAYMENT_FAILED,Bank_A,E11,P013,CARD
E02059,C0940,21546.64,CHECKOUT_ABANDONED,Bank_A,E42,P012,CARD
E02060,C0528,7235.25,INVOICE_OVERDUE,Bank_D,E17,P002,CARD
E02061,C0177,18878.68,INVOICE_OVERDUE,Bank_C,E42,P018,NETBANKING
E02062,C0445,21887.24,SUBSCRIPTION_FAILED,Bank_A,E17,P020,NETBANKING
E02063,C0519,11110.46,INVOICE_OVERDUE,Bank_D,E23,P002,UPI
E02064,C0810,996.86,INVOICE_OVERDUE,Bank_D,E17,P014,UPI
E02065,C0011,23754.68,PAYMENT_FAILED,Bank_B,E23,P018,NETBANKING
E02066,C0958,9076.75,SUBSCRIPTION_FAILED,Bank_A,E42,P020,WALLET
E02067,C0970,10387.47,PAYMENT_FAILED,Bank_C,E42,P010,CARD
E02068,C0276,13329.97,PAYMENT_FAILED,Bank_B,E17,P002,NETBANKING
E02069,C0678,4162.96,INVOICE_OVERDUE,Bank_B,E42,P010,CARD
E02070,C0420,4389.57,SUBSCRIPTION_FAILED,Bank_B,E23,P014,NETBANKING
E02071,C0649,6693.82,CHECKOUT_ABANDONED,Bank_D,E17,P012,UPI
E02072,C0667,1425.68,INVOICE_OVERDUE,Bank_C,E42,P005,CARD
E02073,C0761,4786.18,PAYMENT_FAILED,Bank_C,E42,P009,NETBANKING
E02074,C0807,13187.21,SUBSCRIPTION_FAILED,Bank_C,E23,P006,NETBANKING
E02075,C0191,12896.16,CHECKOUT_ABANDONED,Bank_A,E42,P011,NETBANKING
E02076,C0153,17063.37,CHECKOUT_ABANDONED,Bank_C,E23,P011,WALLET
E02077,C0778,6714.9,PAYMENT_FAILED,Bank_B,E17,P020,UPI
E02078,C0215,22437.21,SUBSCRIPTION_FAILED,Bank_A,E42,P004,WALLET
E02079,C0193,14378.43,PAYMENT_FAILED,Bank_A,E42,P015,UPI
E02080,C0295,7186.47,INVOICE_OVERDUE,Bank_C,E23,P019,UPI
E02081,C0342,23657.15,PAYMENT_FAILED,Bank_A,E42,P012,WALLET
E02082,C0831,17543.19,CHECKOUT_ABANDONED,Bank_B,E23,P009,CARD
E02083,C0335,9967.18,PAYMENT_FAILED,Bank_A,E42,P008,UPI
E02084,C0496,21713.14,PAYMENT_FAILED,Bank_A,E42,P010,CARD
E02085,C0145,9620.85,PAYMENT_FAILED,Bank_C,E42,P007,UPI
E02086,C0754,1318.37,SUBSCRIPTION_FAILED,Bank_A,E42,P018,UPI
E02087,C0800,13542.52,CHECKOUT_ABANDONED,Bank_C,E17,P004,WALLET
E02088,C0290,19979.64,CHECKOUT_ABANDONED,Bank_B,E17,P004,NETBANKING
E02089,C0419,1998.71,SUBSCRIPTION_FAILED,Bank_B,E11,P013,NETBANKING
E02090,C0373,11279.36,SUBSCRIPTION_FAILED,Bank_A,E11,P008,NETBANKING
E02091,C0903,17371.37,INVOICE_OVERDUE,Bank_A,E42,P009,WALLET
E02092,C0984,13647.41,SUBSCRIPTION_FAILED,Bank_B,E23,P020,CARD
E02093,C0912,24825.15,SUBSCRIPTION_FAILED,Bank_B,E23,P020,WALLET
E02094,C0669,8307.54,CHECKOUT_ABANDONED,Bank_A,E23,P003,NETBANKING
E02095,C0891,13226.35,PAYMENT_FAILED,Bank_A,E42,P010,UPI
E02096,C0664,4724.81,PAYMENT_FAILED,Bank_A,E42,P012,UPI
E02097,C0149,3313.31,PAYMENT_FAILED,Bank_D,E11,P015,WALLET
E02098,C0245,22277.66,PAYMENT_FAILED,Bank_D,E23,P006,UPI
E02099,C0290,10557.66,CHECKOUT_ABANDONED,Bank_B,E17,P011,NETBANKING
E02100,C0258,4474.62,SUBSCRIPTION_FAILED,Bank_B,E17,P010,NETBANKING
E02101,C0078,5509.16,PAYMENT_FAILED,Bank_C,E42,P005,NETBANKING
E02102,C0287,848.59,INVOICE_OVERDUE,Bank_A,E42,P007,UPI
E02103,C0787,11121.86,INVOICE_OVERDUE,Bank_D,E23,P016,WALLET
E02104,C0708,1666.57,PAYMENT_FAILED,Bank_C,E23,P017,WALLET
E02105,C0202,791.66,INVOICE_OVERDUE,Bank_C,E17,P008,CARD
E02106,C0463,2090.03,PAYMENT_FAILED,Bank_C,E11,P015,UPI
E02107,C0298,14261.19,CHECKOUT_ABANDONED,Bank_C,E42,P020,UPI
E02108,C0334,4780.13,PAYMENT_FAILED,Bank_B,E42,P019,NETBANKING
E02109,C0152,9873.43,CHECKOUT_ABANDONED,Bank_A,E42,P008,NETBANKING
E02110,C0634,17299.72,CHECKOUT_ABANDONED,Bank_B,E17,P012,NETBANKING
E02111,C0047,5122.47,PAYMENT_FAILED,Bank_A,E42,P004,UPI
E02112,C0412,13054.61,SUBSCRIPTION_FAILED,Bank_B,E42,P013,UPI
E02113,C0710,698.07,CHECKOUT_ABANDONED,Bank_A,E42,P016,CARD
E02114,C0704,7238.83,CHECKOUT_ABANDONED,Bank_A,E42,P013,NETBANKING
E02115,C0223,11020.76,CHECKOUT_ABANDONED,Bank_D,E11,P003,UPI
E02116,C0712,22921.82,SUBSCRIPTION_FAILED,Bank_B,E17,P013,WALLET
E02117,C0603,10150.17,SUBSCRIPTION_FAILED,Bank_A,E42,P017,UPI
E02118,C0869,1261.82,SUBSCRIPTION_FAILED,Bank_C,E11,P011,CARD
E02119,C0649,12799.31,SUBSCRIPTION_FAILED,Bank_A,E42,P019,WALLET
E02120,C0987,24087.51,SUBSCRIPTION_FAILED,Bank_A,E17,P014,CARD
E02121,C0760,22477.44,PAYMENT_FAILED,Bank_C,E23,P007,NETBANKING
E02122,C0761,9732.47,PAYMENT_FAILED,Bank_A,E42,P008,UPI
E02123,C0951,15501.68,SUBSCRIPTION_FAILED,Bank_D,E11,P015,WALLET
E02124,C0432,16094.99,CHECKOUT_ABANDONED,Bank_C,E11,P007,NETBANKING
E02125,C0247,3287.18,SUBSCRIPTION_FAILED,Bank_D,E42,P013,UPI
E02126,C0242,19255.93,SUBSCRIPTION_FAILED,Bank_C,E42,P014,CARD
E02127,C0288,16026.43,CHECKOUT_ABANDONED,Bank_D,E42,P007,WALLET
E02128,C0565,6026.71,CHECKOUT_ABANDONED,Bank_C,E42,P002,WALLET
E02129,C0137,774.38,PAYMENT_FAILED,Bank_B,E23,P017,NETBANKING
E02130,C0868,3351.81,INVOICE_OVERDUE,Bank_A,E42,P002,WALLET
E02131,C0561,7742.18,INVOICE_OVERDUE,Bank_D,E17,P008,WALLET
E02132,C0869,18548.8,INVOICE_OVERDUE,Bank_A,E23,P016,WALLET
E02133,C0308,18414.74,CHECKOUT_ABANDONED,Bank_D,E11,P015,NETBANKING
E02134,C0031,21584.74,CHECKOUT_ABANDONED,Bank_A,E42,P005,UPI
E02135,C0529,4134.52,SUBSCRIPTION_FAILED,Bank_A,E42,P014,CARD
E02136,C0900,17376.87,CHECKOUT_ABANDONED,Bank_C,E11,P001,UPI
E02137,C0351,4866.71,CHECKOUT_ABANDONED,Bank_B,E42,P016,CARD
E02138,C0212,21854.61,INVOICE_OVERDUE,Bank_A,E42,P019,UPI
E02139,C0310,4844.13,PAYMENT_FAILED,Bank_A,E42,P005,UPI
E02140,C0456,15141.91,SUBSCRIPTION_FAILED,Bank_D,E42,P015,NETBANKING
E02141,C0234,1410.93,CHECKOUT_ABANDONED,Bank_C,E42,P018,WALLET
E02142,C0038,23458.67,SUBSCRIPTION_FAILED,Bank_B,E23,P001,CARD
E02143,C0976,5865.02,CHECKOUT_ABANDONED,Bank_A,E11,P006,CARD
E02144,C0654,7180.59,INVOICE_OVERDUE,Bank_B,E42,P014,NETBANKING
E02145,C0955,9894.84,INVOICE_OVERDUE,Bank_D,E17,P017,CARD
E02146,C0317,9069.43,PAYMENT_FAILED,Bank_C,E17,P004,UPI
E02147,C0821,9228.2,SUBSCRIPTION_FAILED,Bank_C,E23,P012,CARD
E02148,C0215,16036.16,CHECKOUT_ABANDONED,Bank_A,E17,P015,CARD
E02149,C0295,22136.76,PAYMENT_FAILED,Bank_D,E11,P008,CARD
E02150,C0261,14961.21,SUBSCRIPTION_FAILED,Bank_C,E42,P007,CARD
E02151,C0836,3430.95,CHECKOUT_ABANDONED,Bank_A,E42,P006,WALLET
E02152,C0263,7981.85,PAYMENT_FAILED,Bank_A,E11,P009,NETBANKING
E02153,C0522,17750.1,SUBSCRIPTION_FAILED,Bank_D,E11,P001,CARD
E02154,C0865,9443.62,PAYMENT_FAILED,Bank_A,E42,P004,NETBANKING
E02155,C0297,8584.25,INVOICE_OVERDUE,Bank_A,E17,P013,CARD
E02156,C0994,12648.08,INVOICE_OVERDUE,Bank_A,E17,P016,WALLET
E02157,C0034,13852.71,CHECKOUT_ABANDONED,Bank_D,E23,P007,NETBANKING
E02158,C0601,22452.69,SUBSCRIPTION_FAILED,Bank_D,E42,P003,NETBANKING
E02159,C0393,7299.89,INVOICE_OVERDUE,Bank_A,E17,P005,WALLET
E02160,C0940,6148.49,INVOICE_OVERDUE,Bank_D,E42,P002,UPI
E02161,C0544,8321.79,INVOICE_OVERDUE,Bank_D,E23,P009,WALLET
E02162,C0522,6930.28,SUBSCRIPTION_FAILED,Bank_A,E11,P016,CARD
E02163,C0169,4283.17,SUBSCRIPTION_FAILED,Bank_B,E42,P015,WALLET
E02164,C0156,24705.83,PAYMENT_FAILED,Bank_D,E42,P006,UPI
E02165,C0117,6944.76,INVOICE_OVERDUE,Bank_A,E42,P011,WALLET
E02166,C0222,6617.17,INVOICE_OVERDUE,Bank_C,E17,P013,WALLET
E02167,C0533,24219.88,SUBSCRIPTION_FAILED,Bank_A,E11,P016,NETBANKING
E02168,C0402,12497.78,PAYMENT_FAILED,Bank_D,E17,P014,CARD
E02169,C0655,8435.68,SUBSCRIPTION_FAILED,Bank_A,E11,P004,NETBANKING
E02170,C0250,23748.93,CHECKOUT_ABANDONED,Bank_D,E17,P009,NETBANKING
E02171,C0759,23312.71,CHECKOUT_ABANDONED,Bank_C,E23,P019,UPI
E02172,C0285,20196.62,SUBSCRIPTION_FAILED,Bank_D,E23,P005,UPI
E02173,C0162,5797.71,INVOICE_OVERDUE,Bank_C,E11,P018,UPI
E02174,C0527,21039.28,SUBSCRIPTION_FAILED,Bank_B,E42,P016,UPI
E02175,C0034,22579.99,CHECKOUT_ABANDONED,Bank_B,E42,P019,CARD
E02176,C0216,15055.56,SUBSCRIPTION_FAILED,Bank_D,E17,P004,NETBANKING
E02177,C0921,7889.12,PAYMENT_FAILED,Bank_C,E42,P016,UPI
E02178,C0183,14374.63,PAYMENT_FAILED,Bank_B,E17,P007,UPI
E02179,C0037,13352.35,SUBSCRIPTION_FAILED,Bank_B,E42,P018,NETBANKING
E02180,C0105,8720.43,SUBSCRIPTION_FAILED,Bank_D,E42,P019,UPI
E02181,C0042,3218.43,INVOICE_OVERDUE,Bank_B,E17,P003,UPI
E02182,C0991,20305.37,PAYMENT_FAILED,Bank_A,E42,P007,UPI
E02183,C0762,22656.15,SUBSCRIPTION_FAILED,Bank_C,E42,P018,CARD
E02184,C0090,12789.93,INVOICE_OVERDUE,Bank_B,E23,P007,NETBANKING
E02185,C0654,6483.64,SUBSCRIPTION_FAILED,Bank_C,E17,P004,NETBANKING
E02186,C0271,8361.59,PAYMENT_FAILED,Bank_A,E11,P017,UPI
E02187,C0030,4201.73,CHECKOUT_ABANDONED,Bank_D,E23,P015,CARD
E02188,C0379,8298.72,INVOICE_OVERDUE,Bank_D,E23,P002,NETBANKING
E02189,C0799,23474.95,PAYMENT_FAILED,Bank_C,E11,P003,CARD
E02190,C0702,20860.47,INVOICE_OVERDUE,Bank_B,E42,P003,CARD
E02191,C0992,10260.99,CHECKOUT_ABANDONED,Bank_D,E17,P008,UPI
E02192,C0558,15245.36,SUBSCRIPTION_FAILED,Bank_D,E42,P013,CARD
E02193,C0528,11525.7,INVOICE_OVERDUE,Bank_D,E11,P018,WALLET
E02194,C0702,17629.85,SUBSCRIPTION_FAILED,Bank_C,E42,P012,UPI
E02195,C0904,3506.41,PAYMENT_FAILED,Bank_A,E17,P008,WALLET
E02196,C0871,2954.15,CHECKOUT_ABANDONED,Bank_B,E42,P010,WALLET
E02197,C0238,9300.24,PAYMENT_FAILED,Bank_B,E23,P013,NETBANKING
E02198,C0223,15412.84,PAYMENT_FAILED,Bank_A,E42,P017,CARD
E02199,C0917,21529.72,INVOICE_OVERDUE,Bank_A,E23,P009,CARD
E02200,C0721,17547.16,SUBSCRIPTION_FAILED,Bank_A,E42,P019,NETBANKING
E02201,C0185,18829.56,PAYMENT_FAILED,Bank_A,E42,P017,WALLET
E02202,C0259,3338.26,SUBSCRIPTION_FAILED,Bank_B,E17,P002,WALLET
E02203,C0350,5359.73,CHECKOUT_ABANDONED,Bank_B,E17,P020,UPI
E02204,C0393,19023.75,CHECKOUT_ABANDONED,Bank_A,E17,P007,CARD
E02205,C0664,7498.79,INVOICE_OVERDUE,Bank_A,E42,P020,UPI
E02206,C0491,23215.78,SUBSCRIPTION_FAILED,Bank_A,E23,P012,NETBANKING
E02207,C0862,16697.39,SUBSCRIPTION_FAILED,Bank_B,E17,P002,UPI
E02208,C0290,6769.13,SUBSCRIPTION_FAILED,Bank_A,E42,P004,NETBANKING
E02209,C0717,9906.51,INVOICE_OVERDUE,Bank_A,E42,P001,UPI
E02210,C0716,19317.81,PAYMENT_FAILED,Bank_B,E11,P003,WALLET
E02211,C0795,5237.88,SUBSCRIPTION_FAILED,Bank_A,E42,P010,UPI
E02212,C0725,10480.19,INVOICE_OVERDUE,Bank_B,E23,P018,UPI
E02213,C0952,16287.71,INVOICE_OVERDUE,Bank_A,E17,P013,CARD
E02214,C0851,8032.82,PAYMENT_FAILED,Bank_A,E42,P020,UPI
E02215,C0304,1548.19,SUBSCRIPTION_FAILED,Bank_A,E17,P007,WALLET
E02216,C0961,18550.38,INVOICE_OVERDUE,Bank_D,E11,P001,NETBANKING
E02217,C0134,21058.48,CHECKOUT_ABANDONED,Bank_D,E17,P002,UPI
E02218,C0051,14349.58,SUBSCRIPTION_FAILED,Bank_C,E17,P008,NETBANKING
E02219,C0911,1778.53,CHECKOUT_ABANDONED,Bank_A,E42,P017,NETBANKING
E02220,C0467,4205.46,CHECKOUT_ABANDONED,Bank_C,E17,P008,NETBANKING
E02221,C0726,4422.36,INVOICE_OVERDUE,Bank_A,E42,P012,NETBANKING
E02222,C0620,17757.94,INVOICE_OVERDUE,Bank_A,E11,P005,WALLET
E02223,C0876,11031.48,INVOICE_OVERDUE,Bank_D,E42,P009,UPI
E02224,C0195,4980.9,SUBSCRIPTION_FAILED,Bank_D,E17,P001,WALLET
E02225,C0196,3748.26,CHECKOUT_ABANDONED,Bank_C,E17,P017,UPI
E02226,C0260,24832.68,CHECKOUT_ABANDONED,Bank_D,E23,P006,NETBANKING
E02227,C0372,1239.7,INVOICE_OVERDUE,Bank_C,E11,P006,NETBANKING
E02228,C0264,4460.97,INVOICE_OVERDUE,Bank_B,E23,P002,UPI
E02229,C0829,14476.22,INVOICE_OVERDUE,Bank_A,E23,P016,WALLET
E02230,C0781,5117.96,SUBSCRIPTION_FAILED,Bank_D,E42,P005,NETBANKING
E02231,C0727,21998.24,SUBSCRIPTION_FAILED,Bank_C,E17,P018,CARD
E02232,C0839,18622.73,SUBSCRIPTION_FAILED,Bank_B,E17,P007,UPI
E02233,C0074,2893.73,PAYMENT_FAILED,Bank_B,E11,P017,CARD
E02234,C0084,2044.32,SUBSCRIPTION_FAILED,Bank_A,E42,P015,NETBANKING
E02235,C0368,7554.47,INVOICE_OVERDUE,Bank_A,E23,P015,WALLET
E02236,C0168,3440.07,CHECKOUT_ABANDONED,Bank_D,E23,P014,WALLET
E02237,C0217,22810.01,PAYMENT_FAILED,Bank_B,E42,P002,CARD
E02238,C0260,3689.76,INVOICE_OVERDUE,Bank_A,E42,P002,UPI
E02239,C0570,12116.92,SUBSCRIPTION_FAILED,Bank_D,E42,P008,WALLET
E02240,C0128,22217.9,PAYMENT_FAILED,Bank_D,E23,P017,CARD
E02241,C0964,649.04,INVOICE_OVERDUE,Bank_B,E11,P007,CARD
E02242,C0833,23989.49,PAYMENT_FAILED,Bank_C,E11,P010,CARD
E02243,C0823,3536.51,SUBSCRIPTION_FAILED,Bank_D,E23,P009,UPI
E02244,C0476,22445.12,INVOICE_OVERDUE,Bank_A,E23,P007,CARD
E02245,C0684,17188.73,PAYMENT_FAILED,Bank_C,E17,P010,NETBANKING
E02246,C0997,12207.99,INVOICE_OVERDUE,Bank_C,E42,P014,WALLET
E02247,C0570,23030.28,PAYMENT_FAILED,Bank_A,E42,P018,WALLET
E02248,C0802,6494.81,SUBSCRIPTION_FAILED,Bank_A,E42,P006,NETBANKING
E02249,C0938,7752.6,CHECKOUT_ABANDONED,Bank_A,E42,P017,CARD
E02250,C0217,13191.06,INVOICE_OVERDUE,Bank_A,E42,P017,WALLET
E02251,C0325,9792.82,CHECKOUT_ABANDONED,Bank_C,E11,P004,CARD
E02252,C0844,22939.32,CHECKOUT_ABANDONED,Bank_C,E17,P001,UPI
E02253,C0699,4748.04,SUBSCRIPTION_FAILED,Bank_D,E42,P013,CARD
E02254,C0427,17255.16,CHECKOUT_ABANDONED,Bank_A,E17,P016,CARD
E02255,C0650,8566.47,INVOICE_OVERDUE,Bank_B,E23,P020,UPI
E02256,C0667,4366.76,SUBSCRIPTION_FAILED,Bank_B,E42,P001,WALLET
E02257,C0240,22005.08,INVOICE_OVERDUE,Bank_A,E42,P017,UPI
E02258,C0537,21894.48,CHECKOUT_ABANDONED,Bank_A,E42,P004,NETBANKING
E02259,C0084,1193.95,CHECKOUT_ABANDONED,Bank_A,E42,P009,WALLET
E02260,C0246,14535.04,INVOICE_OVERDUE,Bank_A,E42,P006,NETBANKING
E02261,C0907,1335.34,INVOICE_OVERDUE,Bank_C,E42,P015,WALLET
E02262,C0952,613.79,SUBSCRIPTION_FAILED,Bank_B,E42,P007,CARD
E02263,C0963,22362.29,CHECKOUT_ABANDONED,Bank_A,E42,P005,UPI
E02264,C0362,3620.05,PAYMENT_FAILED,Bank_C,E42,P002,WALLET
E02265,C0574,23227.25,SUBSCRIPTION_FAILED,Bank_C,E11,P015,CARD
E02266,C0407,5530.83,SUBSCRIPTION_FAILED,Bank_A,E42,P011,UPI
E02267,C0016,17783.14,INVOICE_OVERDUE,Bank_B,E17,P012,NETBANKING
E02268,C0459,14346.74,CHECKOUT_ABANDONED,Bank_B,E42,P003,CARD
E02269,C0549,23973.14,PAYMENT_FAILED,Bank_B,E42,P006,WALLET
E02270,C0194,14151.87,CHECKOUT_ABANDONED,Bank_D,E23,P007,CARD
E02271,C0899,11605.84,SUBSCRIPTION_FAILED,Bank_C,E42,P014,WALLET
E02272,C0373,20307.28,SUBSCRIPTION_FAILED,Bank_A,E42,P015,WALLET
E02273,C0814,18301.9,CHECKOUT_ABANDONED,Bank_C,E17,P014,NETBANKING
E02274,C0538,14328.83,SUBSCRIPTION_FAILED,Bank_D,E17,P005,NETBANKING
E02275,C0683,1278.83,SUBSCRIPTION_FAILED,Bank_A,E23,P012,NETBANKING
E02276,C0813,24325.87,PAYMENT_FAILED,Bank_B,E23,P019,NETBANKING
E02277,C0830,18237.61,INVOICE_OVERDUE,Bank_A,E42,P018,WALLET
E02278,C0273,14862.85,CHECKOUT_ABANDONED,Bank_A,E42,P018,WALLET
E02279,C0117,2206.99,SUBSCRIPTION_FAILED,Bank_A,E42,P010,UPI
E02280,C0234,19427.1,CHECKOUT_ABANDONED,Bank_A,E17,P003,CARD
E02281,C0036,21889.37,SUBSCRIPTION_FAILED,Bank_A,E42,P018,WALLET
E02282,C0444,7893.59,CHECKOUT_ABANDONED,Bank_B,E42,P002,WALLET
E02283,C0724,5055.86,CHECKOUT_ABANDONED,Bank_C,E11,P015,WALLET
E02284,C0330,6293.61,PAYMENT_FAILED,Bank_C,E17,P008,NETBANKING
E02285,C0518,9050.38,INVOICE_OVERDUE,Bank_B,E23,P001,NETBANKING
E02286,C0997,7099.24,INVOICE_OVERDUE,Bank_B,E23,P019,UPI
E02287,C0522,7177.01,CHECKOUT_ABANDONED,Bank_B,E17,P002,WALLET
E02288,C0906,19189.96,SUBSCRIPTION_FAILED,Bank_B,E23,P013,UPI
E02289,C0594,24040.96,CHECKOUT_ABANDONED,Bank_A,E11,P001,NETBANKING
E02290,C0841,19579.08,PAYMENT_FAILED,Bank_B,E42,P006,UPI
E02291,C0283,16998.09,SUBSCRIPTION_FAILED,Bank_C,E23,P008,UPI
E02292,C0242,10096.52,SUBSCRIPTION_FAILED,Bank_B,E23,P010,CARD
E02293,C0061,6163.81,CHECKOUT_ABANDONED,Bank_C,E23,P004,UPI
E02294,C0998,14058.3,INVOICE_OVERDUE,Bank_A,E42,P018,CARD
E02295,C0474,24705.57,INVOICE_OVERDUE,Bank_A,E42,P013,WALLET
E02296,C0383,20334.89,SUBSCRIPTION_FAILED,Bank_C,E23,P004,UPI
E02297,C0067,11215.89,CHECKOUT_ABANDONED,Bank_C,E11,P019,UPI
E02298,C0133,1945.58,INVOICE_OVERDUE,Bank_A,E23,P007,UPI
E02299,C0516,24152.3,PAYMENT_FAILED,Bank_A,E17,P008,WALLET
E02300,C0648,17147.95,PAYMENT_FAILED,Bank_A,E42,P008,UPI
E02301,C0247,2174.62,PAYMENT_FAILED,Bank_A,E42,P013,UPI
E02302,C0007,18097.68,INVOICE_OVERDUE,Bank_D,E23,P003,NETBANKING
E02303,C0122,3629.7,PAYMENT_FAILED,Bank_A,E42,P015,CARD
E02304,C0966,4639.82,CHECKOUT_ABANDONED,Bank_A,E17,P018,UPI
E02305,C0316,11907.66,SUBSCRIPTION_FAILED,Bank_C,E11,P017,WALLET
E02306,C0115,6124.89,INVOICE_OVERDUE,Bank_B,E11,P004,UPI
E02307,C0302,15325.98,INVOICE_OVERDUE,Bank_A,E23,P006,UPI
E02308,C0016,23431.34,CHECKOUT_ABANDONED,Bank_D,E42,P014,WALLET
E02309,C0129,13012.48,SUBSCRIPTION_FAILED,Bank_A,E42,P007,UPI
E02310,C0615,19574.55,SUBSCRIPTION_FAILED,Bank_C,E11,P013,CARD
E02311,C0516,14503.93,CHECKOUT_ABANDONED,Bank_D,E17,P012,UPI
E02312,C0500,11201.06,CHECKOUT_ABANDONED,Bank_A,E23,P020,UPI
E02313,C0817,19886.79,CHECKOUT_ABANDONED,Bank_A,E17,P008,CARD
E02314,C0959,24038.13,PAYMENT_FAILED,Bank_B,E11,P011,CARD
E02315,C0376,15639.39,INVOICE_OVERDUE,Bank_A,E23,P016,NETBANKING
E02316,C0167,10737.48,INVOICE_OVERDUE,Bank_C,E42,P012,WALLET
E02317,C0099,2494.06,CHECKOUT_ABANDONED,Bank_B,E11,P017,NETBANKING
E02318,C0579,12010.15,INVOICE_OVERDUE,Bank_A,E11,P015,UPI
E02319,C0152,9881.45,INVOICE_OVERDUE,Bank_C,E23,P016,CARD
E02320,C0923,24734.89,SUBSCRIPTION_FAILED,Bank_C,E17,P020,WALLET
E02321,C0790,920.22,PAYMENT_FAILED,Bank_D,E11,P010,NETBANKING
E02322,C0389,11818.99,PAYMENT_FAILED,Bank_A,E42,P003,NETBANKING
E02323,C0776,22402.7,SUBSCRIPTION_FAILED,Bank_A,E23,P002,CARD
E02324,C0019,7178.56,INVOICE_OVERDUE,Bank_A,E42,P018,CARD
E02325,C0694,3650.38,INVOICE_OVERDUE,Bank_C,E11,P012,UPI
E02326,C0226,10515.94,SUBSCRIPTION_FAILED,Bank_A,E42,P007,NETBANKING
E02327,C0961,21223.74,PAYMENT_FAILED,Bank_A,E42,P001,NETBANKING
E02328,C0357,3442.22,INVOICE_OVERDUE,Bank_A,E42,P009,WALLET
E02329,C0057,6032.7,PAYMENT_FAILED,Bank_C,E23,P010,CARD
E02330,C0138,12339.59,SUBSCRIPTION_FAILED,Bank_D,E17,P009,WALLET
E02331,C0916,6674.14,PAYMENT_FAILED,Bank_B,E23,P009,WALLET
E02332,C0493,9208.51,PAYMENT_FAILED,Bank_A,E42,P008,NETBANKING
E02333,C0944,14414.44,PAYMENT_FAILED,Bank_A,E23,P016,UPI
E02334,C0789,17485.22,SUBSCRIPTION_FAILED,Bank_B,E42,P016,NETBANKING
E02335,C0962,6863.9,INVOICE_OVERDUE,Bank_B,E11,P017,WALLET
E02336,C0065,17205.89,INVOICE_OVERDUE,Bank_A,E42,P019,NETBANKING
E02337,C0189,20773.28,PAYMENT_FAILED,Bank_B,E42,P012,NETBANKING
E02338,C0317,6145.34,CHECKOUT_ABANDONED,Bank_A,E23,P017,NETBANKING
E02339,C0764,24968.11,CHECKOUT_ABANDONED,Bank_C,E17,P019,NETBANKING
E02340,C0012,24491.34,SUBSCRIPTION_FAILED,Bank_C,E23,P019,NETBANKING
E02341,C0819,3998.23,INVOICE_OVERDUE,Bank_B,E23,P016,NETBANKING
E02342,C0057,9483.35,CHECKOUT_ABANDONED,Bank_A,E42,P013,UPI
E02343,C0010,14478.72,SUBSCRIPTION_FAILED,Bank_A,E42,P005,WALLET
E02344,C0455,16469.1,SUBSCRIPTION_FAILED,Bank_B,E17,P018,UPI
E02345,C0943,8298.29,SUBSCRIPTION_FAILED,Bank_B,E11,P015,WALLET
E02346,C0972,6998.07,CHECKOUT_ABANDONED,Bank_A,E42,P004,NETBANKING
E02347,C0769,649.14,PAYMENT_FAILED,Bank_A,E42,P015,WALLET
E02348,C0847,21983.04,INVOICE_OVERDUE,Bank_D,E17,P006,CARD
E02349,C0382,4167.0,SUBSCRIPTION_FAILED,Bank_B,E42,P001,NETBANKING
E02350,C0645,4719.35,PAYMENT_FAILED,Bank_B,E23,P003,CARD
E02351,C0932,3849.03,PAYMENT_FAILED,Bank_B,E17,P012,WALLET
E02352,C0786,7662.17,PAYMENT_FAILED,Bank_B,E23,P009,NETBANKING
E02353,C0704,9671.24,SUBSCRIPTION_FAILED,Bank_A,E11,P008,NETBANKING
E02354,C0292,5883.88,CHECKOUT_ABANDONED,Bank_A,E42,P020,WALLET
E02355,C0441,2071.31,CHECKOUT_ABANDONED,Bank_B,E23,P005,CARD
E02356,C0568,2802.11,CHECKOUT_ABANDONED,Bank_D,E17,P020,CARD
E02357,C0427,19254.71,CHECKOUT_ABANDONED,Bank_A,E42,P011,CARD
E02358,C0528,17782.52,SUBSCRIPTION_FAILED,Bank_D,E11,P015,NETBANKING
E02359,C0371,10379.15,SUBSCRIPTION_FAILED,Bank_A,E17,P005,UPI
E02360,C0885,11099.74,SUBSCRIPTION_FAILED,Bank_C,E23,P016,CARD
E02361,C0111,1836.22,PAYMENT_FAILED,Bank_C,E42,P014,NETBANKING
E02362,C0799,14995.89,PAYMENT_FAILED,Bank_A,E42,P015,CARD
E02363,C0219,8660.3,PAYMENT_FAILED,Bank_A,E42,P016,CARD
E02364,C0685,13658.45,PAYMENT_FAILED,Bank_A,E42,P015,WALLET
E02365,C0892,15610.08,PAYMENT_FAILED,Bank_C,E23,P006,CARD
E02366,C0984,17156.89,PAYMENT_FAILED,Bank_A,E11,P020,NETBANKING
E02367,C0980,3309.89,SUBSCRIPTION_FAILED,Bank_A,E11,P015,CARD
E02368,C0539,19734.76,PAYMENT_FAILED,Bank_C,E11,P019,CARD
E02369,C0668,22603.76,PAYMENT_FAILED,Bank_C,E11,P014,WALLET
E02370,C0718,14746.95,PAYMENT_FAILED,Bank_B,E11,P014,UPI
E02371,C0095,3482.92,INVOICE_OVERDUE,Bank_A,E42,P009,NETBANKING
E02372,C0179,2846.31,SUBSCRIPTION_FAILED,Bank_C,E42,P005,WALLET
E02373,C0243,22718.96,INVOICE_OVERDUE,Bank_D,E42,P005,WALLET
E02374,C0584,18062.51,PAYMENT_FAILED,Bank_C,E42,P019,CARD
E02375,C0057,2345.38,CHECKOUT_ABANDONED,Bank_C,E17,P007,WALLET
E02376,C0504,14162.7,INVOICE_OVERDUE,Bank_D,E23,P019,WALLET
E02377,C1000,20606.55,INVOICE_OVERDUE,Bank_D,E42,P019,UPI
E02378,C0043,22315.34,CHECKOUT_ABANDONED,Bank_A,E42,P003,WALLET
E02379,C0413,22779.33,INVOICE_OVERDUE,Bank_B,E11,P008,CARD
E02380,C0922,15945.33,INVOICE_OVERDUE,Bank_A,E23,P009,WALLET
E02381,C0073,6387.91,INVOICE_OVERDUE,Bank_D,E17,P001,UPI
E02382,C0608,8389.79,INVOICE_OVERDUE,Bank_B,E23,P013,WALLET
E02383,C0793,4761.72,CHECKOUT_ABANDONED,Bank_D,E11,P007,UPI
E02384,C0608,7184.16,CHECKOUT_ABANDONED,Bank_B,E17,P014,UPI
E02385,C0448,5499.79,CHECKOUT_ABANDONED,Bank_A,E42,P008,CARD
E02386,C0308,1997.51,INVOICE_OVERDUE,Bank_A,E23,P018,NETBANKING
E02387,C0308,13711.15,SUBSCRIPTION_FAILED,Bank_A,E11,P002,NETBANKING
E02388,C0925,16548.11,PAYMENT_FAILED,Bank_C,E42,P020,CARD
E02389,C0031,12354.6,CHECKOUT_ABANDONED,Bank_A,E11,P002,WALLET
E02390,C0524,8754.71,INVOICE_OVERDUE,Bank_A,E42,P003,CARD
E02391,C0829,6522.76,PAYMENT_FAILED,Bank_D,E11,P003,WALLET
E02392,C0580,13271.13,CHECKOUT_ABANDONED,Bank_C,E11,P014,NETBANKING
E02393,C0764,24689.19,INVOICE_OVERDUE,Bank_A,E42,P009,CARD
E02394,C0570,20980.75,PAYMENT_FAILED,Bank_C,E17,P019,NETBANKING
E02395,C0254,1619.77,INVOICE_OVERDUE,Bank_C,E17,P018,NETBANKING
E02396,C0796,1724.58,INVOICE_OVERDUE,Bank_A,E42,P014,WALLET
E02397,C0221,11197.06,CHECKOUT_ABANDONED,Bank_A,E42,P010,CARD
E02398,C0896,13364.06,PAYMENT_FAILED,Bank_C,E11,P012,UPI
E02399,C0441,22724.38,INVOICE_OVERDUE,Bank_A,E42,P003,UPI
E02400,C0344,8517.87,INVOICE_OVERDUE,Bank_B,E11,P011,WALLET
E02401,C0322,24112.49,CHECKOUT_ABANDONED,Bank_D,E23,P019,CARD
E02402,C0856,18828.19,PAYMENT_FAILED,Bank_A,E23,P007,CARD
E02403,C0554,22420.41,PAYMENT_FAILED,Bank_A,E17,P008,WALLET
E02404,C0217,3212.29,PAYMENT_FAILED,Bank_A,E42,P015,UPI
E02405,C0949,19936.16,PAYMENT_FAILED,Bank_C,E11,P020,CARD
E02406,C0932,9402.01,INVOICE_OVERDUE,Bank_D,E17,P019,UPI
E02407,C0851,7277.25,INVOICE_OVERDUE,Bank_A,E42,P012,WALLET
E02408,C0273,20663.03,CHECKOUT_ABANDONED,Bank_A,E23,P003,UPI
E02409,C0758,10775.05,PAYMENT_FAILED,Bank_B,E23,P010,UPI
E02410,C0303,17161.5,INVOICE_OVERDUE,Bank_C,E11,P020,NETBANKING
E02411,C0447,17438.07,SUBSCRIPTION_FAILED,Bank_A,E11,P014,NETBANKING
E02412,C0518,24434.82,CHECKOUT_ABANDONED,Bank_D,E17,P005,NETBANKING
E02413,C0027,7249.95,PAYMENT_FAILED,Bank_C,E17,P007,WALLET
E02414,C0974,12096.97,INVOICE_OVERDUE,Bank_A,E11,P005,CARD
E02415,C0123,22456.85,INVOICE_OVERDUE,Bank_C,E23,P006,UPI
E02416,C0701,10216.85,SUBSCRIPTION_FAILED,Bank_A,E42,P005,NETBANKING
E02417,C0006,9715.67,SUBSCRIPTION_FAILED,Bank_A,E17,P010,CARD
E02418,C0553,15474.75,CHECKOUT_ABANDONED,Bank_D,E11,P015,WALLET
E02419,C0959,9699.68,INVOICE_OVERDUE,Bank_A,E42,P012,UPI
E02420,C0067,7864.48,INVOICE_OVERDUE,Bank_A,E23,P003,CARD
E02421,C0049,13312.48,INVOICE_OVERDUE,Bank_C,E11,P015,NETBANKING
E02422,C0757,13797.95,INVOICE_OVERDUE,Bank_C,E23,P001,NETBANKING
E02423,C0251,12551.95,INVOICE_OVERDUE,Bank_B,E42,P015,NETBANKING
E02424,C0358,8807.38,SUBSCRIPTION_FAILED,Bank_C,E23,P015,NETBANKING
E02425,C0573,21350.4,SUBSCRIPTION_FAILED,Bank_C,E11,P019,NETBANKING
E02426,C0533,18382.83,PAYMENT_FAILED,Bank_D,E42,P003,NETBANKING
E02427,C0673,14142.18,PAYMENT_FAILED,Bank_B,E23,P012,NETBANKING
E02428,C0034,15802.34,INVOICE_OVERDUE,Bank_A,E42,P018,WALLET
E02429,C0713,19970.87,PAYMENT_FAILED,Bank_A,E42,P002,UPI
E02430,C0318,18901.44,SUBSCRIPTION_FAILED,Bank_B,E11,P019,UPI
E02431,C0624,18019.98,SUBSCRIPTION_FAILED,Bank_B,E17,P018,WALLET
E02432,C0021,8668.23,SUBSCRIPTION_FAILED,Bank_D,E23,P005,NETBANKING
E02433,C0807,22760.96,INVOICE_OVERDUE,Bank_C,E17,P005,UPI
E02434,C0180,16902.02,INVOICE_OVERDUE,Bank_A,E17,P016,WALLET
E02435,C0483,21313.82,PAYMENT_FAILED,Bank_A,E42,P019,NETBANKING
E02436,C0133,16317.3,SUBSCRIPTION_FAILED,Bank_C,E11,P014,UPI
E02437,C0728,10309.65,INVOICE_OVERDUE,Bank_C,E42,P020,NETBANKING
E02438,C0119,22096.13,PAYMENT_FAILED,Bank_D,E11,P018,NETBANKING
E02439,C0428,15732.07,SUBSCRIPTION_FAILED,Bank_B,E42,P010,WALLET
E02440,C0921,20028.38,SUBSCRIPTION_FAILED,Bank_D,E11,P006,WALLET
E02441,C0589,17539.86,PAYMENT_FAILED,Bank_A,E23,P008,NETBANKING
E02442,C0876,15588.18,INVOICE_OVERDUE,Bank_A,E42,P017,NETBANKING
E02443,C0308,22381.9,PAYMENT_FAILED,Bank_C,E42,P006,UPI
E02444,C0146,20684.09,INVOICE_OVERDUE,Bank_A,E42,P020,CARD
E02445,C0487,18398.87,SUBSCRIPTION_FAILED,Bank_C,E17,P015,UPI
E02446,C0981,3662.72,CHECKOUT_ABANDONED,Bank_B,E11,P013,WALLET
E02447,C0113,1785.28,PAYMENT_FAILED,Bank_A,E11,P002,NETBANKING
E02448,C0271,21340.15,INVOICE_OVERDUE,Bank_B,E23,P006,NETBANKING
E02449,C0675,8111.38,SUBSCRIPTION_FAILED,Bank_A,E11,P010,CARD
E02450,C0257,23053.58,SUBSCRIPTION_FAILED,Bank_B,E17,P002,NETBANKING
E02451,C0137,12315.16,PAYMENT_FAILED,Bank_A,E42,P007,WALLET
E02452,C0446,5251.17,CHECKOUT_ABANDONED,Bank_D,E42,P016,NETBANKING
E02453,C0032,18512.01,INVOICE_OVERDUE,Bank_B,E42,P003,WALLET
E02454,C0275,16149.11,PAYMENT_FAILED,Bank_D,E11,P007,WALLET
E02455,C0330,14761.97,PAYMENT_FAILED,Bank_D,E42,P018,NETBANKING
E02456,C0556,586.02,SUBSCRIPTION_FAILED,Bank_D,E17,P018,WALLET
E02457,C0129,7970.9,SUBSCRIPTION_FAILED,Bank_A,E42,P006,NETBANKING
E02458,C0485,18943.43,PAYMENT_FAILED,Bank_C,E23,P020,CARD
E02459,C0265,13810.54,SUBSCRIPTION_FAILED,Bank_A,E42,P008,WALLET
E02460,C0934,20943.36,SUBSCRIPTION_FAILED,Bank_C,E11,P010,WALLET
E02461,C0579,14342.7,SUBSCRIPTION_FAILED,Bank_B,E11,P019,WALLET
E02462,C0937,20610.91,SUBSCRIPTION_FAILED,Bank_D,E23,P016,CARD
E02463,C0405,24379.46,INVOICE_OVERDUE,Bank_D,E42,P018,NETBANKING
E02464,C0405,12913.86,INVOICE_OVERDUE,Bank_C,E23,P017,WALLET
E02465,C0509,2963.65,INVOICE_OVERDUE,Bank_D,E17,P015,CARD
E02466,C0716,23639.95,INVOICE_OVERDUE,Bank_C,E17,P019,CARD
E02467,C0398,20677.95,INVOICE_OVERDUE,Bank_C,E17,P003,CARD
E02468,C0846,7222.37,PAYMENT_FAILED,Bank_A,E42,P014,WALLET
E02469,C0002,3636.43,PAYMENT_FAILED,Bank_A,E42,P009,UPI
E02470,C0370,9127.39,SUBSCRIPTION_FAILED,Bank_D,E11,P002,WALLET
E02471,C0129,14356.23,INVOICE_OVERDUE,Bank_C,E11,P006,NETBANKING
E02472,C0349,5963.81,PAYMENT_FAILED,Bank_A,E11,P003,CARD
E02473,C0142,14389.03,PAYMENT_FAILED,Bank_D,E17,P004,CARD
E02474,C0355,4096.52,SUBSCRIPTION_FAILED,Bank_C,E23,P002,NETBANKING
E02475,C0719,4683.36,SUBSCRIPTION_FAILED,Bank_A,E17,P018,WALLET
E02476,C0072,9727.68,CHECKOUT_ABANDONED,Bank_C,E11,P002,CARD
E02477,C0915,23476.52,INVOICE_OVERDUE,Bank_A,E17,P011,UPI
E02478,C0510,9859.85,CHECKOUT_ABANDONED,Bank_A,E11,P015,WALLET
E02479,C0816,9618.58,PAYMENT_FAILED,Bank_D,E17,P017,WALLET
E02480,C0294,11131.94,PAYMENT_FAILED,Bank_A,E42,P010,CARD
E02481,C0015,6968.66,INVOICE_OVERDUE,Bank_B,E17,P004,UPI
E02482,C0753,5537.32,SUBSCRIPTION_FAILED,Bank_D,E42,P013,NETBANKING
E02483,C0146,14913.69,INVOICE_OVERDUE,Bank_C,E17,P011,UPI
E02484,C0822,7576.01,CHECKOUT_ABANDONED,Bank_D,E11,P005,NETBANKING
E02485,C0318,5077.45,INVOICE_OVERDUE,Bank_A,E11,P009,UPI
E02486,C0598,21303.85,PAYMENT_FAILED,Bank_A,E11,P017,NETBANKING
E02487,C0841,21020.29,CHECKOUT_ABANDONED,Bank_B,E23,P006,WALLET
E02488,C0244,21324.41,PAYMENT_FAILED,Bank_A,E42,P015,CARD
E02489,C0625,617.6,PAYMENT_FAILED,Bank_C,E11,P020,CARD
E02490,C0052,22953.47,SUBSCRIPTION_FAILED,Bank_C,E17,P011,NETBANKING
E02491,C0041,4670.71,SUBSCRIPTION_FAILED,Bank_A,E42,P016,WALLET
E02492,C0979,8180.14,SUBSCRIPTION_FAILED,Bank_B,E17,P006,CARD
E02493,C0138,24556.99,PAYMENT_FAILED,Bank_A,E42,P018,CARD
E02494,C0195,10590.65,PAYMENT_FAILED,Bank_D,E23,P010,WALLET
E02495,C0962,11092.52,PAYMENT_FAILED,Bank_D,E17,P009,NETBANKING
E02496,C0740,7162.27,PAYMENT_FAILED,Bank_D,E42,P018,WALLET
E02497,C0894,744.29,SUBSCRIPTION_FAILED,Bank_A,E11,P017,CARD
E02498,C0784,16000.32,CHECKOUT_ABANDONED,Bank_C,E23,P017,CARD
E02499,C0747,24781.59,INVOICE_OVERDUE,Bank_D,E42,P015,CARD
E02500,C0946,1649.01,INVOICE_OVERDUE,Bank_D,E23,P020,UPI
E02501,C0964,5012.81,INVOICE_OVERDUE,Bank_C,E23,P006,NETBANKING
E02502,C0798,23990.27,CHECKOUT_ABANDONED,Bank_C,E11,P018,WALLET
E02503,C0791,17948.61,SUBSCRIPTION_FAILED,Bank_C,E42,P011,CARD
E02504,C0973,21423.38,CHECKOUT_ABANDONED,Bank_D,E11,P020,UPI
E02505,C0792,22037.02,INVOICE_OVERDUE,Bank_A,E17,P015,NETBANKING
E02506,C0384,3299.09,SUBSCRIPTION_FAILED,Bank_B,E17,P014,CARD
E02507,C0592,18317.44,SUBSCRIPTION_FAILED,Bank_D,E11,P010,UPI
E02508,C0701,13642.52,CHECKOUT_ABANDONED,Bank_A,E42,P016,NETBANKING
E02509,C0171,23218.01,CHECKOUT_ABANDONED,Bank_D,E42,P004,UPI
E02510,C0065,3325.32,INVOICE_OVERDUE,Bank_A,E42,P019,CARD
E02511,C0554,14376.57,CHECKOUT_ABANDONED,Bank_A,E11,P009,NETBANKING
E02512,C0422,8563.42,INVOICE_OVERDUE,Bank_A,E17,P003,NETBANKING
E02513,C0301,11753.3,CHECKOUT_ABANDONED,Bank_B,E42,P007,NETBANKING
E02514,C0077,22391.49,PAYMENT_FAILED,Bank_A,E11,P016,UPI
E02515,C0230,20904.97,CHECKOUT_ABANDONED,Bank_B,E11,P008,UPI
E02516,C0019,11189.09,INVOICE_OVERDUE,Bank_A,E42,P002,WALLET
E02517,C0973,22579.13,CHECKOUT_ABANDONED,Bank_A,E42,P020,UPI
E02518,C0786,6153.83,INVOICE_OVERDUE,Bank_A,E17,P011,WALLET
E02519,C0002,9226.09,PAYMENT_FAILED,Bank_B,E11,P020,WALLET
E02520,C1000,21226.54,INVOICE_OVERDUE,Bank_D,E11,P016,UPI
E02521,C0274,930.35,CHECKOUT_ABANDONED,Bank_B,E42,P017,WALLET
E02522,C0349,24263.18,SUBSCRIPTION_FAILED,Bank_A,E42,P005,UPI
E02523,C0763,2447.06,CHECKOUT_ABANDONED,Bank_B,E42,P012,UPI
E02524,C0832,17669.1,INVOICE_OVERDUE,Bank_D,E42,P002,CARD
E02525,C0493,22280.3,INVOICE_OVERDUE,Bank_C,E17,P012,NETBANKING
E02526,C0906,1623.37,INVOICE_OVERDUE,Bank_A,E17,P012,NETBANKING
E02527,C0250,12025.59,INVOICE_OVERDUE,Bank_D,E42,P012,UPI
E02528,C0609,5011.19,CHECKOUT_ABANDONED,Bank_A,E42,P014,WALLET
E02529,C0249,2250.24,CHECKOUT_ABANDONED,Bank_A,E11,P005,CARD
E02530,C0066,5893.17,PAYMENT_FAILED,Bank_A,E23,P004,NETBANKING
E02531,C0218,3998.84,PAYMENT_FAILED,Bank_A,E17,P015,CARD
E02532,C0648,22619.26,PAYMENT_FAILED,Bank_B,E42,P014,UPI
E02533,C0073,21457.7,CHECKOUT_ABANDONED,Bank_D,E17,P013,NETBANKING
E02534,C0032,18995.83,PAYMENT_FAILED,Bank_A,E23,P008,WALLET
E02535,C0949,20870.17,SUBSCRIPTION_FAILED,Bank_A,E42,P012,WALLET
E02536,C0207,4713.27,SUBSCRIPTION_FAILED,Bank_D,E23,P018,NETBANKING
E02537,C0424,24768.85,INVOICE_OVERDUE,Bank_A,E42,P008,NETBANKING
E02538,C0623,18945.3,SUBSCRIPTION_FAILED,Bank_B,E23,P017,CARD
E02539,C0174,7858.9,PAYMENT_FAILED,Bank_D,E42,P011,UPI
E02540,C0117,12045.64,CHECKOUT_ABANDONED,Bank_A,E23,P004,CARD
E02541,C0979,1341.14,INVOICE_OVERDUE,Bank_A,E42,P018,CARD
E02542,C0063,5774.18,INVOICE_OVERDUE,Bank_D,E11,P014,NETBANKING
E02543,C0946,11382.23,SUBSCRIPTION_FAILED,Bank_C,E11,P009,UPI
E02544,C0594,23229.44,PAYMENT_FAILED,Bank_D,E11,P008,UPI
E02545,C0872,16582.12,INVOICE_OVERDUE,Bank_A,E42,P004,WALLET
E02546,C0060,23288.44,CHECKOUT_ABANDONED,Bank_A,E42,P007,WALLET
E02547,C0917,18815.58,SUBSCRIPTION_FAILED,Bank_D,E23,P002,WALLET
E02548,C0080,1458.56,INVOICE_OVERDUE,Bank_A,E42,P019,CARD
E02549,C0890,17680.14,PAYMENT_FAILED,Bank_A,E42,P004,NETBANKING
E02550,C0740,22923.67,CHECKOUT_ABANDONED,Bank_C,E42,P010,UPI
E02551,C0277,10065.37,CHECKOUT_ABANDONED,Bank_A,E42,P007,CARD
E02552,C0257,1790.5,INVOICE_OVERDUE,Bank_B,E17,P011,WALLET
E02553,C0898,22547.38,SUBSCRIPTION_FAILED,Bank_C,E11,P005,UPI
E02554,C0311,20171.78,CHECKOUT_ABANDONED,Bank_A,E23,P005,WALLET
E02555,C0468,13111.8,INVOICE_OVERDUE,Bank_C,E42,P014,CARD
E02556,C0466,11011.68,SUBSCRIPTION_FAILED,Bank_D,E23,P007,WALLET
E02557,C0691,4058.21,INVOICE_OVERDUE,Bank_B,E23,P019,NETBANKING
E02558,C0835,8209.88,INVOICE_OVERDUE,Bank_D,E23,P002,WALLET
E02559,C0482,3764.06,PAYMENT_FAILED,Bank_D,E42,P020,CARD
E02560,C0681,23632.27,INVOICE_OVERDUE,Bank_A,E42,P016,NETBANKING
E02561,C0798,10839.13,SUBSCRIPTION_FAILED,Bank_A,E42,P001,UPI
E02562,C0763,6464.62,SUBSCRIPTION_FAILED,Bank_B,E23,P010,NETBANKING
E02563,C0849,12075.28,INVOICE_OVERDUE,Bank_A,E42,P019,NETBANKING
E02564,C0450,17251.4,PAYMENT_FAILED,Bank_A,E23,P003,UPI
E02565,C0981,8488.73,SUBSCRIPTION_FAILED,Bank_D,E11,P012,WALLET
E02566,C0316,10904.75,INVOICE_OVERDUE,Bank_A,E42,P020,CARD
E02567,C0214,21205.13,CHECKOUT_ABANDONED,Bank_A,E23,P007,NETBANKING
E02568,C0332,1684.3,INVOICE_OVERDUE,Bank_A,E42,P015,WALLET
E02569,C0943,23433.8,PAYMENT_FAILED,Bank_C,E17,P004,WALLET
E02570,C0133,15514.96,SUBSCRIPTION_FAILED,Bank_A,E42,P011,UPI
E02571,C0802,14158.13,SUBSCRIPTION_FAILED,Bank_B,E42,P002,WALLET
E02572,C0560,24221.76,CHECKOUT_ABANDONED,Bank_B,E11,P005,CARD
E02573,C0029,24315.2,INVOICE_OVERDUE,Bank_A,E42,P016,NETBANKING
E02574,C0324,4916.03,PAYMENT_FAILED,Bank_C,E23,P014,CARD
E02575,C0841,6733.3,CHECKOUT_ABANDONED,Bank_C,E42,P005,WALLET
E02576,C0913,2704.65,PAYMENT_FAILED,Bank_C,E23,P018,WALLET
E02577,C0521,22273.54,INVOICE_OVERDUE,Bank_B,E17,P019,CARD
E02578,C0978,21169.88,CHECKOUT_ABANDONED,Bank_A,E42,P013,UPI
E02579,C0111,24604.23,INVOICE_OVERDUE,Bank_B,E42,P008,CARD
E02580,C0238,19193.98,PAYMENT_FAILED,Bank_A,E42,P014,CARD
E02581,C0799,7647.24,CHECKOUT_ABANDONED,Bank_C,E17,P005,NETBANKING
E02582,C0555,18670.69,INVOICE_OVERDUE,Bank_C,E11,P006,NETBANKING
E02583,C0585,6549.45,SUBSCRIPTION_FAILED,Bank_B,E23,P015,WALLET
E02584,C0621,19740.63,SUBSCRIPTION_FAILED,Bank_C,E17,P009,UPI
E02585,C0146,19782.89,SUBSCRIPTION_FAILED,Bank_D,E42,P018,WALLET
E02586,C0868,10273.98,INVOICE_OVERDUE,Bank_D,E11,P004,UPI
E02587,C0302,18158.43,INVOICE_OVERDUE,Bank_C,E11,P014,UPI
E02588,C0593,6630.01,SUBSCRIPTION_FAILED,Bank_A,E42,P014,CARD
E02589,C0408,10687.5,SUBSCRIPTION_FAILED,Bank_D,E23,P002,NETBANKING
E02590,C0711,17161.39,PAYMENT_FAILED,Bank_A,E23,P007,CARD
E02591,C0864,18386.84,PAYMENT_FAILED,Bank_D,E42,P011,CARD
E02592,C0242,6246.33,CHECKOUT_ABANDONED,Bank_B,E23,P010,NETBANKING
E02593,C0167,5006.71,SUBSCRIPTION_FAILED,Bank_D,E11,P015,UPI
E02594,C0760,24454.23,CHECKOUT_ABANDONED,Bank_A,E11,P010,CARD
E02595,C0135,19089.71,CHECKOUT_ABANDONED,Bank_D,E42,P013,UPI
E02596,C0795,20173.3,SUBSCRIPTION_FAILED,Bank_B,E17,P011,CARD
E02597,C0290,19871.16,INVOICE_OVERDUE,Bank_D,E42,P003,NETBANKING
E02598,C0432,7385.18,CHECKOUT_ABANDONED,Bank_D,E17,P007,UPI
E02599,C0827,18669.42,SUBSCRIPTION_FAILED,Bank_A,E11,P017,CARD
E02600,C0112,19173.19,PAYMENT_FAILED,Bank_A,E42,P015,WALLET
E02601,C0450,22762.06,CHECKOUT_ABANDONED,Bank_D,E42,P002,NETBANKING
E02602,C0126,12101.49,SUBSCRIPTION_FAILED,Bank_D,E17,P009,CARD
E02603,C0554,7645.64,INVOICE_OVERDUE,Bank_A,E42,P008,WALLET
E02604,C0287,21318.95,CHECKOUT_ABANDONED,Bank_A,E42,P004,CARD
E02605,C0009,4800.03,INVOICE_OVERDUE,Bank_B,E23,P004,UPI
E02606,C0380,6417.8,SUBSCRIPTION_FAILED,Bank_A,E42,P014,NETBANKING
E02607,C0727,20512.09,CHECKOUT_ABANDONED,Bank_C,E42,P009,UPI
E02608,C0473,24092.91,SUBSCRIPTION_FAILED,Bank_A,E17,P019,WALLET
E02609,C0754,24519.59,SUBSCRIPTION_FAILED,Bank_D,E42,P007,NETBANKING
E02610,C0048,11677.88,INVOICE_OVERDUE,Bank_A,E17,P019,UPI
E02611,C0213,24632.74,SUBSCRIPTION_FAILED,Bank_A,E23,P009,UPI
E02612,C0987,13345.01,CHECKOUT_ABANDONED,Bank_D,E23,P019,NETBANKING
E02613,C0247,22177.68,CHECKOUT_ABANDONED,Bank_A,E42,P008,UPI
E02614,C0699,15642.05,SUBSCRIPTION_FAILED,Bank_B,E17,P013,CARD
E02615,C0363,22114.2,CHECKOUT_ABANDONED,Bank_A,E11,P013,UPI
E02616,C0214,16969.52,SUBSCRIPTION_FAILED,Bank_A,E42,P003,WALLET
E02617,C0005,3035.69,SUBSCRIPTION_FAILED,Bank_A,E42,P010,CARD
E02618,C0078,5513.32,PAYMENT_FAILED,Bank_A,E17,P014,CARD
E02619,C0354,23310.2,PAYMENT_FAILED,Bank_A,E42,P016,UPI
E02620,C0559,24096.31,CHECKOUT_ABANDONED,Bank_A,E42,P009,WALLET
E02621,C0380,21034.65,INVOICE_OVERDUE,Bank_B,E11,P008,NETBANKING
E02622,C0065,1674.17,INVOICE_OVERDUE,Bank_A,E42,P013,NETBANKING
E02623,C0388,18790.88,PAYMENT_FAILED,Bank_A,E23,P017,CARD
E02624,C0139,4741.57,SUBSCRIPTION_FAILED,Bank_A,E42,P002,UPI
E02625,C0816,5031.16,CHECKOUT_ABANDONED,Bank_A,E17,P005,WALLET
E02626,C0025,16432.92,CHECKOUT_ABANDONED,Bank_B,E17,P007,CARD
E02627,C0832,8754.39,SUBSCRIPTION_FAILED,Bank_C,E17,P004,WALLET
E02628,C0395,7331.52,PAYMENT_FAILED,Bank_A,E23,P001,UPI
E02629,C0968,2413.69,PAYMENT_FAILED,Bank_A,E42,P018,NETBANKING
E02630,C0572,18958.01,SUBSCRIPTION_FAILED,Bank_D,E23,P001,UPI
E02631,C0469,2454.2,CHECKOUT_ABANDONED,Bank_D,E11,P009,UPI
E02632,C0665,14646.28,SUBSCRIPTION_FAILED,Bank_D,E23,P008,WALLET
E02633,C0774,16509.12,INVOICE_OVERDUE,Bank_A,E42,P005,UPI
E02634,C0964,19251.12,CHECKOUT_ABANDONED,Bank_C,E23,P018,UPI
E02635,C0363,8638.25,SUBSCRIPTION_FAILED,Bank_A,E42,P014,NETBANKING
E02636,C0864,6833.4,PAYMENT_FAILED,Bank_C,E42,P002,NETBANKING
E02637,C0385,3747.95,SUBSCRIPTION_FAILED,Bank_A,E42,P013,NETBANKING
E02638,C0383,9350.45,SUBSCRIPTION_FAILED,Bank_A,E42,P003,WALLET
E02639,C0268,10271.5,PAYMENT_FAILED,Bank_B,E17,P003,NETBANKING
E02640,C0758,22948.64,PAYMENT_FAILED,Bank_D,E17,P013,UPI
E02641,C0641,22837.57,PAYMENT_FAILED,Bank_B,E11,P006,UPI
E02642,C0671,14618.21,CHECKOUT_ABANDONED,Bank_A,E23,P002,CARD
E02643,C0924,5810.56,SUBSCRIPTION_FAILED,Bank_A,E42,P010,NETBANKING
E02644,C0899,2941.7,INVOICE_OVERDUE,Bank_A,E42,P005,UPI
E02645,C0358,14572.06,PAYMENT_FAILED,Bank_B,E17,P009,WALLET
E02646,C0665,3804.43,CHECKOUT_ABANDONED,Bank_B,E17,P010,UPI
E02647,C0911,5147.56,PAYMENT_FAILED,Bank_A,E42,P004,UPI
E02648,C0136,972.83,PAYMENT_FAILED,Bank_A,E23,P005,WALLET
E02649,C0750,997.61,SUBSCRIPTION_FAILED,Bank_A,E23,P015,UPI
E02650,C0378,21102.66,CHECKOUT_ABANDONED,Bank_A,E42,P018,WALLET
E02651,C0498,22466.24,INVOICE_OVERDUE,Bank_D,E23,P011,UPI
E02652,C0812,13866.57,INVOICE_OVERDUE,Bank_A,E17,P002,NETBANKING
E02653,C0649,8590.2,SUBSCRIPTION_FAILED,Bank_B,E11,P003,WALLET
E02654,C0984,15901.57,INVOICE_OVERDUE,Bank_D,E17,P015,NETBANKING
E02655,C0589,18242.16,INVOICE_OVERDUE,Bank_A,E42,P004,UPI
E02656,C0465,20326.33,INVOICE_OVERDUE,Bank_A,E11,P018,NETBANKING
E02657,C0397,13368.9,SUBSCRIPTION_FAILED,Bank_D,E17,P008,UPI
E02658,C0708,18510.34,PAYMENT_FAILED,Bank_B,E17,P012,WALLET
E02659,C0387,14287.87,SUBSCRIPTION_FAILED,Bank_A,E42,P010,NETBANKING
E02660,C0420,15266.88,SUBSCRIPTION_FAILED,Bank_A,E42,P006,UPI
E02661,C0061,2051.32,CHECKOUT_ABANDONED,Bank_A,E42,P006,CARD
E02662,C0495,16327.25,SUBSCRIPTION_FAILED,Bank_C,E42,P004,NETBANKING
E02663,C0933,3292.07,PAYMENT_FAILED,Bank_C,E17,P013,WALLET
E02664,C0328,11121.81,CHECKOUT_ABANDONED,Bank_A,E42,P002,CARD
E02665,C0920,1983.53,CHECKOUT_ABANDONED,Bank_B,E42,P004,NETBANKING
E02666,C0425,5998.42,CHECKOUT_ABANDONED,Bank_B,E17,P011,CARD
E02667,C0568,24336.1,PAYMENT_FAILED,Bank_C,E23,P009,WALLET
E02668,C0215,3047.89,INVOICE_OVERDUE,Bank_A,E23,P004,CARD
E02669,C0319,16860.97,SUBSCRIPTION_FAILED,Bank_A,E42,P019,UPI
E02670,C0658,17229.28,CHECKOUT_ABANDONED,Bank_D,E11,P017,CARD
E02671,C0888,9052.52,CHECKOUT_ABANDONED,Bank_C,E11,P005,WALLET
E02672,C0201,19555.08,SUBSCRIPTION_FAILED,Bank_D,E23,P012,CARD
E02673,C0263,20811.42,CHECKOUT_ABANDONED,Bank_A,E11,P020,WALLET
E02674,C0615,11721.58,CHECKOUT_ABANDONED,Bank_B,E11,P007,WALLET
E02675,C0608,21751.87,PAYMENT_FAILED,Bank_C,E42,P007,UPI
E02676,C0355,2919.45,CHECKOUT_ABANDONED,Bank_D,E23,P012,UPI
E02677,C0911,14342.94,PAYMENT_FAILED,Bank_A,E17,P017,WALLET
E02678,C0114,9205.74,CHECKOUT_ABANDONED,Bank_C,E23,P004,NETBANKING
E02679,C0850,1450.71,PAYMENT_FAILED,Bank_A,E11,P011,WALLET
E02680,C0358,13349.99,CHECKOUT_ABANDONED,Bank_A,E42,P014,NETBANKING
E02681,C0061,13996.94,PAYMENT_FAILED,Bank_A,E23,P017,NETBANKING
E02682,C0546,15169.01,PAYMENT_FAILED,Bank_C,E23,P017,UPI
E02683,C0155,17769.97,PAYMENT_FAILED,Bank_D,E23,P005,CARD
E02684,C0266,23507.49,CHECKOUT_ABANDONED,Bank_A,E42,P008,CARD
E02685,C0774,23716.36,SUBSCRIPTION_FAILED,Bank_A,E42,P009,NETBANKING
E02686,C0327,18954.29,PAYMENT_FAILED,Bank_D,E17,P010,UPI
E02687,C0376,12259.59,CHECKOUT_ABANDONED,Bank_C,E23,P012,NETBANKING
E02688,C0322,23770.08,CHECKOUT_ABANDONED,Bank_D,E42,P013,UPI
E02689,C0561,13749.9,SUBSCRIPTION_FAILED,Bank_C,E42,P016,NETBANKING
E02690,C0145,9286.27,SUBSCRIPTION_FAILED,Bank_C,E23,P013,UPI
E02691,C0251,5495.22,INVOICE_OVERDUE,Bank_A,E11,P015,WALLET
E02692,C0115,22383.56,PAYMENT_FAILED,Bank_A,E42,P007,UPI
E02693,C0510,17388.8,CHECKOUT_ABANDONED,Bank_D,E17,P015,UPI
E02694,C0950,19316.8,SUBSCRIPTION_FAILED,Bank_A,E42,P015,NETBANKING
E02695,C0842,19018.92,INVOICE_OVERDUE,Bank_A,E17,P001,UPI
E02696,C0886,4307.33,PAYMENT_FAILED,Bank_B,E17,P018,WALLET
E02697,C0968,4073.79,INVOICE_OVERDUE,Bank_A,E11,P010,NETBANKING
E02698,C0018,14312.57,PAYMENT_FAILED,Bank_D,E11,P008,NETBANKING
E02699,C0074,17991.58,INVOICE_OVERDUE,Bank_D,E23,P013,UPI
E02700,C0222,14768.08,PAYMENT_FAILED,Bank_A,E17,P017,WALLET
E02701,C0859,4233.97,SUBSCRIPTION_FAILED,Bank_D,E17,P018,UPI
E02702,C0518,8013.38,PAYMENT_FAILED,Bank_C,E11,P014,NETBANKING
E02703,C0590,11711.85,INVOICE_OVERDUE,Bank_D,E17,P016,WALLET
E02704,C0088,24676.86,INVOICE_OVERDUE,Bank_C,E23,P010,WALLET
E02705,C0335,9415.07,PAYMENT_FAILED,Bank_D,E23,P018,NETBANKING
E02706,C0193,2810.66,SUBSCRIPTION_FAILED,Bank_D,E23,P003,UPI
E02707,C0447,21158.38,SUBSCRIPTION_FAILED,Bank_D,E11,P009,NETBANKING
E02708,C0505,2353.29,CHECKOUT_ABANDONED,Bank_D,E42,P019,WALLET
E02709,C0958,19601.04,PAYMENT_FAILED,Bank_A,E42,P005,WALLET
E02710,C0032,23143.82,CHECKOUT_ABANDONED,Bank_A,E23,P013,CARD
E02711,C0049,1372.93,PAYMENT_FAILED,Bank_C,E42,P019,NETBANKING
E02712,C0391,20823.32,CHECKOUT_ABANDONED,Bank_A,E23,P011,UPI
E02713,C0980,19500.22,CHECKOUT_ABANDONED,Bank_A,E42,P016,NETBANKING
E02714,C0408,13403.89,PAYMENT_FAILED,Bank_D,E11,P008,UPI
E02715,C0065,1434.76,PAYMENT_FAILED,Bank_C,E42,P017,CARD
E02716,C0808,11095.78,PAYMENT_FAILED,Bank_B,E23,P007,WALLET
E02717,C0500,20095.82,SUBSCRIPTION_FAILED,Bank_C,E42,P016,UPI
E02718,C0755,20779.13,CHECKOUT_ABANDONED,Bank_A,E11,P010,NETBANKING
E02719,C0602,12575.46,PAYMENT_FAILED,Bank_B,E23,P012,WALLET
E02720,C0624,2662.82,INVOICE_OVERDUE,Bank_B,E42,P002,CARD
E02721,C0754,23026.03,CHECKOUT_ABANDONED,Bank_C,E23,P011,WALLET
E02722,C0498,8837.78,SUBSCRIPTION_FAILED,Bank_C,E17,P019,UPI
E02723,C0869,9043.1,CHECKOUT_ABANDONED,Bank_D,E17,P003,WALLET
E02724,C0032,23934.2,SUBSCRIPTION_FAILED,Bank_D,E23,P017,UPI
E02725,C0597,9622.97,SUBSCRIPTION_FAILED,Bank_C,E23,P020,CARD
E02726,C0982,19365.75,CHECKOUT_ABANDONED,Bank_A,E42,P008,CARD
E02727,C0725,24643.22,CHECKOUT_ABANDONED,Bank_B,E11,P005,NETBANKING
E02728,C0953,5764.34,CHECKOUT_ABANDONED,Bank_A,E42,P019,NETBANKING
E02729,C0162,10067.63,INVOICE_OVERDUE,Bank_D,E17,P013,CARD
E02730,C0960,5714.84,INVOICE_OVERDUE,Bank_A,E23,P017,CARD
E02731,C0107,2297.91,SUBSCRIPTION_FAILED,Bank_C,E42,P009,UPI
E02732,C0814,8543.56,PAYMENT_FAILED,Bank_A,E17,P016,CARD
E02733,C0985,8308.22,PAYMENT_FAILED,Bank_C,E23,P019,CARD
E02734,C0184,18839.7,INVOICE_OVERDUE,Bank_D,E42,P001,NETBANKING
E02735,C0519,22189.43,PAYMENT_FAILED,Bank_A,E42,P008,NETBANKING
E02736,C0553,19050.58,PAYMENT_FAILED,Bank_C,E11,P018,WALLET
E02737,C0936,4271.95,PAYMENT_FAILED,Bank_B,E42,P005,WALLET
E02738,C0044,8075.59,PAYMENT_FAILED,Bank_B,E17,P009,UPI
E02739,C0758,9339.77,SUBSCRIPTION_FAILED,Bank_D,E11,P011,NETBANKING
E02740,C0703,1969.49,PAYMENT_FAILED,Bank_A,E42,P001,NETBANKING
E02741,C0798,16305.86,PAYMENT_FAILED,Bank_B,E11,P009,UPI
E02742,C0255,12086.71,CHECKOUT_ABANDONED,Bank_B,E23,P006,CARD
E02743,C0648,18985.97,CHECKOUT_ABANDONED,Bank_A,E42,P003,WALLET
E02744,C0266,21344.12,PAYMENT_FAILED,Bank_B,E11,P010,CARD
E02745,C0633,16657.51,SUBSCRIPTION_FAILED,Bank_B,E42,P010,NETBANKING
E02746,C0210,5082.35,CHECKOUT_ABANDONED,Bank_A,E42,P012,NETBANKING
E02747,C0464,9975.87,CHECKOUT_ABANDONED,Bank_D,E11,P016,WALLET
E02748,C0392,8714.56,INVOICE_OVERDUE,Bank_A,E42,P001,UPI
E02749,C0139,1540.54,CHECKOUT_ABANDONED,Bank_B,E11,P007,CARD
E02750,C0825,24572.44,SUBSCRIPTION_FAILED,Bank_D,E11,P006,CARD
E02751,C0604,20568.9,INVOICE_OVERDUE,Bank_C,E11,P011,NETBANKING
E02752,C0093,24735.56,SUBSCRIPTION_FAILED,Bank_D,E17,P008,NETBANKING
E02753,C0571,7157.59,PAYMENT_FAILED,Bank_A,E42,P016,NETBANKING
E02754,C0618,13291.71,INVOICE_OVERDUE,Bank_C,E23,P014,NETBANKING
E02755,C0411,9104.59,INVOICE_OVERDUE,Bank_D,E42,P012,UPI
E02756,C0925,14895.13,PAYMENT_FAILED,Bank_B,E11,P013,WALLET
E02757,C0889,8652.71,INVOICE_OVERDUE,Bank_A,E42,P008,UPI
E02758,C0856,16843.61,INVOICE_OVERDUE,Bank_D,E17,P013,UPI
E02759,C0366,21660.56,SUBSCRIPTION_FAILED,Bank_D,E11,P011,WALLET
E02760,C0691,7066.29,CHECKOUT_ABANDONED,Bank_D,E11,P016,CARD
E02761,C0525,12567.03,PAYMENT_FAILED,Bank_D,E11,P016,CARD
E02762,C0960,3327.06,SUBSCRIPTION_FAILED,Bank_D,E42,P012,WALLET
E02763,C0492,17271.34,SUBSCRIPTION_FAILED,Bank_B,E42,P015,WALLET
E02764,C0631,8590.27,SUBSCRIPTION_FAILED,Bank_A,E11,P006,CARD
E02765,C0083,22998.42,INVOICE_OVERDUE,Bank_C,E11,P002,CARD
E02766,C0490,19897.46,PAYMENT_FAILED,Bank_A,E42,P018,WALLET
E02767,C0295,10425.59,INVOICE_OVERDUE,Bank_C,E17,P011,CARD
E02768,C0199,19839.8,CHECKOUT_ABANDONED,Bank_C,E42,P011,CARD
E02769,C0878,23967.78,CHECKOUT_ABANDONED,Bank_C,E42,P019,CARD
E02770,C0590,15807.49,SUBSCRIPTION_FAILED,Bank_A,E42,P004,NETBANKING
E02771,C0074,24865.38,INVOICE_OVERDUE,Bank_B,E42,P014,UPI
E02772,C0532,10013.3,PAYMENT_FAILED,Bank_A,E11,P017,NETBANKING
E02773,C0301,16080.78,CHECKOUT_ABANDONED,Bank_C,E17,P011,WALLET
E02774,C0337,11241.26,CHECKOUT_ABANDONED,Bank_B,E42,P011,CARD
E02775,C0250,2844.31,PAYMENT_FAILED,Bank_A,E23,P002,WALLET
E02776,C0746,14705.9,INVOICE_OVERDUE,Bank_D,E11,P002,NETBANKING
E02777,C0521,24122.32,INVOICE_OVERDUE,Bank_A,E17,P002,UPI
E02778,C0374,13319.17,INVOICE_OVERDUE,Bank_B,E11,P018,CARD
E02779,C0138,16569.98,PAYMENT_FAILED,Bank_A,E42,P010,WALLET
E02780,C0787,22599.06,PAYMENT_FAILED,Bank_D,E23,P015,WALLET
E02781,C0744,12546.35,CHECKOUT_ABANDONED,Bank_C,E11,P012,NETBANKING
E02782,C0474,20761.37,CHECKOUT_ABANDONED,Bank_B,E42,P005,NETBANKING
E02783,C0948,926.02,CHECKOUT_ABANDONED,Bank_A,E11,P005,NETBANKING
E02784,C0706,17952.89,INVOICE_OVERDUE,Bank_A,E17,P014,WALLET
E02785,C0796,10542.82,CHECKOUT_ABANDONED,Bank_B,E11,P014,UPI
E02786,C0436,18531.91,SUBSCRIPTION_FAILED,Bank_D,E17,P004,UPI
E02787,C0712,9925.44,PAYMENT_FAILED,Bank_C,E11,P003,CARD
E02788,C0811,13329.66,CHECKOUT_ABANDONED,Bank_B,E11,P005,UPI
E02789,C0542,10359.55,SUBSCRIPTION_FAILED,Bank_A,E42,P011,NETBANKING
E02790,C0442,10063.33,SUBSCRIPTION_FAILED,Bank_C,E11,P005,CARD
E02791,C0333,2243.83,INVOICE_OVERDUE,Bank_C,E42,P001,CARD
E02792,C0628,24282.84,CHECKOUT_ABANDONED,Bank_D,E11,P014,NETBANKING
E02793,C0300,9983.38,INVOICE_OVERDUE,Bank_B,E42,P008,WALLET
E02794,C0956,8713.57,INVOICE_OVERDUE,Bank_D,E42,P012,WALLET
E02795,C0312,3730.37,CHECKOUT_ABANDONED,Bank_A,E42,P009,UPI
E02796,C0767,20354.85,PAYMENT_FAILED,Bank_B,E17,P004,UPI
E02797,C0187,19125.04,SUBSCRIPTION_FAILED,Bank_B,E23,P002,WALLET
E02798,C0368,6144.18,INVOICE_OVERDUE,Bank_C,E11,P005,CARD
E02799,C0763,24724.63,INVOICE_OVERDUE,Bank_A,E11,P015,WALLET
E02800,C0456,9196.67,CHECKOUT_ABANDONED,Bank_C,E42,P019,CARD
E02801,C0479,14904.38,SUBSCRIPTION_FAILED,Bank_A,E17,P017,NETBANKING
E02802,C0658,17410.16,PAYMENT_FAILED,Bank_A,E42,P003,WALLET
E02803,C0956,3540.37,CHECKOUT_ABANDONED,Bank_A,E23,P008,UPI
E02804,C0808,22152.08,SUBSCRIPTION_FAILED,Bank_A,E42,P019,UPI
E02805,C0097,18447.05,CHECKOUT_ABANDONED,Bank_C,E17,P004,WALLET
E02806,C0839,2595.35,SUBSCRIPTION_FAILED,Bank_D,E17,P012,NETBANKING
E02807,C0892,11963.37,CHECKOUT_ABANDONED,Bank_D,E11,P012,UPI
E02808,C0530,13665.9,INVOICE_OVERDUE,Bank_B,E42,P013,UPI
E02809,C0612,4432.63,INVOICE_OVERDUE,Bank_D,E42,P001,NETBANKING
E02810,C0708,11587.07,CHECKOUT_ABANDONED,Bank_D,E17,P006,CARD
E02811,C0327,13825.51,CHECKOUT_ABANDONED,Bank_B,E42,P018,UPI
E02812,C0320,19628.94,PAYMENT_FAILED,Bank_D,E23,P020,UPI
E02813,C0805,22728.59,CHECKOUT_ABANDONED,Bank_D,E42,P007,WALLET
E02814,C0214,23427.1,PAYMENT_FAILED,Bank_A,E42,P016,NETBANKING
E02815,C0694,9957.76,CHECKOUT_ABANDONED,Bank_A,E17,P013,NETBANKING
E02816,C0400,17345.77,PAYMENT_FAILED,Bank_B,E42,P004,NETBANKING
E02817,C0374,8953.75,INVOICE_OVERDUE,Bank_D,E11,P020,WALLET
E02818,C0717,11576.29,PAYMENT_FAILED,Bank_A,E42,P012,WALLET
E02819,C0597,8644.97,PAYMENT_FAILED,Bank_D,E23,P006,WALLET
E02820,C0078,15403.57,CHECKOUT_ABANDONED,Bank_C,E23,P018,WALLET
E02821,C0169,3042.66,SUBSCRIPTION_FAILED,Bank_D,E23,P005,UPI
E02822,C0149,10577.41,PAYMENT_FAILED,Bank_C,E11,P020,UPI
E02823,C0730,4489.74,INVOICE_OVERDUE,Bank_A,E11,P002,CARD
E02824,C0190,4068.48,CHECKOUT_ABANDONED,Bank_A,E11,P011,WALLET
E02825,C0152,8243.26,INVOICE_OVERDUE,Bank_D,E11,P007,WALLET
E02826,C0609,13949.88,INVOICE_OVERDUE,Bank_A,E23,P014,UPI
E02827,C0202,1587.86,SUBSCRIPTION_FAILED,Bank_A,E42,P002,WALLET
E02828,C0356,14285.34,INVOICE_OVERDUE,Bank_B,E11,P011,NETBANKING
E02829,C0449,16941.71,SUBSCRIPTION_FAILED,Bank_A,E42,P005,UPI
E02830,C0143,7000.5,SUBSCRIPTION_FAILED,Bank_C,E42,P004,WALLET
E02831,C0673,16059.96,SUBSCRIPTION_FAILED,Bank_C,E11,P009,CARD
E02832,C0978,23153.86,PAYMENT_FAILED,Bank_A,E23,P006,WALLET
E02833,C0010,16322.95,CHECKOUT_ABANDONED,Bank_C,E17,P011,UPI
E02834,C0074,18330.02,SUBSCRIPTION_FAILED,Bank_A,E23,P007,UPI
E02835,C0233,1858.91,INVOICE_OVERDUE,Bank_D,E11,P011,NETBANKING
E02836,C0899,718.36,PAYMENT_FAILED,Bank_A,E42,P003,UPI
E02837,C0375,9199.82,SUBSCRIPTION_FAILED,Bank_B,E11,P006,NETBANKING
E02838,C0868,22312.58,SUBSCRIPTION_FAILED,Bank_A,E42,P008,CARD
E02839,C0769,6289.99,SUBSCRIPTION_FAILED,Bank_A,E42,P001,CARD
E02840,C0856,5228.8,PAYMENT_FAILED,Bank_D,E11,P013,UPI
E02841,C0796,9701.87,PAYMENT_FAILED,Bank_A,E11,P012,WALLET
E02842,C0088,1558.97,SUBSCRIPTION_FAILED,Bank_A,E42,P018,WALLET
E02843,C0472,12012.3,PAYMENT_FAILED,Bank_A,E23,P020,WALLET
E02844,C0966,20283.72,INVOICE_OVERDUE,Bank_B,E17,P003,CARD
E02845,C0630,16166.98,SUBSCRIPTION_FAILED,Bank_B,E42,P015,NETBANKING
E02846,C0342,21174.77,INVOICE_OVERDUE,Bank_D,E11,P015,NETBANKING
E02847,C0387,21721.63,SUBSCRIPTION_FAILED,Bank_C,E17,P002,WALLET
E02848,C0886,11425.14,CHECKOUT_ABANDONED,Bank_D,E11,P002,UPI
E02849,C0054,23079.24,CHECKOUT_ABANDONED,Bank_A,E42,P005,CARD
E02850,C0358,14441.64,PAYMENT_FAILED,Bank_A,E17,P011,WALLET
E02851,C0418,7196.57,SUBSCRIPTION_FAILED,Bank_B,E42,P010,NETBANKING
E02852,C0136,7033.16,INVOICE_OVERDUE,Bank_A,E42,P014,CARD
E02853,C0277,3203.2,SUBSCRIPTION_FAILED,Bank_C,E17,P015,WALLET
E02854,C0364,17911.35,CHECKOUT_ABANDONED,Bank_B,E23,P015,UPI
E02855,C0965,24986.75,INVOICE_OVERDUE,Bank_A,E42,P012,CARD
E02856,C0847,17767.22,PAYMENT_FAILED,Bank_B,E23,P010,UPI
E02857,C0897,17173.59,PAYMENT_FAILED,Bank_C,E42,P017,UPI
E02858,C0136,11317.21,PAYMENT_FAILED,Bank_A,E17,P013,WALLET
E02859,C0499,18900.08,PAYMENT_FAILED,Bank_B,E23,P004,NETBANKING
E02860,C0324,24956.98,PAYMENT_FAILED,Bank_B,E23,P007,NETBANKING
E02861,C0304,8505.52,CHECKOUT_ABANDONED,Bank_B,E23,P005,NETBANKING
E02862,C0275,4808.52,PAYMENT_FAILED,Bank_D,E42,P007,WALLET
E02863,C0125,10880.41,INVOICE_OVERDUE,Bank_A,E17,P018,NETBANKING
E02864,C0926,2299.39,PAYMENT_FAILED,Bank_C,E23,P011,CARD
E02865,C0896,20543.69,SUBSCRIPTION_FAILED,Bank_A,E11,P013,WALLET
E02866,C0359,13284.77,CHECKOUT_ABANDONED,Bank_D,E42,P011,NETBANKING
E02867,C0853,19991.3,PAYMENT_FAILED,Bank_D,E11,P019,NETBANKING
E02868,C0907,13619.96,SUBSCRIPTION_FAILED,Bank_D,E11,P017,UPI
E02869,C0031,21587.2,INVOICE_OVERDUE,Bank_B,E42,P004,CARD
E02870,C0521,10444.05,CHECKOUT_ABANDONED,Bank_A,E42,P007,CARD
E02871,C0528,22663.64,INVOICE_OVERDUE,Bank_A,E42,P019,NETBANKING
E02872,C0232,10031.27,PAYMENT_FAILED,Bank_D,E23,P020,WALLET
E02873,C0016,19928.8,PAYMENT_FAILED,Bank_B,E11,P005,UPI
E02874,C0527,22845.66,SUBSCRIPTION_FAILED,Bank_A,E42,P014,NETBANKING
E02875,C0107,23842.2,CHECKOUT_ABANDONED,Bank_A,E42,P015,WALLET
E02876,C0605,8264.76,SUBSCRIPTION_FAILED,Bank_B,E11,P014,CARD
E02877,C0259,20103.88,CHECKOUT_ABANDONED,Bank_C,E23,P004,NETBANKING
E02878,C0063,11917.09,PAYMENT_FAILED,Bank_A,E42,P012,UPI
E02879,C0358,19981.38,INVOICE_OVERDUE,Bank_B,E23,P010,WALLET
E02880,C0664,6215.01,CHECKOUT_ABANDONED,Bank_C,E23,P006,UPI
E02881,C0149,4848.09,SUBSCRIPTION_FAILED,Bank_C,E42,P002,NETBANKING
E02882,C0957,13642.54,PAYMENT_FAILED,Bank_C,E23,P001,UPI
E02883,C0277,8936.99,PAYMENT_FAILED,Bank_C,E11,P004,UPI
E02884,C0180,17447.77,INVOICE_OVERDUE,Bank_C,E23,P014,UPI
E02885,C0868,8301.57,PAYMENT_FAILED,Bank_C,E23,P009,UPI
E02886,C0738,15288.25,INVOICE_OVERDUE,Bank_A,E42,P016,CARD
E02887,C0830,5203.12,INVOICE_OVERDUE,Bank_A,E42,P011,CARD
E02888,C0334,1225.04,SUBSCRIPTION_FAILED,Bank_A,E42,P011,UPI
E02889,C0223,1739.73,CHECKOUT_ABANDONED,Bank_A,E42,P019,CARD
E02890,C0681,4631.39,CHECKOUT_ABANDONED,Bank_D,E23,P018,NETBANKING
E02891,C0841,14863.56,PAYMENT_FAILED,Bank_A,E11,P006,CARD
E02892,C0349,7075.27,INVOICE_OVERDUE,Bank_A,E23,P012,NETBANKING
E02893,C0490,4226.85,SUBSCRIPTION_FAILED,Bank_B,E23,P014,UPI
E02894,C0147,24367.28,INVOICE_OVERDUE,Bank_A,E42,P002,NETBANKING
E02895,C0664,3876.17,PAYMENT_FAILED,Bank_B,E17,P006,CARD
E02896,C0335,13066.78,CHECKOUT_ABANDONED,Bank_C,E23,P004,UPI
E02897,C0034,759.88,SUBSCRIPTION_FAILED,Bank_A,E42,P015,CARD
E02898,C0466,5076.62,INVOICE_OVERDUE,Bank_C,E11,P008,WALLET
E02899,C0650,16575.16,INVOICE_OVERDUE,Bank_A,E23,P019,UPI
E02900,C0284,22277.75,SUBSCRIPTION_FAILED,Bank_D,E42,P016,UPI
E02901,C0662,18061.02,SUBSCRIPTION_FAILED,Bank_C,E11,P008,WALLET
E02902,C0808,8323.3,INVOICE_OVERDUE,Bank_A,E11,P010,CARD
E02903,C0873,10274.48,CHECKOUT_ABANDONED,Bank_A,E23,P013,NETBANKING
E02904,C0174,12725.19,PAYMENT_FAILED,Bank_C,E23,P010,NETBANKING
E02905,C0907,21453.14,SUBSCRIPTION_FAILED,Bank_A,E17,P006,NETBANKING
E02906,C0670,22132.34,CHECKOUT_ABANDONED,Bank_C,E11,P008,WALLET
E02907,C0554,10310.91,INVOICE_OVERDUE,Bank_C,E23,P018,WALLET
E02908,C0807,11412.33,CHECKOUT_ABANDONED,Bank_C,E11,P020,WALLET
E02909,C0498,16767.9,INVOICE_OVERDUE,Bank_D,E42,P016,CARD
E02910,C0277,2140.86,SUBSCRIPTION_FAILED,Bank_A,E42,P009,WALLET
E02911,C0080,23948.58,INVOICE_OVERDUE,Bank_D,E23,P014,WALLET
E02912,C0560,15130.19,CHECKOUT_ABANDONED,Bank_B,E42,P009,CARD
E02913,C0155,774.91,CHECKOUT_ABANDONED,Bank_A,E23,P010,WALLET
E02914,C0786,22411.22,CHECKOUT_ABANDONED,Bank_A,E42,P009,WALLET
E02915,C0936,17719.74,INVOICE_OVERDUE,Bank_B,E11,P001,WALLET
E02916,C0730,18889.64,SUBSCRIPTION_FAILED,Bank_C,E11,P018,UPI
E02917,C0378,14302.78,INVOICE_OVERDUE,Bank_A,E42,P006,WALLET
E02918,C0966,22115.2,CHECKOUT_ABANDONED,Bank_B,E11,P013,UPI
E02919,C0569,15544.59,CHECKOUT_ABANDONED,Bank_D,E11,P002,WALLET
E02920,C0072,13686.35,INVOICE_OVERDUE,Bank_A,E42,P019,NETBANKING
E02921,C0574,18914.95,PAYMENT_FAILED,Bank_A,E42,P013,WALLET
E02922,C0831,1922.55,PAYMENT_FAILED,Bank_A,E23,P017,NETBANKING
E02923,C0369,22208.25,CHECKOUT_ABANDONED,Bank_C,E23,P008,CARD
E02924,C0952,5060.24,SUBSCRIPTION_FAILED,Bank_A,E42,P015,UPI
E02925,C0217,1895.22,INVOICE_OVERDUE,Bank_A,E17,P015,WALLET
E02926,C0323,24748.21,PAYMENT_FAILED,Bank_C,E11,P018,CARD
E02927,C0399,10110.08,INVOICE_OVERDUE,Bank_D,E11,P019,WALLET
E02928,C0276,19824.97,INVOICE_OVERDUE,Bank_C,E23,P005,NETBANKING
E02929,C0263,13892.91,INVOICE_OVERDUE,Bank_B,E42,P006,WALLET
E02930,C0724,15128.9,PAYMENT_FAILED,Bank_B,E42,P003,UPI
E02931,C0976,18977.93,INVOICE_OVERDUE,Bank_A,E17,P008,CARD
E02932,C0202,23500.5,SUBSCRIPTION_FAILED,Bank_A,E11,P001,WALLET
E02933,C0391,18612.0,INVOICE_OVERDUE,Bank_A,E11,P012,UPI
E02934,C0441,5069.78,PAYMENT_FAILED,Bank_B,E17,P014,CARD
E02935,C0166,18585.13,SUBSCRIPTION_FAILED,Bank_A,E23,P015,WALLET
E02936,C0332,24012.39,CHECKOUT_ABANDONED,Bank_C,E11,P008,NETBANKING
E02937,C0809,6680.36,SUBSCRIPTION_FAILED,Bank_B,E42,P006,UPI
E02938,C0609,24600.45,CHECKOUT_ABANDONED,Bank_A,E42,P002,WALLET
E02939,C0739,16591.45,INVOICE_OVERDUE,Bank_A,E42,P014,UPI
E02940,C0857,7631.43,SUBSCRIPTION_FAILED,Bank_A,E17,P001,CARD
E02941,C0275,20197.0,CHECKOUT_ABANDONED,Bank_B,E17,P010,WALLET
E02942,C0434,17802.68,INVOICE_OVERDUE,Bank_D,E17,P013,UPI
E02943,C0498,18524.59,SUBSCRIPTION_FAILED,Bank_D,E11,P006,UPI
E02944,C0517,13884.58,INVOICE_OVERDUE,Bank_B,E11,P007,CARD
E02945,C0946,21143.42,INVOICE_OVERDUE,Bank_A,E17,P003,UPI
E02946,C0877,15413.9,PAYMENT_FAILED,Bank_D,E42,P019,WALLET
E02947,C0037,11885.69,INVOICE_OVERDUE,Bank_A,E42,P019,UPI
E02948,C0870,14351.94,INVOICE_OVERDUE,Bank_C,E42,P019,CARD
E02949,C0425,11015.66,INVOICE_OVERDUE,Bank_C,E42,P018,NETBANKING
E02950,C0774,15261.53,SUBSCRIPTION_FAILED,Bank_A,E42,P019,UPI
E02951,C0807,19334.55,PAYMENT_FAILED,Bank_C,E11,P015,NETBANKING
E02952,C0876,24274.4,PAYMENT_FAILED,Bank_C,E11,P001,CARD
E02953,C0786,12502.41,CHECKOUT_ABANDONED,Bank_A,E23,P016,WALLET
E02954,C0199,15746.14,CHECKOUT_ABANDONED,Bank_B,E42,P010,NETBANKING
E02955,C0009,20573.98,CHECKOUT_ABANDONED,Bank_A,E17,P005,WALLET
E02956,C0373,22912.97,CHECKOUT_ABANDONED,Bank_A,E42,P016,WALLET
E02957,C0551,24652.2,CHECKOUT_ABANDONED,Bank_C,E23,P016,UPI
E02958,C0934,15558.31,PAYMENT_FAILED,Bank_D,E42,P017,NETBANKING
E02959,C0283,7488.96,CHECKOUT_ABANDONED,Bank_A,E42,P016,WALLET
E02960,C0443,12652.81,INVOICE_OVERDUE,Bank_A,E42,P019,CARD
E02961,C0771,5670.87,INVOICE_OVERDUE,Bank_A,E42,P001,CARD
E02962,C0948,23480.81,SUBSCRIPTION_FAILED,Bank_A,E42,P009,NETBANKING
E02963,C0628,13091.07,INVOICE_OVERDUE,Bank_A,E42,P017,CARD
E02964,C0414,10342.76,SUBSCRIPTION_FAILED,Bank_B,E17,P019,UPI
E02965,C0943,1748.86,SUBSCRIPTION_FAILED,Bank_B,E23,P020,UPI
E02966,C0418,19097.73,INVOICE_OVERDUE,Bank_B,E42,P014,WALLET
E02967,C0342,9396.65,CHECKOUT_ABANDONED,Bank_B,E11,P013,CARD
E02968,C0842,10390.0,SUBSCRIPTION_FAILED,Bank_B,E11,P004,NETBANKING
E02969,C0009,4082.69,PAYMENT_FAILED,Bank_A,E42,P020,NETBANKING
E02970,C0843,10709.62,PAYMENT_FAILED,Bank_D,E11,P008,NETBANKING
E02971,C0164,16793.68,INVOICE_OVERDUE,Bank_A,E23,P011,NETBANKING
E02972,C0280,7668.61,PAYMENT_FAILED,Bank_C,E17,P017,WALLET
E02973,C0622,15983.56,CHECKOUT_ABANDONED,Bank_B,E23,P005,UPI
E02974,C0609,2868.9,CHECKOUT_ABANDONED,Bank_B,E23,P009,NETBANKING
E02975,C0541,23595.16,CHECKOUT_ABANDONED,Bank_D,E23,P018,WALLET
E02976,C0352,10135.45,PAYMENT_FAILED,Bank_B,E23,P009,NETBANKING
E02977,C0776,24003.44,SUBSCRIPTION_FAILED,Bank_D,E17,P002,NETBANKING
E02978,C0515,4350.97,PAYMENT_FAILED,Bank_B,E23,P008,NETBANKING
E02979,C0285,3494.74,PAYMENT_FAILED,Bank_B,E23,P017,CARD
E02980,C0702,11156.5,SUBSCRIPTION_FAILED,Bank_B,E17,P012,WALLET
E02981,C0501,14780.35,SUBSCRIPTION_FAILED,Bank_A,E17,P018,UPI
E02982,C0447,18300.69,PAYMENT_FAILED,Bank_D,E42,P018,CARD
E02983,C0921,5529.37,SUBSCRIPTION_FAILED,Bank_C,E17,P002,WALLET
E02984,C0420,20438.15,PAYMENT_FAILED,Bank_B,E23,P004,UPI
E02985,C0833,21638.6,PAYMENT_FAILED,Bank_A,E42,P008,NETBANKING
E02986,C0087,9009.95,SUBSCRIPTION_FAILED,Bank_C,E23,P013,NETBANKING
E02987,C0300,11833.29,PAYMENT_FAILED,Bank_A,E42,P009,NETBANKING
E02988,C0186,4170.5,PAYMENT_FAILED,Bank_C,E17,P013,CARD
E02989,C0836,22652.01,PAYMENT_FAILED,Bank_A,E42,P002,NETBANKING
E02990,C0083,1087.9,PAYMENT_FAILED,Bank_A,E42,P009,CARD
E02991,C0340,6785.05,INVOICE_OVERDUE,Bank_D,E17,P004,CARD
E02992,C0262,21923.89,PAYMENT_FAILED,Bank_A,E42,P014,CARD
E02993,C0524,20841.97,SUBSCRIPTION_FAILED,Bank_A,E42,P008,CARD
E02994,C0852,15902.41,PAYMENT_FAILED,Bank_B,E42,P017,NETBANKING
E02995,C0270,7495.01,SUBSCRIPTION_FAILED,Bank_D,E11,P017,UPI
E02996,C0037,4504.67,CHECKOUT_ABANDONED,Bank_C,E23,P007,NETBANKING
E02997,C0565,18600.01,PAYMENT_FAILED,Bank_A,E42,P002,CARD
E02998,C0924,2252.7,INVOICE_OVERDUE,Bank_D,E42,P010,CARD
E02999,C0672,5297.71,INVOICE_OVERDUE,Bank_A,E42,P017,WALLET
E03000,C0631,23945.92,PAYMENT_FAILED,Bank_A,E42,P020,UPI
E03001,C0262,8549.9,CHECKOUT_ABANDONED,Bank_A,E23,P013,NETBANKING
E03002,C0293,15679.88,PAYMENT_FAILED,Bank_A,E42,P013,NETBANKING
E03003,C0365,7753.55,SUBSCRIPTION_FAILED,Bank_B,E11,P010,NETBANKING
E03004,C0516,7564.36,INVOICE_OVERDUE,Bank_A,E42,P010,CARD
E03005,C0693,24350.93,PAYMENT_FAILED,Bank_A,E11,P020,UPI
E03006,C0277,17357.0,INVOICE_OVERDUE,Bank_A,E42,P013,NETBANKING
E03007,C0742,3838.79,CHECKOUT_ABANDONED,Bank_D,E17,P006,CARD
E03008,C0396,4740.57,SUBSCRIPTION_FAILED,Bank_A,E42,P001,WALLET
E03009,C0068,5685.94,CHECKOUT_ABANDONED,Bank_A,E42,P018,WALLET
E03010,C0930,10936.34,SUBSCRIPTION_FAILED,Bank_B,E11,P012,UPI
E03011,C0827,9838.79,CHECKOUT_ABANDONED,Bank_A,E42,P002,WALLET
E03012,C0554,10366.18,PAYMENT_FAILED,Bank_D,E17,P005,WALLET
E03013,C0657,15568.66,CHECKOUT_ABANDONED,Bank_D,E17,P006,UPI
E03014,C0416,18754.28,PAYMENT_FAILED,Bank_A,E11,P007,CARD
E03015,C0047,15408.55,INVOICE_OVERDUE,Bank_A,E17,P018,CARD
E03016,C0129,15963.55,INVOICE_OVERDUE,Bank_B,E17,P003,UPI
E03017,C0900,24020.8,PAYMENT_FAILED,Bank_C,E42,P002,CARD
E03018,C0815,12080.29,SUBSCRIPTION_FAILED,Bank_C,E11,P011,CARD
E03019,C0698,8710.54,SUBSCRIPTION_FAILED,Bank_B,E11,P014,UPI
E03020,C0077,15741.07,PAYMENT_FAILED,Bank_A,E42,P006,NETBANKING
E03021,C0729,11308.15,INVOICE_OVERDUE,Bank_D,E17,P003,CARD
E03022,C0389,6709.99,SUBSCRIPTION_FAILED,Bank_A,E42,P002,NETBANKING
E03023,C0305,18882.65,INVOICE_OVERDUE,Bank_D,E42,P002,WALLET
E03024,C0802,10068.77,CHECKOUT_ABANDONED,Bank_B,E17,P019,UPI
E03025,C0136,9319.06,PAYMENT_FAILED,Bank_D,E17,P015,NETBANKING
E03026,C0910,19228.61,SUBSCRIPTION_FAILED,Bank_C,E42,P006,UPI
E03027,C0981,18262.67,PAYMENT_FAILED,Bank_A,E42,P010,CARD
E03028,C0026,21080.7,PAYMENT_FAILED,Bank_A,E42,P010,CARD
E03029,C0799,23403.45,SUBSCRIPTION_FAILED,Bank_A,E17,P012,CARD
E03030,C0770,24134.8,INVOICE_OVERDUE,Bank_C,E23,P011,WALLET
E03031,C0875,2371.64,INVOICE_OVERDUE,Bank_D,E23,P010,WALLET
E03032,C0069,22326.01,CHECKOUT_ABANDONED,Bank_B,E23,P016,NETBANKING
E03033,C0978,17883.44,PAYMENT_FAILED,Bank_A,E17,P010,NETBANKING
E03034,C0155,8518.24,SUBSCRIPTION_FAILED,Bank_D,E17,P019,UPI
E03035,C0103,13432.92,INVOICE_OVERDUE,Bank_A,E42,P012,UPI
E03036,C0511,4626.15,PAYMENT_FAILED,Bank_D,E23,P008,CARD
E03037,C0234,17668.06,INVOICE_OVERDUE,Bank_C,E23,P003,WALLET
E03038,C0877,22155.59,INVOICE_OVERDUE,Bank_D,E11,P017,NETBANKING
E03039,C0070,17149.02,PAYMENT_FAILED,Bank_D,E42,P003,WALLET
E03040,C0054,22273.83,INVOICE_OVERDUE,Bank_C,E42,P001,UPI
E03041,C0408,23291.23,SUBSCRIPTION_FAILED,Bank_C,E17,P013,UPI
E03042,C0487,11073.08,SUBSCRIPTION_FAILED,Bank_C,E23,P010,WALLET
E03043,C0096,5214.07,CHECKOUT_ABANDONED,Bank_A,E42,P003,CARD
E03044,C0777,19739.72,CHECKOUT_ABANDONED,Bank_D,E17,P011,CARD
E03045,C0082,14360.33,CHECKOUT_ABANDONED,Bank_A,E42,P012,WALLET
E03046,C0599,2146.04,PAYMENT_FAILED,Bank_C,E23,P010,WALLET
E03047,C0143,15410.01,SUBSCRIPTION_FAILED,Bank_D,E42,P010,NETBANKING
E03048,C0730,10751.63,SUBSCRIPTION_FAILED,Bank_A,E42,P008,WALLET
E03049,C0525,5831.54,PAYMENT_FAILED,Bank_A,E42,P009,WALLET
E03050,C0017,24678.11,INVOICE_OVERDUE,Bank_C,E42,P009,WALLET
E03051,C0108,19897.09,INVOICE_OVERDUE,Bank_D,E17,P009,WALLET
E03052,C0937,9862.53,INVOICE_OVERDUE,Bank_A,E42,P010,NETBANKING
E03053,C0132,15884.47,SUBSCRIPTION_FAILED,Bank_B,E11,P002,NETBANKING
E03054,C0955,15977.54,SUBSCRIPTION_FAILED,Bank_A,E42,P011,UPI
E03055,C0377,24397.26,INVOICE_OVERDUE,Bank_B,E23,P015,CARD
E03056,C0553,17387.46,SUBSCRIPTION_FAILED,Bank_B,E23,P006,WALLET
E03057,C0644,16315.58,CHECKOUT_ABANDONED,Bank_D,E42,P016,WALLET
E03058,C0838,21570.41,PAYMENT_FAILED,Bank_A,E42,P017,UPI
E03059,C0738,23661.27,PAYMENT_FAILED,Bank_A,E42,P019,CARD
E03060,C0004,24130.62,CHECKOUT_ABANDONED,Bank_B,E42,P017,CARD
E03061,C0922,4536.93,INVOICE_OVERDUE,Bank_B,E11,P004,CARD
E03062,C0509,15306.86,CHECKOUT_ABANDONED,Bank_C,E17,P001,UPI
E03063,C0273,10057.77,CHECKOUT_ABANDONED,Bank_B,E17,P019,UPI
E03064,C0170,10588.23,SUBSCRIPTION_FAILED,Bank_B,E42,P017,UPI
E03065,C0552,18545.65,SUBSCRIPTION_FAILED,Bank_D,E17,P008,NETBANKING
E03066,C0244,19776.52,SUBSCRIPTION_FAILED,Bank_A,E42,P017,WALLET
E03067,C0179,14332.31,CHECKOUT_ABANDONED,Bank_B,E23,P008,UPI
E03068,C0371,14387.07,INVOICE_OVERDUE,Bank_B,E17,P013,NETBANKING
E03069,C0267,13322.62,INVOICE_OVERDUE,Bank_B,E17,P014,UPI
E03070,C0581,20298.7,SUBSCRIPTION_FAILED,Bank_C,E42,P006,CARD
E03071,C0932,15753.48,CHECKOUT_ABANDONED,Bank_A,E42,P011,UPI
E03072,C0828,20419.75,SUBSCRIPTION_FAILED,Bank_B,E17,P012,UPI
E03073,C0107,22755.37,PAYMENT_FAILED,Bank_D,E17,P009,CARD
E03074,C0663,9953.46,PAYMENT_FAILED,Bank_B,E17,P009,WALLET
E03075,C0727,4159.04,CHECKOUT_ABANDONED,Bank_C,E17,P005,UPI
E03076,C0368,8168.73,CHECKOUT_ABANDONED,Bank_D,E42,P019,UPI
E03077,C0379,20018.75,INVOICE_OVERDUE,Bank_C,E42,P004,WALLET
E03078,C0939,19701.2,SUBSCRIPTION_FAILED,Bank_B,E11,P004,CARD
E03079,C0410,7712.55,CHECKOUT_ABANDONED,Bank_B,E11,P001,WALLET
E03080,C0066,7903.33,CHECKOUT_ABANDONED,Bank_A,E23,P016,WALLET
E03081,C0719,781.7,CHECKOUT_ABANDONED,Bank_D,E42,P004,NETBANKING
E03082,C0628,18871.06,CHECKOUT_ABANDONED,Bank_A,E23,P010,NETBANKING
E03083,C0977,732.9,INVOICE_OVERDUE,Bank_A,E17,P012,WALLET
E03084,C0818,14796.47,CHECKOUT_ABANDONED,Bank_B,E42,P006,NETBANKING
E03085,C0046,9679.0,PAYMENT_FAILED,Bank_B,E42,P011,CARD
E03086,C0564,11083.7,INVOICE_OVERDUE,Bank_C,E17,P001,UPI
E03087,C0666,10795.7,PAYMENT_FAILED,Bank_A,E42,P005,CARD
E03088,C0397,13466.76,PAYMENT_FAILED,Bank_C,E11,P018,CARD
E03089,C0180,13322.04,SUBSCRIPTION_FAILED,Bank_A,E42,P002,WALLET
E03090,C0518,16145.03,PAYMENT_FAILED,Bank_D,E23,P015,CARD
E03091,C0892,4478.05,PAYMENT_FAILED,Bank_A,E17,P020,CARD
E03092,C0174,9955.08,CHECKOUT_ABANDONED,Bank_D,E23,P020,CARD
E03093,C0744,21768.4,SUBSCRIPTION_FAILED,Bank_D,E42,P013,CARD
E03094,C0525,8397.7,PAYMENT_FAILED,Bank_A,E17,P018,NETBANKING
E03095,C0027,24191.89,CHECKOUT_ABANDONED,Bank_B,E11,P004,WALLET
E03096,C0948,6816.04,SUBSCRIPTION_FAILED,Bank_C,E23,P018,CARD
E03097,C0765,2066.97,SUBSCRIPTION_FAILED,Bank_A,E17,P011,UPI
E03098,C0685,20991.7,SUBSCRIPTION_FAILED,Bank_A,E11,P013,WALLET
E03099,C0086,17750.44,CHECKOUT_ABANDONED,Bank_A,E42,P005,WALLET
E03100,C0120,17468.15,CHECKOUT_ABANDONED,Bank_B,E17,P013,NETBANKING
E03101,C0587,8979.55,INVOICE_OVERDUE,Bank_A,E42,P006,UPI
E03102,C0299,18104.07,INVOICE_OVERDUE,Bank_C,E42,P010,UPI
E03103,C0563,3519.72,INVOICE_OVERDUE,Bank_D,E17,P005,NETBANKING
E03104,C0395,5999.77,INVOICE_OVERDUE,Bank_D,E17,P008,UPI
E03105,C0028,6320.36,INVOICE_OVERDUE,Bank_A,E42,P007,WALLET
E03106,C0580,20482.73,CHECKOUT_ABANDONED,Bank_B,E42,P003,UPI
E03107,C0108,23198.79,CHECKOUT_ABANDONED,Bank_A,E42,P019,CARD
E03108,C0859,9803.74,CHECKOUT_ABANDONED,Bank_A,E42,P018,CARD
E03109,C0328,2328.29,SUBSCRIPTION_FAILED,Bank_D,E42,P007,CARD
E03110,C0956,23863.28,PAYMENT_FAILED,Bank_A,E42,P003,UPI
E03111,C0223,9493.53,SUBSCRIPTION_FAILED,Bank_B,E17,P011,CARD
E03112,C0479,22685.77,PAYMENT_FAILED,Bank_B,E11,P020,NETBANKING
E03113,C0118,14045.3,SUBSCRIPTION_FAILED,Bank_D,E17,P004,CARD
E03114,C0431,13899.9,SUBSCRIPTION_FAILED,Bank_D,E23,P006,WALLET
E03115,C0597,4853.76,PAYMENT_FAILED,Bank_A,E17,P013,NETBANKING
E03116,C0044,15982.36,SUBSCRIPTION_FAILED,Bank_D,E42,P016,CARD
E03117,C0485,18878.79,CHECKOUT_ABANDONED,Bank_D,E23,P009,WALLET
E03118,C0300,16708.63,SUBSCRIPTION_FAILED,Bank_B,E11,P007,CARD
E03119,C0554,10891.7,CHECKOUT_ABANDONED,Bank_C,E42,P020,CARD
E03120,C0809,12530.6,SUBSCRIPTION_FAILED,Bank_B,E11,P016,NETBANKING
E03121,C0719,22977.79,PAYMENT_FAILED,Bank_A,E17,P019,CARD
E03122,C0354,13024.57,CHECKOUT_ABANDONED,Bank_A,E23,P003,UPI
E03123,C0513,11553.08,SUBSCRIPTION_FAILED,Bank_D,E17,P014,CARD
E03124,C0061,10191.76,SUBSCRIPTION_FAILED,Bank_D,E17,P016,CARD
E03125,C0738,3088.25,PAYMENT_FAILED,Bank_B,E17,P011,CARD
E03126,C0598,12871.54,CHECKOUT_ABANDONED,Bank_A,E42,P016,NETBANKING
E03127,C0443,9671.26,PAYMENT_FAILED,Bank_A,E17,P014,WALLET
E03128,C0107,9428.46,SUBSCRIPTION_FAILED,Bank_C,E17,P004,UPI
E03129,C0611,1793.19,SUBSCRIPTION_FAILED,Bank_D,E42,P013,NETBANKING
E03130,C0575,10373.49,PAYMENT_FAILED,Bank_A,E17,P006,WALLET
E03131,C0017,14016.15,CHECKOUT_ABANDONED,Bank_A,E42,P007,UPI
E03132,C0993,8981.54,INVOICE_OVERDUE,Bank_B,E23,P017,UPI
E03133,C0557,8728.43,CHECKOUT_ABANDONED,Bank_A,E42,P009,WALLET
E03134,C0503,19601.38,SUBSCRIPTION_FAILED,Bank_D,E11,P019,NETBANKING
E03135,C0376,3979.04,CHECKOUT_ABANDONED,Bank_D,E17,P017,CARD
E03136,C0542,6093.61,PAYMENT_FAILED,Bank_A,E42,P015,CARD
E03137,C0961,19827.32,INVOICE_OVERDUE,Bank_C,E42,P018,WALLET
E03138,C0604,22628.6,PAYMENT_FAILED,Bank_C,E23,P010,UPI
E03139,C0656,5784.44,INVOICE_OVERDUE,Bank_A,E17,P005,UPI
E03140,C0296,14455.94,SUBSCRIPTION_FAILED,Bank_C,E11,P002,WALLET
E03141,C0228,11582.6,INVOICE_OVERDUE,Bank_B,E11,P003,NETBANKING
E03142,C0568,15675.83,CHECKOUT_ABANDONED,Bank_A,E42,P011,WALLET
E03143,C0655,19900.92,CHECKOUT_ABANDONED,Bank_C,E17,P012,WALLET
E03144,C0379,18846.56,PAYMENT_FAILED,Bank_B,E17,P016,WALLET
E03145,C0382,1207.19,INVOICE_OVERDUE,Bank_B,E17,P007,UPI
E03146,C0881,22182.34,SUBSCRIPTION_FAILED,Bank_D,E42,P011,NETBANKING
E03147,C0754,16509.1,INVOICE_OVERDUE,Bank_C,E17,P016,WALLET
E03148,C0377,5289.34,INVOICE_OVERDUE,Bank_D,E23,P002,NETBANKING
E03149,C0100,5552.59,CHECKOUT_ABANDONED,Bank_A,E11,P009,NETBANKING
E03150,C0990,18213.5,PAYMENT_FAILED,Bank_B,E23,P012,CARD
E03151,C0651,18385.27,PAYMENT_FAILED,Bank_D,E17,P012,CARD
E03152,C0196,11656.28,CHECKOUT_ABANDONED,Bank_C,E11,P006,NETBANKING
E03153,C0663,9236.1,CHECKOUT_ABANDONED,Bank_A,E42,P005,CARD
E03154,C0393,12885.76,CHECKOUT_ABANDONED,Bank_A,E42,P020,UPI
E03155,C0133,21549.96,CHECKOUT_ABANDONED,Bank_A,E23,P020,UPI
E03156,C0770,13671.8,SUBSCRIPTION_FAILED,Bank_B,E23,P011,UPI
E03157,C0946,20967.74,SUBSCRIPTION_FAILED,Bank_A,E42,P016,CARD
E03158,C0198,20257.21,PAYMENT_FAILED,Bank_A,E42,P011,NETBANKING
E03159,C0744,4268.75,SUBSCRIPTION_FAILED,Bank_B,E23,P005,CARD
E03160,C0934,12211.45,PAYMENT_FAILED,Bank_A,E42,P008,WALLET
E03161,C0466,18981.8,SUBSCRIPTION_FAILED,Bank_A,E17,P013,CARD
E03162,C0196,21471.41,SUBSCRIPTION_FAILED,Bank_A,E42,P011,NETBANKING
E03163,C0638,9918.5,SUBSCRIPTION_FAILED,Bank_D,E17,P019,CARD
E03164,C0023,10016.7,PAYMENT_FAILED,Bank_A,E42,P017,NETBANKING
E03165,C0543,14916.87,CHECKOUT_ABANDONED,Bank_B,E42,P009,CARD
E03166,C0048,17245.67,SUBSCRIPTION_FAILED,Bank_D,E42,P010,CARD
E03167,C0055,7538.01,CHECKOUT_ABANDONED,Bank_A,E23,P018,UPI
E03168,C0612,20788.66,PAYMENT_FAILED,Bank_A,E23,P014,WALLET
E03169,C0947,23783.22,INVOICE_OVERDUE,Bank_D,E42,P008,CARD
E03170,C0741,22693.58,CHECKOUT_ABANDONED,Bank_D,E11,P012,UPI
E03171,C0928,2024.97,CHECKOUT_ABANDONED,Bank_C,E11,P003,CARD
E03172,C0126,5498.21,INVOICE_OVERDUE,Bank_D,E11,P002,WALLET
E03173,C0052,1267.77,INVOICE_OVERDUE,Bank_D,E42,P015,WALLET
E03174,C0511,14547.73,INVOICE_OVERDUE,Bank_C,E42,P006,WALLET
E03175,C0137,16970.19,INVOICE_OVERDUE,Bank_C,E23,P002,NETBANKING
E03176,C0335,2234.69,PAYMENT_FAILED,Bank_D,E42,P014,CARD
E03177,C0209,22176.54,INVOICE_OVERDUE,Bank_D,E17,P017,NETBANKING
E03178,C0642,23892.05,INVOICE_OVERDUE,Bank_B,E42,P014,NETBANKING
E03179,C0838,9030.88,SUBSCRIPTION_FAILED,Bank_A,E11,P007,UPI
E03180,C0831,10123.6,CHECKOUT_ABANDONED,Bank_D,E17,P017,WALLET
E03181,C0487,14154.14,SUBSCRIPTION_FAILED,Bank_C,E23,P007,WALLET
E03182,C0852,13264.55,CHECKOUT_ABANDONED,Bank_C,E23,P015,WALLET
E03183,C0340,20405.17,SUBSCRIPTION_FAILED,Bank_C,E42,P011,UPI
E03184,C0474,16531.56,CHECKOUT_ABANDONED,Bank_A,E42,P007,WALLET
E03185,C0534,688.6,INVOICE_OVERDUE,Bank_C,E42,P017,WALLET
E03186,C0550,9370.37,CHECKOUT_ABANDONED,Bank_D,E23,P013,UPI
E03187,C0857,9217.84,PAYMENT_FAILED,Bank_C,E23,P017,CARD
E03188,C0711,22491.54,PAYMENT_FAILED,Bank_C,E23,P012,WALLET
E03189,C0986,13122.84,SUBSCRIPTION_FAILED,Bank_C,E42,P011,CARD
E03190,C0291,5325.06,INVOICE_OVERDUE,Bank_A,E42,P016,NETBANKING
E03191,C0594,22488.75,INVOICE_OVERDUE,Bank_A,E42,P012,WALLET
E03192,C0934,4628.77,INVOICE_OVERDUE,Bank_C,E23,P002,NETBANKING
E03193,C0216,12199.34,SUBSCRIPTION_FAILED,Bank_A,E42,P009,CARD
E03194,C0455,13120.87,CHECKOUT_ABANDONED,Bank_B,E11,P004,CARD
E03195,C0759,19296.79,PAYMENT_FAILED,Bank_D,E17,P016,NETBANKING
E03196,C0250,15859.83,PAYMENT_FAILED,Bank_A,E11,P007,WALLET
E03197,C0802,7184.02,SUBSCRIPTION_FAILED,Bank_D,E42,P012,NETBANKING
E03198,C0388,12685.11,SUBSCRIPTION_FAILED,Bank_B,E23,P015,NETBANKING
E03199,C0024,17292.46,CHECKOUT_ABANDONED,Bank_B,E23,P012,WALLET
E03200,C0672,20147.68,SUBSCRIPTION_FAILED,Bank_C,E11,P002,WALLET
E03201,C0759,6483.87,PAYMENT_FAILED,Bank_D,E23,P014,NETBANKING
E03202,C0186,9195.49,INVOICE_OVERDUE,Bank_D,E17,P002,UPI
E03203,C0647,7768.1,CHECKOUT_ABANDONED,Bank_A,E42,P013,CARD
E03204,C0114,12046.72,PAYMENT_FAILED,Bank_A,E42,P007,UPI
E03205,C0663,13633.38,INVOICE_OVERDUE,Bank_D,E42,P016,WALLET
E03206,C0512,17124.28,SUBSCRIPTION_FAILED,Bank_A,E42,P001,CARD
E03207,C0949,11241.03,INVOICE_OVERDUE,Bank_D,E42,P002,UPI
E03208,C0673,20025.88,CHECKOUT_ABANDONED,Bank_C,E11,P007,WALLET
E03209,C0260,8325.84,SUBSCRIPTION_FAILED,Bank_B,E17,P004,WALLET
E03210,C0738,7792.96,CHECKOUT_ABANDONED,Bank_C,E17,P020,CARD
E03211,C0005,20122.97,PAYMENT_FAILED,Bank_D,E17,P005,NETBANKING
E03212,C0540,7916.76,INVOICE_OVERDUE,Bank_B,E23,P011,UPI
E03213,C0390,13802.09,CHECKOUT_ABANDONED,Bank_B,E17,P011,UPI
E03214,C0431,5023.37,SUBSCRIPTION_FAILED,Bank_B,E11,P004,WALLET
E03215,C0248,6651.96,CHECKOUT_ABANDONED,Bank_A,E11,P012,CARD
E03216,C0948,14081.86,CHECKOUT_ABANDONED,Bank_D,E17,P002,UPI
E03217,C0573,14159.35,INVOICE_OVERDUE,Bank_A,E17,P012,UPI
E03218,C0223,20405.05,CHECKOUT_ABANDONED,Bank_D,E42,P012,NETBANKING
E03219,C0034,21327.91,CHECKOUT_ABANDONED,Bank_D,E17,P020,NETBANKING
E03220,C0844,18304.15,PAYMENT_FAILED,Bank_A,E23,P005,WALLET
E03221,C0030,11213.28,INVOICE_OVERDUE,Bank_A,E42,P009,CARD
E03222,C0448,17076.29,CHECKOUT_ABANDONED,Bank_A,E42,P004,CARD
E03223,C0944,2696.05,PAYMENT_FAILED,Bank_A,E11,P019,WALLET
E03224,C0690,23374.61,PAYMENT_FAILED,Bank_B,E17,P009,UPI
E03225,C0632,20870.6,INVOICE_OVERDUE,Bank_A,E17,P013,NETBANKING
E03226,C0739,18949.91,SUBSCRIPTION_FAILED,Bank_A,E42,P016,NETBANKING
E03227,C0819,18775.89,CHECKOUT_ABANDONED,Bank_B,E17,P011,CARD
E03228,C0606,6648.83,INVOICE_OVERDUE,Bank_A,E23,P003,NETBANKING
E03229,C0436,24860.34,CHECKOUT_ABANDONED,Bank_A,E11,P006,CARD
E03230,C0319,10547.2,SUBSCRIPTION_FAILED,Bank_C,E23,P016,NETBANKING
E03231,C0741,6464.68,SUBSCRIPTION_FAILED,Bank_B,E17,P001,WALLET
E03232,C0246,1730.29,PAYMENT_FAILED,Bank_A,E42,P006,NETBANKING
E03233,C0976,21307.08,INVOICE_OVERDUE,Bank_A,E42,P003,UPI
E03234,C0287,12891.25,CHECKOUT_ABANDONED,Bank_B,E17,P020,NETBANKING
E03235,C0950,8683.36,SUBSCRIPTION_FAILED,Bank_D,E23,P015,WALLET
E03236,C0650,10960.38,CHECKOUT_ABANDONED,Bank_C,E11,P019,CARD
E03237,C0870,4725.13,CHECKOUT_ABANDONED,Bank_A,E42,P003,NETBANKING
E03238,C0183,6340.61,CHECKOUT_ABANDONED,Bank_C,E23,P007,CARD
E03239,C0445,10925.59,CHECKOUT_ABANDONED,Bank_D,E11,P019,CARD
E03240,C0788,16229.33,SUBSCRIPTION_FAILED,Bank_B,E17,P015,CARD
E03241,C0689,24798.77,PAYMENT_FAILED,Bank_C,E42,P019,NETBANKING
E03242,C0839,9135.88,PAYMENT_FAILED,Bank_A,E42,P005,CARD
E03243,C0258,13559.56,CHECKOUT_ABANDONED,Bank_D,E17,P018,CARD
E03244,C0931,9846.54,PAYMENT_FAILED,Bank_B,E11,P007,UPI
E03245,C0257,11523.87,INVOICE_OVERDUE,Bank_A,E42,P013,CARD
E03246,C0503,18913.05,SUBSCRIPTION_FAILED,Bank_A,E42,P003,CARD
E03247,C0055,6352.07,CHECKOUT_ABANDONED,Bank_A,E42,P012,UPI
E03248,C0483,24305.44,INVOICE_OVERDUE,Bank_B,E17,P010,NETBANKING
E03249,C0096,2731.13,CHECKOUT_ABANDONED,Bank_C,E23,P008,WALLET
E03250,C0499,19383.93,PAYMENT_FAILED,Bank_A,E42,P013,NETBANKING
E03251,C0593,23858.96,CHECKOUT_ABANDONED,Bank_D,E23,P013,CARD
E03252,C0094,18633.51,CHECKOUT_ABANDONED,Bank_B,E23,P019,NETBANKING
E03253,C0214,6206.41,CHECKOUT_ABANDONED,Bank_C,E11,P006,CARD
E03254,C0387,19668.39,INVOICE_OVERDUE,Bank_B,E17,P009,WALLET
E03255,C0900,19129.49,SUBSCRIPTION_FAILED,Bank_C,E17,P004,WALLET
E03256,C0999,4841.95,PAYMENT_FAILED,Bank_B,E23,P007,UPI
E03257,C0259,12564.36,INVOICE_OVERDUE,Bank_C,E42,P020,NETBANKING
E03258,C0027,10512.56,SUBSCRIPTION_FAILED,Bank_A,E42,P015,NETBANKING
E03259,C0953,11181.25,PAYMENT_FAILED,Bank_B,E11,P012,CARD
E03260,C0852,11794.0,CHECKOUT_ABANDONED,Bank_B,E42,P007,WALLET
E03261,C0146,20339.71,CHECKOUT_ABANDONED,Bank_D,E17,P018,WALLET
E03262,C0352,21938.94,PAYMENT_FAILED,Bank_A,E42,P010,UPI
E03263,C0015,13910.75,PAYMENT_FAILED,Bank_A,E17,P012,WALLET
E03264,C0970,19306.08,SUBSCRIPTION_FAILED,Bank_B,E23,P011,CARD
E03265,C0332,23519.34,SUBSCRIPTION_FAILED,Bank_D,E11,P007,CARD
E03266,C0647,14828.09,PAYMENT_FAILED,Bank_B,E23,P019,CARD
E03267,C0069,15807.11,SUBSCRIPTION_FAILED,Bank_B,E11,P002,WALLET
E03268,C0360,7106.09,PAYMENT_FAILED,Bank_C,E17,P011,CARD
E03269,C0656,4664.91,SUBSCRIPTION_FAILED,Bank_D,E42,P012,NETBANKING
E03270,C0857,6524.25,PAYMENT_FAILED,Bank_C,E11,P014,UPI
E03271,C0780,6789.11,SUBSCRIPTION_FAILED,Bank_B,E11,P005,CARD
E03272,C0751,16032.35,SUBSCRIPTION_FAILED,Bank_A,E42,P010,CARD
E03273,C0593,4299.79,INVOICE_OVERDUE,Bank_B,E11,P013,WALLET
E03274,C0081,20231.26,INVOICE_OVERDUE,Bank_A,E42,P005,CARD
E03275,C0923,5183.98,PAYMENT_FAILED,Bank_A,E42,P003,WALLET
E03276,C0810,16450.75,INVOICE_OVERDUE,Bank_A,E11,P001,WALLET
E03277,C0366,17201.61,INVOICE_OVERDUE,Bank_C,E17,P018,CARD
E03278,C0528,24159.38,PAYMENT_FAILED,Bank_B,E42,P006,UPI
E03279,C0364,5845.29,PAYMENT_FAILED,Bank_C,E11,P002,NETBANKING
E03280,C0386,14786.44,PAYMENT_FAILED,Bank_A,E42,P004,WALLET
E03281,C0083,9800.04,PAYMENT_FAILED,Bank_D,E17,P008,WALLET
E03282,C0507,18957.75,CHECKOUT_ABANDONED,Bank_D,E11,P002,WALLET
E03283,C0899,7651.79,PAYMENT_FAILED,Bank_B,E23,P012,CARD
E03284,C0987,4483.71,SUBSCRIPTION_FAILED,Bank_D,E11,P009,WALLET
E03285,C0160,24635.59,SUBSCRIPTION_FAILED,Bank_D,E11,P014,WALLET
E03286,C0328,21852.78,CHECKOUT_ABANDONED,Bank_A,E42,P001,CARD
E03287,C0901,17825.43,PAYMENT_FAILED,Bank_B,E17,P002,NETBANKING
E03288,C0219,21633.07,SUBSCRIPTION_FAILED,Bank_B,E11,P011,WALLET
E03289,C0147,18806.16,SUBSCRIPTION_FAILED,Bank_D,E42,P017,WALLET
E03290,C0082,6128.5,SUBSCRIPTION_FAILED,Bank_D,E11,P016,WALLET
E03291,C0823,2278.45,PAYMENT_FAILED,Bank_B,E23,P020,UPI
E03292,C0341,13424.39,INVOICE_OVERDUE,Bank_B,E23,P014,CARD
E03293,C0212,15643.22,PAYMENT_FAILED,Bank_C,E11,P016,WALLET
E03294,C0787,968.6,PAYMENT_FAILED,Bank_C,E23,P014,NETBANKING
E03295,C0621,12137.91,INVOICE_OVERDUE,Bank_A,E42,P011,UPI
E03296,C0564,22292.5,CHECKOUT_ABANDONED,Bank_D,E23,P015,NETBANKING
E03297,C0841,8613.82,CHECKOUT_ABANDONED,Bank_D,E17,P003,CARD
E03298,C0998,2671.59,PAYMENT_FAILED,Bank_A,E42,P020,CARD
E03299,C0015,733.84,CHECKOUT_ABANDONED,Bank_C,E42,P006,NETBANKING
E03300,C0685,13221.61,SUBSCRIPTION_FAILED,Bank_B,E23,P017,CARD
E03301,C0846,15434.24,PAYMENT_FAILED,Bank_D,E17,P015,WALLET
E03302,C0248,3930.63,CHECKOUT_ABANDONED,Bank_D,E11,P016,UPI
E03303,C0747,10469.91,CHECKOUT_ABANDONED,Bank_B,E11,P013,NETBANKING
E03304,C0082,17642.32,INVOICE_OVERDUE,Bank_B,E17,P020,CARD
E03305,C0866,18194.71,SUBSCRIPTION_FAILED,Bank_D,E17,P018,UPI
E03306,C0702,16030.63,PAYMENT_FAILED,Bank_C,E42,P016,WALLET
E03307,C0015,23826.49,PAYMENT_FAILED,Bank_C,E23,P009,UPI
E03308,C0160,14772.05,INVOICE_OVERDUE,Bank_A,E42,P013,CARD
E03309,C0731,5570.35,PAYMENT_FAILED,Bank_A,E11,P005,UPI
E03310,C0205,9861.66,CHECKOUT_ABANDONED,Bank_B,E23,P010,UPI
E03311,C0886,20818.28,CHECKOUT_ABANDONED,Bank_B,E11,P019,WALLET
E03312,C0499,23594.83,PAYMENT_FAILED,Bank_A,E17,P004,WALLET
E03313,C0137,20279.76,PAYMENT_FAILED,Bank_C,E42,P018,WALLET
E03314,C0419,15431.44,PAYMENT_FAILED,Bank_D,E11,P010,WALLET
E03315,C0222,2145.37,CHECKOUT_ABANDONED,Bank_B,E17,P015,WALLET
E03316,C0702,18439.89,INVOICE_OVERDUE,Bank_B,E11,P005,UPI
E03317,C0470,9379.06,SUBSCRIPTION_FAILED,Bank_C,E42,P016,UPI
E03318,C0743,4391.52,CHECKOUT_ABANDONED,Bank_A,E42,P001,WALLET
E03319,C0102,21040.78,PAYMENT_FAILED,Bank_D,E42,P003,UPI
E03320,C0332,958.89,CHECKOUT_ABANDONED,Bank_A,E17,P001,NETBANKING
E03321,C0872,1610.62,SUBSCRIPTION_FAILED,Bank_C,E11,P003,UPI
E03322,C0918,9552.23,SUBSCRIPTION_FAILED,Bank_B,E11,P006,CARD
E03323,C0234,1306.39,CHECKOUT_ABANDONED,Bank_D,E42,P006,CARD
E03324,C0108,11968.0,SUBSCRIPTION_FAILED,Bank_B,E23,P012,CARD
E03325,C0838,18784.5,INVOICE_OVERDUE,Bank_B,E11,P009,UPI
E03326,C0954,899.49,SUBSCRIPTION_FAILED,Bank_D,E17,P010,WALLET
E03327,C0880,13304.76,PAYMENT_FAILED,Bank_C,E17,P014,UPI
E03328,C0636,2423.06,PAYMENT_FAILED,Bank_B,E42,P016,CARD
E03329,C0230,18209.1,INVOICE_OVERDUE,Bank_A,E42,P018,UPI
E03330,C0772,2299.39,CHECKOUT_ABANDONED,Bank_B,E11,P012,CARD
E03331,C0217,2863.27,INVOICE_OVERDUE,Bank_C,E23,P001,CARD
E03332,C0203,22016.06,INVOICE_OVERDUE,Bank_D,E11,P013,UPI
E03333,C0757,20359.39,PAYMENT_FAILED,Bank_A,E17,P001,WALLET
E03334,C0482,21829.72,CHECKOUT_ABANDONED,Bank_D,E11,P006,NETBANKING
E03335,C0498,6694.32,SUBSCRIPTION_FAILED,Bank_B,E11,P015,CARD
E03336,C0253,21396.22,INVOICE_OVERDUE,Bank_A,E42,P008,WALLET
E03337,C0959,22697.48,CHECKOUT_ABANDONED,Bank_D,E11,P006,WALLET
E03338,C0693,20016.61,CHECKOUT_ABANDONED,Bank_D,E23,P008,WALLET
E03339,C0031,19476.73,CHECKOUT_ABANDONED,Bank_D,E17,P008,NETBANKING
E03340,C0946,5248.2,PAYMENT_FAILED,Bank_B,E11,P015,NETBANKING
E03341,C0116,12022.93,CHECKOUT_ABANDONED,Bank_A,E23,P004,WALLET
E03342,C0322,6897.62,SUBSCRIPTION_FAILED,Bank_A,E23,P016,UPI
E03343,C0487,18673.69,PAYMENT_FAILED,Bank_B,E23,P006,WALLET
E03344,C0175,12264.25,INVOICE_OVERDUE,Bank_C,E11,P001,NETBANKING
E03345,C0694,11101.31,PAYMENT_FAILED,Bank_A,E17,P008,CARD
E03346,C0690,19805.27,CHECKOUT_ABANDONED,Bank_D,E42,P006,CARD
E03347,C0046,23668.58,INVOICE_OVERDUE,Bank_A,E11,P017,WALLET
E03348,C0965,7700.96,INVOICE_OVERDUE,Bank_D,E42,P014,CARD
E03349,C0406,18259.33,SUBSCRIPTION_FAILED,Bank_A,E42,P013,UPI
E03350,C0268,20428.68,PAYMENT_FAILED,Bank_D,E17,P004,CARD
E03351,C0926,996.62,INVOICE_OVERDUE,Bank_D,E23,P007,NETBANKING
E03352,C0291,20804.23,PAYMENT_FAILED,Bank_A,E11,P010,NETBANKING
E03353,C0377,20934.04,INVOICE_OVERDUE,Bank_A,E23,P003,CARD
E03354,C0634,14399.83,SUBSCRIPTION_FAILED,Bank_A,E42,P003,CARD
E03355,C0815,3240.57,INVOICE_OVERDUE,Bank_D,E17,P011,WALLET
E03356,C0661,11944.52,CHECKOUT_ABANDONED,Bank_A,E42,P004,CARD
E03357,C0693,11481.85,SUBSCRIPTION_FAILED,Bank_C,E11,P002,NETBANKING
E03358,C0639,15962.85,CHECKOUT_ABANDONED,Bank_C,E23,P014,CARD
E03359,C0289,3930.01,INVOICE_OVERDUE,Bank_D,E17,P010,CARD
E03360,C0773,2077.63,PAYMENT_FAILED,Bank_B,E42,P019,UPI
E03361,C0964,15869.76,PAYMENT_FAILED,Bank_A,E11,P009,UPI
E03362,C0995,11051.5,INVOICE_OVERDUE,Bank_A,E42,P017,UPI
E03363,C0901,9278.91,SUBSCRIPTION_FAILED,Bank_D,E11,P016,WALLET
E03364,C0864,12055.26,PAYMENT_FAILED,Bank_D,E42,P011,CARD
E03365,C0717,19811.03,PAYMENT_FAILED,Bank_A,E17,P012,CARD
E03366,C0477,8864.6,CHECKOUT_ABANDONED,Bank_B,E17,P008,NETBANKING
E03367,C0016,22015.68,INVOICE_OVERDUE,Bank_D,E11,P017,NETBANKING
E03368,C0024,23109.21,CHECKOUT_ABANDONED,Bank_B,E23,P014,CARD
E03369,C0791,23572.34,INVOICE_OVERDUE,Bank_A,E42,P019,NETBANKING
E03370,C0797,22231.16,INVOICE_OVERDUE,Bank_C,E23,P003,CARD
E03371,C0138,12177.18,PAYMENT_FAILED,Bank_A,E23,P006,WALLET
E03372,C0532,11686.79,CHECKOUT_ABANDONED,Bank_C,E17,P005,NETBANKING
E03373,C0895,19848.39,INVOICE_OVERDUE,Bank_A,E42,P017,WALLET
E03374,C0395,22920.96,CHECKOUT_ABANDONED,Bank_D,E42,P010,NETBANKING
E03375,C0335,6792.07,SUBSCRIPTION_FAILED,Bank_A,E42,P007,CARD
E03376,C0042,10129.45,CHECKOUT_ABANDONED,Bank_B,E23,P020,NETBANKING
E03377,C0120,18049.55,INVOICE_OVERDUE,Bank_B,E42,P011,CARD
E03378,C0890,22787.89,CHECKOUT_ABANDONED,Bank_A,E42,P001,CARD
E03379,C0791,15440.39,PAYMENT_FAILED,Bank_B,E23,P006,WALLET
E03380,C0608,13163.32,INVOICE_OVERDUE,Bank_A,E42,P011,WALLET
E03381,C0355,19483.97,PAYMENT_FAILED,Bank_A,E23,P019,UPI
E03382,C0001,1999.68,SUBSCRIPTION_FAILED,Bank_C,E17,P010,WALLET
E03383,C0243,1218.28,SUBSCRIPTION_FAILED,Bank_B,E17,P001,WALLET
E03384,C0451,18556.96,INVOICE_OVERDUE,Bank_A,E42,P017,UPI
E03385,C0871,10158.93,INVOICE_OVERDUE,Bank_C,E17,P014,UPI
E03386,C0484,6957.57,PAYMENT_FAILED,Bank_A,E23,P013,UPI
E03387,C0625,22180.38,INVOICE_OVERDUE,Bank_A,E42,P020,WALLET
E03388,C0775,6519.77,CHECKOUT_ABANDONED,Bank_A,E42,P004,WALLET
E03389,C0921,20020.94,INVOICE_OVERDUE,Bank_D,E42,P009,CARD
E03390,C0627,1664.92,CHECKOUT_ABANDONED,Bank_D,E11,P015,CARD
E03391,C0240,5365.28,INVOICE_OVERDUE,Bank_C,E11,P009,UPI
E03392,C0152,11817.02,INVOICE_OVERDUE,Bank_A,E42,P019,NETBANKING
E03393,C0923,12244.13,SUBSCRIPTION_FAILED,Bank_D,E23,P011,UPI
E03394,C0739,15145.72,SUBSCRIPTION_FAILED,Bank_C,E23,P011,NETBANKING
E03395,C0349,23449.48,SUBSCRIPTION_FAILED,Bank_D,E11,P008,UPI
E03396,C0639,12997.41,INVOICE_OVERDUE,Bank_B,E42,P019,UPI
E03397,C0297,8880.88,CHECKOUT_ABANDONED,Bank_A,E42,P010,NETBANKING
E03398,C0093,12869.51,CHECKOUT_ABANDONED,Bank_B,E23,P016,WALLET
E03399,C0182,22287.61,SUBSCRIPTION_FAILED,Bank_A,E17,P011,WALLET
E03400,C0861,18023.12,SUBSCRIPTION_FAILED,Bank_D,E17,P005,NETBANKING
E03401,C0454,19405.2,PAYMENT_FAILED,Bank_D,E23,P011,NETBANKING
E03402,C0953,17662.42,INVOICE_OVERDUE,Bank_A,E42,P011,WALLET
E03403,C0733,17676.15,SUBSCRIPTION_FAILED,Bank_D,E17,P014,CARD
E03404,C0384,11498.7,CHECKOUT_ABANDONED,Bank_D,E17,P005,CARD
E03405,C0172,3894.41,INVOICE_OVERDUE,Bank_C,E17,P020,CARD
E03406,C0055,20668.64,CHECKOUT_ABANDONED,Bank_A,E17,P008,NETBANKING
E03407,C0413,10925.53,SUBSCRIPTION_FAILED,Bank_A,E42,P010,UPI
E03408,C0766,5889.93,SUBSCRIPTION_FAILED,Bank_A,E17,P012,UPI
E03409,C0385,16418.45,SUBSCRIPTION_FAILED,Bank_A,E42,P001,UPI
E03410,C0019,21783.0,SUBSCRIPTION_FAILED,Bank_D,E42,P008,CARD
E03411,C0849,1884.61,CHECKOUT_ABANDONED,Bank_C,E11,P017,CARD
E03412,C0372,22838.48,PAYMENT_FAILED,Bank_C,E23,P003,WALLET
E03413,C0165,10036.86,PAYMENT_FAILED,Bank_D,E23,P016,UPI
E03414,C0713,24716.21,PAYMENT_FAILED,Bank_A,E42,P016,UPI
E03415,C0541,8193.46,PAYMENT_FAILED,Bank_A,E42,P008,NETBANKING
E03416,C0788,9800.85,PAYMENT_FAILED,Bank_D,E23,P005,CARD
E03417,C0797,4406.77,SUBSCRIPTION_FAILED,Bank_A,E23,P002,NETBANKING
E03418,C0262,2836.66,CHECKOUT_ABANDONED,Bank_B,E17,P007,CARD
E03419,C0438,21861.89,INVOICE_OVERDUE,Bank_C,E11,P009,WALLET
E03420,C0519,13174.91,INVOICE_OVERDUE,Bank_B,E23,P018,UPI
E03421,C0035,19806.86,INVOICE_OVERDUE,Bank_B,E17,P015,CARD
E03422,C0384,1527.43,SUBSCRIPTION_FAILED,Bank_A,E42,P012,WALLET
E03423,C0102,8712.24,CHECKOUT_ABANDONED,Bank_B,E23,P004,UPI
E03424,C0472,13727.82,PAYMENT_FAILED,Bank_A,E11,P016,WALLET
E03425,C0581,11419.48,INVOICE_OVERDUE,Bank_C,E17,P006,NETBANKING
E03426,C0922,821.49,PAYMENT_FAILED,Bank_A,E42,P013,WALLET
E03427,C0709,20389.36,PAYMENT_FAILED,Bank_A,E11,P014,CARD
E03428,C0708,14442.29,PAYMENT_FAILED,Bank_A,E42,P003,WALLET
E03429,C0248,4878.64,SUBSCRIPTION_FAILED,Bank_A,E11,P006,CARD
E03430,C0737,2387.29,CHECKOUT_ABANDONED,Bank_A,E42,P018,WALLET
E03431,C0987,24714.71,PAYMENT_FAILED,Bank_A,E42,P016,UPI
E03432,C0933,11256.56,INVOICE_OVERDUE,Bank_C,E42,P001,UPI
E03433,C0375,15993.02,CHECKOUT_ABANDONED,Bank_D,E23,P013,NETBANKING
E03434,C0899,3234.86,INVOICE_OVERDUE,Bank_C,E17,P006,UPI
E03435,C0588,14510.96,PAYMENT_FAILED,Bank_A,E23,P003,WALLET
E03436,C0970,5005.85,SUBSCRIPTION_FAILED,Bank_D,E11,P018,CARD
E03437,C0310,15532.81,SUBSCRIPTION_FAILED,Bank_C,E11,P007,WALLET
E03438,C0249,16947.68,SUBSCRIPTION_FAILED,Bank_C,E11,P012,UPI
E03439,C0935,18481.2,PAYMENT_FAILED,Bank_A,E42,P005,UPI
E03440,C0225,1124.54,CHECKOUT_ABANDONED,Bank_B,E42,P004,NETBANKING
E03441,C0162,22084.74,PAYMENT_FAILED,Bank_A,E42,P009,NETBANKING
E03442,C0146,20482.72,PAYMENT_FAILED,Bank_B,E17,P019,WALLET
E03443,C0988,11446.85,CHECKOUT_ABANDONED,Bank_C,E23,P004,NETBANKING
E03444,C0790,17253.66,SUBSCRIPTION_FAILED,Bank_C,E17,P012,WALLET
E03445,C0408,24832.69,SUBSCRIPTION_FAILED,Bank_A,E17,P005,CARD
E03446,C0879,13099.23,INVOICE_OVERDUE,Bank_A,E42,P010,WALLET
E03447,C0246,15913.27,CHECKOUT_ABANDONED,Bank_A,E42,P003,NETBANKING
E03448,C0110,8980.15,SUBSCRIPTION_FAILED,Bank_C,E11,P002,NETBANKING
E03449,C0507,2648.57,CHECKOUT_ABANDONED,Bank_A,E42,P002,CARD
E03450,C0662,24369.67,SUBSCRIPTION_FAILED,Bank_A,E42,P011,WALLET
E03451,C0863,9611.5,PAYMENT_FAILED,Bank_A,E11,P008,UPI
E03452,C0603,23961.31,PAYMENT_FAILED,Bank_B,E23,P019,UPI
E03453,C0970,9139.11,SUBSCRIPTION_FAILED,Bank_B,E42,P013,NETBANKING
E03454,C0068,13111.24,CHECKOUT_ABANDONED,Bank_B,E17,P002,NETBANKING
E03455,C0124,5729.51,CHECKOUT_ABANDONED,Bank_C,E11,P012,WALLET
E03456,C0858,17525.7,PAYMENT_FAILED,Bank_B,E11,P006,NETBANKING
E03457,C0472,5397.65,PAYMENT_FAILED,Bank_D,E11,P015,CARD
E03458,C0629,17132.17,INVOICE_OVERDUE,Bank_B,E42,P012,NETBANKING
E03459,C0779,24992.52,SUBSCRIPTION_FAILED,Bank_D,E11,P007,CARD
E03460,C0848,17706.59,PAYMENT_FAILED,Bank_B,E11,P017,NETBANKING
E03461,C0985,18901.69,PAYMENT_FAILED,Bank_D,E11,P011,WALLET
E03462,C0173,22279.33,INVOICE_OVERDUE,Bank_A,E23,P007,UPI
E03463,C0063,4043.39,INVOICE_OVERDUE,Bank_C,E17,P013,CARD
E03464,C0529,15940.85,INVOICE_OVERDUE,Bank_A,E11,P009,UPI
E03465,C0223,18960.64,CHECKOUT_ABANDONED,Bank_A,E42,P014,UPI
E03466,C0884,16082.04,CHECKOUT_ABANDONED,Bank_A,E42,P012,UPI
E03467,C0975,14929.83,SUBSCRIPTION_FAILED,Bank_A,E42,P011,UPI
E03468,C0874,24056.04,CHECKOUT_ABANDONED,Bank_D,E11,P004,UPI
E03469,C0245,4546.14,CHECKOUT_ABANDONED,Bank_A,E42,P016,WALLET
E03470,C0884,9698.55,INVOICE_OVERDUE,Bank_B,E23,P020,CARD
E03471,C0976,14500.49,INVOICE_OVERDUE,Bank_D,E17,P017,WALLET
E03472,C0880,22137.25,INVOICE_OVERDUE,Bank_A,E42,P011,WALLET
E03473,C0828,24195.52,CHECKOUT_ABANDONED,Bank_C,E42,P004,WALLET
E03474,C0652,1204.12,CHECKOUT_ABANDONED,Bank_A,E11,P006,WALLET
E03475,C0224,15594.16,CHECKOUT_ABANDONED,Bank_A,E17,P012,NETBANKING
E03476,C0732,9665.59,PAYMENT_FAILED,Bank_C,E11,P017,UPI
E03477,C0881,530.46,SUBSCRIPTION_FAILED,Bank_A,E42,P018,NETBANKING
E03478,C0978,11886.14,PAYMENT_FAILED,Bank_A,E42,P008,NETBANKING
E03479,C0075,18083.46,INVOICE_OVERDUE,Bank_B,E42,P015,NETBANKING
E03480,C0678,11524.01,INVOICE_OVERDUE,Bank_A,E11,P006,WALLET
E03481,C0156,21842.74,INVOICE_OVERDUE,Bank_C,E17,P003,NETBANKING
E03482,C0988,12735.19,CHECKOUT_ABANDONED,Bank_A,E23,P020,WALLET
E03483,C0635,9662.98,SUBSCRIPTION_FAILED,Bank_A,E42,P018,UPI
E03484,C0768,19096.86,PAYMENT_FAILED,Bank_A,E17,P011,UPI
E03485,C0505,4250.58,CHECKOUT_ABANDONED,Bank_D,E42,P006,NETBANKING
E03486,C0519,11970.43,PAYMENT_FAILED,Bank_B,E42,P011,UPI
E03487,C0797,1176.59,SUBSCRIPTION_FAILED,Bank_A,E42,P018,UPI
E03488,C0301,17156.93,CHECKOUT_ABANDONED,Bank_D,E42,P018,UPI
E03489,C0242,22286.06,CHECKOUT_ABANDONED,Bank_B,E17,P008,CARD
E03490,C0835,17188.84,INVOICE_OVERDUE,Bank_D,E42,P004,UPI
E03491,C0724,10418.39,PAYMENT_FAILED,Bank_A,E42,P014,CARD
E03492,C0815,12753.9,PAYMENT_FAILED,Bank_A,E42,P018,NETBANKING
E03493,C0968,18073.83,CHECKOUT_ABANDONED,Bank_D,E23,P013,UPI
E03494,C0340,11788.18,CHECKOUT_ABANDONED,Bank_A,E23,P001,UPI
E03495,C0760,5178.74,PAYMENT_FAILED,Bank_A,E42,P003,CARD
E03496,C0803,11664.25,PAYMENT_FAILED,Bank_B,E17,P020,WALLET
E03497,C0248,24665.08,INVOICE_OVERDUE,Bank_D,E23,P014,CARD
E03498,C0817,13923.57,CHECKOUT_ABANDONED,Bank_B,E11,P002,WALLET
E03499,C0485,1654.91,CHECKOUT_ABANDONED,Bank_C,E17,P015,CARD
E03500,C0662,2678.91,SUBSCRIPTION_FAILED,Bank_A,E17,P003,UPI
E03501,C0107,23947.88,CHECKOUT_ABANDONED,Bank_D,E17,P012,UPI
E03502,C0041,9656.47,INVOICE_OVERDUE,Bank_C,E23,P016,NETBANKING
E03503,C0743,16480.28,PAYMENT_FAILED,Bank_D,E42,P011,UPI
E03504,C0214,18260.37,CHECKOUT_ABANDONED,Bank_B,E42,P009,NETBANKING
E03505,C0683,16577.72,PAYMENT_FAILED,Bank_A,E42,P002,UPI
E03506,C0760,12264.66,CHECKOUT_ABANDONED,Bank_A,E42,P020,WALLET
E03507,C0611,11932.82,INVOICE_OVERDUE,Bank_D,E23,P012,NETBANKING
E03508,C0264,8468.02,SUBSCRIPTION_FAILED,Bank_C,E23,P012,CARD
E03509,C0706,8616.81,PAYMENT_FAILED,Bank_A,E23,P014,CARD
E03510,C0823,11645.46,PAYMENT_FAILED,Bank_C,E42,P007,NETBANKING
E03511,C0383,18869.31,SUBSCRIPTION_FAILED,Bank_D,E23,P015,UPI
E03512,C0228,18457.76,PAYMENT_FAILED,Bank_D,E17,P010,CARD
E03513,C0955,1595.78,PAYMENT_FAILED,Bank_C,E42,P007,UPI
E03514,C0087,20021.9,PAYMENT_FAILED,Bank_C,E11,P006,CARD
E03515,C0158,8421.34,PAYMENT_FAILED,Bank_C,E23,P014,WALLET
E03516,C0974,18815.37,SUBSCRIPTION_FAILED,Bank_A,E17,P014,CARD
E03517,C0146,9901.64,INVOICE_OVERDUE,Bank_A,E17,P004,WALLET
E03518,C0799,5982.67,SUBSCRIPTION_FAILED,Bank_A,E42,P001,NETBANKING
E03519,C0803,18428.02,PAYMENT_FAILED,Bank_B,E11,P015,UPI
E03520,C0947,10412.5,PAYMENT_FAILED,Bank_A,E42,P016,NETBANKING
E03521,C0537,1381.6,INVOICE_OVERDUE,Bank_B,E17,P011,UPI
E03522,C0882,4509.11,PAYMENT_FAILED,Bank_D,E17,P019,CARD
E03523,C0638,16688.02,INVOICE_OVERDUE,Bank_B,E42,P017,NETBANKING
E03524,C0647,11273.35,CHECKOUT_ABANDONED,Bank_A,E42,P013,UPI
E03525,C0302,7441.76,SUBSCRIPTION_FAILED,Bank_B,E23,P003,NETBANKING
E03526,C0223,11959.44,SUBSCRIPTION_FAILED,Bank_A,E42,P019,NETBANKING
E03527,C0545,11876.2,CHECKOUT_ABANDONED,Bank_C,E11,P013,WALLET
E03528,C0186,18767.42,CHECKOUT_ABANDONED,Bank_D,E23,P014,CARD
E03529,C0587,8730.91,CHECKOUT_ABANDONED,Bank_A,E11,P007,WALLET
E03530,C0563,20968.98,CHECKOUT_ABANDONED,Bank_A,E23,P002,NETBANKING
E03531,C0613,17975.4,PAYMENT_FAILED,Bank_A,E42,P014,CARD
E03532,C0103,20071.84,INVOICE_OVERDUE,Bank_A,E23,P013,CARD
E03533,C0435,1250.29,CHECKOUT_ABANDONED,Bank_B,E11,P005,UPI
E03534,C0946,21618.19,CHECKOUT_ABANDONED,Bank_A,E23,P018,WALLET
E03535,C0976,11624.6,CHECKOUT_ABANDONED,Bank_D,E42,P005,UPI
E03536,C0468,16739.52,INVOICE_OVERDUE,Bank_A,E42,P019,NETBANKING
E03537,C0298,11905.11,CHECKOUT_ABANDONED,Bank_A,E17,P012,UPI
E03538,C0294,19409.55,INVOICE_OVERDUE,Bank_B,E42,P012,CARD
E03539,C0344,16661.82,PAYMENT_FAILED,Bank_A,E42,P013,WALLET
E03540,C0901,22162.18,SUBSCRIPTION_FAILED,Bank_A,E42,P006,UPI
E03541,C0894,15073.34,PAYMENT_FAILED,Bank_A,E23,P016,UPI
E03542,C0856,18771.66,PAYMENT_FAILED,Bank_C,E17,P008,UPI
E03543,C0313,4411.24,SUBSCRIPTION_FAILED,Bank_C,E17,P009,NETBANKING
E03544,C0200,20549.29,INVOICE_OVERDUE,Bank_B,E17,P001,WALLET
E03545,C0568,22140.07,CHECKOUT_ABANDONED,Bank_D,E42,P017,WALLET
E03546,C0530,3606.39,INVOICE_OVERDUE,Bank_B,E42,P018,UPI
E03547,C0715,16309.06,INVOICE_OVERDUE,Bank_D,E17,P014,CARD
E03548,C0395,15900.82,CHECKOUT_ABANDONED,Bank_A,E42,P003,UPI
E03549,C0580,6679.86,PAYMENT_FAILED,Bank_A,E42,P011,CARD
E03550,C0457,6807.5,CHECKOUT_ABANDONED,Bank_C,E17,P012,WALLET
E03551,C0654,22515.99,INVOICE_OVERDUE,Bank_A,E42,P014,UPI
E03552,C0068,16244.67,CHECKOUT_ABANDONED,Bank_A,E23,P014,NETBANKING
E03553,C0001,22700.37,CHECKOUT_ABANDONED,Bank_A,E42,P013,CARD
E03554,C0952,23567.64,INVOICE_OVERDUE,Bank_A,E42,P014,UPI
E03555,C0243,21805.62,PAYMENT_FAILED,Bank_C,E11,P013,WALLET
E03556,C0715,24399.31,SUBSCRIPTION_FAILED,Bank_D,E42,P007,UPI
E03557,C0037,19677.0,INVOICE_OVERDUE,Bank_D,E11,P019,NETBANKING
E03558,C0140,7231.25,PAYMENT_FAILED,Bank_C,E42,P002,CARD
E03559,C0600,6270.1,CHECKOUT_ABANDONED,Bank_A,E42,P011,UPI
E03560,C0481,8996.78,SUBSCRIPTION_FAILED,Bank_D,E17,P006,WALLET
E03561,C0016,3072.26,PAYMENT_FAILED,Bank_A,E23,P018,CARD
E03562,C0558,10508.81,SUBSCRIPTION_FAILED,Bank_C,E42,P018,NETBANKING
E03563,C0182,6716.84,CHECKOUT_ABANDONED,Bank_D,E17,P010,CARD
E03564,C0334,14908.54,SUBSCRIPTION_FAILED,Bank_A,E17,P004,NETBANKING
E03565,C0430,20624.35,SUBSCRIPTION_FAILED,Bank_C,E42,P012,NETBANKING
E03566,C0282,3231.99,PAYMENT_FAILED,Bank_C,E11,P003,UPI
E03567,C0679,6544.28,CHECKOUT_ABANDONED,Bank_D,E23,P001,CARD
E03568,C0987,12540.63,SUBSCRIPTION_FAILED,Bank_B,E11,P013,NETBANKING
E03569,C0759,22557.65,SUBSCRIPTION_FAILED,Bank_C,E23,P009,CARD
E03570,C0743,18617.35,SUBSCRIPTION_FAILED,Bank_A,E23,P018,NETBANKING
E03571,C0208,23084.95,SUBSCRIPTION_FAILED,Bank_A,E11,P016,WALLET
E03572,C0530,18163.41,SUBSCRIPTION_FAILED,Bank_A,E23,P019,WALLET
E03573,C0310,2831.52,CHECKOUT_ABANDONED,Bank_C,E17,P017,WALLET
E03574,C0292,1892.56,PAYMENT_FAILED,Bank_A,E42,P011,CARD
E03575,C0605,3676.43,CHECKOUT_ABANDONED,Bank_A,E42,P002,WALLET
E03576,C0591,10026.49,CHECKOUT_ABANDONED,Bank_C,E42,P005,NETBANKING
E03577,C0742,5187.95,PAYMENT_FAILED,Bank_D,E23,P015,NETBANKING
E03578,C0084,13641.11,INVOICE_OVERDUE,Bank_B,E23,P001,NETBANKING
E03579,C0921,17754.45,SUBSCRIPTION_FAILED,Bank_D,E23,P008,WALLET
E03580,C0971,7383.22,CHECKOUT_ABANDONED,Bank_A,E42,P012,WALLET
E03581,C0941,10520.67,INVOICE_OVERDUE,Bank_A,E42,P013,NETBANKING
E03582,C0200,12265.08,INVOICE_OVERDUE,Bank_A,E23,P018,NETBANKING
E03583,C0294,17506.81,PAYMENT_FAILED,Bank_B,E42,P012,UPI
E03584,C0898,14042.42,INVOICE_OVERDUE,Bank_A,E42,P003,UPI
E03585,C0708,21681.26,INVOICE_OVERDUE,Bank_A,E42,P013,UPI
E03586,C0849,4775.5,PAYMENT_FAILED,Bank_A,E42,P010,WALLET
E03587,C0027,2072.07,CHECKOUT_ABANDONED,Bank_A,E42,P011,WALLET
E03588,C0718,22949.71,PAYMENT_FAILED,Bank_D,E42,P012,WALLET
E03589,C0213,12952.17,PAYMENT_FAILED,Bank_A,E42,P003,UPI
E03590,C0228,11530.24,SUBSCRIPTION_FAILED,Bank_B,E23,P006,NETBANKING
E03591,C0997,18672.87,INVOICE_OVERDUE,Bank_A,E42,P012,UPI
E03592,C0724,24075.58,PAYMENT_FAILED,Bank_B,E11,P012,NETBANKING
E03593,C0334,10500.03,INVOICE_OVERDUE,Bank_A,E42,P005,CARD
E03594,C0594,24270.76,PAYMENT_FAILED,Bank_A,E42,P014,CARD
E03595,C0938,2187.01,PAYMENT_FAILED,Bank_A,E42,P007,NETBANKING
E03596,C0072,22507.61,SUBSCRIPTION_FAILED,Bank_A,E42,P006,WALLET
E03597,C0804,7181.74,CHECKOUT_ABANDONED,Bank_A,E42,P003,NETBANKING
E03598,C0848,2772.22,SUBSCRIPTION_FAILED,Bank_B,E42,P001,NETBANKING
E03599,C0780,11236.13,INVOICE_OVERDUE,Bank_D,E17,P015,CARD
E03600,C0126,11858.31,CHECKOUT_ABANDONED,Bank_A,E42,P005,WALLET
E03601,C0385,6269.61,INVOICE_OVERDUE,Bank_B,E17,P013,NETBANKING
E03602,C0141,8039.97,CHECKOUT_ABANDONED,Bank_B,E11,P020,WALLET
E03603,C0076,8571.61,SUBSCRIPTION_FAILED,Bank_A,E42,P020,CARD
E03604,C0726,12828.84,INVOICE_OVERDUE,Bank_D,E11,P020,CARD
E03605,C0028,4853.67,INVOICE_OVERDUE,Bank_B,E17,P007,UPI
E03606,C0850,9317.74,SUBSCRIPTION_FAILED,Bank_C,E23,P010,NETBANKING
E03607,C0782,4244.29,INVOICE_OVERDUE,Bank_D,E17,P014,CARD
E03608,C0449,15098.72,SUBSCRIPTION_FAILED,Bank_B,E17,P004,CARD
E03609,C0128,6387.49,SUBSCRIPTION_FAILED,Bank_B,E17,P008,UPI
E03610,C0667,15639.0,PAYMENT_FAILED,Bank_D,E23,P005,WALLET
E03611,C0812,24284.55,INVOICE_OVERDUE,Bank_A,E17,P001,NETBANKING
E03612,C0399,12578.12,PAYMENT_FAILED,Bank_B,E23,P011,WALLET
E03613,C0447,17625.11,CHECKOUT_ABANDONED,Bank_B,E42,P017,NETBANKING
E03614,C0797,15532.0,INVOICE_OVERDUE,Bank_D,E23,P011,UPI
E03615,C0737,15086.27,CHECKOUT_ABANDONED,Bank_A,E42,P011,NETBANKING
E03616,C0809,9896.12,INVOICE_OVERDUE,Bank_A,E42,P017,CARD
E03617,C0652,6291.9,SUBSCRIPTION_FAILED,Bank_D,E17,P016,UPI
E03618,C0903,8720.87,INVOICE_OVERDUE,Bank_D,E11,P011,NETBANKING
E03619,C0712,15405.88,CHECKOUT_ABANDONED,Bank_B,E17,P002,UPI
E03620,C0791,13340.2,INVOICE_OVERDUE,Bank_B,E11,P019,CARD
E03621,C0906,14315.73,CHECKOUT_ABANDONED,Bank_A,E23,P011,NETBANKING
E03622,C0695,1044.41,SUBSCRIPTION_FAILED,Bank_A,E42,P004,CARD
E03623,C0108,1038.58,CHECKOUT_ABANDONED,Bank_C,E42,P007,NETBANKING
E03624,C1000,3485.33,CHECKOUT_ABANDONED,Bank_C,E23,P006,CARD
E03625,C0310,8633.79,PAYMENT_FAILED,Bank_A,E42,P016,UPI
E03626,C0134,9425.95,CHECKOUT_ABANDONED,Bank_C,E11,P016,UPI
E03627,C0428,5316.2,SUBSCRIPTION_FAILED,Bank_A,E17,P002,WALLET
E03628,C0292,21905.39,CHECKOUT_ABANDONED,Bank_B,E11,P006,UPI
E03629,C0869,9882.21,SUBSCRIPTION_FAILED,Bank_C,E23,P014,WALLET
E03630,C0091,16389.81,CHECKOUT_ABANDONED,Bank_C,E11,P007,CARD
E03631,C0821,13060.41,INVOICE_OVERDUE,Bank_B,E42,P013,UPI
E03632,C0358,11849.48,INVOICE_OVERDUE,Bank_B,E11,P015,NETBANKING
E03633,C0329,16421.96,PAYMENT_FAILED,Bank_C,E11,P020,NETBANKING
E03634,C0857,17469.5,INVOICE_OVERDUE,Bank_A,E42,P020,UPI
E03635,C0899,6235.27,INVOICE_OVERDUE,Bank_B,E23,P011,UPI
E03636,C0848,20954.43,PAYMENT_FAILED,Bank_C,E23,P006,UPI
E03637,C0395,10492.64,CHECKOUT_ABANDONED,Bank_A,E42,P004,CARD
E03638,C0303,17974.7,INVOICE_OVERDUE,Bank_A,E42,P020,WALLET
E03639,C0489,6255.74,CHECKOUT_ABANDONED,Bank_C,E17,P016,CARD
E03640,C0397,18269.5,SUBSCRIPTION_FAILED,Bank_C,E23,P017,NETBANKING
E03641,C0776,19179.28,CHECKOUT_ABANDONED,Bank_A,E11,P001,NETBANKING
E03642,C0775,14009.41,CHECKOUT_ABANDONED,Bank_C,E11,P020,CARD
E03643,C0661,20710.88,INVOICE_OVERDUE,Bank_A,E17,P017,NETBANKING
E03644,C0682,24336.9,SUBSCRIPTION_FAILED,Bank_A,E42,P006,WALLET
E03645,C0842,12176.41,INVOICE_OVERDUE,Bank_D,E17,P014,WALLET
E03646,C0314,23659.76,SUBSCRIPTION_FAILED,Bank_A,E17,P009,UPI
E03647,C0240,21558.45,PAYMENT_FAILED,Bank_A,E42,P020,CARD
E03648,C0360,12992.0,CHECKOUT_ABANDONED,Bank_A,E23,P001,WALLET
E03649,C0504,9039.9,PAYMENT_FAILED,Bank_C,E23,P007,UPI
E03650,C0074,7500.93,INVOICE_OVERDUE,Bank_B,E42,P005,NETBANKING
E03651,C0353,10259.85,PAYMENT_FAILED,Bank_C,E11,P018,WALLET
E03652,C0407,8410.07,PAYMENT_FAILED,Bank_A,E42,P002,NETBANKING
E03653,C0834,17616.07,PAYMENT_FAILED,Bank_A,E42,P001,WALLET
E03654,C0579,5920.11,PAYMENT_FAILED,Bank_A,E17,P004,UPI
E03655,C0041,9928.87,INVOICE_OVERDUE,Bank_C,E42,P005,UPI
E03656,C0719,14255.44,INVOICE_OVERDUE,Bank_D,E17,P014,WALLET
E03657,C0373,11401.68,CHECKOUT_ABANDONED,Bank_D,E42,P018,UPI
E03658,C0647,22343.55,PAYMENT_FAILED,Bank_D,E23,P010,WALLET
E03659,C0825,2625.95,SUBSCRIPTION_FAILED,Bank_D,E17,P002,WALLET
E03660,C0949,16410.72,CHECKOUT_ABANDONED,Bank_C,E11,P004,UPI
E03661,C0379,21967.09,PAYMENT_FAILED,Bank_B,E23,P010,CARD
E03662,C0942,941.41,PAYMENT_FAILED,Bank_D,E11,P013,NETBANKING
E03663,C0009,22830.24,SUBSCRIPTION_FAILED,Bank_B,E17,P020,UPI
E03664,C0956,3705.35,CHECKOUT_ABANDONED,Bank_D,E42,P020,CARD
E03665,C0580,11359.8,PAYMENT_FAILED,Bank_C,E11,P010,NETBANKING
E03666,C0287,15162.91,SUBSCRIPTION_FAILED,Bank_A,E11,P011,WALLET
E03667,C0381,4680.5,SUBSCRIPTION_FAILED,Bank_C,E11,P016,WALLET
E03668,C0036,9986.97,INVOICE_OVERDUE,Bank_B,E17,P015,NETBANKING
E03669,C0777,7019.15,INVOICE_OVERDUE,Bank_C,E23,P006,NETBANKING
E03670,C0492,14335.85,CHECKOUT_ABANDONED,Bank_A,E42,P001,UPI
E03671,C0040,18281.34,SUBSCRIPTION_FAILED,Bank_D,E23,P019,NETBANKING
E03672,C0597,17862.9,PAYMENT_FAILED,Bank_D,E17,P013,NETBANKING
E03673,C0319,24178.38,SUBSCRIPTION_FAILED,Bank_A,E11,P011,WALLET
E03674,C0930,20124.19,PAYMENT_FAILED,Bank_A,E11,P007,UPI
E03675,C0941,16213.82,SUBSCRIPTION_FAILED,Bank_C,E23,P018,WALLET
E03676,C0197,4310.08,CHECKOUT_ABANDONED,Bank_C,E42,P013,WALLET
E03677,C0698,11103.43,SUBSCRIPTION_FAILED,Bank_C,E42,P016,UPI
E03678,C0367,8908.25,INVOICE_OVERDUE,Bank_A,E17,P014,CARD
E03679,C0571,16487.11,INVOICE_OVERDUE,Bank_C,E23,P012,NETBANKING
E03680,C0312,20205.19,CHECKOUT_ABANDONED,Bank_D,E11,P007,CARD
E03681,C0990,11140.25,SUBSCRIPTION_FAILED,Bank_A,E42,P002,NETBANKING
E03682,C0637,736.98,PAYMENT_FAILED,Bank_B,E42,P004,UPI
E03683,C0684,10630.54,SUBSCRIPTION_FAILED,Bank_A,E42,P015,UPI
E03684,C0561,7640.94,PAYMENT_FAILED,Bank_A,E42,P012,WALLET
E03685,C0163,1727.62,SUBSCRIPTION_FAILED,Bank_A,E42,P009,CARD
E03686,C0072,23190.25,CHECKOUT_ABANDONED,Bank_A,E42,P003,NETBANKING
E03687,C0119,1806.58,PAYMENT_FAILED,Bank_D,E17,P010,CARD
E03688,C0583,3750.87,CHECKOUT_ABANDONED,Bank_B,E23,P004,UPI
E03689,C0438,17508.5,INVOICE_OVERDUE,Bank_B,E11,P019,NETBANKING
E03690,C0538,3407.07,PAYMENT_FAILED,Bank_B,E23,P016,UPI
E03691,C0411,9522.38,SUBSCRIPTION_FAILED,Bank_C,E17,P010,CARD
E03692,C0562,18134.56,PAYMENT_FAILED,Bank_A,E17,P020,CARD
E03693,C0594,6242.52,CHECKOUT_ABANDONED,Bank_B,E23,P009,WALLET
E03694,C0729,18901.23,SUBSCRIPTION_FAILED,Bank_D,E11,P008,NETBANKING
E03695,C0111,22636.52,INVOICE_OVERDUE,Bank_C,E42,P015,CARD
E03696,C0376,4523.41,SUBSCRIPTION_FAILED,Bank_B,E42,P009,UPI
E03697,C0944,18292.94,PAYMENT_FAILED,Bank_A,E17,P011,NETBANKING
E03698,C0496,17657.49,INVOICE_OVERDUE,Bank_D,E11,P001,UPI
E03699,C0184,15157.2,SUBSCRIPTION_FAILED,Bank_D,E42,P019,UPI
E03700,C0657,18772.13,CHECKOUT_ABANDONED,Bank_B,E23,P005,CARD
E03701,C0200,20060.71,INVOICE_OVERDUE,Bank_A,E17,P001,WALLET
E03702,C0879,5059.46,SUBSCRIPTION_FAILED,Bank_A,E42,P011,WALLET
E03703,C0903,16486.49,PAYMENT_FAILED,Bank_B,E42,P006,UPI
E03704,C0619,10470.82,INVOICE_OVERDUE,Bank_C,E23,P002,UPI
E03705,C0325,22366.53,CHECKOUT_ABANDONED,Bank_D,E17,P002,NETBANKING
E03706,C0370,3248.86,SUBSCRIPTION_FAILED,Bank_B,E11,P020,WALLET
E03707,C0035,12317.85,INVOICE_OVERDUE,Bank_C,E17,P007,UPI
E03708,C0010,1474.28,INVOICE_OVERDUE,Bank_B,E23,P008,WALLET
E03709,C0421,582.38,PAYMENT_FAILED,Bank_A,E17,P020,CARD
E03710,C0254,14422.66,INVOICE_OVERDUE,Bank_D,E11,P014,CARD
E03711,C0911,3832.95,CHECKOUT_ABANDONED,Bank_B,E42,P006,WALLET
E03712,C0564,8122.59,CHECKOUT_ABANDONED,Bank_B,E17,P001,CARD
E03713,C0112,17241.33,SUBSCRIPTION_FAILED,Bank_A,E11,P016,CARD
E03714,C0040,20672.9,SUBSCRIPTION_FAILED,Bank_B,E42,P004,UPI
E03715,C0334,10524.06,PAYMENT_FAILED,Bank_A,E17,P015,UPI
E03716,C0594,7020.62,SUBSCRIPTION_FAILED,Bank_A,E42,P014,WALLET
E03717,C0292,13729.54,INVOICE_OVERDUE,Bank_B,E23,P018,UPI
E03718,C0197,15200.11,INVOICE_OVERDUE,Bank_C,E23,P011,WALLET
E03719,C0292,18866.88,INVOICE_OVERDUE,Bank_C,E11,P007,NETBANKING
E03720,C0838,7309.97,INVOICE_OVERDUE,Bank_B,E17,P016,NETBANKING
E03721,C0416,3599.03,CHECKOUT_ABANDONED,Bank_A,E42,P014,WALLET
E03722,C0969,4774.42,PAYMENT_FAILED,Bank_C,E23,P013,WALLET
E03723,C0585,15059.03,INVOICE_OVERDUE,Bank_C,E11,P017,UPI
E03724,C0008,11607.16,INVOICE_OVERDUE,Bank_A,E42,P008,WALLET
E03725,C0289,24289.31,INVOICE_OVERDUE,Bank_B,E11,P013,WALLET
E03726,C0512,14688.57,CHECKOUT_ABANDONED,Bank_B,E42,P014,UPI
E03727,C0597,8352.33,SUBSCRIPTION_FAILED,Bank_D,E17,P002,UPI
E03728,C0896,8504.73,CHECKOUT_ABANDONED,Bank_C,E23,P002,NETBANKING
E03729,C0413,1098.57,CHECKOUT_ABANDONED,Bank_C,E42,P002,CARD
E03730,C0483,22672.84,PAYMENT_FAILED,Bank_C,E23,P017,UPI
E03731,C0534,17382.32,CHECKOUT_ABANDONED,Bank_C,E17,P020,CARD
E03732,C0287,11529.65,INVOICE_OVERDUE,Bank_D,E42,P012,UPI
E03733,C0567,15110.35,INVOICE_OVERDUE,Bank_A,E17,P003,UPI
E03734,C0981,5109.41,SUBSCRIPTION_FAILED,Bank_A,E42,P016,WALLET
E03735,C0117,6335.55,SUBSCRIPTION_FAILED,Bank_B,E11,P004,CARD
E03736,C0119,1230.36,PAYMENT_FAILED,Bank_B,E23,P005,WALLET
E03737,C0504,6608.29,SUBSCRIPTION_FAILED,Bank_B,E11,P019,NETBANKING
E03738,C0741,9355.61,CHECKOUT_ABANDONED,Bank_B,E17,P001,NETBANKING
E03739,C0308,11951.56,PAYMENT_FAILED,Bank_A,E11,P014,NETBANKING
E03740,C0486,17123.98,INVOICE_OVERDUE,Bank_B,E17,P003,UPI
E03741,C0147,8308.25,SUBSCRIPTION_FAILED,Bank_C,E42,P008,NETBANKING
E03742,C0259,22269.51,SUBSCRIPTION_FAILED,Bank_C,E23,P003,CARD
E03743,C0925,17674.06,INVOICE_OVERDUE,Bank_A,E42,P018,UPI
E03744,C0250,19109.11,CHECKOUT_ABANDONED,Bank_A,E42,P015,UPI
E03745,C0169,4007.24,SUBSCRIPTION_FAILED,Bank_C,E23,P011,UPI
E03746,C0843,3381.41,CHECKOUT_ABANDONED,Bank_D,E42,P010,WALLET
E03747,C0136,19320.26,PAYMENT_FAILED,Bank_A,E11,P018,UPI
E03748,C0615,10961.89,INVOICE_OVERDUE,Bank_D,E23,P015,UPI
E03749,C0824,5669.82,PAYMENT_FAILED,Bank_B,E23,P002,WALLET
E03750,C0639,17993.31,SUBSCRIPTION_FAILED,Bank_B,E11,P003,CARD
E03751,C0350,6557.65,CHECKOUT_ABANDONED,Bank_A,E17,P017,CARD
E03752,C0831,1657.42,SUBSCRIPTION_FAILED,Bank_C,E17,P014,NETBANKING
E03753,C0295,22387.24,PAYMENT_FAILED,Bank_A,E17,P012,WALLET
E03754,C0321,15354.29,INVOICE_OVERDUE,Bank_A,E42,P003,NETBANKING
E03755,C0306,24094.55,SUBSCRIPTION_FAILED,Bank_A,E42,P016,UPI
E03756,C0411,13500.61,CHECKOUT_ABANDONED,Bank_D,E42,P019,UPI
E03757,C0932,2763.84,PAYMENT_FAILED,Bank_D,E42,P011,CARD
E03758,C0651,9984.47,PAYMENT_FAILED,Bank_D,E42,P002,NETBANKING
E03759,C0623,6921.3,INVOICE_OVERDUE,Bank_C,E42,P005,CARD
E03760,C0466,6349.99,SUBSCRIPTION_FAILED,Bank_A,E23,P011,CARD
E03761,C0814,20396.56,CHECKOUT_ABANDONED,Bank_D,E17,P006,CARD
E03762,C0844,24463.4,CHECKOUT_ABANDONED,Bank_A,E42,P016,NETBANKING
E03763,C0935,4495.11,PAYMENT_FAILED,Bank_A,E42,P012,CARD
E03764,C0785,3815.08,PAYMENT_FAILED,Bank_C,E23,P001,UPI
E03765,C0671,24642.8,INVOICE_OVERDUE,Bank_A,E42,P013,CARD
E03766,C0778,7380.06,CHECKOUT_ABANDONED,Bank_C,E17,P019,NETBANKING
E03767,C0638,23044.49,PAYMENT_FAILED,Bank_A,E42,P019,WALLET
E03768,C0305,4631.58,SUBSCRIPTION_FAILED,Bank_A,E42,P019,WALLET
E03769,C0209,7081.02,INVOICE_OVERDUE,Bank_A,E11,P009,WALLET
E03770,C0137,8819.47,CHECKOUT_ABANDONED,Bank_C,E42,P014,WALLET
E03771,C0849,23745.62,PAYMENT_FAILED,Bank_A,E42,P013,WALLET
E03772,C0662,22575.44,PAYMENT_FAILED,Bank_C,E23,P003,NETBANKING
E03773,C0258,24930.8,CHECKOUT_ABANDONED,Bank_D,E23,P004,UPI
E03774,C0567,13119.58,CHECKOUT_ABANDONED,Bank_A,E42,P017,CARD
E03775,C0994,6062.01,PAYMENT_FAILED,Bank_A,E42,P019,WALLET
E03776,C0727,19953.09,INVOICE_OVERDUE,Bank_C,E11,P008,NETBANKING
E03777,C0477,23718.59,SUBSCRIPTION_FAILED,Bank_B,E11,P018,CARD
E03778,C0860,9942.89,INVOICE_OVERDUE,Bank_A,E42,P009,WALLET
E03779,C0664,19743.4,INVOICE_OVERDUE,Bank_C,E23,P006,CARD
E03780,C0864,20411.89,PAYMENT_FAILED,Bank_A,E23,P019,WALLET
E03781,C0310,7314.77,INVOICE_OVERDUE,Bank_B,E42,P002,CARD
E03782,C0296,7865.97,CHECKOUT_ABANDONED,Bank_A,E23,P007,UPI
E03783,C0588,18637.67,PAYMENT_FAILED,Bank_D,E23,P017,WALLET
E03784,C0564,4019.36,SUBSCRIPTION_FAILED,Bank_A,E42,P016,WALLET
E03785,C0824,18767.54,INVOICE_OVERDUE,Bank_D,E23,P018,CARD
E03786,C0572,14497.3,INVOICE_OVERDUE,Bank_A,E42,P011,CARD
E03787,C0261,17427.49,CHECKOUT_ABANDONED,Bank_A,E42,P003,WALLET
E03788,C0315,19764.2,INVOICE_OVERDUE,Bank_B,E42,P014,UPI
E03789,C0424,2563.23,CHECKOUT_ABANDONED,Bank_A,E42,P002,CARD
E03790,C0260,12739.27,CHECKOUT_ABANDONED,Bank_A,E23,P012,CARD
E03791,C0759,15976.4,INVOICE_OVERDUE,Bank_A,E42,P003,NETBANKING
E03792,C0530,5225.9,PAYMENT_FAILED,Bank_C,E11,P003,NETBANKING
E03793,C0538,17117.13,CHECKOUT_ABANDONED,Bank_B,E11,P004,UPI
E03794,C0523,20853.29,SUBSCRIPTION_FAILED,Bank_C,E23,P020,UPI
E03795,C0043,2413.98,SUBSCRIPTION_FAILED,Bank_D,E23,P010,WALLET
E03796,C0143,14115.21,INVOICE_OVERDUE,Bank_B,E42,P004,UPI
E03797,C0060,7474.8,PAYMENT_FAILED,Bank_A,E42,P019,NETBANKING
E03798,C0313,2046.08,CHECKOUT_ABANDONED,Bank_A,E17,P004,UPI
E03799,C0977,20215.05,PAYMENT_FAILED,Bank_C,E23,P001,CARD
E03800,C0970,15227.67,CHECKOUT_ABANDONED,Bank_C,E42,P015,CARD
E03801,C0547,6466.89,PAYMENT_FAILED,Bank_B,E11,P019,CARD
E03802,C0853,11740.66,INVOICE_OVERDUE,Bank_D,E23,P018,CARD
E03803,C0429,7402.37,CHECKOUT_ABANDONED,Bank_D,E17,P015,UPI
E03804,C0569,10210.41,CHECKOUT_ABANDONED,Bank_D,E23,P011,UPI
E03805,C0543,11028.66,SUBSCRIPTION_FAILED,Bank_C,E17,P014,CARD
E03806,C0584,1389.26,SUBSCRIPTION_FAILED,Bank_C,E23,P008,NETBANKING
E03807,C0220,22844.74,PAYMENT_FAILED,Bank_B,E42,P013,CARD
E03808,C0761,5961.51,CHECKOUT_ABANDONED,Bank_A,E42,P013,UPI
E03809,C0709,12290.8,INVOICE_OVERDUE,Bank_A,E42,P007,NETBANKING
E03810,C0027,20028.93,CHECKOUT_ABANDONED,Bank_D,E17,P014,NETBANKING
E03811,C0128,4088.53,INVOICE_OVERDUE,Bank_C,E17,P003,UPI
E03812,C0523,13519.67,INVOICE_OVERDUE,Bank_C,E42,P020,CARD
E03813,C0987,19567.97,INVOICE_OVERDUE,Bank_C,E17,P018,NETBANKING
E03814,C0869,6376.12,PAYMENT_FAILED,Bank_A,E42,P003,CARD
E03815,C0652,10886.76,INVOICE_OVERDUE,Bank_C,E42,P017,CARD
E03816,C0735,18582.02,INVOICE_OVERDUE,Bank_A,E42,P017,NETBANKING
E03817,C0011,850.53,CHECKOUT_ABANDONED,Bank_B,E23,P020,CARD
E03818,C0826,7487.29,INVOICE_OVERDUE,Bank_D,E23,P010,CARD
E03819,C0584,6445.45,PAYMENT_FAILED,Bank_B,E42,P019,NETBANKING
E03820,C0566,7969.1,PAYMENT_FAILED,Bank_D,E11,P020,WALLET
E03821,C0691,2222.05,PAYMENT_FAILED,Bank_D,E11,P012,UPI
E03822,C0905,21711.19,CHECKOUT_ABANDONED,Bank_B,E42,P011,NETBANKING
E03823,C0889,15121.31,SUBSCRIPTION_FAILED,Bank_A,E42,P019,CARD
E03824,C0639,20654.84,SUBSCRIPTION_FAILED,Bank_C,E42,P013,CARD
E03825,C0467,6976.46,SUBSCRIPTION_FAILED,Bank_D,E42,P003,NETBANKING
E03826,C0691,16177.46,CHECKOUT_ABANDONED,Bank_A,E11,P001,UPI
E03827,C0270,6775.21,PAYMENT_FAILED,Bank_D,E23,P020,UPI
E03828,C0852,13200.76,SUBSCRIPTION_FAILED,Bank_A,E23,P005,CARD
E03829,C0448,7133.17,INVOICE_OVERDUE,Bank_A,E42,P009,WALLET
E03830,C0831,12295.44,PAYMENT_FAILED,Bank_B,E23,P007,UPI
E03831,C0604,12825.02,PAYMENT_FAILED,Bank_B,E17,P003,NETBANKING
E03832,C0415,17632.23,PAYMENT_FAILED,Bank_B,E17,P001,NETBANKING
E03833,C0742,9864.37,INVOICE_OVERDUE,Bank_A,E42,P012,NETBANKING
E03834,C0750,19098.42,INVOICE_OVERDUE,Bank_C,E42,P017,UPI
E03835,C0301,19253.73,SUBSCRIPTION_FAILED,Bank_C,E23,P011,CARD
E03836,C0801,10010.19,SUBSCRIPTION_FAILED,Bank_A,E23,P009,CARD
E03837,C0799,4078.72,CHECKOUT_ABANDONED,Bank_B,E42,P008,NETBANKING
E03838,C0787,4069.78,PAYMENT_FAILED,Bank_A,E23,P019,CARD
E03839,C0968,15184.7,CHECKOUT_ABANDONED,Bank_D,E11,P010,UPI
E03840,C0708,10330.76,CHECKOUT_ABANDONED,Bank_C,E42,P008,NETBANKING
E03841,C0743,3781.22,INVOICE_OVERDUE,Bank_A,E23,P014,CARD
E03842,C0131,8951.03,SUBSCRIPTION_FAILED,Bank_D,E17,P001,WALLET
E03843,C0413,11602.76,CHECKOUT_ABANDONED,Bank_A,E17,P004,CARD
E03844,C0795,23725.25,CHECKOUT_ABANDONED,Bank_C,E17,P004,WALLET
E03845,C0167,4882.53,CHECKOUT_ABANDONED,Bank_A,E23,P012,NETBANKING
E03846,C0516,18392.48,INVOICE_OVERDUE,Bank_A,E23,P008,CARD
E03847,C0751,20699.77,INVOICE_OVERDUE,Bank_B,E42,P012,WALLET
E03848,C0017,19119.19,PAYMENT_FAILED,Bank_A,E42,P015,WALLET
E03849,C0528,23007.76,INVOICE_OVERDUE,Bank_B,E17,P009,WALLET
E03850,C0685,18227.2,PAYMENT_FAILED,Bank_C,E17,P004,WALLET
E03851,C0062,19951.5,INVOICE_OVERDUE,Bank_C,E23,P014,NETBANKING
E03852,C0189,20305.86,CHECKOUT_ABANDONED,Bank_B,E42,P012,CARD
E03853,C0749,13116.0,INVOICE_OVERDUE,Bank_A,E42,P016,CARD
E03854,C0456,16500.56,PAYMENT_FAILED,Bank_A,E11,P006,NETBANKING
E03855,C0173,9853.6,CHECKOUT_ABANDONED,Bank_A,E42,P002,NETBANKING
E03856,C0058,5521.54,INVOICE_OVERDUE,Bank_A,E23,P011,CARD
E03857,C0420,6359.0,INVOICE_OVERDUE,Bank_A,E11,P011,CARD
E03858,C0898,1402.87,INVOICE_OVERDUE,Bank_D,E17,P019,NETBANKING
E03859,C0270,13821.6,SUBSCRIPTION_FAILED,Bank_A,E11,P010,WALLET
E03860,C0757,9307.45,CHECKOUT_ABANDONED,Bank_A,E42,P020,WALLET
E03861,C0293,15312.71,INVOICE_OVERDUE,Bank_A,E11,P017,WALLET
E03862,C0260,6329.44,INVOICE_OVERDUE,Bank_B,E11,P002,UPI
E03863,C0235,7497.46,SUBSCRIPTION_FAILED,Bank_D,E23,P010,WALLET
E03864,C0272,3365.16,INVOICE_OVERDUE,Bank_B,E42,P004,CARD
E03865,C0572,19611.75,INVOICE_OVERDUE,Bank_D,E42,P016,WALLET
E03866,C0491,15089.85,INVOICE_OVERDUE,Bank_A,E42,P009,CARD
E03867,C0172,15270.96,PAYMENT_FAILED,Bank_D,E11,P020,CARD
E03868,C0320,12406.55,CHECKOUT_ABANDONED,Bank_A,E42,P016,WALLET
E03869,C0233,5550.4,PAYMENT_FAILED,Bank_C,E17,P005,UPI
E03870,C0384,21910.53,CHECKOUT_ABANDONED,Bank_D,E42,P002,NETBANKING
E03871,C0256,15491.89,SUBSCRIPTION_FAILED,Bank_A,E42,P011,CARD
E03872,C0031,4159.36,SUBSCRIPTION_FAILED,Bank_C,E23,P008,CARD
E03873,C0178,14759.23,SUBSCRIPTION_FAILED,Bank_A,E42,P004,CARD
E03874,C0460,2237.38,SUBSCRIPTION_FAILED,Bank_A,E17,P018,CARD
E03875,C0001,13450.89,PAYMENT_FAILED,Bank_C,E42,P017,WALLET
E03876,C0504,1392.77,SUBSCRIPTION_FAILED,Bank_B,E17,P011,NETBANKING
E03877,C0012,16709.32,CHECKOUT_ABANDONED,Bank_B,E11,P002,CARD
E03878,C0057,18237.68,SUBSCRIPTION_FAILED,Bank_A,E42,P014,CARD
E03879,C0056,4155.06,CHECKOUT_ABANDONED,Bank_B,E23,P010,NETBANKING
E03880,C0253,7669.92,SUBSCRIPTION_FAILED,Bank_C,E11,P020,WALLET
E03881,C0861,13489.01,CHECKOUT_ABANDONED,Bank_A,E11,P009,WALLET
E03882,C0237,18100.61,SUBSCRIPTION_FAILED,Bank_B,E11,P014,UPI
E03883,C0824,11578.24,CHECKOUT_ABANDONED,Bank_A,E23,P010,UPI
E03884,C0327,18680.74,PAYMENT_FAILED,Bank_A,E23,P002,NETBANKING
E03885,C0311,11988.92,PAYMENT_FAILED,Bank_B,E11,P005,NETBANKING
E03886,C0533,4459.61,INVOICE_OVERDUE,Bank_D,E17,P016,CARD
E03887,C0117,4230.96,SUBSCRIPTION_FAILED,Bank_C,E23,P019,CARD
E03888,C0342,9247.37,PAYMENT_FAILED,Bank_B,E11,P018,NETBANKING
E03889,C0996,14556.42,PAYMENT_FAILED,Bank_A,E42,P005,CARD
E03890,C0010,2793.15,CHECKOUT_ABANDONED,Bank_C,E23,P004,CARD
E03891,C0931,9790.73,INVOICE_OVERDUE,Bank_A,E11,P011,WALLET
E03892,C0457,11387.49,PAYMENT_FAILED,Bank_A,E42,P003,CARD
E03893,C0092,7922.71,INVOICE_OVERDUE,Bank_A,E42,P013,WALLET
E03894,C0662,22034.4,SUBSCRIPTION_FAILED,Bank_A,E42,P009,WALLET
E03895,C0767,1489.79,PAYMENT_FAILED,Bank_B,E23,P019,CARD
E03896,C0162,19284.38,PAYMENT_FAILED,Bank_B,E11,P009,NETBANKING
E03897,C0521,18661.86,SUBSCRIPTION_FAILED,Bank_B,E11,P019,NETBANKING
E03898,C0537,3900.35,CHECKOUT_ABANDONED,Bank_D,E42,P003,CARD
E03899,C0757,13305.86,PAYMENT_FAILED,Bank_A,E42,P004,CARD
E03900,C0203,4694.2,PAYMENT_FAILED,Bank_A,E42,P007,WALLET
E03901,C0965,10078.07,PAYMENT_FAILED,Bank_B,E11,P007,WALLET
E03902,C0095,16848.66,INVOICE_OVERDUE,Bank_B,E11,P011,UPI
E03903,C0306,15985.79,PAYMENT_FAILED,Bank_A,E42,P004,WALLET
E03904,C0252,24681.71,CHECKOUT_ABANDONED,Bank_D,E42,P011,WALLET
E03905,C0665,23036.28,CHECKOUT_ABANDONED,Bank_D,E11,P003,NETBANKING
E03906,C0854,2575.17,CHECKOUT_ABANDONED,Bank_A,E23,P014,UPI
E03907,C0745,13511.17,SUBSCRIPTION_FAILED,Bank_C,E23,P003,CARD
E03908,C0413,13149.74,SUBSCRIPTION_FAILED,Bank_A,E17,P008,WALLET
E03909,C0234,20213.25,SUBSCRIPTION_FAILED,Bank_C,E11,P013,WALLET
E03910,C0156,1437.47,PAYMENT_FAILED,Bank_B,E23,P002,UPI
E03911,C0732,14109.01,PAYMENT_FAILED,Bank_D,E23,P004,NETBANKING
E03912,C0924,9840.26,INVOICE_OVERDUE,Bank_D,E42,P013,NETBANKING
E03913,C0621,18381.2,CHECKOUT_ABANDONED,Bank_B,E17,P008,NETBANKING
E03914,C0221,8138.22,PAYMENT_FAILED,Bank_B,E23,P010,UPI
E03915,C0065,13799.22,SUBSCRIPTION_FAILED,Bank_D,E11,P001,UPI
E03916,C0751,9220.54,CHECKOUT_ABANDONED,Bank_D,E23,P020,WALLET
E03917,C0970,9126.84,INVOICE_OVERDUE,Bank_A,E42,P015,NETBANKING
E03918,C0524,20628.11,SUBSCRIPTION_FAILED,Bank_A,E42,P003,NETBANKING
E03919,C0656,3331.29,INVOICE_OVERDUE,Bank_B,E17,P008,UPI
E03920,C0420,14886.2,PAYMENT_FAILED,Bank_A,E42,P008,CARD
E03921,C0109,13867.0,CHECKOUT_ABANDONED,Bank_B,E17,P019,NETBANKING
E03922,C0423,22618.56,CHECKOUT_ABANDONED,Bank_B,E23,P004,UPI
E03923,C0102,17152.69,INVOICE_OVERDUE,Bank_C,E23,P018,NETBANKING
E03924,C0343,13876.83,SUBSCRIPTION_FAILED,Bank_A,E42,P016,CARD
E03925,C0961,3582.56,PAYMENT_FAILED,Bank_B,E17,P016,WALLET
E03926,C0977,2938.48,CHECKOUT_ABANDONED,Bank_A,E42,P004,CARD
E03927,C0900,21741.35,CHECKOUT_ABANDONED,Bank_D,E42,P010,WALLET
E03928,C0220,7402.24,INVOICE_OVERDUE,Bank_A,E23,P015,WALLET
E03929,C0022,11900.16,SUBSCRIPTION_FAILED,Bank_C,E11,P018,WALLET
E03930,C0874,3359.76,SUBSCRIPTION_FAILED,Bank_A,E42,P019,WALLET
E03931,C0906,17336.6,SUBSCRIPTION_FAILED,Bank_A,E17,P002,UPI
E03932,C0134,7771.51,PAYMENT_FAILED,Bank_D,E23,P018,CARD
E03933,C0656,5905.03,PAYMENT_FAILED,Bank_C,E42,P001,WALLET
E03934,C0306,17245.09,SUBSCRIPTION_FAILED,Bank_A,E42,P013,CARD
E03935,C0412,11054.55,PAYMENT_FAILED,Bank_D,E23,P018,WALLET
E03936,C0546,16326.53,INVOICE_OVERDUE,Bank_A,E42,P014,WALLET
E03937,C0137,6402.29,PAYMENT_FAILED,Bank_C,E23,P017,NETBANKING
E03938,C0866,15097.95,INVOICE_OVERDUE,Bank_B,E23,P019,NETBANKING
E03939,C0880,23525.75,SUBSCRIPTION_FAILED,Bank_D,E11,P012,UPI
E03940,C0372,12784.0,SUBSCRIPTION_FAILED,Bank_B,E17,P004,UPI
E03941,C0542,20902.55,CHECKOUT_ABANDONED,Bank_C,E17,P004,NETBANKING
E03942,C0410,17459.29,INVOICE_OVERDUE,Bank_B,E23,P013,WALLET
E03943,C0247,3783.45,PAYMENT_FAILED,Bank_D,E11,P009,CARD
E03944,C0067,11123.69,INVOICE_OVERDUE,Bank_B,E17,P014,NETBANKING
E03945,C0497,1329.88,INVOICE_OVERDUE,Bank_C,E11,P016,WALLET
E03946,C0357,23963.73,SUBSCRIPTION_FAILED,Bank_A,E17,P006,WALLET
E03947,C0340,796.77,INVOICE_OVERDUE,Bank_D,E11,P002,WALLET
E03948,C0680,16839.6,INVOICE_OVERDUE,Bank_C,E42,P005,CARD
E03949,C0592,20980.46,CHECKOUT_ABANDONED,Bank_A,E42,P011,WALLET
E03950,C0861,24011.53,PAYMENT_FAILED,Bank_C,E23,P015,NETBANKING
E03951,C0514,10038.61,SUBSCRIPTION_FAILED,Bank_A,E42,P018,CARD
E03952,C0650,20980.07,PAYMENT_FAILED,Bank_A,E17,P009,WALLET
E03953,C0258,6848.15,INVOICE_OVERDUE,Bank_A,E23,P001,UPI
E03954,C0149,7411.28,INVOICE_OVERDUE,Bank_A,E17,P020,WALLET
E03955,C0302,24293.71,CHECKOUT_ABANDONED,Bank_C,E11,P010,NETBANKING
E03956,C0339,2823.4,INVOICE_OVERDUE,Bank_C,E17,P009,NETBANKING
E03957,C0126,10780.52,CHECKOUT_ABANDONED,Bank_B,E42,P008,NETBANKING
E03958,C0573,23046.43,PAYMENT_FAILED,Bank_A,E42,P009,NETBANKING
E03959,C0104,20717.77,CHECKOUT_ABANDONED,Bank_B,E17,P002,UPI
E03960,C0092,13302.96,PAYMENT_FAILED,Bank_B,E17,P004,UPI
E03961,C0032,8960.69,PAYMENT_FAILED,Bank_C,E17,P005,NETBANKING
E03962,C0244,20389.84,SUBSCRIPTION_FAILED,Bank_A,E42,P005,UPI
E03963,C0296,2331.57,PAYMENT_FAILED,Bank_C,E11,P013,UPI
E03964,C0526,20726.03,PAYMENT_FAILED,Bank_B,E42,P017,WALLET
E03965,C0064,19608.07,CHECKOUT_ABANDONED,Bank_A,E11,P006,WALLET
E03966,C0697,22399.54,SUBSCRIPTION_FAILED,Bank_A,E11,P006,UPI
E03967,C0826,8071.16,PAYMENT_FAILED,Bank_A,E42,P004,UPI
E03968,C0888,5180.79,SUBSCRIPTION_FAILED,Bank_D,E11,P005,NETBANKING
E03969,C0331,21966.21,INVOICE_OVERDUE,Bank_C,E42,P001,NETBANKING
E03970,C0312,4054.05,CHECKOUT_ABANDONED,Bank_D,E17,P007,NETBANKING
E03971,C0294,22999.37,SUBSCRIPTION_FAILED,Bank_B,E17,P016,NETBANKING
E03972,C0811,14530.03,INVOICE_OVERDUE,Bank_B,E11,P006,WALLET
E03973,C0253,2576.86,INVOICE_OVERDUE,Bank_C,E42,P013,WALLET
E03974,C0560,10401.33,PAYMENT_FAILED,Bank_D,E11,P017,WALLET
E03975,C0552,6699.27,CHECKOUT_ABANDONED,Bank_A,E11,P016,WALLET
E03976,C0785,2879.29,INVOICE_OVERDUE,Bank_B,E11,P009,UPI
E03977,C0792,23511.28,PAYMENT_FAILED,Bank_C,E17,P009,UPI
E03978,C0396,1045.92,INVOICE_OVERDUE,Bank_C,E11,P016,NETBANKING
E03979,C0462,4052.85,CHECKOUT_ABANDONED,Bank_A,E17,P011,NETBANKING
E03980,C0956,1909.41,INVOICE_OVERDUE,Bank_C,E23,P002,WALLET
E03981,C0986,10755.79,CHECKOUT_ABANDONED,Bank_A,E23,P019,CARD
E03982,C0624,13280.14,INVOICE_OVERDUE,Bank_A,E23,P005,NETBANKING
E03983,C0937,2304.44,CHECKOUT_ABANDONED,Bank_A,E42,P004,UPI
E03984,C0704,7403.74,PAYMENT_FAILED,Bank_D,E23,P007,NETBANKING
E03985,C0083,20037.88,CHECKOUT_ABANDONED,Bank_A,E23,P010,NETBANKING
E03986,C0811,4794.06,INVOICE_OVERDUE,Bank_A,E42,P005,NETBANKING
E03987,C0327,8566.43,SUBSCRIPTION_FAILED,Bank_A,E23,P015,NETBANKING
E03988,C0179,1002.8,SUBSCRIPTION_FAILED,Bank_A,E42,P018,NETBANKING
E03989,C0393,17328.73,CHECKOUT_ABANDONED,Bank_A,E42,P008,WALLET
E03990,C0821,17724.2,PAYMENT_FAILED,Bank_A,E42,P016,NETBANKING
E03991,C0834,13610.69,SUBSCRIPTION_FAILED,Bank_A,E42,P002,WALLET
E03992,C0311,2098.2,PAYMENT_FAILED,Bank_A,E17,P015,NETBANKING
E03993,C0942,8454.39,PAYMENT_FAILED,Bank_A,E23,P004,CARD
E03994,C0354,23641.8,PAYMENT_FAILED,Bank_B,E17,P002,UPI
E03995,C0052,18276.35,INVOICE_OVERDUE,Bank_A,E17,P002,WALLET
E03996,C0543,4274.49,INVOICE_OVERDUE,Bank_D,E17,P019,WALLET
E03997,C0045,11248.37,INVOICE_OVERDUE,Bank_D,E23,P002,UPI
E03998,C0459,24356.65,INVOICE_OVERDUE,Bank_A,E42,P003,NETBANKING
E03999,C0787,18204.93,SUBSCRIPTION_FAILED,Bank_A,E42,P018,UPI
E04000,C0371,11915.77,CHECKOUT_ABANDONED,Bank_B,E11,P009,NETBANKING
E04001,C0200,21917.89,INVOICE_OVERDUE,Bank_C,E11,P014,WALLET
E04002,C0923,9125.83,CHECKOUT_ABANDONED,Bank_D,E23,P009,NETBANKING
E04003,C0751,14474.61,SUBSCRIPTION_FAILED,Bank_C,E42,P008,WALLET
E04004,C0849,17410.96,PAYMENT_FAILED,Bank_A,E42,P009,UPI
E04005,C0304,8147.4,PAYMENT_FAILED,Bank_A,E11,P019,WALLET
E04006,C0786,20586.19,CHECKOUT_ABANDONED,Bank_A,E42,P016,UPI
E04007,C0110,20663.53,SUBSCRIPTION_FAILED,Bank_A,E42,P007,UPI
E04008,C0971,23192.69,PAYMENT_FAILED,Bank_A,E42,P018,UPI
E04009,C0651,8780.77,CHECKOUT_ABANDONED,Bank_B,E42,P008,UPI
E04010,C0329,4728.78,SUBSCRIPTION_FAILED,Bank_C,E11,P013,CARD
E04011,C0317,12450.09,PAYMENT_FAILED,Bank_B,E42,P003,UPI
E04012,C0077,17957.26,PAYMENT_FAILED,Bank_C,E42,P004,CARD
E04013,C0461,16027.81,INVOICE_OVERDUE,Bank_B,E17,P001,UPI
E04014,C0237,7032.65,SUBSCRIPTION_FAILED,Bank_B,E17,P002,NETBANKING
E04015,C0789,19835.39,PAYMENT_FAILED,Bank_A,E17,P009,WALLET
E04016,C0707,8148.62,PAYMENT_FAILED,Bank_C,E23,P017,UPI
E04017,C0456,13246.84,INVOICE_OVERDUE,Bank_D,E11,P019,UPI
E04018,C0654,12841.72,PAYMENT_FAILED,Bank_C,E23,P016,WALLET
E04019,C0509,20092.13,PAYMENT_FAILED,Bank_A,E42,P004,UPI
E04020,C0032,14034.06,PAYMENT_FAILED,Bank_A,E42,P007,CARD
E04021,C0328,18983.46,PAYMENT_FAILED,Bank_B,E23,P014,WALLET
E04022,C0910,3809.22,CHECKOUT_ABANDONED,Bank_B,E11,P014,UPI
E04023,C0495,13505.98,PAYMENT_FAILED,Bank_D,E42,P009,NETBANKING
E04024,C0666,5116.15,INVOICE_OVERDUE,Bank_C,E42,P006,UPI
E04025,C0367,7427.73,PAYMENT_FAILED,Bank_B,E11,P016,WALLET
E04026,C0821,14851.13,INVOICE_OVERDUE,Bank_B,E23,P001,WALLET
E04027,C0263,21041.89,INVOICE_OVERDUE,Bank_B,E23,P010,CARD
E04028,C0476,5690.73,PAYMENT_FAILED,Bank_B,E11,P016,UPI
E04029,C0280,24300.4,SUBSCRIPTION_FAILED,Bank_B,E23,P002,CARD
E04030,C0358,8757.52,INVOICE_OVERDUE,Bank_A,E42,P020,CARD
E04031,C0515,13454.15,PAYMENT_FAILED,Bank_B,E42,P012,NETBANKING
E04032,C0457,16158.32,SUBSCRIPTION_FAILED,Bank_C,E17,P001,NETBANKING
E04033,C0079,4639.38,CHECKOUT_ABANDONED,Bank_B,E42,P006,NETBANKING
E04034,C0159,10015.43,PAYMENT_FAILED,Bank_A,E42,P013,CARD
E04035,C0906,18715.72,SUBSCRIPTION_FAILED,Bank_A,E17,P014,UPI
E04036,C0579,4237.93,PAYMENT_FAILED,Bank_C,E11,P013,UPI
E04037,C0202,24510.52,CHECKOUT_ABANDONED,Bank_D,E23,P001,NETBANKING
E04038,C0930,14277.99,PAYMENT_FAILED,Bank_A,E11,P012,NETBANKING
E04039,C0497,6455.05,SUBSCRIPTION_FAILED,Bank_B,E11,P001,CARD
E04040,C0543,9693.99,PAYMENT_FAILED,Bank_A,E42,P004,UPI
E04041,C0925,5962.19,SUBSCRIPTION_FAILED,Bank_B,E11,P017,UPI
E04042,C0829,23807.38,CHECKOUT_ABANDONED,Bank_B,E11,P014,UPI
E04043,C0971,15186.13,SUBSCRIPTION_FAILED,Bank_C,E17,P002,CARD
E04044,C0004,13841.42,SUBSCRIPTION_FAILED,Bank_C,E42,P016,WALLET
E04045,C0158,17681.34,CHECKOUT_ABANDONED,Bank_C,E11,P001,UPI
E04046,C0335,2716.91,INVOICE_OVERDUE,Bank_C,E17,P014,UPI
E04047,C0399,3052.18,INVOICE_OVERDUE,Bank_B,E23,P020,UPI
E04048,C0082,16733.71,SUBSCRIPTION_FAILED,Bank_C,E11,P001,NETBANKING
E04049,C0373,14589.6,CHECKOUT_ABANDONED,Bank_A,E42,P010,WALLET
E04050,C0306,18357.32,CHECKOUT_ABANDONED,Bank_A,E23,P004,UPI
E04051,C0866,24139.18,INVOICE_OVERDUE,Bank_D,E23,P019,CARD
E04052,C0721,1014.13,CHECKOUT_ABANDONED,Bank_D,E17,P020,WALLET
E04053,C0363,18084.33,CHECKOUT_ABANDONED,Bank_D,E11,P005,WALLET
E04054,C0126,23862.56,PAYMENT_FAILED,Bank_A,E42,P012,CARD
E04055,C0609,18366.68,INVOICE_OVERDUE,Bank_C,E17,P004,WALLET
E04056,C0633,10650.81,PAYMENT_FAILED,Bank_A,E42,P017,UPI
E04057,C0905,22175.67,PAYMENT_FAILED,Bank_D,E17,P002,NETBANKING
E04058,C0511,20836.79,SUBSCRIPTION_FAILED,Bank_A,E23,P020,UPI
E04059,C0343,2845.41,PAYMENT_FAILED,Bank_A,E23,P012,WALLET
E04060,C0984,4103.95,PAYMENT_FAILED,Bank_A,E42,P008,CARD
E04061,C0454,5596.09,CHECKOUT_ABANDONED,Bank_D,E23,P019,UPI
E04062,C0085,12997.57,INVOICE_OVERDUE,Bank_A,E42,P005,UPI
E04063,C0769,11879.67,SUBSCRIPTION_FAILED,Bank_A,E23,P011,WALLET
E04064,C0388,3448.94,PAYMENT_FAILED,Bank_D,E42,P013,UPI
E04065,C0503,19599.98,CHECKOUT_ABANDONED,Bank_B,E42,P017,UPI
E04066,C0994,24294.39,CHECKOUT_ABANDONED,Bank_A,E17,P020,WALLET
E04067,C0736,9836.48,INVOICE_OVERDUE,Bank_A,E23,P010,WALLET
E04068,C0923,3896.22,INVOICE_OVERDUE,Bank_D,E42,P009,WALLET
E04069,C0077,21651.0,PAYMENT_FAILED,Bank_A,E42,P018,NETBANKING
E04070,C0807,24508.54,PAYMENT_FAILED,Bank_B,E23,P004,NETBANKING
E04071,C0601,24947.74,INVOICE_OVERDUE,Bank_A,E42,P016,CARD
E04072,C0307,11626.08,INVOICE_OVERDUE,Bank_B,E42,P018,UPI
E04073,C0073,15284.03,SUBSCRIPTION_FAILED,Bank_B,E42,P010,CARD
E04074,C0270,7446.0,CHECKOUT_ABANDONED,Bank_D,E42,P009,CARD
E04075,C0090,17528.67,CHECKOUT_ABANDONED,Bank_B,E23,P005,CARD
E04076,C0380,20457.86,CHECKOUT_ABANDONED,Bank_B,E42,P013,UPI
E04077,C0399,7715.55,PAYMENT_FAILED,Bank_B,E11,P003,NETBANKING
E04078,C0328,12186.65,CHECKOUT_ABANDONED,Bank_B,E42,P011,UPI
E04079,C0302,16023.99,INVOICE_OVERDUE,Bank_A,E42,P003,UPI
E04080,C0285,14973.82,CHECKOUT_ABANDONED,Bank_A,E42,P006,UPI
E04081,C0153,24192.6,INVOICE_OVERDUE,Bank_B,E11,P003,CARD
E04082,C0911,16896.82,CHECKOUT_ABANDONED,Bank_D,E42,P017,NETBANKING
E04083,C0467,21257.99,PAYMENT_FAILED,Bank_A,E17,P014,WALLET
E04084,C0236,16930.62,CHECKOUT_ABANDONED,Bank_C,E17,P016,UPI
E04085,C0962,12491.41,CHECKOUT_ABANDONED,Bank_C,E23,P019,UPI
E04086,C0437,8871.01,SUBSCRIPTION_FAILED,Bank_C,E42,P011,CARD
E04087,C0862,17077.38,INVOICE_OVERDUE,Bank_A,E42,P016,UPI
E04088,C0796,16882.25,SUBSCRIPTION_FAILED,Bank_D,E17,P020,UPI
E04089,C0663,7036.76,PAYMENT_FAILED,Bank_D,E11,P008,UPI
E04090,C0225,12249.97,INVOICE_OVERDUE,Bank_B,E17,P009,CARD
E04091,C0573,3333.74,INVOICE_OVERDUE,Bank_C,E11,P009,WALLET
E04092,C0405,8924.09,INVOICE_OVERDUE,Bank_B,E42,P015,NETBANKING
E04093,C0734,19002.04,SUBSCRIPTION_FAILED,Bank_A,E42,P013,CARD
E04094,C0260,15227.64,SUBSCRIPTION_FAILED,Bank_C,E42,P004,WALLET
E04095,C0341,11905.24,INVOICE_OVERDUE,Bank_D,E42,P003,WALLET
E04096,C0958,1650.37,PAYMENT_FAILED,Bank_A,E17,P015,WALLET
E04097,C0916,23452.22,SUBSCRIPTION_FAILED,Bank_D,E11,P003,NETBANKING
E04098,C0421,15336.94,PAYMENT_FAILED,Bank_A,E42,P009,UPI
E04099,C0078,1613.75,INVOICE_OVERDUE,Bank_D,E11,P019,UPI
E04100,C0196,13909.55,PAYMENT_FAILED,Bank_A,E17,P007,WALLET
E04101,C0079,1167.31,CHECKOUT_ABANDONED,Bank_D,E11,P005,NETBANKING
E04102,C0770,16089.53,INVOICE_OVERDUE,Bank_D,E11,P003,NETBANKING
E04103,C0901,14620.4,CHECKOUT_ABANDONED,Bank_A,E42,P006,CARD
E04104,C0657,19609.11,CHECKOUT_ABANDONED,Bank_A,E11,P011,CARD
E04105,C0296,15105.22,INVOICE_OVERDUE,Bank_A,E11,P018,CARD
E04106,C0662,12613.59,INVOICE_OVERDUE,Bank_D,E23,P001,CARD
E04107,C0701,796.82,CHECKOUT_ABANDONED,Bank_A,E42,P013,UPI
E04108,C0407,1041.3,PAYMENT_FAILED,Bank_D,E42,P005,CARD
E04109,C0916,6682.86,SUBSCRIPTION_FAILED,Bank_C,E11,P001,CARD
E04110,C0641,20273.44,CHECKOUT_ABANDONED,Bank_C,E17,P004,NETBANKING
E04111,C0406,13705.7,SUBSCRIPTION_FAILED,Bank_D,E23,P018,CARD
E04112,C0319,15160.28,SUBSCRIPTION_FAILED,Bank_A,E42,P002,UPI
E04113,C0227,22276.32,CHECKOUT_ABANDONED,Bank_C,E11,P017,NETBANKING
E04114,C0701,8651.43,SUBSCRIPTION_FAILED,Bank_D,E42,P005,WALLET
E04115,C0140,15077.74,CHECKOUT_ABANDONED,Bank_A,E42,P016,WALLET
E04116,C0202,9163.33,INVOICE_OVERDUE,Bank_B,E17,P013,NETBANKING
E04117,C0977,16696.55,SUBSCRIPTION_FAILED,Bank_C,E23,P020,WALLET
E04118,C0471,9387.05,CHECKOUT_ABANDONED,Bank_B,E23,P019,NETBANKING
E04119,C0851,13437.58,INVOICE_OVERDUE,Bank_D,E17,P009,WALLET
E04120,C0763,17744.79,INVOICE_OVERDUE,Bank_A,E42,P005,UPI
E04121,C0576,1940.71,INVOICE_OVERDUE,Bank_A,E42,P004,CARD
E04122,C0593,7931.72,INVOICE_OVERDUE,Bank_A,E42,P014,WALLET
E04123,C0789,4930.22,CHECKOUT_ABANDONED,Bank_D,E42,P011,WALLET
E04124,C0568,3768.8,PAYMENT_FAILED,Bank_B,E11,P014,CARD
E04125,C0883,10510.9,PAYMENT_FAILED,Bank_D,E42,P010,WALLET
E04126,C0667,8861.59,PAYMENT_FAILED,Bank_B,E42,P014,UPI
E04127,C0657,24811.59,SUBSCRIPTION_FAILED,Bank_A,E17,P006,NETBANKING
E04128,C0177,13444.25,INVOICE_OVERDUE,Bank_D,E23,P008,WALLET
E04129,C0597,5074.2,SUBSCRIPTION_FAILED,Bank_A,E42,P003,UPI
E04130,C0399,9263.51,PAYMENT_FAILED,Bank_A,E42,P010,WALLET
E04131,C0868,21146.68,PAYMENT_FAILED,Bank_C,E23,P005,NETBANKING
E04132,C0440,23785.47,CHECKOUT_ABANDONED,Bank_C,E23,P018,WALLET
E04133,C0887,23292.35,PAYMENT_FAILED,Bank_C,E42,P005,NETBANKING
E04134,C0129,1640.95,INVOICE_OVERDUE,Bank_C,E23,P018,UPI
E04135,C0109,4198.9,CHECKOUT_ABANDONED,Bank_A,E42,P013,WALLET
E04136,C0106,7650.37,PAYMENT_FAILED,Bank_A,E42,P002,CARD
E04137,C0911,18051.47,INVOICE_OVERDUE,Bank_C,E11,P019,UPI
E04138,C0005,8691.3,SUBSCRIPTION_FAILED,Bank_C,E17,P019,WALLET
E04139,C0946,8977.75,SUBSCRIPTION_FAILED,Bank_D,E11,P020,UPI
E04140,C0718,2454.05,INVOICE_OVERDUE,Bank_A,E42,P018,CARD
E04141,C0995,1985.73,INVOICE_OVERDUE,Bank_A,E42,P006,UPI
E04142,C0342,17358.18,PAYMENT_FAILED,Bank_A,E42,P014,WALLET
E04143,C0791,11000.52,CHECKOUT_ABANDONED,Bank_B,E17,P002,NETBANKING
E04144,C0276,11637.6,CHECKOUT_ABANDONED,Bank_A,E42,P017,UPI
E04145,C0794,15392.43,SUBSCRIPTION_FAILED,Bank_A,E42,P019,WALLET
E04146,C0501,5408.56,CHECKOUT_ABANDONED,Bank_B,E17,P011,NETBANKING
E04147,C0743,10803.44,CHECKOUT_ABANDONED,Bank_C,E23,P014,WALLET
E04148,C0621,22919.95,SUBSCRIPTION_FAILED,Bank_A,E42,P017,NETBANKING
E04149,C0028,7267.14,SUBSCRIPTION_FAILED,Bank_D,E23,P003,WALLET
E04150,C0527,11253.78,CHECKOUT_ABANDONED,Bank_B,E17,P006,NETBANKING
E04151,C0066,19681.09,PAYMENT_FAILED,Bank_A,E17,P019,WALLET
E04152,C0356,11732.05,INVOICE_OVERDUE,Bank_D,E42,P011,NETBANKING
E04153,C0917,16549.74,INVOICE_OVERDUE,Bank_A,E42,P018,WALLET
E04154,C0175,7158.95,SUBSCRIPTION_FAILED,Bank_A,E23,P007,UPI
E04155,C0318,10736.53,SUBSCRIPTION_FAILED,Bank_C,E23,P009,NETBANKING
E04156,C0356,21061.29,PAYMENT_FAILED,Bank_A,E11,P016,UPI
E04157,C0447,17955.04,PAYMENT_FAILED,Bank_A,E17,P015,UPI
E04158,C0119,16067.29,PAYMENT_FAILED,Bank_D,E17,P002,UPI
E04159,C0395,9534.25,INVOICE_OVERDUE,Bank_A,E42,P002,UPI
E04160,C0380,6937.44,PAYMENT_FAILED,Bank_D,E42,P007,WALLET
E04161,C0481,23050.94,CHECKOUT_ABANDONED,Bank_A,E11,P005,UPI
E04162,C0796,5970.34,SUBSCRIPTION_FAILED,Bank_D,E11,P002,CARD
E04163,C0944,2472.65,PAYMENT_FAILED,Bank_C,E23,P019,UPI
E04164,C0498,584.98,CHECKOUT_ABANDONED,Bank_B,E23,P012,WALLET
E04165,C0778,15730.74,SUBSCRIPTION_FAILED,Bank_B,E23,P020,NETBANKING
E04166,C0573,9086.95,CHECKOUT_ABANDONED,Bank_B,E11,P001,NETBANKING
E04167,C0103,13038.98,CHECKOUT_ABANDONED,Bank_C,E11,P010,WALLET
E04168,C0522,10631.45,SUBSCRIPTION_FAILED,Bank_A,E17,P016,UPI
E04169,C0157,1329.19,INVOICE_OVERDUE,Bank_B,E42,P016,NETBANKING
E04170,C0491,9695.04,CHECKOUT_ABANDONED,Bank_C,E23,P003,WALLET
E04171,C0204,9604.88,CHECKOUT_ABANDONED,Bank_A,E42,P008,WALLET
E04172,C0657,24371.47,SUBSCRIPTION_FAILED,Bank_A,E42,P002,CARD
E04173,C0110,21010.8,PAYMENT_FAILED,Bank_A,E17,P006,UPI
E04174,C0164,2497.36,CHECKOUT_ABANDONED,Bank_C,E11,P020,NETBANKING
E04175,C0110,3732.09,SUBSCRIPTION_FAILED,Bank_D,E11,P009,CARD
E04176,C0578,21725.28,INVOICE_OVERDUE,Bank_C,E17,P010,WALLET
E04177,C0651,4399.42,INVOICE_OVERDUE,Bank_D,E11,P007,NETBANKING
E04178,C0462,15236.58,CHECKOUT_ABANDONED,Bank_C,E11,P018,WALLET
E04179,C0737,24034.51,PAYMENT_FAILED,Bank_A,E23,P020,UPI
E04180,C0135,14524.15,PAYMENT_FAILED,Bank_B,E42,P010,NETBANKING
E04181,C0844,12477.89,PAYMENT_FAILED,Bank_B,E23,P010,NETBANKING
E04182,C0021,4295.78,PAYMENT_FAILED,Bank_B,E11,P003,WALLET
E04183,C0475,1817.49,CHECKOUT_ABANDONED,Bank_C,E11,P010,WALLET
E04184,C0896,21706.59,SUBSCRIPTION_FAILED,Bank_D,E11,P020,UPI
E04185,C0021,18673.11,PAYMENT_FAILED,Bank_B,E11,P009,WALLET
E04186,C0946,23096.92,PAYMENT_FAILED,Bank_A,E42,P009,WALLET
E04187,C0554,6957.32,SUBSCRIPTION_FAILED,Bank_D,E11,P009,UPI
E04188,C0158,15813.81,INVOICE_OVERDUE,Bank_C,E42,P015,UPI
E04189,C0570,20978.15,INVOICE_OVERDUE,Bank_D,E11,P009,CARD
E04190,C0094,14661.98,PAYMENT_FAILED,Bank_D,E23,P005,WALLET
E04191,C0420,11035.58,SUBSCRIPTION_FAILED,Bank_A,E42,P001,UPI
E04192,C0717,23704.19,SUBSCRIPTION_FAILED,Bank_C,E17,P020,UPI
E04193,C0987,9095.77,PAYMENT_FAILED,Bank_D,E11,P012,CARD
E04194,C0563,10714.22,SUBSCRIPTION_FAILED,Bank_B,E42,P014,NETBANKING
E04195,C0353,4613.09,SUBSCRIPTION_FAILED,Bank_C,E11,P017,UPI
E04196,C0786,13742.83,CHECKOUT_ABANDONED,Bank_D,E11,P017,CARD
E04197,C0735,18024.74,CHECKOUT_ABANDONED,Bank_B,E11,P014,NETBANKING
E04198,C0133,1561.8,PAYMENT_FAILED,Bank_A,E42,P013,WALLET
E04199,C0464,9924.43,CHECKOUT_ABANDONED,Bank_C,E42,P017,CARD
E04200,C0683,4450.3,INVOICE_OVERDUE,Bank_D,E23,P017,NETBANKING
E04201,C0760,11138.58,PAYMENT_FAILED,Bank_D,E42,P018,UPI
E04202,C0046,23368.58,CHECKOUT_ABANDONED,Bank_A,E42,P013,UPI
E04203,C0600,17180.02,INVOICE_OVERDUE,Bank_A,E11,P014,UPI
E04204,C0885,21469.57,CHECKOUT_ABANDONED,Bank_C,E11,P003,CARD
E04205,C0798,21759.66,CHECKOUT_ABANDONED,Bank_B,E42,P020,WALLET
E04206,C0432,17344.79,PAYMENT_FAILED,Bank_B,E11,P019,NETBANKING
E04207,C0624,4870.15,CHECKOUT_ABANDONED,Bank_C,E42,P014,NETBANKING
E04208,C0203,9844.0,INVOICE_OVERDUE,Bank_A,E42,P007,NETBANKING
E04209,C0137,16337.34,PAYMENT_FAILED,Bank_A,E42,P005,WALLET
E04210,C0916,638.15,SUBSCRIPTION_FAILED,Bank_A,E11,P013,CARD
E04211,C0225,2227.11,SUBSCRIPTION_FAILED,Bank_C,E17,P012,NETBANKING
E04212,C0075,3310.0,CHECKOUT_ABANDONED,Bank_A,E42,P020,NETBANKING
E04213,C0245,8560.76,SUBSCRIPTION_FAILED,Bank_C,E17,P013,CARD
E04214,C0748,10056.15,CHECKOUT_ABANDONED,Bank_B,E11,P017,NETBANKING
E04215,C0933,16340.59,INVOICE_OVERDUE,Bank_B,E42,P002,NETBANKING
E04216,C0954,3960.12,INVOICE_OVERDUE,Bank_A,E42,P003,CARD
E04217,C0383,22977.9,PAYMENT_FAILED,Bank_A,E42,P017,UPI
E04218,C0082,11234.37,SUBSCRIPTION_FAILED,Bank_B,E42,P019,CARD
E04219,C0785,24011.19,CHECKOUT_ABANDONED,Bank_A,E11,P016,WALLET
E04220,C0929,8095.62,SUBSCRIPTION_FAILED,Bank_C,E11,P009,CARD
E04221,C0011,4071.81,SUBSCRIPTION_FAILED,Bank_A,E17,P004,CARD
E04222,C0736,11722.69,SUBSCRIPTION_FAILED,Bank_A,E11,P015,UPI
E04223,C0170,5177.95,PAYMENT_FAILED,Bank_C,E23,P018,NETBANKING
E04224,C0815,640.95,CHECKOUT_ABANDONED,Bank_D,E11,P005,CARD
E04225,C0725,10585.7,SUBSCRIPTION_FAILED,Bank_A,E42,P001,CARD
E04226,C0720,4220.16,SUBSCRIPTION_FAILED,Bank_A,E17,P009,WALLET
E04227,C0339,6505.74,SUBSCRIPTION_FAILED,Bank_A,E11,P005,UPI
E04228,C0821,19884.15,SUBSCRIPTION_FAILED,Bank_B,E11,P018,CARD
E04229,C0669,4129.46,SUBSCRIPTION_FAILED,Bank_D,E17,P019,UPI
E04230,C0418,1079.53,INVOICE_OVERDUE,Bank_A,E42,P009,WALLET
E04231,C0832,17109.25,PAYMENT_FAILED,Bank_B,E11,P006,NETBANKING
E04232,C0970,8286.86,CHECKOUT_ABANDONED,Bank_C,E17,P009,CARD
E04233,C0625,14898.87,INVOICE_OVERDUE,Bank_D,E23,P008,CARD
E04234,C0501,17713.72,CHECKOUT_ABANDONED,Bank_D,E17,P001,UPI
E04235,C0573,7196.27,SUBSCRIPTION_FAILED,Bank_D,E17,P016,CARD
E04236,C0182,22314.61,SUBSCRIPTION_FAILED,Bank_D,E17,P003,NETBANKING
E04237,C0639,2714.15,SUBSCRIPTION_FAILED,Bank_D,E17,P009,WALLET
E04238,C0884,16349.33,SUBSCRIPTION_FAILED,Bank_A,E42,P006,UPI
E04239,C0346,7986.0,SUBSCRIPTION_FAILED,Bank_A,E11,P015,NETBANKING
E04240,C0727,17330.54,PAYMENT_FAILED,Bank_D,E23,P017,NETBANKING
E04241,C0351,20396.63,CHECKOUT_ABANDONED,Bank_D,E17,P009,UPI
E04242,C0584,18013.75,CHECKOUT_ABANDONED,Bank_C,E11,P002,NETBANKING
E04243,C0583,7073.05,INVOICE_OVERDUE,Bank_D,E42,P003,WALLET
E04244,C0204,6723.68,CHECKOUT_ABANDONED,Bank_B,E11,P007,UPI
E04245,C0172,3409.8,INVOICE_OVERDUE,Bank_A,E42,P018,NETBANKING
E04246,C0037,18682.25,PAYMENT_FAILED,Bank_C,E17,P019,UPI
E04247,C0602,18578.55,INVOICE_OVERDUE,Bank_D,E11,P010,CARD
E04248,C0136,9242.95,INVOICE_OVERDUE,Bank_C,E42,P015,WALLET
E04249,C0512,15815.48,PAYMENT_FAILED,Bank_B,E23,P001,NETBANKING
E04250,C0005,18042.33,CHECKOUT_ABANDONED,Bank_A,E42,P020,WALLET
E04251,C0594,13543.43,CHECKOUT_ABANDONED,Bank_B,E42,P013,NETBANKING
E04252,C0630,24856.17,PAYMENT_FAILED,Bank_D,E42,P011,CARD
E04253,C0287,23490.47,SUBSCRIPTION_FAILED,Bank_B,E23,P017,UPI
E04254,C0748,20033.84,PAYMENT_FAILED,Bank_A,E42,P019,NETBANKING
E04255,C0611,20295.06,CHECKOUT_ABANDONED,Bank_D,E11,P003,CARD
E04256,C0357,11687.41,INVOICE_OVERDUE,Bank_B,E42,P006,WALLET
E04257,C0917,23133.38,PAYMENT_FAILED,Bank_C,E11,P006,WALLET
E04258,C0088,6268.53,PAYMENT_FAILED,Bank_D,E23,P019,NETBANKING
E04259,C0925,23727.29,PAYMENT_FAILED,Bank_A,E42,P003,NETBANKING
E04260,C0034,6248.97,SUBSCRIPTION_FAILED,Bank_D,E23,P020,WALLET
E04261,C0547,10878.74,CHECKOUT_ABANDONED,Bank_A,E42,P011,CARD
E04262,C0306,24903.88,INVOICE_OVERDUE,Bank_A,E17,P013,NETBANKING
E04263,C0603,22666.86,PAYMENT_FAILED,Bank_D,E42,P018,CARD
E04264,C0744,24919.84,CHECKOUT_ABANDONED,Bank_D,E42,P005,NETBANKING
E04265,C0570,12589.75,PAYMENT_FAILED,Bank_D,E11,P002,WALLET
E04266,C0222,19310.4,SUBSCRIPTION_FAILED,Bank_B,E42,P005,NETBANKING
E04267,C0248,11764.43,CHECKOUT_ABANDONED,Bank_C,E11,P015,WALLET
E04268,C0134,1189.51,PAYMENT_FAILED,Bank_A,E42,P016,WALLET
E04269,C0460,5000.88,PAYMENT_FAILED,Bank_A,E42,P001,NETBANKING
E04270,C0599,24644.66,INVOICE_OVERDUE,Bank_A,E42,P020,WALLET
E04271,C0141,3785.03,SUBSCRIPTION_FAILED,Bank_B,E17,P010,UPI
E04272,C0409,5673.43,SUBSCRIPTION_FAILED,Bank_A,E42,P019,NETBANKING
E04273,C0893,12952.79,SUBSCRIPTION_FAILED,Bank_A,E42,P005,NETBANKING
E04274,C0884,6751.31,SUBSCRIPTION_FAILED,Bank_A,E42,P003,NETBANKING
E04275,C0842,9479.54,SUBSCRIPTION_FAILED,Bank_B,E11,P016,UPI
E04276,C0932,17231.98,SUBSCRIPTION_FAILED,Bank_C,E42,P018,CARD
E04277,C0192,629.91,SUBSCRIPTION_FAILED,Bank_C,E11,P003,UPI
E04278,C0723,14707.7,CHECKOUT_ABANDONED,Bank_B,E11,P012,UPI
E04279,C0697,14559.44,INVOICE_OVERDUE,Bank_C,E11,P008,NETBANKING
E04280,C0242,8963.5,PAYMENT_FAILED,Bank_C,E42,P008,NETBANKING
E04281,C0513,19185.47,CHECKOUT_ABANDONED,Bank_A,E42,P011,NETBANKING
E04282,C0343,22438.16,PAYMENT_FAILED,Bank_C,E42,P016,NETBANKING
E04283,C0905,9780.7,INVOICE_OVERDUE,Bank_A,E17,P011,UPI
E04284,C0722,14884.22,SUBSCRIPTION_FAILED,Bank_A,E42,P012,NETBANKING
E04285,C0715,12807.95,CHECKOUT_ABANDONED,Bank_A,E42,P007,WALLET
E04286,C0145,5776.73,INVOICE_OVERDUE,Bank_C,E17,P004,CARD
E04287,C0695,4084.17,INVOICE_OVERDUE,Bank_B,E23,P010,WALLET
E04288,C0343,14926.52,CHECKOUT_ABANDONED,Bank_B,E11,P014,NETBANKING
E04289,C0845,5914.57,CHECKOUT_ABANDONED,Bank_A,E42,P008,WALLET
E04290,C0273,16952.43,PAYMENT_FAILED,Bank_C,E17,P006,CARD
E04291,C0261,10771.82,CHECKOUT_ABANDONED,Bank_B,E23,P009,WALLET
E04292,C0532,23739.7,SUBSCRIPTION_FAILED,Bank_A,E23,P005,NETBANKING
E04293,C0657,16269.75,SUBSCRIPTION_FAILED,Bank_A,E42,P005,NETBANKING
E04294,C0973,2348.52,SUBSCRIPTION_FAILED,Bank_D,E23,P018,UPI
E04295,C0278,17068.44,CHECKOUT_ABANDONED,Bank_B,E11,P015,CARD
E04296,C0037,10309.92,INVOICE_OVERDUE,Bank_D,E42,P006,CARD
E04297,C0571,23332.07,INVOICE_OVERDUE,Bank_C,E11,P019,UPI
E04298,C0895,10492.06,CHECKOUT_ABANDONED,Bank_B,E42,P006,CARD
E04299,C0445,8443.49,INVOICE_OVERDUE,Bank_D,E42,P001,CARD
E04300,C0582,21734.31,INVOICE_OVERDUE,Bank_A,E11,P007,NETBANKING
E04301,C0699,11457.68,INVOICE_OVERDUE,Bank_A,E11,P011,WALLET
E04302,C0871,14580.97,PAYMENT_FAILED,Bank_A,E42,P017,WALLET
E04303,C0181,20015.28,INVOICE_OVERDUE,Bank_A,E42,P004,NETBANKING
E04304,C0677,11891.4,PAYMENT_FAILED,Bank_C,E42,P008,UPI
E04305,C0796,22716.34,SUBSCRIPTION_FAILED,Bank_A,E11,P010,UPI
E04306,C0017,4189.71,PAYMENT_FAILED,Bank_A,E42,P017,UPI
E04307,C0196,18615.62,PAYMENT_FAILED,Bank_C,E17,P009,CARD
E04308,C0329,2788.49,CHECKOUT_ABANDONED,Bank_A,E42,P009,UPI
E04309,C0720,24310.13,PAYMENT_FAILED,Bank_A,E42,P017,CARD
E04310,C0424,6857.15,SUBSCRIPTION_FAILED,Bank_C,E17,P016,CARD
E04311,C0150,3036.45,PAYMENT_FAILED,Bank_B,E17,P016,WALLET
E04312,C0061,3186.77,SUBSCRIPTION_FAILED,Bank_A,E42,P013,NETBANKING
E04313,C0053,6937.72,SUBSCRIPTION_FAILED,Bank_C,E23,P011,NETBANKING
E04314,C0923,24717.94,INVOICE_OVERDUE,Bank_B,E23,P014,CARD
E04315,C0044,15430.67,CHECKOUT_ABANDONED,Bank_A,E11,P012,WALLET
E04316,C0385,2808.59,CHECKOUT_ABANDONED,Bank_B,E11,P004,NETBANKING
E04317,C0532,6358.29,CHECKOUT_ABANDONED,Bank_A,E17,P019,UPI
E04318,C0093,3322.81,SUBSCRIPTION_FAILED,Bank_B,E17,P018,CARD
E04319,C0328,6407.86,CHECKOUT_ABANDONED,Bank_D,E17,P007,UPI
E04320,C0975,580.4,INVOICE_OVERDUE,Bank_D,E23,P002,CARD
E04321,C0128,23177.43,CHECKOUT_ABANDONED,Bank_A,E23,P007,WALLET
E04322,C0653,22561.2,INVOICE_OVERDUE,Bank_B,E42,P012,CARD
E04323,C0894,19736.94,INVOICE_OVERDUE,Bank_A,E17,P006,CARD
E04324,C0998,10978.64,PAYMENT_FAILED,Bank_A,E17,P018,WALLET
E04325,C0159,7900.93,CHECKOUT_ABANDONED,Bank_C,E17,P015,WALLET
E04326,C0506,16748.75,PAYMENT_FAILED,Bank_A,E11,P010,WALLET
E04327,C0594,23507.2,PAYMENT_FAILED,Bank_D,E11,P003,NETBANKING
E04328,C0376,10496.25,INVOICE_OVERDUE,Bank_C,E11,P008,WALLET
E04329,C0730,6041.0,PAYMENT_FAILED,Bank_D,E17,P001,CARD
E04330,C0504,24052.46,PAYMENT_FAILED,Bank_B,E17,P009,UPI
E04331,C0947,6598.32,SUBSCRIPTION_FAILED,Bank_A,E42,P016,CARD
E04332,C0315,24064.91,SUBSCRIPTION_FAILED,Bank_A,E11,P016,CARD
E04333,C0734,15776.96,PAYMENT_FAILED,Bank_B,E17,P012,CARD
E04334,C0703,1980.09,PAYMENT_FAILED,Bank_A,E42,P006,UPI
E04335,C0456,11237.73,PAYMENT_FAILED,Bank_A,E11,P004,CARD
E04336,C0867,9885.63,SUBSCRIPTION_FAILED,Bank_B,E11,P018,WALLET
E04337,C0889,2423.68,PAYMENT_FAILED,Bank_C,E17,P002,WALLET
E04338,C0948,21113.69,CHECKOUT_ABANDONED,Bank_A,E42,P013,UPI
E04339,C0816,3277.83,PAYMENT_FAILED,Bank_A,E42,P019,NETBANKING
E04340,C0294,23812.79,CHECKOUT_ABANDONED,Bank_D,E42,P016,WALLET
E04341,C0995,18740.42,CHECKOUT_ABANDONED,Bank_B,E42,P013,UPI
E04342,C0173,15241.71,SUBSCRIPTION_FAILED,Bank_A,E42,P002,NETBANKING
E04343,C0134,703.15,INVOICE_OVERDUE,Bank_A,E42,P014,NETBANKING
E04344,C0218,9449.19,SUBSCRIPTION_FAILED,Bank_A,E23,P009,UPI
E04345,C0820,3982.51,PAYMENT_FAILED,Bank_C,E11,P018,UPI
E04346,C0093,2341.92,PAYMENT_FAILED,Bank_C,E17,P004,UPI
E04347,C0319,24158.08,INVOICE_OVERDUE,Bank_A,E23,P001,NETBANKING
E04348,C0765,8421.42,INVOICE_OVERDUE,Bank_C,E23,P005,UPI
E04349,C0466,18725.14,CHECKOUT_ABANDONED,Bank_B,E11,P008,WALLET
E04350,C0784,9281.43,SUBSCRIPTION_FAILED,Bank_B,E23,P011,NETBANKING
E04351,C0443,13196.56,CHECKOUT_ABANDONED,Bank_D,E42,P009,WALLET
E04352,C0493,4055.92,PAYMENT_FAILED,Bank_A,E17,P016,WALLET
E04353,C0646,9164.98,CHECKOUT_ABANDONED,Bank_C,E23,P009,NETBANKING
E04354,C0166,23253.76,PAYMENT_FAILED,Bank_B,E11,P012,UPI
E04355,C0576,11635.25,SUBSCRIPTION_FAILED,Bank_A,E11,P012,NETBANKING
E04356,C0514,16364.65,CHECKOUT_ABANDONED,Bank_A,E17,P012,WALLET
E04357,C0303,11880.07,INVOICE_OVERDUE,Bank_A,E42,P014,WALLET
E04358,C0101,17758.58,INVOICE_OVERDUE,Bank_C,E11,P002,NETBANKING
E04359,C0291,13744.2,INVOICE_OVERDUE,Bank_D,E11,P020,CARD
E04360,C0151,822.91,PAYMENT_FAILED,Bank_A,E42,P012,UPI
E04361,C0287,17405.71,SUBSCRIPTION_FAILED,Bank_A,E42,P013,UPI
E04362,C0738,12239.62,CHECKOUT_ABANDONED,Bank_D,E11,P003,UPI
E04363,C0354,616.77,PAYMENT_FAILED,Bank_B,E17,P015,WALLET
E04364,C0037,23137.74,INVOICE_OVERDUE,Bank_D,E42,P004,NETBANKING
E04365,C0716,17868.61,CHECKOUT_ABANDONED,Bank_C,E11,P019,CARD
E04366,C0189,17816.62,PAYMENT_FAILED,Bank_C,E42,P011,CARD
E04367,C0212,12269.02,INVOICE_OVERDUE,Bank_B,E23,P011,CARD
E04368,C0159,8330.64,SUBSCRIPTION_FAILED,Bank_A,E11,P016,UPI
E04369,C0989,1519.95,INVOICE_OVERDUE,Bank_A,E42,P005,WALLET
E04370,C0181,17847.04,INVOICE_OVERDUE,Bank_B,E11,P019,CARD
E04371,C0163,3892.8,SUBSCRIPTION_FAILED,Bank_D,E23,P014,WALLET
E04372,C0541,10295.93,CHECKOUT_ABANDONED,Bank_C,E23,P005,NETBANKING
E04373,C0850,11177.06,SUBSCRIPTION_FAILED,Bank_C,E17,P012,WALLET
E04374,C0763,24523.25,CHECKOUT_ABANDONED,Bank_C,E11,P015,UPI
E04375,C0053,11707.94,SUBSCRIPTION_FAILED,Bank_C,E11,P009,NETBANKING
E04376,C0896,10276.75,PAYMENT_FAILED,Bank_B,E11,P010,WALLET
E04377,C0202,2488.95,INVOICE_OVERDUE,Bank_A,E42,P017,NETBANKING
E04378,C0495,18291.08,CHECKOUT_ABANDONED,Bank_C,E17,P018,UPI
E04379,C0331,2481.38,SUBSCRIPTION_FAILED,Bank_A,E17,P011,WALLET
E04380,C0727,6092.98,INVOICE_OVERDUE,Bank_A,E42,P018,WALLET
E04381,C0521,24857.06,PAYMENT_FAILED,Bank_A,E42,P020,CARD
E04382,C0133,14350.72,PAYMENT_FAILED,Bank_A,E42,P015,CARD
E04383,C0934,16237.76,CHECKOUT_ABANDONED,Bank_D,E11,P001,NETBANKING
E04384,C0324,24051.88,PAYMENT_FAILED,Bank_C,E42,P003,NETBANKING
E04385,C0289,23707.08,INVOICE_OVERDUE,Bank_D,E42,P005,WALLET
E04386,C0325,4879.58,PAYMENT_FAILED,Bank_A,E42,P009,CARD
E04387,C0477,11407.7,INVOICE_OVERDUE,Bank_A,E23,P010,CARD
E04388,C0628,3827.27,PAYMENT_FAILED,Bank_A,E17,P002,CARD
E04389,C0715,4925.6,CHECKOUT_ABANDONED,Bank_B,E42,P011,NETBANKING
E04390,C0526,14036.73,INVOICE_OVERDUE,Bank_B,E11,P003,WALLET
E04391,C0273,20039.26,CHECKOUT_ABANDONED,Bank_D,E42,P017,WALLET
E04392,C0327,14996.17,SUBSCRIPTION_FAILED,Bank_C,E11,P001,UPI
E04393,C0003,6395.32,INVOICE_OVERDUE,Bank_C,E42,P019,WALLET
E04394,C0355,23739.44,INVOICE_OVERDUE,Bank_B,E17,P012,NETBANKING
E04395,C0911,23056.87,SUBSCRIPTION_FAILED,Bank_A,E42,P019,NETBANKING
E04396,C0110,7328.45,INVOICE_OVERDUE,Bank_B,E42,P020,NETBANKING
E04397,C0818,16880.76,INVOICE_OVERDUE,Bank_C,E23,P018,NETBANKING
E04398,C0065,16353.02,SUBSCRIPTION_FAILED,Bank_D,E17,P003,WALLET
E04399,C0324,4412.39,INVOICE_OVERDUE,Bank_C,E11,P006,NETBANKING
E04400,C0164,7673.75,INVOICE_OVERDUE,Bank_B,E17,P017,NETBANKING
E04401,C0998,3674.76,INVOICE_OVERDUE,Bank_B,E23,P001,NETBANKING
E04402,C0961,10745.97,INVOICE_OVERDUE,Bank_A,E42,P004,CARD
E04403,C0491,24247.1,CHECKOUT_ABANDONED,Bank_A,E42,P019,NETBANKING
E04404,C0221,13038.02,CHECKOUT_ABANDONED,Bank_A,E17,P019,WALLET
E04405,C0417,16400.06,SUBSCRIPTION_FAILED,Bank_D,E11,P016,WALLET
E04406,C0682,24273.32,SUBSCRIPTION_FAILED,Bank_A,E17,P002,UPI
E04407,C0525,12452.12,CHECKOUT_ABANDONED,Bank_B,E42,P004,NETBANKING
E04408,C0653,14173.51,PAYMENT_FAILED,Bank_A,E42,P001,NETBANKING
E04409,C0037,7022.47,SUBSCRIPTION_FAILED,Bank_A,E42,P019,NETBANKING
E04410,C0199,21128.98,CHECKOUT_ABANDONED,Bank_B,E17,P002,WALLET
E04411,C0170,22243.32,PAYMENT_FAILED,Bank_A,E17,P006,CARD
E04412,C0316,13901.96,INVOICE_OVERDUE,Bank_A,E42,P020,CARD
E04413,C0080,24698.79,CHECKOUT_ABANDONED,Bank_D,E11,P017,CARD
E04414,C0074,18316.78,SUBSCRIPTION_FAILED,Bank_D,E42,P018,CARD
E04415,C0990,10624.65,SUBSCRIPTION_FAILED,Bank_D,E11,P008,CARD
E04416,C0449,12217.58,CHECKOUT_ABANDONED,Bank_B,E11,P014,CARD
E04417,C0269,23078.5,PAYMENT_FAILED,Bank_D,E23,P018,CARD
E04418,C0178,22827.05,INVOICE_OVERDUE,Bank_B,E42,P003,NETBANKING
E04419,C0059,24845.66,SUBSCRIPTION_FAILED,Bank_A,E42,P010,NETBANKING
E04420,C0615,5073.7,PAYMENT_FAILED,Bank_A,E42,P003,NETBANKING
E04421,C0734,17710.71,PAYMENT_FAILED,Bank_C,E17,P008,CARD
E04422,C0779,10717.94,CHECKOUT_ABANDONED,Bank_A,E42,P012,CARD
E04423,C0016,18573.47,CHECKOUT_ABANDONED,Bank_A,E42,P009,WALLET
E04424,C0551,9908.3,INVOICE_OVERDUE,Bank_A,E11,P018,UPI
E04425,C0469,2985.68,INVOICE_OVERDUE,Bank_A,E17,P010,UPI
E04426,C0809,6035.96,INVOICE_OVERDUE,Bank_C,E23,P002,NETBANKING
E04427,C0190,17451.75,INVOICE_OVERDUE,Bank_D,E17,P010,NETBANKING
E04428,C0189,7055.16,PAYMENT_FAILED,Bank_C,E42,P016,NETBANKING
E04429,C0206,2221.97,INVOICE_OVERDUE,Bank_A,E11,P018,WALLET
E04430,C0814,9651.35,PAYMENT_FAILED,Bank_D,E23,P002,WALLET
E04431,C0183,19734.79,SUBSCRIPTION_FAILED,Bank_A,E42,P010,WALLET
E04432,C0540,7518.39,PAYMENT_FAILED,Bank_C,E42,P003,UPI
E04433,C0413,18431.0,INVOICE_OVERDUE,Bank_C,E11,P004,WALLET
E04434,C0623,9868.86,INVOICE_OVERDUE,Bank_C,E17,P018,WALLET
E04435,C0591,1802.71,INVOICE_OVERDUE,Bank_B,E11,P004,WALLET
E04436,C0080,5521.46,PAYMENT_FAILED,Bank_B,E42,P005,CARD
E04437,C0537,22309.45,SUBSCRIPTION_FAILED,Bank_A,E17,P001,NETBANKING
E04438,C0272,10319.63,PAYMENT_FAILED,Bank_D,E23,P018,NETBANKING
E04439,C0351,14502.39,INVOICE_OVERDUE,Bank_A,E42,P009,NETBANKING
E04440,C0246,22735.43,PAYMENT_FAILED,Bank_A,E42,P017,NETBANKING
E04441,C0491,23356.25,PAYMENT_FAILED,Bank_C,E42,P020,NETBANKING
E04442,C0434,19974.76,PAYMENT_FAILED,Bank_C,E23,P015,WALLET
E04443,C0869,22391.26,INVOICE_OVERDUE,Bank_C,E42,P003,NETBANKING
E04444,C0631,11520.67,SUBSCRIPTION_FAILED,Bank_B,E42,P012,WALLET
E04445,C0289,13014.15,CHECKOUT_ABANDONED,Bank_D,E42,P010,UPI
E04446,C0747,21412.36,INVOICE_OVERDUE,Bank_B,E17,P011,NETBANKING
E04447,C0227,10061.83,PAYMENT_FAILED,Bank_C,E17,P005,UPI
E04448,C0489,11601.78,INVOICE_OVERDUE,Bank_C,E11,P003,CARD
E04449,C0328,2466.32,INVOICE_OVERDUE,Bank_B,E11,P015,CARD
E04450,C0013,15645.13,INVOICE_OVERDUE,Bank_D,E11,P014,NETBANKING
E04451,C0357,8765.83,SUBSCRIPTION_FAILED,Bank_A,E42,P012,WALLET
E04452,C0166,12883.32,INVOICE_OVERDUE,Bank_C,E17,P004,NETBANKING
E04453,C0314,9027.28,CHECKOUT_ABANDONED,Bank_D,E17,P009,WALLET
E04454,C0436,4053.74,PAYMENT_FAILED,Bank_B,E42,P005,NETBANKING
E04455,C0211,988.34,INVOICE_OVERDUE,Bank_A,E23,P015,NETBANKING
E04456,C0129,22925.56,INVOICE_OVERDUE,Bank_B,E23,P019,UPI
E04457,C0781,20702.11,SUBSCRIPTION_FAILED,Bank_B,E11,P014,NETBANKING
E04458,C0226,17717.29,SUBSCRIPTION_FAILED,Bank_A,E23,P014,UPI
E04459,C0353,4190.15,PAYMENT_FAILED,Bank_D,E11,P003,NETBANKING
E04460,C0374,24512.43,CHECKOUT_ABANDONED,Bank_B,E23,P005,NETBANKING
E04461,C0107,11596.86,SUBSCRIPTION_FAILED,Bank_D,E11,P001,WALLET
E04462,C0830,19114.76,INVOICE_OVERDUE,Bank_A,E17,P019,CARD
E04463,C0008,4941.67,INVOICE_OVERDUE,Bank_B,E11,P019,WALLET
E04464,C0053,6170.6,PAYMENT_FAILED,Bank_A,E42,P017,UPI
E04465,C0729,11173.62,SUBSCRIPTION_FAILED,Bank_D,E23,P017,WALLET
E04466,C0742,22793.39,SUBSCRIPTION_FAILED,Bank_A,E23,P011,NETBANKING
E04467,C0540,18868.0,PAYMENT_FAILED,Bank_B,E17,P020,CARD
E04468,C0119,21885.35,INVOICE_OVERDUE,Bank_D,E17,P014,WALLET
E04469,C0181,8622.83,PAYMENT_FAILED,Bank_A,E11,P019,UPI
E04470,C0274,1904.44,INVOICE_OVERDUE,Bank_A,E42,P015,WALLET
E04471,C0383,21006.78,PAYMENT_FAILED,Bank_A,E42,P019,NETBANKING
E04472,C0729,14225.13,CHECKOUT_ABANDONED,Bank_B,E11,P020,CARD
E04473,C0485,17934.5,PAYMENT_FAILED,Bank_A,E42,P017,UPI
E04474,C0557,1969.85,SUBSCRIPTION_FAILED,Bank_C,E11,P015,UPI
E04475,C0910,23362.46,SUBSCRIPTION_FAILED,Bank_B,E17,P007,NETBANKING
E04476,C0564,8300.19,CHECKOUT_ABANDONED,Bank_B,E23,P013,WALLET
E04477,C0628,8505.51,PAYMENT_FAILED,Bank_A,E23,P009,WALLET
E04478,C0116,21708.68,SUBSCRIPTION_FAILED,Bank_C,E23,P020,CARD
E04479,C0777,3626.49,SUBSCRIPTION_FAILED,Bank_B,E23,P004,UPI
E04480,C0867,12219.82,CHECKOUT_ABANDONED,Bank_D,E23,P006,WALLET
E04481,C0790,22267.05,INVOICE_OVERDUE,Bank_A,E42,P017,CARD
E04482,C0331,22591.01,SUBSCRIPTION_FAILED,Bank_A,E42,P008,WALLET
E04483,C0179,12073.61,INVOICE_OVERDUE,Bank_C,E17,P002,WALLET
E04484,C0941,20140.1,CHECKOUT_ABANDONED,Bank_B,E23,P006,NETBANKING
E04485,C0062,21952.64,CHECKOUT_ABANDONED,Bank_B,E17,P019,NETBANKING
E04486,C0173,9495.01,INVOICE_OVERDUE,Bank_B,E11,P006,WALLET
E04487,C0683,11668.78,SUBSCRIPTION_FAILED,Bank_D,E17,P016,UPI
E04488,C0605,21212.81,SUBSCRIPTION_FAILED,Bank_B,E17,P017,NETBANKING
E04489,C0163,13563.91,INVOICE_OVERDUE,Bank_C,E11,P004,NETBANKING
E04490,C0302,5213.39,PAYMENT_FAILED,Bank_A,E42,P020,WALLET
E04491,C0977,15822.11,SUBSCRIPTION_FAILED,Bank_A,E42,P008,UPI
E04492,C0745,8649.3,INVOICE_OVERDUE,Bank_A,E42,P009,UPI
E04493,C0343,13352.53,SUBSCRIPTION_FAILED,Bank_C,E17,P010,CARD
E04494,C0631,19169.86,SUBSCRIPTION_FAILED,Bank_A,E23,P013,UPI
E04495,C0255,9943.25,PAYMENT_FAILED,Bank_C,E23,P008,NETBANKING
E04496,C0203,12784.38,PAYMENT_FAILED,Bank_C,E23,P004,NETBANKING
E04497,C0831,8205.2,INVOICE_OVERDUE,Bank_A,E23,P011,NETBANKING
E04498,C0019,8085.76,SUBSCRIPTION_FAILED,Bank_B,E11,P003,WALLET
E04499,C0259,24309.07,CHECKOUT_ABANDONED,Bank_C,E17,P003,WALLET
E04500,C0620,5268.37,SUBSCRIPTION_FAILED,Bank_C,E42,P006,NETBANKING
E04501,C0874,11985.08,SUBSCRIPTION_FAILED,Bank_B,E11,P017,CARD
E04502,C0934,24319.26,SUBSCRIPTION_FAILED,Bank_D,E11,P009,NETBANKING
E04503,C0587,16280.32,PAYMENT_FAILED,Bank_C,E23,P018,NETBANKING
E04504,C0463,20994.79,INVOICE_OVERDUE,Bank_A,E42,P011,CARD
E04505,C0868,9948.08,SUBSCRIPTION_FAILED,Bank_A,E42,P012,WALLET
E04506,C0311,17245.73,SUBSCRIPTION_FAILED,Bank_A,E42,P001,UPI
E04507,C0460,21792.36,SUBSCRIPTION_FAILED,Bank_D,E42,P005,CARD
E04508,C0778,9711.67,PAYMENT_FAILED,Bank_D,E11,P017,CARD
E04509,C0689,22552.57,CHECKOUT_ABANDONED,Bank_B,E23,P004,WALLET
E04510,C0191,17432.81,SUBSCRIPTION_FAILED,Bank_A,E17,P019,UPI
E04511,C0483,3846.43,INVOICE_OVERDUE,Bank_A,E42,P017,WALLET
E04512,C0346,3400.0,SUBSCRIPTION_FAILED,Bank_C,E23,P009,CARD
E04513,C0758,12722.72,PAYMENT_FAILED,Bank_A,E42,P013,CARD
E04514,C0642,11832.35,SUBSCRIPTION_FAILED,Bank_A,E42,P002,NETBANKING
E04515,C0103,2623.11,SUBSCRIPTION_FAILED,Bank_A,E23,P017,WALLET
E04516,C0221,17676.53,PAYMENT_FAILED,Bank_C,E17,P012,NETBANKING
E04517,C0871,7668.3,PAYMENT_FAILED,Bank_A,E42,P003,CARD
E04518,C0494,16589.23,CHECKOUT_ABANDONED,Bank_A,E23,P009,UPI
E04519,C0232,24030.57,CHECKOUT_ABANDONED,Bank_A,E23,P018,CARD
E04520,C0365,15834.06,SUBSCRIPTION_FAILED,Bank_D,E11,P001,UPI
E04521,C0831,11142.67,CHECKOUT_ABANDONED,Bank_A,E42,P004,CARD
E04522,C0616,24744.76,PAYMENT_FAILED,Bank_D,E42,P002,NETBANKING
E04523,C0710,20596.72,PAYMENT_FAILED,Bank_A,E23,P004,CARD
E04524,C0651,2283.98,PAYMENT_FAILED,Bank_A,E42,P008,UPI
E04525,C0764,9226.97,PAYMENT_FAILED,Bank_D,E17,P020,UPI
E04526,C0093,5580.76,INVOICE_OVERDUE,Bank_D,E23,P012,CARD
E04527,C0102,20429.64,SUBSCRIPTION_FAILED,Bank_C,E11,P009,CARD
E04528,C0492,16550.06,CHECKOUT_ABANDONED,Bank_B,E42,P002,WALLET
E04529,C0471,21547.78,SUBSCRIPTION_FAILED,Bank_D,E17,P008,UPI
E04530,C0350,14907.03,SUBSCRIPTION_FAILED,Bank_A,E42,P004,CARD
E04531,C0882,5993.44,INVOICE_OVERDUE,Bank_A,E23,P012,WALLET
E04532,C0456,10785.72,CHECKOUT_ABANDONED,Bank_D,E17,P018,WALLET
E04533,C0156,11206.03,INVOICE_OVERDUE,Bank_D,E23,P008,WALLET
E04534,C0501,4840.55,SUBSCRIPTION_FAILED,Bank_A,E42,P004,CARD
E04535,C0451,23933.71,CHECKOUT_ABANDONED,Bank_C,E42,P004,CARD
E04536,C0387,5160.55,CHECKOUT_ABANDONED,Bank_B,E17,P003,CARD
E04537,C0100,15436.25,SUBSCRIPTION_FAILED,Bank_A,E11,P014,CARD
E04538,C0227,20537.31,PAYMENT_FAILED,Bank_D,E17,P020,UPI
E04539,C0776,2054.51,SUBSCRIPTION_FAILED,Bank_A,E11,P011,WALLET
E04540,C0935,21903.98,SUBSCRIPTION_FAILED,Bank_D,E17,P011,NETBANKING
E04541,C0267,13156.84,SUBSCRIPTION_FAILED,Bank_B,E17,P016,UPI
E04542,C0137,19727.01,INVOICE_OVERDUE,Bank_A,E42,P003,NETBANKING
E04543,C0606,4298.34,PAYMENT_FAILED,Bank_C,E17,P009,NETBANKING
E04544,C0892,24496.32,PAYMENT_FAILED,Bank_C,E11,P008,UPI
E04545,C0195,18073.4,SUBSCRIPTION_FAILED,Bank_D,E17,P014,WALLET
E04546,C0321,19342.88,PAYMENT_FAILED,Bank_C,E11,P005,CARD
E04547,C0664,15538.26,SUBSCRIPTION_FAILED,Bank_A,E42,P003,WALLET
E04548,C0827,14198.14,CHECKOUT_ABANDONED,Bank_A,E42,P010,WALLET
E04549,C0087,22513.11,SUBSCRIPTION_FAILED,Bank_B,E17,P020,NETBANKING
E04550,C0517,22938.93,INVOICE_OVERDUE,Bank_A,E23,P019,CARD
E04551,C0043,19651.11,CHECKOUT_ABANDONED,Bank_A,E23,P005,NETBANKING
E04552,C0383,955.51,CHECKOUT_ABANDONED,Bank_A,E23,P005,CARD
E04553,C0451,2857.04,CHECKOUT_ABANDONED,Bank_A,E42,P003,WALLET
E04554,C0953,15023.1,INVOICE_OVERDUE,Bank_C,E17,P014,UPI
E04555,C0523,6019.01,CHECKOUT_ABANDONED,Bank_B,E42,P011,NETBANKING
E04556,C0122,3661.81,SUBSCRIPTION_FAILED,Bank_A,E17,P008,NETBANKING
E04557,C0248,15022.88,PAYMENT_FAILED,Bank_C,E17,P001,UPI
E04558,C0010,23412.18,CHECKOUT_ABANDONED,Bank_B,E17,P005,UPI
E04559,C0984,1454.77,PAYMENT_FAILED,Bank_A,E11,P001,UPI
E04560,C0121,13293.23,INVOICE_OVERDUE,Bank_C,E11,P018,CARD
E04561,C0895,1271.95,INVOICE_OVERDUE,Bank_C,E42,P018,NETBANKING
E04562,C0152,4586.4,PAYMENT_FAILED,Bank_D,E23,P009,WALLET
E04563,C0964,24411.01,PAYMENT_FAILED,Bank_A,E23,P004,UPI
E04564,C0800,7439.71,PAYMENT_FAILED,Bank_A,E17,P015,CARD
E04565,C0746,16384.44,PAYMENT_FAILED,Bank_B,E23,P006,NETBANKING
E04566,C0092,16309.02,SUBSCRIPTION_FAILED,Bank_C,E11,P016,WALLET
E04567,C0363,23879.31,INVOICE_OVERDUE,Bank_B,E42,P016,WALLET
E04568,C0890,9219.71,PAYMENT_FAILED,Bank_A,E42,P007,NETBANKING
E04569,C0726,21515.45,CHECKOUT_ABANDONED,Bank_B,E23,P005,WALLET
E04570,C0756,8215.07,SUBSCRIPTION_FAILED,Bank_C,E17,P006,UPI
E04571,C0786,12901.97,SUBSCRIPTION_FAILED,Bank_A,E42,P009,NETBANKING
E04572,C0493,18478.07,CHECKOUT_ABANDONED,Bank_D,E42,P006,CARD
E04573,C0007,13912.65,SUBSCRIPTION_FAILED,Bank_D,E23,P014,NETBANKING
E04574,C0228,13433.46,SUBSCRIPTION_FAILED,Bank_C,E42,P012,CARD
E04575,C0026,14663.25,SUBSCRIPTION_FAILED,Bank_A,E11,P004,CARD
E04576,C0645,16122.77,INVOICE_OVERDUE,Bank_B,E42,P012,NETBANKING
E04577,C0748,1320.16,CHECKOUT_ABANDONED,Bank_D,E11,P007,NETBANKING
E04578,C0266,18467.55,PAYMENT_FAILED,Bank_D,E11,P001,NETBANKING
E04579,C0615,1734.75,CHECKOUT_ABANDONED,Bank_A,E42,P017,CARD
E04580,C0657,11740.92,INVOICE_OVERDUE,Bank_B,E42,P019,NETBANKING
E04581,C0500,22542.63,INVOICE_OVERDUE,Bank_A,E42,P014,WALLET
E04582,C0928,14164.62,PAYMENT_FAILED,Bank_C,E17,P019,UPI
E04583,C0623,15668.31,CHECKOUT_ABANDONED,Bank_A,E42,P014,WALLET
E04584,C0079,12195.36,PAYMENT_FAILED,Bank_A,E17,P005,UPI
E04585,C0112,3263.42,PAYMENT_FAILED,Bank_C,E17,P010,NETBANKING
E04586,C0320,18797.25,INVOICE_OVERDUE,Bank_A,E11,P012,UPI
E04587,C0589,20497.25,CHECKOUT_ABANDONED,Bank_C,E17,P002,UPI
E04588,C0172,16670.32,CHECKOUT_ABANDONED,Bank_C,E17,P018,CARD
E04589,C0960,19848.43,PAYMENT_FAILED,Bank_A,E42,P018,WALLET
E04590,C0773,8223.66,CHECKOUT_ABANDONED,Bank_D,E17,P004,NETBANKING
E04591,C0890,6300.92,INVOICE_OVERDUE,Bank_A,E42,P020,WALLET
E04592,C0904,7534.05,PAYMENT_FAILED,Bank_C,E17,P018,WALLET
E04593,C0560,18802.35,CHECKOUT_ABANDONED,Bank_C,E23,P014,CARD
E04594,C0953,10943.05,INVOICE_OVERDUE,Bank_A,E42,P019,NETBANKING
E04595,C0794,21779.2,INVOICE_OVERDUE,Bank_D,E11,P010,WALLET
E04596,C0155,19055.22,INVOICE_OVERDUE,Bank_A,E23,P010,UPI
E04597,C0038,9002.62,PAYMENT_FAILED,Bank_C,E17,P019,UPI
E04598,C0201,1598.59,PAYMENT_FAILED,Bank_B,E11,P009,WALLET
E04599,C0036,6135.71,PAYMENT_FAILED,Bank_B,E42,P018,CARD
E04600,C0073,13500.57,CHECKOUT_ABANDONED,Bank_C,E23,P009,NETBANKING
E04601,C0039,23698.69,CHECKOUT_ABANDONED,Bank_C,E11,P010,CARD
E04602,C0872,5831.82,SUBSCRIPTION_FAILED,Bank_B,E11,P009,UPI
E04603,C0010,23496.59,INVOICE_OVERDUE,Bank_C,E23,P016,NETBANKING
E04604,C0007,14858.63,SUBSCRIPTION_FAILED,Bank_C,E42,P015,NETBANKING
E04605,C0216,24531.67,PAYMENT_FAILED,Bank_A,E42,P011,NETBANKING
E04606,C0017,7259.06,INVOICE_OVERDUE,Bank_A,E42,P017,NETBANKING
E04607,C0968,23448.86,SUBSCRIPTION_FAILED,Bank_D,E23,P017,WALLET
E04608,C0519,6479.96,INVOICE_OVERDUE,Bank_B,E23,P009,CARD
E04609,C0433,2350.61,SUBSCRIPTION_FAILED,Bank_D,E11,P007,WALLET
E04610,C0183,17105.59,CHECKOUT_ABANDONED,Bank_A,E23,P004,UPI
E04611,C0513,16341.27,SUBSCRIPTION_FAILED,Bank_A,E42,P014,CARD
E04612,C0782,19932.79,CHECKOUT_ABANDONED,Bank_A,E17,P008,CARD
E04613,C0115,4417.49,INVOICE_OVERDUE,Bank_A,E42,P013,UPI
E04614,C0431,10317.99,INVOICE_OVERDUE,Bank_D,E23,P006,UPI
E04615,C0121,13475.32,CHECKOUT_ABANDONED,Bank_C,E23,P015,CARD
E04616,C0853,16255.79,INVOICE_OVERDUE,Bank_D,E11,P018,UPI
E04617,C0813,4791.58,CHECKOUT_ABANDONED,Bank_B,E23,P010,CARD
E04618,C0015,13743.55,SUBSCRIPTION_FAILED,Bank_A,E42,P002,CARD
E04619,C0591,23665.49,INVOICE_OVERDUE,Bank_C,E11,P017,WALLET
E04620,C0983,21125.51,INVOICE_OVERDUE,Bank_A,E42,P005,CARD
E04621,C0982,2367.36,PAYMENT_FAILED,Bank_B,E42,P017,UPI
E04622,C0937,17459.54,INVOICE_OVERDUE,Bank_C,E17,P014,NETBANKING
E04623,C0476,18760.4,INVOICE_OVERDUE,Bank_B,E23,P018,UPI
E04624,C0307,15305.23,INVOICE_OVERDUE,Bank_D,E23,P012,CARD
E04625,C0771,23942.42,INVOICE_OVERDUE,Bank_D,E42,P002,NETBANKING
E04626,C0350,1102.25,INVOICE_OVERDUE,Bank_D,E42,P015,CARD
E04627,C0225,17649.32,INVOICE_OVERDUE,Bank_A,E23,P004,NETBANKING
E04628,C0796,16690.03,CHECKOUT_ABANDONED,Bank_B,E17,P007,WALLET
E04629,C0263,4526.78,SUBSCRIPTION_FAILED,Bank_C,E11,P016,UPI
E04630,C0850,7686.54,PAYMENT_FAILED,Bank_A,E42,P005,NETBANKING
E04631,C0547,17286.9,INVOICE_OVERDUE,Bank_A,E17,P012,CARD
E04632,C0913,4837.79,SUBSCRIPTION_FAILED,Bank_C,E42,P006,UPI
E04633,C0028,14865.88,INVOICE_OVERDUE,Bank_B,E42,P015,WALLET
E04634,C0831,5464.08,INVOICE_OVERDUE,Bank_D,E11,P005,CARD
E04635,C0627,2127.92,INVOICE_OVERDUE,Bank_B,E17,P008,NETBANKING
E04636,C0140,19967.34,INVOICE_OVERDUE,Bank_B,E17,P013,UPI
E04637,C0559,1961.72,SUBSCRIPTION_FAILED,Bank_A,E17,P012,CARD
E04638,C0373,7907.95,PAYMENT_FAILED,Bank_D,E23,P020,CARD
E04639,C0501,22442.95,INVOICE_OVERDUE,Bank_C,E23,P007,WALLET
E04640,C0560,18776.19,INVOICE_OVERDUE,Bank_A,E42,P016,UPI
E04641,C0081,13189.08,PAYMENT_FAILED,Bank_A,E11,P005,CARD
E04642,C0415,13122.08,SUBSCRIPTION_FAILED,Bank_B,E11,P014,UPI
E04643,C0443,6271.27,CHECKOUT_ABANDONED,Bank_C,E11,P018,CARD
E04644,C0775,10974.29,CHECKOUT_ABANDONED,Bank_B,E23,P018,WALLET
E04645,C0531,4283.05,PAYMENT_FAILED,Bank_D,E17,P003,CARD
E04646,C0357,752.43,SUBSCRIPTION_FAILED,Bank_B,E11,P013,NETBANKING
E04647,C0625,7920.93,PAYMENT_FAILED,Bank_C,E23,P013,CARD
E04648,C0273,9608.15,INVOICE_OVERDUE,Bank_B,E42,P005,UPI
E04649,C0865,8953.31,CHECKOUT_ABANDONED,Bank_A,E42,P006,NETBANKING
E04650,C0323,20329.97,INVOICE_OVERDUE,Bank_C,E11,P017,UPI
E04651,C0777,4812.69,CHECKOUT_ABANDONED,Bank_B,E17,P008,UPI
E04652,C0708,14805.4,CHECKOUT_ABANDONED,Bank_B,E17,P014,UPI
E04653,C0390,12750.18,PAYMENT_FAILED,Bank_A,E42,P014,WALLET
E04654,C0831,3705.12,PAYMENT_FAILED,Bank_D,E23,P010,UPI
E04655,C0122,19451.83,PAYMENT_FAILED,Bank_B,E17,P018,WALLET
E04656,C0873,9575.14,PAYMENT_FAILED,Bank_C,E23,P015,UPI
E04657,C0367,15382.26,CHECKOUT_ABANDONED,Bank_D,E42,P003,UPI
E04658,C0297,23313.16,INVOICE_OVERDUE,Bank_D,E11,P002,UPI
E04659,C0250,8490.08,PAYMENT_FAILED,Bank_A,E11,P006,NETBANKING
E04660,C0244,19307.72,CHECKOUT_ABANDONED,Bank_D,E17,P015,UPI
E04661,C0183,20008.82,INVOICE_OVERDUE,Bank_D,E23,P013,NETBANKING
E04662,C0385,9918.61,INVOICE_OVERDUE,Bank_A,E42,P016,CARD
E04663,C0852,740.11,PAYMENT_FAILED,Bank_B,E23,P015,CARD
E04664,C0114,23333.49,CHECKOUT_ABANDONED,Bank_A,E23,P014,CARD
E04665,C0873,4852.09,SUBSCRIPTION_FAILED,Bank_A,E42,P015,CARD
E04666,C0438,21028.47,CHECKOUT_ABANDONED,Bank_B,E42,P006,WALLET
E04667,C0501,16125.19,INVOICE_OVERDUE,Bank_A,E42,P010,WALLET
E04668,C0884,24844.93,SUBSCRIPTION_FAILED,Bank_C,E42,P017,UPI
E04669,C0582,23095.89,INVOICE_OVERDUE,Bank_D,E17,P010,NETBANKING
E04670,C0161,17839.18,PAYMENT_FAILED,Bank_C,E42,P011,NETBANKING
E04671,C0476,6210.21,PAYMENT_FAILED,Bank_C,E23,P016,NETBANKING
E04672,C0704,21829.59,CHECKOUT_ABANDONED,Bank_C,E17,P012,UPI
E04673,C0456,7823.52,PAYMENT_FAILED,Bank_A,E23,P002,NETBANKING
E04674,C0058,17607.6,SUBSCRIPTION_FAILED,Bank_C,E23,P018,UPI
E04675,C0961,14461.6,PAYMENT_FAILED,Bank_A,E17,P014,UPI
E04676,C0319,20624.44,INVOICE_OVERDUE,Bank_A,E42,P003,UPI
E04677,C0876,20479.6,PAYMENT_FAILED,Bank_D,E23,P005,CARD
E04678,C0125,24596.25,SUBSCRIPTION_FAILED,Bank_A,E23,P006,CARD
E04679,C0846,20873.87,CHECKOUT_ABANDONED,Bank_B,E23,P015,NETBANKING
E04680,C0033,6848.44,CHECKOUT_ABANDONED,Bank_C,E23,P009,UPI
E04681,C0043,9625.86,SUBSCRIPTION_FAILED,Bank_C,E17,P017,WALLET
E04682,C0612,13853.69,CHECKOUT_ABANDONED,Bank_A,E42,P008,NETBANKING
E04683,C0145,1480.11,INVOICE_OVERDUE,Bank_C,E11,P004,CARD
E04684,C0837,12936.45,INVOICE_OVERDUE,Bank_A,E11,P003,CARD
E04685,C0178,17672.21,INVOICE_OVERDUE,Bank_D,E11,P016,WALLET
E04686,C0383,22372.35,CHECKOUT_ABANDONED,Bank_D,E23,P001,NETBANKING
E04687,C0504,535.46,PAYMENT_FAILED,Bank_A,E42,P005,CARD
E04688,C0479,23852.78,INVOICE_OVERDUE,Bank_D,E42,P014,UPI
E04689,C0649,23941.39,CHECKOUT_ABANDONED,Bank_A,E42,P003,CARD
E04690,C0036,20568.56,CHECKOUT_ABANDONED,Bank_C,E23,P005,CARD
E04691,C0172,24242.42,SUBSCRIPTION_FAILED,Bank_C,E17,P006,CARD
E04692,C0296,17723.9,SUBSCRIPTION_FAILED,Bank_B,E11,P020,NETBANKING
E04693,C0382,13106.56,CHECKOUT_ABANDONED,Bank_D,E17,P001,NETBANKING
E04694,C0673,9174.86,SUBSCRIPTION_FAILED,Bank_A,E42,P010,UPI
E04695,C0384,6131.06,SUBSCRIPTION_FAILED,Bank_C,E42,P012,CARD
E04696,C0876,16458.89,SUBSCRIPTION_FAILED,Bank_D,E42,P019,UPI
E04697,C0138,14192.59,CHECKOUT_ABANDONED,Bank_C,E23,P006,WALLET
E04698,C0852,12214.14,CHECKOUT_ABANDONED,Bank_A,E17,P010,UPI
E04699,C0158,9633.93,PAYMENT_FAILED,Bank_A,E11,P010,NETBANKING
E04700,C0915,2261.25,PAYMENT_FAILED,Bank_C,E11,P005,WALLET
E04701,C0260,5339.9,INVOICE_OVERDUE,Bank_D,E17,P016,WALLET
E04702,C0461,13972.15,INVOICE_OVERDUE,Bank_C,E11,P007,UPI
E04703,C0768,793.08,CHECKOUT_ABANDONED,Bank_D,E11,P014,CARD
E04704,C0359,4666.22,CHECKOUT_ABANDONED,Bank_B,E17,P002,UPI
E04705,C0940,24287.35,PAYMENT_FAILED,Bank_A,E17,P010,NETBANKING
E04706,C0944,22855.64,INVOICE_OVERDUE,Bank_C,E42,P013,WALLET
E04707,C0644,610.08,PAYMENT_FAILED,Bank_A,E23,P015,CARD
E04708,C0176,2656.13,SUBSCRIPTION_FAILED,Bank_B,E23,P004,UPI
E04709,C0125,17146.63,CHECKOUT_ABANDONED,Bank_A,E42,P003,WALLET
E04710,C0491,1716.88,PAYMENT_FAILED,Bank_A,E17,P008,CARD
E04711,C0249,2310.15,SUBSCRIPTION_FAILED,Bank_B,E42,P019,WALLET
E04712,C0262,12277.25,SUBSCRIPTION_FAILED,Bank_A,E11,P014,CARD
E04713,C0649,4582.68,PAYMENT_FAILED,Bank_B,E11,P012,NETBANKING
E04714,C0158,12458.33,INVOICE_OVERDUE,Bank_A,E23,P014,WALLET
E04715,C0760,23120.22,SUBSCRIPTION_FAILED,Bank_A,E42,P011,CARD
E04716,C0556,15302.7,PAYMENT_FAILED,Bank_B,E42,P020,NETBANKING
E04717,C0514,6497.43,INVOICE_OVERDUE,Bank_A,E42,P010,CARD
E04718,C0293,16937.8,CHECKOUT_ABANDONED,Bank_A,E42,P012,UPI
E04719,C0469,13447.81,PAYMENT_FAILED,Bank_A,E42,P010,CARD
E04720,C0632,16613.91,PAYMENT_FAILED,Bank_B,E42,P001,CARD
E04721,C0484,22808.53,INVOICE_OVERDUE,Bank_C,E11,P010,WALLET
E04722,C0735,23570.25,CHECKOUT_ABANDONED,Bank_A,E42,P011,UPI
E04723,C0126,17487.86,CHECKOUT_ABANDONED,Bank_A,E23,P007,NETBANKING
E04724,C0440,933.45,PAYMENT_FAILED,Bank_A,E42,P007,CARD
E04725,C0124,8753.52,INVOICE_OVERDUE,Bank_C,E42,P020,CARD
E04726,C0021,7304.56,PAYMENT_FAILED,Bank_A,E23,P015,NETBANKING
E04727,C0552,11044.67,SUBSCRIPTION_FAILED,Bank_D,E17,P013,UPI
E04728,C0629,11421.9,INVOICE_OVERDUE,Bank_A,E42,P009,UPI
E04729,C0392,13142.43,CHECKOUT_ABANDONED,Bank_B,E11,P014,UPI
E04730,C0252,20300.12,PAYMENT_FAILED,Bank_A,E17,P020,UPI
E04731,C0815,16117.86,INVOICE_OVERDUE,Bank_C,E23,P015,CARD
E04732,C0202,14303.35,INVOICE_OVERDUE,Bank_D,E11,P001,NETBANKING
E04733,C0690,1740.88,SUBSCRIPTION_FAILED,Bank_C,E11,P008,NETBANKING
E04734,C0077,18446.64,CHECKOUT_ABANDONED,Bank_C,E42,P020,WALLET
E04735,C0439,1158.96,PAYMENT_FAILED,Bank_A,E17,P008,WALLET
E04736,C0797,18436.24,SUBSCRIPTION_FAILED,Bank_D,E42,P015,CARD
E04737,C0837,11927.22,INVOICE_OVERDUE,Bank_A,E23,P002,UPI
E04738,C0297,18950.04,PAYMENT_FAILED,Bank_A,E42,P004,NETBANKING
E04739,C0181,8033.16,INVOICE_OVERDUE,Bank_C,E23,P013,NETBANKING
E04740,C0306,21620.77,INVOICE_OVERDUE,Bank_C,E17,P004,WALLET
E04741,C0512,1374.69,INVOICE_OVERDUE,Bank_A,E42,P011,WALLET
E04742,C0847,1626.32,CHECKOUT_ABANDONED,Bank_A,E11,P010,WALLET
E04743,C0636,8315.48,CHECKOUT_ABANDONED,Bank_D,E17,P013,NETBANKING
E04744,C0677,1405.58,INVOICE_OVERDUE,Bank_C,E23,P011,NETBANKING
E04745,C0429,18266.4,PAYMENT_FAILED,Bank_D,E11,P003,UPI
E04746,C0593,2309.24,CHECKOUT_ABANDONED,Bank_C,E11,P009,UPI
E04747,C0498,5025.1,INVOICE_OVERDUE,Bank_B,E23,P018,UPI
E04748,C0694,1679.09,SUBSCRIPTION_FAILED,Bank_A,E42,P007,CARD
E04749,C0603,20298.19,INVOICE_OVERDUE,Bank_B,E23,P004,CARD
E04750,C0980,19733.83,INVOICE_OVERDUE,Bank_C,E23,P015,NETBANKING
E04751,C0372,18308.61,CHECKOUT_ABANDONED,Bank_A,E42,P009,UPI
E04752,C0518,6067.58,PAYMENT_FAILED,Bank_D,E23,P007,UPI
E04753,C0707,8998.12,INVOICE_OVERDUE,Bank_D,E42,P009,UPI
E04754,C0513,1051.66,CHECKOUT_ABANDONED,Bank_A,E23,P003,UPI
E04755,C0261,5415.79,INVOICE_OVERDUE,Bank_A,E42,P014,CARD
E04756,C0046,2273.15,CHECKOUT_ABANDONED,Bank_C,E23,P018,UPI
E04757,C0973,12496.99,CHECKOUT_ABANDONED,Bank_A,E23,P006,NETBANKING
E04758,C0528,15051.63,INVOICE_OVERDUE,Bank_A,E42,P015,UPI
E04759,C0599,12687.11,PAYMENT_FAILED,Bank_D,E42,P005,NETBANKING
E04760,C0343,15719.24,SUBSCRIPTION_FAILED,Bank_A,E42,P010,NETBANKING
E04761,C0380,19615.58,CHECKOUT_ABANDONED,Bank_A,E17,P010,UPI
E04762,C0397,18502.77,INVOICE_OVERDUE,Bank_B,E17,P004,CARD
E04763,C0583,7431.97,SUBSCRIPTION_FAILED,Bank_A,E17,P009,NETBANKING
E04764,C0999,1709.17,CHECKOUT_ABANDONED,Bank_A,E42,P009,WALLET
E04765,C0507,4190.5,CHECKOUT_ABANDONED,Bank_A,E23,P017,UPI
E04766,C0477,22611.66,PAYMENT_FAILED,Bank_D,E23,P015,NETBANKING
E04767,C0816,21833.43,INVOICE_OVERDUE,Bank_D,E11,P008,CARD
E04768,C0886,21380.93,SUBSCRIPTION_FAILED,Bank_D,E17,P006,NETBANKING
E04769,C0576,647.02,CHECKOUT_ABANDONED,Bank_A,E11,P009,CARD
E04770,C0976,10497.05,CHECKOUT_ABANDONED,Bank_D,E42,P012,UPI
E04771,C0328,6807.33,PAYMENT_FAILED,Bank_D,E42,P020,CARD
E04772,C0315,14278.75,INVOICE_OVERDUE,Bank_B,E42,P015,WALLET
E04773,C0568,7720.8,SUBSCRIPTION_FAILED,Bank_D,E23,P005,NETBANKING
E04774,C0106,22692.74,PAYMENT_FAILED,Bank_D,E42,P016,NETBANKING
E04775,C0955,19877.3,SUBSCRIPTION_FAILED,Bank_A,E42,P010,NETBANKING
E04776,C0149,12110.91,CHECKOUT_ABANDONED,Bank_A,E42,P016,WALLET
E04777,C0806,2539.5,CHECKOUT_ABANDONED,Bank_A,E23,P008,NETBANKING
E04778,C0926,12416.89,INVOICE_OVERDUE,Bank_D,E11,P017,NETBANKING
E04779,C0675,6860.4,SUBSCRIPTION_FAILED,Bank_A,E42,P011,UPI
E04780,C0771,4749.65,INVOICE_OVERDUE,Bank_C,E42,P006,NETBANKING
E04781,C0972,23472.45,CHECKOUT_ABANDONED,Bank_A,E11,P013,CARD
E04782,C0166,4796.97,SUBSCRIPTION_FAILED,Bank_C,E23,P015,WALLET
E04783,C0711,7447.71,INVOICE_OVERDUE,Bank_D,E11,P017,WALLET
E04784,C0098,7733.13,INVOICE_OVERDUE,Bank_C,E23,P006,WALLET
E04785,C0174,18827.64,SUBSCRIPTION_FAILED,Bank_C,E42,P017,CARD
E04786,C0397,17510.21,INVOICE_OVERDUE,Bank_A,E42,P014,CARD
E04787,C0132,6964.69,CHECKOUT_ABANDONED,Bank_A,E23,P018,CARD
E04788,C0642,17582.21,SUBSCRIPTION_FAILED,Bank_C,E42,P020,CARD
E04789,C0245,24070.43,INVOICE_OVERDUE,Bank_B,E17,P007,NETBANKING
E04790,C0852,24005.24,INVOICE_OVERDUE,Bank_A,E42,P016,CARD
E04791,C0074,10467.48,INVOICE_OVERDUE,Bank_B,E17,P009,NETBANKING
E04792,C0802,4572.28,PAYMENT_FAILED,Bank_C,E23,P002,CARD
E04793,C0209,5641.47,PAYMENT_FAILED,Bank_A,E23,P020,CARD
E04794,C0899,22599.47,INVOICE_OVERDUE,Bank_D,E11,P006,WALLET
E04795,C0849,3867.76,INVOICE_OVERDUE,Bank_B,E17,P010,WALLET
E04796,C0458,10356.62,SUBSCRIPTION_FAILED,Bank_C,E17,P002,WALLET
E04797,C0891,7350.52,CHECKOUT_ABANDONED,Bank_A,E11,P005,NETBANKING
E04798,C0248,12052.37,CHECKOUT_ABANDONED,Bank_D,E11,P018,UPI
E04799,C0867,6208.43,INVOICE_OVERDUE,Bank_C,E17,P016,WALLET
E04800,C0031,19032.76,INVOICE_OVERDUE,Bank_C,E42,P010,WALLET
E04801,C0450,1369.34,PAYMENT_FAILED,Bank_C,E17,P009,NETBANKING
E04802,C0256,10834.81,CHECKOUT_ABANDONED,Bank_A,E17,P001,WALLET
E04803,C0353,19162.84,PAYMENT_FAILED,Bank_B,E23,P017,NETBANKING
E04804,C0531,8303.71,CHECKOUT_ABANDONED,Bank_C,E11,P002,WALLET
E04805,C0093,8123.34,INVOICE_OVERDUE,Bank_D,E23,P013,NETBANKING
E04806,C0667,5742.42,INVOICE_OVERDUE,Bank_B,E42,P009,WALLET
E04807,C1000,11580.44,SUBSCRIPTION_FAILED,Bank_C,E11,P012,NETBANKING
E04808,C0913,3499.43,PAYMENT_FAILED,Bank_A,E23,P012,NETBANKING
E04809,C0621,4506.62,PAYMENT_FAILED,Bank_C,E17,P016,NETBANKING
E04810,C0184,2035.1,PAYMENT_FAILED,Bank_A,E11,P004,UPI
E04811,C0658,19300.7,SUBSCRIPTION_FAILED,Bank_B,E17,P006,NETBANKING
E04812,C0103,14946.78,CHECKOUT_ABANDONED,Bank_A,E11,P018,CARD
E04813,C0426,5565.01,CHECKOUT_ABANDONED,Bank_A,E42,P008,CARD
E04814,C0107,22193.83,PAYMENT_FAILED,Bank_D,E11,P003,CARD
E04815,C0938,14770.64,INVOICE_OVERDUE,Bank_A,E23,P003,UPI
E04816,C0516,10130.29,CHECKOUT_ABANDONED,Bank_D,E23,P018,CARD
E04817,C0941,7255.54,CHECKOUT_ABANDONED,Bank_A,E23,P017,NETBANKING
E04818,C0440,3216.84,INVOICE_OVERDUE,Bank_A,E17,P013,CARD
E04819,C0807,11442.8,SUBSCRIPTION_FAILED,Bank_D,E11,P019,WALLET
E04820,C0982,8305.38,PAYMENT_FAILED,Bank_B,E42,P019,CARD
E04821,C0025,11387.4,INVOICE_OVERDUE,Bank_B,E11,P006,WALLET
E04822,C0040,5659.31,SUBSCRIPTION_FAILED,Bank_C,E11,P002,WALLET
E04823,C0238,15072.47,PAYMENT_FAILED,Bank_C,E11,P020,NETBANKING
E04824,C0440,14176.07,CHECKOUT_ABANDONED,Bank_A,E42,P001,UPI
E04825,C0928,10480.89,CHECKOUT_ABANDONED,Bank_C,E42,P014,UPI
E04826,C0573,22145.4,SUBSCRIPTION_FAILED,Bank_D,E23,P013,UPI
E04827,C0574,3390.01,SUBSCRIPTION_FAILED,Bank_A,E23,P015,UPI
E04828,C0297,2893.35,SUBSCRIPTION_FAILED,Bank_D,E23,P001,UPI
E04829,C0802,5754.87,SUBSCRIPTION_FAILED,Bank_D,E17,P015,UPI
E04830,C0764,7340.31,SUBSCRIPTION_FAILED,Bank_A,E17,P012,CARD
E04831,C0364,2898.85,CHECKOUT_ABANDONED,Bank_A,E42,P002,UPI
E04832,C0865,14056.09,SUBSCRIPTION_FAILED,Bank_D,E42,P001,CARD
E04833,C0031,14816.0,SUBSCRIPTION_FAILED,Bank_C,E17,P012,CARD
E04834,C0612,8075.63,SUBSCRIPTION_FAILED,Bank_A,E42,P001,NETBANKING
E04835,C0408,11255.94,INVOICE_OVERDUE,Bank_A,E42,P007,UPI
E04836,C0148,11524.9,INVOICE_OVERDUE,Bank_D,E23,P006,WALLET
E04837,C0636,24299.28,CHECKOUT_ABANDONED,Bank_B,E23,P019,UPI
E04838,C0008,1158.08,CHECKOUT_ABANDONED,Bank_C,E17,P015,NETBANKING
E04839,C0007,20475.87,SUBSCRIPTION_FAILED,Bank_B,E11,P008,CARD
E04840,C0379,12163.04,INVOICE_OVERDUE,Bank_B,E11,P010,WALLET
E04841,C0419,17314.38,PAYMENT_FAILED,Bank_A,E23,P016,NETBANKING
E04842,C0699,21385.46,PAYMENT_FAILED,Bank_D,E23,P005,UPI
E04843,C0095,18445.03,CHECKOUT_ABANDONED,Bank_D,E11,P015,CARD
E04844,C0434,19135.3,PAYMENT_FAILED,Bank_C,E42,P015,CARD
E04845,C0407,24409.34,SUBSCRIPTION_FAILED,Bank_A,E42,P006,NETBANKING
E04846,C0158,13209.77,SUBSCRIPTION_FAILED,Bank_C,E23,P003,UPI
E04847,C0835,17290.58,SUBSCRIPTION_FAILED,Bank_D,E11,P006,NETBANKING
E04848,C0795,6206.66,PAYMENT_FAILED,Bank_C,E42,P010,NETBANKING
E04849,C0920,5547.67,SUBSCRIPTION_FAILED,Bank_C,E17,P014,CARD
E04850,C0691,5315.31,SUBSCRIPTION_FAILED,Bank_A,E42,P010,WALLET
E04851,C0899,7168.88,PAYMENT_FAILED,Bank_D,E11,P017,NETBANKING
E04852,C0417,15964.65,INVOICE_OVERDUE,Bank_C,E17,P003,WALLET
E04853,C0103,4183.58,SUBSCRIPTION_FAILED,Bank_D,E42,P001,NETBANKING
E04854,C0661,3262.99,INVOICE_OVERDUE,Bank_D,E23,P003,WALLET
E04855,C0736,1261.17,CHECKOUT_ABANDONED,Bank_D,E17,P006,CARD
E04856,C0397,11954.6,CHECKOUT_ABANDONED,Bank_C,E17,P019,CARD
E04857,C0182,22987.64,SUBSCRIPTION_FAILED,Bank_C,E23,P013,CARD
E04858,C0146,9989.92,CHECKOUT_ABANDONED,Bank_C,E42,P010,UPI
E04859,C0219,16098.49,INVOICE_OVERDUE,Bank_A,E42,P007,UPI
E04860,C0985,16620.38,CHECKOUT_ABANDONED,Bank_B,E17,P001,NETBANKING
E04861,C0502,20690.43,PAYMENT_FAILED,Bank_A,E42,P010,NETBANKING
E04862,C0091,23184.32,SUBSCRIPTION_FAILED,Bank_D,E23,P003,UPI
E04863,C0910,12880.82,SUBSCRIPTION_FAILED,Bank_D,E23,P015,UPI
E04864,C0798,12690.85,PAYMENT_FAILED,Bank_B,E42,P012,WALLET
E04865,C0701,6004.71,CHECKOUT_ABANDONED,Bank_A,E42,P007,UPI
E04866,C0994,18774.25,PAYMENT_FAILED,Bank_C,E23,P007,CARD
E04867,C0876,4119.84,PAYMENT_FAILED,Bank_A,E23,P003,WALLET
E04868,C0375,605.03,PAYMENT_FAILED,Bank_B,E23,P014,NETBANKING
E04869,C0945,7934.79,CHECKOUT_ABANDONED,Bank_A,E42,P019,WALLET
E04870,C0849,3963.25,INVOICE_OVERDUE,Bank_C,E11,P012,CARD
E04871,C0354,17819.76,CHECKOUT_ABANDONED,Bank_A,E23,P004,CARD
E04872,C0327,2430.96,CHECKOUT_ABANDONED,Bank_A,E42,P012,WALLET
E04873,C0640,24322.3,PAYMENT_FAILED,Bank_D,E11,P007,UPI
E04874,C0281,19274.06,INVOICE_OVERDUE,Bank_A,E42,P009,CARD
E04875,C0544,22906.43,INVOICE_OVERDUE,Bank_A,E42,P019,UPI
E04876,C0858,10161.58,SUBSCRIPTION_FAILED,Bank_A,E42,P007,UPI
E04877,C0700,21891.56,INVOICE_OVERDUE,Bank_C,E17,P006,WALLET
E04878,C0122,20254.23,PAYMENT_FAILED,Bank_B,E23,P010,CARD
E04879,C0079,23573.75,CHECKOUT_ABANDONED,Bank_B,E42,P019,CARD
E04880,C0565,2519.52,INVOICE_OVERDUE,Bank_B,E42,P006,NETBANKING
E04881,C0001,6432.82,INVOICE_OVERDUE,Bank_C,E11,P009,NETBANKING
E04882,C0225,830.68,SUBSCRIPTION_FAILED,Bank_D,E42,P009,NETBANKING
E04883,C0581,4068.76,INVOICE_OVERDUE,Bank_A,E11,P014,CARD
E04884,C0271,16207.24,SUBSCRIPTION_FAILED,Bank_C,E42,P007,UPI
E04885,C0069,4980.92,INVOICE_OVERDUE,Bank_A,E42,P012,WALLET
E04886,C0231,24093.15,INVOICE_OVERDUE,Bank_A,E42,P003,UPI
E04887,C0611,11992.99,INVOICE_OVERDUE,Bank_A,E42,P001,NETBANKING
E04888,C0387,2848.32,SUBSCRIPTION_FAILED,Bank_D,E17,P018,WALLET
E04889,C0496,5914.05,INVOICE_OVERDUE,Bank_A,E42,P012,CARD
E04890,C0076,12310.88,PAYMENT_FAILED,Bank_A,E11,P013,CARD
E04891,C0924,10439.21,INVOICE_OVERDUE,Bank_C,E17,P019,WALLET
E04892,C0019,18519.37,PAYMENT_FAILED,Bank_A,E42,P015,NETBANKING
E04893,C0147,14790.75,SUBSCRIPTION_FAILED,Bank_D,E42,P010,UPI
E04894,C0209,8906.82,INVOICE_OVERDUE,Bank_A,E23,P011,NETBANKING
E04895,C0781,1664.97,PAYMENT_FAILED,Bank_D,E23,P013,WALLET
E04896,C0180,18657.82,INVOICE_OVERDUE,Bank_B,E17,P019,NETBANKING
E04897,C0465,9840.13,SUBSCRIPTION_FAILED,Bank_B,E42,P015,UPI
E04898,C0926,22145.4,INVOICE_OVERDUE,Bank_A,E23,P015,WALLET
E04899,C0459,24116.56,CHECKOUT_ABANDONED,Bank_D,E23,P020,UPI
E04900,C0805,24720.95,PAYMENT_FAILED,Bank_B,E11,P008,NETBANKING
E04901,C0736,19165.35,INVOICE_OVERDUE,Bank_D,E42,P004,CARD
E04902,C0440,12222.37,SUBSCRIPTION_FAILED,Bank_C,E17,P015,CARD
E04903,C0409,19255.16,INVOICE_OVERDUE,Bank_A,E42,P016,CARD
E04904,C0023,2018.85,INVOICE_OVERDUE,Bank_B,E23,P002,CARD
E04905,C0417,11118.32,INVOICE_OVERDUE,Bank_A,E17,P016,CARD
E04906,C0106,22920.97,PAYMENT_FAILED,Bank_A,E42,P012,CARD
E04907,C0155,8868.46,PAYMENT_FAILED,Bank_A,E42,P007,WALLET
E04908,C0259,5839.54,SUBSCRIPTION_FAILED,Bank_B,E11,P014,UPI
E04909,C0433,5255.54,SUBSCRIPTION_FAILED,Bank_A,E42,P006,NETBANKING
E04910,C0654,3813.4,INVOICE_OVERDUE,Bank_B,E42,P001,WALLET
E04911,C0988,13639.44,INVOICE_OVERDUE,Bank_C,E42,P006,WALLET
E04912,C0208,11077.72,PAYMENT_FAILED,Bank_C,E42,P006,UPI
E04913,C0001,9022.5,SUBSCRIPTION_FAILED,Bank_A,E42,P007,CARD
E04914,C0635,19488.16,INVOICE_OVERDUE,Bank_A,E17,P009,WALLET
E04915,C0372,18644.59,CHECKOUT_ABANDONED,Bank_C,E23,P004,UPI
E04916,C0715,6849.13,CHECKOUT_ABANDONED,Bank_C,E11,P006,UPI
E04917,C0541,23398.35,INVOICE_OVERDUE,Bank_C,E23,P011,UPI
E04918,C0155,18201.64,INVOICE_OVERDUE,Bank_B,E17,P008,WALLET
E04919,C0280,13026.09,CHECKOUT_ABANDONED,Bank_A,E23,P018,WALLET
E04920,C0429,17085.47,PAYMENT_FAILED,Bank_C,E11,P009,UPI
E04921,C0686,15562.22,CHECKOUT_ABANDONED,Bank_B,E23,P019,NETBANKING
E04922,C0944,7374.32,INVOICE_OVERDUE,Bank_C,E17,P009,NETBANKING
E04923,C0596,10596.75,SUBSCRIPTION_FAILED,Bank_A,E42,P011,NETBANKING
E04924,C0579,11489.94,SUBSCRIPTION_FAILED,Bank_C,E11,P005,NETBANKING
E04925,C0749,14155.6,SUBSCRIPTION_FAILED,Bank_A,E42,P001,NETBANKING
E04926,C0376,23030.72,INVOICE_OVERDUE,Bank_A,E23,P015,WALLET
E04927,C0389,1907.76,INVOICE_OVERDUE,Bank_D,E23,P009,UPI
E04928,C0283,13114.68,CHECKOUT_ABANDONED,Bank_B,E23,P014,NETBANKING
E04929,C0626,21881.9,SUBSCRIPTION_FAILED,Bank_C,E11,P006,UPI
E04930,C0460,8399.34,PAYMENT_FAILED,Bank_C,E11,P008,UPI
E04931,C0399,4586.64,PAYMENT_FAILED,Bank_B,E23,P020,NETBANKING
E04932,C0420,6060.12,PAYMENT_FAILED,Bank_D,E23,P003,NETBANKING
E04933,C0424,23143.25,PAYMENT_FAILED,Bank_D,E23,P018,NETBANKING
E04934,C0977,19982.11,PAYMENT_FAILED,Bank_A,E42,P019,WALLET
E04935,C0366,21317.23,INVOICE_OVERDUE,Bank_D,E23,P019,CARD
E04936,C0451,18701.27,CHECKOUT_ABANDONED,Bank_D,E23,P020,CARD
E04937,C0049,18419.84,PAYMENT_FAILED,Bank_C,E23,P011,UPI
E04938,C0927,12273.7,CHECKOUT_ABANDONED,Bank_D,E11,P011,UPI
E04939,C0573,4144.83,INVOICE_OVERDUE,Bank_C,E11,P004,CARD
E04940,C0300,6596.37,CHECKOUT_ABANDONED,Bank_C,E42,P015,NETBANKING
E04941,C0282,16030.34,INVOICE_OVERDUE,Bank_B,E11,P007,WALLET
E04942,C0948,17536.77,SUBSCRIPTION_FAILED,Bank_C,E42,P015,CARD
E04943,C0434,20029.07,INVOICE_OVERDUE,Bank_A,E42,P002,NETBANKING
E04944,C0636,17711.24,CHECKOUT_ABANDONED,Bank_A,E42,P010,NETBANKING
E04945,C0838,7774.47,CHECKOUT_ABANDONED,Bank_D,E23,P008,UPI
E04946,C0472,19248.31,PAYMENT_FAILED,Bank_A,E42,P003,CARD
E04947,C0614,21474.19,INVOICE_OVERDUE,Bank_A,E42,P003,CARD
E04948,C0544,23372.42,INVOICE_OVERDUE,Bank_A,E42,P008,NETBANKING
E04949,C0089,20527.43,INVOICE_OVERDUE,Bank_A,E42,P015,NETBANKING
E04950,C0555,17000.75,PAYMENT_FAILED,Bank_B,E11,P018,UPI
E04951,C0104,15945.22,SUBSCRIPTION_FAILED,Bank_D,E23,P002,WALLET
E04952,C0567,9729.51,CHECKOUT_ABANDONED,Bank_C,E11,P010,WALLET
E04953,C0117,17749.4,SUBSCRIPTION_FAILED,Bank_A,E42,P008,WALLET
E04954,C0755,8884.54,INVOICE_OVERDUE,Bank_A,E42,P002,UPI
E04955,C0805,23848.6,SUBSCRIPTION_FAILED,Bank_C,E11,P002,WALLET
E04956,C0918,12117.64,INVOICE_OVERDUE,Bank_A,E42,P010,UPI
E04957,C0863,14675.61,PAYMENT_FAILED,Bank_B,E42,P009,WALLET
E04958,C0293,5558.27,PAYMENT_FAILED,Bank_C,E17,P005,CARD
E04959,C0960,8052.43,PAYMENT_FAILED,Bank_A,E11,P015,WALLET
E04960,C0121,17886.63,PAYMENT_FAILED,Bank_A,E42,P014,NETBANKING
E04961,C0330,13152.04,PAYMENT_FAILED,Bank_A,E42,P001,CARD
E04962,C0037,23159.92,INVOICE_OVERDUE,Bank_C,E23,P004,UPI
E04963,C0614,18633.69,CHECKOUT_ABANDONED,Bank_A,E42,P007,WALLET
E04964,C0307,19625.91,PAYMENT_FAILED,Bank_A,E23,P007,UPI
E04965,C0125,6132.39,CHECKOUT_ABANDONED,Bank_C,E23,P009,UPI
E04966,C0274,13258.97,INVOICE_OVERDUE,Bank_B,E17,P017,CARD
E04967,C0924,15507.49,INVOICE_OVERDUE,Bank_A,E42,P017,CARD
E04968,C0804,23312.88,SUBSCRIPTION_FAILED,Bank_A,E17,P007,WALLET
E04969,C0129,3448.99,SUBSCRIPTION_FAILED,Bank_A,E42,P014,UPI
E04970,C0792,2986.54,INVOICE_OVERDUE,Bank_D,E17,P004,NETBANKING
E04971,C0422,9944.27,PAYMENT_FAILED,Bank_A,E42,P015,NETBANKING
E04972,C0428,3785.82,SUBSCRIPTION_FAILED,Bank_A,E42,P004,CARD
E04973,C0575,18985.78,SUBSCRIPTION_FAILED,Bank_D,E17,P009,CARD
E04974,C0349,19037.43,SUBSCRIPTION_FAILED,Bank_D,E11,P016,NETBANKING
E04975,C0082,11017.58,SUBSCRIPTION_FAILED,Bank_C,E11,P009,UPI
E04976,C0617,10867.21,SUBSCRIPTION_FAILED,Bank_B,E23,P015,UPI
E04977,C0411,13071.5,SUBSCRIPTION_FAILED,Bank_C,E42,P014,NETBANKING
E04978,C0019,4103.29,CHECKOUT_ABANDONED,Bank_D,E11,P016,UPI
E04979,C0889,10237.11,PAYMENT_FAILED,Bank_B,E23,P007,NETBANKING
E04980,C0223,22276.73,PAYMENT_FAILED,Bank_A,E11,P002,CARD
E04981,C0247,6397.52,CHECKOUT_ABANDONED,Bank_D,E42,P020,NETBANKING
E04982,C0246,10948.34,PAYMENT_FAILED,Bank_D,E42,P013,WALLET
E04983,C0923,23887.99,INVOICE_OVERDUE,Bank_A,E23,P019,UPI
E04984,C0353,15392.31,SUBSCRIPTION_FAILED,Bank_A,E42,P019,NETBANKING
E04985,C0297,22746.28,PAYMENT_FAILED,Bank_D,E42,P020,WALLET
E04986,C0939,16607.55,CHECKOUT_ABANDONED,Bank_A,E42,P006,UPI
E04987,C0199,15100.71,PAYMENT_FAILED,Bank_A,E42,P006,NETBANKING
E04988,C0527,24002.06,INVOICE_OVERDUE,Bank_C,E17,P005,WALLET
E04989,C0759,604.74,INVOICE_OVERDUE,Bank_A,E17,P002,WALLET
E04990,C0648,4390.99,SUBSCRIPTION_FAILED,Bank_A,E17,P003,CARD
E04991,C0244,9249.37,CHECKOUT_ABANDONED,Bank_B,E23,P020,CARD
E04992,C0616,7365.04,SUBSCRIPTION_FAILED,Bank_A,E23,P003,CARD
E04993,C0341,9565.67,CHECKOUT_ABANDONED,Bank_B,E42,P008,UPI
E04994,C0872,4483.11,CHECKOUT_ABANDONED,Bank_C,E17,P018,CARD
E04995,C0482,11284.26,CHECKOUT_ABANDONED,Bank_B,E42,P014,NETBANKING
E04996,C0256,12550.06,SUBSCRIPTION_FAILED,Bank_D,E42,P006,CARD
E04997,C0233,10563.7,INVOICE_OVERDUE,Bank_A,E23,P008,UPI
E04998,C0436,5758.2,PAYMENT_FAILED,Bank_B,E42,P015,WALLET
E04999,C0946,7444.33,SUBSCRIPTION_FAILED,Bank_B,E42,P016,NETBANKING
E05000,C0781,4120.03,CHECKOUT_ABANDONED,Bank_A,E42,P006,CARD
